stage,time_s,element,integration_point,x_m,y_m,z_m,temperature_k,s11_pa,s22_pa,s33_pa,s12_pa,s13_pa,s23_pa,le11,le22,le33,le12_engineering,le13_engineering,le23_engineering,ee11,ee22,ee33,ee12_engineering,ee13_engineering,ee23_engineering,pe11,pe22,pe33,pe12_engineering,pe13_engineering,pe23_engineering,peeq,ce11,ce22,ce33,ce12_engineering,ce13_engineering,ce23_engineering,ceeq,ivol_m3
1,0.001,1,1,0.2115784552436712,0.211324865405185,0.2111992657534232,600,227109024.6133536,75270887.05276726,1.9073486328125e-06,-4.517774254318886e-26,-1.501372510244196e-09,3.431708594843877e-09,0.001199280575482187,0,-0.0005945206259200135,0,0,0,0.001022638792487614,3.569089834380313e-05,-0.000453569867499172,-5.873106530614554e-37,-1.951784263317456e-20,4.461221173297041e-20,0.0001765655665242557,-3.567552765288343e-05,-0.0001408900388713724,-1.262999357588072e-37,-4.197271508478003e-21,9.593763447949721e-21,0.0001867228706015412,7.607272908561579e-08,-1.537069091980269e-08,-6.070203816581313e-08,-5.441593729539855e-41,-1.808381467851816e-24,4.133443355089865e-24,8.044897218058761e-08,0.1250756178567163
1,0.001,1,2,0.789621544756329,0.2113248654051851,0.2111992657534232,600,227109024.6133536,75270887.05276728,1.862645149230957e-06,-1.210533964164773e-26,1.930336084599681e-09,4.289635743554848e-10,0.001199280575482187,0,-0.0005945206259200135,0,0,0,0.001022638792487615,3.569089834380309e-05,-0.0004535698674991722,-1.573694153414204e-37,2.509436909979586e-20,5.576526466621302e-21,0.0001765655665242556,-3.567552765288336e-05,-0.0001408900388713723,-3.384196582237487e-38,5.396491939471713e-21,1.199220430993714e-21,0.000186722870601541,7.607272908561581e-08,-1.537069091980268e-08,-6.070203816581315e-08,-1.458070646734243e-41,2.325061887238049e-24,5.166804193862333e-25,8.044897218058761e-08,0.1250756178567162
1,0.001,1,3,0.2115784552436712,0.7886751345948151,0.2111992657534232,600,227109024.6133536,75270887.05276726,1.9073486328125e-06,-4.517774254337334e-26,-2.573781446132909e-09,3.431708594843877e-09,0.001199280575482187,0,-0.0005945206259200135,0,0,0,0.001022638792487614,3.569089834380309e-05,-0.0004535698674991719,-5.873106530638534e-37,-3.345915879972781e-20,4.461221173297041e-20,0.0001765655665242557,-3.567552765288343e-05,-0.0001408900388713724,-1.262999357593229e-37,-7.195322585962291e-21,9.593763447949721e-21,0.0001867228706015412,7.607272908561579e-08,-1.537069091980269e-08,-6.070203816581313e-08,-5.441593729562075e-41,-3.100082516317399e-24,4.133443355089865e-24,8.044897218058761e-08,0.1250756178567163
1,0.001,1,4,0.789621544756329,0.7886751345948151,0.2111992657534231,600,227109024.6133536,75270887.05276726,1.9073486328125e-06,-1.210533964183219e-26,4.289635743554846e-09,4.289635743554847e-10,0.001199280575482187,0,-0.0005945206259200135,0,0,0,0.001022638792487614,3.569089834380313e-05,-0.000453569867499172,-1.573694153438185e-37,5.576526466621302e-20,5.576526466621301e-21,0.0001765655665242557,-3.567552765288343e-05,-0.0001408900388713724,-3.38419658228906e-38,1.199220430993715e-20,1.199220430993715e-21,0.0001867228706015412,7.607272908561579e-08,-1.537069091980269e-08,-6.070203816581313e-08,-1.458070646756461e-41,5.166804193862331e-24,5.166804193862332e-25,8.044897218058761e-08,0.1250756178567162
1,0.001,1,5,0.2115784552436712,0.211324865405185,0.7882063903130268,600,227109024.6133536,75270887.05276726,1.9073486328125e-06,-1.686056304690242e-25,-8.579271487109694e-10,6.863417189687755e-09,0.001199280575482187,0,-0.0005945206259200135,0,0,0,0.001022638792487614,3.569089834380313e-05,-0.000453569867499172,-2.191873196097315e-36,-1.11530529332426e-20,8.922442346594082e-20,0.0001765655665242557,-3.567552765288343e-05,-0.0001408900388713724,-4.71357777039292e-37,-2.39844086198743e-21,1.918752689589944e-20,0.0001867228706015412,7.607272908561579e-08,-1.537069091980269e-08,-6.070203816581313e-08,-2.030830426394731e-40,-1.033360838772466e-24,8.266886710179731e-24,8.044897218058761e-08,0.1250756178567162
1,0.001,1,6,0.789621544756329,0.211324865405185,0.7882063903130269,600,227109024.6133536,75270887.05276728,1.862645149230957e-06,-4.517774251208276e-26,2.573781446132909e-09,4.289635743554848e-09,0.001199280575482187,0,-0.0005945206259200135,0,0,0,0.001022638792487615,3.569089834380309e-05,-0.0004535698674991722,-5.87310652657076e-37,3.345915879972781e-20,5.576526466621303e-20,0.0001765655665242556,-3.567552765288336e-05,-0.0001408900388713723,-1.262999356718462e-37,7.195322585962285e-21,1.199220430993714e-20,0.000186722870601541,7.607272908561581e-08,-1.537069091980268e-08,-6.070203816581315e-08,-5.44159372579317e-41,3.1000825163174e-24,5.166804193862332e-24,8.044897218058761e-08,0.1250756178567162
1,0.001,1,7,0.2115784552436713,0.7886751345948151,0.7882063903130268,600,227109024.6133536,75270887.05276726,1.9073486328125e-06,-1.686056304694396e-25,-1.029512578453163e-08,3.431708594843877e-09,0.001199280575482187,0,-0.0005945206259200135,0,0,0,0.001022638792487614,3.569089834380313e-05,-0.000453569867499172,-2.191873196102715e-36,-1.338366351989112e-19,4.461221173297041e-20,0.0001765655665242557,-3.567552765288343e-05,-0.0001408900388713724,-4.713577770404531e-37,-2.878129034384916e-20,9.593763447949721e-21,0.0001867228706015412,7.607272908561579e-08,-1.537069091980269e-08,-6.070203816581313e-08,-2.030830426399734e-40,-1.24003300652696e-23,4.133443355089865e-24,8.044897218058761e-08,0.1250756178567162
1,0.001,1,8,0.789621544756329,0.7886751345948151,0.7882063903130268,600,227109024.6133536,75270887.05276726,1.9073486328125e-06,-4.517774251249808e-26,3.431708594843877e-09,4.289635743554846e-09,0.001199280575482187,0,-0.0005945206259200135,0,0,0,0.001022638792487614,3.569089834380313e-05,-0.000453569867499172,-5.87310652662475e-37,4.461221173297041e-20,5.576526466621302e-20,0.0001765655665242557,-3.567552765288343e-05,-0.0001408900388713724,-1.262999356730074e-37,9.593763447949721e-21,1.199220430993715e-20,0.0001867228706015412,7.607272908561579e-08,-1.537069091980269e-08,-6.070203816581313e-08,-5.441593725843196e-41,4.133443355089865e-24,5.166804193862331e-24,8.044897218058761e-08,0.1250756178567162
2,0.002,1,1,0.2116735514331036,0.211324865405185,0.2111116470163874,600,230526275.1146302,89058987.76713689,3.334879875183105e-05,-4.706719125053553e-25,1.711933700125262e-09,4.200249581309086e-09,0.00164864024552437,0,-0.001009469591923621,0,0,0,0.001019042893922395,9.950552616368934e-05,-0.0004793778943224839,-6.118734862569619e-36,2.22551381016284e-20,5.460324455701812e-20,0.0006294457180954433,-9.947953141161488e-05,-0.0005299661866838285,-3.562628011141438e-36,8.322854543893922e-21,4.027937324335669e-20,0.0006769960130975491,1.514822040813608e-07,-2.599475207456976e-08,-1.25487452006791e-07,-6.261359038041462e-40,2.80336214721005e-25,9.244062177719931e-24,1.620847872011241e-07,0.1250799218708364
2,0.002,1,2,0.7899764485668964,0.2113248654051851,0.2111116470163874,600,230526275.1146302,89058987.76713689,3.334879875183105e-05,-1.261167310574495e-25,4.40877091194516e-09,6.084994490563484e-10,0.00164864024552437,0,-0.001009469591923621,0,0,0,0.001019042893922396,9.950552616368928e-05,-0.0004793778943224841,-1.639517503746844e-36,5.731402185528709e-20,7.910492837732528e-21,0.0006294457180954432,-9.947953141161483e-05,-0.0005299661866838284,-9.546099767193797e-37,3.761282965452783e-20,5.644805839438435e-21,0.0006769960130975489,1.514822040813608e-07,-2.599475207456975e-08,-1.25487452006791e-07,-1.677743822058068e-40,7.692560267050497e-24,1.257107242993836e-24,1.620847872011241e-07,0.1250799218708364
2,0.002,1,3,0.2116735514331036,0.7886751345948151,0.2111116470163874,600,230526275.1146302,89058987.76713693,3.340840339660645e-05,-4.706058023661769e-25,-1.647758660912993e-09,4.200249581309088e-09,0.00164864024552437,0,-0.001009469591923621,0,0,0,0.001019042893922396,9.950552616368934e-05,-0.000479377894322484,-6.1178754307603e-36,-2.142086259186891e-20,5.460324455701815e-20,0.0006294457180954429,-9.947953141161491e-05,-0.0005299661866838281,-3.561856414963279e-36,-1.923161462017826e-20,4.027937324335667e-20,0.0006769960130975486,1.514822040813607e-07,-2.599475207456978e-08,-1.25487452006791e-07,-6.259311147739564e-40,-5.104256159270754e-24,9.244062177719932e-24,1.620847872011241e-07,0.1250799218708364
2,0.002,1,4,0.7899764485668964,0.7886751345948151,0.2111116470163874,600,230526275.1146302,89058987.76713693,3.340840339660645e-05,-1.261092722322658e-25,5.41200130917984e-09,6.084994490563485e-10,0.00164864024552437,0,-0.001009469591923621,0,0,0,0.001019042893922396,9.950552616368935e-05,-0.000479377894322484,-1.639420539019455e-36,7.035601701933793e-20,7.910492837732531e-21,0.0006294457180954429,-9.947953141161491e-05,-0.0005299661866838281,-9.545229222125668e-37,5.150774321352139e-20,5.644805839438432e-21,0.0006769960130975486,1.514822040813607e-07,-2.599475207456978e-08,-1.25487452006791e-07,-1.677512771429409e-40,1.174202252306097e-23,1.257107242993836e-24,1.620847872011241e-07,0.1250799218708364
2,0.002,1,5,0.2116735514331036,0.211324865405185,0.7878793927347143,600,230526275.1146302,89058987.76713689,3.334879875183105e-05,-1.756740466074459e-24,6.969807580866638e-09,9.735991184901572e-09,0.00164864024552437,0,-0.001009469591923621,0,0,0,0.001019042893922395,9.950552616368934e-05,-0.0004793778943224839,-2.283762605896797e-35,9.060749855126627e-20,1.265678854037204e-19,0.0006294457180954433,-9.947953141161488e-05,-0.0005299661866838285,-1.329788091703198e-35,4.855977911148652e-20,9.031689343101497e-20,0.0006769960130975491,1.514822040813608e-07,-2.599475207456976e-08,-1.25487452006791e-07,-2.337294438806102e-39,7.463963026493479e-24,2.011371588790137e-23,1.620847872011241e-07,0.1250799218708364
2,0.002,1,6,0.7899764485668964,0.211324865405185,0.7878793927347143,600,230526275.1146302,89058987.76713689,3.334879875183105e-05,-4.70847813595163e-25,9.666644792686536e-09,4.081756457138385e-09,0.00164864024552437,0,-0.001009469591923621,0,0,0,0.001019042893922396,9.950552616368928e-05,-0.0004793778943224841,-6.12102157673712e-36,1.25666382304925e-19,5.3062833942799e-20,0.0006294457180954432,-9.947953141161483e-05,-0.0005299661866838284,-3.564681019531184e-36,7.784975422212041e-20,4.1810837977932e-20,0.0006769960130975489,1.514822040813608e-07,-2.599475207456975e-08,-1.25487452006791e-07,-6.26680792086702e-40,1.487618707882297e-23,1.01326851312461e-23,1.620847872011241e-07,0.1250799218708364
2,0.002,1,7,0.2116735514331035,0.7886751345948151,0.7878793927347143,600,230526275.1146301,89058987.76713684,3.328919410705566e-05,-1.756167091686867e-24,-4.583849984708696e-09,7.538979637017584e-09,0.00164864024552437,0,-0.001009469591923621,0,0,0,0.001019042893922395,9.950552616368923e-05,-0.0004793778943224838,-2.283017219192927e-35,-5.959004980121305e-20,9.800673528122859e-20,0.0006294457180954433,-9.947953141161483e-05,-0.0005299661866838285,-1.329118884793051e-35,-6.224317550496966e-20,6.467474060411061e-20,0.0006769960130975491,1.514822040813608e-07,-2.599475207456975e-08,-1.25487452006791e-07,-2.335518299112878e-39,-1.796641189052188e-23,1.33080410088737e-23,1.620847872011241e-07,0.1250799218708364
2,0.002,1,8,0.7899764485668964,0.7886751345948151,0.7878793927347143,600,230526275.1146301,89058987.76713684,3.328919410705566e-05,-4.70669074292558e-25,7.536367299733325e-09,4.081756457138385e-09,0.00164864024552437,0,-0.001009469591923621,0,0,0,0.001019042893922395,9.950552616368923e-05,-0.0004793778943224838,-6.118697965803255e-36,9.797277489653324e-20,5.306283394279899e-20,0.0006294457180954433,-9.947953141161483e-05,-0.0005299661866838285,-3.562594885783058e-36,6.46442510275115e-20,4.1810837977932e-20,0.0006769960130975491,1.514822040813608e-07,-2.599475207456975e-08,-1.25487452006791e-07,-6.261271120964639e-40,1.329994878093428e-23,1.013268513124609e-23,1.620847872011241e-07,0.1250799218708364
3,0.003,1,1,0.2117686476225359,0.211324865405185,0.2110217764111471,600,232744491.83674,98523477.28999995,3.097951412200928e-05,-2.944472331014847e-25,-2.236323658287017e-09,2.677331994356855e-09,0.00209779808214612,0,-0.001435262014937152,0,0,0,0.001015937243248654,0.0001435006486948432,-0.0004969019536899552,-3.827814030319301e-36,-2.907220755773121e-20,3.480531592663911e-20,0.001081634068849537,-0.000143467345572151,-0.0009381667232773866,-5.738316870202392e-36,-8.289790265384736e-21,6.007401308644357e-20,0.001175685569453403,2.266111942221902e-07,-3.330312269241596e-08,-1.933080715297743e-07,-9.875363277179849e-40,-2.485492427437321e-24,1.253284946985713e-23,2.449397362512559e-07,0.1250828444490885
3,0.003,1,2,0.7903313523774641,0.2113248654051851,0.2110217764111471,600,232744491.83674,98523477.28999993,3.090500831604004e-05,-7.900562750932978e-26,1.462182062874232e-10,3.878588491757547e-09,0.00209779808214612,0,-0.001435262014937152,0,0,0,0.001015937243248654,0.0001435006486948432,-0.0004969019536899555,-1.027073157621287e-36,1.900836681736499e-21,5.04216503928481e-20,0.001081634068849537,-0.0001434673455721509,-0.0009381667232773866,-1.539859892228233e-36,3.859960449345245e-20,3.435146891979804e-20,0.001175685569453403,2.266111942221902e-07,-3.330312269241594e-08,-1.933080715297743e-07,-2.650508272303553e-40,7.849650294103144e-24,6.028575762758126e-24,2.449397362512559e-07,0.1250828444490885
3,0.003,1,3,0.2117686476225359,0.7886751345948151,0.2110217764111471,600,232744491.83674,98523477.28999987,3.091990947723389e-05,-2.94495804647454e-25,-2.379345603665236e-09,2.677331994356856e-09,0.00209779808214612,0,-0.001435262014937152,0,0,0,0.001015937243248654,0.0001435006486948432,-0.0004969019536899554,-3.8284454604169e-36,-3.093149284764807e-20,3.480531592663912e-20,0.001081634068849537,-0.0001434673455721509,-0.0009381667232773863,-5.739269102112735e-36,-3.682311593045913e-20,6.007401308644356e-20,0.001175685569453403,2.266111942221902e-07,-3.330312269241597e-08,-1.933080715297743e-07,-9.877044041257283e-40,-8.027002236869731e-24,1.253284946985713e-23,2.449397362512559e-07,0.1250828444490885
3,0.003,1,4,0.7903313523774641,0.7886751345948151,0.2110217764111471,600,232744491.83674,98523477.28999999,3.099441528320312e-05,-7.90262758248965e-26,5.438292419153979e-09,3.878588491757546e-09,0.00209779808214612,0,-0.001435262014937152,0,0,0,0.001015937243248654,0.0001435006486948432,-0.0004969019536899552,-1.027341585723654e-36,7.069780144900171e-20,5.04216503928481e-20,0.001081634068849537,-0.0001434673455721509,-0.0009381667232773864,-1.54045845023994e-36,9.163675820105171e-20,3.435146891979805e-20,0.001175685569453403,2.266111942221901e-07,-3.330312269241597e-08,-1.933080715297743e-07,-2.652057566105793e-40,1.84035565989816e-23,6.028575762758123e-24,2.449397362512559e-07,0.1250828444490885
3,0.003,1,5,0.2117686476225359,0.211324865405185,0.7875439910698505,600,232744491.83674,98523477.28999995,3.097951412200928e-05,-1.098377175921514e-24,-8.867482742643451e-09,3.546341872831128e-09,0.00209779808214612,0,-0.001435262014937152,0,0,0,0.001015937243248654,0.0001435006486948432,-0.0004969019536899552,-1.427890328697969e-35,-1.152772756543649e-19,4.610244434680465e-20,0.001081634068849537,-0.000143467345572151,-0.0009381667232773866,-2.140539831915096e-35,-1.731550414018622e-20,1.165131515385421e-19,0.001175685569453403,2.266111942221902e-07,-3.330312269241596e-08,-1.933080715297743e-07,-3.683668777119728e-39,-3.503768791398362e-24,2.44645860423759e-23,2.449397362512559e-07,0.1250828444490885
3,0.003,1,6,0.7903313523774642,0.211324865405185,0.7875439910698505,600,232744491.83674,98523477.28999993,3.090500831604004e-05,-2.949046572662777e-25,-6.484940878069011e-09,1.257528037781868e-08,0.00209779808214612,0,-0.001435262014937152,0,0,0,0.001015937243248654,0.0001435006486948432,-0.0004969019536899555,-3.833760544461609e-36,-8.430423141489712e-20,1.634786449116428e-19,0.001081634068849537,-0.0001434673455721509,-0.0009381667232773866,-5.747056739744124e-36,2.957389061865095e-20,1.348726798284429e-19,0.001175685569453403,2.266111942221902e-07,-3.330312269241594e-08,-1.933080715297743e-07,-9.890210414031927e-40,6.8313739301421e-24,2.560016290499444e-23,2.449397362512559e-07,0.1250828444490885
3,0.003,1,7,0.2117686476225359,0.7886751345948151,0.7875439910698505,600,232744491.83674,98523477.28999986,3.090500831604004e-05,-1.098842547710238e-24,-5.583885830814551e-09,4.805512385933309e-09,0.00209779808214612,0,-0.001435262014937152,0,0,0,0.001015937243248654,0.0001435006486948431,-0.0004969019536899555,-1.428495312023309e-35,-7.259051580058917e-20,6.247166101713303e-20,0.001081634068849537,-0.0001434673455721509,-0.0009381667232773863,-2.141394452336582e-35,-1.035900403822198e-19,1.002039118617429e-19,0.001175685569453403,2.266111942221902e-07,-3.330312269241595e-08,-1.933080715297742e-07,-3.685030421757617e-39,-2.484057308860374e-23,1.921104747216511e-23,2.449397362512559e-07,0.1250828444490885
3,0.003,1,8,0.7903313523774642,0.7886751345948151,0.7875439910698505,600,232744491.83674,98523477.28999986,3.090500831604004e-05,-2.948828124995168e-25,4.795881452922915e-09,1.257528037781868e-08,0.00209779808214612,0,-0.001435262014937152,0,0,0,0.001015937243248654,0.0001435006486948431,-0.0004969019536899555,-3.833476562493718e-36,6.234645888799791e-20,1.634786449116429e-19,0.001081634068849537,-0.0001434673455721509,-0.0009381667232773863,-5.747164251158041e-36,9.997651306206341e-20,1.348726798284428e-19,0.001175685569453403,2.266111942221902e-07,-3.330312269241595e-08,-1.933080715297742e-07,-9.891762861122193e-40,1.916109566608649e-23,2.560016290499443e-23,2.449397362512559e-07,0.1250828444490885
4,0.004,1,1,0.2118637438119683,0.211324865405185,0.2109305055633205,600,234398220.4846544,105041748.1620689,2.776086330413818e-05,-1.674913357922875e-25,2.368969374057249e-10,3.03117765440453e-09,0.002546754266575944,0,-0.001867874199533004,0,0,0,0.001014428480180127,0.000173611410083321,-0.0005091599529699462,-2.177387365299737e-36,3.079660186274424e-21,3.940530950725889e-20,0.001532023793983504,-0.000173573079320526,-0.001358450714662978,-6.983608524312214e-36,-6.488819724165033e-21,8.261421173218283e-20,0.001679269983513107,3.018260175156291e-07,-3.833076279528422e-08,-2.634952547203449e-07,-1.195532295932813e-39,-2.183051953247427e-24,1.629778930505113e-23,3.290380417922276e-07,0.125084888819784
4,0.004,1,2,0.7906862561880319,0.2113248654051851,0.2109305055633205,600,234398220.4846544,105041748.1620688,2.773106098175049e-05,-4.496607772310567e-26,2.084111222523406e-09,2.965824901434276e-09,0.002546754266575944,0,-0.001867874199533004,0,0,0,0.001014428480180127,0.000173611410083321,-0.0005091599529699462,-5.845590104003737e-37,2.709344589280427e-20,3.855572371864559e-20,0.001532023793983504,-0.0001735730793205258,-0.001358450714662979,-1.874475865380411e-36,5.41098673164083e-20,5.639269838137399e-20,0.001679269983513107,3.018260175156291e-07,-3.83307627952842e-08,-2.63495254720345e-07,-3.209466378051116e-40,1.044097482857477e-23,9.709725712165094e-24,3.290380417922276e-07,0.1250848888197839
4,0.004,1,3,0.2118637438119683,0.7886751345948151,0.2109305055633205,600,234398220.4846544,105041748.1620688,2.770125865936279e-05,-1.67492124440943e-25,-8.516521023359902e-10,3.031177654404531e-09,0.002546754266575944,0,-0.001867874199533004,0,0,0,0.001014428480180127,0.000173611410083321,-0.0005091599529699465,-2.177397617732259e-36,-1.107147733036787e-20,3.94053095072589e-20,0.001532023793983504,-0.0001735730793205259,-0.001358450714662978,-6.98316157688751e-36,-4.317742389664693e-20,8.261421173218283e-20,0.001679269983513107,3.018260175156291e-07,-3.833076279528423e-08,-2.634952547203449e-07,-1.195413801435471e-39,-9.089287612133917e-24,1.629778930505113e-23,3.290380417922276e-07,0.125084888819784
4,0.004,1,4,0.7906862561880319,0.7886751345948151,0.2109305055633205,600,234398220.4846544,105041748.1620689,2.776086330413818e-05,-4.491269339804919e-26,6.109855557203157e-09,2.965824901434277e-09,0.002546754266575944,0,-0.001867874199533004,0,0,0,0.001014428480180127,0.0001736114100833211,-0.0005091599529699462,-5.838650141746393e-37,7.942812224364101e-20,3.855572371864559e-20,0.001532023793983504,-0.0001735730793205259,-0.001358450714662978,-1.87378301817348e-36,1.369174610966155e-19,5.639269838137399e-20,0.001679269983513107,3.01826017515629e-07,-3.833076279528423e-08,-2.63495254720345e-07,-3.208846174978396e-40,2.596092926435369e-23,9.709725712165091e-24,3.290380417922276e-07,0.1250848888197839
4,0.004,1,5,0.2118637438119683,0.211324865405185,0.7872033636285116,600,234398220.4846544,105041748.1620688,2.773106098175049e-05,-6.248805426743439e-25,3.571963944145498e-12,2.256577186978461e-09,0.002546754266575944,0,-0.001867874199533004,0,0,0,0.001014428480180127,0.0001736114100833211,-0.0005091599529699461,-8.123447054766472e-36,4.643553127387568e-23,2.933550343071999e-20,0.001532023793983504,-0.000173573079320526,-0.001358450714662979,-2.605542281598376e-35,-1.708366743538138e-20,1.332772928527347e-19,0.001679269983513107,3.018260175156291e-07,-3.833076279528422e-08,-2.634952547203449e-07,-4.460558514290322e-39,-3.45665501253776e-24,2.726418793435554e-23,3.290380417922276e-07,0.1250848888197839
4,0.004,1,6,0.7906862561880319,0.211324865405185,0.7872033636285116,600,234398220.4846544,105041748.1620688,2.768635749816895e-05,-1.681359821297123e-25,1.850786249061827e-09,8.665572833110972e-09,0.002546754266575944,0,-0.001867874199533004,0,0,0,0.001014428480180127,0.000173611410083321,-0.0005091599529699461,-2.185767767686259e-36,2.406022123780374e-20,1.126524468304426e-19,0.001532023793983504,-0.0001735730793205258,-0.001358450714662979,-7.003237658692861e-36,4.351501960519194e-20,1.992601034604212e-19,0.001679269983513107,3.018260175156291e-07,-3.833076279528419e-08,-2.63495254720345e-07,-1.198983791945254e-39,9.167371769284437e-24,3.635319522394625e-23,3.290380417922276e-07,0.1250848888197839
4,0.004,1,7,0.2118637438119683,0.7886751345948151,0.7872033636285116,600,234398220.4846543,105041748.1620688,2.76714563369751e-05,-6.24965673559066e-25,-3.553089305078514e-09,5.712923972670668e-09,0.002546754266575944,0,-0.001867874199533004,0,0,0,0.001014428480180127,0.0001736114100833209,-0.0005091599529699464,-8.124553756267858e-36,-4.61901609660207e-20,7.426801164471868e-20,0.001532023793983504,-0.0001735730793205258,-0.001358450714662978,-2.605587221629026e-35,-1.299859871089698e-19,1.426883792056734e-19,0.001679269983513107,3.018260175156291e-07,-3.833076279528421e-08,-2.634952547203449e-07,-4.460109132075421e-39,-2.924868090706028e-23,2.630740834451902e-23,3.290380417922276e-07,0.1250848888197839
4,0.004,1,8,0.7906862561880319,0.7886751345948151,0.7872033636285116,600,234398220.4846543,105041748.1620688,2.76714563369751e-05,-1.675742248099856e-25,5.70108224006537e-09,8.665572833110975e-09,0.002546754266575944,0,-0.001867874199533004,0,0,0,0.001014428480180127,0.0001736114100833209,-0.0005091599529699464,-2.178464922529813e-36,7.41140691208498e-20,1.126524468304427e-19,0.001532023793983504,-0.0001735730793205258,-0.001358450714662978,-6.989594251688759e-36,1.422204336602998e-19,1.992601034604212e-19,0.001679269983513107,3.018260175156291e-07,-3.833076279528421e-08,-2.634952547203449e-07,-1.196617146123459e-39,2.621132744629255e-23,3.635319522394625e-23,3.290380417922276e-07,0.1250848888197839
5,0.005,1,1,0.2119588400014006,0.211324865405185,0.2108383728887701,600,235792372.2283809,109581438.4755753,2.501904964447021e-05,-8.581451319557108e-26,-1.50981171071342e-09,4.582901478266454e-09,0.002995508979798371,0,-0.002304761228059231,0,0,0,0.001014589703428505,0.0001942186340352676,-0.0005180607160558097,-1.115588671542424e-36,-1.962755223927448e-20,5.957771921746391e-20,0.001980541676258913,-0.0001941768303963562,-0.001786364845862557,-7.620692691293654e-36,-1.781058761911757e-20,1.167474135882252e-19,0.002185697542636491,3.774261854349051e-07,-4.1803638911611e-08,-3.356225465232942e-07,-1.302868890835284e-39,-4.094045171803026e-24,2.205250859950764e-23,4.14399205798544e-07,0.1250863732966134
5,0.005,1,2,0.7910411599985995,0.2113248654051851,0.2108383728887701,600,235792372.2283809,109581438.4755753,2.503395080566406e-05,-2.307586291880323e-26,-9.968773793886625e-10,4.707238965059623e-09,0.002995508979798371,0,-0.002304761228059231,0,0,0,0.001014589703428504,0.0001942186340352676,-0.0005180607160558094,-2.99986217944442e-37,-1.295940593205261e-20,6.119410654577508e-20,0.001980541676258914,-0.0001941768303963561,-0.001786364845862558,-2.047197700268969e-36,4.664039065046995e-20,9.145423095184846e-20,0.002185697542636492,3.774261854349052e-07,-4.180363891161098e-08,-3.356225465232943e-07,-3.501017545397088e-40,9.180365254208868e-24,1.562100649639584e-23,4.14399205798544e-07,0.1250863732966133
5,0.005,1,3,0.2119588400014006,0.7886751345948151,0.2108383728887701,600,235792372.2283809,109581438.4755753,2.495944499969482e-05,-8.580278823609917e-26,-1.870197503882955e-09,4.582901478266456e-09,0.002995508979798371,0,-0.002304761228059231,0,0,0,0.001014589703428504,0.0001942186340352676,-0.0005180607160558097,-1.115436247069289e-36,-2.431256755047844e-20,5.957771921746392e-20,0.001980541676258913,-0.0001941768303963562,-0.001786364845862557,-7.619444416829754e-36,-5.715868799084433e-20,1.167474135882252e-19,0.002185697542636491,3.774261854349051e-07,-4.1803638911611e-08,-3.356225465232942e-07,-1.302603802371948e-39,-1.144802428015744e-23,2.205250859950764e-23,4.14399205798544e-07,0.1250863732966134
5,0.005,1,4,0.7910411599985995,0.7886751345948151,0.2108383728887701,600,235792372.2283809,109581438.4755753,2.500414848327637e-05,-2.305802956735974e-26,5.207160842882297e-09,4.707238965059623e-09,0.002995508979798371,0,-0.002304761228059231,0,0,0,0.001014589703428504,0.0001942186340352677,-0.0005180607160558095,-2.997543843756766e-37,6.769309095746985e-20,6.119410654577511e-20,0.001980541676258913,-0.0001941768303963562,-0.001786364845862557,-2.047033895093865e-36,1.753920917187773e-19,9.145423095184844e-20,0.002185697542636491,3.774261854349051e-07,-4.1803638911611e-08,-3.356225465232943e-07,-3.50167574881807e-40,3.243968889618629e-23,1.562100649639584e-23,4.14399205798544e-07,0.1250863732966133
5,0.005,1,5,0.2119588400014006,0.211324865405185,0.7868595198060522,600,235792372.2283809,109581438.4755753,2.500414848327637e-05,-3.201424771201332e-25,-6.639789793747472e-09,9.399322084123508e-09,0.002995508979798371,0,-0.002304761228059231,0,0,0,0.001014589703428504,0.0001942186340352676,-0.0005180607160558092,-4.161852202561732e-36,-8.631726731871715e-20,1.221911870936056e-19,0.001980541676258913,-0.0001941768303963562,-0.001786364845862558,-2.842759267684632e-35,-6.6835133369054e-20,2.033438937952185e-19,0.002185697542636491,3.774261854349051e-07,-4.1803638911611e-08,-3.356225465232942e-07,-4.860111374549092e-39,-1.185312622884995e-23,3.907843919051862e-23,4.14399205798544e-07,0.1250863732966133
5,0.005,1,6,0.7910411599985995,0.211324865405185,0.7868595198060522,600,235792372.2283809,109581438.4755753,2.495944499969482e-05,-8.605985032027844e-26,-6.126855462422715e-09,1.745834580243527e-08,0.002995508979798371,0,-0.002304761228059231,0,0,0,0.001014589703428504,0.0001942186340352676,-0.0005180607160558097,-1.11877805416362e-36,-7.964912101149529e-20,2.269584954316585e-19,0.001980541676258914,-0.000194176830396356,-0.001786364845862557,-7.63684811534114e-36,-2.384155099466474e-21,3.293332723849985e-19,0.002185697542636491,3.774261854349052e-07,-4.180363891161096e-08,-3.356225465232943e-07,-1.305858671466293e-39,1.421284197161944e-24,5.828395436901695e-23,4.14399205798544e-07,0.1250863732966133
5,0.005,1,7,0.2119588400014006,0.7886751345948151,0.7868595198060522,600,235792372.2283808,109581438.4755752,2.489984035491943e-05,-3.197527776385515e-25,-1.02307998219557e-08,1.425269819703695e-08,0.002995508979798371,0,-0.002304761228059231,0,0,0,0.001014589703428504,0.0001942186340352674,-0.0005180607160558097,-4.156786109301171e-36,-1.330003976854241e-19,1.852850765614804e-19,0.001980541676258913,-0.0001941768303963561,-0.001786364845862557,-2.840985614908157e-35,-2.065111172577968e-19,2.488988715476932e-19,0.002185697542636491,3.774261854349051e-07,-4.180363891161098e-08,-3.356225465232942e-07,-4.855989305948229e-39,-4.216011853262416e-23,4.421529173034263e-23,4.14399205798544e-07,0.1250863732966133
5,0.005,1,8,0.7910411599985994,0.7886751345948151,0.7868595198060522,600,235792372.2283808,109581438.4755752,2.489984035491943e-05,-8.588890991270492e-26,-4.343686945127968e-09,1.745834580243527e-08,0.002995508979798371,0,-0.002304761228059231,0,0,0,0.001014589703428504,0.0001942186340352675,-0.0005180607160558098,-1.116555828865164e-36,-5.64679302866636e-20,2.269584954316586e-19,0.001980541676258913,-0.0001941768303963561,-0.001786364845862557,-7.629912497507713e-36,1.094596894704531e-19,3.293332723849985e-19,0.002185697542636491,3.774261854349051e-07,-4.180363891161098e-08,-3.356225465232942e-07,-1.304615753678903e-39,2.067661895045219e-23,5.828395436901695e-23,4.14399205798544e-07,0.1250863732966133
6,0.006,1,1,0.2119588400014006,0.2114939252975092,0.2108251341989096,600,211318268.3365791,102659204.67639,7.450580596923828e-08,52865330.88658318,1.19864492293567e-09,3.383060111452272e-09,0.002995349299335777,1.596804625629203e-07,-0.002367553903461979,0.0007999987185135609,1.368101481218969e-20,1.222567078745639e-19,0.000902602534668311,0.0001963186208770812,-0.0004709662095194537,0.0006872493015255813,1.558238399816372e-20,4.397978144887954e-20,0.002092461357755064,-0.0001962750843721933,-0.001896186273382871,0.0001126803540061855,-1.51996269985297e-20,1.238051378212897e-19,0.002328865802590107,4.444370309055929e-07,-4.306008631650678e-08,-4.013769445890862e-07,6.676197456127087e-08,-2.569813474424891e-24,2.629537448012964e-23,5.001196609768885e-07,0.1250785190351753
6,0.006,1,2,0.7910411599985995,0.2119558055128609,0.2108251341989096,600,211318268.3365791,102659204.67639,1.341104507446289e-07,52865330.8865832,1.668294638196045e-09,1.638460007400044e-09,0.002995349299335777,1.596804625629203e-07,-0.002367553903461979,0.0007999987185135609,1.488274327112379e-19,5.437569547334298e-20,0.000902602534668311,0.0001963186208770813,-0.0004709662095194535,0.0006872493015255816,2.168783029654858e-20,2.129998009620057e-20,0.002092461357755065,-0.0001962750843721933,-0.001896186273382872,0.0001126803540061854,5.024865681969727e-20,9.48534305985114e-20,0.002328865802590108,4.44437030905593e-07,-4.306008631650677e-08,-4.013769445890863e-07,6.676197456127088e-08,1.12975977799037e-23,1.767276988477805e-23,5.001196609768885e-07,0.1250785190351753
6,0.006,1,3,0.2119588400014006,0.7888441944871392,0.2108251341989096,600,211318268.3365791,102659204.67639,4.470348358154297e-08,52865330.88658318,-6.004252725347353e-10,2.934493342665345e-09,0.002995349299335777,1.596804625629e-07,-0.002367553903461979,0.0007999987185135608,-6.13867043257853e-22,8.148536434978123e-20,0.0009026025346683108,0.0001963186208770813,-0.0004709662095194537,0.0006872493015255813,-7.805528542951559e-21,3.814841345464949e-20,0.002092461357755064,-0.0001962750843721933,-0.001896186273382871,0.0001126803540061856,-5.840789401995646e-20,1.228588238710148e-19,0.002328865802590107,4.444370309055929e-07,-4.306008631650678e-08,-4.013769445890862e-07,6.676197456127087e-08,-1.220040734878178e-23,2.57307839051853e-23,5.001196609768885e-07,0.1250785190351753
6,0.006,1,4,0.7910411599985995,0.7893060747024908,0.2108251341989096,600,211318268.3365791,102659204.67639,8.940696716308594e-08,52865330.88658319,5.605021822313603e-09,8.815666828495349e-09,0.002995349299335777,1.596804625629e-07,-0.002367553903461979,0.0007999987185135608,1.074382342197076e-19,1.897978613469368e-19,0.0009026025346683109,0.0001963186208770813,-0.0004709662095194535,0.0006872493015255814,7.286528369007685e-20,1.146036687704395e-19,0.002092461357755064,-0.0001962750843721933,-0.001896186273382871,0.0001126803540061855,1.871823769764063e-19,1.097945659494325e-19,0.002328865802590107,4.444370309055928e-07,-4.306008631650678e-08,-4.013769445890863e-07,6.676197456127088e-08,3.948848686805961e-23,2.666865848444659e-23,5.001196609768885e-07,0.1250785190351753
6,0.006,1,5,0.2119588400014006,0.2114939252975092,0.7868101123428672,600,211318268.3365791,102659204.67639,8.940696716308594e-08,52865330.88658321,3.831169853849001e-09,4.047532329938403e-09,0.002995349299335777,1.596804625629203e-07,-0.002367553903461979,0.0007999987185135609,3.53252176788077e-19,2.310692747312434e-19,0.0009026025346683108,0.0001963186208770813,-0.0004709662095194535,0.0006872493015255818,4.980520810003698e-20,5.261792028919923e-20,0.002092461357755064,-0.0001962750843721933,-0.001896186273382871,0.0001126803540061853,-5.833353160356503e-20,2.116930645765569e-19,0.002328865802590107,4.444370309055929e-07,-4.306008631650678e-08,-4.013769445890863e-07,6.676197456127091e-08,-6.952003888783269e-24,4.413774148361067e-23,5.001196609768885e-07,0.1250785190351753
6,0.006,1,6,0.7910411599985995,0.2119558055128609,0.7868101123428672,600,211318268.3365791,102659204.67639,5.960464477539062e-08,52865330.8865832,4.157642117272811e-09,5.485372902411712e-09,0.002995349299335777,1.596804625629203e-07,-0.002367553903461979,0.0007999987185135609,4.883877292939712e-19,1.903575370739997e-19,0.0009026025346683108,0.0001963186208770812,-0.0004709662095194537,0.0006872493015255816,5.404934752454654e-20,7.130984773135226e-20,0.002092461357755065,-0.0001962750843721932,-0.001896186273382871,0.0001126803540061855,6.745957817836151e-21,3.406150692182391e-19,0.002328865802590107,4.44437030905593e-07,-4.306008631650674e-08,-4.013769445890863e-07,6.676197456127088e-08,6.723763202672845e-24,6.513485032906039e-23,5.001196609768885e-07,0.1250785190351753
6,0.006,1,7,0.2119588400014006,0.7888441944871392,0.7868101123428672,600,211318268.336579,102659204.6763899,-1.490116119384766e-08,52865330.88658319,-4.767873341189885e-09,7.776283499831962e-09,0.002995349299335777,1.596804625629203e-07,-0.002367553903461979,0.0007999987185135609,-3.255248768827986e-19,1.90205831197268e-19,0.0009026025346683106,0.0001963186208770811,-0.0004709662095194537,0.0006872493015255815,-6.198235343546851e-20,1.010916854978155e-19,0.002092461357755064,-0.0001962750843721932,-0.001896186273382871,0.0001126803540061856,-2.163867339828764e-19,2.650283667358205e-19,0.002328865802590107,4.444370309055929e-07,-4.306008631650676e-08,-4.013769445890862e-07,6.676197456127088e-08,-4.812530463453979e-23,5.394981779857584e-23,5.001196609768885e-07,0.1250785190351753
6,0.006,1,8,0.7910411599985994,0.7893060747024909,0.7868101123428672,600,211318268.336579,102659204.6763899,-4.470348358154297e-08,52865330.88658319,-1.500174487537824e-10,1.266105976972259e-08,0.002995349299335777,1.596804625629e-07,-0.002367553903461979,0.0007999987185135608,2.149848140432436e-19,1.086739588910001e-19,0.0009026025346683106,0.0001963186208770811,-0.0004709662095194538,0.0006872493015255815,-1.950226833799173e-21,1.645937770063938e-19,0.002092461357755064,-0.0001962750843721932,-0.001896186273382871,0.0001126803540061856,1.092176825590992e-19,3.555461925261731e-19,0.002328865802590107,4.444370309055929e-07,-4.306008631650674e-08,-4.013769445890862e-07,6.676197456127088e-08,2.050351812350245e-23,7.412721712733713e-23,5.001196609768885e-07,0.1250785190351753
7,0.007,1,1,0.2119588400014006,0.2116629851898333,0.2108007216351173,600,167801844.9728647,88274615.91185129,1.65402889251709e-06,83693748.52807209,7.818563507508639e-10,4.57907563171475e-09,0.002994870258152374,6.387216459421573e-07,-0.002483355927847877,0.001599996926560754,-4.71215659457545e-23,2.44527651429671e-19,0.0007065973009965441,0.0001896703120999568,-0.0003841146913270657,0.001088018730864937,1.016413255976123e-20,5.952798321229174e-20,0.002288094974276544,-0.0001893091280367364,-0.002098785846239808,0.0005118008644905215,-1.15429380346069e-20,1.455762025324476e-19,0.002653731306322525,4.965363581542765e-07,-4.11898216107929e-08,-4.553465365434837e-07,1.72984427483484e-07,-1.592256056794756e-24,3.209318887762556e-23,5.866591261359733e-07,0.1250640355280897
7,0.007,1,2,0.7910411599985995,0.2125867456205367,0.2108007216351173,600,167801844.9728647,88274615.91185132,1.698732376098633e-06,83693748.52807209,1.317037595596131e-09,4.159509905046095e-09,0.002994870258152374,6.387216459421573e-07,-0.002483355927847877,0.001599996926560754,1.351481374394394e-19,1.495180005582434e-19,0.0007065973009965441,0.000189670312099957,-0.0003841146913270655,0.001088018730864937,1.712148874274971e-20,5.407362876559924e-20,0.002288094974276544,-0.0001893091280367364,-0.002098785846239808,0.0005118008644905213,5.646947647564625e-20,1.146159139040274e-19,0.002653731306322525,4.965363581542766e-07,-4.11898216107929e-08,-4.553465365434838e-07,1.72984427483484e-07,1.295736479870378e-23,2.293656825817593e-23,5.866591261359733e-07,0.1250640355280897
7,0.007,1,3,0.2119588400014006,0.7890132543794633,0.2108007216351173,600,167801844.9728647,88274615.91185124,1.594424247741699e-06,83693748.5280721,-8.223804115769647e-10,3.868348294057949e-09,0.002994870258152374,6.387216459419404e-07,-0.002483355927847877,0.001599996926560753,5.362036450628725e-20,1.630391759742094e-19,0.0007065973009965443,0.0001896703120999568,-0.000384114691327066,0.001088018730864937,-1.069094535050054e-20,5.028852782275335e-20,0.002288094974276544,-0.0001893091280367364,-0.002098785846239807,0.0005118008644905208,-6.238604000833223e-20,1.41250054080674e-19,0.002653731306322524,4.965363581542765e-07,-4.11898216107929e-08,-4.553465365434837e-07,1.72984427483484e-07,-1.325530905814952e-23,3.062827548915765e-23,5.866591261359733e-07,0.1250640355280897
7,0.007,1,4,0.7910411599985995,0.7899370148101668,0.2108007216351173,600,167801844.9728647,88274615.91185132,1.65402889251709e-06,83693748.5280721,3.52781872632103e-09,1.399600978214339e-08,0.002994870258152374,6.387216459419404e-07,-0.002483355927847877,0.001599996926560753,1.615099103470426e-19,4.204163993161647e-19,0.0007065973009965443,0.0001896703120999569,-0.0003841146913270657,0.001088018730864937,4.586164344217339e-20,1.819481271678641e-19,0.002288094974276543,-0.0001893091280367363,-0.002098785846239808,0.000511800864490521,2.038399369029851e-19,1.761667035437142e-19,0.002653731306322524,4.965363581542764e-07,-4.118982161079289e-08,-4.553465365434838e-07,1.72984427483484e-07,4.392752705407924e-23,4.435275624504746e-23,5.866591261359733e-07,0.1250640355280897
7,0.007,1,5,0.2119588400014006,0.2116629851898333,0.7867190034144516,600,167801844.9728646,88274615.91185129,1.668930053710938e-06,83693748.52807212,2.233238891336831e-09,8.695889734768703e-09,0.002994870258152374,6.387216459421573e-07,-0.002483355927847877,0.001599996926560754,1.352927690809117e-19,8.967738733261675e-19,0.000706597300996544,0.0001896703120999568,-0.0003841146913270655,0.001088018730864937,2.90321055873788e-20,1.130465665519932e-19,0.002288094974276544,-0.0001893091280367364,-0.002098785846239808,0.0005118008644905215,-4.785231271034315e-20,2.530984220115987e-19,0.002653731306322525,4.965363581542765e-07,-4.118982161079289e-08,-4.553465365434837e-07,1.729844274834841e-07,-4.151251855064954e-24,5.516244356892299e-23,5.866591261359733e-07,0.1250640355280897
7,0.007,1,6,0.7910411599985995,0.2125867456205368,0.7867190034144514,600,167801844.9728647,88274615.91185123,1.579523086547852e-06,83693748.52807212,2.471554966436907e-09,1.089378455743761e-08,0.002994870258152374,6.387216459421573e-07,-0.002483355927847877,0.001599996926560754,2.706945023264216e-19,5.43626327739189e-19,0.0007065973009965441,0.0001896703120999568,-0.0003841146913270659,0.001088018730864938,3.21302145636798e-20,1.416191992466889e-19,0.002288094974276544,-0.0001893091280367362,-0.002098785846239808,0.000511800864490521,1.830589797936453e-20,3.924452404937376e-19,0.002653731306322524,4.965363581542766e-07,-4.118982161079286e-08,-4.553465365434838e-07,1.729844274834841e-07,9.816820237140294e-24,7.893703424242015e-23,5.866591261359733e-07,0.1250640355280897
7,0.007,1,7,0.2119588400014006,0.7890132543794633,0.7867190034144516,600,167801844.9728646,88274615.91185117,1.519918441772461e-06,83693748.52807212,-5.0225535813698e-09,1.256886197278917e-08,0.002994870258152374,6.387216459420217e-07,-0.002483355927847877,0.001599996926560753,-3.257782823031623e-19,3.804618383879061e-19,0.0007065973009965439,0.0001896703120999567,-0.0003841146913270659,0.001088018730864938,-6.52931965578074e-20,1.633952056462592e-19,0.002288094974276543,-0.0001893091280367362,-0.002098785846239808,0.0005118008644905211,-2.404388073483203e-19,3.247201909584097e-19,0.002653731306322524,4.965363581542765e-07,-4.118982161079288e-08,-4.553465365434837e-07,1.729844274834841e-07,-5.451867066469887e-23,6.984775199057955e-23,5.866591261359733e-07,0.1250640355280897
7,0.007,1,8,0.7910411599985994,0.7899370148101668,0.7867190034144516,600,167801844.9728646,88274615.91185115,1.490116119384766e-06,83693748.52807212,-1.6410354441949e-09,1.462196669207751e-08,0.002994870258152374,6.387216459420217e-07,-0.002483355927847877,0.001599996926560753,2.146987993305434e-19,3.804326041962577e-19,0.0007065973009965439,0.0001896703120999567,-0.000384114691327066,0.001088018730864938,-2.13334607745337e-20,1.900855669970076e-19,0.002288094974276543,-0.0001893091280367362,-0.002098785846239808,0.0005118008644905211,1.01183114064727e-19,4.25160046821644e-19,0.002653731306322524,4.965363581542765e-07,-4.118982161079286e-08,-4.553465365434837e-07,1.729844274834841e-07,1.837905208171972e-23,9.265845388298223e-23,5.866591261359733e-07,0.1250640355280897
8,0.008,1,1,0.2119588400014006,0.2118320450821575,0.2107773280683179,600,127729106.8642835,72856877.66424994,3.427267074584961e-07,100270608.1614905,6.29371403067979e-10,4.786314752684276e-09,0.002994071856859075,1.43712293911106e-06,-0.002594336880674336,0.002399994113676281,5.417610856499022e-20,2.717433389816109e-19,0.0005293602178250423,0.000172690728024824,-0.0003008789767927986,0.001303517906099377,8.181828239883728e-21,6.22220917848956e-20,0.002464654783437958,-0.0001716948739031691,-0.002292959909534789,0.001096168875195507,-7.93717691773077e-21,1.733783874729868e-19,0.003052765651366006,5.352513440069792e-07,-3.730085581021594e-08,-4.979504881967635e-07,3.011965956706982e-07,-8.010879262552819e-25,3.819370804272091e-23,6.742117047643778e-07,0.1250501565724266
8,0.008,1,2,0.7910411599985995,0.2132176857282126,0.2107773280683179,600,127729106.8642835,72856877.66424999,3.799796104431152e-07,100270608.1614905,1.042812677752507e-09,5.800710525692263e-09,0.002994071856859075,1.43712293911106e-06,-0.002594336880674336,0.002399994113676281,1.894421345114862e-19,1.494322135907259e-19,0.0005293602178250423,0.000172690728024824,-0.0003008789767927984,0.001303517906099377,1.355656481078259e-20,7.540923683399942e-20,0.002464654783437958,-0.000171694873903169,-0.00229295990953479,0.001096168875195507,6.247811727127454e-20,1.482288869125308e-19,0.003052765651366006,5.352513440069793e-07,-3.730085581021593e-08,-4.979504881967636e-07,3.011965956706982e-07,1.427496299781401e-23,3.031218772797867e-23,6.742117047643778e-07,0.1250501565724266
8,0.008,1,3,0.2119588400014006,0.7891823142717874,0.2107773280683179,600,127729106.8642835,72856877.66424993,3.05473804473877e-07,100270608.1614905,-1.10993307615861e-09,3.574214538333403e-09,0.002994071856859075,1.43712293911106e-06,-0.002594336880674336,0.002399994113676281,-8.664645017733051e-22,2.171431153122539e-19,0.0005293602178250423,0.0001726907280248239,-0.0003008789767927987,0.001303517906099376,-1.442912999006194e-20,4.646478899833424e-20,0.002464654783437958,-0.000171694873903169,-0.002292959909534789,0.001096168875195507,-6.892933554159637e-20,1.620146667612316e-19,0.003052765651366006,5.352513440069792e-07,-3.730085581021593e-08,-4.979504881967635e-07,3.011965956706982e-07,-1.469021353630725e-23,3.518404591927829e-23,6.742117047643778e-07,0.1250501565724266
8,0.008,1,4,0.7910411599985995,0.7905679549178426,0.2107773280683179,600,127729106.8642836,72856877.66424999,3.948807716369629e-07,100270608.1614905,1.893410291090938e-09,9.718950318197911e-09,0.002994071856859075,1.43712293911106e-06,-0.002594336880674336,0.002399994113676281,1.070504527078597e-19,3.659144910751385e-19,0.0005293602178250423,0.000172690728024824,-0.0003008789767927984,0.001303517906099376,2.461433378418219e-20,1.263463541365728e-19,0.002464654783437957,-0.000171694873903169,-0.00229295990953479,0.001096168875195507,2.147226070153752e-19,2.326966332863416e-19,0.003052765651366005,5.352513440069791e-07,-3.730085581021593e-08,-4.979504881967636e-07,3.011965956706982e-07,4.631316712613708e-23,5.675542145635395e-23,6.742117047643778e-07,0.1250501565724266
8,0.008,1,5,0.2119588400014006,0.2118320450821575,0.7866316974345862,600,127729106.8642835,72856877.66424994,3.948807716369629e-07,100270608.1614905,1.902912379964895e-09,9.614716327589798e-09,0.002994071856859075,1.43712293911106e-06,-0.002594336880674336,0.002399994113676281,1.354411537453345e-19,4.89244160520317e-19,0.0005293602178250423,0.000172690728024824,-0.0003008789767927985,0.001303517906099377,2.473786093954365e-20,1.249913122586674e-19,0.002464654783437957,-0.000171694873903169,-0.002292959909534789,0.001096168875195507,-3.686060705837825e-20,3.090029392776856e-19,0.003052765651366006,5.352513440069792e-07,-3.730085581021593e-08,-4.979504881967635e-07,3.011965956706983e-07,-1.738240656607087e-24,6.74310598623742e-23,6.742117047643778e-07,0.1250501565724266
8,0.008,1,6,0.7910411599985995,0.2132176857282126,0.7866316974345862,600,127729106.8642835,72856877.6642499,2.756714820861816e-07,100270608.1614905,2.06446881427903e-09,1.077089021876189e-08,0.002994071856859075,1.43712293911106e-06,-0.002594336880674336,0.002399994113676281,2.702996047356557e-19,7.066256445655591e-19,0.0005293602178250422,0.0001726907280248239,-0.0003008789767927987,0.001303517906099377,2.68380945856274e-20,1.400215728439046e-19,0.002464654783437958,-0.0001716948739031688,-0.00229295990953479,0.001096168875195507,3.015782653353739e-20,4.549232029629757e-19,0.003052765651366005,5.352513440069793e-07,-3.730085581021589e-08,-4.979504881967636e-07,3.011965956706983e-07,1.241861258980448e-23,9.264814126494761e-23,6.742117047643778e-07,0.1250501565724266
8,0.008,1,7,0.2119588400014006,0.7891823142717875,0.7866316974345861,600,127729106.8642834,72856877.66424984,2.384185791015625e-07,100270608.1614905,-5.636700883281199e-09,9.406877012822692e-09,0.002994071856859075,1.43712293911106e-06,-0.002594336880674336,0.002399994113676281,-1.089431612861402e-19,7.065498921058352e-19,0.000529360217825042,0.0001726907280248238,-0.0003008789767927987,0.001303517906099377,-7.32771114826556e-20,1.22289401166695e-19,0.002464654783437957,-0.0001716948739031689,-0.002292959909534789,0.001096168875195507,-2.734684037295959e-19,3.793802825015769e-19,0.003052765651366006,5.352513440069792e-07,-3.730085581021591e-08,-4.979504881967635e-07,3.011965956706983e-07,-6.17626837727051e-23,8.183852356323939e-23,6.742117047643778e-07,0.1250501565724266
8,0.008,1,8,0.7910411599985994,0.7905679549178426,0.7866316974345861,600,127729106.8642834,72856877.66424984,2.458691596984863e-07,100270608.1614905,-3.301925298571212e-09,1.046467422027032e-08,0.002994071856859075,1.43712293911106e-06,-0.002594336880674336,0.002399994113676281,4.31274369329275e-19,9.228802670949907e-19,0.000529360217825042,0.0001726907280248238,-0.0003008789767927988,0.001303517906099377,-4.292502888142574e-20,1.360407648635142e-19,0.002464654783437957,-0.0001716948739031688,-0.002292959909534789,0.001096168875195507,8.165867501406298e-20,4.859838113184392e-19,0.003052765651366006,5.352513440069792e-07,-3.730085581021589e-08,-4.979504881967635e-07,3.011965956706983e-07,1.409606212475102e-23,1.060010750193362e-22,6.742117047643778e-07,0.1250501565724266
9,0.009000000000000001,1,1,0.2119588400014006,0.2120011049744817,0.2107579834143601,600,95841252.90413281,58853786.23776153,7.450580596923828e-09,109279125.2605009,2.034197779615465e-10,3.411689559440181e-09,0.002992954096475652,2.554883322653401e-06,-0.002686118771511842,0.003199989769397819,5.407480584737776e-20,2.718064362267603e-19,0.0003909255851640217,0.0001505070518326084,-0.0002320425587128414,0.001420628628386512,2.644457113500105e-21,4.435196427272236e-20,0.002602103488246805,-0.0001485584012626788,-0.002453545086984127,0.001778911393913678,-6.765049188674237e-21,1.94600870465557e-19,0.003482456187843402,5.635793769852532e-07,-3.249748488980955e-08,-5.310818920954439e-07,4.420805901748419e-07,-5.608246334657969e-25,4.257220115286178e-23,7.628640383209084e-07,0.1250386797592967
9,0.009000000000000001,1,2,0.7910411599985995,0.2138486258358884,0.2107579834143602,600,95841252.90413283,58853786.23776157,7.450580596923828e-08,109279125.2605009,4.848293159871764e-10,1.1038870445192e-09,0.002992954096475652,2.554883322653401e-06,-0.002686118771511842,0.003199989769397819,1.895633322364215e-19,4.101506447858831e-20,0.0003909255851640217,0.0001505070518326085,-0.0002320425587128412,0.001420628628386512,6.302781107833294e-21,1.43505315787496e-20,0.002602103488246805,-0.0001485584012626787,-0.002453545086984127,0.001778911393913678,6.544830497817268e-20,1.552419865395321e-19,0.003482456187843403,5.635793769852533e-07,-3.249748488980953e-08,-5.31081892095444e-07,4.420805901748419e-07,1.488968528966793e-23,3.17607484698505e-23,7.628640383209084e-07,0.1250386797592967
9,0.009000000000000001,1,3,0.2119588400014006,0.7893513741641117,0.2107579834143602,600,95841252.90413275,58853786.23776148,-3.725290298461914e-08,109279125.2605009,-7.505146769009474e-10,8.308529280302856e-10,0.002992954096475652,2.554883322653185e-06,-0.002686118771511842,0.003199989769397818,-7.897374201831e-22,1.086562542621052e-19,0.0003909255851640218,0.0001505070518326084,-0.0002320425587128416,0.001420628628386512,-9.756690799712316e-21,1.080108806439371e-20,0.002602103488246805,-0.0001485584012626787,-0.002453545086984126,0.001778911393913677,-7.365548754780028e-20,1.672124122074728e-19,0.003482456187843402,5.635793769852532e-07,-3.249748488980953e-08,-5.310818920954439e-07,4.420805901748418e-07,-1.56651086986124e-23,3.62567864087313e-23,7.628640383209084e-07,0.1250386797592967
9,0.009000000000000001,1,4,0.7910411599985995,0.7911988950255185,0.2107579834143602,600,95841252.90413284,58853786.23776155,5.21540641784668e-08,109279125.2605009,1.273718901462717e-09,1.220635288877026e-08,0.002992954096475652,2.554883322653185e-06,-0.002686118771511842,0.003199989769397818,1.065474136413364e-19,5.826376113365386e-19,0.0003909255851640218,0.0001505070518326085,-0.0002320425587128413,0.001420628628386512,1.655834571901532e-20,1.586825875540134e-19,0.002602103488246804,-0.0001485584012626787,-0.002453545086984127,0.001778911393913677,2.225036557855298e-19,3.085789410314929e-19,0.003482456187843402,5.635793769852531e-07,-3.249748488980954e-08,-5.31081892095444e-07,4.420805901748418e-07,4.791097127368556e-23,7.240951480903781e-23,7.628640383209084e-07,0.1250386797592967
9,0.009000000000000001,1,5,0.2119588400014006,0.2120011049744816,0.7865595022031608,600,95841252.90413281,58853786.23776153,4.470348358154297e-08,109279125.2605009,7.53222221601324e-10,4.736972092353618e-09,0.002992954096475652,2.554883322653401e-06,-0.002686118771511842,0.003199989769397819,3.53030244103598e-19,2.722833834159684e-19,0.0003909255851640217,0.0001505070518326084,-0.0002320425587128413,0.001420628628386512,9.791888880817215e-21,6.158063720059705e-20,0.002602103488246804,-0.0001485584012626788,-0.002453545086984127,0.001778911393913678,-3.236678257367183e-20,3.383860100545407e-19,0.003482456187843403,5.635793769852532e-07,-3.249748488980955e-08,-5.310818920954439e-07,4.420805901748419e-07,-8.148613830740352e-25,7.349414400434963e-23,7.628640383209084e-07,0.1250386797592967
9,0.009000000000000001,1,6,0.7910411599985995,0.2138486258358884,0.7865595022031607,600,95841252.90413272,58853786.23776145,-5.21540641784668e-08,109279125.2605009,1.217905922459886e-09,3.935384888052219e-09,0.002992954096475652,2.554883322653401e-06,-0.002686118771511842,0.003199989769397819,4.878883113209296e-19,4.35571281128726e-19,0.0003909255851640216,0.0001505070518326083,-0.0002320425587128415,0.001420628628386512,1.583277699197852e-20,5.116000354467886e-20,0.002602103488246805,-0.0001485584012626785,-0.002453545086984127,0.001778911393913678,3.757009814496826e-20,4.795381459750731e-19,0.003482456187843402,5.635793769852533e-07,-3.249748488980949e-08,-5.31081892095444e-07,4.420805901748419e-07,1.394984788692471e-23,9.772997312638863e-23,7.628640383209084e-07,0.1250386797592967
9,0.009000000000000001,1,7,0.2119588400014006,0.7893513741641116,0.7865595022031608,600,95841252.90413268,58853786.23776142,-7.450580596923828e-08,109279125.2605009,-4.520570553006079e-09,6.003521847093658e-09,0.002992954096475652,2.554883322653401e-06,-0.002686118771511842,0.003199989769397819,-3.260400801208432e-19,3.262527705988351e-19,0.0003909255851640214,0.0001505070518326082,-0.0002320425587128415,0.001420628628386512,-5.876741718907903e-20,7.804578401221755e-20,0.002602103488246804,-0.0001485584012626786,-0.002453545086984127,0.001778911393913678,-3.018737549110596e-19,4.165270206679862e-19,0.003482456187843403,5.635793769852532e-07,-3.249748488980951e-08,-5.310818920954439e-07,4.420805901748419e-07,-6.762759141747549e-23,8.949847288996944e-23,7.628640383209084e-07,0.1250386797592967
9,0.009000000000000001,1,8,0.7910411599985994,0.7911988950255187,0.7865595022031608,600,95841252.90413266,58853786.23776141,-8.940696716308594e-08,109279125.2605009,-2.937066039025578e-09,9.088399528949844e-10,0.002992954096475652,2.554883322653185e-06,-0.002686118771511842,0.003199989769397818,2.147849465474028e-19,1.088373199017463e-19,0.0003909255851640214,0.0001505070518326082,-0.0002320425587128416,0.001420628628386512,-3.818185850733251e-20,1.18149193876348e-20,0.002602103488246804,-0.0001485584012626785,-0.002453545086984127,0.001778911393913678,6.316086257892203e-20,4.918780180008714e-19,0.003482456187843403,5.635793769852532e-07,-3.24974848898095e-08,-5.310818920954439e-07,4.420805901748419e-07,1.028035502087466e-23,1.072178036519929e-22,7.628640383209084e-07,0.1250386797592967
10,0.01,1,1,0.2119588400014006,0.2121701648668057,0.2107427543259041,600,71616868.33440524,46947536.80544669,1.022104009985924,114355335.967129,4.420407329520072e-10,3.422191031142789e-09,0.002991516978428256,3.992001370034482e-06,-0.00275838003750316,0.003999983383266502,-3.333224774520476e-22,2.446518890326719e-19,0.0002876630349307002,0.0001273123799924696,-0.0001778466025992579,0.001486619367572677,5.746529528376094e-21,4.448848340485625e-20,0.002704068775975949,-0.000124092078157325,-0.002579976697818626,0.002512764310187098,-3.964861821153886e-21,2.165498142223452e-19,0.003925742661991221,5.84201876209305e-07,-2.75087451527071e-08,-5.566931310565982e-07,5.907680846064889e-07,6.470040052882023e-27,4.70196594143057e-23,8.526605357530949e-07,0.1250296446324482
10,0.01,1,2,0.7910411599985995,0.2144795659435643,0.2107427543259041,600,71616868.33440529,46947536.80544673,1.022104077041149,114355335.967129,6.328491981964181e-10,-1.441748728045547e-09,0.002991516978428256,3.992001370034482e-06,-0.00275838003750316,0.003999983383266502,1.344608839437852e-19,4.072351562647827e-19,0.0002876630349307004,0.0001273123799924697,-0.0001778466025992579,0.001486619367572678,8.227039576553438e-21,-1.874273346459212e-20,0.002704068775975949,-0.0001240920781573249,-0.002579976697818626,0.002512764310187098,6.952417976303915e-20,1.462011944954882e-19,0.003925742661991222,5.842018762093051e-07,-2.750874515270709e-08,-5.566931310565983e-07,5.907680846064889e-07,1.571832770527546e-23,2.993234286314869e-23,8.526605357530949e-07,0.1250296446324482
10,0.01,1,3,0.2119588400014006,0.7895204340564358,0.2107427543259041,600,71616868.33440526,46947536.80544667,1.022103950381279,114355335.967129,-7.644928095957359e-10,1.692054573487431e-09,0.002991516978428256,3.992001370034482e-06,-0.00275838003750316,0.003999983383266502,1.076610694566753e-19,2.172217131570946e-19,0.0002876630349307004,0.0001273123799924695,-0.0001778466025992581,0.001486619367572677,-9.938406524744569e-21,2.199670945533661e-20,0.002704068775975949,-0.0001240920781573249,-0.002579976697818625,0.002512764310187096,-7.861958661433185e-20,1.780552443713149e-19,0.00392574266199122,5.84201876209305e-07,-2.750874515270708e-08,-5.566931310565982e-07,5.907680846064888e-07,-1.667109508951585e-23,3.845341073693299e-23,8.526605357530949e-07,0.1250296446324482
10,0.01,1,4,0.7910411599985995,0.7918298351331944,0.2107427543259041,600,71616868.33440532,46947536.80544674,1.022104054689407,114355335.967129,5.885806350134596e-10,8.79142656399331e-09,0.002991516978428256,3.992001370034482e-06,-0.00275838003750316,0.003999983383266502,2.147266283543308e-19,7.32223508167271e-19,0.0002876630349307003,0.0001273123799924696,-0.0001778466025992578,0.001486619367572677,7.651548255174976e-21,1.14288545331913e-19,0.002704068775975948,-0.0001240920781573249,-0.002579976697818626,0.002512764310187098,2.261312446856954e-19,3.649390941217332e-19,0.00392574266199122,5.842018762093049e-07,-2.75087451527071e-08,-5.566931310565983e-07,5.907680846064888e-07,4.864198916047584e-23,8.382768464397913e-23,8.526605357530949e-07,0.1250296446324482
10,0.01,1,5,0.2119588400014006,0.2121701648668058,0.7865026664712897,600,71616868.33440527,46947536.80544671,1.022104047238827,114355335.967129,1.554774358288278e-09,7.019098058970012e-09,0.002991516978428256,3.992001370034482e-06,-0.00275838003750316,0.003999983383266502,1.342606616153239e-19,8.972384985508038e-19,0.0002876630349307002,0.0001273123799924696,-0.0001778466025992577,0.001486619367572677,2.021206665774761e-20,9.124827476661015e-20,0.002704068775975949,-0.000124092078157325,-0.002579976697818626,0.002512764310187099,-2.238502151066879e-20,3.834720937367681e-19,0.003925742661991222,5.84201876209305e-07,-2.750874515270711e-08,-5.566931310565982e-07,5.907680846064889e-07,1.209648997458261e-24,8.263271007356129e-23,8.526605357530949e-07,0.1250296446324482
10,0.01,1,6,0.7910411599985995,0.2144795659435643,0.7865026664712897,600,71616868.3344052,46947536.80544662,1.022103950381279,114355335.967129,1.867252227299035e-09,2.116248450241149e-09,0.002991516978428256,3.992001370034482e-06,-0.00275838003750316,0.003999983383266502,2.694353537786518e-19,8.695630479384724e-19,0.0002876630349307001,0.0001273123799924695,-0.0001778466025992581,0.001486619367572677,2.427427895488745e-20,2.751122985313492e-20,0.002704068775975949,-0.0001240920781573248,-0.002579976697818626,0.002512764310187098,4.951593084689022e-20,4.933377532117438e-19,0.003925742661991221,5.842018762093051e-07,-2.750874515270705e-08,-5.566931310565983e-07,5.907680846064889e-07,1.637492692994467e-23,1.005318309543159e-22,8.526605357530949e-07,0.1250296446324482
10,0.01,1,7,0.2119588400014006,0.7895204340564357,0.7865026664712897,600,71616868.33440515,46947536.80544659,1.022103920578957,114355335.967129,-3.727253713470185e-09,7.865192022795555e-09,0.002991516978428256,3.992001370034482e-06,-0.00275838003750316,0.003999983383266502,-3.272728843165425e-19,8.695373514716595e-19,0.0002876630349307001,0.0001273123799924694,-0.0001778466025992581,0.001486619367572678,-4.845429827511243e-20,1.022474962963423e-19,0.002704068775975948,-0.0001240920781573248,-0.002579976697818626,0.002512764310187098,-3.258894759802401e-19,4.668888425963658e-19,0.003925742661991221,5.84201876209305e-07,-2.750874515270707e-08,-5.566931310565982e-07,5.907680846064889e-07,-7.249240571630009e-23,9.969948660676201e-23,8.526605357530949e-07,0.1250296446324482
10,0.01,1,8,0.7910411599985994,0.7918298351331943,0.7865026664712897,600,71616868.33440512,46947536.80544658,1.022103905677795,114355335.967129,-2.66586569318494e-09,2.879088451494104e-09,0.002991516978428256,3.992001370034482e-06,-0.00275838003750316,0.003999983383266502,2.116895154532465e-19,1.627092308575994e-18,0.0002876630349306999,0.0001273123799924694,-0.0001778466025992581,0.001486619367572677,-3.465625401140422e-20,3.742814986942336e-20,0.002704068775975949,-0.0001240920781573248,-0.002579976697818626,0.002512764310187099,4.587882857008535e-20,5.104134032045532e-19,0.003925742661991222,5.842018762093049e-07,-2.750874515270705e-08,-5.566931310565982e-07,5.907680846064889e-07,6.777357377927362e-24,1.109723531798511e-22,8.526605357530949e-07,0.1250296446324482
11,0.011,1,1,0.2117475151359954,0.2121701648668057,0.2108395923739372,600,-130226450.7254739,-20260877.13917135,-0.3043399527668953,97638333.58311526,3.048315216256495e-09,2.033528034472159e-09,0.001994008001309814,3.994661363255396e-06,-0.002298977263671418,0.003999986693333232,1.486556313096605e-19,3.533570780644027e-19,-0.0006207409374621029,9.403529084886423e-05,0.0002257309902752681,0.001269298336580498,3.962809781133444e-20,2.643586444813807e-20,0.002615018552351826,-9.083442383319396e-05,-0.002524184128518633,0.002729958419170351,3.013850926001468e-21,2.210911461149685e-19,0.004080091758039235,5.321634791707558e-07,-8.0739256783053e-09,-5.240895534924508e-07,7.176900935327258e-07,4.01141836078708e-24,4.966792070727496e-23,9.4285772129404e-07,0.1249623838359142
11,0.011,1,2,0.7902524848640047,0.2144795659435643,0.2108395923739372,600,-130226450.7254739,-20260877.13917134,-0.3043399676680565,97638333.58311528,3.211064994306638e-09,-2.341972029232387e-09,0.001994008001309814,3.994661363255396e-06,-0.002298977263671418,0.003999986693333232,1.893955461150644e-19,2.715865681089713e-19,-0.0006207409374621026,9.403529084886413e-05,0.0002257309902752682,0.001269298336580499,4.17438449259863e-20,-3.044563638002103e-20,0.002615018552351826,-9.083442383319394e-05,-0.002524184128518634,0.00272995841917035,7.686066866256217e-20,1.410010115776358e-19,0.004080091758039236,5.32163479170756e-07,-8.0739256783053e-09,-5.240895534924509e-07,7.176900935327259e-07,1.993383689465101e-23,2.689101177924699e-23,9.4285772129404e-07,0.1249623838359142
11,0.011,1,3,0.2117475151359954,0.7895204340564358,0.2108395923739372,600,-130226450.7254739,-20260877.13917136,-0.3043400272727013,97638333.58311526,2.018158437736666e-09,5.563110846184084e-10,0.001994008001309814,3.994661363255396e-06,-0.002298977263671418,0.003999986693333232,-5.498664822033708e-20,3.258996826537932e-19,-0.0006207409374621024,9.403529084886403e-05,0.0002257309902752679,0.001269298336580499,2.623605969057667e-20,7.232044100039312e-21,0.002615018552351826,-9.083442383319391e-05,-0.002524184128518633,0.002729958419170349,-7.393243267827821e-20,1.793105429261681e-19,0.004080091758039234,5.321634791707558e-07,-8.073925678305287e-09,-5.240895534924509e-07,7.176900935327258e-07,-1.400526802413795e-23,3.918140837919459e-23,9.4285772129404e-07,0.1249623838359142
11,0.011,1,4,0.7902524848640047,0.7918298351331944,0.2108395923739372,600,-130226450.7254738,-20260877.13917132,-0.3043399304151535,97638333.58311526,-3.944251096520971e-09,6.400562417136609e-09,0.001994008001309814,3.994661363255396e-06,-0.002298977263671418,0.003999986693333232,1.608800569103534e-19,5.961412315684229e-19,-0.0006207409374621027,9.403529084886416e-05,0.0002257309902752682,0.001269298336580499,-5.127526425477264e-20,8.320731142277592e-20,0.002615018552351825,-9.083442383319394e-05,-0.002524184128518634,0.00272995841917035,2.181238035477936e-19,3.793226846270366e-19,0.004080091758039234,5.321634791707557e-07,-8.073925678305304e-09,-5.240895534924509e-07,7.176900935327258e-07,4.367985694304181e-23,9.218297331606455e-23,9.4285772129404e-07,0.1249623838359142
11,0.011,1,5,0.2117475151359954,0.2121701648668058,0.786864070986655,600,-130226450.7254739,-20260877.1391713,-0.3043398931622505,97638333.58311526,9.34480371865271e-09,9.560471164999663e-09,0.001994008001309814,3.994661363255396e-06,-0.002298977263671418,0.003999986693333232,5.550780908547311e-19,8.975172615376925e-19,-0.0006207409374621027,9.403529084886422e-05,0.0002257309902752683,0.001269298336580498,1.214824483424853e-19,1.242861251449956e-19,0.002615018552351826,-9.0834423833194e-05,-0.002524184128518633,0.002729958419170351,-8.851137588925338e-22,4.050255085114653e-19,0.004080091758039236,5.321634791707558e-07,-8.073925678305307e-09,-5.240895534924508e-07,7.176900935327258e-07,1.35123158356755e-23,9.512527235765209e-23,9.4285772129404e-07,0.1249623838359142
11,0.011,1,6,0.7902524848640047,0.2144795659435643,0.786864070986655,600,-130226450.725474,-20260877.13917142,-0.3043400049209595,97638333.58311523,1.316838338849211e-08,-1.746016988755835e-09,0.001994008001309814,3.994661363255396e-06,-0.002298977263671418,0.003999986693333232,5.961440457750884e-19,6.527426895798927e-19,-0.0006207409374621027,9.403529084886394e-05,0.000225730990275268,0.001269298336580498,1.711889840503974e-19,-2.269822085382586e-20,0.002615018552351826,-9.08344238331937e-05,-0.002524184128518633,0.002729958419170351,7.967153044854323e-20,4.89541999916347e-19,0.004080091758039236,5.32163479170756e-07,-8.073925678305257e-09,-5.240895534924509e-07,7.176900935327258e-07,3.367776335767895e-23,9.8285503254929e-23,9.4285772129404e-07,0.1249623838359142
11,0.011,1,7,0.2117475151359954,0.7895204340564357,0.786864070986655,600,-130226450.725474,-20260877.13917145,-0.3043400719761848,97638333.58311526,2.162382634175239e-09,6.722037386502954e-09,0.001994008001309814,3.994661363255396e-06,-0.002298977263671418,0.003999986693333232,-1.738880613081849e-21,8.693549973459632e-19,-0.0006207409374621027,9.403529084886389e-05,0.0002257309902752677,0.001269298336580499,2.811097424427811e-20,8.73864860245384e-20,0.002615018552351825,-9.083442383319375e-05,-0.002524184128518633,0.002729958419170351,-3.203631864695257e-19,4.820121235377729e-19,0.004080091758039236,5.321634791707558e-07,-8.073925678305277e-09,-5.240895534924508e-07,7.176900935327258e-07,-6.952686147944073e-23,1.084776285079795e-22,9.4285772129404e-07,0.1249623838359142
11,0.011,1,8,0.7902524848640047,0.7918298351331943,0.786864070986655,600,-130226450.725474,-20260877.13917145,-0.3043400421738625,97638333.58311526,1.289900543117588e-09,-1.090061175337856e-09,0.001994008001309814,3.994661363255396e-06,-0.002298977263671418,0.003999986693333232,4.299945296483011e-19,1.409838095175221e-18,-0.000620740937462103,9.40352908488639e-05,0.0002257309902752681,0.001269298336580498,1.676870706052865e-20,-1.417079527939212e-20,0.002615018552351826,-9.083442383319377e-05,-0.002524184128518633,0.002729958419170351,5.01123158789264e-20,5.081959978066732e-19,0.004080091758039236,5.321634791707557e-07,-8.073925678305261e-09,-5.240895534924508e-07,7.176900935327258e-07,8.747352121751472e-24,1.096067378714207e-22,9.4285772129404e-07,0.1249623838359142
12,0.012,1,1,0.2115361902705902,0.2121701648668057,0.2109932122426079,600,-214033082.8970508,-71532959.5435583,-0.0001198947429656982,52786272.68731967,5.185303569829656e-10,-3.97313678808166e-09,0.0009955030090686677,3.997324019712803e-06,-0.001570632413391846,0.00399998867802214,4.700219531733367e-20,2.443533726431574e-19,-0.0009628659751697373,-3.66151733720353e-05,0.0004283490636603145,0.0006862215449351559,6.740894640778548e-21,-5.165077824506161e-20,0.001958719737731114,3.980043617145399e-05,-0.00199852017390257,0.003312965571137011,8.435060838356778e-21,1.768753469772845e-19,0.004852130126483758,4.537691774614772e-07,7.530290573208505e-09,-4.612994680346859e-07,7.873297722153014e-07,4.62310406217759e-24,4.435358913723081e-23,1.035077008360644e-06,0.1249286288730723
12,0.012,1,2,0.7894638097294098,0.2144795659435643,0.2109932122426079,600,-214033082.8970507,-71532959.54355824,-0.0001198500394821167,52786272.68731967,8.893355333363001e-10,-4.366117111957307e-09,0.0009955030090686677,3.997324019712803e-06,-0.001570632413391846,0.00399998867802214,6.739247748043081e-20,2.034635267341099e-19,-0.0009628659751697367,-3.661517337203542e-05,0.0004283490636603144,0.0006862215449351558,1.156136193337191e-20,-5.675952245544498e-20,0.001958719737731114,3.980043617145404e-05,-0.00199852017390257,0.003312965571137011,8.647687151820768e-20,9.256954562642788e-20,0.004852130126483759,4.537691774614773e-07,7.530290573208502e-09,-4.61299468034686e-07,7.873297722153016e-07,2.105889592755011e-23,2.108513881430157e-23,1.035077008360644e-06,0.1249286288730723
12,0.012,1,3,0.2115361902705902,0.7895204340564358,0.2109932122426079,600,-214033082.8970509,-71532959.54355836,-0.0001199543476104736,52786272.68731967,1.087859001419277e-09,-4.771050114141956e-09,0.0009955030090686677,3.997324019712803e-06,-0.001570632413391846,0.00399998867802214,-5.472955894043012e-20,2.17072149837399e-19,-0.0009628659751697366,-3.661517337203561e-05,0.0004283490636603139,0.0006862215449351558,1.41421670184506e-20,-6.202365148384542e-20,0.001958719737731114,3.980043617145414e-05,-0.00199852017390257,0.003312965571137009,-6.208387535379525e-20,1.263190493830985e-19,0.004852130126483757,4.537691774614772e-07,7.530290573208528e-09,-4.61299468034686e-07,7.873297722153014e-07,-1.261385073767885e-23,3.282413518067566e-23,1.035077008360644e-06,0.1249286288730723
12,0.012,1,4,0.7894638097294098,0.7918298351331944,0.2109932122426079,600,-214033082.8970508,-71532959.5435583,-0.0001198798418045044,52786272.68731967,-6.083903779869412e-09,3.641204780209454e-10,0.0009955030090686677,3.997324019712803e-06,-0.001570632413391846,0.00399998867802214,5.29596561524849e-20,5.283707107733794e-19,-0.000962865975169737,-3.66151733720354e-05,0.0004283490636603143,0.0006862215449351558,-7.909074913830234e-20,4.733566214272293e-21,0.001958719737731114,3.980043617145404e-05,-0.00199852017390257,0.00331296557113701,1.514541707414649e-19,3.833293875064267e-19,0.004852130126483757,4.537691774614771e-07,7.530290573208502e-09,-4.61299468034686e-07,7.873297722153014e-07,3.575559302259345e-23,9.266865491239296e-23,1.035077008360644e-06,0.1249286288730723
12,0.012,1,5,0.2115361902705902,0.2121701648668058,0.7874373881415861,600,-214033082.8970508,-71532959.5435583,-0.0001198947429656982,52786272.68731966,-5.89243112581112e-10,-1.06138545809709e-08,0.0009955030090686677,3.997324019712803e-06,-0.001570632413391846,0.00399998867802214,2.777564352201779e-19,2.448143322443311e-19,-0.0009628659751697371,-3.661517337203542e-05,0.0004283490636603146,0.0006862215449351557,-7.660160463554471e-21,-1.379801095526216e-19,0.001958719737731114,3.980043617145406e-05,-0.00199852017390257,0.003312965571137011,-8.607573141131342e-21,2.866905748715725e-19,0.004852130126483759,4.537691774614772e-07,7.530290573208509e-09,-4.612994680346859e-07,7.873297722153014e-07,1.245562117867349e-23,8.087822010992614e-23,1.035077008360644e-06,0.1249286288730723
12,0.012,1,6,0.7894638097294098,0.2144795659435643,0.787437388141586,600,-214033082.8970508,-71532959.54355836,-0.0001199245452880859,52786272.68731964,-2.107778942343689e-10,-1.56004926983092e-08,0.0009955030090686677,3.997324019712803e-06,-0.001570632413391846,0.00399998867802214,2.980109537366589e-19,2.717934272477927e-19,-0.0009628659751697371,-3.661517337203551e-05,0.0004283490636603143,0.0006862215449351555,-2.740112625046802e-21,-2.028064050780196e-19,0.001958719737731114,3.980043617145417e-05,-0.00199852017390257,0.00331296557113701,7.595714615277869e-20,3.161417352718091e-19,0.004852130126483759,4.537691774614773e-07,7.530290573208538e-09,-4.61299468034686e-07,7.873297722153014e-07,3.308715071552514e-23,7.745909436702051e-23,1.035077008360644e-06,0.1249286288730723
12,0.012,1,7,0.2115361902705902,0.7895204340564357,0.7874373881415861,600,-214033082.8970509,-71532959.54355842,-0.000120013952255249,52786272.68731967,4.541162750456114e-09,-9.889969168458443e-09,0.0009955030090686677,3.997324019712803e-06,-0.001570632413391846,0.00399998867802214,-1.094591178808664e-19,4.341442996748102e-19,-0.000962865975169737,-3.661517337203572e-05,0.000428349063660314,0.0006862215449351558,5.903511575592947e-20,-1.285695991899597e-19,0.001958719737731113,3.980043617145431e-05,-0.00199852017390257,0.003312965571137011,-2.705122018223976e-19,3.720261671625244e-19,0.004852130126483759,4.537691774614772e-07,7.530290573208538e-09,-4.612994680346859e-07,7.873297722153014e-07,-6.362390145245195e-23,9.527191348123197e-23,1.035077008360644e-06,0.1249286288730723
12,0.012,1,8,0.7894638097294098,0.7918298351331943,0.7874373881415861,600,-214033082.8970509,-71532959.54355839,-0.0001199543476104736,52786272.68731966,-1.572099450358059e-09,-1.523692055867944e-08,0.0009955030090686677,3.997324019712803e-06,-0.001570632413391846,0.00399998867802214,1.059736177636295e-19,1.029593845181763e-18,-0.0009628659751697371,-3.661517337203563e-05,0.0004283490636603142,0.0006862215449351555,-2.043729285465477e-20,-1.980799672628328e-19,0.001958719737731114,3.980043617145421e-05,-0.00199852017390257,0.003312965571137011,3.310380893942784e-20,3.392737417166039e-19,0.004852130126483759,4.537691774614771e-07,7.530290573208542e-09,-4.612994680346859e-07,7.873297722153014e-07,6.718652657497351e-24,8.938156252280206e-23,1.035077008360644e-06,0.1249286288730723
13,0.013,1,1,0.2113248654051851,0.2121701648668057,0.2111825079825269,600,-238248397.2774179,-98686371.43052998,-0.000330999493598938,24865744.9538305,-9.824100530746967e-10,-5.799053890545776e-09,-3.999989333269578e-06,3.999989333465384e-06,-0.0006738695559498548,0.00399998933336747,-3.553145931937655e-21,8.134470340557687e-20,-0.001043212429240798,-0.0001360592612360265,0.0005054021530602671,0.0003232546843997964,-1.277133068997105e-20,-7.538770057709507e-20,0.001039650655231344,0.0001392353588257624,-0.001178886014057108,0.003675898979031232,-6.27122284918632e-21,9.19344216531539e-20,0.005882416742760565,3.690558732301815e-07,1.669550025594407e-08,-3.857513734861258e-07,8.207824133541157e-07,3.21535155362681e-24,3.648244232549667e-23,1.130041560244709e-06,0.1249157946803935
13,0.013,1,2,0.7886751345948151,0.2144795659435643,0.2111825079825269,600,-238248397.2774179,-98686371.43052997,-0.0003309547901153564,24865744.9538305,-2.036485484673928e-09,-4.020321761288682e-09,-3.999989333269578e-06,3.999989333465384e-06,-0.0006738695559498548,0.00399998933336747,-3.627641974708435e-21,1.185843598925808e-19,-0.001043212429240798,-0.0001360592612360267,0.0005054021530602667,0.0003232546843997963,-2.647431130076104e-20,-5.226418289675282e-20,0.001039650655231344,0.0001392353588257625,-0.001178886014057109,0.003675898979031231,5.660947441195084e-20,3.375711473842302e-20,0.005882416742760566,3.690558732301817e-07,1.669550025594406e-08,-3.857513734861259e-07,8.207824133541158e-07,1.828540810703667e-23,1.564572750191877e-23,1.130041560244709e-06,0.1249157946803934
13,0.013,1,3,0.211324865405185,0.7895204340564358,0.2111825079825269,600,-238248397.277418,-98686371.4305301,-0.0003311038017272949,24865744.9538305,5.111039014422737e-10,-6.174332881308645e-09,-3.999989333269578e-06,3.999989333465384e-06,-0.0006738695559498548,0.00399998933336747,-2.723176873272323e-20,5.419226839677403e-20,-0.001043212429240798,-0.0001360592612360267,0.0005054021530602662,0.0003232546843997963,6.644350718749554e-21,-8.026632745701237e-20,0.001039650655231344,0.0001392353588257625,-0.001178886014057108,0.00367589897903123,-5.480354302565124e-20,3.597923098530129e-20,0.005882416742760565,3.690558732301816e-07,1.669550025594408e-08,-3.857513734861259e-07,8.207824133541157e-07,-1.196892838412236e-23,2.446678719552319e-23,1.130041560244709e-06,0.1249157946803935
13,0.013,1,4,0.7886751345948151,0.7918298351331944,0.2111825079825269,600,-238248397.2774179,-98686371.43052998,-0.000330999493598938,24865744.95383049,-7.781543383265754e-09,-1.790894758131766e-09,-3.999989333269578e-06,3.999989333465384e-06,-0.0006738695559498548,0.00399998933336747,-2.801115255372979e-20,4.437966646346028e-19,-0.001043212429240798,-0.0001360592612360266,0.0005054021530602667,0.0003232546843997964,-1.011600639824548e-19,-2.328163185571295e-20,0.001039650655231344,0.0001392353588257624,-0.001178886014057109,0.003675898979031231,3.810894131798825e-20,3.572141917532835e-19,0.005882416742760565,3.690558732301814e-07,1.669550025594406e-08,-3.857513734861259e-07,8.207824133541157e-07,2.533991494877868e-23,9.026590546889438e-23,1.130041560244709e-06,0.1249157946803934
13,0.013,1,5,0.211324865405185,0.2121701648668058,0.7881438494606203,600,-238248397.2774179,-98686371.43052998,-0.0003309398889541626,24865744.95383048,-8.862978388100622e-09,-1.678350852056463e-08,-3.999989333269578e-06,3.999989333465384e-06,-0.0006738695559498548,0.00399998933336747,-1.37243651908975e-20,8.132436553644683e-20,-0.001043212429240798,-0.0001360592612360266,0.0005054021530602669,0.0003232546843997963,-1.152187190453081e-19,-2.181856107673402e-19,0.001039650655231344,0.0001392353588257624,-0.001178886014057108,0.003675898979031232,-1.395000635135363e-19,4.064491118362463e-20,0.005882416742760566,3.690558732301816e-07,1.669550025594406e-08,-3.857513734861258e-07,8.207824133541157e-07,1.745161294502957e-25,5.804766464525833e-23,1.130041560244709e-06,0.1249157946803934
13,0.013,1,6,0.7886751345948151,0.2144795659435643,0.7881438494606203,600,-238248397.277418,-98686371.43053004,-0.0003310590982437134,24865744.95383048,-9.911760476587362e-09,-1.22601109826635e-08,-3.999989333269578e-06,3.999989333465384e-06,-0.0006738695559498548,0.00399998933336747,-1.404980766450509e-20,2.440090595506262e-19,-0.001043212429240798,-0.0001360592612360267,0.0005054021530602669,0.0003232546843997962,-1.288528861956357e-19,-1.593814427746256e-19,0.001039650655231344,0.0001392353588257626,-0.001178886014057108,0.003675898979031231,-6.979470221421921e-20,1.365611730213561e-19,0.005882416742760566,3.690558732301816e-07,1.66955002559441e-08,-3.857513734861259e-07,8.207824133541157e-07,1.950078319002766e-23,6.081629433229183e-23,1.130041560244709e-06,0.1249157946803934
13,0.013,1,7,0.211324865405185,0.7895204340564357,0.7881438494606203,600,-238248397.2774181,-98686371.43053015,-0.0003311336040496826,24865744.9538305,-1.788083935516013e-09,-1.644074250423592e-08,-3.999989333269578e-06,3.999989333465384e-06,-0.0006738695559498548,0.00399998933336747,-5.446353746544648e-20,1.083845367935482e-19,-0.001043212429240798,-0.0001360592612360269,0.0005054021530602662,0.0003232546843997963,-2.324509116170815e-20,-2.137296525550668e-19,0.001039650655231343,0.0001392353588257627,-0.001178886014057108,0.003675898979031232,-2.975784046678274e-19,1.312191397244055e-19,0.005882416742760566,3.690558732301816e-07,1.66955002559441e-08,-3.857513734861258e-07,8.207824133541157e-07,-6.625672066198485e-23,7.295851065583004e-23,1.130041560244709e-06,0.1249157946803934
13,0.013,1,8,0.7886751345948151,0.7918298351331943,0.7881438494606203,600,-238248397.277418,-98686371.4305301,-0.0003311187028884888,24865744.95383048,-4.676397749932404e-09,-1.208480109031753e-08,-3.999989333269578e-06,3.999989333465384e-06,-0.0006738695559498548,0.00399998933336747,-5.625290453039076e-20,1.002867147537421e-18,-0.001043212429240798,-0.0001360592612360268,0.0005054021530602667,0.0003232546843997962,-6.079317074912125e-20,-1.571024141741279e-19,0.001039650655231344,0.0001392353588257626,-0.001178886014057108,0.003675898979031231,-3.494702560066567e-20,1.627907419350361e-19,0.005882416742760566,3.690558732301814e-07,1.66955002559441e-08,-3.857513734861258e-07,8.207824133541157e-07,4.732132785161065e-25,7.310265590275467e-23,1.130041560244709e-06,0.1249157946803934
14,0.014,1,1,0.2111135405397798,0.2121701648668057,0.2113850686532372,600,-245731881.6979593,-112096142.5205726,-0.0003223270177841187,11322386.51994478,2.397001640726564e-09,-3.588940162750281e-09,-0.001004502990900476,4.002657316679297e-06,0.0002848442565860857,0.003999988655360514,7.273377873998432e-20,4.082648602451885e-20,-0.001060515194708454,-0.0001918828900554408,0.0005367420363261859,0.0001471910247592821,3.116102132944532e-20,-4.665622211575364e-20,5.654002431750146e-05,0.0001950540562949464,-0.0002515940806124494,0.003851947085552272,3.109949244817459e-20,3.621997455802484e-20,0.006991467098497198,2.822021296657809e-07,2.16268504861627e-08,-3.038289801519439e-07,8.363355328281301e-07,6.548042998558622e-24,3.156935645502709e-23,1.228021555748997e-06,0.1249105749929669
14,0.014,1,2,0.7878864594602202,0.2144795659435643,0.2113850686532372,600,-245731881.6979593,-112096142.5205727,-0.0003223121166229248,11322386.51994478,7.281976738055389e-10,-4.439181248268076e-09,-0.001004502990900476,4.002657316679297e-06,0.0002848442565860857,0.003999988655360514,5.230995440031945e-20,7.81490472241589e-20,-0.001060515194708454,-0.0001918828900554408,0.0005367420363261864,0.0001471910247592821,9.466569759472006e-21,-5.770935622748499e-20,5.654002431750233e-05,0.0001950540562949462,-0.0002515940806124501,0.003851947085552272,6.802048537465243e-20,-3.517770595329569e-20,0.006991467098497198,2.822021296657811e-07,2.162685048616268e-08,-3.038289801519439e-07,8.363355328281302e-07,1.933183625120024e-23,9.559513702735408e-24,1.228021555748997e-06,0.1249105749929669
14,0.014,1,3,0.2111135405397798,0.7895204340564358,0.2113850686532372,600,-245731881.6979594,-112096142.5205728,-0.0003224313259124756,11322386.51994478,1.177549602182693e-09,-3.759743249798221e-09,-0.001004502990900476,4.002657316679297e-06,0.0002848442565860857,0.003999988655360514,4.061877863050935e-20,1.362998472339447e-20,-0.001060515194708454,-0.000191882890055441,0.000536742036326186,0.0001471910247592821,1.530814482837501e-20,-4.887666224737687e-20,5.654002431750254e-05,0.0001950540562949464,-0.0002515940806124499,0.00385194708555227,-3.636362419193322e-20,-2.236606891328986e-20,0.006991467098497196,2.822021296657809e-07,2.162685048616271e-08,-3.038289801519439e-07,8.363355328281301e-07,-1.030112095853223e-23,1.932463764351212e-23,1.228021555748997e-06,0.1249105749929669
14,0.014,1,4,0.7878864594602202,0.7918298351331944,0.2113850686532372,600,-245731881.6979594,-112096142.5205727,-0.0003223568201065063,11322386.51994478,-1.647841453918608e-09,-3.424300855892841e-09,-0.001004502990900476,4.002657316679297e-06,0.0002848442565860857,0.003999988655360514,-6.868999522358217e-20,4.034935309995928e-19,-0.001060515194708455,-0.0001918828900554407,0.0005367420363261863,0.0001471910247592822,-2.14219389009419e-20,-4.451591112660694e-20,5.654002431750189e-05,0.0001950540562949462,-0.0002515940806124507,0.003851947085552271,1.247045872898541e-20,3.039722352826362e-19,0.006991467098497196,2.822021296657808e-07,2.162685048616268e-08,-3.038289801519439e-07,8.363355328281301e-07,2.308666767476544e-23,8.555432673357368e-23,1.228021555748997e-06,0.1249105749929669
14,0.014,1,5,0.2111135405397798,0.2121701648668058,0.7888998161753262,600,-245731881.6979593,-112096142.5205726,-0.0003223270177841187,11322386.51994477,3.784762287881239e-09,-1.143613918538633e-08,-0.001004502990900476,4.002657316679297e-06,0.0002848442565860857,0.003999988655360514,2.843497714866722e-19,8.189609633991016e-20,-0.001060515194708454,-0.0001918828900554408,0.0005367420363261859,0.000147191024759282,4.920190974245613e-20,-1.486698094100223e-19,5.654002431750124e-05,0.0001950540562949464,-0.000251594080612449,0.003851947085552272,-8.038526113279103e-20,-1.369287222155528e-19,0.006991467098497199,2.82202129665781e-07,2.162685048616269e-08,-3.038289801519439e-07,8.363355328281301e-07,5.487559293595409e-24,4.238086269539678e-23,1.228021555748997e-06,0.1249105749929669
14,0.014,1,6,0.7878864594602203,0.2144795659435643,0.7888998161753263,600,-245731881.6979595,-112096142.5205729,-0.0003225356340408325,11322386.51994477,2.118790574804767e-09,-8.427481894525641e-09,-0.001004502990900476,4.002657316679297e-06,0.0002848442565860857,0.003999988655360514,2.64163104688234e-19,6.68136313500458e-22,-0.001060515194708454,-0.0001918828900554411,0.0005367420363261856,0.0001471910247592819,2.754427747246194e-20,-1.095572646288333e-19,5.654002431750168e-05,0.0001950540562949466,-0.0002515940806124492,0.003851947085552271,-3.64585676419878e-20,5.866173474218153e-21,0.006991467098497199,2.82202129665781e-07,2.162685048616273e-08,-3.038289801519439e-07,8.363355328281301e-07,2.256204371857593e-23,4.93071801550288e-23,1.228021555748997e-06,0.1249105749929669
14,0.014,1,7,0.2111135405397798,0.7895204340564357,0.7888998161753263,600,-245731881.6979595,-112096142.5205729,-0.0003225505352020264,11322386.51994478,6.769149306523196e-09,-7.484912158130863e-09,-0.001004502990900476,4.002657316679297e-06,0.0002848442565860857,0.003999988655360514,1.624209070840423e-19,8.161720088810377e-20,-0.001060515194708455,-0.0001918828900554411,0.000536742036326186,0.0001471910247592821,8.799894098480154e-20,-9.730385805570121e-20,5.654002431750146e-05,0.0001950540562949467,-0.0002515940806124497,0.003851947085552272,-1.918460346364338e-19,1.523721606508991e-20,0.006991467098497198,2.822021296657809e-07,2.162685048616273e-08,-3.038289801519438e-07,8.363355328281301e-07,-5.679453231149202e-23,6.276576901289671e-23,1.228021555748997e-06,0.1249105749929669
14,0.014,1,8,0.7878864594602202,0.7918298351331943,0.7888998161753265,600,-245731881.6979593,-112096142.5205727,-0.000322297215461731,11322386.51994478,1.650091779703531e-09,-8.347195818888492e-09,-0.001004502990900476,4.002657316679297e-06,0.0002848442565860857,0.003999988655360514,-5.599336273166064e-20,7.597295609610293e-19,-0.001060515194708455,-0.0001918828900554408,0.0005367420363261865,0.0001471910247592821,2.145119313614591e-20,-1.085135456455504e-19,5.654002431750189e-05,0.0001950540562949463,-0.0002515940806124498,0.003851947085552272,-8.718135525157381e-21,3.34935376351461e-20,0.006991467098497198,2.822021296657808e-07,2.162685048616272e-08,-3.038289801519438e-07,8.363355328281301e-07,2.952017880189442e-24,6.173719859494895e-23,1.228021555748997e-06,0.1249105749929669
15,0.015,1,1,0.2109022156743746,0.2121701648668057,0.2115923672350533,600,-249404285.6896987,-119081152.8183302,-0.0002951323986053467,5128613.712521286,1.322711660785764e-09,-5.400666780624514e-09,-0.002006007998643941,4.005327967888483e-06,0.001265031759867732,0.00399998663999741,8.804350626692522e-20,-5.387664990081491e-20,-0.001068399699220556,-0.0002212993355566604,0.0005527281577605679,6.667197826277673e-05,1.719525159021493e-20,-7.02086681481187e-20,-0.0009369889397672223,0.0002244678732876268,0.0007125210664795942,0.003932458937263763,5.164908277410243e-20,-4.865029705380945e-20,0.008123051259777499,1.934173464213987e-07,2.425535902540883e-08,-2.176727054468077e-07,8.435303178431737e-07,8.34638608924347e-24,2.394912916025053e-23,1.329143373143221e-06,0.1249079125731943
15,0.015,1,2,0.7870977843256255,0.2144795659435643,0.2115923672350533,600,-249404285.6896986,-119081152.8183301,-0.0002950578927993774,5128613.712521284,9.395974748750256e-11,-4.134214046220537e-09,-0.002006007998643941,4.005327967888483e-06,0.001265031759867732,0.00399998663999741,4.72093257544756e-20,-6.318775752332388e-21,-0.001068399699220556,-0.0002212993355566602,0.0005527281577605679,6.667197826277671e-05,1.221476717337533e-21,-5.374478260086697e-20,-0.0009369889397672221,0.0002244678732876264,0.0007125210664795941,0.003932458937263762,6.937597200076395e-20,-1.001192048774914e-19,0.008123051259777499,1.934173464213988e-07,2.425535902540879e-08,-2.176727054468078e-07,8.435303178431738e-07,1.94341760485257e-23,3.737061460462304e-24,1.329143373143221e-06,0.1249079125731943
15,0.015,1,3,0.2109022156743746,0.7895204340564358,0.2115923672350533,600,-249404285.6896987,-119081152.8183302,-0.0002951323986053467,5128613.712521287,-4.098121974514554e-10,-5.478051508249349e-09,-0.002006007998643941,4.005327967888483e-06,0.001265031759867732,0.00399998663999741,8.137446414041649e-20,-8.104941353328657e-20,-0.001068399699220556,-0.0002212993355566605,0.0005527281577605681,6.667197826277673e-05,-5.327558566868922e-21,-7.121466960724152e-20,-0.0009369889397672212,0.0002244678732876268,0.0007125210664795937,0.00393245893726376,-4.301425215406977e-20,-1.084642202437709e-19,0.008123051259777497,1.934173464213987e-07,2.425535902540884e-08,-2.176727054468078e-07,8.435303178431737e-07,-1.093725697618216e-23,1.159301591985032e-23,1.329143373143221e-06,0.1249079125731943
15,0.015,1,4,0.7870977843256255,0.7918298351331944,0.2115923672350533,600,-249404285.6896988,-119081152.8183303,-0.0002952665090560913,5128613.712521288,-4.530313108527851e-09,-3.674216137581068e-09,-0.002006007998643941,4.005327967888483e-06,0.001265031759867732,0.00399998663999741,-1.3670116951805e-19,3.192255818878647e-19,-0.001068399699220556,-0.0002212993355566604,0.0005527281577605679,6.667197826277673e-05,-5.889407041086207e-20,-4.776480978855388e-20,-0.0009369889397672223,0.0002244678732876266,0.0007125210664795933,0.003932458937263761,-5.873298503541367e-20,2.464739066474624e-19,0.008123051259777497,1.934173464213986e-07,2.425535902540881e-08,-2.176727054468078e-07,8.435303178431737e-07,1.676925649441083e-23,8.04253638130745e-23,1.329143373143221e-06,0.1249079125731943
15,0.015,1,5,0.2109022156743747,0.2121701648668058,0.7896734650150012,600,-249404285.6896987,-119081152.8183302,-0.0002951323986053467,5128613.712521282,3.006493371834237e-10,-1.650519382362431e-08,-0.002006007998643941,4.005327967888483e-06,0.001265031759867732,0.00399998663999741,2.57939183661369e-19,-4.054568716382723e-19,-0.001068399699220556,-0.0002212993355566604,0.0005527281577605679,6.667197826277669e-05,3.908441383384508e-21,-2.14567519707116e-19,-0.0009369889397672225,0.0002244678732876268,0.0007125210664795946,0.003932458937263763,-7.631282276747418e-20,-3.963122891165818e-19,0.008123051259777499,1.934173464213987e-07,2.425535902540882e-08,-2.176727054468077e-07,8.435303178431737e-07,5.733607088898415e-24,1.909200576045472e-23,1.329143373143221e-06,0.1249079125731943
15,0.015,1,6,0.7870977843256255,0.2144795659435643,0.7896734650150011,600,-249404285.6896988,-119081152.8183304,-0.000295296311378479,5128613.712521279,-1.869721991712323e-09,-1.325494027625871e-08,-0.002006007998643941,4.005327967888483e-06,0.001265031759867732,0.00399998663999741,2.168206913289156e-19,-2.15777782141444e-19,-0.001068399699220556,-0.0002212993355566605,0.0005527281577605672,6.667197826277662e-05,-2.430638589226019e-20,-1.723142235913631e-19,-0.0009369889397672227,0.0002244678732876268,0.0007125210664795951,0.003932458937263761,-6.635760325571116e-20,-2.024949810308445e-19,0.008123051259777501,1.934173464213988e-07,2.425535902540884e-08,-2.176727054468078e-07,8.435303178431737e-07,1.977806657148264e-23,3.05899864236843e-23,1.329143373143221e-06,0.1249079125731943
15,0.015,1,7,0.2109022156743747,0.7895204340564357,0.7896734650150012,600,-249404285.6896989,-119081152.8183304,-0.0002953708171844482,5128613.712521284,6.837013840113638e-09,-1.471498533856283e-08,-0.002006007998643941,4.005327967888483e-06,0.001265031759867732,0.00399998663999741,4.333472864936398e-19,-1.074150466194056e-19,-0.001068399699220556,-0.0002212993355566607,0.0005527281577605671,6.667197826277669e-05,8.888117992147727e-20,-1.912948094013168e-19,-0.0009369889397672234,0.0002244678732876271,0.0007125210664795949,0.003932458937263762,-8.510779591857453e-20,-2.157033314385663e-19,0.008123051259777499,1.934173464213987e-07,2.425535902540886e-08,-2.176727054468077e-07,8.435303178431737e-07,-4.727555767888761e-23,4.206201818290463e-23,1.329143373143221e-06,0.1249079125731943
15,0.015,1,8,0.7870977843256255,0.7918298351331943,0.7896734650150012,600,-249404285.6896987,-119081152.8183302,-0.0002951323986053467,5128613.712521284,7.346662761136076e-10,-1.321780915207461e-08,-0.002006007998643941,4.005327967888483e-06,0.001265031759867732,0.00399998663999741,-2.506130345189838e-21,5.442460519532048e-19,-0.001068399699220556,-0.0002212993355566604,0.0005527281577605678,6.667197826277669e-05,9.550661589476895e-21,-1.718315189769698e-19,-0.000936988939767223,0.0002244678732876268,0.0007125210664795948,0.003932458937263762,2.359847082080176e-21,-1.737104718849661e-19,0.008123051259777499,1.934173464213986e-07,2.425535902540884e-08,-2.176727054468077e-07,8.435303178431737e-07,3.996390758455024e-24,4.319677411249136e-23,1.329143373143221e-06,0.1249079125731943
16,0.016,1,1,0.2109022156743746,0.2118320450821575,0.2116259206655147,600,-189758249.3885394,-99445571.52279757,-7.12275505065918e-06,-81846010.62457101,3.348378644367411e-09,-4.286338355093795e-09,-0.002003444591207816,1.441920534765847e-06,0.00142359499539111,0.002399996088184071,1.218497601670442e-19,-8.094330297615267e-20,-0.0007996228896584903,-0.0002125904835311681,0.0004338057313669701,-0.001063998138119423,4.352892237677634e-20,-5.572239861621932e-20,-0.001202492754736274,0.000212554167869448,0.0009899385868668252,0.003463253337229023,7.083954847750154e-20,-7.32799148285889e-20,0.008539515512047754,1.281040743770906e-07,2.142743074267394e-08,-1.495315051197648e-07,7.275523949454959e-07,1.312515304494268e-23,1.790620861860574e-23,1.431438188565793e-06,0.1249277199462739
16,0.016,1,2,0.7870977843256255,0.2132176857282126,0.2116259206655147,600,-189758249.3885394,-99445571.52279751,-7.078051567077637e-06,-81846010.62457103,2.677923939204514e-09,-9.868395437878908e-09,-0.002003444591207816,1.441920534765847e-06,0.00142359499539111,0.002399996088184071,8.111079465295723e-20,-8.097162284757205e-20,-0.00079962288965849,-0.000212590483531168,0.0004338057313669703,-0.001063998138119423,3.481301120965869e-20,-1.282891406924258e-19,-0.001202492754736274,0.0002125541678694477,0.0009899385868668248,0.003463253337229022,8.479572965043475e-20,-1.56917383162646e-19,0.008539515512047754,1.281040743770908e-07,2.142743074267391e-08,-1.495315051197648e-07,7.27552394945496e-07,2.327924981580727e-23,-1.018809804799536e-23,1.431438188565793e-06,0.1249277199462738
16,0.016,1,3,0.2109022156743746,0.7891823142717874,0.2116259206655147,600,-189758249.3885394,-99445571.52279757,-7.063150405883789e-06,-81846010.62457098,4.342952666000214e-10,-3.615973089918741e-09,-0.002003444591207816,1.441920534765956e-06,0.00142359499539111,0.002399996088184071,1.354945106742996e-19,-1.351696072647228e-19,-0.0007996228896584899,-0.0002125904835311681,0.00043380573136697,-0.001063998138119422,5.645838465800277e-21,-4.700765016894362e-20,-0.001202492754736273,0.0002125541678694479,0.0009899385868668248,0.00346325333722902,-4.061726862207773e-20,-1.292163437466364e-19,0.008539515512047752,1.281040743770906e-07,2.142743074267393e-08,-1.495315051197648e-07,7.27552394945496e-07,-1.030699033248898e-23,6.4964121666654e-24,1.431438188565793e-06,0.1249277199462739
16,0.016,1,4,0.7870977843256255,0.7905679549178426,0.2116259206655147,600,-189758249.3885396,-99445571.52279764,-7.197260856628418e-06,-81846010.62457098,-2.420194171406023e-09,-1.533183926534723e-08,-0.002003444591207816,1.441920534765956e-06,0.00142359499539111,0.002399996088184071,-8.210569557249e-20,1.360637232721127e-19,-0.0007996228896584903,-0.0002125904835311682,0.0004338057313669699,-0.001063998138119423,-3.14625242282783e-20,-1.99313910449514e-19,-0.001202492754736275,0.0002125541678694478,0.0009899385868668243,0.003463253337229021,-7.210563730490131e-20,1.582104391058319e-19,0.008539515512047752,1.281040743770905e-07,2.142743074267392e-08,-1.495315051197648e-07,7.27552394945496e-07,1.349968762083126e-23,5.878982860210277e-23,1.431438188565793e-06,0.1249277199462738
16,0.016,1,5,0.2109022156743747,0.2118320450821575,0.7897986881222514,600,-189758249.3885394,-99445571.52279757,-7.12275505065918e-06,-81846010.62457101,9.216335164524613e-09,-1.071839394634171e-08,-0.002003444591207816,1.441920534765956e-06,0.00142359499539111,0.002399996088184071,5.279434606511655e-19,-1.6165460516363e-19,-0.0007996228896584903,-0.0002125904835311681,0.0004338057313669701,-0.001063998138119423,1.198123571388199e-19,-1.393391213024422e-19,-0.001202492754736274,0.000212554167869448,0.0009899385868668256,0.003463253337229023,-2.378518858089494e-20,-4.576270851171253e-19,0.008539515512047754,1.281040743770907e-07,2.142743074267393e-08,-1.495315051197648e-07,7.275523949454959e-07,1.886491122007294e-23,4.016044843075908e-24,1.431438188565793e-06,0.1249277199462738
16,0.016,1,6,0.7870977843256255,0.2132176857282126,0.7897986881222514,600,-189758249.3885396,-99445571.5227977,-7.286667823791504e-06,-81846010.62457101,8.435231770113717e-09,-1.966295187966256e-08,-0.002003444591207816,1.441920534765956e-06,0.00142359499539111,0.002399996088184071,4.873669249449025e-19,-2.970152248711706e-19,-0.0007996228896584904,-0.0002125904835311683,0.0004338057313669695,-0.001063998138119423,1.096580130114783e-19,-2.556183744356133e-19,-0.001202492754736275,0.000212554167869448,0.0009899385868668261,0.003463253337229021,-1.823252763244291e-20,-3.152613593965611e-19,0.008539515512047756,1.281040743770907e-07,2.142743074267396e-08,-1.495315051197648e-07,7.275523949454959e-07,3.181134140443061e-23,2.858654623566938e-24,1.431438188565793e-06,0.1249277199462738
16,0.016,1,7,0.2109022156743747,0.7891823142717875,0.7897986881222514,600,-189758249.3885396,-99445571.52279773,-7.286667823791504e-06,-81846010.62457104,7.615919202476623e-09,-8.758385854796659e-09,-0.002003444591207816,1.441920534765956e-06,0.00142359499539111,0.002399996088184071,5.415231466757187e-19,-1.616708712843055e-19,-0.0007996228896584905,-0.0002125904835311684,0.0004338057313669698,-0.001063998138119423,9.900694963219609e-20,-1.138590161123566e-19,-0.001202492754736275,0.0002125541678694483,0.0009899385868668252,0.003463253337229022,-4.148344063573073e-20,-2.659503453554727e-19,0.008539515512047752,1.281040743770906e-07,2.142743074267396e-08,-1.495315051197647e-07,7.275523949454959e-07,-3.644146131107302e-23,2.974757311383764e-23,1.431438188565793e-06,0.1249277199462738
16,0.016,1,8,0.7870977843256255,0.7905679549178426,0.7897986881222514,600,-189758249.3885394,-99445571.52279758,-7.12275505065918e-06,-81846010.62457101,4.108890597732406e-09,-2.542363734993766e-08,-0.002003444591207816,1.441920534765956e-06,0.00142359499539111,0.002399996088184071,1.068754583266041e-19,-7.971962082067708e-20,-0.00079962288965849,-0.0002125904835311681,0.00043380573136697,-0.001063998138119423,5.341557777052127e-20,-3.305072855491896e-19,-0.001202492754736275,0.000212554167869448,0.0009899385868668256,0.003463253337229022,2.601078293651882e-20,-3.199672235788454e-19,0.008539515512047754,1.281040743770905e-07,2.142743074267395e-08,-1.495315051197647e-07,7.275523949454959e-07,9.921947833625406e-24,7.311828505759884e-24,1.431438188565793e-06,0.1249277199462738
17,0.017,1,1,0.2109022156743746,0.2114939252975092,0.211668011092047,600,-119411178.0537628,-70357183.53613116,-9.387731552124023e-07,-111077358.7290259,5.432299271227233e-10,-9.101377557130487e-10,-0.002002162884202666,1.602135297635172e-07,0.001622465914689583,0.000799999380094077,8.118274295245295e-20,-1.217535341934549e-19,-0.0004915201149646159,-0.0001726691506000102,0.0002846525423848365,-0.001444005663477337,7.061989052595403e-21,-1.183179082426963e-20,-0.001508630711292642,0.000170713392567458,0.001337917318725183,0.002243420470401021,7.678910064348736e-20,-8.338720936369526e-20,0.009341514777530872,8.840528121726884e-08,1.575045722784378e-08,-1.041557384451128e-07,5.680213007576973e-07,1.390298212836141e-23,1.657538168234187e-23,1.53601737175167e-06,0.1249525669073725
17,0.017,1,2,0.7870977843256255,0.2119558055128609,0.211668011092047,600,-119411178.0537627,-70357183.53613107,-8.493661880493164e-07,-111077358.7290259,4.590136244358508e-10,-4.75733009032491e-10,-0.002002162884202666,1.602135297635172e-07,0.001622465914689583,0.000799999380094077,4.03841780872311e-20,2.720862419799092e-20,-0.0004915201149646157,-0.0001726691506000101,0.0002846525423848367,-0.001444005663477337,5.967177117666061e-21,-6.184529117422385e-21,-0.001508630711292641,0.0001707133925674577,0.001337917318725182,0.002243420470401021,8.978670164445249e-20,-1.62267127761437e-19,0.009341514777530872,8.8405281217269e-08,1.575045722784375e-08,-1.041557384451129e-07,5.680213007576974e-07,2.392609418108426e-23,-1.089645404648791e-23,1.53601737175167e-06,0.1249525669073725
17,0.017,1,3,0.2109022156743746,0.7888441944871392,0.211668011092047,600,-119411178.0537627,-70357183.53613113,-8.866190910339355e-07,-111077358.7290259,1.924003898107275e-09,-3.93719238595111e-09,-0.002002162884202666,1.602135297635308e-07,0.001622465914689583,0.0007999993800940769,1.62409607960438e-19,-1.081793242651e-19,-0.0004915201149646158,-0.0001726691506000102,0.0002846525423848365,-0.001444005663477336,2.501205067539458e-20,-5.118350101736443e-20,-0.001508630711292641,0.0001707133925674579,0.001337917318725182,0.002243420470401019,-1.953596360432354e-20,-1.724786563971487e-19,0.00934151477753087,8.840528121726886e-08,1.575045722784376e-08,-1.041557384451129e-07,5.680213007576974e-07,-7.507979893430753e-24,8.812916560408081e-25,1.53601737175167e-06,0.1249525669073725
17,0.017,1,4,0.7870977843256255,0.7893060747024908,0.211668011092047,600,-119411178.0537628,-70357183.53613117,-9.313225746154785e-07,-111077358.7290259,3.6812780913336e-10,-1.473320615228505e-08,-0.002002162884202666,1.602135297635308e-07,0.001622465914689583,0.0007999993800940769,-5.489742447448752e-20,-2.690928278678671e-20,-0.0004915201149646161,-0.0001726691506000103,0.0002846525423848366,-0.001444005663477337,4.785661518733675e-21,-1.915316799797057e-19,-0.001508630711292642,0.0001707133925674579,0.001337917318725182,0.002243420470401021,-6.753352813304584e-20,-3.977134084707998e-21,0.00934151477753087,8.840528121726871e-08,1.575045722784376e-08,-1.041557384451129e-07,5.680213007576974e-07,1.41879465191196e-23,3.770417690232655e-23,1.53601737175167e-06,0.1249525669073725
17,0.017,1,5,0.2109022156743747,0.2114939252975092,0.7899557717325821,600,-119411178.0537628,-70357183.53613116,-9.387731552124023e-07,-111077358.7290259,7.568717797486568e-10,-2.419776090906409e-09,-0.002002162884202666,1.602135297635172e-07,0.001622465914689583,0.000799999380094077,3.652804731960718e-19,-1.339527171208053e-20,-0.0004915201149646159,-0.0001726691506000102,0.0002846525423848365,-0.001444005663477337,9.83933313673253e-21,-3.145708918178333e-20,-0.001508630711292642,0.000170713392567458,0.001337917318725183,0.002243420470401021,-1.555517146678559e-20,-4.844280532875586e-19,0.009341514777530872,8.840528121726889e-08,1.575045722784377e-08,-1.041557384451128e-07,5.680213007576973e-07,1.993558060686819e-23,4.970080335142916e-25,1.53601737175167e-06,0.1249525669073725
17,0.017,1,6,0.7870977843256255,0.2119558055128609,0.7899557717325821,600,-119411178.0537629,-70357183.53613128,-1.087784767150879e-06,-111077358.7290259,3.269516165263057e-10,6.371251554067837e-10,-0.002002162884202666,1.602135297635172e-07,0.001622465914689583,0.000799999380094077,3.245793404385162e-19,-1.079829969122433e-19,-0.000491520114964616,-0.0001726691506000104,0.0002846525423848359,-0.001444005663477336,4.250371014841973e-21,8.282627020288208e-21,-0.001508630711292642,0.000170713392567458,0.001337917318725183,0.00224342047040102,-1.438375211788146e-20,-3.085397758134589e-19,0.009341514777530873,8.840528121726893e-08,1.57504572278438e-08,-1.041557384451129e-07,5.680213007576973e-07,3.231359047388481e-23,3.737988731036681e-24,1.53601737175167e-06,0.1249525669073725
17,0.017,1,7,0.2109022156743747,0.7888441944871392,0.789955771732582,600,-119411178.0537629,-70357183.53613131,-1.057982444763184e-06,-111077358.7290259,9.758717134945973e-09,-2.492755973108899e-09,-0.002002162884202666,1.602135297634901e-07,0.001622465914689583,0.0007999993800940771,4.32976812803934e-19,1.735158460842105e-22,-0.0004915201149646162,-0.0001726691506000105,0.0002846525423848361,-0.001444005663477337,1.268633227542977e-19,-3.240582765041569e-20,-0.001508630711292642,0.0001707133925674582,0.001337917318725183,0.002243420470401021,6.546793195093783e-20,-2.931502248667029e-19,0.00934151477753087,8.840528121726885e-08,1.575045722784379e-08,-1.041557384451128e-07,5.680213007576973e-07,-2.235967680887861e-23,2.625902180556527e-23,1.53601737175167e-06,0.1249525669073725
17,0.017,1,8,0.7870977843256255,0.7893060747024909,0.7899557717325821,600,-119411178.0537627,-70357183.53613111,-8.791685104370117e-07,-111077358.7290259,7.84852656071682e-09,-4.746011091438085e-09,-0.002002162884202666,1.602135297634901e-07,0.001622465914689583,0.0007999993800940771,-1.550716062917288e-21,-5.359942122631171e-20,-0.0004915201149646158,-0.0001726691506000101,0.0002846525423848365,-0.001444005663477337,1.020308452893187e-19,-6.169814418869508e-20,-0.001508630711292642,0.0001707133925674578,0.001337917318725183,0.002243420470401021,1.121841619290619e-19,-3.721387524357005e-19,0.009341514777530872,8.840528121726875e-08,1.575045722784377e-08,-1.041557384451128e-07,5.680213007576973e-07,2.130440872852967e-23,5.811782626175451e-25,1.53601737175167e-06,0.1249525669073725
18,0.018,1,1,0.2109022156743746,0.2111558055128609,0.2116972658734865,600,-73167338.95238957,-47500453.85878842,-7.450580596923828e-09,-121742919.9938959,5.191389681361784e-10,-2.020398269385858e-10,-0.002002162884202784,1.602135297689789e-07,0.001760667052466677,-0.0007999993800940711,1.216825172498456e-19,-6.095061238815616e-20,-0.0002945860139737653,-0.0001277512608653577,0.000181001689216767,-0.001582657959920647,6.74880658577032e-21,-2.626517750201614e-21,-0.001704898699274952,0.0001251587110640997,0.001579739988210852,0.0007822463391855097,8.292479638378787e-20,-8.584769126270029e-20,0.01022509526442568,6.484469232516446e-08,9.989806285608516e-09,-7.483449861077317e-08,3.904091709783787e-07,1.466851225754244e-23,1.626892072900847e-23,1.643152386943952e-06,0.1249698366876115
18,0.018,1,2,0.7870977843256255,0.2106939252975092,0.2116972658734865,600,-73167338.95238948,-47500453.85878833,8.195638656616211e-08,-121742919.9938959,4.791648838905664e-10,2.632109602826974e-09,-0.002002162884202784,1.602135297689789e-07,0.001760667052466677,-0.0007999993800940711,8.093000106041455e-20,-9.482433297335864e-20,-0.0002945860139737651,-0.0001277512608653576,0.0001810016892167672,-0.001582657959920647,6.229143490577365e-21,3.421742483675066e-20,-0.001704898699274952,0.0001251587110640993,0.001579739988210851,0.0007822463391855088,9.523881176494309e-20,-1.305140676117044e-19,0.01022509526442568,6.484469232516462e-08,9.989806285608483e-09,-7.483449861077322e-08,3.904091709783788e-07,2.457595383467131e-23,-7.093784012355455e-24,1.643152386943952e-06,0.1249698366876115
18,0.018,1,3,0.2109022156743746,0.788506074702491,0.2116972658734865,600,-73167338.95238955,-47500453.85878842,2.235174179077148e-08,-121742919.9938959,4.947999136850237e-11,-4.483173141507512e-09,-0.002002162884202784,1.602135297689789e-07,0.001760667052466677,-0.0007999993800940711,1.623221919342444e-19,-5.417977534125791e-20,-0.0002945860139737653,-0.0001277512608653577,0.0001810016892167671,-0.001582657959920647,6.432398877905319e-22,-5.828125083959767e-20,-0.001704898699274951,0.0001251587110640996,0.001579739988210851,0.0007822463391855079,-1.895856240615146e-20,-2.264516738952884e-19,0.01022509526442568,6.484469232516449e-08,9.989806285608492e-09,-7.483449861077324e-08,3.904091709783788e-07,-7.426234199271294e-24,-5.649988109132665e-24,1.643152386943952e-06,0.1249698366876115
18,0.018,1,4,0.7870977843256255,0.7880441944871392,0.2116972658734865,600,-73167338.95238961,-47500453.85878845,-1.490116119384766e-08,-121742919.9938959,-7.670776644903729e-10,-1.777628387930326e-08,-0.002002162884202784,1.602135297689789e-07,0.001760667052466677,-0.0007999993800940711,-5.495773805525919e-20,-6.779519650472996e-20,-0.0002945860139737655,-0.0001277512608653578,0.0001810016892167672,-0.001582657959920647,-9.972009638374852e-21,-2.310916904309424e-19,-0.001704898699274952,0.0001251587110640995,0.001579739988210851,0.000782246339185509,-7.649031170802618e-20,-2.179064099821206e-19,0.01022509526442568,6.484469232516432e-08,9.98980628560849e-09,-7.48344986107732e-08,3.904091709783788e-07,1.314647490323082e-23,1.179072187340798e-23,1.643152386943952e-06,0.1249698366876115
18,0.018,1,5,0.2109022156743747,0.2111558055128609,0.7900649520632786,600,-73167338.95238957,-47500453.85878842,-7.450580596923828e-09,-121742919.9938959,1.475191953512083e-09,-1.257594416903392e-09,-0.002002162884202784,1.602135297689789e-07,0.001760667052466677,-0.0007999993800940711,5.2756376363846e-19,-6.998555575604095e-21,-0.0002945860139737653,-0.0001277512608653577,0.000181001689216767,-0.001582657959920647,1.917749539565708e-20,-1.634872741974411e-20,-0.001704898699274952,0.0001251587110640997,0.001579739988210852,0.0007822463391855097,1.687017428407644e-21,-4.994748929236453e-19,0.01022509526442568,6.484469232516452e-08,9.98980628560851e-09,-7.483449861077317e-08,3.904091709783787e-07,2.208425664165824e-23,-1.34802613341412e-24,1.643152386943952e-06,0.1249698366876115
18,0.018,1,6,0.7870977843256255,0.2106939252975092,0.7900649520632786,600,-73167338.95238972,-47500453.85878856,-1.564621925354004e-07,-121742919.9938959,1.259001232280942e-09,-2.072952573350713e-10,-0.002002162884202784,1.602135297689789e-07,0.001760667052466677,-0.0007999993800940711,4.867084214128102e-19,-2.979171624571094e-19,-0.0002945860139737656,-0.000127751260865358,0.0001810016892167667,-0.001582657959920647,1.636701601965225e-20,-2.694838345355927e-21,-0.001704898699274952,0.0001251587110640998,0.001579739988210852,0.0007822463391855084,1.718326468659561e-22,-3.107210307288337e-19,0.01022509526442568,6.484469232516456e-08,9.989806285608548e-09,-7.483449861077328e-08,3.904091709783787e-07,3.409192581926607e-23,3.39000739769374e-24,1.643152386943952e-06,0.1249698366876115
18,0.018,1,7,0.2109022156743747,0.7885060747024909,0.7900649520632785,600,-73167338.95238973,-47500453.85878858,-1.564621925354004e-07,-121742919.9938959,1.821933235832994e-09,-1.837919414415211e-09,-0.002002162884202784,1.602135297689789e-07,0.001760667052466677,-0.0007999993800940711,4.330034957351341e-19,2.162853517865443e-19,-0.0002945860139737657,-0.000127751260865358,0.0001810016892167669,-0.001582657959920647,2.368513206582894e-20,-2.389295238739775e-20,-0.001704898699274953,0.0001251587110640999,0.001579739988210851,0.0007822463391855101,8.735639876318926e-20,-3.15377678916503e-19,0.01022509526442568,6.484469232516448e-08,9.989806285608528e-09,-7.483449861077314e-08,3.904091709783787e-07,-1.970187052145842e-23,2.357263881256234e-23,1.643152386943952e-06,0.1249698366876115
18,0.018,1,8,0.7870977843256255,0.7880441944871392,0.7900649520632786,600,-73167338.95238955,-47500453.85878839,2.980232238769531e-08,-121742919.9938959,8.318435658926337e-10,-7.337995508130509e-09,-0.002002162884202784,1.602135297689789e-07,0.001760667052466677,-0.0007999993800940711,-1.783740198413474e-21,-3.793406998729367e-19,-0.0002945860139737652,-0.0001277512608653577,0.0001810016892167672,-0.001582657959920647,1.081396635660424e-20,-9.539394160569662e-20,-0.001704898699274953,0.0001251587110640996,0.001579739988210852,0.0007822463391855092,1.219826026301359e-19,-4.604110559506057e-19,0.01022509526442568,6.484469232516437e-08,9.989806285608515e-09,-7.483449861077312e-08,3.904091709783787e-07,2.246732318064579e-23,-1.01719891909738e-23,1.643152386943952e-06,0.1249698366876115
19,0.019,1,1,0.2109022156743746,0.2108176857282126,0.2117160736199249,600,-44836329.1568739,-31412110.90641294,-0.1103705540299416,-126243283.6867587,-3.475447650992555e-11,-2.051035461306387e-09,-0.002003444591207716,1.441920534776743e-06,0.001849505757800383,-0.002399996088184001,1.214997796439065e-19,-1.626086486347418e-19,-0.0001770634792591944,-8.980606063119799e-05,0.0001143726595430775,-0.001641162687927864,-4.518081946290313e-22,-2.666346099698303e-20,-0.001823047172500954,8.785828297798987e-05,0.001735188889522963,-0.0007590657929683573,8.245785166888361e-20,-1.110133993637103e-19,0.01113135628545496,5.076704717210531e-08,5.23381481961065e-09,-5.600086199171615e-08,2.032254773070197e-07,1.462996740736632e-23,1.321642112179985e-23,1.752951752574793e-06,0.1249809393392739
19,0.019,1,2,0.7870977843256255,0.2094320450821575,0.2117160736199249,600,-44836329.15687382,-31412110.90641286,-0.110370472073555,-126243283.6867587,-9.089063112549699e-11,-3.04254034825178e-09,-0.002003444591207716,1.441920534776743e-06,0.001849505757800383,-0.002399996088184001,8.079333034252241e-20,-1.355023427115401e-19,-0.0001770634792591942,-8.980606063119786e-05,0.0001143726595430777,-0.001641162687927864,-1.18157820463146e-21,-3.955302452727315e-20,-0.001823047172500953,8.785828297798947e-05,0.001735188889522963,-0.0007590657929683581,9.40916053331236e-20,-1.679650103487238e-19,0.01113135628545496,5.076704717210547e-08,5.233814819610614e-09,-5.600086199171621e-08,2.032254773070198e-07,2.445504190722924e-23,-1.161528831972188e-23,1.752951752574793e-06,0.1249809393392738
19,0.019,1,3,0.2109022156743746,0.7881679549178428,0.2117160736199249,600,-44836329.15687388,-31412110.90641291,-0.1103705391287804,-126243283.6867587,3.598447764583571e-10,-3.18242197065475e-09,-0.002003444591207717,1.441920534777015e-06,0.001849505757800383,-0.002399996088184001,1.621993906360674e-19,-1.084148885190047e-19,-0.0001770634792591943,-8.980606063119797e-05,0.0001143726595430776,-0.001641162687927864,4.677982093958642e-21,-4.137148561851175e-20,-0.001823047172500952,8.785828297798977e-05,0.001735188889522963,-0.000759065792968359,-1.477478815712173e-20,-2.653293534887671e-19,0.01113135628545496,5.076704717210533e-08,5.233814819610628e-09,-5.600086199171622e-08,2.032254773070198e-07,-6.900577308237158e-24,-1.036066099144391e-23,1.752951752574793e-06,0.1249809393392739
19,0.019,1,4,0.7870977843256255,0.7867823142717876,0.2117160736199249,600,-44836329.15687393,-31412110.90641295,-0.1103705614805222,-126243283.6867587,-6.693196294217612e-11,-9.258647245023774e-09,-0.002003444591207717,1.441920534777015e-06,0.001849505757800383,-0.002399996088184001,-5.536816178824498e-20,-3.525701399035507e-19,-0.0001770634792591944,-8.980606063119805e-05,0.0001143726595430776,-0.001641162687927864,-8.701155182482899e-22,-1.203624141853091e-19,-0.001823047172500954,8.785828297798971e-05,0.001735188889522962,-0.0007590657929683579,-7.75125053392499e-20,-3.310925015801546e-19,0.01113135628545496,5.076704717210516e-08,5.233814819610626e-09,-5.600086199171617e-08,2.032254773070198e-07,1.30574166091354e-23,-1.939895705145291e-24,1.752951752574793e-06,0.1249809393392738
19,0.019,1,5,0.2109022156743747,0.2108176857282126,0.7901351435285626,600,-44836329.1568739,-31412110.90641294,-0.1103705540299416,-126243283.6867587,-5.813086271100961e-10,-4.406493249479317e-09,-0.002003444591207717,1.441920534777015e-06,0.001849505757800383,-0.002399996088184001,5.27193061248655e-19,-2.713163004968728e-19,-0.0001770634792591944,-8.980606063119799e-05,0.0001143726595430775,-0.001641162687927864,-7.557012152431247e-21,-5.728441224323113e-20,-0.001823047172500954,8.785828297798987e-05,0.001735188889522964,-0.0007590657929683573,-5.728738638077947e-21,-5.533317723429468e-19,0.01113135628545496,5.076704717210537e-08,5.233814819610643e-09,-5.600086199171615e-08,2.032254773070197e-07,2.120897964341851e-23,-7.906296161723979e-24,1.752951752574793e-06,0.1249809393392738
19,0.019,1,6,0.7870977843256255,0.2094320450821575,0.7901351435285626,600,-44836329.15687405,-31412110.90641308,-0.1103707179427147,-126243283.6867587,-6.966091423072504e-10,-4.806890807647893e-09,-0.002003444591207717,1.441920534777015e-06,0.001849505757800383,-0.002399996088184001,4.862593394302517e-19,-4.335944922482727e-19,-0.0001770634792591946,-8.980606063119824e-05,0.0001143726595430771,-0.001641162687927863,-9.055918849994254e-21,-6.248958049942261e-20,-0.001823047172500954,8.785828297798996e-05,0.001735188889522964,-0.0007590657929683597,-8.448654056912639e-21,-3.696766634696657e-19,0.01113135628545496,5.076704717210541e-08,5.233814819610685e-09,-5.600086199171626e-08,2.032254773070197e-07,3.307668333437462e-23,-3.759536659547125e-24,1.752951752574793e-06,0.1249809393392738
19,0.019,1,7,0.2109022156743747,0.7881679549178426,0.7901351435285626,600,-44836329.15687406,-31412110.90641309,-0.1103707067668438,-126243283.6867587,2.283538794115975e-09,-1.21581241054408e-09,-0.002003444591207717,1.441920534777015e-06,0.001849505757800383,-0.002399996088184001,6.492519873695041e-19,-5.49907278210212e-20,-0.0001770634792591947,-8.980606063119825e-05,0.0001143726595430772,-0.001641162687927863,2.968600432350768e-20,-1.580556133707303e-20,-0.001823047172500954,8.785828297799005e-05,0.001735188889522963,-0.0007590657929683579,1.148801378771595e-19,-3.301388407199354e-19,0.01113135628545496,5.076704717210532e-08,5.233814819610663e-09,-5.600086199171613e-08,2.032254773070197e-07,-1.631646270739463e-23,2.178343102392195e-23,1.752951752574793e-06,0.1249809393392738
19,0.019,1,8,0.7870977843256255,0.7867823142717876,0.7901351435285626,600,-44836329.15687386,-31412110.90641289,-0.1103705130517483,-126243283.6867587,1.761096111703329e-09,-1.278040251481378e-08,-0.002003444591207717,1.441920534777015e-06,0.001849505757800383,-0.002399996088184001,2.139876135551289e-19,-6.510200980759553e-19,-0.0001770634792591942,-8.980606063119791e-05,0.0001143726595430776,-0.001641162687927863,2.289424945214328e-20,-1.661452326925791e-19,-0.001823047172500954,8.785828297798971e-05,0.001735188889522963,-0.0007590657929683588,1.431253385548456e-19,-6.171297463280154e-19,0.01113135628545496,5.076704717210522e-08,5.233814819610652e-09,-5.60008619917161e-08,2.032254773070197e-07,2.511423121976442e-23,-2.910673206733606e-23,1.752951752574793e-06,0.1249809393392738
20,0.02,1,1,0.2109022156743746,0.2104795659435643,0.2117279573843451,600,-27654512.20712002,-20529382.1188475,-0.004558036103844643,-128579065.7245619,-4.886599929402517e-10,8.502962823799763e-11,-0.002006007998643221,4.005327970161838e-06,0.001905634849501393,-0.00399998664000023,6.741777746412987e-20,-8.140143619118828e-20,-0.0001074784878504918,-6.116514227672044e-05,7.227584146616111e-05,-0.001671527854419304,-6.352579908223273e-21,1.105385167093968e-21,-0.001894546177362436,6.114347614291399e-05,0.001833402701219521,-0.002328506786032638,7.643414505288602e-20,-1.100378759127649e-19,0.012044886044354,4.219741215014273e-08,1.705383219594538e-09,-4.390279536973746e-08,9.44955447559221e-09,1.390330180982295e-23,1.333168474213045e-23,1.865481178868386e-06,0.1249879546027573
20,0.02,1,2,0.7870977843256255,0.2081701648668058,0.2117279573843451,600,-27654512.20711993,-20529382.11884741,-0.004557948559522629,-128579065.7245619,-5.210092114459057e-10,-2.121864611985419e-09,-0.002006007998643221,4.005327970161838e-06,0.001905634849501393,-0.00399998664000023,2.665124068185245e-20,-9.516424374057797e-20,-0.0001074784878504916,-6.11651422767203e-05,7.22758414661613e-05,-0.001671527854419304,-6.773119748796773e-21,-2.758423995581044e-20,-0.001894546177362435,6.114347614291358e-05,0.001833402701219521,-0.002328506786032639,8.759142369371063e-20,-1.941415765934914e-19,0.012044886044354,4.219741215014289e-08,1.705383219594503e-09,-4.390279536973751e-08,9.449554475592316e-09,2.366915947693744e-23,-1.48268813349385e-23,1.865481178868386e-06,0.1249879546027572
20,0.02,1,3,0.2109022156743746,0.7878298351331943,0.2117279573843451,600,-27654512.20711999,-20529382.11884747,-0.004557996988296509,-128579065.7245619,8.530458983698564e-10,-3.185190567645489e-09,-0.002006007998643221,4.005327970161838e-06,0.001905634849501393,-0.00399998664000023,1.081050233808086e-19,-5.432357823378545e-20,-0.0001074784878504918,-6.116514227672042e-05,7.227584146616126e-05,-0.001671527854419304,1.108959667880813e-20,-4.140747737939135e-20,-0.001894546177362434,6.114347614291388e-05,0.001833402701219521,-0.002328506786032639,-4.641470227309339e-21,-3.043926772164155e-19,0.01204488604435399,4.219741215014275e-08,1.705383219594516e-09,-4.390279536973752e-08,9.449554475592316e-09,-5.614908956351761e-24,-1.514760859225314e-23,1.865481178868386e-06,0.1249879546027573
20,0.02,1,4,0.7870977843256255,0.7855204340564358,0.211727957384345,600,-27654512.20712004,-20529382.11884752,-0.00455804355442524,-128579065.7245619,5.574239216842871e-10,-1.177235676706777e-08,-0.002006007998643221,4.005327970161838e-06,0.001905634849501393,-0.00399998664000023,-1.099026800034136e-19,-4.208033122422112e-19,-0.0001074784878504919,-6.11651422767205e-05,7.227584146616116e-05,-0.001671527854419304,7.246510981895736e-21,-1.53040637971881e-19,-0.001894546177362436,6.114347614291381e-05,0.001833402701219521,-0.002328506786032639,-7.111246078418156e-20,-4.75433802462207e-19,0.01204488604435399,4.219741215014257e-08,1.705383219594513e-09,-4.390279536973747e-08,9.449554475592316e-09,1.39233625057113e-23,-1.966800298827979e-23,1.865481178868386e-06,0.1249879546027572
20,0.02,1,5,0.2109022156743747,0.2104795659435643,0.7901794943411637,600,-27654512.20712002,-20529382.1188475,-0.004558034241199493,-128579065.7245619,-2.182275870617754e-09,6.852515420474624e-10,-0.002006007998643221,4.005327970161838e-06,0.001905634849501393,-0.00399998664000023,5.278651314562622e-19,1.882105625567123e-19,-0.0001074784878504918,-6.116514227672044e-05,7.227584146616112e-05,-0.001671527854419304,-2.83695863180308e-20,8.908270046617003e-21,-0.001894546177362436,6.114347614291399e-05,0.001833402701219522,-0.002328506786032638,-3.271043954941638e-20,-5.450066824809809e-19,0.012044886044354,4.219741215014278e-08,1.705383219594531e-09,-4.390279536973746e-08,9.44955447559221e-09,1.791481534268143e-23,-6.892890599372124e-24,1.865481178868386e-06,0.1249879546027572
20,0.02,1,6,0.7870977843256255,0.2081701648668058,0.7901794943411637,600,-27654512.20712016,-20529382.11884765,-0.00455818884074688,-128579065.7245619,-2.314038283703732e-09,1.283496584999358e-09,-0.002006007998643221,4.005327970161838e-06,0.001905634849501393,-0.00399998664000023,4.860975900502855e-19,-3.260394512341626e-19,-0.0001074784878504921,-6.116514227672071e-05,7.227584146616081e-05,-0.001671527854419304,-3.008249768814852e-20,1.668545560499165e-20,-0.001894546177362436,6.114347614291413e-05,0.001833402701219522,-0.00232850678603264,-3.694767964246474e-20,-3.542890247510208e-19,0.012044886044354,4.219741215014283e-08,1.705383219594578e-09,-4.390279536973757e-08,9.44955447559221e-09,2.960299759007544e-23,-1.845044773121738e-24,1.865481178868386e-06,0.1249879546027572
20,0.02,1,7,0.2109022156743747,0.7878298351331943,0.7901794943411636,600,-27654512.20712017,-20529382.11884765,-0.004558183252811432,-128579065.7245619,3.592205709119499e-09,3.936198552399314e-09,-0.002006007998643221,4.005327970161838e-06,0.001905634849501393,-0.00399998664000023,4.332858272518368e-19,2.155594870574966e-19,-0.0001074784878504921,-6.116514227672073e-05,7.227584146616082e-05,-0.001671527854419304,4.669867421855347e-20,5.11705811811911e-20,-0.001894546177362436,6.114347614291419e-05,0.001833402701219521,-0.002328506786032639,1.583280746747476e-19,-2.821257899139408e-19,0.012044886044354,4.219741215014273e-08,1.705383219594555e-09,-4.390279536973744e-08,9.44955447559221e-09,-1.08801779592834e-23,2.773294180826637e-23,1.865481178868386e-06,0.1249879546027572
20,0.02,1,8,0.7870977843256255,0.7855204340564359,0.7901794943411637,600,-27654512.20711996,-20529382.11884745,-0.004557980224490166,-128579065.7245619,3.30656982246679e-09,-9.276169829766618e-09,-0.002006007998643221,4.005327970161838e-06,0.001905634849501393,-0.00399998664000023,-3.865855035401066e-21,-1.08552059344969e-18,-0.0001074784878504917,-6.116514227672037e-05,7.227584146616126e-05,-0.001671527854419304,4.298540769206827e-20,-1.20590207786966e-19,-0.001894546177362436,6.114347614291381e-05,0.001833402701219522,-0.00232850678603264,1.827136549491474e-19,-7.313162834791352e-19,0.012044886044354,4.219741215014263e-08,1.705383219594538e-09,-4.390279536973741e-08,9.44955447559221e-09,3.011589788869035e-23,-4.307272612252344e-23,1.865481178868386e-06,0.1249879546027572
