time,element,point,stress_rr,stress_zz,stress_hoop,stress_rz,elastic_rr,elastic_zz,elastic_hoop,elastic_rz,plastic_rr,plastic_zz,plastic_hoop,plastic_rz,creep_rr,creep_zz,creep_hoop,creep_rz,equiv_plastic,equiv_creep,r,z,volume
1.0,1,1,416992.65893163317,250195.5953589799,416992.6589316331,-1.3829339548000223e-13,0.21683618264444926,3.4429858790042423e-35,0.21683618264444923,-1.797814141240029e-19,0.0,0.0,0.0,0.0,0.0,0.0,0.0,0.0,0.0,0.0,9.620965501209494e-05,0.00028175416344815003,9.954555140751556e-11
1.0,1,2,416992.65893163317,250195.5953589799,416992.65893163317,5.531735819200089e-13,0.21683618264444926,3.4429858790043097e-35,0.21683618264444926,7.191256564960116e-19,0.0,0.0,0.0,0.0,0.0,0.0,0.0,0.0,0.0,0.0,0.0004268333333333333,0.00028175416344815003,7.066128158623206e-10
1.0,1,3,416992.65893163317,250195.5953589799,416992.6589316331,-6.39330592905022e-12,0.21683618264444926,-1.4886747940374258e-34,0.21683618264444923,-8.311297707765286e-18,0.0,0.0,0.0,0.0,0.0,0.0,0.0,0.0,0.0,0.0,0.0007574570116545716,0.00028175416344815003,7.837204684203912e-10
1.0,1,4,416992.65893163317,250195.5953589799,416992.65893163317,1.4771768061955694e-28,0.21683618264444926,6.109911273126351e-35,0.2168361826444493,1.9203298480542401e-34,0.0,0.0,0.0,0.0,0.0,0.0,0.0,0.0,0.0,0.0,9.620965501209496e-05,0.0012499999999999998,1.5927288225202382e-10
1.0,1,5,416992.65893163317,250195.5953589799,416992.65893163317,-2.9724852068280074e-44,0.21683618264444926,1.527477818281567e-34,0.21683618264444926,-3.8642307688764097e-50,0.0,0.0,0.0,0.0,0.0,0.0,0.0,0.0,0.0,0.0,0.0004268333333333333,0.00125,1.1305805053797052e-09
1.0,1,6,416992.6589316332,250195.5953589799,416992.6589316331,-1.4771768061955696e-28,0.21683618264444932,6.109911273126362e-35,0.21683618264444923,-1.9203298480542405e-34,0.0,0.0,0.0,0.0,0.0,0.0,0.0,0.0,0.0,0.0,0.0007574570116545716,0.0012499999999999998,1.253952749472617e-09
1.0,1,7,416992.65893163317,250195.5953589799,416992.6589316331,1.0425020889283701e-12,0.21683618264444926,8.776836667248455e-35,0.21683618264444923,1.3552527156068811e-18,0.0,0.0,0.0,0.0,0.0,0.0,0.0,0.0,0.0,0.0,9.620965501209492e-05,0.0022182458365518493,9.954555140751555e-11
1.0,1,8,416992.65893163317,250195.5953589799,416992.65893163317,5.7210811697992e-29,0.21683618264444926,2.710657048662703e-34,0.21683618264444926,7.43740552073896e-35,0.0,0.0,0.0,0.0,0.0,0.0,0.0,0.0,0.0,0.0,0.0004268333333333333,0.0022182458365518497,7.066128158623206e-10
1.0,1,9,416992.65893163317,250195.5953589799,416992.6589316331,1.946710782376737e-12,0.21683618264444926,2.7106570486626977e-34,0.21683618264444923,2.530724017089758e-18,0.0,0.0,0.0,0.0,0.0,0.0,0.0,0.0,0.0,0.0,0.0007574570116545715,0.0022182458365518497,7.837204684203911e-10
1.0,2,1,416992.6589316328,250195.5953589797,416992.658931633,-1.8616588681924503e-28,0.216836182644449,-8.000776182365766e-35,0.21683618264444923,-2.4201565286501852e-34,0.0,0.0,0.0,0.0,0.0,0.0,0.0,0.0,0.0,0.0,0.0009498763216787615,0.00028175416344815003,9.82811571235423e-10
1.0,2,2,416992.6589316332,250195.5953589799,416992.6589316331,2.3913702970440856e-11,0.21683618264444932,1.032895763701292e-34,0.21683618264444923,3.108781386157311e-17,0.0,0.0,0.0,0.0,0.0,0.0,0.0,0.0,0.0,0.0,0.0012805,0.00028175416344815003,2.1198384475869627e-09
1.0,2,3,416992.65893163334,250195.59535897995,416992.6589316332,6.531599324530222e-12,0.2168361826444494,-2.6330510001744336e-34,0.21683618264444923,8.491079121889289e-18,0.0,0.0,0.0,0.0,0.0,0.0,0.0,0.0,0.0,0.0,0.0016111236783212383,0.00028175416344815003,1.666986488248298e-09
1.0,2,4,416992.6589316331,250195.59535897983,416992.65893163305,4.431530418586707e-28,0.21683618264444926,1.8329733819379067e-34,0.21683618264444918,5.760989544162718e-34,0.0,0.0,0.0,0.0,0.0,0.0,0.0,0.0,0.0,0.0,0.0009498763216787616,0.0012499999999999998,1.5724985139766655e-09
1.0,2,5,416992.6589316332,250195.59535897992,416992.6589316332,-4.337019622664266e-43,0.21683618264444926,4.582433454844704e-34,0.21683618264444932,-5.638125509463545e-49,0.0,0.0,0.0,0.0,0.0,0.0,0.0,0.0,0.0,0.0,0.0012805000000000002,0.00125,3.391741516139117e-09
1.0,2,6,416992.658931633,250195.59535897983,416992.658931633,-4.43153041858672e-28,0.21683618264444918,1.832973381937909e-34,0.2168361826444492,-5.760989544162736e-34,0.0,0.0,0.0,0.0,0.0,0.0,0.0,0.0,0.0,0.0,0.0016111236783212385,0.0012499999999999998,2.667178381197257e-09
1.0,2,7,416992.65893163264,250195.59535897966,416992.6589316329,1.1868935939325702e-27,0.21683618264444887,4.4660243821123895e-34,0.21683618264444923,1.5429616721123412e-33,0.0,0.0,0.0,0.0,0.0,0.0,0.0,0.0,0.0,0.0,0.0009498763216787614,0.0022182458365518493,9.828115712354226e-10
1.0,2,8,416992.6589316332,250195.5953589799,416992.6589316331,-2.1701008642760818e-11,0.21683618264444932,8.131971145988114e-34,0.21683618264444923,-2.821131123558906e-17,0.0,0.0,0.0,0.0,0.0,0.0,0.0,0.0,0.0,0.0,0.0012805,0.0022182458365518497,2.1198384475869623e-09
1.0,2,9,416992.65893163346,250195.59535898,416992.6589316332,-1.808417386896738e-12,0.2168361826444495,6.2989977640502504e-34,0.2168361826444492,-2.3509426029657592e-18,0.0,0.0,0.0,0.0,0.0,0.0,0.0,0.0,0.0,0.0,0.001611123678321238,0.0022182458365518497,1.666986488248298e-09
1.0,3,1,416992.65893163334,250195.59535897998,416992.6589316332,2.8934678190347778e-11,0.2168361826444494,-1.9444538243735894e-34,0.21683618264444926,3.761508164745211e-17,0.0,0.0,0.0,0.0,0.0,0.0,0.0,0.0,0.0,0.0,0.001803542988345428,0.00028175416344815003,1.8660775910633275e-09
1.0,3,2,416992.658931633,250195.5953589798,416992.658931633,1.6680033422853915e-11,0.21683618264444915,1.7214929395021378e-34,0.2168361826444492,2.168404344971009e-17,0.0,0.0,0.0,0.0,0.0,0.0,0.0,0.0,0.0,0.0,0.002134166666666666,0.00028175416344815003,3.533064079311603e-09
1.0,3,3,416992.65893163334,250195.59535897995,416992.6589316331,2.0296868196647384e-11,0.2168361826444494,-3.777427206311466e-34,0.2168361826444492,2.63859286556416e-17,0.0,0.0,0.0,0.0,0.0,0.0,0.0,0.0,0.0,0.0,0.002464790344987905,0.00028175416344815003,2.550252508076212e-09
1.0,3,4,416992.658931633,250195.5953589798,416992.658931633,7.385884030977844e-28,0.21683618264444915,3.05495563656318e-34,0.2168361826444492,9.601649240271197e-34,0.0,0.0,0.0,0.0,0.0,0.0,0.0,0.0,0.0,0.0,0.001803542988345428,0.0012499999999999998,2.9857241457013065e-09
1.0,3,5,416992.658931633,250195.59535897983,416992.65893163305,-6.399656903137283e-44,0.21683618264444915,7.63738909140784e-34,0.21683618264444923,-8.319553974078467e-50,0.0,0.0,0.0,0.0,0.0,0.0,0.0,0.0,0.0,0.0,0.002134166666666666,0.00125,5.652902526898526e-09
1.0,3,6,416992.65893163293,250195.5953589798,416992.65893163305,-7.3858840309778485e-28,0.21683618264444912,3.054955636563174e-34,0.21683618264444923,-9.601649240271202e-34,0.0,0.0,0.0,0.0,0.0,0.0,0.0,0.0,0.0,0.0,0.0024647903449879047,0.0012499999999999998,4.080404012921899e-09
1.0,3,7,416992.6589316333,250195.59535897995,416992.6589316332,1.940015448755628e-27,0.21683618264444934,8.054365097499947e-34,0.21683618264444926,2.5220200833823166e-33,0.0,0.0,0.0,0.0,0.0,0.0,0.0,0.0,0.0,0.0,0.001803542988345428,0.0022182458365518493,1.8660775910633246e-09
1.0,3,8,416992.6589316329,250195.59535897977,416992.658931633,-1.6680033422853912e-11,0.21683618264444912,1.3553285243313541e-33,0.2168361826444492,-2.1684043449710086e-17,0.0,0.0,0.0,0.0,0.0,0.0,0.0,0.0,0.0,0.0,0.002134166666666666,0.0022182458365518497,3.533064079311605e-09
1.0,3,9,416992.658931633,250195.5953589798,416992.658931633,-2.974323207191436e-11,0.21683618264444915,9.88733847943781e-34,0.2168361826444492,-3.8666201693488666e-17,0.0,0.0,0.0,0.0,0.0,0.0,0.0,0.0,0.0,0.0,0.0024647903449879047,0.0022182458365518497,2.5502525080762134e-09
1.0,4,1,416992.6589316337,250195.59535898012,416992.65893163334,4.425388655360013e-12,0.2168361826444497,-3.0888300305106087e-34,0.2168361826444492,5.753005251968017e-18,0.0,0.0,0.0,0.0,0.0,0.0,0.0,0.0,0.0,0.0,0.002657209655012095,0.00028175416344815003,2.749343610891238e-09
1.0,4,2,416992.65893163334,250195.59535897998,416992.6589316332,2.672198386266774e-11,0.2168361826444494,2.4100901153030117e-34,0.21683618264444926,3.473857902146806e-17,0.0,0.0,0.0,0.0,0.0,0.0,0.0,0.0,0.0,0.0,0.0029878333333333337,0.00028175416344815003,4.946289711036245e-09
1.0,4,3,416992.6589316332,250195.5953589799,416992.6589316331,-6.561378652757565e-11,0.21683618264444932,-4.921803412448409e-34,0.2168361826444492,-8.529792248584833e-17,0.0,0.0,0.0,0.0,0.0,0.0,0.0,0.0,0.0,0.0,0.0033184570116545713,0.00028175416344815003,3.4335185279041123e-09
1.0,4,4,416992.6589316337,250195.59535898012,416992.65893163334,-8.340016711426958e-12,0.21683618264444965,4.276937891188441e-34,0.21683618264444923,-1.0842021724855044e-17,0.0,0.0,0.0,0.0,0.0,0.0,0.0,0.0,0.0,0.0,0.002657209655012095,0.0012499999999999998,4.398949777425952e-09
1.0,4,5,416992.65893163334,250195.59535898,416992.6589316332,5.988716040586589e-43,0.2168361826444494,1.0692344727970968e-33,0.2168361826444493,7.785330852762565e-49,0.0,0.0,0.0,0.0,0.0,0.0,0.0,0.0,0.0,0.0,0.0029878333333333337,0.00125,7.914063537657938e-09
1.0,4,6,416992.6589316329,250195.59535897977,416992.65893163293,-1.034023764336897e-27,0.21683618264444907,4.276937891188449e-34,0.2168361826444492,-1.3442308936379661e-33,0.0,0.0,0.0,0.0,0.0,0.0,0.0,0.0,0.0,0.0,0.0033184570116545713,0.0012499999999999998,5.493629644646531e-09
1.0,4,7,416992.65893163276,250195.59535897974,416992.658931633,3.336006684570784e-11,0.21683618264444898,1.1642705812887498e-33,0.2168361826444493,4.3368086899420184e-17,0.0,0.0,0.0,0.0,0.0,0.0,0.0,0.0,0.0,0.0,0.0026572096550120947,0.0022182458365518493,2.7493436108912355e-09
1.0,4,8,416992.6589316332,250195.59535897992,416992.6589316332,-3.114737251802779e-11,0.21683618264444932,1.897459934063892e-33,0.21683618264444926,-4.049158427343613e-17,0.0,0.0,0.0,0.0,0.0,0.0,0.0,0.0,0.0,0.0,0.0029878333333333337,0.0022182458365518497,4.946289711036244e-09
1.0,4,9,416992.658931633,250195.59535897983,416992.658931633,-2.56156366988277e-11,0.2168361826444492,1.347567919482535e-33,0.2168361826444492,-3.330032770847601e-17,0.0,0.0,0.0,0.0,0.0,0.0,0.0,0.0,0.0,0.0,0.003318457011654571,0.0022182458365518497,3.433518527904107e-09
1.0,5,1,416992.6589316334,250195.59535897998,416992.6589316332,3.336006684570783e-11,0.21683618264444943,-4.233206236647557e-34,0.21683618264444923,4.336808689942018e-17,0.0,0.0,0.0,0.0,0.0,0.0,0.0,0.0,0.0,0.0,0.0035108763216787613,0.00028175416344815003,3.63260963071914e-09
1.0,5,2,416992.6589316329,250195.59535897974,416992.658931633,2.4509289534987622e-11,0.21683618264444904,3.098687291103886e-34,0.21683618264444923,3.186207639548391e-17,0.0,0.0,0.0,0.0,0.0,0.0,0.0,0.0,0.0,0.0,0.0038415000000000003,0.00028175416344815003,6.359515342760887e-09
1.0,5,3,416992.65893163276,250195.5953589797,416992.6589316329,-2.1105422078214023e-11,0.216836182644449,-6.066179618585449e-34,0.2168361826444492,-2.743704870167823e-17,0.0,0.0,0.0,0.0,0.0,0.0,0.0,0.0,0.0,0.0,0.004172123678321239,0.00028175416344815003,4.316784547732026e-09
1.0,5,4,416992.65893163346,250195.59535898,416992.6589316332,1.329459125576018e-27,0.2168361826444495,5.49892014581372e-34,0.21683618264444923,1.7282968632488234e-33,0.0,0.0,0.0,0.0,0.0,0.0,0.0,0.0,0.0,0.0,0.0035108763216787613,0.0012499999999999998,5.8121754091505894e-09
1.0,5,5,416992.6589316328,250195.59535897974,416992.658931633,-8.892427180485145e-43,0.216836182644449,1.3747300364534098e-33,0.21683618264444926,-1.1560155334630687e-48,0.0,0.0,0.0,0.0,0.0,0.0,0.0,0.0,0.0,0.0,0.0038415000000000003,0.00125,1.0175224548417353e-08
1.0,5,6,416992.65893163194,250195.59535897936,416992.6589316326,-1.3294591255760144e-27,0.21683618264444837,5.4989201458137e-34,0.21683618264444923,-1.7282968632488186e-33,0.0,0.0,0.0,0.0,0.0,0.0,0.0,0.0,0.0,0.0,0.004172123678321238,0.0012499999999999998,6.9068552763711875e-09
1.0,5,7,416992.6589316327,250195.59535897968,416992.65893163293,-2.45092895349876e-11,0.21683618264444893,1.5231046528274934e-33,0.21683618264444923,-3.1862076395483876e-17,0.0,0.0,0.0,0.0,0.0,0.0,0.0,0.0,0.0,0.0,0.0035108763216787613,0.0022182458365518493,3.6326096307191377e-09
1.0,5,8,416992.6589316329,250195.59535897977,416992.65893163293,4.425388655360095e-12,0.21683618264444907,2.439591343796431e-33,0.2168361826444492,5.753005251968123e-18,0.0,0.0,0.0,0.0,0.0,0.0,0.0,0.0,0.0,0.0,0.0038415000000000003,0.0022182458365518497,6.35951534276089e-09
1.0,5,9,416992.6589316337,250195.59535898012,416992.6589316333,-1.0348406799389734e-10,0.21683618264444968,1.706401991021294e-33,0.2168361826444492,-1.3452928839206654e-16,0.0,0.0,0.0,0.0,0.0,0.0,0.0,0.0,0.0,0.0,0.004172123678321238,0.0022182458365518497,4.316784547732028e-09
1.0,6,1,416992.6589316344,250195.5953589804,416992.6589316336,-8.850777310719905e-12,0.21683618264445018,-4.977543633666332e-34,0.2168361826444492,-1.1506010503935876e-17,0.0,0.0,0.0,0.0,0.0,0.0,0.0,0.0,0.0,0.0,0.004364542988345429,0.00028175416344815003,4.515875650547047e-09
1.0,6,2,416992.65893163317,250195.5953589799,416992.65893163317,-2.008390087962762e-11,0.21683618264444926,7.336822158047991e-34,0.21683618264444926,-2.6109071143515908e-17,0.0,0.0,0.0,0.0,0.0,0.0,0.0,0.0,0.0,0.0,0.004695166666666667,0.00028175416344815003,7.772740974485531e-09
1.0,6,3,416992.6589316323,250195.5953589795,416992.65893163276,7.676208413122932e-11,0.21683618264444862,2.237940821352526e-34,0.21683618264444923,9.979070937059812e-17,0.0,0.0,0.0,0.0,0.0,0.0,0.0,0.0,0.0,0.0,0.005025790344987905,0.00028175416344815003,5.200050567559931e-09
1.0,6,4,416992.6589316339,250195.59535898018,416992.6589316334,2.06804752867378e-27,0.21683618264444984,6.320863591320664e-34,0.2168361826444492,2.6884617872759137e-33,0.0,0.0,0.0,0.0,0.0,0.0,0.0,0.0,0.0,0.0,0.004364542988345428,0.0012499999999999998,7.225401040875247e-09
1.0,6,5,416992.6589316332,250195.5953589799,416992.6589316331,-1.0404664472809878e-41,0.21683618264444932,1.680225600109726e-33,0.21683618264444923,-1.3526063814652842e-47,0.0,0.0,0.0,0.0,0.0,0.0,0.0,0.0,0.0,0.0,0.004695166666666667,0.00125,1.2436385559176761e-08
1.0,6,6,416992.6589316327,250195.59535897968,416992.65893163293,-7.2336695475869315e-12,0.21683618264444893,9.8704012824641e-34,0.21683618264444923,-9.40377041186301e-18,0.0,0.0,0.0,0.0,0.0,0.0,0.0,0.0,0.0,0.0,0.005025790344987905,0.0012499999999999998,8.320080908095809e-09
1.0,6,7,416992.6589316345,250195.59535898047,416992.6589316337,-5.786935638069578e-11,0.21683618264445026,1.761927081630757e-33,0.21683618264444923,-7.523016329490452e-17,0.0,0.0,0.0,0.0,0.0,0.0,0.0,0.0,0.0,0.0,0.004364542988345429,0.0022182458365518493,4.515875650547043e-09
1.0,6,8,416992.658931633,250195.59535897983,416992.65893163305,-6.672013369141565e-11,0.21683618264444915,2.626768984414653e-33,0.21683618264444923,-8.673617379884034e-17,0.0,0.0,0.0,0.0,0.0,0.0,0.0,0.0,0.0,0.0,0.004695166666666667,0.0022182458365518497,7.772740974485531e-09
1.0,6,9,416992.6589316319,250195.59535897934,416992.6589316326,-4.1349034756641386e-27,0.21683618264444832,1.7502861743575657e-33,0.21683618264444923,-5.37537451836338e-33,0.0,0.0,0.0,0.0,0.0,0.0,0.0,0.0,0.0,0.0,0.005025790344987904,0.0022182458365518497,5.200050567559938e-09
1.0,7,1,416992.65893163317,250195.5953589799,416992.6589316331,-1.382933954800017e-13,0.21683618264444926,-2.666925394122111e-35,0.21683618264444923,-1.7978141412400222e-19,0.0,0.0,0.0,0.0,0.0,0.0,0.0,0.0,0.0,0.0,9.620965501209494e-05,0.00278175416344815,9.954555140751555e-11
1.0,7,2,416992.65893163317,250195.5953589799,416992.65893163317,5.531735819200101e-13,0.21683618264444926,-1.1831792303811387e-34,0.21683618264444926,7.191256564960131e-19,0.0,0.0,0.0,0.0,0.0,0.0,0.0,0.0,0.0,0.0,0.0004268333333333333,0.0027817541634481495,7.066128158623199e-10
1.0,7,3,416992.65893163317,250195.5953589799,416992.6589316331,-6.393305929050227e-12,0.21683618264444926,-2.0996659213500654e-34,0.21683618264444923,-8.311297707765295e-18,0.0,0.0,0.0,0.0,0.0,0.0,0.0,0.0,0.0,0.0,0.0007574570116545716,0.0027817541634481495,7.837204684203904e-10
1.0,7,4,416992.65893163317,250195.5953589799,416992.65893163317,4.431530418586686e-28,0.21683618264444926,0.0,0.2168361826444493,5.760989544162692e-34,0.0,0.0,0.0,0.0,0.0,0.0,0.0,0.0,0.0,0.0,9.620965501209496e-05,0.00375,1.5927288225202382e-10
1.0,7,5,416992.65893163317,250195.5953589799,416992.65893163317,4.9274571417172326e-45,0.21683618264444926,0.0,0.21683618264444926,6.405694284232402e-51,0.0,0.0,0.0,0.0,0.0,0.0,0.0,0.0,0.0,0.0,0.0004268333333333333,0.0037500000000000003,1.1305805053797052e-09
1.0,7,6,416992.6589316332,250195.5953589799,416992.6589316331,-4.431530418586686e-28,0.21683618264444932,1.6704779438076228e-50,0.21683618264444923,-5.760989544162692e-34,0.0,0.0,0.0,0.0,0.0,0.0,0.0,0.0,0.0,0.0,0.0007574570116545716,0.00375,1.253952749472617e-09
1.0,7,7,416992.65893163317,250195.5953589799,416992.6589316331,1.0425020889283693e-12,0.21683618264444926,2.666925394122109e-35,0.21683618264444923,1.35525271560688e-18,0.0,0.0,0.0,0.0,0.0,0.0,0.0,0.0,0.0,0.0,9.620965501209492e-05,0.004718245836551849,9.954555140751565e-11
1.0,7,8,416992.65893163317,250195.5953589799,416992.65893163317,5.721081169799201e-29,0.21683618264444926,1.1831792303811364e-34,0.21683618264444926,7.437405520738962e-35,0.0,0.0,0.0,0.0,0.0,0.0,0.0,0.0,0.0,0.0,0.0004268333333333333,0.00471824583655185,7.066128158623211e-10
1.0,7,9,416992.65893163317,250195.5953589799,416992.6589316331,1.9467107823767373e-12,0.21683618264444926,2.099665921350065e-34,0.21683618264444923,2.5307240170897584e-18,0.0,0.0,0.0,0.0,0.0,0.0,0.0,0.0,0.0,0.0,0.0007574570116545715,0.004718245836551849,7.837204684203909e-10
1.0,8,1,416992.6589316329,250195.59535897974,416992.658931633,1.386669937273997e-27,0.21683618264444904,-2.633051000174488e-34,0.21683618264444923,1.802670918456196e-33,0.0,0.0,0.0,0.0,0.0,0.0,0.0,0.0,0.0,0.0,0.0009498763216787615,0.00278175416344815,9.828115712354224e-10
1.0,8,2,416992.6589316332,250195.5953589799,416992.6589316331,2.3913702970440875e-11,0.21683618264444932,-3.5495376911434227e-34,0.21683618264444923,3.1087813861573136e-17,0.0,0.0,0.0,0.0,0.0,0.0,0.0,0.0,0.0,0.0,0.0012805,0.0027817541634481495,2.119838447586961e-09
1.0,8,3,416992.65893163334,250195.59535897995,416992.6589316332,6.531599324530227e-12,0.2168361826444494,-4.466024382112358e-34,0.21683618264444923,8.491079121889295e-18,0.0,0.0,0.0,0.0,0.0,0.0,0.0,0.0,0.0,0.0,0.0016111236783212383,0.0027817541634481495,1.6669864882482963e-09
1.0,8,4,416992.6589316331,250195.59535897983,416992.65893163305,1.3294591255760054e-27,0.21683618264444926,0.0,0.21683618264444918,1.728296863248807e-33,0.0,0.0,0.0,0.0,0.0,0.0,0.0,0.0,0.0,0.0,0.0009498763216787616,0.00375,1.5724985139766655e-09
1.0,8,5,416992.6589316332,250195.59535897992,416992.6589316332,-6.901290504204067e-43,0.21683618264444926,0.0,0.21683618264444932,-8.971677655465287e-49,0.0,0.0,0.0,0.0,0.0,0.0,0.0,0.0,0.0,0.0,0.0012805000000000002,0.0037500000000000003,3.391741516139117e-09
1.0,8,6,416992.658931633,250195.59535897983,416992.658931633,-1.3294591255760078e-27,0.21683618264444918,6.68191177523049e-50,0.2168361826444492,-1.72829686324881e-33,0.0,0.0,0.0,0.0,0.0,0.0,0.0,0.0,0.0,0.0,0.0016111236783212385,0.00375,2.667178381197257e-09
1.0,8,7,416992.65893163264,250195.59535897966,416992.6589316329,1.3866699372739971e-27,0.2168361826444489,2.6330510001744845e-34,0.21683618264444923,1.8026709184561963e-33,0.0,0.0,0.0,0.0,0.0,0.0,0.0,0.0,0.0,0.0,0.0009498763216787614,0.004718245836551849,9.828115712354232e-10
1.0,8,8,416992.6589316332,250195.5953589799,416992.6589316331,-2.1701008642760805e-11,0.21683618264444932,3.5495376911434167e-34,0.21683618264444923,-2.8211311235589044e-17,0.0,0.0,0.0,0.0,0.0,0.0,0.0,0.0,0.0,0.0,0.0012805,0.00471824583655185,2.1198384475869643e-09
1.0,8,9,416992.65893163346,250195.59535898,416992.6589316332,-1.8084173868967381e-12,0.2168361826444495,4.466024382112357e-34,0.2168361826444492,-2.3509426029657596e-18,0.0,0.0,0.0,0.0,0.0,0.0,0.0,0.0,0.0,0.0,0.001611123678321238,0.004718245836551849,1.6669864882482975e-09
1.0,9,1,416992.65893163334,250195.59535897998,416992.6589316332,2.893467819034779e-11,0.2168361826444494,-4.99940946093676e-34,0.21683618264444926,3.761508164745213e-17,0.0,0.0,0.0,0.0,0.0,0.0,0.0,0.0,0.0,0.0,0.001803542988345428,0.00278175416344815,1.8660775910633267e-09
1.0,9,2,416992.658931633,250195.5953589798,416992.658931633,1.668003342285393e-11,0.21683618264444915,-5.915896151905709e-34,0.2168361826444492,2.168404344971011e-17,0.0,0.0,0.0,0.0,0.0,0.0,0.0,0.0,0.0,0.0,0.002134166666666666,0.0027817541634481495,3.5330640793116015e-09
1.0,9,3,416992.65893163334,250195.59535897995,416992.6589316331,2.0296868196647403e-11,0.2168361826444494,-6.832382842874639e-34,0.2168361826444492,2.6385928655641622e-17,0.0,0.0,0.0,0.0,0.0,0.0,0.0,0.0,0.0,0.0,0.002464790344987905,0.0027817541634481495,2.5502525080762097e-09
1.0,9,4,416992.658931633,250195.5953589798,416992.658931633,2.2157652092933437e-27,0.21683618264444915,6.68191177523049e-50,0.2168361826444492,2.8804947720813465e-33,0.0,0.0,0.0,0.0,0.0,0.0,0.0,0.0,0.0,0.0,0.001803542988345428,0.00375,2.9857241457013065e-09
1.0,9,5,416992.658931633,250195.59535897983,416992.65893163305,3.8648345069859176e-43,0.21683618264444915,0.0,0.21683618264444923,5.024284859081693e-49,0.0,0.0,0.0,0.0,0.0,0.0,0.0,0.0,0.0,0.0,0.002134166666666666,0.0037500000000000003,5.652902526898526e-09
1.0,9,6,416992.65893163293,250195.5953589798,416992.65893163305,-2.215765209293344e-27,0.21683618264444912,0.0,0.21683618264444923,-2.8804947720813472e-33,0.0,0.0,0.0,0.0,0.0,0.0,0.0,0.0,0.0,0.0,0.0024647903449879047,0.00375,4.080404012921899e-09
1.0,9,7,416992.65893163317,250195.5953589799,416992.65893163317,2.2729760209913406e-27,0.2168361826444493,4.999409460936775e-34,0.21683618264444926,2.9548688272887427e-33,0.0,0.0,0.0,0.0,0.0,0.0,0.0,0.0,0.0,0.0,0.001803542988345428,0.004718245836551849,1.866077591063327e-09
1.0,9,8,416992.6589316329,250195.5953589797,416992.65893163293,-1.66800334228539e-11,0.21683618264444904,5.915896151905699e-34,0.2168361826444492,-2.1684043449710067e-17,0.0,0.0,0.0,0.0,0.0,0.0,0.0,0.0,0.0,0.0,0.002134166666666666,0.00471824583655185,3.533064079311607e-09
1.0,9,9,416992.658931633,250195.5953589798,416992.658931633,-2.974323207191437e-11,0.21683618264444915,6.83238284287463e-34,0.2168361826444492,-3.866620169348868e-17,0.0,0.0,0.0,0.0,0.0,0.0,0.0,0.0,0.0,0.0,0.0024647903449879047,0.004718245836551849,2.5502525080762126e-09
1.0,10,1,416992.6589316338,250195.59535898012,416992.65893163334,4.4253886553600124e-12,0.21683618264444973,-7.365767921699081e-34,0.2168361826444492,5.753005251968016e-18,0.0,0.0,0.0,0.0,0.0,0.0,0.0,0.0,0.0,0.0,0.002657209655012095,0.00278175416344815,2.749343610891237e-09
1.0,10,2,416992.65893163334,250195.59535897998,416992.6589316332,2.6721983862667763e-11,0.2168361826444494,-8.282254612667969e-34,0.21683618264444926,3.473857902146809e-17,0.0,0.0,0.0,0.0,0.0,0.0,0.0,0.0,0.0,0.0,0.0029878333333333337,0.0027817541634481495,4.94628971103624e-09
1.0,10,3,416992.6589316332,250195.5953589799,416992.6589316331,-6.56137865275757e-11,0.21683618264444932,-9.19874130363687e-34,0.2168361826444492,-8.529792248584841e-17,0.0,0.0,0.0,0.0,0.0,0.0,0.0,0.0,0.0,0.0,0.0033184570116545713,0.0027817541634481495,3.43351852790411e-09
1.0,10,4,416992.6589316337,250195.59535898012,416992.65893163334,-8.340016711426954e-12,0.21683618264444965,-6.68191177523049e-50,0.21683618264444923,-1.0842021724855041e-17,0.0,0.0,0.0,0.0,0.0,0.0,0.0,0.0,0.0,0.0,0.002657209655012095,0.00375,4.398949777425952e-09
1.0,10,5,416992.65893163334,250195.59535898,416992.6589316332,3.978882106406736e-43,0.2168361826444494,1.336382355046098e-49,0.2168361826444493,5.1725467383287566e-49,0.0,0.0,0.0,0.0,0.0,0.0,0.0,0.0,0.0,0.0,0.0029878333333333337,0.0037500000000000003,7.914063537657938e-09
1.0,10,6,416992.6589316329,250195.59535897977,416992.65893163293,-3.1020712930106805e-27,0.21683618264444907,2.004573532569147e-49,0.2168361826444492,-4.032692680913885e-33,0.0,0.0,0.0,0.0,0.0,0.0,0.0,0.0,0.0,0.0,0.0033184570116545713,0.00375,5.493629644646531e-09
1.0,10,7,416992.65893163276,250195.59535897974,416992.658931633,3.3360066845707805e-11,0.21683618264444898,7.3657679216990425e-34,0.2168361826444493,4.3368086899420147e-17,0.0,0.0,0.0,0.0,0.0,0.0,0.0,0.0,0.0,0.0,0.0026572096550120947,0.004718245836551849,2.749343610891238e-09
1.0,10,8,416992.6589316333,250195.59535897995,416992.6589316332,-3.114737251802777e-11,0.21683618264444934,8.282254612667955e-34,0.21683618264444926,-4.04915842734361e-17,0.0,0.0,0.0,0.0,0.0,0.0,0.0,0.0,0.0,0.0,0.0029878333333333337,0.00471824583655185,4.946289711036249e-09
1.0,10,9,416992.6589316331,250195.59535897986,416992.65893163305,-2.56156366988277e-11,0.21683618264444926,9.198741303636925e-34,0.2168361826444492,-3.330032770847601e-17,0.0,0.0,0.0,0.0,0.0,0.0,0.0,0.0,0.0,0.0,0.003318457011654571,0.004718245836551849,3.4335185279041065e-09
1.0,11,1,416992.6589316334,250195.59535897998,416992.6589316332,3.336006684570785e-11,0.21683618264444943,-9.73212638246129e-34,0.21683618264444923,4.33680868994202e-17,0.0,0.0,0.0,0.0,0.0,0.0,0.0,0.0,0.0,0.0,0.0035108763216787613,0.00278175416344815,3.632609630719138e-09
1.0,11,2,416992.6589316329,250195.59535897974,416992.658931633,2.4509289534987635e-11,0.21683618264444904,-1.0648613073430217e-33,0.21683618264444923,3.1862076395483926e-17,0.0,0.0,0.0,0.0,0.0,0.0,0.0,0.0,0.0,0.0,0.0038415000000000003,0.0027817541634481495,6.3595153427608815e-09
1.0,11,3,416992.65893163276,250195.59535897968,416992.6589316329,-2.1105422078214046e-11,0.21683618264444895,-1.1565099764399183e-33,0.2168361826444492,-2.743704870167826e-17,0.0,0.0,0.0,0.0,0.0,0.0,0.0,0.0,0.0,0.0,0.004172123678321239,0.0027817541634481495,4.316784547732024e-09
1.0,11,4,416992.65893163346,250195.59535898,416992.6589316332,3.988377376728027e-27,0.2168361826444495,3.340955887615245e-49,0.21683618264444923,5.184890589746435e-33,0.0,0.0,0.0,0.0,0.0,0.0,0.0,0.0,0.0,0.0,0.0035108763216787613,0.00375,5.8121754091505894e-09
1.0,11,5,416992.6589316328,250195.59535897974,416992.658931633,-1.1387393443604935e-42,0.216836182644449,2.6727647100921953e-49,0.21683618264444926,-1.4803611476686415e-48,0.0,0.0,0.0,0.0,0.0,0.0,0.0,0.0,0.0,0.0,0.0038415000000000003,0.0037500000000000003,1.0175224548417353e-08
1.0,11,6,416992.65893163194,250195.59535897936,416992.6589316326,-3.988377376728014e-27,0.21683618264444837,0.0,0.21683618264444923,-5.184890589746418e-33,0.0,0.0,0.0,0.0,0.0,0.0,0.0,0.0,0.0,0.0,0.004172123678321238,0.00375,6.9068552763711875e-09
1.0,11,7,416992.6589316327,250195.59535897968,416992.65893163293,-2.450928953498757e-11,0.21683618264444893,9.732126382461208e-34,0.21683618264444923,-3.186207639548384e-17,0.0,0.0,0.0,0.0,0.0,0.0,0.0,0.0,0.0,0.0,0.0035108763216787613,0.004718245836551849,3.6326096307191406e-09
1.0,11,8,416992.6589316329,250195.59535897977,416992.65893163293,4.425388655360095e-12,0.21683618264444907,1.0648613073430203e-33,0.2168361826444492,5.753005251968123e-18,0.0,0.0,0.0,0.0,0.0,0.0,0.0,0.0,0.0,0.0,0.0038415000000000003,0.00471824583655185,6.3595153427608955e-09
1.0,11,9,416992.6589316337,250195.5953589801,416992.6589316333,-1.0348406799389734e-10,0.21683618264444965,1.156509976439924e-33,0.2168361826444492,-1.3452928839206654e-16,0.0,0.0,0.0,0.0,0.0,0.0,0.0,0.0,0.0,0.0,0.004172123678321238,0.004718245836551849,4.316784547732029e-09
1.0,12,1,416992.6589316344,250195.5953589804,416992.6589316336,-8.8507773107199e-12,0.21683618264445018,-1.2098484843223397e-33,0.2168361826444492,-1.150601050393587e-17,0.0,0.0,0.0,0.0,0.0,0.0,0.0,0.0,0.0,0.0,0.004364542988345429,0.00278175416344815,4.515875650547045e-09
1.0,12,2,416992.65893163317,250195.5953589799,416992.65893163317,-2.008390087962763e-11,0.21683618264444926,-1.3014971534192211e-33,0.21683618264444926,-2.610907114351592e-17,0.0,0.0,0.0,0.0,0.0,0.0,0.0,0.0,0.0,0.0,0.004695166666666667,0.0027817541634481495,7.772740974485523e-09
1.0,12,3,416992.6589316323,250195.5953589795,416992.65893163276,7.676208413122939e-11,0.21683618264444862,-1.3931458225161052e-33,0.21683618264444923,9.97907093705982e-17,0.0,0.0,0.0,0.0,0.0,0.0,0.0,0.0,0.0,0.0,0.005025790344987905,0.0027817541634481495,5.200050567559927e-09
1.0,12,4,416992.6589316339,250195.59535898018,416992.6589316334,4.874683460445393e-27,0.21683618264444984,6.68191177523049e-49,0.2168361826444492,6.337088498579011e-33,0.0,0.0,0.0,0.0,0.0,0.0,0.0,0.0,0.0,0.0,0.004364542988345428,0.00375,7.225401040875247e-09
1.0,12,5,416992.6589316332,250195.5953589799,416992.6589316331,2.2081679845342535e-41,0.21683618264444932,-2.672764710092196e-49,0.21683618264444923,2.8706183798945296e-47,0.0,0.0,0.0,0.0,0.0,0.0,0.0,0.0,0.0,0.0,0.004695166666666667,0.0037500000000000003,1.2436385559176761e-08
1.0,12,6,416992.6589316327,250195.59535897968,416992.65893163293,-7.233669547586934e-12,0.21683618264444893,-6.384431569475396e-48,0.21683618264444923,-9.403770411863014e-18,0.0,0.0,0.0,0.0,0.0,0.0,0.0,0.0,0.0,0.0,0.005025790344987905,0.00375,8.320080908095809e-09
1.0,12,7,416992.6589316345,250195.59535898047,416992.6589316337,-5.786935638069572e-11,0.21683618264445026,1.2098484843223399e-33,0.21683618264444923,-7.523016329490443e-17,0.0,0.0,0.0,0.0,0.0,0.0,0.0,0.0,0.0,0.0,0.004364542988345429,0.004718245836551849,4.515875650547046e-09
1.0,12,8,416992.65893163293,250195.5953589798,416992.65893163305,-6.67201336914156e-11,0.21683618264444912,1.301497153419218e-33,0.21683618264444923,-8.673617379884027e-17,0.0,0.0,0.0,0.0,0.0,0.0,0.0,0.0,0.0,0.0,0.004695166666666667,0.00471824583655185,7.772740974485536e-09
1.0,12,9,416992.6589316319,250195.59535897934,416992.6589316326,-4.8174726487473616e-27,0.21683618264444832,1.393145822516083e-33,0.21683618264444923,-6.26271444337157e-33,0.0,0.0,0.0,0.0,0.0,0.0,0.0,0.0,0.0,0.0,0.005025790344987904,0.004718245836551849,5.200050567559937e-09
1.0,13,1,416992.6589316331,250195.59535897986,416992.6589316331,-1.3829339548000185e-13,0.21683618264444923,-2.666925394122114e-35,0.21683618264444923,-1.7978141412400241e-19,0.0,0.0,0.0,0.0,0.0,0.0,0.0,0.0,0.0,0.0,9.620965501209494e-05,0.00528175416344815,9.954555140751547e-11
1.0,13,2,416992.65893163317,250195.5953589799,416992.65893163317,5.531735819200089e-13,0.21683618264444926,-1.1831792303811366e-34,0.21683618264444926,7.191256564960116e-19,0.0,0.0,0.0,0.0,0.0,0.0,0.0,0.0,0.0,0.0,0.0004268333333333333,0.0052817541634481505,7.066128158623211e-10
1.0,13,3,416992.65893163317,250195.5953589799,416992.6589316331,-6.393305929050227e-12,0.21683618264444926,-2.099665921350067e-34,0.21683618264444923,-8.311297707765295e-18,0.0,0.0,0.0,0.0,0.0,0.0,0.0,0.0,0.0,0.0,0.0007574570116545716,0.0052817541634481505,7.837204684203904e-10
1.0,13,4,416992.65893163317,250195.5953589799,416992.65893163317,4.431530418586687e-28,0.21683618264444926,8.352389719038114e-51,0.2168361826444493,5.760989544162693e-34,0.0,0.0,0.0,0.0,0.0,0.0,0.0,0.0,0.0,0.0,9.620965501209496e-05,0.00625,1.5927288225202382e-10
1.0,13,5,416992.65893163317,250195.5953589799,416992.65893163317,-5.051623759427847e-44,0.21683618264444926,3.3409558876152455e-50,0.21683618264444926,-6.5671108872562e-50,0.0,0.0,0.0,0.0,0.0,0.0,0.0,0.0,0.0,0.0,0.0004268333333333333,0.00625,1.130580505379705e-09
1.0,13,6,416992.6589316332,250195.5953589799,416992.6589316331,-4.431530418586688e-28,0.21683618264444932,-8.352389719038114e-51,0.21683618264444923,-5.7609895441626945e-34,0.0,0.0,0.0,0.0,0.0,0.0,0.0,0.0,0.0,0.0,0.0007574570116545716,0.00625,1.253952749472617e-09
1.0,13,7,416992.65893163317,250195.5953589799,416992.6589316331,1.0425020889283693e-12,0.21683618264444926,2.66692539412211e-35,0.21683618264444923,1.35525271560688e-18,0.0,0.0,0.0,0.0,0.0,0.0,0.0,0.0,0.0,0.0,9.620965501209492e-05,0.0072182458365518485,9.954555140751565e-11
1.0,13,8,416992.65893163317,250195.5953589799,416992.65893163317,5.721081169799197e-29,0.21683618264444926,1.1831792303811407e-34,0.21683618264444926,7.437405520738956e-35,0.0,0.0,0.0,0.0,0.0,0.0,0.0,0.0,0.0,0.0,0.0004268333333333333,0.00721824583655185,7.066128158623192e-10
1.0,13,9,416992.65893163317,250195.5953589799,416992.6589316331,1.9467107823767373e-12,0.21683618264444926,2.0996659213500654e-34,0.21683618264444923,2.5307240170897584e-18,0.0,0.0,0.0,0.0,0.0,0.0,0.0,0.0,0.0,0.0,0.0007574570116545715,0.0072182458365518485,7.837204684203909e-10
1.0,14,1,416992.6589316329,250195.59535897974,416992.658931633,1.386669937273996e-27,0.21683618264444904,-2.633051000174492e-34,0.21683618264444923,1.802670918456195e-33,0.0,0.0,0.0,0.0,0.0,0.0,0.0,0.0,0.0,0.0,0.0009498763216787615,0.00528175416344815,9.828115712354215e-10
1.0,14,2,416992.6589316332,250195.5953589799,416992.6589316331,2.3913702970440833e-11,0.21683618264444932,-3.549537691143417e-34,0.21683618264444923,3.108781386157308e-17,0.0,0.0,0.0,0.0,0.0,0.0,0.0,0.0,0.0,0.0,0.0012805,0.0052817541634481505,2.1198384475869643e-09
1.0,14,3,416992.65893163334,250195.59535897995,416992.6589316332,6.531599324530227e-12,0.2168361826444494,-4.466024382112358e-34,0.21683618264444923,8.491079121889295e-18,0.0,0.0,0.0,0.0,0.0,0.0,0.0,0.0,0.0,0.0,0.0016111236783212383,0.0052817541634481505,1.6669864882482963e-09
1.0,14,4,416992.6589316331,250195.59535897983,416992.65893163305,1.3294591255760056e-27,0.21683618264444926,0.0,0.21683618264444918,1.7282968632488073e-33,0.0,0.0,0.0,0.0,0.0,0.0,0.0,0.0,0.0,0.0,0.0009498763216787616,0.00625,1.5724985139766655e-09
1.0,14,5,416992.6589316332,250195.59535897992,416992.6589316332,-5.792416609484154e-43,0.21683618264444926,6.681911775230491e-50,0.21683618264444932,-7.5301415923294e-49,0.0,0.0,0.0,0.0,0.0,0.0,0.0,0.0,0.0,0.0,0.0012805000000000002,0.00625,3.3917415161391157e-09
1.0,14,6,416992.658931633,250195.59535897983,416992.658931633,-1.329459125576008e-27,0.21683618264444918,-3.340955887615245e-50,0.2168361826444492,-1.7282968632488104e-33,0.0,0.0,0.0,0.0,0.0,0.0,0.0,0.0,0.0,0.0,0.0016111236783212385,0.00625,2.667178381197257e-09
1.0,14,7,416992.65893163264,250195.59535897966,416992.6589316329,1.3866699372739971e-27,0.2168361826444489,2.6330510001744858e-34,0.21683618264444923,1.8026709184561963e-33,0.0,0.0,0.0,0.0,0.0,0.0,0.0,0.0,0.0,0.0,0.0009498763216787614,0.0072182458365518485,9.828115712354232e-10
1.0,14,8,416992.6589316332,250195.5953589799,416992.6589316331,-2.1701008642760867e-11,0.21683618264444932,3.5495376911434282e-34,0.21683618264444923,-2.8211311235589124e-17,0.0,0.0,0.0,0.0,0.0,0.0,0.0,0.0,0.0,0.0,0.0012805,0.00721824583655185,2.119838447586958e-09
1.0,14,9,416992.65893163346,250195.59535898,416992.6589316332,-1.8084173868967381e-12,0.2168361826444495,4.466024382112355e-34,0.2168361826444492,-2.3509426029657596e-18,0.0,0.0,0.0,0.0,0.0,0.0,0.0,0.0,0.0,0.0,0.001611123678321238,0.0072182458365518485,1.6669864882482975e-09
1.0,15,1,416992.65893163334,250195.59535897998,416992.6589316332,2.893467819034781e-11,0.2168361826444494,-4.999409460936765e-34,0.21683618264444926,3.7615081647452153e-17,0.0,0.0,0.0,0.0,0.0,0.0,0.0,0.0,0.0,0.0,0.001803542988345428,0.00528175416344815,1.866077591063325e-09
1.0,15,2,416992.658931633,250195.5953589798,416992.658931633,1.66800334228539e-11,0.21683618264444915,-5.915896151905706e-34,0.2168361826444492,2.168404344971007e-17,0.0,0.0,0.0,0.0,0.0,0.0,0.0,0.0,0.0,0.0,0.002134166666666666,0.0052817541634481505,3.533064079311607e-09
1.0,15,3,416992.65893163334,250195.59535897995,416992.6589316331,2.0296868196647403e-11,0.2168361826444494,-6.832382842874647e-34,0.2168361826444492,2.6385928655641622e-17,0.0,0.0,0.0,0.0,0.0,0.0,0.0,0.0,0.0,0.0,0.002464790344987905,0.0052817541634481505,2.5502525080762097e-09
1.0,15,4,416992.658931633,250195.5953589798,416992.658931633,2.215765209293343e-27,0.21683618264444915,0.0,0.2168361826444492,2.880494772081346e-33,0.0,0.0,0.0,0.0,0.0,0.0,0.0,0.0,0.0,0.0,0.001803542988345428,0.00625,2.9857241457013065e-09
1.0,15,5,416992.658931633,250195.59535897983,416992.65893163305,-5.706610718937342e-44,0.21683618264444915,-1.336382355046098e-49,0.21683618264444923,-7.418593934618545e-50,0.0,0.0,0.0,0.0,0.0,0.0,0.0,0.0,0.0,0.0,0.002134166666666666,0.00625,5.652902526898525e-09
1.0,15,6,416992.65893163293,250195.5953589798,416992.65893163305,-2.215765209293344e-27,0.21683618264444912,0.0,0.21683618264444923,-2.8804947720813472e-33,0.0,0.0,0.0,0.0,0.0,0.0,0.0,0.0,0.0,0.0,0.0024647903449879047,0.00625,4.080404012921899e-09
1.0,15,7,416992.65893163317,250195.5953589799,416992.65893163317,2.27297602099134e-27,0.2168361826444493,4.999409460936774e-34,0.21683618264444926,2.9548688272887417e-33,0.0,0.0,0.0,0.0,0.0,0.0,0.0,0.0,0.0,0.0,0.001803542988345428,0.0072182458365518485,1.866077591063327e-09
1.0,15,8,416992.6589316329,250195.59535897977,416992.658931633,-1.6680033422853944e-11,0.2168361826444491,5.91589615190572e-34,0.2168361826444492,-2.168404344971013e-17,0.0,0.0,0.0,0.0,0.0,0.0,0.0,0.0,0.0,0.0,0.002134166666666666,0.00721824583655185,3.533064079311597e-09
1.0,15,9,416992.658931633,250195.5953589798,416992.658931633,-2.974323207191437e-11,0.21683618264444915,6.83238284287464e-34,0.2168361826444492,-3.866620169348868e-17,0.0,0.0,0.0,0.0,0.0,0.0,0.0,0.0,0.0,0.0,0.0024647903449879047,0.0072182458365518485,2.5502525080762126e-09
1.0,16,1,416992.6589316338,250195.59535898012,416992.65893163334,4.4253886553600165e-12,0.21683618264444973,-7.365767921699092e-34,0.2168361826444492,5.753005251968022e-18,0.0,0.0,0.0,0.0,0.0,0.0,0.0,0.0,0.0,0.0,0.002657209655012095,0.00528175416344815,2.749343610891235e-09
1.0,16,2,416992.65893163334,250195.59535897998,416992.6589316332,2.672198386266772e-11,0.2168361826444494,-8.282254612667954e-34,0.21683618264444926,3.4738579021468036e-17,0.0,0.0,0.0,0.0,0.0,0.0,0.0,0.0,0.0,0.0,0.0029878333333333337,0.0052817541634481505,4.94628971103625e-09
1.0,16,3,416992.6589316332,250195.5953589799,416992.6589316331,-6.56137865275757e-11,0.21683618264444932,-9.198741303636875e-34,0.2168361826444492,-8.529792248584841e-17,0.0,0.0,0.0,0.0,0.0,0.0,0.0,0.0,0.0,0.0,0.0033184570116545713,0.0052817541634481505,3.43351852790411e-09
1.0,16,4,416992.6589316337,250195.59535898012,416992.65893163334,-8.340016711426954e-12,0.21683618264444965,2.672764710092196e-49,0.21683618264444923,-1.0842021724855041e-17,0.0,0.0,0.0,0.0,0.0,0.0,0.0,0.0,0.0,0.0,0.002657209655012095,0.00625,4.398949777425952e-09
1.0,16,5,416992.6589316333,250195.59535897995,416992.6589316332,7.30550379056648e-43,0.21683618264444934,6.68191177523049e-49,0.2168361826444493,9.497154927736424e-49,0.0,0.0,0.0,0.0,0.0,0.0,0.0,0.0,0.0,0.0,0.0029878333333333337,0.00625,7.914063537657934e-09
1.0,16,6,416992.6589316329,250195.59535897977,416992.65893163293,-3.1020712930106813e-27,0.21683618264444907,2.004573532569147e-49,0.2168361826444492,-4.0326926809138854e-33,0.0,0.0,0.0,0.0,0.0,0.0,0.0,0.0,0.0,0.0,0.0033184570116545713,0.00625,5.493629644646531e-09
1.0,16,7,416992.65893163276,250195.59535897974,416992.658931633,3.3360066845707805e-11,0.21683618264444898,7.3657679216990544e-34,0.2168361826444493,4.3368086899420147e-17,0.0,0.0,0.0,0.0,0.0,0.0,0.0,0.0,0.0,0.0,0.0026572096550120947,0.0072182458365518485,2.749343610891238e-09
1.0,16,8,416992.6589316333,250195.59535897995,416992.6589316332,-3.114737251802786e-11,0.21683618264444934,8.282254612667988e-34,0.21683618264444926,-4.0491584273436215e-17,0.0,0.0,0.0,0.0,0.0,0.0,0.0,0.0,0.0,0.0,0.0029878333333333337,0.00721824583655185,4.946289711036235e-09
1.0,16,9,416992.6589316331,250195.59535897986,416992.65893163305,-2.56156366988277e-11,0.21683618264444926,9.198741303636928e-34,0.2168361826444492,-3.330032770847601e-17,0.0,0.0,0.0,0.0,0.0,0.0,0.0,0.0,0.0,0.0,0.003318457011654571,0.0072182458365518485,3.4335185279041065e-09
1.0,17,1,416992.6589316334,250195.59535897998,416992.6589316332,3.3360066845707876e-11,0.21683618264444943,-9.732126382461304e-34,0.21683618264444923,4.336808689942024e-17,0.0,0.0,0.0,0.0,0.0,0.0,0.0,0.0,0.0,0.0,0.0035108763216787613,0.00528175416344815,3.6326096307191357e-09
1.0,17,2,416992.6589316328,250195.5953589797,416992.658931633,2.4509289534987593e-11,0.216836182644449,-1.0648613073430203e-33,0.21683618264444923,3.186207639548387e-17,0.0,0.0,0.0,0.0,0.0,0.0,0.0,0.0,0.0,0.0,0.0038415000000000003,0.0052817541634481505,6.359515342760893e-09
1.0,17,3,416992.65893163276,250195.59535897968,416992.6589316329,-2.1105422078214046e-11,0.21683618264444895,-1.1565099764399178e-33,0.2168361826444492,-2.743704870167826e-17,0.0,0.0,0.0,0.0,0.0,0.0,0.0,0.0,0.0,0.0,0.004172123678321239,0.0052817541634481505,4.316784547732024e-09
1.0,17,4,416992.65893163346,250195.59535898,416992.6589316332,3.988377376728027e-27,0.2168361826444495,-6.68191177523049e-50,0.21683618264444923,5.184890589746435e-33,0.0,0.0,0.0,0.0,0.0,0.0,0.0,0.0,0.0,0.0,0.0035108763216787613,0.00625,5.8121754091505894e-09
1.0,17,5,416992.6589316328,250195.59535897974,416992.658931633,-8.61520870680516e-43,0.216836182644449,0.0,0.21683618264444926,-1.1199771318846707e-48,0.0,0.0,0.0,0.0,0.0,0.0,0.0,0.0,0.0,0.0,0.0038415000000000003,0.00625,1.017522454841735e-08
1.0,17,6,416992.65893163194,250195.59535897936,416992.6589316326,-3.988377376728013e-27,0.21683618264444837,2.672764710092196e-49,0.21683618264444923,-5.184890589746417e-33,0.0,0.0,0.0,0.0,0.0,0.0,0.0,0.0,0.0,0.0,0.004172123678321238,0.00625,6.9068552763711875e-09
1.0,17,7,416992.6589316327,250195.59535897968,416992.65893163293,-2.450928953498757e-11,0.21683618264444893,9.73212638246121e-34,0.21683618264444923,-3.186207639548384e-17,0.0,0.0,0.0,0.0,0.0,0.0,0.0,0.0,0.0,0.0,0.0035108763216787613,0.0072182458365518485,3.6326096307191406e-09
1.0,17,8,416992.6589316329,250195.59535897977,416992.65893163293,4.425388655360104e-12,0.21683618264444907,1.0648613073430234e-33,0.2168361826444492,5.753005251968135e-18,0.0,0.0,0.0,0.0,0.0,0.0,0.0,0.0,0.0,0.0,0.0038415000000000003,0.00721824583655185,6.359515342760877e-09
1.0,17,9,416992.6589316337,250195.5953589801,416992.6589316333,-1.0348406799389734e-10,0.21683618264444965,1.1565099764399243e-33,0.2168361826444492,-1.3452928839206654e-16,0.0,0.0,0.0,0.0,0.0,0.0,0.0,0.0,0.0,0.0,0.004172123678321238,0.0072182458365518485,4.316784547732029e-09
1.0,18,1,416992.6589316343,250195.59535898035,416992.6589316336,-8.850777310719909e-12,0.21683618264445012,-1.2098484843223459e-33,0.2168361826444492,-1.1506010503935882e-17,0.0,0.0,0.0,0.0,0.0,0.0,0.0,0.0,0.0,0.0,0.004364542988345429,0.00528175416344815,4.5158756505470424e-09
1.0,18,2,416992.65893163317,250195.5953589799,416992.65893163317,-2.0083900879627604e-11,0.21683618264444926,-1.3014971534192387e-33,0.21683618264444926,-2.6109071143515883e-17,0.0,0.0,0.0,0.0,0.0,0.0,0.0,0.0,0.0,0.0,0.004695166666666667,0.0052817541634481505,7.772740974485536e-09
1.0,18,3,416992.6589316323,250195.5953589795,416992.65893163276,7.676208413122939e-11,0.21683618264444862,-1.3931458225161324e-33,0.21683618264444923,9.97907093705982e-17,0.0,0.0,0.0,0.0,0.0,0.0,0.0,0.0,0.0,0.0,0.005025790344987905,0.0052817541634481505,5.200050567559927e-09
1.0,18,4,416992.6589316339,250195.59535898018,416992.6589316334,4.874683460445377e-27,0.21683618264444984,1.336382355046098e-49,0.2168361826444492,6.33708849857899e-33,0.0,0.0,0.0,0.0,0.0,0.0,0.0,0.0,0.0,0.0,0.004364542988345428,0.00625,7.225401040875247e-09
1.0,18,5,416992.65893163317,250195.5953589799,416992.6589316331,8.177944973559368e-43,0.21683618264444926,5.345529420184392e-49,0.21683618264444923,1.0631328465627177e-48,0.0,0.0,0.0,0.0,0.0,0.0,0.0,0.0,0.0,0.0,0.004695166666666667,0.00625,1.2436385559176758e-08
1.0,18,6,416992.6589316327,250195.59535897968,416992.65893163293,-7.233669547586934e-12,0.21683618264444893,4.306627270893396e-48,0.21683618264444923,-9.403770411863014e-18,0.0,0.0,0.0,0.0,0.0,0.0,0.0,0.0,0.0,0.0,0.005025790344987905,0.00625,8.320080908095809e-09
1.0,18,7,416992.6589316345,250195.59535898047,416992.6589316337,-5.786935638069572e-11,0.21683618264445026,1.2098484843223438e-33,0.21683618264444923,-7.523016329490443e-17,0.0,0.0,0.0,0.0,0.0,0.0,0.0,0.0,0.0,0.0,0.004364542988345429,0.0072182458365518485,4.515875650547046e-09
1.0,18,8,416992.658931633,250195.59535897983,416992.65893163305,-6.672013369141579e-11,0.21683618264444915,1.3014971534192439e-33,0.21683618264444923,-8.673617379884053e-17,0.0,0.0,0.0,0.0,0.0,0.0,0.0,0.0,0.0,0.0,0.004695166666666667,0.00721824583655185,7.772740974485514e-09
1.0,18,9,416992.6589316319,250195.59535897934,416992.6589316326,-4.8174726487473595e-27,0.21683618264444832,1.3931458225161314e-33,0.21683618264444923,-6.262714443371567e-33,0.0,0.0,0.0,0.0,0.0,0.0,0.0,0.0,0.0,0.0,0.005025790344987904,0.0072182458365518485,5.200050567559937e-09
1.0,19,1,416992.65893163317,250195.5953589799,416992.6589316331,-1.3829339548000173e-13,0.21683618264444926,-4.776448576065306e-35,0.21683618264444923,-1.7978141412400225e-19,0.0,0.0,0.0,0.0,0.0,0.0,0.0,0.0,0.0,0.0,9.620965501209494e-05,0.007781754163448149,9.954555140751555e-11
1.0,19,2,416992.65893163317,250195.5953589799,416992.65893163317,5.531735819200077e-13,0.21683618264444926,-1.5274778182815662e-34,0.21683618264444926,7.1912565649601e-19,0.0,0.0,0.0,0.0,0.0,0.0,0.0,0.0,0.0,0.0,0.0004268333333333333,0.00778175416344815,7.06612815862322e-10
1.0,19,3,416992.65893163317,250195.5953589799,416992.6589316331,-6.393305929050227e-12,0.21683618264444926,-1.6608240879876701e-34,0.21683618264444923,-8.311297707765295e-18,0.0,0.0,0.0,0.0,0.0,0.0,0.0,0.0,0.0,0.0,0.0007574570116545716,0.007781754163448149,7.837204684203904e-10
1.0,19,4,416992.65893163317,250195.5953589799,416992.65893163317,2.954353612391117e-28,0.21683618264444926,-4.7764485760653e-35,0.2168361826444493,3.840659696108452e-34,0.0,0.0,0.0,0.0,0.0,0.0,0.0,0.0,0.0,0.0,9.620965501209496e-05,0.00875,1.5927288225202382e-10
1.0,19,5,416992.65893163317,250195.5953589799,416992.65893163317,4.9274571417172755e-45,0.21683618264444926,-1.5274778182815668e-34,0.21683618264444926,6.405694284232458e-51,0.0,0.0,0.0,0.0,0.0,0.0,0.0,0.0,0.0,0.0,0.0004268333333333333,0.00875,1.1305805053797056e-09
1.0,19,6,416992.6589316332,250195.5953589799,416992.6589316331,-2.954353612391118e-28,0.21683618264444932,-1.660824087987665e-34,0.21683618264444923,-3.8406596961084533e-34,0.0,0.0,0.0,0.0,0.0,0.0,0.0,0.0,0.0,0.0,0.0007574570116545716,0.00875,1.253952749472617e-09
1.0,19,7,416992.65893163317,250195.5953589799,416992.6589316331,1.0425020889283675e-12,0.21683618264444926,-4.7764485760652805e-35,0.21683618264444923,1.3552527156068777e-18,0.0,0.0,0.0,0.0,0.0,0.0,0.0,0.0,0.0,0.0,9.620965501209492e-05,0.009718245836551847,9.954555140751577e-11
1.0,19,8,416992.6589316331,250195.5953589799,416992.65893163317,-7.385884030977723e-29,0.21683618264444923,-1.527477818281566e-34,0.21683618264444926,-9.601649240271039e-35,0.0,0.0,0.0,0.0,0.0,0.0,0.0,0.0,0.0,0.0,0.0004268333333333333,0.009718245836551849,7.066128158623198e-10
1.0,19,9,416992.6589316331,250195.59535897986,416992.6589316331,1.9467107823767316e-12,0.21683618264444923,-1.6608240879876554e-34,0.21683618264444923,2.530724017089751e-18,0.0,0.0,0.0,0.0,0.0,0.0,0.0,0.0,0.0,0.0,0.0007574570116545715,0.009718245836551847,7.837204684203931e-10
1.0,20,1,416992.6589316329,250195.59535897974,416992.658931633,1.3034297942150687e-27,0.21683618264444904,-2.616113803200734e-34,0.21683618264444923,1.6944587324795892e-33,0.0,0.0,0.0,0.0,0.0,0.0,0.0,0.0,0.0,0.0,0.0009498763216787615,0.007781754163448149,9.828115712354224e-10
1.0,20,2,416992.6589316332,250195.5953589799,416992.6589316331,2.3913702970440798e-11,0.21683618264444932,-4.58243345484471e-34,0.21683618264444923,3.108781386157304e-17,0.0,0.0,0.0,0.0,0.0,0.0,0.0,0.0,0.0,0.0,0.0012805,0.00778175416344815,2.119838447586967e-09
1.0,20,3,416992.65893163334,250195.59535897995,416992.6589316332,6.531599324530227e-12,0.2168361826444494,-3.79929303358189e-34,0.21683618264444923,8.491079121889295e-18,0.0,0.0,0.0,0.0,0.0,0.0,0.0,0.0,0.0,0.0,0.0016111236783212383,0.007781754163448149,1.6669864882482963e-09
1.0,20,4,416992.6589316331,250195.59535897983,416992.65893163305,8.863060837173341e-28,0.21683618264444926,-2.616113803200725e-34,0.21683618264444918,1.1521979088325344e-33,0.0,0.0,0.0,0.0,0.0,0.0,0.0,0.0,0.0,0.0,0.0009498763216787616,0.00875,1.5724985139766655e-09
1.0,20,5,416992.6589316332,250195.59535897992,416992.6589316332,-7.594336688404013e-43,0.21683618264444926,-4.582433454844703e-34,0.21683618264444932,-9.872637694925218e-49,0.0,0.0,0.0,0.0,0.0,0.0,0.0,0.0,0.0,0.0,0.0012805000000000002,0.00875,3.391741516139118e-09
1.0,20,6,416992.658931633,250195.59535897983,416992.658931633,-8.863060837173368e-28,0.21683618264444918,-3.7992930335818602e-34,0.2168361826444492,-1.1521979088325379e-33,0.0,0.0,0.0,0.0,0.0,0.0,0.0,0.0,0.0,0.0,0.0016111236783212385,0.00875,2.667178381197257e-09
1.0,20,7,416992.65893163264,250195.59535897966,416992.6589316329,4.69182373219599e-28,0.21683618264444887,-2.6161138032007104e-34,0.21683618264444923,6.099370851854788e-34,0.0,0.0,0.0,0.0,0.0,0.0,0.0,0.0,0.0,0.0,0.0009498763216787614,0.009718245836551847,9.828115712354246e-10
1.0,20,8,416992.6589316333,250195.59535897995,416992.65893163317,-2.170100864276085e-11,0.21683618264444934,-4.582433454844691e-34,0.21683618264444923,-2.8211311235589106e-17,0.0,0.0,0.0,0.0,0.0,0.0,0.0,0.0,0.0,0.0,0.0012805,0.009718245836551849,2.11983844758696e-09
1.0,20,9,416992.65893163346,250195.59535898,416992.65893163317,-1.8084173868967325e-12,0.21683618264444948,-3.7992930335818218e-34,0.2168361826444492,-2.3509426029657523e-18,0.0,0.0,0.0,0.0,0.0,0.0,0.0,0.0,0.0,0.0,0.001611123678321238,0.009718245836551847,1.6669864882483025e-09
1.0,21,1,416992.65893163334,250195.59535897998,416992.6589316332,2.893467819034779e-11,0.2168361826444494,-4.754582748794932e-34,0.21683618264444926,3.761508164745213e-17,0.0,0.0,0.0,0.0,0.0,0.0,0.0,0.0,0.0,0.0,0.001803542988345428,0.007781754163448149,1.8660775910633267e-09
1.0,21,2,416992.6589316329,250195.59535897977,416992.658931633,1.6680033422853873e-11,0.21683618264444912,-7.637389091407847e-34,0.2168361826444492,2.1684043449710036e-17,0.0,0.0,0.0,0.0,0.0,0.0,0.0,0.0,0.0,0.0,0.002134166666666666,0.00778175416344815,3.5330640793116126e-09
1.0,21,3,416992.65893163334,250195.59535897995,416992.6589316331,2.0296868196647403e-11,0.2168361826444494,-5.9377619791760895e-34,0.2168361826444492,2.6385928655641622e-17,0.0,0.0,0.0,0.0,0.0,0.0,0.0,0.0,0.0,0.0,0.002464790344987905,0.007781754163448149,2.5502525080762097e-09
1.0,21,4,416992.658931633,250195.5953589798,416992.658931633,1.4771768061955584e-27,0.21683618264444915,-4.75458274879492e-34,0.2168361826444492,1.9203298480542258e-33,0.0,0.0,0.0,0.0,0.0,0.0,0.0,0.0,0.0,0.0,0.001803542988345428,0.00875,2.9857241457013065e-09
1.0,21,5,416992.658931633,250195.59535897983,416992.65893163305,4.627185309605858e-43,0.21683618264444915,-7.637389091407837e-34,0.21683618264444923,6.015340902487615e-49,0.0,0.0,0.0,0.0,0.0,0.0,0.0,0.0,0.0,0.0,0.002134166666666666,0.00875,5.652902526898527e-09
1.0,21,6,416992.65893163293,250195.5953589798,416992.65893163305,-1.477176806195558e-27,0.21683618264444912,-5.937761979176063e-34,0.21683618264444923,-1.9203298480542254e-33,0.0,0.0,0.0,0.0,0.0,0.0,0.0,0.0,0.0,0.0,0.0024647903449879047,0.00875,4.080404012921899e-09
1.0,21,7,416992.65893163317,250195.5953589799,416992.65893163317,8.312098489058524e-28,0.21683618264444926,-4.754582748794879e-34,0.21683618264444926,1.080572803577608e-33,0.0,0.0,0.0,0.0,0.0,0.0,0.0,0.0,0.0,0.0,0.001803542988345428,0.009718245836551847,1.86607759106333e-09
1.0,21,8,416992.6589316329,250195.59535897977,416992.658931633,-1.6680033422853935e-11,0.2168361826444491,-7.637389091407826e-34,0.2168361826444492,-2.1684043449710116e-17,0.0,0.0,0.0,0.0,0.0,0.0,0.0,0.0,0.0,0.0,0.002134166666666666,0.009718245836551849,3.5330640793116e-09
1.0,21,9,416992.658931633,250195.5953589798,416992.658931633,-2.9743232071914285e-11,0.21683618264444915,-5.937761979176026e-34,0.2168361826444492,-3.866620169348857e-17,0.0,0.0,0.0,0.0,0.0,0.0,0.0,0.0,0.0,0.0,0.0024647903449879047,0.009718245836551847,2.5502525080762196e-09
1.0,22,1,416992.6589316338,250195.59535898012,416992.65893163334,4.4253886553600124e-12,0.21683618264444973,-6.893051694389163e-34,0.2168361826444492,5.753005251968016e-18,0.0,0.0,0.0,0.0,0.0,0.0,0.0,0.0,0.0,0.0,0.002657209655012095,0.007781754163448149,2.749343610891237e-09
1.0,22,2,416992.65893163334,250195.59535897998,416992.6589316332,2.6721983862667692e-11,0.2168361826444494,-1.069234472797095e-33,0.21683618264444926,3.4738579021468e-17,0.0,0.0,0.0,0.0,0.0,0.0,0.0,0.0,0.0,0.0,0.0029878333333333337,0.00778175416344815,4.946289711036257e-09
1.0,22,3,416992.6589316332,250195.5953589799,416992.6589316331,-6.56137865275757e-11,0.21683618264444932,-8.076230924770248e-34,0.2168361826444492,-8.529792248584841e-17,0.0,0.0,0.0,0.0,0.0,0.0,0.0,0.0,0.0,0.0,0.0033184570116545713,0.007781754163448149,3.43351852790411e-09
1.0,22,4,416992.6589316337,250195.59535898012,416992.65893163334,-8.340016711426956e-12,0.21683618264444965,-6.893051694389118e-34,0.21683618264444923,-1.0842021724855043e-17,0.0,0.0,0.0,0.0,0.0,0.0,0.0,0.0,0.0,0.0,0.002657209655012095,0.00875,4.398949777425952e-09
1.0,22,5,416992.65893163334,250195.59535898,416992.6589316332,4.186795961666726e-43,0.2168361826444494,-1.0692344727970963e-33,0.2168361826444493,5.442834750166745e-49,0.0,0.0,0.0,0.0,0.0,0.0,0.0,0.0,0.0,0.0,0.0029878333333333337,0.00875,7.914063537657938e-09
1.0,22,6,416992.6589316329,250195.59535897977,416992.65893163293,-2.068047528673785e-27,0.21683618264444907,-8.076230924770245e-34,0.2168361826444492,-2.6884617872759205e-33,0.0,0.0,0.0,0.0,0.0,0.0,0.0,0.0,0.0,0.0,0.0033184570116545713,0.00875,5.493629644646531e-09
1.0,22,7,416992.65893163276,250195.5953589797,416992.658931633,3.3360066845707747e-11,0.21683618264444895,-6.893051694389083e-34,0.2168361826444493,4.336808689942007e-17,0.0,0.0,0.0,0.0,0.0,0.0,0.0,0.0,0.0,0.0,0.0026572096550120947,0.009718245836551847,2.749343610891242e-09
1.0,22,8,416992.6589316333,250195.59535897995,416992.6589316332,-3.1147372518027835e-11,0.21683618264444934,-1.0692344727970966e-33,0.21683618264444926,-4.0491584273436184e-17,0.0,0.0,0.0,0.0,0.0,0.0,0.0,0.0,0.0,0.0,0.0029878333333333337,0.009718245836551849,4.9462897110362386e-09
1.0,22,9,416992.658931633,250195.59535897983,416992.658931633,-2.561563669882763e-11,0.2168361826444492,-8.076230924770197e-34,0.2168361826444492,-3.3300327708475916e-17,0.0,0.0,0.0,0.0,0.0,0.0,0.0,0.0,0.0,0.0,0.003318457011654571,0.009718245836551847,3.433518527904116e-09
1.0,23,1,416992.6589316334,250195.59535897998,416992.6589316332,3.336006684570785e-11,0.21683618264444943,-9.031520639983317e-34,0.21683618264444923,4.33680868994202e-17,0.0,0.0,0.0,0.0,0.0,0.0,0.0,0.0,0.0,0.0,0.0035108763216787613,0.007781754163448149,3.632609630719138e-09
1.0,23,2,416992.65893163276,250195.5953589797,416992.65893163293,2.450928953498756e-11,0.21683618264444898,-1.374730036453408e-33,0.21683618264444923,3.186207639548383e-17,0.0,0.0,0.0,0.0,0.0,0.0,0.0,0.0,0.0,0.0,0.0038415000000000003,0.00778175416344815,6.359515342760901e-09
1.0,23,3,416992.65893163276,250195.59535897968,416992.6589316329,-2.1105422078214046e-11,0.21683618264444895,-1.0214699870364492e-33,0.2168361826444492,-2.743704870167826e-17,0.0,0.0,0.0,0.0,0.0,0.0,0.0,0.0,0.0,0.0,0.004172123678321239,0.007781754163448149,4.316784547732024e-09
1.0,23,4,416992.65893163346,250195.59535898,416992.6589316332,2.6589182511520098e-27,0.2168361826444495,-9.031520639983312e-34,0.21683618264444923,3.4565937264976126e-33,0.0,0.0,0.0,0.0,0.0,0.0,0.0,0.0,0.0,0.0,0.0035108763216787613,0.00875,5.8121754091505894e-09
1.0,23,5,416992.6589316329,250195.59535897977,416992.65893163305,-1.2496267338324857e-42,0.21683618264444904,-1.3747300364534117e-33,0.21683618264444926,-1.6245147539822313e-48,0.0,0.0,0.0,0.0,0.0,0.0,0.0,0.0,0.0,0.0,0.0038415000000000003,0.00875,1.0175224548417353e-08
1.0,23,6,416992.65893163194,250195.59535897936,416992.6589316326,-2.658918251152002e-27,0.21683618264444837,-1.0214699870364453e-33,0.21683618264444923,-3.456593726497602e-33,0.0,0.0,0.0,0.0,0.0,0.0,0.0,0.0,0.0,0.0,0.004172123678321238,0.00875,6.9068552763711875e-09
1.0,23,7,416992.6589316327,250195.59535897968,416992.65893163293,-2.4509289534987544e-11,0.21683618264444893,-9.031520639983317e-34,0.21683618264444923,-3.186207639548381e-17,0.0,0.0,0.0,0.0,0.0,0.0,0.0,0.0,0.0,0.0,0.0035108763216787613,0.009718245836551847,3.6326096307191464e-09
1.0,23,8,416992.6589316329,250195.59535897977,416992.65893163293,4.425388655360099e-12,0.21683618264444907,-1.3747300364534137e-33,0.2168361826444492,5.753005251968129e-18,0.0,0.0,0.0,0.0,0.0,0.0,0.0,0.0,0.0,0.0,0.0038415000000000003,0.009718245836551849,6.3595153427608815e-09
1.0,23,9,416992.6589316337,250195.59535898012,416992.6589316333,-1.034840679938971e-10,0.21683618264444968,-1.0214699870364381e-33,0.2168361826444492,-1.3452928839206622e-16,0.0,0.0,0.0,0.0,0.0,0.0,0.0,0.0,0.0,0.0,0.004172123678321238,0.009718245836551847,4.316784547732039e-09
1.0,24,1,416992.6589316344,250195.5953589804,416992.6589316336,-8.8507773107199e-12,0.21683618264445018,-1.2370106012932381e-33,0.2168361826444492,-1.150601050393587e-17,0.0,0.0,0.0,0.0,0.0,0.0,0.0,0.0,0.0,0.0,0.004364542988345429,0.007781754163448149,4.515875650547045e-09
1.0,24,2,416992.65893163317,250195.5953589799,416992.65893163317,-2.0083900879627575e-11,0.21683618264444926,-2.0351793692240597e-33,0.21683618264444926,-2.6109071143515846e-17,0.0,0.0,0.0,0.0,0.0,0.0,0.0,0.0,0.0,0.0,0.004695166666666667,0.00778175416344815,7.772740974485548e-09
1.0,24,3,416992.6589316323,250195.5953589795,416992.65893163276,7.67620841312294e-11,0.21683618264444862,-1.5502667697983753e-33,0.21683618264444923,9.979070937059822e-17,0.0,0.0,0.0,0.0,0.0,0.0,0.0,0.0,0.0,0.0,0.005025790344987905,0.007781754163448149,5.200050567559927e-09
1.0,24,4,416992.6589316339,250195.59535898018,416992.6589316334,2.8066359317715768e-27,0.21683618264444984,-1.1570028394695834e-33,0.2168361826444492,3.64862671130305e-33,0.0,0.0,0.0,0.0,0.0,0.0,0.0,0.0,0.0,0.0,0.004364542988345428,0.00875,7.225401040875247e-09
1.0,24,5,416992.65893163317,250195.5953589799,416992.6589316331,1.122734818403913e-42,0.21683618264444926,-1.680225600109726e-33,0.21683618264444923,1.4595552639250868e-48,0.0,0.0,0.0,0.0,0.0,0.0,0.0,0.0,0.0,0.0,0.004695166666666667,0.00875,1.2436385559176763e-08
1.0,24,6,416992.6589316327,250195.59535897968,416992.65893163293,-7.2336695475869315e-12,0.21683618264444893,-9.203669933933532e-34,0.21683618264444923,-9.40377041186301e-18,0.0,0.0,0.0,0.0,0.0,0.0,0.0,0.0,0.0,0.0,0.005025790344987905,0.00875,8.320080908095809e-09
1.0,24,7,416992.6589316345,250195.59535898047,416992.6589316337,-5.786935638069566e-11,0.2168361826444503,-1.0769950776459214e-33,0.21683618264444923,-7.523016329490436e-17,0.0,0.0,0.0,0.0,0.0,0.0,0.0,0.0,0.0,0.0,0.004364542988345429,0.009718245836551847,4.5158756505470515e-09
1.0,24,8,416992.658931633,250195.59535897983,416992.65893163305,-6.672013369141574e-11,0.21683618264444915,-1.3252718309953897e-33,0.21683618264444923,-8.673617379884047e-17,0.0,0.0,0.0,0.0,0.0,0.0,0.0,0.0,0.0,0.0,0.004695166666666667,0.009718245836551849,7.77274097448552e-09
1.0,24,9,416992.6589316319,250195.59535897934,416992.6589316326,-8.853830885142391e-28,0.21683618264444832,-2.904672169883388e-34,0.21683618264444923,-1.1509980150685108e-33,0.0,0.0,0.0,0.0,0.0,0.0,0.0,0.0,0.0,0.0,0.005025790344987904,0.009718245836551847,5.2000505675599515e-09
1.0,25,1,123984.78728727842,123984.78728727871,289297.8370036506,-2.527745669836606e-25,-3.7975557705271645e-16,5.349813818493254e-35,0.2149069646312835,-3.2860693707875873e-31,0.0,0.0,0.0,0.0,0.0,0.0,0.0,0.0,0.0,0.0,0.005153176325465778,0.0002258541374200371,1.4293997424227003e-09
1.0,25,2,121106.91722342209,121106.91722342209,282582.80685465154,1.7610228809603092e-28,0.0,1.5961988015051715e-34,0.2099186565205983,2.289329745248402e-34,0.0,0.0,0.0,0.0,0.0,0.0,0.0,0.0,0.0,0.0,0.00526375,0.0002258541374200371,2.3361134706749708e-09
1.0,25,3,118359.61570159938,118359.61570159924,276172.43663706473,-5.2021062321774936e-11,1.8987778852635874e-16,-1.3353998090289366e-34,0.20515666721610515,-6.762738101830742e-17,0.0,0.0,0.0,0.0,0.0,0.0,0.0,0.0,0.0,0.0,0.005374323674534221,0.00022585413742003712,1.490742095921028e-09
1.0,25,4,123984.78728727894,123984.78728727894,289297.8370036509,9.949714213703402e-28,0.0,2.17724572684936e-34,0.21490696463128353,1.2934628477814422e-33,0.0,0.0,0.0,0.0,0.0,0.0,0.0,0.0,0.0,0.0,0.005153176325465778,0.001002,2.2870395878763263e-09
1.0,25,5,121106.91722342205,121106.91722342205,282582.8068546514,-2.7973335860185983e-41,0.0,3.8042462490231413e-34,0.20991865652059824,-3.6365336618241775e-47,0.0,0.0,0.0,0.0,0.0,0.0,0.0,0.0,0.0,0.0,0.005263750000000001,0.001002,3.737781553079926e-09
1.0,25,6,118359.6157015991,118359.6157015991,276172.43663706456,1.0404212464354987e-11,-2.05455000825371e-32,1.4384307410069745e-34,0.20515666721610512,1.3525476203661482e-17,0.0,0.0,0.0,0.0,0.0,0.0,0.0,0.0,0.0,0.0,0.0053743236745342204,0.001002,2.385187353473609e-09
1.0,25,7,123984.78728727972,123984.78728727928,289297.83700365125,-1.8760120805835627e-25,5.696333655790687e-16,3.8195100718493502e-34,0.21490696463128353,-2.4388157047586315e-31,0.0,0.0,0.0,0.0,0.0,0.0,0.0,0.0,0.0,0.0,0.005153176325465777,0.0017781458625799628,1.4293997424227143e-09
1.0,25,8,121106.91722342209,121106.91722342209,282582.80685465154,-2.3356856674027395e-29,0.0,6.012293696541116e-34,0.2099186565205983,-3.0363913676235615e-35,0.0,0.0,0.0,0.0,0.0,0.0,0.0,0.0,0.0,0.0,0.00526375,0.001778145862579963,2.3361134706749708e-09
1.0,25,9,118359.61570159988,118359.61570159944,276172.4366370649,-1.040421246435518e-11,5.696333655790825e-16,4.2122612910429324e-34,0.20515666721610512,-1.3525476203661733e-17,0.0,0.0,0.0,0.0,0.0,0.0,0.0,0.0,0.0,0.0,0.0053743236745342204,0.0017781458625799628,1.490742095921034e-09
1.0,26,1,116817.34920513615,116817.34920513644,272573.8148119853,-1.2669412839995842e-25,-3.7975557705271936e-16,-1.3408963112031412e-34,0.20248340528890357,-1.6470236691994594e-31,0.0,0.0,0.0,0.0,0.0,0.0,0.0,0.0,0.0,0.0,0.0054386763254657775,0.0002258541374200371,1.5085923802614117e-09
1.0,26,2,114259.16263268345,114259.16263268345,266604.7128095947,-1.758610646265851e-28,0.0,1.5836843257451868e-34,0.19804921522998467,-2.2861938401456063e-34,0.0,0.0,0.0,0.0,0.0,0.0,0.0,0.0,0.0,0.0,0.005549249999999999,0.0002258541374200371,2.4628216912169174e-09
1.0,26,3,111810.61860125622,111810.61860125608,260891.4434029307,-5.2021062321774813e-11,1.8987778852635443e-16,5.338389579272518e-35,0.19380507224217702,-6.762738101830725e-17,0.0,0.0,0.0,0.0,0.0,0.0,0.0,0.0,0.0,0.0,0.005659823674534221,0.00022585413742003712,1.5699347337597606e-09
1.0,26,4,116817.34920513663,116817.34920513663,272573.8148119855,9.885619094275876e-28,0.0,1.431147211074624e-34,0.20248340528890352,1.285130482255864e-33,0.0,0.0,0.0,0.0,0.0,0.0,0.0,0.0,0.0,0.0,0.0054386763254657775,0.001002,2.4137478084182357e-09
1.0,26,5,114259.16263268345,114259.16263268345,266604.7128095947,-4.45909897965914e-43,0.0,3.783803639494491e-34,0.19804921522998467,-5.796828673556881e-49,0.0,0.0,0.0,0.0,0.0,0.0,0.0,0.0,0.0,0.0,0.005549249999999999,0.001002,3.940514705947047e-09
1.0,26,6,111810.61860125593,111810.61860125593,260891.4434029305,1.0404212464354987e-11,-2.0545500082536913e-32,2.1620340631481096e-34,0.19380507224217697,1.3525476203661484e-17,0.0,0.0,0.0,0.0,0.0,0.0,0.0,0.0,0.0,0.0,0.0056598236745342215,0.001002,2.5118955740156073e-09
1.0,26,7,116817.34920513742,116817.34920513698,272573.8148119859,-1.875677677919127e-25,5.696333655790738e-16,4.203190733352323e-34,0.20248340528890355,-2.438380981294865e-31,0.0,0.0,0.0,0.0,0.0,0.0,0.0,0.0,0.0,0.0,0.0054386763254657775,0.0017781458625799628,1.5085923802614095e-09
1.0,26,8,114259.16263268345,114259.16263268345,266604.7128095947,2.1457708316331236e-29,0.0,5.983922953243794e-34,0.19804921522998467,2.7895020811230605e-35,0.0,0.0,0.0,0.0,0.0,0.0,0.0,0.0,0.0,0.0,0.005549249999999999,0.001778145862579963,2.4628216912169215e-09
1.0,26,9,111810.61860125672,111810.61860125628,260891.44340293086,-1.0404212464354918e-11,5.696333655790669e-16,3.7902291683689453e-34,0.193805072242177,-1.3525476203661393e-17,0.0,0.0,0.0,0.0,0.0,0.0,0.0,0.0,0.0,0.0,0.00565982367453422,0.0017781458625799628,1.5699347337597567e-09
1.0,27,1,123984.78728727842,123984.78728727871,289297.8370036506,-2.5048197531086942e-25,-3.7975557705271645e-16,-2.9533575893566214e-34,0.2149069646312835,-3.2562656790413023e-31,0.0,0.0,0.0,0.0,0.0,0.0,0.0,0.0,0.0,0.0,0.005153176325465778,0.002229854137420037,1.4293997424226999e-09
1.0,27,2,121106.91722342209,121106.91722342209,282582.80685465154,-8.774788832936208e-31,0.0,-2.9468570646551358e-34,0.2099186565205983,-1.140722548281707e-36,0.0,0.0,0.0,0.0,0.0,0.0,0.0,0.0,0.0,0.0,0.00526375,0.002229854137420037,2.3361134706749708e-09
1.0,27,3,118359.61570159938,118359.61570159924,276172.43663706473,-5.202106232177498e-11,1.8987778852635862e-16,-2.9403565399536236e-34,0.20515666721610515,-6.762738101830748e-17,0.0,0.0,0.0,0.0,0.0,0.0,0.0,0.0,0.0,0.0,0.005374323674534221,0.002229854137420037,1.490742095921027e-09
1.0,27,4,123984.78728727894,123984.78728727894,289297.8370036509,2.386595491546421e-27,0.0,-8.731664900890642e-48,0.21490696463128353,3.102574139010347e-33,0.0,0.0,0.0,0.0,0.0,0.0,0.0,0.0,0.0,0.0,0.005153176325465778,0.0030059999999999996,2.2870395878763263e-09
1.0,27,5,121106.91722342205,121106.91722342205,282582.8068546514,4.267979902559235e-41,0.0,0.0,0.20991865652059824,5.548373873327005e-47,0.0,0.0,0.0,0.0,0.0,0.0,0.0,0.0,0.0,0.0,0.005263750000000001,0.0030060000000000004,3.737781553079926e-09
1.0,27,6,118359.6157015991,118359.6157015991,276172.43663706456,1.0404212464354986e-11,0.0,1.0836433767215115e-48,0.20515666721610512,1.352547620366148e-17,0.0,0.0,0.0,0.0,0.0,0.0,0.0,0.0,0.0,0.0,0.0053743236745342204,0.003006,2.385187353473609e-09
1.0,27,7,123984.78728727972,123984.78728727928,289297.83700365125,-1.872650519799839e-25,5.696333655790686e-16,2.953357589356495e-34,0.21490696463128353,-2.4344456757397906e-31,0.0,0.0,0.0,0.0,0.0,0.0,0.0,0.0,0.0,0.0,0.005153176325465777,0.003782145862579962,1.4293997424227152e-09
1.0,27,8,121106.91722342209,121106.91722342209,282582.80685465154,-8.77478883267108e-31,0.0,2.9468570646551358e-34,0.2099186565205983,-1.1407225482472405e-36,0.0,0.0,0.0,0.0,0.0,0.0,0.0,0.0,0.0,0.0,0.00526375,0.0037821458625799634,2.3361134706749708e-09
1.0,27,9,118359.61570159988,118359.61570159944,276172.4366370649,-1.040421246435516e-11,5.696333655790823e-16,2.9403565399536908e-34,0.20515666721610512,-1.3525476203661707e-17,0.0,0.0,0.0,0.0,0.0,0.0,0.0,0.0,0.0,0.0,0.0053743236745342204,0.0037821458625799625,1.490742095921037e-09
1.0,28,1,116817.34920513615,116817.34920513644,272573.8148119853,-1.240608506401113e-25,-3.797555770527193e-16,-2.9367824844371455e-34,0.20248340528890357,-1.6127910583214468e-31,0.0,0.0,0.0,0.0,0.0,0.0,0.0,0.0,0.0,0.0,0.0054386763254657775,0.002229854137420037,1.508592380261411e-09
1.0,28,2,114259.16263268345,114259.16263268345,266604.7128095947,-7.804460049275453e-31,0.0,-2.9310007971172646e-34,0.19804921522998467,-1.0145798064058089e-36,0.0,0.0,0.0,0.0,0.0,0.0,0.0,0.0,0.0,0.0,0.005549249999999999,0.002229854137420037,2.462821691216917e-09
1.0,28,3,111810.61860125622,111810.61860125608,260891.4434029307,-5.202106232177485e-11,1.8987778852635428e-16,-2.925219109797447e-34,0.19380507224217702,-6.76273810183073e-17,0.0,0.0,0.0,0.0,0.0,0.0,0.0,0.0,0.0,0.0,0.005659823674534221,0.002229854137420037,1.5699347337597592e-09
1.0,28,4,116817.34920513663,116817.34920513663,272573.8148119855,2.373776467660807e-27,0.0,1.3147893207419843e-48,0.20248340528890352,3.0859094079590494e-33,0.0,0.0,0.0,0.0,0.0,0.0,0.0,0.0,0.0,0.0,0.0054386763254657775,0.0030059999999999996,2.4137478084182357e-09
1.0,28,5,114259.16263268345,114259.16263268345,266604.7128095947,-4.505838127604092e-43,0.0,0.0,0.19804921522998467,-5.85758956588532e-49,0.0,0.0,0.0,0.0,0.0,0.0,0.0,0.0,0.0,0.0,0.005549249999999999,0.0030060000000000004,3.940514705947047e-09
1.0,28,6,111810.61860125593,111810.61860125593,260891.4434029305,1.0404212464354987e-11,0.0,4.1678591412365834e-50,0.19380507224217697,1.3525476203661482e-17,0.0,0.0,0.0,0.0,0.0,0.0,0.0,0.0,0.0,0.0,0.0056598236745342215,0.003006,2.5118955740156073e-09
1.0,28,7,116817.34920513742,116817.34920513698,272573.8148119859,-1.8727777397099288e-25,5.696333655790737e-16,2.93678248443714e-34,0.20248340528890355,-2.4346110616229072e-31,0.0,0.0,0.0,0.0,0.0,0.0,0.0,0.0,0.0,0.0,0.0054386763254657775,0.003782145862579962,1.5085923802614107e-09
1.0,28,8,114259.16263268345,114259.16263268345,266604.7128095947,-7.804460049273589e-31,0.0,2.931000797117264e-34,0.19804921522998467,-1.0145798064055665e-36,0.0,0.0,0.0,0.0,0.0,0.0,0.0,0.0,0.0,0.0,0.005549249999999999,0.0037821458625799634,2.4628216912169203e-09
1.0,28,9,111810.61860125672,111810.61860125628,260891.44340293086,-1.0404212464354898e-11,5.696333655790667e-16,2.9252191097973054e-34,0.193805072242177,-1.3525476203661368e-17,0.0,0.0,0.0,0.0,0.0,0.0,0.0,0.0,0.0,0.0,0.00565982367453422,0.0037821458625799625,1.5699347337597596e-09
1.0,29,1,123984.78728727842,123984.78728727871,289297.8370036506,-2.504819753108696e-25,-3.7975557705271645e-16,-2.9533575893558773e-34,0.2149069646312835,-3.256265679041305e-31,0.0,0.0,0.0,0.0,0.0,0.0,0.0,0.0,0.0,0.0,0.005153176325465778,0.004233854137420038,1.4293997424226986e-09
1.0,29,2,121106.91722342209,121106.91722342209,282582.80685465154,-8.774788832896635e-31,0.0,-2.946857064654815e-34,0.2099186565205983,-1.1407225482765625e-36,0.0,0.0,0.0,0.0,0.0,0.0,0.0,0.0,0.0,0.0,0.00526375,0.004233854137420038,2.336113470674967e-09
1.0,29,3,118359.61570159938,118359.61570159924,276172.43663706473,-5.2021062321775e-11,1.8987778852635837e-16,-2.9403565399535744e-34,0.20515666721610515,-6.76273810183075e-17,0.0,0.0,0.0,0.0,0.0,0.0,0.0,0.0,0.0,0.0,0.005374323674534221,0.004233854137420037,1.4907420959210258e-09
1.0,29,4,123984.78728727894,123984.78728727894,289297.8370036509,2.3865954915463668e-27,0.0,8.231521803942256e-48,0.21490696463128353,3.102574139010277e-33,0.0,0.0,0.0,0.0,0.0,0.0,0.0,0.0,0.0,0.0,0.005153176325465778,0.00501,2.2870395878763255e-09
1.0,29,5,121106.91722342205,121106.91722342205,282582.8068546514,-1.327782317051091e-41,0.0,0.0,0.20991865652059824,-1.7261170121664184e-47,0.0,0.0,0.0,0.0,0.0,0.0,0.0,0.0,0.0,0.0,0.005263750000000001,0.00501,3.7377815530799234e-09
1.0,29,6,118359.6157015991,118359.6157015991,276172.43663706456,1.040421246435499e-11,-2.465460009904453e-31,-1.0419647853091463e-48,0.20515666721610512,1.3525476203661488e-17,0.0,0.0,0.0,0.0,0.0,0.0,0.0,0.0,0.0,0.0,0.0053743236745342204,0.00501,2.3851873534736078e-09
1.0,29,7,123984.78728727972,123984.78728727928,289297.83700365125,-1.8726505197998437e-25,5.696333655790687e-16,2.953357589356093e-34,0.21490696463128353,-2.4344456757397967e-31,0.0,0.0,0.0,0.0,0.0,0.0,0.0,0.0,0.0,0.0,0.005153176325465777,0.005786145862579961,1.4293997424227127e-09
1.0,29,8,121106.91722342209,121106.91722342209,282582.80685465154,-8.774788833146956e-31,0.0,2.946857064654811e-34,0.2099186565205983,-1.1407225483091043e-36,0.0,0.0,0.0,0.0,0.0,0.0,0.0,0.0,0.0,0.0,0.00526375,0.005786145862579963,2.3361134706749708e-09
1.0,29,9,118359.61570159988,118359.61570159944,276172.4366370649,-1.0404212464355171e-11,5.696333655790828e-16,2.9403565399536014e-34,0.20515666721610512,-1.3525476203661722e-17,0.0,0.0,0.0,0.0,0.0,0.0,0.0,0.0,0.0,0.0,0.0053743236745342204,0.005786145862579962,1.4907420959210357e-09
1.0,30,1,116817.34920513615,116817.34920513644,272573.8148119853,-1.240608506401114e-25,-3.7975557705271936e-16,-2.9367824844371493e-34,0.20248340528890357,-1.6127910583214483e-31,0.0,0.0,0.0,0.0,0.0,0.0,0.0,0.0,0.0,0.0,0.0054386763254657775,0.004233854137420038,1.5085923802614099e-09
1.0,30,2,114259.16263268345,114259.16263268345,266604.7128095947,-7.804460049272958e-31,0.0,-2.93100079711727e-34,0.19804921522998467,-1.0145798064054845e-36,0.0,0.0,0.0,0.0,0.0,0.0,0.0,0.0,0.0,0.0,0.005549249999999999,0.004233854137420038,2.4628216912169136e-09
1.0,30,3,111810.61860125622,111810.61860125608,260891.4434029307,-5.202106232177487e-11,1.8987778852635403e-16,-2.925219109797449e-34,0.19380507224217702,-6.762738101830733e-17,0.0,0.0,0.0,0.0,0.0,0.0,0.0,0.0,0.0,0.0,0.005659823674534221,0.004233854137420037,1.5699347337597583e-09
1.0,30,4,116817.34920513663,116817.34920513663,272573.8148119855,2.373776467660808e-27,0.0,1.335628616448168e-48,0.20248340528890352,3.08590940795905e-33,0.0,0.0,0.0,0.0,0.0,0.0,0.0,0.0,0.0,0.0,0.0054386763254657775,0.00501,2.4137478084182344e-09
1.0,30,5,114259.16263268345,114259.16263268345,266604.7128095947,-2.309098174191464e-43,0.0,0.0,0.19804921522998467,-3.001827626448903e-49,0.0,0.0,0.0,0.0,0.0,0.0,0.0,0.0,0.0,0.0,0.005549249999999999,0.00501,3.9405147059470435e-09
1.0,30,6,111810.61860125593,111810.61860125593,260891.4434029305,1.040421246435499e-11,-2.465460009904431e-31,2.0839295706182926e-50,0.19380507224217697,1.3525476203661488e-17,0.0,0.0,0.0,0.0,0.0,0.0,0.0,0.0,0.0,0.0,0.0056598236745342215,0.00501,2.511895574015606e-09
1.0,30,7,116817.34920513742,116817.34920513698,272573.8148119859,-1.872777739709932e-25,5.696333655790737e-16,2.936782484437147e-34,0.20248340528890355,-2.4346110616229116e-31,0.0,0.0,0.0,0.0,0.0,0.0,0.0,0.0,0.0,0.0,0.0054386763254657775,0.005786145862579961,1.508592380261408e-09
1.0,30,8,114259.16263268345,114259.16263268345,266604.7128095947,-7.804460049272711e-31,0.0,2.9310007971172654e-34,0.19804921522998467,-1.0145798064054524e-36,0.0,0.0,0.0,0.0,0.0,0.0,0.0,0.0,0.0,0.0,0.005549249999999999,0.005786145862579963,2.4628216912169203e-09
1.0,30,9,111810.61860125672,111810.61860125628,260891.44340293086,-1.0404212464354911e-11,5.696333655790673e-16,2.9252191097973097e-34,0.193805072242177,-1.3525476203661383e-17,0.0,0.0,0.0,0.0,0.0,0.0,0.0,0.0,0.0,0.0,0.00565982367453422,0.005786145862579962,1.569934733759758e-09
1.0,31,1,123984.78728727842,123984.78728727871,289297.8370036506,-2.5048197531086906e-25,-3.797555770527165e-16,-2.953357589356253e-34,0.2149069646312835,-3.2562656790412975e-31,0.0,0.0,0.0,0.0,0.0,0.0,0.0,0.0,0.0,0.0,0.005153176325465778,0.0062378541374200356,1.4293997424227023e-09
1.0,31,2,121106.91722342209,121106.91722342209,282582.80685465154,-8.774788833064406e-31,0.0,-2.946857064654981e-34,0.2099186565205983,-1.1407225482983728e-36,0.0,0.0,0.0,0.0,0.0,0.0,0.0,0.0,0.0,0.0,0.00526375,0.006237854137420036,2.33611347067497e-09
1.0,31,3,118359.61570159938,118359.61570159924,276172.43663706473,-5.2021062321774917e-11,1.8987778852635923e-16,-2.9403565399535945e-34,0.20515666721610515,-6.762738101830739e-17,0.0,0.0,0.0,0.0,0.0,0.0,0.0,0.0,0.0,0.0,0.005374323674534221,0.0062378541374200356,1.4907420959210283e-09
1.0,31,4,123984.78728727894,123984.78728727894,289297.8370036509,2.3865954915463557e-27,0.0,-1.2503577423709742e-49,0.21490696463128353,3.1025741390102625e-33,0.0,0.0,0.0,0.0,0.0,0.0,0.0,0.0,0.0,0.0,0.005153176325465778,0.007013999999999999,2.287039587876328e-09
1.0,31,5,121106.91722342205,121106.91722342205,282582.8068546514,4.505838127604119e-43,0.0,0.0,0.20991865652059824,5.857589565885355e-49,0.0,0.0,0.0,0.0,0.0,0.0,0.0,0.0,0.0,0.0,0.005263750000000001,0.007014,3.737781553079928e-09
1.0,31,6,118359.6157015991,118359.6157015991,276172.43663706456,1.0404212464354978e-11,0.0,2.0839295706182898e-50,0.20515666721610512,1.352547620366147e-17,0.0,0.0,0.0,0.0,0.0,0.0,0.0,0.0,0.0,0.0,0.0053743236745342204,0.007013999999999999,2.385187353473611e-09
1.0,31,7,123984.78728727972,123984.78728727928,289297.83700365125,-1.8726505197998364e-25,5.696333655790686e-16,2.9533575893562977e-34,0.21490696463128353,-2.434445675739787e-31,0.0,0.0,0.0,0.0,0.0,0.0,0.0,0.0,0.0,0.0,0.005153176325465777,0.007790145862579962,1.4293997424227178e-09
1.0,31,8,121106.91722342209,121106.91722342209,282582.80685465154,-8.774788833060538e-31,0.0,2.946857064654973e-34,0.2099186565205983,-1.14072254829787e-36,0.0,0.0,0.0,0.0,0.0,0.0,0.0,0.0,0.0,0.0,0.00526375,0.007790145862579963,2.3361134706749753e-09
1.0,31,9,118359.61570159988,118359.61570159944,276172.4366370649,-1.0404212464355147e-11,5.696333655790824e-16,2.9403565399536416e-34,0.20515666721610512,-1.3525476203661692e-17,0.0,0.0,0.0,0.0,0.0,0.0,0.0,0.0,0.0,0.0,0.0053743236745342204,0.007790145862579962,1.4907420959210386e-09
1.0,32,1,116817.34920513615,116817.34920513644,272573.8148119853,-1.2406085064011108e-25,-3.797555770527193e-16,-2.93678248443714e-34,0.20248340528890357,-1.612791058321444e-31,0.0,0.0,0.0,0.0,0.0,0.0,0.0,0.0,0.0,0.0,0.0054386763254657775,0.0062378541374200356,1.5085923802614134e-09
1.0,32,2,114259.16263268345,114259.16263268345,266604.7128095947,-7.8044600492734835e-31,0.0,-2.931000797117266e-34,0.19804921522998467,-1.0145798064055528e-36,0.0,0.0,0.0,0.0,0.0,0.0,0.0,0.0,0.0,0.0,0.005549249999999999,0.006237854137420036,2.4628216912169157e-09
1.0,32,3,111810.61860125622,111810.61860125608,260891.4434029307,-5.202106232177479e-11,1.898777885263549e-16,-2.9252191097974452e-34,0.19380507224217702,-6.762738101830722e-17,0.0,0.0,0.0,0.0,0.0,0.0,0.0,0.0,0.0,0.0,0.005659823674534221,0.0062378541374200356,1.5699347337597612e-09
1.0,32,4,116817.34920513663,116817.34920513663,272573.8148119855,2.3737764676608068e-27,0.0,1.3356286164481661e-48,0.20248340528890352,3.085909407959049e-33,0.0,0.0,0.0,0.0,0.0,0.0,0.0,0.0,0.0,0.0,0.0054386763254657775,0.007013999999999999,2.413747808418237e-09
1.0,32,5,114259.16263268345,114259.16263268345,266604.7128095947,-4.505838127604085e-43,0.0,0.0,0.19804921522998467,-5.857589565885311e-49,0.0,0.0,0.0,0.0,0.0,0.0,0.0,0.0,0.0,0.0,0.005549249999999999,0.007014,3.940514705947049e-09
1.0,32,6,111810.61860125593,111810.61860125593,260891.4434029305,1.0404212464354978e-11,0.0,0.0,0.19380507224217697,1.3525476203661471e-17,0.0,0.0,0.0,0.0,0.0,0.0,0.0,0.0,0.0,0.0,0.0056598236745342215,0.007013999999999999,2.51189557401561e-09
1.0,32,7,116817.34920513742,116817.34920513698,272573.8148119859,-1.8727777397099253e-25,5.696333655790737e-16,2.936782484437135e-34,0.20248340528890355,-2.434611061622903e-31,0.0,0.0,0.0,0.0,0.0,0.0,0.0,0.0,0.0,0.0,0.0054386763254657775,0.007790145862579962,1.5085923802614134e-09
1.0,32,8,114259.16263268345,114259.16263268345,266604.7128095947,-7.80446004927387e-31,0.0,2.9310007971172586e-34,0.19804921522998467,-1.0145798064056031e-36,0.0,0.0,0.0,0.0,0.0,0.0,0.0,0.0,0.0,0.0,0.005549249999999999,0.007790145862579963,2.462821691216926e-09
1.0,32,9,111810.61860125672,111810.61860125628,260891.44340293086,-1.0404212464354889e-11,5.696333655790669e-16,2.9252191097973033e-34,0.193805072242177,-1.3525476203661354e-17,0.0,0.0,0.0,0.0,0.0,0.0,0.0,0.0,0.0,0.0,0.00565982367453422,0.007790145862579962,1.5699347337597615e-09
1.0,33,1,123984.78728727842,123984.78728727871,289297.8370036506,-2.5068402114694953e-25,-3.797555770527165e-16,-3.322753420883036e-34,0.2149069646312835,-3.258892274910344e-31,0.0,0.0,0.0,0.0,0.0,0.0,0.0,0.0,0.0,0.0,0.005153176325465778,0.008241854137420037,1.4293997424226972e-09
1.0,33,2,121106.91722342209,121106.91722342209,282582.80685465154,2.1346557423476554e-29,0.0,-4.543055866159966e-34,0.2099186565205983,2.775052465051952e-35,0.0,0.0,0.0,0.0,0.0,0.0,0.0,0.0,0.0,0.0,0.00526375,0.008241854137420037,2.3361134706749612e-09
1.0,33,3,118359.61570159938,118359.61570159924,276172.43663706473,-5.202106232177503e-11,1.8987778852636005e-16,-2.908609010983771e-34,0.20515666721610515,-6.762738101830754e-17,0.0,0.0,0.0,0.0,0.0,0.0,0.0,0.0,0.0,0.0,0.005374323674534221,0.008241854137420037,1.4907420959210252e-09
1.0,33,4,123984.78728727894,123984.78728727894,289297.8370036509,1.391624070175996e-27,0.0,-2.0116601765271386e-34,0.21490696463128353,1.8091112912287948e-33,0.0,0.0,0.0,0.0,0.0,0.0,0.0,0.0,0.0,0.0,0.005153176325465778,0.009018,2.2870395878763255e-09
1.0,33,5,121106.91722342205,121106.91722342205,282582.8068546514,5.954751713897559e-43,0.0,-3.8042462490231447e-34,0.20991865652059824,7.741177228066827e-49,0.0,0.0,0.0,0.0,0.0,0.0,0.0,0.0,0.0,0.0,0.005263750000000001,0.009018,3.7377815530799234e-09
1.0,33,6,118359.6157015991,118359.6157015991,276172.43663706456,1.0404212464354992e-11,0.0,-2.742083021066144e-34,0.20515666721610512,1.352547620366149e-17,0.0,0.0,0.0,0.0,0.0,0.0,0.0,0.0,0.0,0.0,0.0053743236745342204,0.009018,2.3851873534736078e-09
1.0,33,7,123984.78728727972,123984.78728727928,289297.83700365125,-1.8920569441806707e-25,5.696333655790686e-16,-7.00566932171158e-35,0.21490696463128353,-2.459674027434872e-31,0.0,0.0,0.0,0.0,0.0,0.0,0.0,0.0,0.0,0.0,0.005153176325465777,0.00979414586257996,1.4293997424227152e-09
1.0,33,8,121106.91722342209,121106.91722342209,282582.80685465154,-1.7584694661211144e-28,0.0,-3.0654366318863337e-34,0.2099186565205983,-2.2860103059574485e-34,0.0,0.0,0.0,0.0,0.0,0.0,0.0,0.0,0.0,0.0,0.00526375,0.009794145862579961,2.336113470674971e-09
1.0,33,9,118359.61570159988,118359.61570159944,276172.4366370649,-1.040421246435516e-11,5.696333655790827e-16,-2.5755570311484973e-34,0.20515666721610512,-1.3525476203661709e-17,0.0,0.0,0.0,0.0,0.0,0.0,0.0,0.0,0.0,0.0,0.0053743236745342204,0.009794145862579961,1.4907420959210363e-09
1.0,34,1,116817.34920513615,116817.34920513644,272573.8148119853,-1.2430614104693375e-25,-3.7975557705271936e-16,-2.8995384532931645e-34,0.20248340528890357,-1.6159798336101388e-31,0.0,0.0,0.0,0.0,0.0,0.0,0.0,0.0,0.0,0.0,0.0054386763254657775,0.008241854137420037,1.508592380261408e-09
1.0,34,2,114259.16263268345,114259.16263268345,266604.7128095947,-2.3245705781158302e-29,0.0,-4.514685122862459e-34,0.19804921522998467,-3.0219417515505793e-35,0.0,0.0,0.0,0.0,0.0,0.0,0.0,0.0,0.0,0.0,0.005549249999999999,0.008241854137420037,2.462821691216907e-09
1.0,34,3,111810.61860125622,111810.61860125608,260891.4434029307,-5.20210623217749e-11,1.8987778852635568e-16,-3.293472517402505e-34,0.19380507224217702,-6.762738101830737e-17,0.0,0.0,0.0,0.0,0.0,0.0,0.0,0.0,0.0,0.0,0.005659823674534221,0.008241854137420037,1.569934733759758e-09
1.0,34,4,116817.34920513663,116817.34920513663,272573.8148119855,1.385214558233221e-27,0.0,-2.7347994911337756e-34,0.20248340528890352,1.8007789257031872e-33,0.0,0.0,0.0,0.0,0.0,0.0,0.0,0.0,0.0,0.0,0.0054386763254657775,0.009018,2.4137478084182344e-09
1.0,34,5,114259.16263268345,114259.16263268345,266604.7128095947,-5.954751713897528e-43,0.0,-3.783803639494494e-34,0.19804921522998467,-7.741177228066786e-49,0.0,0.0,0.0,0.0,0.0,0.0,0.0,0.0,0.0,0.0,0.005549249999999999,0.009018,3.9405147059470435e-09
1.0,34,6,111810.61860125593,111810.61860125593,260891.4434029305,1.0404212464354992e-11,0.0,-1.9964485128259216e-34,0.19380507224217697,1.352547620366149e-17,0.0,0.0,0.0,0.0,0.0,0.0,0.0,0.0,0.0,0.0,0.0056598236745342215,0.009018,2.511895574015606e-09
1.0,34,7,116817.34920513742,116817.34920513698,272573.8148119859,-1.888552040267156e-25,5.696333655790737e-16,-2.5700605289743734e-34,0.20248340528890355,-2.4551176523473026e-31,0.0,0.0,0.0,0.0,0.0,0.0,0.0,0.0,0.0,0.0,0.0054386763254657775,0.00979414586257996,1.5085923802614107e-09
1.0,34,8,114259.16263268345,114259.16263268345,266604.7128095947,1.7608817008155852e-28,0.0,-3.0529221561265396e-34,0.19804921522998467,2.2891462110602607e-34,0.0,0.0,0.0,0.0,0.0,0.0,0.0,0.0,0.0,0.0,0.005549249999999999,0.009794145862579961,2.4628216912169215e-09
1.0,34,9,111810.61860125672,111810.61860125628,260891.44340293086,-1.04042124643549e-11,5.696333655790672e-16,-6.99424508249448e-35,0.193805072242177,-1.352547620366137e-17,0.0,0.0,0.0,0.0,0.0,0.0,0.0,0.0,0.0,0.0,0.00565982367453422,0.009794145862579961,1.5699347337597592e-09
2.0,1,1,416992.65893163317,250195.5953589799,416992.6589316331,-2.9245556857509308e-12,0.21683618264444926,-1.3552527156068805e-18,0.21683618264444923,-3.80192239147621e-18,0.0,0.0,0.0,0.0,0.0,0.0,0.0,0.0,0.0,0.0,9.620965501209494e-05,0.00029175416344815006,9.954555140751556e-11
2.0,1,2,416992.65893163317,250195.5953589799,416992.65893163317,5.531735819200094e-13,0.21683618264444926,1.3552527156068803e-18,0.21683618264444926,7.191256564960123e-19,0.0,0.0,0.0,0.0,0.0,0.0,0.0,0.0,0.0,0.0,0.0004268333333333333,0.00029175416344815,7.066128158623206e-10
2.0,1,3,416992.65893163317,250195.5953589799,416992.6589316331,-3.6070436387792926e-12,0.21683618264444926,-1.01643953670516e-18,0.21683618264444923,-4.68915673041308e-18,0.0,0.0,0.0,0.0,0.0,0.0,0.0,0.0,0.0,0.0,0.0007574570116545716,0.00029175416344815006,7.837204684203912e-10
2.0,1,4,416992.65893163317,250195.5953589799,416992.65893163317,1.477176806195559e-28,0.21683618264444926,6.109911273126351e-35,0.2168361826444493,1.9203298480542266e-34,0.0,0.0,0.0,0.0,0.0,0.0,0.0,0.0,0.0,0.0,9.620965501209496e-05,0.0012599999999999998,1.5927288225202382e-10
2.0,1,5,416992.65893163317,250195.5953589799,416992.65893163317,-2.1006299628994882e-42,0.21683618264444926,1.527477818281567e-34,0.21683618264444926,-2.7308189517693347e-48,0.0,0.0,0.0,0.0,0.0,0.0,0.0,0.0,0.0,0.0,0.0004268333333333333,0.00126,1.1305805053797052e-09
2.0,1,6,416992.6589316332,250195.5953589799,416992.6589316331,9.28754096756976e-13,0.21683618264444932,-3.3881317890172e-19,0.21683618264444923,1.2073803257840688e-18,0.0,0.0,0.0,0.0,0.0,0.0,0.0,0.0,0.0,0.0,0.0007574570116545716,0.0012599999999999998,1.253952749472617e-09
2.0,1,7,416992.65893163317,250195.5953589799,416992.6589316331,-2.208137249721045e-12,0.21683618264444926,1.3552527156068802e-18,0.21683618264444923,-2.8705784246373583e-18,0.0,0.0,0.0,0.0,0.0,0.0,0.0,0.0,0.0,0.0,9.620965501209492e-05,0.0022282458365518497,9.954555140751555e-11
2.0,1,8,416992.65893163317,250195.5953589799,416992.65893163317,-4.6464616425102495e-28,0.21683618264444926,1.3552527156068803e-18,0.21683618264444926,-6.040400135263325e-34,0.0,0.0,0.0,0.0,0.0,0.0,0.0,0.0,0.0,0.0,0.0004268333333333333,0.0022282458365518497,7.066128158623206e-10
2.0,1,9,416992.65893163317,250195.5953589799,416992.6589316331,4.268596024269175e-12,0.21683618264444926,1.6940658945085991e-18,0.21683618264444923,5.5491748315499275e-18,0.0,0.0,0.0,0.0,0.0,0.0,0.0,0.0,0.0,0.0,0.0007574570116545715,0.0022282458365518497,7.837204684203911e-10
2.0,2,1,416992.6589316328,250195.5953589797,416992.658931633,-2.7862622902709258e-12,0.216836182644449,-1.3552527156068813e-18,0.21683618264444923,-3.6221409773522034e-18,0.0,0.0,0.0,0.0,0.0,0.0,0.0,0.0,0.0,0.0,0.0009498763216787615,0.00029175416344815006,9.82811571235423e-10
2.0,2,2,416992.6589316332,250195.5953589799,416992.6589316331,2.3913702970440856e-11,0.21683618264444932,1.3552527156068807e-18,0.21683618264444923,3.108781386157311e-17,0.0,0.0,0.0,0.0,0.0,0.0,0.0,0.0,0.0,0.0,0.0012805,0.00029175416344815,2.1198384475869627e-09
2.0,2,3,416992.65893163334,250195.59535897995,416992.6589316332,9.317861614801153e-12,0.2168361826444494,-1.0164395367051598e-18,0.21683618264444923,1.2113220099241497e-17,0.0,0.0,0.0,0.0,0.0,0.0,0.0,0.0,0.0,0.0,0.0016111236783212383,0.00029175416344815006,1.666986488248298e-09
2.0,2,4,416992.6589316331,250195.59535897983,416992.65893163305,4.43153041858671e-28,0.21683618264444926,1.8329733819379067e-34,0.21683618264444918,5.7609895441627235e-34,0.0,0.0,0.0,0.0,0.0,0.0,0.0,0.0,0.0,0.0,0.0009498763216787616,0.0012599999999999998,1.5724985139766655e-09
2.0,2,5,416992.6589316332,250195.59535897992,416992.6589316332,-2.6154955391194433e-42,0.21683618264444926,4.582433454844704e-34,0.21683618264444932,-3.400144200855276e-48,0.0,0.0,0.0,0.0,0.0,0.0,0.0,0.0,0.0,0.0,0.0012805000000000002,0.00126,3.391741516139117e-09
2.0,2,6,416992.658931633,250195.59535897983,416992.658931633,9.287540967569756e-13,0.21683618264444918,-3.3881317890172e-19,0.2168361826444492,1.2073803257840682e-18,0.0,0.0,0.0,0.0,0.0,0.0,0.0,0.0,0.0,0.0,0.0016111236783212385,0.0012599999999999998,2.667178381197257e-09
2.0,2,7,416992.65893163264,250195.59535897966,416992.6589316329,-3.250639338649413e-12,0.21683618264444887,1.3552527156068803e-18,0.21683618264444923,-4.225831140244237e-18,0.0,0.0,0.0,0.0,0.0,0.0,0.0,0.0,0.0,0.0,0.0009498763216787614,0.0022282458365518497,9.828115712354226e-10
2.0,2,8,416992.6589316332,250195.5953589799,416992.6589316331,-2.1701008642760818e-11,0.21683618264444932,1.355252715606881e-18,0.21683618264444923,-2.821131123558906e-17,0.0,0.0,0.0,0.0,0.0,0.0,0.0,0.0,0.0,0.0,0.0012805,0.0022282458365518497,2.1198384475869623e-09
2.0,2,9,416992.65893163346,250195.59535898,416992.6589316332,5.134678549956998e-13,0.2168361826444495,1.6940658945086001e-18,0.2168361826444492,6.675082114944099e-19,0.0,0.0,0.0,0.0,0.0,0.0,0.0,0.0,0.0,0.0,0.001611123678321238,0.0022282458365518497,1.666986488248298e-09
2.0,3,1,416992.65893163334,250195.59535897998,416992.6589316332,2.6148415900076852e-11,0.2168361826444494,-1.355252715606883e-18,0.21683618264444926,3.3992940670099904e-17,0.0,0.0,0.0,0.0,0.0,0.0,0.0,0.0,0.0,0.0,0.001803542988345428,0.00029175416344815006,1.8660775910633275e-09
2.0,3,2,416992.658931633,250195.5953589798,416992.658931633,1.668003342285392e-11,0.21683618264444915,1.3552527156068807e-18,0.2168361826444492,2.1684043449710092e-17,0.0,0.0,0.0,0.0,0.0,0.0,0.0,0.0,0.0,0.0,0.002134166666666666,0.00029175416344815,3.533064079311603e-09
2.0,3,3,416992.65893163334,250195.59535897995,416992.6589316331,2.3083130486918313e-11,0.2168361826444494,-1.016439536705161e-18,0.2168361826444492,3.0008069632993806e-17,0.0,0.0,0.0,0.0,0.0,0.0,0.0,0.0,0.0,0.0,0.002464790344987905,0.00029175416344815006,2.550252508076212e-09
2.0,3,4,416992.658931633,250195.5953589798,416992.658931633,7.385884030977849e-28,0.21683618264444915,3.05495563656318e-34,0.2168361826444492,9.601649240271204e-34,0.0,0.0,0.0,0.0,0.0,0.0,0.0,0.0,0.0,0.0,0.001803542988345428,0.0012599999999999998,2.9857241457013065e-09
2.0,3,5,416992.658931633,250195.59535897983,416992.65893163305,-1.0950357426232434e-42,0.21683618264444915,7.63738909140784e-34,0.21683618264444923,-1.4235464654102163e-48,0.0,0.0,0.0,0.0,0.0,0.0,0.0,0.0,0.0,0.0,0.002134166666666666,0.00126,5.652902526898526e-09
2.0,3,6,416992.65893163293,250195.5953589798,416992.65893163305,9.287540967569752e-13,0.21683618264444912,-3.388131789017197e-19,0.21683618264444923,1.2073803257840678e-18,0.0,0.0,0.0,0.0,0.0,0.0,0.0,0.0,0.0,0.0,0.0024647903449879047,0.0012599999999999998,4.080404012921899e-09
2.0,3,7,416992.6589316333,250195.59535897995,416992.6589316332,-3.250639338649417e-12,0.21683618264444934,1.355252715606881e-18,0.21683618264444926,-4.225831140244242e-18,0.0,0.0,0.0,0.0,0.0,0.0,0.0,0.0,0.0,0.0,0.001803542988345428,0.0022282458365518497,1.8660775910633246e-09
2.0,3,8,416992.6589316329,250195.59535897977,416992.658931633,-1.6680033422853915e-11,0.21683618264444912,1.3552527156068815e-18,0.2168361826444492,-2.168404344971009e-17,0.0,0.0,0.0,0.0,0.0,0.0,0.0,0.0,0.0,0.0,0.002134166666666666,0.0022282458365518497,3.533064079311605e-09
2.0,3,9,416992.658931633,250195.5953589798,416992.658931633,-2.7421346830021925e-11,0.21683618264444915,1.6940658945085995e-18,0.2168361826444492,-3.5647750879028504e-17,0.0,0.0,0.0,0.0,0.0,0.0,0.0,0.0,0.0,0.0,0.0024647903449879047,0.0022282458365518497,2.5502525080762134e-09
2.0,4,1,416992.6589316337,250195.59535898012,416992.65893163334,1.6391263650890927e-12,0.2168361826444497,-1.3552527156068852e-18,0.2168361826444492,2.1308642746158207e-18,0.0,0.0,0.0,0.0,0.0,0.0,0.0,0.0,0.0,0.0,0.002657209655012095,0.00029175416344815006,2.749343610891238e-09
2.0,4,2,416992.65893163334,250195.59535897998,416992.6589316332,2.6721983862667743e-11,0.2168361826444494,1.3552527156068805e-18,0.21683618264444926,3.473857902146807e-17,0.0,0.0,0.0,0.0,0.0,0.0,0.0,0.0,0.0,0.0,0.0029878333333333337,0.00029175416344815,4.946289711036245e-09
2.0,4,3,416992.6589316332,250195.5953589799,416992.6589316331,-6.28275242373047e-11,0.21683618264444932,-1.0164395367051579e-18,0.2168361826444492,-8.167578150849611e-17,0.0,0.0,0.0,0.0,0.0,0.0,0.0,0.0,0.0,0.0,0.0033184570116545713,0.00029175416344815006,3.4335185279041123e-09
2.0,4,4,416992.6589316337,250195.59535898012,416992.65893163334,-8.340016711426958e-12,0.21683618264444965,4.276937891188441e-34,0.21683618264444923,-1.0842021724855044e-17,0.0,0.0,0.0,0.0,0.0,0.0,0.0,0.0,0.0,0.0,0.002657209655012095,0.0012599999999999998,4.398949777425952e-09
2.0,4,5,416992.65893163334,250195.59535898,416992.6589316332,-1.2979679839624393e-42,0.2168361826444494,1.0692344727970968e-33,0.2168361826444493,-1.6873583791511708e-48,0.0,0.0,0.0,0.0,0.0,0.0,0.0,0.0,0.0,0.0,0.0029878333333333337,0.00126,7.914063537657938e-09
2.0,4,6,416992.6589316329,250195.59535897977,416992.65893163293,9.287540967569762e-13,0.21683618264444907,-3.388131789017198e-19,0.2168361826444492,1.207380325784069e-18,0.0,0.0,0.0,0.0,0.0,0.0,0.0,0.0,0.0,0.0,0.0033184570116545713,0.0012599999999999998,5.493629644646531e-09
2.0,4,7,416992.65893163276,250195.59535897974,416992.658931633,3.010942750705842e-11,0.21683618264444898,1.3552527156068807e-18,0.2168361826444493,3.914225575917594e-17,0.0,0.0,0.0,0.0,0.0,0.0,0.0,0.0,0.0,0.0,0.0026572096550120947,0.0022282458365518497,2.7493436108912355e-09
2.0,4,8,416992.6589316332,250195.59535897992,416992.6589316332,-3.1147372518027796e-11,0.21683618264444932,1.355252715606882e-18,0.21683618264444926,-4.0491584273436134e-17,0.0,0.0,0.0,0.0,0.0,0.0,0.0,0.0,0.0,0.0,0.0029878333333333337,0.0022282458365518497,4.946289711036244e-09
2.0,4,9,416992.658931633,250195.59535897983,416992.658931633,-2.3293751456935263e-11,0.2168361826444492,1.6940658945086007e-18,0.2168361826444492,-3.028187689401584e-17,0.0,0.0,0.0,0.0,0.0,0.0,0.0,0.0,0.0,0.0,0.003318457011654571,0.0022282458365518497,3.433518527904107e-09
2.0,5,1,416992.6589316334,250195.59535897998,416992.6589316332,3.05738045554369e-11,0.21683618264444943,-1.3552527156068852e-18,0.21683618264444923,3.974594592206797e-17,0.0,0.0,0.0,0.0,0.0,0.0,0.0,0.0,0.0,0.0,0.0035108763216787613,0.00029175416344815006,3.63260963071914e-09
2.0,5,2,416992.6589316329,250195.59535897974,416992.658931633,2.4509289534987625e-11,0.21683618264444904,1.355252715606881e-18,0.21683618264444923,3.1862076395483913e-17,0.0,0.0,0.0,0.0,0.0,0.0,0.0,0.0,0.0,0.0,0.0038415000000000003,0.00029175416344815,6.359515342760887e-09
2.0,5,3,416992.65893163276,250195.5953589797,416992.6589316329,-1.831915978794309e-11,0.216836182644449,-1.0164395367051637e-18,0.2168361826444492,-2.3814907724326018e-17,0.0,0.0,0.0,0.0,0.0,0.0,0.0,0.0,0.0,0.0,0.004172123678321239,0.00029175416344815006,4.316784547732026e-09
2.0,5,4,416992.65893163346,250195.59535898,416992.6589316332,1.3294591255760158e-27,0.2168361826444495,5.49892014581372e-34,0.21683618264444923,1.7282968632488207e-33,0.0,0.0,0.0,0.0,0.0,0.0,0.0,0.0,0.0,0.0,0.0035108763216787613,0.0012599999999999998,5.8121754091505894e-09
2.0,5,5,416992.6589316328,250195.59535897974,416992.658931633,-5.246100003911792e-42,0.216836182644449,1.3747300364534098e-33,0.21683618264444926,-6.81993000508533e-48,0.0,0.0,0.0,0.0,0.0,0.0,0.0,0.0,0.0,0.0,0.0038415000000000003,0.00126,1.0175224548417353e-08
2.0,5,6,416992.65893163194,250195.59535897936,416992.6589316326,9.287540967569732e-13,0.21683618264444837,-3.388131789017196e-19,0.21683618264444923,1.2073803257840651e-18,0.0,0.0,0.0,0.0,0.0,0.0,0.0,0.0,0.0,0.0,0.004172123678321238,0.0012599999999999998,6.9068552763711875e-09
2.0,5,7,416992.6589316327,250195.59535897968,416992.65893163293,-2.775992887363702e-11,0.21683618264444893,1.3552527156068867e-18,0.21683618264444923,-3.6087907535728126e-17,0.0,0.0,0.0,0.0,0.0,0.0,0.0,0.0,0.0,0.0,0.0035108763216787613,0.0022282458365518497,3.6326096307191377e-09
2.0,5,8,416992.6589316329,250195.59535897977,416992.65893163293,4.42538865536009e-12,0.21683618264444907,1.3552527156068825e-18,0.2168361826444492,5.7530052519681165e-18,0.0,0.0,0.0,0.0,0.0,0.0,0.0,0.0,0.0,0.0,0.0038415000000000003,0.0022282458365518497,6.35951534276089e-09
2.0,5,9,416992.6589316337,250195.59535898012,416992.6589316333,-1.0116218275200491e-10,0.21683618264444968,1.6940658945085974e-18,0.2168361826444492,-1.3151083757760637e-16,0.0,0.0,0.0,0.0,0.0,0.0,0.0,0.0,0.0,0.0,0.004172123678321238,0.0022282458365518497,4.316784547732028e-09
2.0,6,1,416992.6589316344,250195.5953589804,416992.6589316336,-1.1637039600990844e-11,0.21683618264445018,-1.355252715606881e-18,0.2168361826444492,-1.5128151481288097e-17,0.0,0.0,0.0,0.0,0.0,0.0,0.0,0.0,0.0,0.0,0.004364542988345429,0.00029175416344815006,4.515875650547047e-09
2.0,6,2,416992.65893163317,250195.5953589799,416992.65893163317,-2.0083900879627627e-11,0.21683618264444926,1.3552527156068813e-18,0.21683618264444926,-2.6109071143515914e-17,0.0,0.0,0.0,0.0,0.0,0.0,0.0,0.0,0.0,0.0,0.004695166666666667,0.00029175416344815,7.772740974485531e-09
2.0,6,3,416992.6589316323,250195.5953589795,416992.65893163276,7.954834642150022e-11,0.21683618264444862,-1.0164395367051558e-18,0.21683618264444923,1.0341285034795029e-16,0.0,0.0,0.0,0.0,0.0,0.0,0.0,0.0,0.0,0.0,0.005025790344987905,0.00029175416344815006,5.200050567559931e-09
2.0,6,4,416992.6589316339,250195.59535898018,416992.6589316334,2.267905289720608e-27,0.21683618264444984,6.320863591320664e-34,0.2168361826444492,2.9482768766367903e-33,0.0,0.0,0.0,0.0,0.0,0.0,0.0,0.0,0.0,0.0,0.004364542988345428,0.0012599999999999998,7.225401040875247e-09
2.0,6,5,416992.6589316332,250195.5953589799,416992.6589316331,-3.0773092165194007e-41,0.21683618264444932,1.680225600109726e-33,0.21683618264444923,-4.0005019814752205e-47,0.0,0.0,0.0,0.0,0.0,0.0,0.0,0.0,0.0,0.0,0.004695166666666667,0.00126,1.2436385559176761e-08
2.0,6,6,416992.6589316327,250195.59535897968,416992.65893163293,-6.304915450829959e-12,0.21683618264444893,-3.388131789017191e-19,0.21683618264444923,-8.196390086078947e-18,0.0,0.0,0.0,0.0,0.0,0.0,0.0,0.0,0.0,0.0,0.005025790344987905,0.0012599999999999998,8.320080908095809e-09
2.0,6,7,416992.6589316345,250195.59535898047,416992.6589316337,-6.111999571934522e-11,0.21683618264445026,1.3552527156068823e-18,0.21683618264444923,-7.945599443514878e-17,0.0,0.0,0.0,0.0,0.0,0.0,0.0,0.0,0.0,0.0,0.004364542988345429,0.0022282458365518497,4.515875650547043e-09
2.0,6,8,416992.658931633,250195.59535897983,416992.65893163305,-6.672013369141565e-11,0.21683618264444915,1.3552527156068829e-18,0.21683618264444923,-8.673617379884034e-17,0.0,0.0,0.0,0.0,0.0,0.0,0.0,0.0,0.0,0.0,0.004695166666666667,0.0022282458365518497,7.772740974485531e-09
2.0,6,9,416992.6589316319,250195.59535897934,416992.6589316326,2.321885241892431e-12,0.21683618264444832,1.6940658945086e-18,0.21683618264444923,3.01845081446016e-18,0.0,0.0,0.0,0.0,0.0,0.0,0.0,0.0,0.0,0.0,0.005025790344987904,0.0022282458365518497,5.200050567559938e-09
2.0,7,1,416992.65893163317,250195.5953589799,416992.6589316331,-2.9245556857509304e-12,0.21683618264444926,-1.3552527156068811e-18,0.21683618264444923,-3.801922391476209e-18,0.0,0.0,0.0,0.0,0.0,0.0,0.0,0.0,0.0,0.0,9.620965501209494e-05,0.0027917541634481496,9.954555140751555e-11
2.0,7,2,416992.65893163317,250195.5953589799,416992.65893163317,5.531735819200106e-13,0.21683618264444926,1.3552527156068803e-18,0.21683618264444926,7.191256564960138e-19,0.0,0.0,0.0,0.0,0.0,0.0,0.0,0.0,0.0,0.0,0.0004268333333333333,0.0027917541634481496,7.066128158623199e-10
2.0,7,3,416992.65893163317,250195.5953589799,416992.6589316331,-3.6070436387792995e-12,0.21683618264444926,-1.0164395367051606e-18,0.21683618264444923,-4.6891567304130895e-18,0.0,0.0,0.0,0.0,0.0,0.0,0.0,0.0,0.0,0.0,0.0007574570116545716,0.00279175416344815,7.837204684203904e-10
2.0,7,4,416992.65893163317,250195.5953589799,416992.65893163317,4.431530418586686e-28,0.21683618264444926,4.625948394424711e-83,0.2168361826444493,5.760989544162692e-34,0.0,0.0,0.0,0.0,0.0,0.0,0.0,0.0,0.0,0.0,9.620965501209496e-05,0.00376,1.5927288225202382e-10
2.0,7,5,416992.65893163317,250195.5953589799,416992.65893163317,-6.062031584939144e-44,0.21683618264444926,3.960961733732772e-99,0.21683618264444926,-7.8806410604208865e-50,0.0,0.0,0.0,0.0,0.0,0.0,0.0,0.0,0.0,0.0,0.0004268333333333333,0.0037599999999999995,1.1305805053797052e-09
2.0,7,6,416992.6589316332,250195.5953589799,416992.6589316331,9.287540967569756e-13,0.21683618264444932,-3.388131789017203e-19,0.21683618264444923,1.2073803257840684e-18,0.0,0.0,0.0,0.0,0.0,0.0,0.0,0.0,0.0,0.0,0.0007574570116545716,0.00376,1.253952749472617e-09
2.0,7,7,416992.65893163317,250195.5953589799,416992.6589316331,-2.208137249721044e-12,0.21683618264444926,1.3552527156068803e-18,0.21683618264444923,-2.8705784246373575e-18,0.0,0.0,0.0,0.0,0.0,0.0,0.0,0.0,0.0,0.0,9.620965501209492e-05,0.0047282458365518485,9.954555140751565e-11
2.0,7,8,416992.65893163317,250195.5953589799,416992.65893163317,-4.646461642510219e-28,0.21683618264444926,1.3552527156068805e-18,0.21683618264444926,-6.040400135263284e-34,0.0,0.0,0.0,0.0,0.0,0.0,0.0,0.0,0.0,0.0,0.0004268333333333333,0.004728245836551849,7.066128158623211e-10
2.0,7,9,416992.65893163317,250195.5953589799,416992.6589316331,4.268596024269174e-12,0.21683618264444926,1.6940658945085991e-18,0.21683618264444923,5.549174831549925e-18,0.0,0.0,0.0,0.0,0.0,0.0,0.0,0.0,0.0,0.0,0.0007574570116545715,0.0047282458365518485,7.837204684203909e-10
2.0,8,1,416992.6589316329,250195.59535897974,416992.658931633,-2.786262290270924e-12,0.21683618264444904,-1.3552527156068825e-18,0.21683618264444923,-3.622140977352201e-18,0.0,0.0,0.0,0.0,0.0,0.0,0.0,0.0,0.0,0.0,0.0009498763216787615,0.0027917541634481496,9.828115712354224e-10
2.0,8,2,416992.6589316332,250195.5953589799,416992.6589316331,2.3913702970440875e-11,0.21683618264444932,1.3552527156068805e-18,0.21683618264444923,3.1087813861573136e-17,0.0,0.0,0.0,0.0,0.0,0.0,0.0,0.0,0.0,0.0,0.0012805,0.0027917541634481496,2.119838447586961e-09
2.0,8,3,416992.65893163334,250195.59535897995,416992.6589316332,9.317861614801156e-12,0.2168361826444494,-1.0164395367051606e-18,0.21683618264444923,1.2113220099241504e-17,0.0,0.0,0.0,0.0,0.0,0.0,0.0,0.0,0.0,0.0,0.0016111236783212383,0.00279175416344815,1.6669864882482963e-09
2.0,8,4,416992.6589316331,250195.59535897983,416992.65893163305,1.3294591255760054e-27,0.21683618264444926,1.2426696741328641e-82,0.21683618264444918,1.728296863248807e-33,0.0,0.0,0.0,0.0,0.0,0.0,0.0,0.0,0.0,0.0,0.0009498763216787616,0.00376,1.5724985139766655e-09
2.0,8,5,416992.6589316332,250195.59535897992,416992.6589316332,-6.18479808187858e-43,0.21683618264444926,2.1647285079385036e-97,0.21683618264444932,-8.040237506442155e-49,0.0,0.0,0.0,0.0,0.0,0.0,0.0,0.0,0.0,0.0,0.0012805000000000002,0.0037599999999999995,3.391741516139117e-09
2.0,8,6,416992.658931633,250195.59535897983,416992.658931633,9.287540967569746e-13,0.21683618264444918,-3.3881317890172033e-19,0.2168361826444492,1.2073803257840668e-18,0.0,0.0,0.0,0.0,0.0,0.0,0.0,0.0,0.0,0.0,0.0016111236783212385,0.00376,2.667178381197257e-09
2.0,8,7,416992.65893163264,250195.59535897966,416992.6589316329,-3.2506393386494115e-12,0.2168361826444489,1.3552527156068805e-18,0.21683618264444923,-4.225831140244235e-18,0.0,0.0,0.0,0.0,0.0,0.0,0.0,0.0,0.0,0.0,0.0009498763216787614,0.0047282458365518485,9.828115712354232e-10
2.0,8,8,416992.6589316332,250195.5953589799,416992.6589316331,-2.1701008642760805e-11,0.21683618264444932,1.3552527156068805e-18,0.21683618264444923,-2.8211311235589044e-17,0.0,0.0,0.0,0.0,0.0,0.0,0.0,0.0,0.0,0.0,0.0012805,0.004728245836551849,2.1198384475869643e-09
2.0,8,9,416992.65893163346,250195.59535898,416992.6589316332,5.134678549956971e-13,0.2168361826444495,1.6940658945086e-18,0.2168361826444492,6.675082114944065e-19,0.0,0.0,0.0,0.0,0.0,0.0,0.0,0.0,0.0,0.0,0.001611123678321238,0.0047282458365518485,1.6669864882482975e-09
2.0,9,1,416992.65893163334,250195.59535897998,416992.6589316332,2.6148415900076865e-11,0.2168361826444494,-1.355252715606884e-18,0.21683618264444926,3.399294067009992e-17,0.0,0.0,0.0,0.0,0.0,0.0,0.0,0.0,0.0,0.0,0.001803542988345428,0.0027917541634481496,1.8660775910633267e-09
2.0,9,2,416992.658931633,250195.5953589798,416992.658931633,1.6680033422853935e-11,0.21683618264444915,1.35525271560688e-18,0.2168361826444492,2.1684043449710113e-17,0.0,0.0,0.0,0.0,0.0,0.0,0.0,0.0,0.0,0.0,0.002134166666666666,0.0027917541634481496,3.5330640793116015e-09
2.0,9,3,416992.65893163334,250195.59535897995,416992.6589316331,2.3083130486918333e-11,0.2168361826444494,-1.016439536705162e-18,0.2168361826444492,3.000806963299383e-17,0.0,0.0,0.0,0.0,0.0,0.0,0.0,0.0,0.0,0.0,0.002464790344987905,0.00279175416344815,2.5502525080762097e-09
2.0,9,4,416992.658931633,250195.5953589798,416992.658931633,2.2157652092933437e-27,0.21683618264444915,6.68191177523049e-50,0.2168361826444492,2.880494772081347e-33,0.0,0.0,0.0,0.0,0.0,0.0,0.0,0.0,0.0,0.0,0.001803542988345428,0.00376,2.9857241457013065e-09
2.0,9,5,416992.658931633,250195.59535897983,416992.65893163305,4.767086430987298e-43,0.21683618264444915,-1.4563153078170302e-97,0.21683618264444923,6.197212360283487e-49,0.0,0.0,0.0,0.0,0.0,0.0,0.0,0.0,0.0,0.0,0.002134166666666666,0.0037599999999999995,5.652902526898526e-09
2.0,9,6,416992.65893163293,250195.5953589798,416992.65893163305,9.287540967569736e-13,0.21683618264444912,-3.3881317890172014e-19,0.21683618264444923,1.2073803257840657e-18,0.0,0.0,0.0,0.0,0.0,0.0,0.0,0.0,0.0,0.0,0.0024647903449879047,0.00376,4.080404012921899e-09
2.0,9,7,416992.65893163317,250195.5953589799,416992.65893163317,-3.2506393386494155e-12,0.2168361826444493,1.355252715606881e-18,0.21683618264444926,-4.22583114024424e-18,0.0,0.0,0.0,0.0,0.0,0.0,0.0,0.0,0.0,0.0,0.001803542988345428,0.0047282458365518485,1.866077591063327e-09
2.0,9,8,416992.6589316329,250195.5953589797,416992.65893163293,-1.66800334228539e-11,0.21683618264444904,1.355252715606881e-18,0.2168361826444492,-2.168404344971007e-17,0.0,0.0,0.0,0.0,0.0,0.0,0.0,0.0,0.0,0.0,0.002134166666666666,0.004728245836551849,3.533064079311607e-09
2.0,9,9,416992.658931633,250195.5953589798,416992.658931633,-2.7421346830021935e-11,0.21683618264444915,1.6940658945085993e-18,0.2168361826444492,-3.5647750879028516e-17,0.0,0.0,0.0,0.0,0.0,0.0,0.0,0.0,0.0,0.0,0.0024647903449879047,0.0047282458365518485,2.5502525080762126e-09
2.0,10,1,416992.6589316338,250195.59535898012,416992.65893163334,1.639126365089092e-12,0.21683618264444973,-1.355252715606886e-18,0.2168361826444492,2.130864274615819e-18,0.0,0.0,0.0,0.0,0.0,0.0,0.0,0.0,0.0,0.0,0.002657209655012095,0.0027917541634481496,2.749343610891237e-09
2.0,10,2,416992.65893163334,250195.59535897998,416992.6589316332,2.672198386266777e-11,0.2168361826444494,1.35525271560688e-18,0.21683618264444926,3.47385790214681e-17,0.0,0.0,0.0,0.0,0.0,0.0,0.0,0.0,0.0,0.0,0.0029878333333333337,0.0027917541634481496,4.94628971103624e-09
2.0,10,3,416992.6589316332,250195.5953589799,416992.6589316331,-6.282752423730476e-11,0.21683618264444932,-1.016439536705159e-18,0.2168361826444492,-8.167578150849618e-17,0.0,0.0,0.0,0.0,0.0,0.0,0.0,0.0,0.0,0.0,0.0033184570116545713,0.00279175416344815,3.43351852790411e-09
2.0,10,4,416992.6589316337,250195.59535898012,416992.65893163334,-8.340016711426954e-12,0.21683618264444965,-6.681911775230488e-50,0.21683618264444923,-1.0842021724855041e-17,0.0,0.0,0.0,0.0,0.0,0.0,0.0,0.0,0.0,0.0,0.002657209655012095,0.00376,4.398949777425952e-09
2.0,10,5,416992.65893163334,250195.59535898,416992.6589316332,5.665616897088584e-43,0.2168361826444494,1.336382355046098e-49,0.2168361826444493,7.365301966215158e-49,0.0,0.0,0.0,0.0,0.0,0.0,0.0,0.0,0.0,0.0,0.0029878333333333337,0.0037599999999999995,7.914063537657938e-09
2.0,10,6,416992.6589316329,250195.59535897977,416992.65893163293,9.28754096756974e-13,0.21683618264444907,-3.3881317890172047e-19,0.2168361826444492,1.2073803257840663e-18,0.0,0.0,0.0,0.0,0.0,0.0,0.0,0.0,0.0,0.0,0.0033184570116545713,0.00376,5.493629644646531e-09
2.0,10,7,416992.65893163276,250195.59535897974,416992.658931633,3.010942750705839e-11,0.21683618264444898,1.3552527156068807e-18,0.2168361826444493,3.914225575917591e-17,0.0,0.0,0.0,0.0,0.0,0.0,0.0,0.0,0.0,0.0,0.0026572096550120947,0.0047282458365518485,2.749343610891238e-09
2.0,10,8,416992.6589316333,250195.59535897995,416992.6589316332,-3.114737251802777e-11,0.21683618264444934,1.355252715606881e-18,0.21683618264444926,-4.0491584273436104e-17,0.0,0.0,0.0,0.0,0.0,0.0,0.0,0.0,0.0,0.0,0.0029878333333333337,0.004728245836551849,4.946289711036249e-09
2.0,10,9,416992.6589316331,250195.59535897986,416992.65893163305,-2.3293751456935267e-11,0.21683618264444926,1.6940658945086003e-18,0.2168361826444492,-3.0281876894015847e-17,0.0,0.0,0.0,0.0,0.0,0.0,0.0,0.0,0.0,0.0,0.003318457011654571,0.0047282458365518485,3.4335185279041065e-09
2.0,11,1,416992.6589316334,250195.59535897998,416992.6589316332,3.057380455543692e-11,0.21683618264444943,-1.3552527156068863e-18,0.21683618264444923,3.9745945922067996e-17,0.0,0.0,0.0,0.0,0.0,0.0,0.0,0.0,0.0,0.0,0.0035108763216787613,0.0027917541634481496,3.632609630719138e-09
2.0,11,2,416992.6589316329,250195.59535897974,416992.658931633,2.450928953498764e-11,0.21683618264444904,1.3552527156068796e-18,0.21683618264444923,3.186207639548393e-17,0.0,0.0,0.0,0.0,0.0,0.0,0.0,0.0,0.0,0.0,0.0038415000000000003,0.0027917541634481496,6.3595153427608815e-09
2.0,11,3,416992.65893163276,250195.59535897968,416992.6589316329,-1.8319159787943116e-11,0.21683618264444895,-1.0164395367051646e-18,0.2168361826444492,-2.381490772432605e-17,0.0,0.0,0.0,0.0,0.0,0.0,0.0,0.0,0.0,0.0,0.004172123678321239,0.00279175416344815,4.316784547732024e-09
2.0,11,4,416992.65893163346,250195.59535898,416992.6589316332,3.988377376728028e-27,0.2168361826444495,3.340955887615245e-49,0.21683618264444923,5.184890589746436e-33,0.0,0.0,0.0,0.0,0.0,0.0,0.0,0.0,0.0,0.0,0.0035108763216787613,0.00376,5.8121754091505894e-09
2.0,11,5,416992.6589316328,250195.59535897974,416992.658931633,-8.666441037731246e-43,0.216836182644449,2.6727647100921953e-49,0.21683618264444926,-1.1266373349050619e-48,0.0,0.0,0.0,0.0,0.0,0.0,0.0,0.0,0.0,0.0,0.0038415000000000003,0.0037599999999999995,1.0175224548417353e-08
2.0,11,6,416992.65893163194,250195.59535897936,416992.6589316326,9.287540967569704e-13,0.21683618264444837,-3.3881317890172023e-19,0.21683618264444923,1.2073803257840614e-18,0.0,0.0,0.0,0.0,0.0,0.0,0.0,0.0,0.0,0.0,0.004172123678321238,0.00376,6.9068552763711875e-09
2.0,11,7,416992.6589316327,250195.59535897968,416992.65893163293,-2.7759928873636992e-11,0.21683618264444893,1.3552527156068863e-18,0.21683618264444923,-3.608790753572809e-17,0.0,0.0,0.0,0.0,0.0,0.0,0.0,0.0,0.0,0.0,0.0035108763216787613,0.0047282458365518485,3.6326096307191406e-09
2.0,11,8,416992.6589316329,250195.59535897977,416992.65893163293,4.42538865536009e-12,0.21683618264444907,1.3552527156068815e-18,0.2168361826444492,5.7530052519681165e-18,0.0,0.0,0.0,0.0,0.0,0.0,0.0,0.0,0.0,0.0,0.0038415000000000003,0.004728245836551849,6.3595153427608955e-09
2.0,11,9,416992.6589316337,250195.5953589801,416992.6589316333,-1.0116218275200491e-10,0.21683618264444965,1.694065894508597e-18,0.2168361826444492,-1.3151083757760637e-16,0.0,0.0,0.0,0.0,0.0,0.0,0.0,0.0,0.0,0.0,0.004172123678321238,0.0047282458365518485,4.316784547732029e-09
2.0,12,1,416992.6589316344,250195.5953589804,416992.6589316336,-1.163703960099084e-11,0.21683618264445018,-1.3552527156068823e-18,0.2168361826444492,-1.512815148128809e-17,0.0,0.0,0.0,0.0,0.0,0.0,0.0,0.0,0.0,0.0,0.004364542988345429,0.0027917541634481496,4.515875650547045e-09
2.0,12,2,416992.65893163317,250195.5953589799,416992.65893163317,-2.0083900879627633e-11,0.21683618264444926,1.3552527156068796e-18,0.21683618264444926,-2.6109071143515923e-17,0.0,0.0,0.0,0.0,0.0,0.0,0.0,0.0,0.0,0.0,0.004695166666666667,0.0027917541634481496,7.772740974485523e-09
2.0,12,3,416992.6589316323,250195.5953589795,416992.65893163276,7.95483464215003e-11,0.21683618264444862,-1.0164395367051579e-18,0.21683618264444923,1.0341285034795039e-16,0.0,0.0,0.0,0.0,0.0,0.0,0.0,0.0,0.0,0.0,0.005025790344987905,0.00279175416344815,5.200050567559927e-09
2.0,12,4,416992.6589316339,250195.59535898018,416992.6589316334,4.8746834604453966e-27,0.21683618264444984,6.68191177523049e-49,0.2168361826444492,6.337088498579015e-33,0.0,0.0,0.0,0.0,0.0,0.0,0.0,0.0,0.0,0.0,0.004364542988345428,0.00376,7.225401040875247e-09
2.0,12,5,416992.6589316332,250195.5953589799,416992.6589316331,2.2454184146366688e-41,0.21683618264444932,-2.672764710092196e-49,0.21683618264444923,2.919043939027669e-47,0.0,0.0,0.0,0.0,0.0,0.0,0.0,0.0,0.0,0.0,0.004695166666666667,0.0037599999999999995,1.2436385559176761e-08
2.0,12,6,416992.6589316327,250195.59535897968,416992.65893163293,-6.304915450829959e-12,0.21683618264444893,-3.3881317890172023e-19,0.21683618264444923,-8.196390086078947e-18,0.0,0.0,0.0,0.0,0.0,0.0,0.0,0.0,0.0,0.0,0.005025790344987905,0.00376,8.320080908095809e-09
2.0,12,7,416992.6589316345,250195.59535898047,416992.6589316337,-6.111999571934514e-11,0.21683618264445026,1.3552527156068819e-18,0.21683618264444923,-7.945599443514869e-17,0.0,0.0,0.0,0.0,0.0,0.0,0.0,0.0,0.0,0.0,0.004364542988345429,0.0047282458365518485,4.515875650547046e-09
2.0,12,8,416992.65893163293,250195.5953589798,416992.65893163305,-6.67201336914156e-11,0.21683618264444912,1.3552527156068815e-18,0.21683618264444923,-8.673617379884027e-17,0.0,0.0,0.0,0.0,0.0,0.0,0.0,0.0,0.0,0.0,0.004695166666666667,0.004728245836551849,7.772740974485536e-09
2.0,12,9,416992.6589316319,250195.59535897934,416992.6589316326,2.3218852418924264e-12,0.21683618264444832,1.6940658945085995e-18,0.21683618264444923,3.018450814460154e-18,0.0,0.0,0.0,0.0,0.0,0.0,0.0,0.0,0.0,0.0,0.005025790344987904,0.0047282458365518485,5.200050567559937e-09
2.0,13,1,416992.6589316331,250195.59535897986,416992.6589316331,-2.9245556857509324e-12,0.21683618264444923,-1.3552527156068811e-18,0.21683618264444923,-3.801922391476212e-18,0.0,0.0,0.0,0.0,0.0,0.0,0.0,0.0,0.0,0.0,9.620965501209494e-05,0.005291754163448149,9.954555140751547e-11
2.0,13,2,416992.65893163317,250195.5953589799,416992.65893163317,5.531735819200094e-13,0.21683618264444926,1.3552527156068802e-18,0.21683618264444926,7.191256564960123e-19,0.0,0.0,0.0,0.0,0.0,0.0,0.0,0.0,0.0,0.0,0.0004268333333333333,0.005291754163448149,7.066128158623211e-10
2.0,13,3,416992.65893163317,250195.5953589799,416992.6589316331,-3.6070436387792995e-12,0.21683618264444926,-1.0164395367051602e-18,0.21683618264444923,-4.6891567304130895e-18,0.0,0.0,0.0,0.0,0.0,0.0,0.0,0.0,0.0,0.0,0.0007574570116545716,0.00529175416344815,7.837204684203904e-10
2.0,13,4,416992.65893163317,250195.5953589799,416992.65893163317,4.431530418586686e-28,0.21683618264444926,8.352389719038114e-51,0.2168361826444493,5.760989544162692e-34,0.0,0.0,0.0,0.0,0.0,0.0,0.0,0.0,0.0,0.0,9.620965501209496e-05,0.006259999999999999,1.5927288225202382e-10
2.0,13,5,416992.65893163317,250195.5953589799,416992.65893163317,-2.1090875738434808e-43,0.21683618264444926,3.3409558876152455e-50,0.21683618264444926,-2.741813845996525e-49,0.0,0.0,0.0,0.0,0.0,0.0,0.0,0.0,0.0,0.0,0.0004268333333333333,0.00626,1.130580505379705e-09
2.0,13,6,416992.6589316332,250195.5953589799,416992.6589316331,9.287540967569754e-13,0.21683618264444932,-3.388131789017203e-19,0.21683618264444923,1.207380325784068e-18,0.0,0.0,0.0,0.0,0.0,0.0,0.0,0.0,0.0,0.0,0.0007574570116545716,0.006259999999999999,1.253952749472617e-09
2.0,13,7,416992.65893163317,250195.5953589799,416992.6589316331,-2.208137249721046e-12,0.21683618264444926,1.3552527156068813e-18,0.21683618264444923,-2.8705784246373595e-18,0.0,0.0,0.0,0.0,0.0,0.0,0.0,0.0,0.0,0.0,9.620965501209492e-05,0.007228245836551848,9.954555140751565e-11
2.0,13,8,416992.65893163317,250195.5953589799,416992.65893163317,-4.646461642510214e-28,0.21683618264444926,1.3552527156068805e-18,0.21683618264444926,-6.0404001352632775e-34,0.0,0.0,0.0,0.0,0.0,0.0,0.0,0.0,0.0,0.0,0.0004268333333333333,0.007228245836551849,7.066128158623192e-10
2.0,13,9,416992.65893163317,250195.5953589799,416992.6589316331,4.268596024269174e-12,0.21683618264444926,1.6940658945086014e-18,0.21683618264444923,5.549174831549925e-18,0.0,0.0,0.0,0.0,0.0,0.0,0.0,0.0,0.0,0.0,0.0007574570116545715,0.00722824583655185,7.837204684203909e-10
2.0,14,1,416992.6589316329,250195.59535897974,416992.658931633,-2.786262290270926e-12,0.21683618264444904,-1.3552527156068825e-18,0.21683618264444923,-3.622140977352204e-18,0.0,0.0,0.0,0.0,0.0,0.0,0.0,0.0,0.0,0.0,0.0009498763216787615,0.005291754163448149,9.828115712354215e-10
2.0,14,2,416992.6589316332,250195.5953589799,416992.6589316331,2.3913702970440833e-11,0.21683618264444932,1.3552527156068798e-18,0.21683618264444923,3.108781386157308e-17,0.0,0.0,0.0,0.0,0.0,0.0,0.0,0.0,0.0,0.0,0.0012805,0.005291754163448149,2.1198384475869643e-09
2.0,14,3,416992.65893163334,250195.59535897995,416992.6589316332,9.317861614801156e-12,0.2168361826444494,-1.0164395367051602e-18,0.21683618264444923,1.2113220099241504e-17,0.0,0.0,0.0,0.0,0.0,0.0,0.0,0.0,0.0,0.0,0.0016111236783212383,0.00529175416344815,1.6669864882482963e-09
2.0,14,4,416992.6589316331,250195.59535897983,416992.65893163305,1.329459125576005e-27,0.21683618264444926,1.839799429585636e-81,0.21683618264444918,1.7282968632488066e-33,0.0,0.0,0.0,0.0,0.0,0.0,0.0,0.0,0.0,0.0,0.0009498763216787616,0.006259999999999999,1.5724985139766655e-09
2.0,14,5,416992.6589316332,250195.59535897992,416992.6589316332,-9.280084591579182e-43,0.21683618264444926,6.681911775230491e-50,0.21683618264444932,-1.2064109969052936e-48,0.0,0.0,0.0,0.0,0.0,0.0,0.0,0.0,0.0,0.0,0.0012805000000000002,0.00626,3.3917415161391157e-09
2.0,14,6,416992.658931633,250195.59535897983,416992.658931633,9.287540967569742e-13,0.21683618264444918,-3.3881317890172033e-19,0.2168361826444492,1.2073803257840665e-18,0.0,0.0,0.0,0.0,0.0,0.0,0.0,0.0,0.0,0.0,0.0016111236783212385,0.006259999999999999,2.667178381197257e-09
2.0,14,7,416992.65893163264,250195.59535897966,416992.6589316329,-3.250639338649413e-12,0.2168361826444489,1.3552527156068815e-18,0.21683618264444923,-4.225831140244237e-18,0.0,0.0,0.0,0.0,0.0,0.0,0.0,0.0,0.0,0.0,0.0009498763216787614,0.007228245836551848,9.828115712354232e-10
2.0,14,8,416992.6589316332,250195.5953589799,416992.6589316331,-2.1701008642760867e-11,0.21683618264444932,1.3552527156068805e-18,0.21683618264444923,-2.8211311235589124e-17,0.0,0.0,0.0,0.0,0.0,0.0,0.0,0.0,0.0,0.0,0.0012805,0.007228245836551849,2.119838447586958e-09
2.0,14,9,416992.65893163346,250195.59535898,416992.6589316332,5.134678549956971e-13,0.2168361826444495,1.6940658945086022e-18,0.2168361826444492,6.675082114944065e-19,0.0,0.0,0.0,0.0,0.0,0.0,0.0,0.0,0.0,0.0,0.001611123678321238,0.00722824583655185,1.6669864882482975e-09
2.0,15,1,416992.65893163334,250195.59535897998,416992.6589316332,2.6148415900076884e-11,0.2168361826444494,-1.355252715606884e-18,0.21683618264444926,3.399294067009995e-17,0.0,0.0,0.0,0.0,0.0,0.0,0.0,0.0,0.0,0.0,0.001803542988345428,0.005291754163448149,1.866077591063325e-09
2.0,15,2,416992.658931633,250195.5953589798,416992.658931633,1.6680033422853902e-11,0.21683618264444915,1.3552527156068798e-18,0.2168361826444492,2.1684043449710073e-17,0.0,0.0,0.0,0.0,0.0,0.0,0.0,0.0,0.0,0.0,0.002134166666666666,0.005291754163448149,3.533064079311607e-09
2.0,15,3,416992.65893163334,250195.59535897995,416992.6589316331,2.3083130486918333e-11,0.2168361826444494,-1.0164395367051616e-18,0.2168361826444492,3.000806963299383e-17,0.0,0.0,0.0,0.0,0.0,0.0,0.0,0.0,0.0,0.0,0.002464790344987905,0.00529175416344815,2.5502525080762097e-09
2.0,15,4,416992.658931633,250195.5953589798,416992.658931633,2.2157652092933426e-27,0.21683618264444915,4.325464740709177e-81,0.2168361826444492,2.8804947720813452e-33,0.0,0.0,0.0,0.0,0.0,0.0,0.0,0.0,0.0,0.0,0.001803542988345428,0.006259999999999999,2.9857241457013065e-09
2.0,15,5,416992.658931633,250195.59535897983,416992.65893163305,-5.840525901114187e-43,0.21683618264444915,-1.336382355046098e-49,0.21683618264444923,-7.592683671448443e-49,0.0,0.0,0.0,0.0,0.0,0.0,0.0,0.0,0.0,0.0,0.002134166666666666,0.00626,5.652902526898525e-09
2.0,15,6,416992.65893163293,250195.5953589798,416992.65893163305,9.287540967569732e-13,0.21683618264444912,-3.3881317890172014e-19,0.21683618264444923,1.2073803257840651e-18,0.0,0.0,0.0,0.0,0.0,0.0,0.0,0.0,0.0,0.0,0.0024647903449879047,0.006259999999999999,4.080404012921899e-09
2.0,15,7,416992.65893163317,250195.5953589799,416992.65893163317,-3.2506393386494167e-12,0.2168361826444493,1.3552527156068819e-18,0.21683618264444926,-4.2258311402442416e-18,0.0,0.0,0.0,0.0,0.0,0.0,0.0,0.0,0.0,0.0,0.001803542988345428,0.007228245836551848,1.866077591063327e-09
2.0,15,8,416992.6589316329,250195.59535897977,416992.658931633,-1.6680033422853948e-11,0.2168361826444491,1.355252715606881e-18,0.2168361826444492,-2.1684043449710132e-17,0.0,0.0,0.0,0.0,0.0,0.0,0.0,0.0,0.0,0.0,0.002134166666666666,0.007228245836551849,3.533064079311597e-09
2.0,15,9,416992.658931633,250195.5953589798,416992.658931633,-2.7421346830021935e-11,0.21683618264444915,1.6940658945086018e-18,0.2168361826444492,-3.5647750879028516e-17,0.0,0.0,0.0,0.0,0.0,0.0,0.0,0.0,0.0,0.0,0.0024647903449879047,0.00722824583655185,2.5502525080762126e-09
2.0,16,1,416992.6589316338,250195.59535898012,416992.65893163334,1.6391263650890935e-12,0.21683618264444973,-1.355252715606886e-18,0.2168361826444492,2.130864274615822e-18,0.0,0.0,0.0,0.0,0.0,0.0,0.0,0.0,0.0,0.0,0.002657209655012095,0.005291754163448149,2.749343610891235e-09
2.0,16,2,416992.65893163334,250195.59535897998,416992.6589316332,2.6721983862667727e-11,0.2168361826444494,1.3552527156068794e-18,0.21683618264444926,3.473857902146804e-17,0.0,0.0,0.0,0.0,0.0,0.0,0.0,0.0,0.0,0.0,0.0029878333333333337,0.005291754163448149,4.94628971103625e-09
2.0,16,3,416992.6589316332,250195.5953589799,416992.6589316331,-6.282752423730476e-11,0.21683618264444932,-1.0164395367051585e-18,0.2168361826444492,-8.167578150849618e-17,0.0,0.0,0.0,0.0,0.0,0.0,0.0,0.0,0.0,0.0,0.0033184570116545713,0.00529175416344815,3.43351852790411e-09
2.0,16,4,416992.6589316337,250195.59535898012,416992.65893163334,-8.340016711426954e-12,0.21683618264444965,2.672764710092196e-49,0.21683618264444923,-1.0842021724855041e-17,0.0,0.0,0.0,0.0,0.0,0.0,0.0,0.0,0.0,0.0,0.002657209655012095,0.006259999999999999,4.398949777425952e-09
2.0,16,5,416992.6589316333,250195.59535897995,416992.6589316332,3.2874212938745077e-44,0.21683618264444934,6.68191177523049e-49,0.2168361826444493,4.273647682036868e-50,0.0,0.0,0.0,0.0,0.0,0.0,0.0,0.0,0.0,0.0,0.0029878333333333337,0.00626,7.914063537657934e-09
2.0,16,6,416992.6589316329,250195.59535897977,416992.65893163293,9.287540967569738e-13,0.21683618264444907,-3.3881317890172047e-19,0.2168361826444492,1.2073803257840659e-18,0.0,0.0,0.0,0.0,0.0,0.0,0.0,0.0,0.0,0.0,0.0033184570116545713,0.006259999999999999,5.493629644646531e-09
2.0,16,7,416992.65893163276,250195.59535897974,416992.658931633,3.0109427507058386e-11,0.21683618264444898,1.3552527156068817e-18,0.2168361826444493,3.9142255759175903e-17,0.0,0.0,0.0,0.0,0.0,0.0,0.0,0.0,0.0,0.0,0.0026572096550120947,0.007228245836551848,2.749343610891238e-09
2.0,16,8,416992.6589316333,250195.59535897995,416992.6589316332,-3.114737251802786e-11,0.21683618264444934,1.355252715606881e-18,0.21683618264444926,-4.049158427343622e-17,0.0,0.0,0.0,0.0,0.0,0.0,0.0,0.0,0.0,0.0,0.0029878333333333337,0.007228245836551849,4.946289711036235e-09
2.0,16,9,416992.6589316331,250195.59535897986,416992.65893163305,-2.3293751456935267e-11,0.21683618264444926,1.6940658945086026e-18,0.2168361826444492,-3.0281876894015847e-17,0.0,0.0,0.0,0.0,0.0,0.0,0.0,0.0,0.0,0.0,0.003318457011654571,0.00722824583655185,3.4335185279041065e-09
2.0,17,1,416992.6589316334,250195.59535897998,416992.6589316332,3.0573804555436947e-11,0.21683618264444943,-1.3552527156068863e-18,0.21683618264444923,3.9745945922068033e-17,0.0,0.0,0.0,0.0,0.0,0.0,0.0,0.0,0.0,0.0,0.0035108763216787613,0.005291754163448149,3.6326096307191357e-09
2.0,17,2,416992.6589316328,250195.5953589797,416992.658931633,2.45092895349876e-11,0.216836182644449,1.3552527156068792e-18,0.21683618264444923,3.1862076395483876e-17,0.0,0.0,0.0,0.0,0.0,0.0,0.0,0.0,0.0,0.0,0.0038415000000000003,0.005291754163448149,6.359515342760893e-09
2.0,17,3,416992.65893163276,250195.59535897968,416992.6589316329,-1.8319159787943116e-11,0.21683618264444895,-1.0164395367051643e-18,0.2168361826444492,-2.381490772432605e-17,0.0,0.0,0.0,0.0,0.0,0.0,0.0,0.0,0.0,0.0,0.004172123678321239,0.00529175416344815,4.316784547732024e-09
2.0,17,4,416992.65893163346,250195.59535898,416992.6589316332,3.988377376728026e-27,0.2168361826444495,-6.68191177523049e-50,0.21683618264444923,5.184890589746434e-33,0.0,0.0,0.0,0.0,0.0,0.0,0.0,0.0,0.0,0.0,0.0035108763216787613,0.006259999999999999,5.8121754091505894e-09
2.0,17,5,416992.6589316328,250195.59535897974,416992.658931633,-1.4787436383348202e-42,0.216836182644449,-2.067329570863767e-96,0.21683618264444926,-1.922366729835266e-48,0.0,0.0,0.0,0.0,0.0,0.0,0.0,0.0,0.0,0.0,0.0038415000000000003,0.00626,1.017522454841735e-08
2.0,17,6,416992.65893163194,250195.59535897936,416992.6589316326,9.287540967569701e-13,0.21683618264444837,-3.3881317890172023e-19,0.21683618264444923,1.207380325784061e-18,0.0,0.0,0.0,0.0,0.0,0.0,0.0,0.0,0.0,0.0,0.004172123678321238,0.006259999999999999,6.9068552763711875e-09
2.0,17,7,416992.6589316327,250195.59535897968,416992.65893163293,-2.7759928873636992e-11,0.21683618264444893,1.355252715606887e-18,0.21683618264444923,-3.608790753572809e-17,0.0,0.0,0.0,0.0,0.0,0.0,0.0,0.0,0.0,0.0,0.0035108763216787613,0.007228245836551848,3.6326096307191406e-09
2.0,17,8,416992.6589316329,250195.59535897977,416992.65893163293,4.425388655360099e-12,0.21683618264444907,1.3552527156068815e-18,0.2168361826444492,5.753005251968129e-18,0.0,0.0,0.0,0.0,0.0,0.0,0.0,0.0,0.0,0.0,0.0038415000000000003,0.007228245836551849,6.359515342760877e-09
2.0,17,9,416992.6589316337,250195.5953589801,416992.6589316333,-1.0116218275200491e-10,0.21683618264444965,1.6940658945085993e-18,0.2168361826444492,-1.3151083757760637e-16,0.0,0.0,0.0,0.0,0.0,0.0,0.0,0.0,0.0,0.0,0.004172123678321238,0.00722824583655185,4.316784547732029e-09
2.0,18,1,416992.6589316343,250195.59535898035,416992.6589316336,-1.1637039600990851e-11,0.21683618264445012,-1.3552527156068823e-18,0.2168361826444492,-1.5128151481288106e-17,0.0,0.0,0.0,0.0,0.0,0.0,0.0,0.0,0.0,0.0,0.004364542988345429,0.005291754163448149,4.5158756505470424e-09
2.0,18,2,416992.65893163317,250195.5953589799,416992.65893163317,-2.0083900879627604e-11,0.21683618264444926,1.3552527156068788e-18,0.21683618264444926,-2.6109071143515886e-17,0.0,0.0,0.0,0.0,0.0,0.0,0.0,0.0,0.0,0.0,0.004695166666666667,0.005291754163448149,7.772740974485536e-09
2.0,18,3,416992.6589316323,250195.5953589795,416992.65893163276,7.95483464215003e-11,0.21683618264444862,-1.0164395367051575e-18,0.21683618264444923,1.0341285034795039e-16,0.0,0.0,0.0,0.0,0.0,0.0,0.0,0.0,0.0,0.0,0.005025790344987905,0.00529175416344815,5.200050567559927e-09
2.0,18,4,416992.6589316339,250195.59535898018,416992.6589316334,4.874683460445375e-27,0.21683618264444984,1.336382355046098e-49,0.2168361826444492,6.337088498578988e-33,0.0,0.0,0.0,0.0,0.0,0.0,0.0,0.0,0.0,0.0,0.004364542988345428,0.006259999999999999,7.225401040875247e-09
2.0,18,5,416992.65893163317,250195.5953589799,416992.6589316331,-2.0974472360735312e-43,0.21683618264444926,5.345529420184392e-49,0.21683618264444923,-2.7266814068955893e-49,0.0,0.0,0.0,0.0,0.0,0.0,0.0,0.0,0.0,0.0,0.004695166666666667,0.00626,1.2436385559176758e-08
2.0,18,6,416992.6589316327,250195.59535897968,416992.65893163293,-6.30491545082996e-12,0.21683618264444893,-3.3881317890172023e-19,0.21683618264444923,-8.196390086078948e-18,0.0,0.0,0.0,0.0,0.0,0.0,0.0,0.0,0.0,0.0,0.005025790344987905,0.006259999999999999,8.320080908095809e-09
2.0,18,7,416992.6589316345,250195.59535898047,416992.6589316337,-6.111999571934514e-11,0.21683618264445026,1.355252715606883e-18,0.21683618264444923,-7.945599443514869e-17,0.0,0.0,0.0,0.0,0.0,0.0,0.0,0.0,0.0,0.0,0.004364542988345429,0.007228245836551848,4.515875650547046e-09
2.0,18,8,416992.658931633,250195.59535897983,416992.65893163305,-6.672013369141579e-11,0.21683618264444915,1.3552527156068815e-18,0.21683618264444923,-8.673617379884053e-17,0.0,0.0,0.0,0.0,0.0,0.0,0.0,0.0,0.0,0.0,0.004695166666666667,0.007228245836551849,7.772740974485514e-09
2.0,18,9,416992.6589316319,250195.59535897934,416992.6589316326,2.321885241892426e-12,0.21683618264444832,1.6940658945086018e-18,0.21683618264444923,3.0184508144601537e-18,0.0,0.0,0.0,0.0,0.0,0.0,0.0,0.0,0.0,0.0,0.005025790344987904,0.00722824583655185,5.200050567559937e-09
2.0,19,1,416992.65893163317,250195.5953589799,416992.6589316331,-2.9245556857509304e-12,0.21683618264444926,-1.3552527156068792e-18,0.21683618264444923,-3.801922391476209e-18,0.0,0.0,0.0,0.0,0.0,0.0,0.0,0.0,0.0,0.0,9.620965501209494e-05,0.007791754163448149,9.954555140751555e-11
2.0,19,2,416992.65893163317,250195.5953589799,416992.65893163317,5.531735819200082e-13,0.21683618264444926,1.355252715606879e-18,0.21683618264444926,7.191256564960107e-19,0.0,0.0,0.0,0.0,0.0,0.0,0.0,0.0,0.0,0.0,0.0004268333333333333,0.007791754163448149,7.06612815862322e-10
2.0,19,3,416992.65893163317,250195.5953589799,416992.6589316331,-3.6070436387792995e-12,0.21683618264444926,-1.0164395367051583e-18,0.21683618264444923,-4.6891567304130895e-18,0.0,0.0,0.0,0.0,0.0,0.0,0.0,0.0,0.0,0.0,0.0007574570116545716,0.007791754163448149,7.837204684203904e-10
2.0,19,4,416992.65893163317,250195.5953589799,416992.65893163317,2.9543536123911285e-28,0.21683618264444926,-4.7764485760653e-35,0.2168361826444493,3.840659696108467e-34,0.0,0.0,0.0,0.0,0.0,0.0,0.0,0.0,0.0,0.0,9.620965501209496e-05,0.00876,1.5927288225202382e-10
2.0,19,5,416992.65893163317,250195.5953589799,416992.65893163317,2.3030171784320933e-42,0.21683618264444926,-1.5274778182815668e-34,0.21683618264444926,2.993922331961722e-48,0.0,0.0,0.0,0.0,0.0,0.0,0.0,0.0,0.0,0.0,0.0004268333333333333,0.00876,1.1305805053797056e-09
2.0,19,6,416992.6589316332,250195.5953589799,416992.6589316331,9.287540967569756e-13,0.21683618264444932,-3.3881317890172023e-19,0.21683618264444923,1.2073803257840684e-18,0.0,0.0,0.0,0.0,0.0,0.0,0.0,0.0,0.0,0.0,0.0007574570116545716,0.00876,1.253952749472617e-09
2.0,19,7,416992.65893163317,250195.5953589799,416992.6589316331,-2.2081372497210482e-12,0.21683618264444926,1.355252715606883e-18,0.21683618264444923,-2.8705784246373625e-18,0.0,0.0,0.0,0.0,0.0,0.0,0.0,0.0,0.0,0.0,9.620965501209492e-05,0.009728245836551849,9.954555140751577e-11
2.0,19,8,416992.6589316331,250195.5953589799,416992.65893163317,-5.957158162587928e-28,0.21683618264444923,1.3552527156068829e-18,0.21683618264444926,-7.744305611364306e-34,0.0,0.0,0.0,0.0,0.0,0.0,0.0,0.0,0.0,0.0,0.0004268333333333333,0.00972824583655185,7.066128158623198e-10
2.0,19,9,416992.6589316331,250195.59535897986,416992.6589316331,4.26859602426917e-12,0.21683618264444923,1.694065894508601e-18,0.21683618264444923,5.5491748315499206e-18,0.0,0.0,0.0,0.0,0.0,0.0,0.0,0.0,0.0,0.0,0.0007574570116545715,0.009728245836551849,7.837204684203931e-10
2.0,20,1,416992.6589316329,250195.59535897974,416992.658931633,-2.786262290270924e-12,0.21683618264444904,-1.3552527156068805e-18,0.21683618264444923,-3.622140977352201e-18,0.0,0.0,0.0,0.0,0.0,0.0,0.0,0.0,0.0,0.0,0.0009498763216787615,0.007791754163448149,9.828115712354224e-10
2.0,20,2,416992.6589316332,250195.5953589799,416992.6589316331,2.3913702970440798e-11,0.21683618264444932,1.3552527156068788e-18,0.21683618264444923,3.108781386157304e-17,0.0,0.0,0.0,0.0,0.0,0.0,0.0,0.0,0.0,0.0,0.0012805,0.007791754163448149,2.119838447586967e-09
2.0,20,3,416992.65893163334,250195.59535897995,416992.6589316332,9.317861614801156e-12,0.2168361826444494,-1.0164395367051583e-18,0.21683618264444923,1.2113220099241504e-17,0.0,0.0,0.0,0.0,0.0,0.0,0.0,0.0,0.0,0.0,0.0016111236783212383,0.007791754163448149,1.6669864882482963e-09
2.0,20,4,416992.6589316331,250195.59535897983,416992.65893163305,8.86306083717334e-28,0.21683618264444926,-2.616113803200725e-34,0.21683618264444918,1.1521979088325341e-33,0.0,0.0,0.0,0.0,0.0,0.0,0.0,0.0,0.0,0.0,0.0009498763216787616,0.00876,1.5724985139766655e-09
2.0,20,5,416992.6589316332,250195.59535897992,416992.6589316332,1.704659034084903e-42,0.21683618264444926,-4.582433454844703e-34,0.21683618264444932,2.2160567443103734e-48,0.0,0.0,0.0,0.0,0.0,0.0,0.0,0.0,0.0,0.0,0.0012805000000000002,0.00876,3.391741516139118e-09
2.0,20,6,416992.658931633,250195.59535897983,416992.658931633,9.28754096756975e-13,0.21683618264444918,-3.3881317890172057e-19,0.2168361826444492,1.2073803257840674e-18,0.0,0.0,0.0,0.0,0.0,0.0,0.0,0.0,0.0,0.0,0.0016111236783212385,0.00876,2.667178381197257e-09
2.0,20,7,416992.65893163264,250195.59535897966,416992.6589316329,-3.2506393386494147e-12,0.21683618264444887,1.3552527156068829e-18,0.21683618264444923,-4.225831140244239e-18,0.0,0.0,0.0,0.0,0.0,0.0,0.0,0.0,0.0,0.0,0.0009498763216787614,0.009728245836551849,9.828115712354246e-10
2.0,20,8,416992.6589316333,250195.59535897995,416992.65893163317,-2.170100864276085e-11,0.21683618264444934,1.3552527156068825e-18,0.21683618264444923,-2.8211311235589106e-17,0.0,0.0,0.0,0.0,0.0,0.0,0.0,0.0,0.0,0.0,0.0012805,0.00972824583655185,2.11983844758696e-09
2.0,20,9,416992.65893163346,250195.59535898,416992.65893163317,5.134678549957048e-13,0.21683618264444948,1.6940658945086014e-18,0.2168361826444492,6.675082114944161e-19,0.0,0.0,0.0,0.0,0.0,0.0,0.0,0.0,0.0,0.0,0.001611123678321238,0.009728245836551849,1.6669864882483025e-09
2.0,21,1,416992.65893163334,250195.59535897998,416992.6589316332,2.6148415900076865e-11,0.2168361826444494,-1.355252715606882e-18,0.21683618264444926,3.399294067009992e-17,0.0,0.0,0.0,0.0,0.0,0.0,0.0,0.0,0.0,0.0,0.001803542988345428,0.007791754163448149,1.8660775910633267e-09
2.0,21,2,416992.6589316329,250195.59535897977,416992.658931633,1.6680033422853877e-11,0.21683618264444912,1.3552527156068784e-18,0.2168361826444492,2.168404344971004e-17,0.0,0.0,0.0,0.0,0.0,0.0,0.0,0.0,0.0,0.0,0.002134166666666666,0.007791754163448149,3.5330640793116126e-09
2.0,21,3,416992.65893163334,250195.59535897995,416992.6589316331,2.3083130486918333e-11,0.2168361826444494,-1.0164395367051594e-18,0.2168361826444492,3.000806963299383e-17,0.0,0.0,0.0,0.0,0.0,0.0,0.0,0.0,0.0,0.0,0.002464790344987905,0.007791754163448149,2.5502525080762097e-09
2.0,21,4,416992.658931633,250195.5953589798,416992.658931633,1.477176806195558e-27,0.21683618264444915,-4.75458274879492e-34,0.2168361826444492,1.9203298480542254e-33,0.0,0.0,0.0,0.0,0.0,0.0,0.0,0.0,0.0,0.0,0.001803542988345428,0.00876,2.9857241457013065e-09
2.0,21,5,416992.658931633,250195.59535897983,416992.65893163305,1.9298868684068412e-42,0.21683618264444915,-7.637389091407837e-34,0.21683618264444923,2.5088529289288934e-48,0.0,0.0,0.0,0.0,0.0,0.0,0.0,0.0,0.0,0.0,0.002134166666666666,0.00876,5.652902526898527e-09
2.0,21,6,416992.65893163293,250195.5953589798,416992.65893163305,9.287540967569744e-13,0.21683618264444912,-3.3881317890172057e-19,0.21683618264444923,1.2073803257840666e-18,0.0,0.0,0.0,0.0,0.0,0.0,0.0,0.0,0.0,0.0,0.0024647903449879047,0.00876,4.080404012921899e-09
2.0,21,7,416992.65893163317,250195.5953589799,416992.65893163317,-3.250639338649419e-12,0.21683618264444926,1.3552527156068827e-18,0.21683618264444926,-4.225831140244245e-18,0.0,0.0,0.0,0.0,0.0,0.0,0.0,0.0,0.0,0.0,0.001803542988345428,0.009728245836551849,1.86607759106333e-09
2.0,21,8,416992.6589316329,250195.59535897977,416992.658931633,-1.6680033422853938e-11,0.2168361826444491,1.3552527156068823e-18,0.2168361826444492,-2.168404344971012e-17,0.0,0.0,0.0,0.0,0.0,0.0,0.0,0.0,0.0,0.0,0.002134166666666666,0.00972824583655185,3.5330640793116e-09
2.0,21,9,416992.658931633,250195.5953589798,416992.658931633,-2.742134683002185e-11,0.21683618264444915,1.6940658945086005e-18,0.2168361826444492,-3.5647750879028405e-17,0.0,0.0,0.0,0.0,0.0,0.0,0.0,0.0,0.0,0.0,0.0024647903449879047,0.009728245836551849,2.5502525080762196e-09
2.0,22,1,416992.6589316338,250195.59535898012,416992.65893163334,1.639126365089092e-12,0.21683618264444973,-1.3552527156068842e-18,0.2168361826444492,2.130864274615819e-18,0.0,0.0,0.0,0.0,0.0,0.0,0.0,0.0,0.0,0.0,0.002657209655012095,0.007791754163448149,2.749343610891237e-09
2.0,22,2,416992.65893163334,250195.59535897998,416992.6589316332,2.6721983862667698e-11,0.2168361826444494,1.3552527156068782e-18,0.21683618264444926,3.4738579021468006e-17,0.0,0.0,0.0,0.0,0.0,0.0,0.0,0.0,0.0,0.0,0.0029878333333333337,0.007791754163448149,4.946289711036257e-09
2.0,22,3,416992.6589316332,250195.5953589799,416992.6589316331,-6.282752423730476e-11,0.21683618264444932,-1.0164395367051566e-18,0.2168361826444492,-8.167578150849618e-17,0.0,0.0,0.0,0.0,0.0,0.0,0.0,0.0,0.0,0.0,0.0033184570116545713,0.007791754163448149,3.43351852790411e-09
2.0,22,4,416992.6589316337,250195.59535898012,416992.65893163334,-8.340016711426956e-12,0.21683618264444965,-6.893051694389118e-34,0.21683618264444923,-1.0842021724855043e-17,0.0,0.0,0.0,0.0,0.0,0.0,0.0,0.0,0.0,0.0,0.002657209655012095,0.00876,4.398949777425952e-09
2.0,22,5,416992.65893163334,250195.59535898,416992.6589316332,2.8467000837736972e-42,0.2168361826444494,-1.0692344727970963e-33,0.2168361826444493,3.7007101089058057e-48,0.0,0.0,0.0,0.0,0.0,0.0,0.0,0.0,0.0,0.0,0.0029878333333333337,0.00876,7.914063537657938e-09
2.0,22,6,416992.6589316329,250195.59535897977,416992.65893163293,9.287540967569752e-13,0.21683618264444907,-3.3881317890172115e-19,0.2168361826444492,1.2073803257840676e-18,0.0,0.0,0.0,0.0,0.0,0.0,0.0,0.0,0.0,0.0,0.0033184570116545713,0.00876,5.493629644646531e-09
2.0,22,7,416992.65893163276,250195.5953589797,416992.658931633,3.010942750705833e-11,0.21683618264444895,1.355252715606882e-18,0.2168361826444493,3.914225575917583e-17,0.0,0.0,0.0,0.0,0.0,0.0,0.0,0.0,0.0,0.0,0.0026572096550120947,0.009728245836551849,2.749343610891242e-09
2.0,22,8,416992.6589316333,250195.59535897995,416992.6589316332,-3.114737251802784e-11,0.21683618264444934,1.3552527156068819e-18,0.21683618264444926,-4.049158427343619e-17,0.0,0.0,0.0,0.0,0.0,0.0,0.0,0.0,0.0,0.0,0.0029878333333333337,0.00972824583655185,4.9462897110362386e-09
2.0,22,9,416992.658931633,250195.59535897983,416992.658931633,-2.3293751456935192e-11,0.2168361826444492,1.6940658945086013e-18,0.2168361826444492,-3.028187689401575e-17,0.0,0.0,0.0,0.0,0.0,0.0,0.0,0.0,0.0,0.0,0.003318457011654571,0.009728245836551849,3.433518527904116e-09
2.0,23,1,416992.6589316334,250195.59535897998,416992.6589316332,3.057380455543692e-11,0.21683618264444943,-1.3552527156068846e-18,0.21683618264444923,3.9745945922067996e-17,0.0,0.0,0.0,0.0,0.0,0.0,0.0,0.0,0.0,0.0,0.0035108763216787613,0.007791754163448149,3.632609630719138e-09
2.0,23,2,416992.65893163276,250195.5953589797,416992.65893163293,2.4509289534987563e-11,0.21683618264444898,1.355252715606878e-18,0.21683618264444923,3.1862076395483833e-17,0.0,0.0,0.0,0.0,0.0,0.0,0.0,0.0,0.0,0.0,0.0038415000000000003,0.007791754163448149,6.359515342760901e-09
2.0,23,3,416992.65893163276,250195.59535897968,416992.6589316329,-1.8319159787943116e-11,0.21683618264444895,-1.0164395367051623e-18,0.2168361826444492,-2.381490772432605e-17,0.0,0.0,0.0,0.0,0.0,0.0,0.0,0.0,0.0,0.0,0.004172123678321239,0.007791754163448149,4.316784547732024e-09
2.0,23,4,416992.65893163346,250195.59535898,416992.6589316332,2.6589182511520112e-27,0.2168361826444495,-9.031520639983312e-34,0.21683618264444923,3.4565937264976146e-33,0.0,0.0,0.0,0.0,0.0,0.0,0.0,0.0,0.0,0.0,0.0035108763216787613,0.00876,5.8121754091505894e-09
2.0,23,5,416992.6589316329,250195.59535897977,416992.65893163305,3.4559086038358846e-42,0.21683618264444904,-1.3747300364534117e-33,0.21683618264444926,4.4926811849866507e-48,0.0,0.0,0.0,0.0,0.0,0.0,0.0,0.0,0.0,0.0,0.0038415000000000003,0.00876,1.0175224548417353e-08
2.0,23,6,416992.65893163194,250195.59535897936,416992.6589316326,9.287540967569718e-13,0.21683618264444837,-3.3881317890172115e-19,0.21683618264444923,1.2073803257840632e-18,0.0,0.0,0.0,0.0,0.0,0.0,0.0,0.0,0.0,0.0,0.004172123678321238,0.00876,6.9068552763711875e-09
2.0,23,7,416992.6589316327,250195.59535897968,416992.65893163293,-2.775992887363697e-11,0.21683618264444893,1.355252715606887e-18,0.21683618264444923,-3.608790753572806e-17,0.0,0.0,0.0,0.0,0.0,0.0,0.0,0.0,0.0,0.0,0.0035108763216787613,0.009728245836551849,3.6326096307191464e-09
2.0,23,8,416992.6589316329,250195.59535897977,416992.65893163293,4.425388655360095e-12,0.21683618264444907,1.3552527156068819e-18,0.2168361826444492,5.753005251968123e-18,0.0,0.0,0.0,0.0,0.0,0.0,0.0,0.0,0.0,0.0,0.0038415000000000003,0.00972824583655185,6.3595153427608815e-09
2.0,23,9,416992.6589316337,250195.59535898012,416992.6589316333,-1.0116218275200466e-10,0.21683618264444968,1.694065894508597e-18,0.2168361826444492,-1.3151083757760605e-16,0.0,0.0,0.0,0.0,0.0,0.0,0.0,0.0,0.0,0.0,0.004172123678321238,0.009728245836551849,4.316784547732039e-09
2.0,24,1,416992.6589316344,250195.5953589804,416992.6589316336,-1.1637039600990841e-11,0.21683618264445018,-1.3552527156068803e-18,0.2168361826444492,-1.5128151481288094e-17,0.0,0.0,0.0,0.0,0.0,0.0,0.0,0.0,0.0,0.0,0.004364542988345429,0.007791754163448149,4.515875650547045e-09
2.0,24,2,416992.65893163317,250195.5953589799,416992.65893163317,-2.008390087962758e-11,0.21683618264444926,1.355252715606877e-18,0.21683618264444926,-2.6109071143515852e-17,0.0,0.0,0.0,0.0,0.0,0.0,0.0,0.0,0.0,0.0,0.004695166666666667,0.007791754163448149,7.772740974485548e-09
2.0,24,3,416992.6589316323,250195.5953589795,416992.65893163276,7.954834642150031e-11,0.21683618264444862,-1.0164395367051558e-18,0.21683618264444923,1.034128503479504e-16,0.0,0.0,0.0,0.0,0.0,0.0,0.0,0.0,0.0,0.0,0.005025790344987905,0.007791754163448149,5.200050567559927e-09
2.0,24,4,416992.6589316339,250195.59535898018,416992.6589316334,2.606778170724624e-27,0.21683618264444984,-1.1570028394695834e-33,0.2168361826444492,3.388811621942011e-33,0.0,0.0,0.0,0.0,0.0,0.0,0.0,0.0,0.0,0.0,0.004364542988345428,0.00876,7.225401040875247e-09
2.0,24,5,416992.65893163317,250195.5953589799,416992.6589316331,2.2134445212686995e-41,0.21683618264444926,-1.680225600109726e-33,0.21683618264444923,2.8774778776493094e-47,0.0,0.0,0.0,0.0,0.0,0.0,0.0,0.0,0.0,0.0,0.004695166666666667,0.00876,1.2436385559176763e-08
2.0,24,6,416992.6589316327,250195.59535897968,416992.65893163293,-6.304915450829955e-12,0.21683618264444893,-3.3881317890172105e-19,0.21683618264444923,-8.196390086078942e-18,0.0,0.0,0.0,0.0,0.0,0.0,0.0,0.0,0.0,0.0,0.005025790344987905,0.00876,8.320080908095809e-09
2.0,24,7,416992.6589316345,250195.59535898047,416992.6589316337,-6.111999571934509e-11,0.2168361826444503,1.3552527156068827e-18,0.21683618264444923,-7.945599443514862e-17,0.0,0.0,0.0,0.0,0.0,0.0,0.0,0.0,0.0,0.0,0.004364542988345429,0.009728245836551849,4.5158756505470515e-09
2.0,24,8,416992.658931633,250195.59535897983,416992.65893163305,-6.672013369141574e-11,0.21683618264444915,1.3552527156068815e-18,0.21683618264444923,-8.673617379884047e-17,0.0,0.0,0.0,0.0,0.0,0.0,0.0,0.0,0.0,0.0,0.004695166666666667,0.00972824583655185,7.77274097448552e-09
2.0,24,9,416992.6589316319,250195.59535897934,416992.6589316326,2.3218852418924365e-12,0.21683618264444832,1.6940658945086001e-18,0.21683618264444923,3.0184508144601676e-18,0.0,0.0,0.0,0.0,0.0,0.0,0.0,0.0,0.0,0.0,0.005025790344987904,0.009728245836551849,5.2000505675599515e-09
2.0,25,1,123984.78728727842,123984.78728727871,289297.8370036506,-2.394615518788463e-25,-3.797555770527166e-16,9.001912997906297e-33,0.2149069646312835,-3.113000174425002e-31,0.0,0.0,0.0,0.0,0.0,0.0,0.0,0.0,0.0,0.0,0.005153176325465778,0.0002258541374200371,1.4293997424227003e-09
2.0,25,2,121106.91722342209,121106.91722342209,282582.80685465154,7.395542943349151e-27,-7.557968350136306e-32,5.057497752679577e-33,0.2099186565205983,9.614205826353895e-33,0.0,0.0,0.0,0.0,0.0,0.0,0.0,0.0,0.0,0.0,0.00526375,0.0002258541374200371,2.3361134706749708e-09
2.0,25,3,118359.61570159938,118359.61570159924,276172.43663706473,-5.2021062321774936e-11,1.8987778852635872e-16,9.378582791004554e-34,0.20515666721610515,-6.762738101830742e-17,0.0,0.0,0.0,0.0,0.0,0.0,0.0,0.0,0.0,0.0,0.005374323674534221,0.00022585413742003712,1.490742095921028e-09
2.0,25,4,123984.78728727894,123984.78728727894,289297.8370036509,-1.2608609831373331e-26,-2.306690891084952e-31,4.743816734647183e-34,0.21490696463128353,-1.6391192780785333e-32,0.0,0.0,0.0,0.0,0.0,0.0,0.0,0.0,0.0,0.0,0.005153176325465778,0.001002,2.2870395878763263e-09
2.0,25,5,121106.91722342205,121106.91722342205,282582.8068546514,-1.0921045824598669e-26,-1.5885939211376687e-31,3.8042462490231417e-34,0.20991865652059824,-1.419735957197827e-32,0.0,0.0,0.0,0.0,0.0,0.0,0.0,0.0,0.0,0.0,0.005263750000000001,0.001002,3.737781553079926e-09
2.0,25,6,118359.6157015991,118359.6157015991,276172.43663706456,1.0404212464354979e-11,-1.0759519520157392e-31,1.1124334798754294e-34,0.20515666721610512,1.3525476203661473e-17,0.0,0.0,0.0,0.0,0.0,0.0,0.0,0.0,0.0,0.0,0.0053743236745342204,0.001002,2.385187353473609e-09
2.0,25,7,123984.78728727972,123984.78728727928,289297.83700365125,-2.178789832809838e-25,5.696333655790685e-16,-8.053149650976874e-33,0.21490696463128353,-2.8324267826527892e-31,0.0,0.0,0.0,0.0,0.0,0.0,0.0,0.0,0.0,0.0,0.005153176325465777,0.0017781458625799628,1.4293997424227143e-09
2.0,25,8,121106.91722342209,121106.91722342209,282582.80685465154,-1.884248677345e-26,-9.301365026671684e-32,-4.296648502874976e-33,0.2099186565205983,-2.4495232805485e-32,0.0,0.0,0.0,0.0,0.0,0.0,0.0,0.0,0.0,0.0,0.00526375,0.001778145862579963,2.3361134706749708e-09
2.0,25,9,118359.61570159988,118359.61570159944,276172.4366370649,-1.0404212464355186e-11,5.696333655790825e-16,-7.153715831253549e-34,0.20515666721610512,-1.3525476203661741e-17,0.0,0.0,0.0,0.0,0.0,0.0,0.0,0.0,0.0,0.0,0.0053743236745342204,0.0017781458625799628,1.490742095921034e-09
2.0,26,1,116817.34920513615,116817.34920513644,272573.8148119853,-1.2478911128685704e-25,-3.7975557705271936e-16,-1.3408963112031414e-34,0.20248340528890357,-1.6222584467291415e-31,0.0,0.0,0.0,0.0,0.0,0.0,0.0,0.0,0.0,0.0,0.0054386763254657775,0.0002258541374200371,1.5085923802614117e-09
2.0,26,2,114259.16263268345,114259.16263268345,266604.7128095947,9.849519481894148e-28,-9.5495567081264e-33,1.5836843257451866e-34,0.19804921522998467,1.2804375326462393e-33,0.0,0.0,0.0,0.0,0.0,0.0,0.0,0.0,0.0,0.0,0.005549249999999999,0.0002258541374200371,2.4628216912169174e-09
2.0,26,3,111810.61860125622,111810.61860125608,260891.4434029307,-5.2021062321774813e-11,1.8987778852635443e-16,5.338389579272524e-35,0.19380507224217702,-6.762738101830725e-17,0.0,0.0,0.0,0.0,0.0,0.0,0.0,0.0,0.0,0.0,0.005659823674534221,0.00022585413742003712,1.5699347337597606e-09
2.0,26,4,116817.34920513663,116817.34920513663,272573.8148119855,1.0064876185373596e-27,-2.4100258172519024e-32,1.431147211074624e-34,0.20248340528890352,1.3084339040985675e-33,0.0,0.0,0.0,0.0,0.0,0.0,0.0,0.0,0.0,0.0,0.0054386763254657775,0.001002,2.4137478084182357e-09
2.0,26,5,114259.16263268345,114259.16263268345,266604.7128095947,-6.392710054378009e-29,-1.7513174223112008e-32,3.783803639494491e-34,0.19804921522998467,-8.310523070691412e-35,0.0,0.0,0.0,0.0,0.0,0.0,0.0,0.0,0.0,0.0,0.005549249999999999,0.001002,3.940514705947047e-09
2.0,26,6,111810.61860125593,111810.61860125593,260891.4434029305,1.0404212464354987e-11,-3.1471590356242103e-32,2.1620340631481096e-34,0.19380507224217697,1.3525476203661484e-17,0.0,0.0,0.0,0.0,0.0,0.0,0.0,0.0,0.0,0.0,0.0056598236745342215,0.001002,2.5118955740156073e-09
2.0,26,7,116817.34920513742,116817.34920513698,272573.8148119859,-1.8943693348679454e-25,5.696333655790738e-16,4.203190733352323e-34,0.20248340528890355,-2.462680135328329e-31,0.0,0.0,0.0,0.0,0.0,0.0,0.0,0.0,0.0,0.0,0.0054386763254657775,0.0017781458625799628,1.5085923802614095e-09
2.0,26,8,114259.16263268345,114259.16263268345,266604.7128095947,-1.2672095055872207e-27,-1.338882268482919e-32,5.983922953243794e-34,0.19804921522998467,-1.6473723572633868e-33,0.0,0.0,0.0,0.0,0.0,0.0,0.0,0.0,0.0,0.0,0.005549249999999999,0.001778145862579963,2.4628216912169215e-09
2.0,26,9,111810.61860125672,111810.61860125628,260891.44340293086,-1.040421246435492e-11,5.696333655790669e-16,3.7902291683689453e-34,0.193805072242177,-1.3525476203661394e-17,0.0,0.0,0.0,0.0,0.0,0.0,0.0,0.0,0.0,0.0,0.00565982367453422,0.0017781458625799628,1.5699347337597567e-09
2.0,27,1,123984.78728727842,123984.78728727871,289297.8370036506,-2.466824614269425e-25,-3.7975557705271665e-16,5.8922242505920524e-33,0.2149069646312835,-3.2068719985502524e-31,0.0,0.0,0.0,0.0,0.0,0.0,0.0,0.0,0.0,0.0,0.005153176325465778,0.002229854137420037,1.4293997424226999e-09
2.0,27,2,121106.91722342209,121106.91722342209,282582.80685465154,2.3271995856992225e-27,-7.850198189289205e-32,2.7034722560101554e-33,0.2099186565205983,3.025359461408989e-33,0.0,0.0,0.0,0.0,0.0,0.0,0.0,0.0,0.0,0.0,0.00526375,0.002229854137420037,2.3361134706749708e-09
2.0,27,3,118359.61570159938,118359.61570159924,276172.43663706473,-5.202106232177498e-11,1.8987778852635864e-16,2.7163076021799276e-34,0.20515666721610515,-6.762738101830748e-17,0.0,0.0,0.0,0.0,0.0,0.0,0.0,0.0,0.0,0.0,0.005374323674534221,0.002229854137420037,1.490742095921027e-09
2.0,27,4,123984.78728727894,123984.78728727894,289297.8370036509,-1.2268733883233952e-26,-2.750534663537999e-31,8.67038875458605e-34,0.21490696463128353,-1.5949354048204138e-32,0.0,0.0,0.0,0.0,0.0,0.0,0.0,0.0,0.0,0.0,0.005153176325465778,0.0030059999999999996,2.2870395878763263e-09
2.0,27,5,121106.91722342205,121106.91722342205,282582.8068546514,-9.749501383251344e-27,-1.3968450331181522e-31,2.90066774204754e-64,0.20991865652059824,-1.2674351798226747e-32,0.0,0.0,0.0,0.0,0.0,0.0,0.0,0.0,0.0,0.0,0.005263750000000001,0.0030060000000000004,3.737781553079926e-09
2.0,27,6,118359.6157015991,118359.6157015991,276172.43663706456,1.0404212464354982e-11,-4.315540269827279e-33,-1.1012837666883818e-34,0.20515666721610512,1.3525476203661476e-17,0.0,0.0,0.0,0.0,0.0,0.0,0.0,0.0,0.0,0.0,0.0053743236745342204,0.003006,2.385187353473609e-09
2.0,27,7,123984.78728727972,123984.78728727928,289297.83700365125,-2.1410550105712917e-25,5.696333655790683e-16,-4.158146499674837e-33,0.21490696463128353,-2.783371513742679e-31,0.0,0.0,0.0,0.0,0.0,0.0,0.0,0.0,0.0,0.0,0.005153176325465777,0.003782145862579962,1.4293997424227152e-09
2.0,27,8,121106.91722342209,121106.91722342209,282582.80685465154,-1.5558233753625735e-26,-1.217744193321303e-31,-2.703472256010191e-33,0.2099186565205983,-2.0225703879713456e-32,0.0,0.0,0.0,0.0,0.0,0.0,0.0,0.0,0.0,0.0,0.00526375,0.0037821458625799634,2.3361134706749708e-09
2.0,27,9,118359.61570159988,118359.61570159944,276172.4366370649,-1.0404212464355162e-11,5.696333655790823e-16,-4.918875135556689e-34,0.20515666721610512,-1.352547620366171e-17,0.0,0.0,0.0,0.0,0.0,0.0,0.0,0.0,0.0,0.0,0.0053743236745342204,0.0037821458625799625,1.490742095921037e-09
2.0,28,1,116817.34920513615,116817.34920513644,272573.8148119853,-1.2217743238259627e-25,-3.797555770527193e-16,-2.936782484437146e-34,0.20248340528890357,-1.5883066209737514e-31,0.0,0.0,0.0,0.0,0.0,0.0,0.0,0.0,0.0,0.0,0.0054386763254657775,0.002229854137420037,1.508592380261411e-09
2.0,28,2,114259.16263268345,114259.16263268345,266604.7128095947,1.3832382123254804e-27,-1.2956131015420862e-32,-2.931000797117265e-34,0.19804921522998467,1.7982096760231245e-33,0.0,0.0,0.0,0.0,0.0,0.0,0.0,0.0,0.0,0.0,0.005549249999999999,0.002229854137420037,2.462821691216917e-09
2.0,28,3,111810.61860125622,111810.61860125608,260891.4434029307,-5.202106232177485e-11,1.8987778852635428e-16,-2.9252191097974457e-34,0.19380507224217702,-6.76273810183073e-17,0.0,0.0,0.0,0.0,0.0,0.0,0.0,0.0,0.0,0.0,0.005659823674534221,0.002229854137420037,1.5699347337597592e-09
2.0,28,4,116817.34920513663,116817.34920513663,272573.8148119855,2.373776467660807e-27,-2.3000816200751744e-32,1.3159984103266571e-48,0.20248340528890352,3.0859094079590494e-33,0.0,0.0,0.0,0.0,0.0,0.0,0.0,0.0,0.0,0.0,0.0054386763254657775,0.0030059999999999996,2.4137478084182357e-09
2.0,28,5,114259.16263268345,114259.16263268345,266604.7128095947,-6.269163148896497e-43,-1.7513174223112014e-32,2.658927053456642e-66,0.19804921522998467,-8.149912093565446e-49,0.0,0.0,0.0,0.0,0.0,0.0,0.0,0.0,0.0,0.0,0.005549249999999999,0.0030060000000000004,3.940514705947047e-09
2.0,28,6,111810.61860125593,111810.61860125593,260891.4434029305,1.0404212464354987e-11,-1.2025532245472455e-32,3.21594492481634e-50,0.19380507224217697,1.3525476203661482e-17,0.0,0.0,0.0,0.0,0.0,0.0,0.0,0.0,0.0,0.0,0.0056598236745342215,0.003006,2.5118955740156073e-09
2.0,28,7,116817.34920513742,116817.34920513698,272573.8148119859,-1.891611922285079e-25,5.696333655790737e-16,2.9367824844371403e-34,0.20248340528890355,-2.4590954989706026e-31,0.0,0.0,0.0,0.0,0.0,0.0,0.0,0.0,0.0,0.0,0.0054386763254657775,0.003782145862579962,1.5085923802614107e-09
2.0,28,8,114259.16263268345,114259.16263268345,266604.7128095947,-1.3847991043353272e-27,-1.295613101542086e-32,2.9310007971172646e-34,0.19804921522998467,-1.8002388356359253e-33,0.0,0.0,0.0,0.0,0.0,0.0,0.0,0.0,0.0,0.0,0.005549249999999999,0.0037821458625799634,2.4628216912169203e-09
2.0,28,9,111810.61860125672,111810.61860125628,260891.44340293086,-1.04042124643549e-11,5.696333655790667e-16,2.925219109797305e-34,0.193805072242177,-1.352547620366137e-17,0.0,0.0,0.0,0.0,0.0,0.0,0.0,0.0,0.0,0.0,0.00565982367453422,0.0037821458625799625,1.5699347337597596e-09
2.0,29,1,123984.78728727842,123984.78728727871,289297.8370036506,-2.6642900576634127e-25,-3.7975557705271674e-16,-1.1030703716748494e-35,0.2149069646312835,-3.4635770749624365e-31,0.0,0.0,0.0,0.0,0.0,0.0,0.0,0.0,0.0,0.0,0.005153176325465778,0.004233854137420038,1.4293997424226986e-09
2.0,29,2,121106.91722342209,121106.91722342209,282582.80685465154,-5.420416575861317e-27,-9.648799829474702e-32,-1.5251107191437695e-34,0.2099186565205983,-7.046541548619712e-33,0.0,0.0,0.0,0.0,0.0,0.0,0.0,0.0,0.0,0.0,0.00526375,0.004233854137420038,2.336113470674967e-09
2.0,29,3,118359.61570159938,118359.61570159924,276172.43663706473,-5.2021062321774994e-11,1.8987778852635845e-16,-2.660538584111878e-34,0.20515666721610515,-6.762738101830749e-17,0.0,0.0,0.0,0.0,0.0,0.0,0.0,0.0,0.0,0.0,0.005374323674534221,0.004233854137420037,1.4907420959210258e-09
2.0,29,4,123984.78728727894,123984.78728727894,289297.8370036509,-1.3896743485747425e-26,-2.6730227237650514e-31,3.2002422293905893e-35,0.21490696463128353,-1.8065766531471653e-32,0.0,0.0,0.0,0.0,0.0,0.0,0.0,0.0,0.0,0.0,0.005153176325465778,0.00501,2.2870395878763255e-09
2.0,29,5,121106.91722342205,121106.91722342205,282582.8068546514,-6.53821693645453e-27,-8.866069107599854e-32,5.540035053019733e-50,0.20991865652059824,-8.499682017390889e-33,0.0,0.0,0.0,0.0,0.0,0.0,0.0,0.0,0.0,0.0,0.005263750000000001,0.00501,3.7377815530799234e-09
2.0,29,6,118359.6157015991,118359.6157015991,276172.43663706456,1.0404212464354995e-11,-1.5656511076593286e-31,-4.064840593029011e-36,0.20515666721610512,1.3525476203661493e-17,0.0,0.0,0.0,0.0,0.0,0.0,0.0,0.0,0.0,0.0,0.0053743236745342204,0.00501,2.3851873534736078e-09
2.0,29,7,123984.78728727972,123984.78728727928,289297.83700365125,-2.035873850391961e-25,5.696333655790684e-16,7.503554830452943e-35,0.21490696463128353,-2.646636005509549e-31,0.0,0.0,0.0,0.0,0.0,0.0,0.0,0.0,0.0,0.0,0.005153176325465777,0.005786145862579961,1.4293997424227127e-09
2.0,29,8,121106.91722342209,121106.91722342209,282582.80685465154,-7.360457814909588e-27,-9.64881791140305e-32,1.5251107191434777e-34,0.2099186565205983,-9.568595159382463e-33,0.0,0.0,0.0,0.0,0.0,0.0,0.0,0.0,0.0,0.0,0.00526375,0.005786145862579963,2.3361134706749708e-09
2.0,29,9,118359.61570159988,118359.61570159944,276172.4366370649,-1.040421246435517e-11,5.696333655790829e-16,2.579241772251185e-34,0.20515666721610512,-1.3525476203661721e-17,0.0,0.0,0.0,0.0,0.0,0.0,0.0,0.0,0.0,0.0,0.0053743236745342204,0.005786145862579962,1.4907420959210357e-09
2.0,30,1,116817.34920513615,116817.34920513644,272573.8148119853,-1.2217743238259639e-25,-3.7975557705271936e-16,-2.9367824844371493e-34,0.20248340528890357,-1.588306620973753e-31,0.0,0.0,0.0,0.0,0.0,0.0,0.0,0.0,0.0,0.0,0.0054386763254657775,0.004233854137420038,1.5085923802614099e-09
2.0,30,2,114259.16263268345,114259.16263268345,266604.7128095947,1.3832382123254833e-27,-1.2956131015420854e-32,-2.9310007971172697e-34,0.19804921522998467,1.7982096760231283e-33,0.0,0.0,0.0,0.0,0.0,0.0,0.0,0.0,0.0,0.0,0.005549249999999999,0.004233854137420038,2.4628216912169136e-09
2.0,30,3,111810.61860125622,111810.61860125608,260891.4434029307,-5.202106232177487e-11,1.8987778852635403e-16,-2.9252191097974474e-34,0.19380507224217702,-6.762738101830733e-17,0.0,0.0,0.0,0.0,0.0,0.0,0.0,0.0,0.0,0.0,0.005659823674534221,0.004233854137420037,1.5699347337597583e-09
2.0,30,4,116817.34920513663,116817.34920513663,272573.8148119855,2.373776467660808e-27,-2.3000816200751741e-32,1.3482696144960446e-48,0.20248340528890352,3.08590940795905e-33,0.0,0.0,0.0,0.0,0.0,0.0,0.0,0.0,0.0,0.0,0.0054386763254657775,0.00501,2.4137478084182344e-09
2.0,30,5,114259.16263268345,114259.16263268345,266604.7128095947,-3.854708782361237e-44,-1.7513174223112014e-32,5.540035053019746e-50,0.19804921522998467,-5.01112141706961e-50,0.0,0.0,0.0,0.0,0.0,0.0,0.0,0.0,0.0,0.0,0.005549249999999999,0.00501,3.9405147059470435e-09
2.0,30,6,111810.61860125593,111810.61860125593,260891.4434029305,1.040421246435499e-11,-2.5857153323591554e-31,4.420852550293512e-50,0.19380507224217697,1.3525476203661488e-17,0.0,0.0,0.0,0.0,0.0,0.0,0.0,0.0,0.0,0.0,0.0056598236745342215,0.00501,2.511895574015606e-09
2.0,30,7,116817.34920513742,116817.34920513698,272573.8148119859,-1.8916119222850824e-25,5.696333655790737e-16,2.9367824844371476e-34,0.20248340528890355,-2.459095498970607e-31,0.0,0.0,0.0,0.0,0.0,0.0,0.0,0.0,0.0,0.0,0.0054386763254657775,0.005786145862579961,1.508592380261408e-09
2.0,30,8,114259.16263268345,114259.16263268345,266604.7128095947,-1.3847991043353272e-27,-1.295613101542086e-32,2.9310007971172663e-34,0.19804921522998467,-1.8002388356359253e-33,0.0,0.0,0.0,0.0,0.0,0.0,0.0,0.0,0.0,0.0,0.005549249999999999,0.005786145862579963,2.4628216912169203e-09
2.0,30,9,111810.61860125672,111810.61860125628,260891.44340293086,-1.0404212464354911e-11,5.696333655790673e-16,2.9252191097973097e-34,0.193805072242177,-1.3525476203661385e-17,0.0,0.0,0.0,0.0,0.0,0.0,0.0,0.0,0.0,0.0,0.00565982367453422,0.005786145862579962,1.569934733759758e-09
2.0,31,1,123984.78728727842,123984.78728727871,289297.8370036506,-2.5781965538150986e-25,-3.797555770527168e-16,3.888463329854695e-33,0.2149069646312835,-3.351655519959628e-31,0.0,0.0,0.0,0.0,0.0,0.0,0.0,0.0,0.0,0.0,0.005153176325465778,0.0062378541374200356,1.4293997424227023e-09
2.0,31,2,121106.91722342209,121106.91722342209,282582.80685465154,-3.300237891830264e-28,-1.2177437264491727e-31,2.5592429966958628e-33,0.2099186565205983,-4.290309259379343e-34,0.0,0.0,0.0,0.0,0.0,0.0,0.0,0.0,0.0,0.0,0.00526375,0.006237854137420036,2.33611347067497e-09
2.0,31,3,118359.61570159938,118359.61570159924,276172.43663706473,-5.202106232177491e-11,1.8987778852635928e-16,4.6112225648584575e-34,0.20515666721610515,-6.762738101830738e-17,0.0,0.0,0.0,0.0,0.0,0.0,0.0,0.0,0.0,0.0,0.005374323674534221,0.0062378541374200356,1.4907420959210283e-09
2.0,31,4,123984.78728727894,123984.78728727894,289297.8370036509,-1.6476789560889225e-26,-2.750533611191536e-31,-8.80773282092401e-34,0.21490696463128353,-2.1419826429155993e-32,0.0,0.0,0.0,0.0,0.0,0.0,0.0,0.0,0.0,0.0,0.005153176325465778,0.007013999999999999,2.287039587876328e-09
2.0,31,5,121106.91722342205,121106.91722342205,282582.8068546514,-9.59689031578295e-27,-1.3968403643871415e-31,-1.4807210182384907e-64,0.20991865652059824,-1.2475957410517835e-32,0.0,0.0,0.0,0.0,0.0,0.0,0.0,0.0,0.0,0.0,0.005263750000000001,0.007014,3.737781553079928e-09
2.0,31,6,118359.6157015991,118359.6157015991,276172.43663706456,1.0404212464354974e-11,-4.3147117582714814e-33,1.1187287504128945e-34,0.20515666721610512,1.3525476203661467e-17,0.0,0.0,0.0,0.0,0.0,0.0,0.0,0.0,0.0,0.0,0.0053743236745342204,0.007013999999999999,2.385187353473611e-09
2.0,31,7,123984.78728727972,123984.78728727928,289297.83700365125,-2.1168602951237733e-25,5.696333655790684e-16,-5.650009894039534e-33,0.21490696463128353,-2.7519183836609055e-31,0.0,0.0,0.0,0.0,0.0,0.0,0.0,0.0,0.0,0.0,0.005153176325465777,0.007790145862579962,1.4293997424227178e-09
2.0,31,8,121106.91722342209,121106.91722342209,282582.80685465154,-1.2897399298312272e-26,-7.850193520556673e-32,-2.55924299669588e-33,0.2099186565205983,-1.6766619087805954e-32,0.0,0.0,0.0,0.0,0.0,0.0,0.0,0.0,0.0,0.0,0.00526375,0.007790145862579963,2.3361134706749753e-09
2.0,31,9,118359.61570159988,118359.61570159944,276172.4366370649,-1.0404212464355152e-11,5.696333655790824e-16,-2.373765064032577e-34,0.20515666721610512,-1.3525476203661696e-17,0.0,0.0,0.0,0.0,0.0,0.0,0.0,0.0,0.0,0.0,0.0053743236745342204,0.007790145862579962,1.4907420959210386e-09
2.0,32,1,116817.34920513615,116817.34920513644,272573.8148119853,-1.2217743238259604e-25,-3.797555770527193e-16,-2.9367824844371403e-34,0.20248340528890357,-1.5883066209737486e-31,0.0,0.0,0.0,0.0,0.0,0.0,0.0,0.0,0.0,0.0,0.0054386763254657775,0.0062378541374200356,1.5085923802614134e-09
2.0,32,2,114259.16263268345,114259.16263268345,266604.7128095947,1.3832382123254831e-27,-1.2956131015420862e-32,-2.9310007971172667e-34,0.19804921522998467,1.798209676023128e-33,0.0,0.0,0.0,0.0,0.0,0.0,0.0,0.0,0.0,0.0,0.005549249999999999,0.006237854137420036,2.4628216912169157e-09
2.0,32,3,111810.61860125622,111810.61860125608,260891.4434029307,-5.202106232177479e-11,1.898777885263549e-16,-2.925219109797444e-34,0.19380507224217702,-6.762738101830722e-17,0.0,0.0,0.0,0.0,0.0,0.0,0.0,0.0,0.0,0.0,0.005659823674534221,0.0062378541374200356,1.5699347337597612e-09
2.0,32,4,116817.34920513663,116817.34920513663,272573.8148119855,2.373776467660807e-27,-2.300081620075174e-32,1.3229876184002893e-48,0.20248340528890352,3.0859094079590494e-33,0.0,0.0,0.0,0.0,0.0,0.0,0.0,0.0,0.0,0.0,0.0054386763254657775,0.007013999999999999,2.413747808418237e-09
2.0,32,5,114259.16263268345,114259.16263268345,266604.7128095947,-2.578278490360469e-44,-1.7513174223112025e-32,-5.540035053019739e-50,0.19804921522998467,-3.3517620374686123e-50,0.0,0.0,0.0,0.0,0.0,0.0,0.0,0.0,0.0,0.0,0.005549249999999999,0.007014,3.940514705947049e-09
2.0,32,6,111810.61860125593,111810.61860125593,260891.4434029305,1.0404212464354978e-11,-1.2025532245472486e-32,-2.336922979675218e-50,0.19380507224217697,1.3525476203661471e-17,0.0,0.0,0.0,0.0,0.0,0.0,0.0,0.0,0.0,0.0,0.0056598236745342215,0.007013999999999999,2.51189557401561e-09
2.0,32,7,116817.34920513742,116817.34920513698,272573.8148119859,-1.8916119222850757e-25,5.696333655790737e-16,2.936782484437135e-34,0.20248340528890355,-2.4590954989705983e-31,0.0,0.0,0.0,0.0,0.0,0.0,0.0,0.0,0.0,0.0,0.0054386763254657775,0.007790145862579962,1.5085923802614134e-09
2.0,32,8,114259.16263268345,114259.16263268345,266604.7128095947,-1.3847991043353245e-27,-1.2956131015420862e-32,2.931000797117258e-34,0.19804921522998467,-1.800238835635922e-33,0.0,0.0,0.0,0.0,0.0,0.0,0.0,0.0,0.0,0.0,0.005549249999999999,0.007790145862579963,2.462821691216926e-09
2.0,32,9,111810.61860125672,111810.61860125628,260891.44340293086,-1.0404212464354889e-11,5.696333655790669e-16,2.925219109797303e-34,0.193805072242177,-1.3525476203661356e-17,0.0,0.0,0.0,0.0,0.0,0.0,0.0,0.0,0.0,0.0,0.00565982367453422,0.007790145862579962,1.5699347337597615e-09
2.0,33,1,123984.78728727842,123984.78728727871,289297.8370036506,-2.4117592405307047e-25,-3.797555770527167e-16,8.079462360038679e-33,0.2149069646312835,-3.1352870126899157e-31,0.0,0.0,0.0,0.0,0.0,0.0,0.0,0.0,0.0,0.0,0.005153176325465778,0.008241854137420037,1.4293997424226972e-09
2.0,33,2,121106.91722342209,121106.91722342209,282582.80685465154,6.535850210545366e-27,-9.301381070720698e-32,4.461061703943632e-33,0.2099186565205983,8.496605273708975e-33,0.0,0.0,0.0,0.0,0.0,0.0,0.0,0.0,0.0,0.0,0.00526375,0.008241854137420037,2.3361134706749612e-09
2.0,33,3,118359.61570159938,118359.61570159924,276172.43663706473,-5.202106232177503e-11,1.8987778852636005e-16,8.565886417837567e-34,0.20515666721610515,-6.762738101830754e-17,0.0,0.0,0.0,0.0,0.0,0.0,0.0,0.0,0.0,0.0,0.005374323674534221,0.008241854137420037,1.4907420959210252e-09
2.0,33,4,123984.78728727894,123984.78728727894,289297.8370036509,-1.3833481513513362e-26,-2.3066926992749395e-31,-5.122227374513047e-34,0.21490696463128353,-1.7983525967567372e-32,0.0,0.0,0.0,0.0,0.0,0.0,0.0,0.0,0.0,0.0,0.005153176325465778,0.009018,2.2870395878763255e-09
2.0,33,5,121106.91722342205,121106.91722342205,282582.8068546514,-1.0780589331640193e-26,-1.588593921136132e-31,-3.8042462490231447e-34,0.20991865652059824,-1.401476613113225e-32,0.0,0.0,0.0,0.0,0.0,0.0,0.0,0.0,0.0,0.0,0.005263750000000001,0.009018,3.7377815530799234e-09
2.0,33,6,118359.6157015991,118359.6157015991,276172.43663706456,1.0404212464354986e-11,-8.704951429973078e-32,-2.3469891841809985e-34,0.20515666721610512,1.352547620366148e-17,0.0,0.0,0.0,0.0,0.0,0.0,0.0,0.0,0.0,0.0,0.0053743236745342204,0.009018,2.3851873534736078e-09
2.0,33,7,123984.78728727972,123984.78728727928,289297.83700365125,-2.1888502656285296e-25,5.696333655790685e-16,-9.103907834941279e-33,0.21490696463128353,-2.8455053453170884e-31,0.0,0.0,0.0,0.0,0.0,0.0,0.0,0.0,0.0,0.0,0.005153176325465777,0.00979414586257996,1.4293997424227152e-09
2.0,33,8,121106.91722342209,121106.91722342209,282582.80685465154,-1.7972553146541994e-26,-7.557966312266315e-32,-5.2219109537482635e-33,0.2099186565205983,-2.336431909050459e-32,0.0,0.0,0.0,0.0,0.0,0.0,0.0,0.0,0.0,0.0,0.00526375,0.009794145862579961,2.336113470674971e-09
2.0,33,9,118359.61570159988,118359.61570159944,276172.4366370649,-1.0404212464355168e-11,5.696333655790827e-16,-1.3259864786199379e-33,0.20515666721610512,-1.3525476203661718e-17,0.0,0.0,0.0,0.0,0.0,0.0,0.0,0.0,0.0,0.0,0.0053743236745342204,0.009794145862579961,1.4907420959210363e-09
2.0,34,1,116817.34920513615,116817.34920513644,272573.8148119853,-1.2243697535205194e-25,-3.7975557705271936e-16,-2.8995384532931645e-34,0.20248340528890357,-1.591680679576675e-31,0.0,0.0,0.0,0.0,0.0,0.0,0.0,0.0,0.0,0.0,0.0054386763254657775,0.008241854137420037,1.508592380261408e-09
2.0,34,2,114259.16263268345,114259.16263268345,266604.7128095947,1.2654215081224049e-27,-1.3388822684829184e-32,-4.514685122862459e-34,0.19804921522998467,1.645047960559126e-33,0.0,0.0,0.0,0.0,0.0,0.0,0.0,0.0,0.0,0.0,0.005549249999999999,0.008241854137420037,2.462821691216907e-09
2.0,34,3,111810.61860125622,111810.61860125608,260891.4434029307,-5.20210623217749e-11,1.8987778852635568e-16,-3.293472517402504e-34,0.19380507224217702,-6.762738101830737e-17,0.0,0.0,0.0,0.0,0.0,0.0,0.0,0.0,0.0,0.0,0.005659823674534221,0.008241854137420037,1.569934733759758e-09
2.0,34,4,116817.34920513663,116817.34920513663,272573.8148119855,1.3672888491234499e-27,-2.410025817251905e-32,-2.7347994911337756e-34,0.20248340528890352,1.7774755038604847e-33,0.0,0.0,0.0,0.0,0.0,0.0,0.0,0.0,0.0,0.0,0.0054386763254657775,0.009018,2.4137478084182344e-09
2.0,34,5,114259.16263268345,114259.16263268345,266604.7128095947,6.392710054377868e-29,-1.7513174223112e-32,-3.783803639494494e-34,0.19804921522998467,8.310523070691228e-35,0.0,0.0,0.0,0.0,0.0,0.0,0.0,0.0,0.0,0.0,0.005549249999999999,0.009018,3.9405147059470435e-09
2.0,34,6,111810.61860125593,111810.61860125593,260891.4434029305,1.0404212464354992e-11,-1.0926090273705157e-32,-1.9964485128259216e-34,0.19380507224217697,1.352547620366149e-17,0.0,0.0,0.0,0.0,0.0,0.0,0.0,0.0,0.0,0.0,0.0056598236745342215,0.009018,2.511895574015606e-09
2.0,34,7,116817.34920513742,116817.34920513698,272573.8148119859,-1.9076022113981695e-25,5.696333655790737e-16,-2.5700605289743734e-34,0.20248340528890355,-2.4798828748176203e-31,0.0,0.0,0.0,0.0,0.0,0.0,0.0,0.0,0.0,0.0,0.0054386763254657775,0.00979414586257996,1.5085923802614107e-09
2.0,34,8,114259.16263268345,114259.16263268345,266604.7128095947,-9.84724842734433e-28,-9.549556708126421e-33,-3.0529221561265396e-34,0.19804921522998467,-1.2801422955547628e-33,0.0,0.0,0.0,0.0,0.0,0.0,0.0,0.0,0.0,0.0,0.005549249999999999,0.009794145862579961,2.4628216912169215e-09
2.0,34,9,111810.61860125672,111810.61860125628,260891.44340293086,-1.04042124643549e-11,5.696333655790672e-16,-6.994245082494481e-35,0.193805072242177,-1.352547620366137e-17,0.0,0.0,0.0,0.0,0.0,0.0,0.0,0.0,0.0,0.0,0.00565982367453422,0.009794145862579961,1.5699347337597592e-09
3.0,1,1,433871.02009601495,267082.7728383361,456385.7873493275,3097.054627060195,0.2168304520397159,5.730604733352542e-06,0.24609964946902224,0.004026171015178253,0.0,0.0,0.0,0.0,0.0,0.0,0.0,0.0,0.0,0.0,9.906688935088664e-05,0.00029175416344815006,1.0250185519760558e-10
3.0,1,2,420837.3072319773,254049.05997429843,425973.7906665729,3097.0546270601935,0.2168304520397159,5.730604733355188e-06,0.22350788050469023,0.004026171015178251,0.0,0.0,0.0,0.0,0.0,0.0,0.0,0.0,0.0,0.0,0.000429690567672125,0.00029175416344815,7.113429019264646e-10
3.0,1,3,419160.3889246344,252372.14166695555,422060.98128277285,3097.054627060192,0.2168304520397159,5.73060473335288e-06,0.2206012221052959,0.0040261710151782495,0.0,0.0,0.0,0.0,0.0,0.0,0.0,0.0,0.0,0.0,0.0007603142459933634,0.00029175416344815006,7.866767722104813e-10
3.0,1,4,491486.54289775837,324700.034284801,590824.0356389038,3388.7118587537143,0.21682932192064694,6.860723802260715e-06,0.34596806248413614,0.004405325416379828,0.0,0.0,0.0,0.0,0.0,0.0,0.0,0.0,0.0,0.0,0.00010949090501209498,0.0012599999999999998,1.8125968770459264e-10
3.0,1,5,434663.78269361594,267877.2740806585,458237.5951625715,3388.7118587537143,0.21682932192064697,6.860723802260715e-06,0.2474752781302892,0.004405325416379828,0.0,0.0,0.0,0.0,0.0,0.0,0.0,0.0,0.0,0.0,0.0004401145833333334,0.00126,1.1657593941038152e-09
3.0,1,6,427015.23554767296,260228.72693471544,440390.985155371,3388.711858753717,0.21682932192064705,6.860723802260373e-06,0.2342177964106545,0.004405325416379832,0.0,0.0,0.0,0.0,0.0,0.0,0.0,0.0,0.0,0.0,0.0007707382616545717,0.0012599999999999998,1.2759395549251859e-09
3.0,1,7,547981.0367091073,381196.4230982574,722646.7320345102,3680.370079946709,0.21682809016927712,8.09247517211521e-06,0.44389349409230083,0.004784481103930722,0.0,0.0,0.0,0.0,0.0,0.0,0.0,0.0,0.0,0.0,0.00012085242067330325,0.0022282458365518497,1.2504276055604423e-10
3.0,1,8,449359.9453030528,282575.3316922028,492530.85208704934,3680.370079946715,0.2168280901692772,8.09247517211519e-06,0.2729502689884727,0.00478448110393073,0.0,0.0,0.0,0.0,0.0,0.0,0.0,0.0,0.0,0.0,0.00045147609899454165,0.0022282458365518497,7.474083504999662e-10
3.0,1,9,435455.35993126256,268670.7463204125,460086.819552872,3680.3700799467206,0.21682809016927726,8.092475172115466e-06,0.2488489876773695,0.0047844811039307366,0.0,0.0,0.0,0.0,0.0,0.0,0.0,0.0,0.0,0.0,0.00078209977731578,0.0022282458365518497,8.0921767756892e-10
3.0,2,1,418721.03314382595,251932.78588614732,421035.8177942205,3097.054627060195,0.21683045203971565,5.730604733352529e-06,0.2198396720852286,0.004026171015178253,0.0,0.0,0.0,0.0,0.0,0.0,0.0,0.0,0.0,0.0,0.0009527335560175533,0.00029175416344815006,9.857678750255129e-10
3.0,2,2,418274.1292576654,251485.88199998654,419993.0420598452,3097.054627060218,0.21683045203971596,5.730604733354881e-06,0.21906503868254962,0.004026171015178283,0.0,0.0,0.0,0.0,0.0,0.0,0.0,0.0,0.0,0.0,0.0012833572343387916,0.00029175416344815,2.1245685336511067e-09
3.0,2,3,418010.4839326214,251222.23667494243,419377.8696347422,3097.0546270602063,0.21683045203971604,5.730604733352719e-06,0.21860805345247308,0.004026171015178268,0.0,0.0,0.0,0.0,0.0,0.0,0.0,0.0,0.0,0.0,0.0016139809126600301,0.00029175416344815006,1.669942792038388e-09
3.0,2,4,424997.96573049517,258211.45711753774,435684.0222486231,3388.711858753716,0.21682932192064694,6.860723802260727e-06,0.23072119539421324,0.0044053254163798315,0.0,0.0,0.0,0.0,0.0,0.0,0.0,0.0,0.0,0.0,0.0009631575716787617,0.0012599999999999998,1.5944853194292344e-09
3.0,2,5,422940.3126751196,256153.80406216218,430882.8317860801,3388.7118587537143,0.21682932192064697,6.860723802260715e-06,0.22715459676489555,0.004405325416379828,0.0,0.0,0.0,0.0,0.0,0.0,0.0,0.0,0.0,0.0,0.00129378125,0.00126,3.426920404863227e-09
3.0,2,6,421723.7077507733,254937.19913781586,428044.08696260536,3388.711858753716,0.2168293219206469,6.860723802260363e-06,0.22504581489602865,0.004405325416379831,0.0,0.0,0.0,0.0,0.0,0.0,0.0,0.0,0.0,0.0,0.001624404928321238,0.0012599999999999998,2.6891651866498263e-09
3.0,2,7,431761.96305720287,264977.3494463532,451468.8935134008,3680.3700799467174,0.2168280901692767,8.09247517211524e-06,0.24244709976233397,0.004784481103930732,0.0,0.0,0.0,0.0,0.0,0.0,0.0,0.0,0.0,0.0,0.0009745190873399698,0.0022282458365518497,1.0083087803839513e-09
3.0,2,8,427983.2973828871,261198.6837720371,442652.0069399961,3680.3700799466924,0.2168280901692772,8.092475172115532e-06,0.23589741259351885,0.004784481103930699,0.0,0.0,0.0,0.0,0.0,0.0,0.0,0.0,0.0,0.0,0.0013051427656612085,0.0022282458365518497,2.160633982224608e-09
3.0,2,9,425743.7245602901,258959.11094943984,437426.3370206023,3680.370079946709,0.21682809016927745,8.09247517211551e-06,0.23201548636768338,0.004784481103930723,0.0,0.0,0.0,0.0,0.0,0.0,0.0,0.0,0.0,0.0,0.0016357664439824466,0.0022282458365518497,1.6924836973968265e-09
3.0,3,1,417901.50859005284,251113.26133237383,419123.59383541544,3097.054627060228,0.2168304520397161,5.730604733352173e-06,0.21841916285868745,0.004026171015178296,0.0,0.0,0.0,0.0,0.0,0.0,0.0,0.0,0.0,0.0,0.0018064002226842197,0.00029175416344815006,1.8690338948534168e-09
3.0,3,2,417760.1219422002,250971.8746845214,418793.69165709324,3097.054627060229,0.21683045203971582,5.73060473335504e-06,0.2181740926690768,0.004026171015178298,0.0,0.0,0.0,0.0,0.0,0.0,0.0,0.0,0.0,0.0,0.002137023901005458,0.00029175416344815,3.537794165375747e-09
3.0,3,3,417656.6441534526,250868.3968957736,418552.2434833483,3097.0546270602426,0.21683045203971607,5.73060473335262e-06,0.2179947311685804,0.0040261710151783155,0.0,0.0,0.0,0.0,0.0,0.0,0.0,0.0,0.0,0.0,0.0024676475793266963,0.00029175416344815006,2.5532088118663014e-09
3.0,3,4,421220.2446590838,254433.7360461263,426869.3397486631,3388.711858753716,0.21682932192064697,6.860723802260716e-06,0.22417314553710005,0.004405325416379831,0.0,0.0,0.0,0.0,0.0,0.0,0.0,0.0,0.0,0.0,0.0018168242383454281,0.0012599999999999998,3.007710951153875e-09
3.0,3,5,420566.5264057522,253780.0177927948,425343.99715755624,3388.7118587537148,0.2168293219206469,6.860723802260712e-06,0.22304003389799215,0.004405325416379829,0.0,0.0,0.0,0.0,0.0,0.0,0.0,0.0,0.0,0.0,0.0021474479166666664,0.00126,5.688081415622638e-09
3.0,3,6,420087.7147034243,253301.206090467,424226.76985212474,3388.7118587537125,0.21682932192064686,6.860723802260342e-06,0.22221009361395733,0.0044053254163798254,0.0,0.0,0.0,0.0,0.0,0.0,0.0,0.0,0.0,0.0,0.002478071594987905,0.0012599999999999998,4.102390818374471e-09
3.0,3,7,424815.7522714338,258031.13866058367,435261.06834660476,3680.370079946705,0.21682809016927732,8.092475172115217e-06,0.23040700106699952,0.004784481103930717,0.0,0.0,0.0,0.0,0.0,0.0,0.0,0.0,0.0,0.0,0.0018281857540066362,0.0022282458365518497,1.891574800211854e-09
3.0,3,8,423609.80191799696,256825.188307147,432447.1841885861,3680.370079946682,0.216828090169277,8.092475172115375e-06,0.22831668712104292,0.004784481103930686,0.0,0.0,0.0,0.0,0.0,0.0,0.0,0.0,0.0,0.0,0.0021588094323278747,0.0022282458365518497,3.5738596139492514e-09
3.0,3,9,422725.771433776,255941.15782292618,430384.4463920708,3680.370079946652,0.21682809016927695,8.0924751721158e-06,0.22678436761506018,0.004784481103930647,0.0,0.0,0.0,0.0,0.0,0.0,0.0,0.0,0.0,0.0,0.002489433110649113,0.0022282458365518497,2.5757497172247415e-09
3.0,4,1,417608.2690908442,250820.02183316497,418439.3683372612,3097.0546270602226,0.21683045203971635,5.730604733352585e-06,0.21791088106005851,0.0040261710151782894,0.0,0.0,0.0,0.0,0.0,0.0,0.0,0.0,0.0,0.0,0.0026600668893508868,0.00029175416344815006,2.7522999146813293e-09
3.0,4,2,417539.69271985744,250751.44546217844,418279.35680495953,3097.0546270602467,0.21683045203971604,5.730604733354942e-06,0.21779201535034884,0.004026171015178321,0.0,0.0,0.0,0.0,0.0,0.0,0.0,0.0,0.0,0.0,0.0029906905676721253,0.00029175416344815,4.951019797100389e-09
3.0,4,3,417484.7752362883,250696.52797860946,418151.2160099653,3097.0546270601585,0.21683045203971596,5.730604733353772e-06,0.21769682504549598,0.004026171015178206,0.0,0.0,0.0,0.0,0.0,0.0,0.0,0.0,0.0,0.0,0.003321314245993364,0.00029175416344815006,3.4364748316942032e-09
3.0,4,4,419863.7666874266,253077.25807446887,423704.22448146204,3388.7118587536984,0.21682932192064736,6.860723802260826e-06,0.22182191705289345,0.004405325416379808,0.0,0.0,0.0,0.0,0.0,0.0,0.0,0.0,0.0,0.0,0.002670490905012095,0.0012599999999999998,4.42093658287852e-09
3.0,4,5,419546.18133517104,252759.6727222135,422963.1919928664,3388.711858753707,0.2168293219206471,6.860723802260693e-06,0.22127143577565106,0.004405325416379819,0.0,0.0,0.0,0.0,0.0,0.0,0.0,0.0,0.0,0.0,0.003001114583333333,0.00126,7.949242426382047e-09
3.0,4,6,419291.7527673574,252505.2441544001,422369.5253346354,3388.711858753711,0.21682932192064677,6.8607238022603355e-06,0.22083042625810817,0.004405325416379825,0.0,0.0,0.0,0.0,0.0,0.0,0.0,0.0,0.0,0.0,0.0033317382616545725,0.0012599999999999998,5.515616450099104e-09
3.0,4,7,422312.08103541454,255527.46742456473,429419.1687958942,3680.3700799467065,0.2168280901692769,8.092475172114526e-06,0.2260673042579004,0.004784481103930718,0.0,0.0,0.0,0.0,0.0,0.0,0.0,0.0,0.0,0.0,0.0026818524206733032,0.0022282458365518497,2.774840820039765e-09
3.0,4,8,421725.182960095,254940.56934924494,428049.739953481,3680.3700799466433,0.21682809016927723,8.092475172115512e-06,0.22505001426067905,0.004784481103930637,0.0,0.0,0.0,0.0,0.0,0.0,0.0,0.0,0.0,0.0,0.0030124760989945418,0.0022282458365518497,4.987085245673889e-09
3.0,4,9,421254.7996314678,254470.18602061784,426952.1788533512,3680.3700799466505,0.21682809016927712,8.092475172115713e-06,0.22423468315772555,0.0047844811039306455,0.0,0.0,0.0,0.0,0.0,0.0,0.0,0.0,0.0,0.0,0.00334309977731578,0.0022282458365518497,3.4590157370526384e-09
3.0,5,1,417457.5734710435,250669.3262133645,418087.7452243937,3097.0546270602536,0.21683045203971607,5.730604733352194e-06,0.21764967531907126,0.004026171015178329,0.0,0.0,0.0,0.0,0.0,0.0,0.0,0.0,0.0,0.0,0.003513733556017553,0.00029175416344815006,3.635565934509229e-09
3.0,5,2,417417.1956207559,250628.94836307724,417993.53024039033,3097.0546270602467,0.21683045203971568,5.730604733354964e-06,0.2175796870452404,0.004026171015178321,0.0,0.0,0.0,0.0,0.0,0.0,0.0,0.0,0.0,0.0,0.003844357234338792,0.00029175416344815,6.364245428825032e-09
3.0,5,3,417383.2151377183,250594.96788003965,417914.24244663597,3097.054627060204,0.21683045203971565,5.730604733353166e-06,0.2175207875413086,0.004026171015178265,0.0,0.0,0.0,0.0,0.0,0.0,0.0,0.0,0.0,0.0,0.00417498091266003,0.00029175416344815006,4.3197408515221175e-09
3.0,5,4,419165.69636299566,252379.18775003802,422075.39372445684,3388.7118587537075,0.21682932192064722,6.8607238022607e-06,0.22061192849054678,0.004405325416379819,0.0,0.0,0.0,0.0,0.0,0.0,0.0,0.0,0.0,0.0,0.003524157571678762,0.0012599999999999998,5.834162214603162e-09
3.0,5,5,418978.5403937439,252192.0317807867,421638.69646287075,3388.7118587537097,0.21682932192064672,6.860723802260682e-06,0.22028752481051161,0.004405325416379822,0.0,0.0,0.0,0.0,0.0,0.0,0.0,0.0,0.0,0.0,0.0038547812500000006,0.00126,1.0210403437141465e-08
3.0,5,6,418820.9999713293,252034.49135837256,421271.10214390495,3388.7118587537125,0.21682932192064608,6.860723802260309e-06,0.22001445474499443,0.004405325416379826,0.0,0.0,0.0,0.0,0.0,0.0,0.0,0.0,0.0,0.0,0.0041854049283212395,0.0012599999999999998,6.928842081823759e-09
3.0,5,7,421021.6830004686,254237.06938961882,426408.240047687,3680.370079946648,0.21682809016927684,8.092475172115442e-06,0.22383061433066084,0.004784481103930643,0.0,0.0,0.0,0.0,0.0,0.0,0.0,0.0,0.0,0.0,0.0035355190873399694,0.0022282458365518497,3.658106839867666e-09
3.0,5,8,420675.494438199,253890.88082734914,425600.46673572436,3680.3700799466815,0.21682809016927698,8.092475172114943e-06,0.22323055415605994,0.004784481103930685,0.0,0.0,0.0,0.0,0.0,0.0,0.0,0.0,0.0,0.0,0.0038661427656612084,0.0022282458365518497,6.400310877398537e-09
3.0,5,9,420384.0123587146,253599.39874786427,424920.34188359254,3680.3700799465705,0.2168280901692776,8.092475172116967e-06,0.22272531855161892,0.004784481103930541,0.0,0.0,0.0,0.0,0.0,0.0,0.0,0.0,0.0,0.0,0.0041967664439824465,0.0022282458365518497,4.342281756880555e-09
3.0,6,1,417365.8080684142,250577.56081073475,417873.6259515905,3097.054627060191,0.21683045203971665,5.730604733352714e-06,0.21749061528784583,0.004026171015178248,0.0,0.0,0.0,0.0,0.0,0.0,0.0,0.0,0.0,0.0,0.0043674002226842205,0.00029175416344815006,4.518831954337134e-09
3.0,6,2,417339.229371748,250550.98211406925,417811.60899270495,3097.05462706014,0.2168304520397158,5.7306047333553404e-06,0.21744454554695977,0.004026171015178182,0.0,0.0,0.0,0.0,0.0,0.0,0.0,0.0,0.0,0.0,0.0046980239010054594,0.00029175416344815,7.777471060549676e-09
3.0,6,3,417316.1466622362,250527.89940455795,417757.749337179,3097.0546270602135,0.21683045203971518,5.730604733351515e-06,0.21740453551714078,0.004026171015178277,0.0,0.0,0.0,0.0,0.0,0.0,0.0,0.0,0.0,0.0,0.005028647579326697,0.00029175416344815006,5.203006871350022e-09
3.0,6,4,418740.28416490665,251953.7755519491,421082.7652622495,3388.7118587537043,0.2168293219206471,6.860723802260704e-06,0.2198745473471928,0.004405325416379816,0.0,0.0,0.0,0.0,0.0,0.0,0.0,0.0,0.0,0.0,0.004377824238345429,0.0012599999999999998,7.247387846327811e-09
3.0,6,5,418617.0228088361,251830.51419587876,420795.15543141897,3388.711858753709,0.21682932192064677,6.860723802260693e-06,0.21966089433000452,0.004405325416379821,0.0,0.0,0.0,0.0,0.0,0.0,0.0,0.0,0.0,0.0,0.004708447916666667,0.00126,1.2471564447900867e-08
3.0,6,6,418509.95765026216,251723.44903730502,420545.33672808035,3388.7118587537207,0.21682932192064658,6.860723802260505e-06,0.2194753147218102,0.004405325416379837,0.0,0.0,0.0,0.0,0.0,0.0,0.0,0.0,0.0,0.0,0.005039071594987905,0.0012599999999999998,8.342067713548383e-09
3.0,6,7,420234.6452233469,253450.03161249636,424571.8185677339,3680.3700799466196,0.21682809016927787,8.09247517211607e-06,0.22246641551698096,0.004784481103930606,0.0,0.0,0.0,0.0,0.0,0.0,0.0,0.0,0.0,0.0,0.004389185754006637,0.0022282458365518497,4.5413728596955664e-09
3.0,6,8,420006.511758614,253221.89814776398,424039.5071500255,3680.370079946671,0.21682809016927715,8.09247517211634e-06,0.22207098417811216,0.0047844811039306715,0.0,0.0,0.0,0.0,0.0,0.0,0.0,0.0,0.0,0.0,0.004719809432327876,0.0022282458365518497,7.81353650912318e-09
3.0,6,9,419808.3205934303,253023.7069825807,423577.0610979316,3680.3700799468043,0.21682809016927665,8.09247517211582e-06,0.22172745282512832,0.004784481103930846,0.0,0.0,0.0,0.0,0.0,0.0,0.0,0.0,0.0,0.0,0.005050433110649113,0.0022282458365518497,5.225547776708471e-09
3.0,7,1,580129.6078773099,413346.169114721,797661.4354166206,3850.1124157920876,0.21682732651790737,8.856126541893778e-06,0.4996187023190114,0.005005146140529713,0.0,0.0,0.0,0.0,0.0,0.0,0.0,0.0,0.0,0.0,0.000127896274759507,0.0027917541634481496,1.3233084758802742e-10
3.0,7,2,458281.7731188215,291498.33435623266,513349.82098014763,3850.112415792093,0.2168273265179074,8.85612654189644e-06,0.28841578873763146,0.005005146140529721,0.0,0.0,0.0,0.0,0.0,0.0,0.0,0.0,0.0,0.0,0.0004585199530807455,0.0027917541634481496,7.590692897511388e-10
3.0,7,3,440625.7463857401,273842.3076231512,472152.4252696242,3850.1124157920876,0.21682732651790745,8.856126541894132e-06,0.2578120090669569,0.005005146140529714,0.0,0.0,0.0,0.0,0.0,0.0,0.0,0.0,0.0,0.0,0.0007891436314019837,0.00279175416344815,8.165057646009025e-10
3.0,7,4,633832.5917608645,467051.29535050236,922970.8972225125,4141.77237627494,0.21682593398895994,1.0248655489319496e-05,0.5927057310891025,0.005384304089157422,0.0,0.0,0.0,0.0,0.0,0.0,0.0,0.0,0.0,0.0,0.000140740905012095,0.00376,2.3299334759298985e-10
3.0,7,5,474190.6657060874,307409.36929572537,550473.0697613661,4141.772376274943,0.21682593398896,1.0248655489319505e-05,0.3159930592608223,0.005384304089157424,0.0,0.0,0.0,0.0,0.0,0.0,0.0,0.0,0.0,0.0,0.00047136458333333335,0.0037599999999999995,1.24853324992525e-09
3.0,7,6,449933.8069182505,283152.51050788845,493873.73258974653,4141.772376274939,0.21682593398896005,1.0248655489319135e-05,0.27394783736190487,0.0053843040891574205,0.0,0.0,0.0,0.0,0.0,0.0,0.0,0.0,0.0,0.0,0.0008019882616545718,0.00376,1.3276732148135835e-09
3.0,7,7,685335.8278918988,518556.8301838202,1043147.7966809232,4433.433546119799,0.21682443983247573,1.1742811973578142e-05,0.6819799992582076,0.0057634636099557395,0.0,0.0,0.0,0.0,0.0,0.0,0.0,0.0,0.0,0.0,0.00015452303526468288,0.0047282458365518485,1.5988084302611934e-10
3.0,7,8,490762.29007155896,323983.2923634804,589142.8751001304,4433.433546119801,0.2168244398324757,1.1742811973578088e-05,0.3447192003696187,0.0057634636099557395,0.0,0.0,0.0,0.0,0.0,0.0,0.0,0.0,0.0,0.0,0.00048514671358592136,0.004728245836551849,8.031492824520865e-10
3.0,7,9,459752.1853124411,292973.18760436255,516785.9639955222,4433.433546119797,0.21682443983247568,1.174281197357831e-05,0.2909683521204811,0.005763463609955737,0.0,0.0,0.0,0.0,0.0,0.0,0.0,0.0,0.0,0.0,0.0008157703919071596,0.0047282458365518485,8.440557600389947e-10
3.0,8,1,435915.5043327496,269132.0655701609,461161.86047931394,3850.112415792089,0.2168273265179071,8.856126541893766e-06,0.24964758950844082,0.005005146140529715,0.0,0.0,0.0,0.0,0.0,0.0,0.0,0.0,0.0,0.0,0.0009815629414261736,0.0027917541634481496,1.015596867415934e-09
3.0,8,2,431087.62189947616,264304.18313688727,449896.8014683418,3850.112415792114,0.2168273265179074,8.856126541896046e-06,0.24127925995743282,0.005005146140529749,0.0,0.0,0.0,0.0,0.0,0.0,0.0,0.0,0.0,0.0,0.0013121866197474122,0.0027917541634481496,2.1722949214757797e-09
3.0,8,3,428221.9332417042,261438.49447911527,443210.19460020703,3850.1124157921013,0.2168273265179075,8.85612654189393e-06,0.23631206628396123,0.005005146140529731,0.0,0.0,0.0,0.0,0.0,0.0,0.0,0.0,0.0,0.0,0.0016428102980686507,0.00279175416344815,1.6997717844288082e-09
3.0,8,4,443412.09479391045,276630.7983835485,478656.4042996202,4141.772376274939,0.21682593398895988,1.0248655489319491e-05,0.2626435363463825,0.0053843040891574205,0.0,0.0,0.0,0.0,0.0,0.0,0.0,0.0,0.0,0.0,0.0009944075716787615,0.00376,1.6462189793176313e-09
3.0,8,5,436705.2110729383,269923.9146625762,463007.00895068474,4141.772376274943,0.21682593398895994,1.0248655489319506e-05,0.25101827123003045,0.005384304089157425,0.0,0.0,0.0,0.0,0.0,0.0,0.0,0.0,0.0,0.0,0.0013250312500000003,0.0037599999999999995,3.5096942606846616e-09
3.0,8,6,432713.4847996016,265932.1883892396,453692.98097956605,4141.772376274944,0.21682593398895986,1.0248655489319146e-05,0.24409927902291376,0.005384304089157427,0.0,0.0,0.0,0.0,0.0,0.0,0.0,0.0,0.0,0.0,0.0016556549283212383,0.00376,2.740898846538223e-09
3.0,8,7,451346.4455932237,284567.4478851453,497172.5713173489,4433.433546119797,0.21682443983247537,1.1742811973578123e-05,0.27639840327383824,0.005763463609955736,0.0,0.0,0.0,0.0,0.0,0.0,0.0,0.0,0.0,0.0,0.0010081897019313495,0.0047282458365518485,1.0431468628540268e-09
3.0,8,8,442671.5295657868,275892.5318577082,476931.10058666195,4433.43354611978,0.21682443983247576,1.1742811973578516e-05,0.2613618821596135,0.0057634636099557135,0.0,0.0,0.0,0.0,0.0,0.0,0.0,0.0,0.0,0.0,0.0013388133802525878,0.004728245836551849,2.216374914176729e-09
3.0,8,9,437493.73842174234,270714.7407136636,464849.5879172244,4433.433546119798,0.21682443983247593,1.1742811973578428e-05,0.2523870441766027,0.005763463609955738,0.0,0.0,0.0,0.0,0.0,0.0,0.0,0.0,0.0,0.0,0.001669437058573826,0.0047282458365518485,1.7273217798669015e-09
3.0,9,1,427033.59844155307,260250.1596789641,440437.41339985427,3850.112415792116,0.21682732651790756,8.8561265418933e-06,0.23425228596369915,0.00500514614052975,0.0,0.0,0.0,0.0,0.0,0.0,0.0,0.0,0.0,0.0,0.0018352296080928403,0.0027917541634481496,1.8988628872438392e-09
3.0,9,2,425488.47784526297,258705.03908267425,436832.1320085116,3850.1124157921035,0.2168273265179072,8.856126541896137e-06,0.23157407693013046,0.005005146140529734,0.0,0.0,0.0,0.0,0.0,0.0,0.0,0.0,0.0,0.0,0.0021658532864140784,0.0027917541634481496,3.58552055320042e-09
3.0,9,3,424355.2306056008,257571.79184301198,434187.8884492995,3850.11241579212,0.21682732651790737,8.856126541893727e-06,0.2296097817147157,0.0050051461405297565,0.0,0.0,0.0,0.0,0.0,0.0,0.0,0.0,0.0,0.0,0.002496476964735317,0.00279175416344815,2.58303780425672e-09
3.0,9,4,431055.8590234672,264274.5626131053,449825.1875019192,4141.772376274939,0.21682593398895983,1.024865548931949e-05,0.24122606101094754,0.005384304089157422,0.0,0.0,0.0,0.0,0.0,0.0,0.0,0.0,0.0,0.0,0.0018480742383454281,0.00376,3.059444611042273e-09
3.0,9,5,428898.4838719707,262117.18746160867,444791.31214842724,4141.772376274942,0.21682593398895986,1.02486554893195e-05,0.23748661074835348,0.005384304089157425,0.0,0.0,0.0,0.0,0.0,0.0,0.0,0.0,0.0,0.0,0.0021786979166666665,0.0037599999999999995,5.770855271444072e-09
3.0,9,6,427314.7020104635,260533.40560010157,441095.82113824395,4141.772376274952,0.21682593398895986,1.0248655489319186e-05,0.23474138885507445,0.005384304089157438,0.0,0.0,0.0,0.0,0.0,0.0,0.0,0.0,0.0,0.0,0.002509321594987905,0.00376,4.154124478262868e-09
3.0,9,7,435340.3350424568,268561.3373343783,459824.98003222543,4433.433546119801,0.21682443983247573,1.1742811973578176e-05,0.24865447831917492,0.005763463609955741,0.0,0.0,0.0,0.0,0.0,0.0,0.0,0.0,0.0,0.0,0.001861856368598016,0.0047282458365518485,1.926412882681931e-09
3.0,9,8,432534.8540002219,265755.85629214346,453278.8576003444,4433.433546119791,0.21682443983247554,1.1742811973578428e-05,0.2437916445126348,0.005763463609955728,0.0,0.0,0.0,0.0,0.0,0.0,0.0,0.0,0.0,0.0,0.002192480046919254,0.004728245836551849,3.6296005459013723e-09
3.0,9,9,430473.2207210589,263694.2230129803,448468.3799489636,4433.433546119783,0.21682443983247573,1.1742811973579001e-05,0.24021814682875184,0.005763463609955719,0.0,0.0,0.0,0.0,0.0,0.0,0.0,0.0,0.0,0.0,0.0025231037252404927,0.0047282458365518485,2.6105877996948174e-09
3.0,10,1,423824.74661654036,257041.3078539511,432950.0924748237,3850.112415792103,0.21682732651790787,8.856126541893781e-06,0.22869027613367632,0.005005146140529734,0.0,0.0,0.0,0.0,0.0,0.0,0.0,0.0,0.0,0.0,0.0026888962747595073,0.0027917541634481496,2.7821289070717497e-09
3.0,10,2,423071.9684143587,256288.5296517698,431193.61000306753,3850.1124157921286,0.2168273265179075,8.856126541896056e-06,0.227385460583229,0.005005146140529767,0.0,0.0,0.0,0.0,0.0,0.0,0.0,0.0,0.0,0.0,0.003019519953080746,0.0027917541634481496,4.9987461849250585e-09
3.0,10,3,422468.47868301976,255685.03992043092,429785.46729661024,3850.1124157920403,0.21682732651790743,8.856126541895177e-06,0.22633941171557512,0.005005146140529652,0.0,0.0,0.0,0.0,0.0,0.0,0.0,0.0,0.0,0.0,0.003350143631401983,0.00279175416344815,3.466303824084621e-09
3.0,10,4,426572.88611265,259791.5897022877,439364.9173766778,4141.772376274945,0.21682593398896036,1.0248655489319738e-05,0.23345557463219654,0.005384304089157428,0.0,0.0,0.0,0.0,0.0,0.0,0.0,0.0,0.0,0.0,0.002701740905012095,0.00376,4.472670242766918e-09
3.0,10,5,425519.74583646003,258738.44942609785,436907.5900655685,4141.772376274954,0.2168259339889601,1.0248655489319576e-05,0.23163013148680114,0.00538430408915744,0.0,0.0,0.0,0.0,0.0,0.0,0.0,0.0,0.0,0.0,0.003032364583333333,0.0037599999999999995,8.032016282203481e-09
3.0,10,6,424675.0593289734,257893.76291861155,434936.65488143405,4141.772376274957,0.21682593398895975,1.0248655489319208e-05,0.23016600820715857,0.005384304089157445,0.0,0.0,0.0,0.0,0.0,0.0,0.0,0.0,0.0,0.0,0.0033629882616545716,0.00376,5.567350109987499e-09
3.0,10,7,429506.9867174367,262727.98900935834,446213.8339405126,4433.43354611985,0.21682443983247543,1.1742811973577593e-05,0.23854334122247411,0.0057634636099558045,0.0,0.0,0.0,0.0,0.0,0.0,0.0,0.0,0.0,0.0,0.0027155230352646827,0.0047282458365518485,2.8096789025098424e-09
3.0,10,8,428134.5858962999,261355.58818822127,443011.5653578591,4433.433546119784,0.2168244398324758,1.1742811973578776e-05,0.23616451313250275,0.0057634636099557195,0.0,0.0,0.0,0.0,0.0,0.0,0.0,0.0,0.0,0.0,0.0030461467135859213,0.004728245836551849,5.0428261776260136e-09
3.0,10,9,427033.2726306795,260254.2749226009,440441.8344047449,4433.433546119793,0.2168244398324757,1.1742811973578964e-05,0.23425557013876086,0.005763463609955732,0.0,0.0,0.0,0.0,0.0,0.0,0.0,0.0,0.0,0.0,0.003376770391907159,0.0047282458365518485,3.4938538195227093e-09
3.0,11,1,422169.3439609922,255385.90519840317,429087.48627854546,3850.112415792133,0.21682732651790756,8.856126541893288e-06,0.2258209115307269,0.005005146140529773,0.0,0.0,0.0,0.0,0.0,0.0,0.0,0.0,0.0,0.0,0.003542562941426174,0.0027917541634481496,3.6653949268996494e-09
3.0,11,2,421725.0519053842,254941.61314279557,428050.8048154614,3850.1124157921276,0.21682732651790715,8.856126541896076e-06,0.2250508053010075,0.005005146140529765,0.0,0.0,0.0,0.0,0.0,0.0,0.0,0.0,0.0,0.0,0.003873186619747412,0.0027917541634481496,6.4119718166497005e-09
3.0,11,3,421350.9101036292,254567.47134104065,427177.8072780333,3850.1124157920867,0.21682732651790707,8.85612654189442e-06,0.22440229284463234,0.005005146140529712,0.0,0.0,0.0,0.0,0.0,0.0,0.0,0.0,0.0,0.0,0.00420381029806865,0.00279175416344815,4.349569843912534e-09
3.0,11,4,424256.23688726,257474.9404768978,433959.4025174349,4141.772376274954,0.21682593398896022,1.0248655489319583e-05,0.22944004930818757,0.00538430408915744,0.0,0.0,0.0,0.0,0.0,0.0,0.0,0.0,0.0,0.0,0.0035554075716787616,0.00376,5.885895874491559e-09
3.0,11,5,423634.0155639722,256852.71915361035,432507.55276309786,4141.7723762749565,0.21682593398895972,1.0248655489319557e-05,0.22836153234782314,0.005384304089157443,0.0,0.0,0.0,0.0,0.0,0.0,0.0,0.0,0.0,0.0,0.0038860312499999997,0.0037599999999999995,1.0293177292962898e-08
3.0,11,6,423109.8877116322,256328.59130127082,431284.5877743062,4141.772376274963,0.21682593398895905,1.0248655489319176e-05,0.22745304407043535,0.00538430408915745,0.0,0.0,0.0,0.0,0.0,0.0,0.0,0.0,0.0,0.0,0.004216654928321239,0.00376,6.980575741712152e-09
3.0,11,7,426487.0217724696,259708.02406439133,439167.2490689228,4433.433546119792,0.21682443983247537,1.1742811973578698e-05,0.23330873531786459,0.005763463609955729,0.0,0.0,0.0,0.0,0.0,0.0,0.0,0.0,0.0,0.0,0.0035691897019313494,0.0047282458365518485,3.6929449223377446e-09
3.0,11,8,425675.26089606143,258896.26318798302,437273.1403573033,4433.433546119822,0.2168244398324755,1.174281197357808e-05,0.23190168313209006,0.005763463609955768,0.0,0.0,0.0,0.0,0.0,0.0,0.0,0.0,0.0,0.0,0.0038998133802525883,0.004728245836551849,6.4560518093506606e-09
3.0,11,9,424991.2645787111,258212.2668706323,435677.14895015117,4433.433546119713,0.2168244398324761,1.1742811973580477e-05,0.2307160895153482,0.005763463609955628,0.0,0.0,0.0,0.0,0.0,0.0,0.0,0.0,0.0,0.0,0.004230437058573826,0.0047282458365518485,4.377119839350629e-09
3.0,12,1,421159.1638820601,254375.72511947062,426730.3994277023,3850.112415792097,0.21682732651790823,8.856126541894066e-06,0.22406993272724313,0.005005146140529726,0.0,0.0,0.0,0.0,0.0,0.0,0.0,0.0,0.0,0.0,0.00439622960809284,0.0027917541634481496,4.548660946727552e-09
3.0,12,2,420866.27604235307,254082.83727976406,426046.99446838745,3850.112415792096,0.21682732651790762,8.856126541896893e-06,0.22356226047175237,0.005005146140529725,0.0,0.0,0.0,0.0,0.0,0.0,0.0,0.0,0.0,0.0,0.0047268532864140796,0.0027917541634481496,7.825197448374345e-09
3.0,12,3,420611.80259826826,253828.36383567954,425453.22309885715,3850.112415792182,0.2168273265179073,8.856126541892763e-06,0.22312117316867286,0.005005146140529837,0.0,0.0,0.0,0.0,0.0,0.0,0.0,0.0,0.0,0.0,0.005057476964735317,0.00279175416344815,5.2328358637404454e-09
3.0,12,4,422841.22089750273,256059.9244871402,430657.6985413335,4141.772376274957,0.21682593398896063,1.0248655489319625e-05,0.22698735492594063,0.005384304089157445,0.0,0.0,0.0,0.0,0.0,0.0,0.0,0.0,0.0,0.0,0.004409074238345428,0.00376,7.299121506216214e-09
3.0,12,5,422430.76888697455,255649.47247661243,429699.97718343575,4141.772376274955,0.21682593398896013,1.024865548931957e-05,0.2262759047743597,0.0053843040891574405,0.0,0.0,0.0,0.0,0.0,0.0,0.0,0.0,0.0,0.0,0.004739697916666667,0.0037599999999999995,1.2554338303722308e-08
3.0,12,6,422074.0821889954,255292.7857786335,428867.70822148514,4141.772376274915,0.21682593398895977,1.0248655489319154e-05,0.22565764783119652,0.005384304089157389,0.0,0.0,0.0,0.0,0.0,0.0,0.0,0.0,0.0,0.0,0.0050703215949879045,0.00376,8.393801373436779e-09
3.0,12,7,424640.57509078155,257861.57738270206,434858.87347831344,4433.433546119751,0.2168244398324769,1.1742811973579406e-05,0.23010822773626838,0.005763463609955676,0.0,0.0,0.0,0.0,0.0,0.0,0.0,0.0,0.0,0.0,0.004422856368598016,0.0047282458365518485,4.576210942165648e-09
3.0,12,8,424104.7166234102,257325.71891533185,433608.5370544507,4433.433546119735,0.21682443983247543,1.1742811973579369e-05,0.22917940639282813,0.005763463609955657,0.0,0.0,0.0,0.0,0.0,0.0,0.0,0.0,0.0,0.0,0.004753480046919254,0.004728245836551849,7.8692774410753e-09
3.0,12,9,423638.95483412937,256859.95712605186,432521.7595461316,4433.433546119754,0.21682443983247432,1.1742811973578049e-05,0.22837208595807723,0.0057634636099556805,0.0,0.0,0.0,0.0,0.0,0.0,0.0,0.0,0.0,0.0,0.005084103725240492,0.0047282458365518485,5.260385859178539e-09
3.0,13,1,714213.1025400332,547435.5146256371,1110529.7489525331,4603.1776992592695,0.21682352346658204,1.2659177867232912e-05,0.7320351638028322,0.005984131009037051,0.0,0.0,0.0,0.0,0.0,0.0,0.0,0.0,0.0,0.0,0.0001629756601681274,0.005291754163448149,1.6862654746449895e-10
3.0,13,2,500680.1871984652,333902.5992840692,612286.279822208,4603.177699259268,0.216823523466582,1.2659177867235528e-05,0.3619114438774478,0.005984131009037048,0.0,0.0,0.0,0.0,0.0,0.0,0.0,0.0,0.0,0.0,0.0004935993384893658,0.005291754163448149,8.171424095534942e-10
3.0,13,3,465689.1681755715,298911.5802611755,530640.5687687894,4603.177699259279,0.21682352346658199,1.265917786723332e-05,0.3012603442377654,0.005984131009037063,0.0,0.0,0.0,0.0,0.0,0.0,0.0,0.0,0.0,0.0,0.0008242230168106041,0.00529175416344815,8.528014644773741e-10
3.0,13,4,761857.7609219099,595082.7190471624,1221703.5888898359,4894.840956202128,0.2168218685408105,1.4314103638739631e-05,0.8146214448991141,0.006363293243062765,0.0,0.0,0.0,0.0,0.0,0.0,0.0,0.0,0.0,0.0,0.00017824090501209497,0.006259999999999999,2.950737394590664e-10
3.0,13,5,518137.63082215126,351362.58894740377,653023.2853237322,4894.840956202123,0.2168218685408105,1.4314103638739604e-05,0.3921732193928657,0.00636329324306276,0.0,0.0,0.0,0.0,0.0,0.0,0.0,0.0,0.0,0.0,0.0005088645833333334,0.00626,1.3478618769109718e-09
3.0,13,6,476251.9586497784,309476.9167750309,555290.050254862,4894.8409562021225,0.2168218685408105,1.4314103638739244e-05,0.3195713876274193,0.006363293243062759,0.0,0.0,0.0,0.0,0.0,0.0,0.0,0.0,0.0,0.0,0.0008394882616545717,0.006259999999999999,1.3897536066796596e-09
3.0,13,7,806953.2138665217,640180.8743726844,1326929.4652049916,5186.505642353759,0.21682011199321896,1.6070651230327328e-05,0.8927892387332299,0.006742457335059886,0.0,0.0,0.0,0.0,0.0,0.0,0.0,0.0,0.0,0.0,0.0001944436498560625,0.007228245836551848,2.0118563298224404e-10
3.0,13,8,536054.6096968587,369282.27020302135,694832.7221424448,5186.505642353777,0.21682011199321888,1.6070651230327375e-05,0.42323165817248076,0.00674245733505991,0.0,0.0,0.0,0.0,0.0,0.0,0.0,0.0,0.0,0.0,0.0005250673281773009,0.007228245836551849,8.692369463818831e-10
3.0,13,9,487244.7213914879,320472.38189765066,580942.9827632465,5186.505642353763,0.21682011199321877,1.6070651230327504e-05,0.338627851776505,0.006742457335059891,0.0,0.0,0.0,0.0,0.0,0.0,0.0,0.0,0.0,0.0,0.0008556910064985391,0.00722824583655185,8.853605499951192e-10
3.0,14,1,456157.5805013314,289379.9925869356,508400.19752889645,4603.177699259285,0.21682352346658182,1.2659177867232975e-05,0.28473892560241637,0.00598413100903707,0.0,0.0,0.0,0.0,0.0,0.0,0.0,0.0,0.0,0.0,0.001016642326834794,0.005291754163448149,1.0518925672924046e-09
3.0,14,2,446299.7240848866,279522.1361704906,485398.5325571912,4603.1776992592895,0.21682352346658207,1.265917786723506e-05,0.2676519744805781,0.005984131009037077,0.0,0.0,0.0,0.0,0.0,0.0,0.0,0.0,0.0,0.0,0.0013472660051560325,0.005291754163448149,2.230368041278137e-09
3.0,14,3,440405.6591040415,273628.07118964544,471645.71426855255,4603.1776992592895,0.21682352346658212,1.2659177867233068e-05,0.2574355951804465,0.005984131009037077,0.0,0.0,0.0,0.0,0.0,0.0,0.0,0.0,0.0,0.0,0.0016778896834772706,0.00529175416344815,1.7360674843052796e-09
3.0,14,4,464742.37649759045,297967.334622843,528434.3585664238,4894.840956202121,0.21682186854081043,1.4314103638739587e-05,0.29962144523029377,0.006363293243062756,0.0,0.0,0.0,0.0,0.0,0.0,0.0,0.0,0.0,0.0,0.0010319075716787617,0.006259999999999999,1.7082993711837086e-09
3.0,14,5,452793.3481175142,286018.3062427668,500553.29234624584,4894.840956202118,0.21682186854081048,1.4314103638739576e-05,0.2789097960381616,0.006363293243062753,0.0,0.0,0.0,0.0,0.0,0.0,0.0,0.0,0.0,0.0,0.00136253125,0.00626,3.609022887670382e-09
3.0,14,6,445626.7635754893,278851.72170074185,483831.26174818777,4894.8409562021225,0.21682186854081043,1.4314103638739221e-05,0.26648771616531847,0.006363293243062758,0.0,0.0,0.0,0.0,0.0,0.0,0.0,0.0,0.0,0.0,0.0016931549283212386,0.006259999999999999,2.8029792384042996e-09
3.0,14,7,473710.86503540573,306938.52554156864,549363.9845990553,5186.505642353747,0.21682011199321854,1.6070651230327247e-05,0.315169167425963,0.006742457335059872,0.0,0.0,0.0,0.0,0.0,0.0,0.0,0.0,0.0,0.0,0.0010481103165227291,0.007228245836551848,1.084451652810152e-09
3.0,14,8,459604.1943557147,292831.8548618774,516448.41967977537,5186.505642353743,0.21682011199321896,1.6070651230327792e-05,0.2907176049144977,0.006742457335059866,0.0,0.0,0.0,0.0,0.0,0.0,0.0,0.0,0.0,0.0,0.0013787339948439677,0.007228245836551849,2.2824625781065223e-09
3.0,14,9,451115.985405252,284343.6459114145,496642.59879536193,5186.505642353755,0.21682011199321913,1.6070651230327592e-05,0.276004709400362,0.006742457335059881,0.0,0.0,0.0,0.0,0.0,0.0,0.0,0.0,0.0,0.0,0.0017093576731652055,0.00722824583655185,1.768626569823026e-09
3.0,15,1,437952.1105629448,271174.52264854865,465920.76767265995,4603.177699259311,0.21682352346658215,1.2659177867232416e-05,0.253182777709212,0.005984131009037105,0.0,0.0,0.0,0.0,0.0,0.0,0.0,0.0,0.0,0.0,0.0018703089935014606,0.005291754163448149,1.935158587120308e-09
3.0,15,2,434753.60920945916,267976.0212950632,458457.59784786083,4603.17769925928,0.21682352346658193,1.2659177867235174e-05,0.24763870869650415,0.005984131009037065,0.0,0.0,0.0,0.0,0.0,0.0,0.0,0.0,0.0,0.0,0.002200932671822699,0.005291754163448149,3.6435936730027804e-09
3.0,15,3,432401.7266733876,265624.1387589914,452969.87193035963,4603.17769925927,0.21682352346658224,1.2659177867232609e-05,0.24356211230064598,0.005984131009037052,0.0,0.0,0.0,0.0,0.0,0.0,0.0,0.0,0.0,0.0,0.0025315563501439376,0.00529175416344815,2.6193335041331934e-09
3.0,15,4,442638.5834662691,275863.54159152164,476858.8414933407,4894.840956202126,0.21682186854081037,1.4314103638739611e-05,0.26130820397600346,0.006363293243062763,0.0,0.0,0.0,0.0,0.0,0.0,0.0,0.0,0.0,0.0,0.0018855742383454281,0.006259999999999999,3.1215250029083486e-09
3.0,15,5,438738.77682317933,271963.734948432,467759.29265946493,4894.840956202133,0.21682186854081031,1.4314103638739653e-05,0.25454853912798153,0.006363293243062773,0.0,0.0,0.0,0.0,0.0,0.0,0.0,0.0,0.0,0.0,0.0022161979166666667,0.00626,5.8701838984297925e-09
3.0,15,6,435868.074933229,269093.03305848176,461060.98824958113,4894.840956202128,0.21682186854081018,1.4314103638739257e-05,0.2495726558520679,0.006363293243062766,0.0,0.0,0.0,0.0,0.0,0.0,0.0,0.0,0.0,0.0,0.002546821594987905,0.006259999999999999,4.216204870128944e-09
3.0,15,7,447570.61513691524,280798.2756430777,488370.0681692426,5186.50564235375,0.21682011199321918,1.6070651230327308e-05,0.26985940093524474,0.006742457335059875,0.0,0.0,0.0,0.0,0.0,0.0,0.0,0.0,0.0,0.0,0.0019017769831893958,0.007228245836551848,1.9677176726380556e-09
3.0,15,8,442938.19668143266,276165.85718759545,477561.09177311766,5186.505642353781,0.21682011199321877,1.6070651230327853e-05,0.2618298756124093,0.006742457335059914,0.0,0.0,0.0,0.0,0.0,0.0,0.0,0.0,0.0,0.0,0.0022324006615106343,0.007228245836551849,3.6956882098311614e-09
3.0,15,9,439524.26961856184,272751.9301247248,469595.26195975306,5186.505642353773,0.21682011199321852,1.6070651230328456e-05,0.2559124020367671,0.006742457335059904,0.0,0.0,0.0,0.0,0.0,0.0,0.0,0.0,0.0,0.0,0.0025630243398318724,0.00722824583655185,2.6518925896509403e-09
3.0,16,1,431299.0417608365,264521.45384644007,450396.9404677397,4603.177699259239,0.21682352346658257,1.2659177867232672e-05,0.24165079178555676,0.005984131009037011,0.0,0.0,0.0,0.0,0.0,0.0,0.0,0.0,0.0,0.0,0.0027239756601681276,0.005291754163448149,2.81842460694822e-09
3.0,16,2,429732.371934817,262954.78402042086,446741.37754036183,4603.1776992592795,0.2168235234665822,1.2659177867234938e-05,0.23893523075379047,0.005984131009037063,0.0,0.0,0.0,0.0,0.0,0.0,0.0,0.0,0.0,0.0,0.0030545993384893657,0.005291754163448149,5.056819304727423e-09
3.0,16,3,428474.7730300791,261697.18511568307,443806.98009597376,4603.177699259208,0.2168235234665821,1.2659177867234435e-05,0.2367553926522451,0.005984131009036969,0.0,0.0,0.0,0.0,0.0,0.0,0.0,0.0,0.0,0.0,0.003385223016810604,0.00529175416344815,3.502599523961092e-09
3.0,16,4,434521.22178115055,267746.1799064027,457918.33089472936,4894.840956202109,0.216821868540811,1.4314103638739782e-05,0.24723811038846336,0.006363293243062741,0.0,0.0,0.0,0.0,0.0,0.0,0.0,0.0,0.0,0.0,0.002739240905012095,0.006259999999999999,4.5347506346329964e-09
3.0,16,5,432606.63361510134,265831.59174035373,453450.95850728184,4894.840956202117,0.2168218685408107,1.431410363873958e-05,0.24391949090064535,0.006363293243062752,0.0,0.0,0.0,0.0,0.0,0.0,0.0,0.0,0.0,0.0,0.0030698645833333337,0.00626,8.131344909189205e-09
3.0,16,6,431068.8951813717,264293.85330662434,449862.9021619136,4894.840956202122,0.21682186854081037,1.431410363873921e-05,0.24125407761551476,0.006363293243062757,0.0,0.0,0.0,0.0,0.0,0.0,0.0,0.0,0.0,0.0,0.003400488261654572,0.006259999999999999,5.6294305018535755e-09
3.0,16,7,437921.3974474204,271149.05795358313,465855.2268937557,5186.505642353819,0.2168201119932187,1.607065123032675e-05,0.2531340902734547,0.0067424573350599645,0.0,0.0,0.0,0.0,0.0,0.0,0.0,0.0,0.0,0.0,0.0027554436498560624,0.007228245836551848,2.8509836924659682e-09
3.0,16,8,435641.60260733473,268869.2631134973,460535.7056002217,5186.505642353747,0.21682011199321904,1.6070651230328094e-05,0.24918244588397215,0.006742457335059871,0.0,0.0,0.0,0.0,0.0,0.0,0.0,0.0,0.0,0.0,0.003086067328177301,0.007228245836551849,5.1089138415558e-09
3.0,16,9,433809.46186709317,267037.1223732559,456260.71053965867,5186.505642353739,0.2168201119932188,1.6070651230328148e-05,0.24600673526755398,0.00674245733505986,0.0,0.0,0.0,0.0,0.0,0.0,0.0,0.0,0.0,0.0,0.003416691006498539,0.00722824583655185,3.5351586094788363e-09
3.0,17,1,427850.87561837747,261073.2877039813,442351.21946866944,4603.177699259306,0.2168235234665822,1.2659177867232275e-05,0.23567397047196187,0.005984131009037098,0.0,0.0,0.0,0.0,0.0,0.0,0.0,0.0,0.0,0.0,0.0035776423268347934,0.005291754163448149,3.7016906267761173e-09
3.0,17,2,426923.5694015246,260145.98148712877,440187.5049626806,4603.177699259299,0.21682352346658176,1.2659177867235067e-05,0.23406663969608463,0.005984131009037088,0.0,0.0,0.0,0.0,0.0,0.0,0.0,0.0,0.0,0.0,0.003908266005156032,0.005291754163448149,6.470044936452065e-09
3.0,17,3,426142.0669679539,259364.4790535582,438363.9992843493,4603.1776992592595,0.21682352346658168,1.2659177867233563e-05,0.23271203547789568,0.005984131009037038,0.0,0.0,0.0,0.0,0.0,0.0,0.0,0.0,0.0,0.0,0.004238889683477271,0.00529175416344815,4.385865543789006e-09
3.0,17,4,430305.7361642729,263530.6942895252,448082.19778868195,4894.840956202117,0.21682186854081073,1.4314103638739598e-05,0.23993126865254258,0.006363293243062752,0.0,0.0,0.0,0.0,0.0,0.0,0.0,0.0,0.0,0.0,0.003592907571678762,0.006259999999999999,5.947976266357633e-09
3.0,17,5,429171.0957822873,262396.05390754004,445434.7035640503,4894.840956202119,0.21682186854081023,1.4314103638739559e-05,0.23796455865710214,0.006363293243062755,0.0,0.0,0.0,0.0,0.0,0.0,0.0,0.0,0.0,0.0,0.003923531250000001,0.00626,1.0392505919948617e-08
3.0,17,6,428214.53590021183,261439.4940254651,443202.730505876,4894.840956202125,0.21682186854080956,1.4314103638739162e-05,0.2363065215281729,0.0063632932430627625,0.0,0.0,0.0,0.0,0.0,0.0,0.0,0.0,0.0,0.0,0.004254154928321238,0.006259999999999999,7.04265613357823e-09
3.0,17,7,432899.83760027954,266127.49810644245,454138.25391709415,5186.505642353728,0.2168201119932186,1.6070651230327823e-05,0.24443005320507755,0.006742457335059845,0.0,0.0,0.0,0.0,0.0,0.0,0.0,0.0,0.0,0.0,0.0036091103165227295,0.007228245836551848,3.734249712293868e-09
3.0,17,8,431546.99893495505,264774.65944111784,450981.63036466995,5186.505642353765,0.2168201119932187,1.607065123032716e-05,0.24208513285184813,0.006742457335059895,0.0,0.0,0.0,0.0,0.0,0.0,0.0,0.0,0.0,0.0,0.003939733994843968,0.007228245836551849,6.52213947328044e-09
3.0,17,9,430406.0792432517,263633.73974941415,448319.4844173611,5186.505642353654,0.21682011199321913,1.6070651230329893e-05,0.24010753871956136,0.00674245733505975,0.0,0.0,0.0,0.0,0.0,0.0,0.0,0.0,0.0,0.0,0.004270357673165206,0.00722824583655185,4.4184246293067534e-09
3.0,18,1,425741.3334104839,258963.74549608713,437428.9543169157,4603.177699259262,0.21682352346658307,1.2659177867233168e-05,0.23201743064494443,0.00598413100903704,0.0,0.0,0.0,0.0,0.0,0.0,0.0,0.0,0.0,0.0,0.004431308993501461,0.005291754163448149,4.584956646604021e-09
3.0,18,2,425128.93876602035,258351.3508516245,436000.03347983724,4603.177699259268,0.21682352346658185,1.2659177867236041e-05,0.2309559465945438,0.0059841310090370465,0.0,0.0,0.0,0.0,0.0,0.0,0.0,0.0,0.0,0.0,0.004761932671822699,0.005291754163448149,7.883270568176706e-09
3.0,18,3,424596.5857236238,257818.9978092287,434757.8763809145,4603.1776992594205,0.21682352346658085,1.2659177867231933e-05,0.23003320132105873,0.005984131009037247,0.0,0.0,0.0,0.0,0.0,0.0,0.0,0.0,0.0,0.0,0.005092556350143937,0.00529175416344815,5.269131563616911e-09
3.0,18,4,427723.9228558473,260948.88098109938,442057.96673568815,4894.84095620211,0.2168218685408111,1.4314103638739589e-05,0.23545612558460416,0.006363293243062743,0.0,0.0,0.0,0.0,0.0,0.0,0.0,0.0,0.0,0.0,0.0044465742383454285,0.006259999999999999,7.361201898082289e-09
3.0,18,5,426974.02553764347,260198.98366289597,440308.20632654737,4894.840956202105,0.21682186854081048,1.4314103638739501e-05,0.23415630356638553,0.0063632932430627365,0.0,0.0,0.0,0.0,0.0,0.0,0.0,0.0,0.0,0.0,0.004777197916666667,0.00626,1.2653666930708025e-08
3.0,18,6,426321.9941378018,259546.9522630547,438786.799726918,4894.840956202118,0.2168218685408101,1.4314103638739372e-05,0.23302611580666105,0.006363293243062753,0.0,0.0,0.0,0.0,0.0,0.0,0.0,0.0,0.0,0.0,0.005107821594987905,0.006259999999999999,8.455881765302856e-09
3.0,18,7,429820.76460985304,263048.425116015,446953.75027276267,5186.505642353672,0.21682011199321974,1.6070651230328585e-05,0.23909299335500228,0.006742457335059773,0.0,0.0,0.0,0.0,0.0,0.0,0.0,0.0,0.0,0.0,0.004462776983189395,0.007228245836551848,4.617515732121773e-09
3.0,18,8,428925.9271657288,262153.5876718916,444865.79623647546,5186.505642353654,0.2168201119932187,1.607065123032851e-05,0.23754194178518934,0.00674245733505975,0.0,0.0,0.0,0.0,0.0,0.0,0.0,0.0,0.0,0.0,0.004793400661510634,0.007228245836551849,7.935365105005078e-09
3.0,18,9,428147.6847359821,261375.34524214547,443049.897233735,5186.505642353719,0.21682011199321793,1.607065123032718e-05,0.23619298824029678,0.006742457335059834,0.0,0.0,0.0,0.0,0.0,0.0,0.0,0.0,0.0,0.0,0.005124024339831872,0.00722824583655185,5.301690649134664e-09
3.0,19,1,832018.9065674797,665248.21179953,1385418.0003540956,5356.251943148497,0.216819042921392,1.7139723057363596e-05,0.9362378648439929,0.006963127526093046,0.0,0.0,0.0,0.0,0.0,0.0,0.0,0.0,0.0,0.0,0.00020430504557674776,0.007791754163448149,2.113889548270203e-10
3.0,19,2,546663.7864791382,379893.09171118855,719589.3868146323,5356.251943148528,0.21681904292139195,1.71397230573664e-05,0.4416223233575344,0.006963127526093086,0.0,0.0,0.0,0.0,0.0,0.0,0.0,0.0,0.0,0.0,0.0005349287238979862,0.007791754163448149,8.855622613335289e-10
3.0,19,3,493827.735288181,327057.0405202314,596305.2673690658,5356.251943148501,0.21681904292139187,1.7139723057363982e-05,0.3500398346265421,0.006963127526093051,0.0,0.0,0.0,0.0,0.0,0.0,0.0,0.0,0.0,0.0,0.0008655524022192243,0.007791754163448149,8.955638718398953e-10
3.0,19,4,873080.941568884,706313.1965041365,1481232.856677775,5647.919064179123,0.21681712561431046,1.9057030138889327e-05,1.007414615255869,0.0073422947834328595,0.0,0.0,0.0,0.0,0.0,0.0,0.0,0.0,0.0,0.0,0.00022199090501209498,0.00876,3.6750086330282235e-10
3.0,19,5,565155.568968334,398387.8239035867,762740.3206098255,5647.919064179123,0.21681712561431035,1.9057030138889327e-05,0.4736773027482493,0.0073422947834328595,0.0,0.0,0.0,0.0,0.0,0.0,0.0,0.0,0.0,0.0,0.0005526145833333335,0.00876,1.4637452750609816e-09
3.0,19,6,505435.74920586776,338668.0041411205,623394.0744974042,5647.9190641791265,0.21681712561431035,1.9057030138888995e-05,0.3701629484933078,0.007342294783432864,0.0,0.0,0.0,0.0,0.0,0.0,0.0,0.0,0.0,0.0,0.0008832382616545717,0.00876,1.4621807305234157e-09
3.0,19,7,911658.3667035152,744893.7276729714,1571250.472365152,5939.587834246699,0.21681510669207807,2.1075952371206258e-05,1.0742848440522064,0.007721464184520709,0.0,0.0,0.0,0.0,0.0,0.0,0.0,0.0,0.0,0.0,0.00024061426444744213,0.009728245836551849,2.4895713042441874e-10
3.0,19,8,583919.1362101379,417154.4971795943,806525.601213939,5939.587834246686,0.21681510669207796,2.107595237120608e-05,0.5062035111970193,0.007721464184520691,0.0,0.0,0.0,0.0,0.0,0.0,0.0,0.0,0.0,0.0,0.0005712379427686806,0.00972824583655185,9.456713422893618e-10
3.0,19,9,517391.58086481655,350626.94183427293,651294.6387415226,5939.587834246706,0.21681510669207796,2.107595237120642e-05,0.3908890819317957,0.007721464184520717,0.0,0.0,0.0,0.0,0.0,0.0,0.0,0.0,0.0,0.0,0.0009018616210899186,0.009728245836551849,9.331320474372961e-10
3.0,20,1,479098.4439653699,312327.7491974203,561936.9209491734,5356.251943148505,0.21681904292139179,1.7139723057363617e-05,0.32450906300033633,0.006963127526093057,0.0,0.0,0.0,0.0,0.0,0.0,0.0,0.0,0.0,0.0,0.0010579717122434144,0.007791754163448149,1.0946549746549272e-09
3.0,20,2,463708.9586430495,296938.26387509983,526028.1218637587,5356.251943148565,0.21681904292139204,1.713972305736596e-05,0.29783395510831384,0.006963127526093135,0.0,0.0,0.0,0.0,0.0,0.0,0.0,0.0,0.0,0.0,0.0013885953905646527,0.007791754163448149,2.2987878930581736e-09
3.0,20,3,454430.71006836195,287660.01530041225,504378.8751894876,5356.2519431485125,0.21681904292139206,1.713972305736369e-05,0.28175165757885534,0.006963127526093066,0.0,0.0,0.0,0.0,0.0,0.0,0.0,0.0,0.0,0.0,0.001719219068885891,0.007791754163448149,1.7788298916678007e-09
3.0,20,4,488629.33664834447,321861.5915835971,584179.1118631831,5647.919064179128,0.21681712561431038,1.9057030138889364e-05,0.34103183339360066,0.007342294783432866,0.0,0.0,0.0,0.0,0.0,0.0,0.0,0.0,0.0,0.0,0.0010756575716787614,0.00876,1.7807264950274638e-09
3.0,20,5,470995.1294825206,304227.38441777334,543032.6284762609,5647.9190641791265,0.21681712561431035,1.9057030138889357e-05,0.3104658743061728,0.007342294783432865,0.0,0.0,0.0,0.0,0.0,0.0,0.0,0.0,0.0,0.0,0.00140628125,0.00876,3.7249062858203928e-09
3.0,20,6,460326.557467933,293558.81240318576,518139.2937755566,5647.919064179131,0.21681712561431027,1.9057030138889e-05,0.29197368281422104,0.00734229478343287,0.0,0.0,0.0,0.0,0.0,0.0,0.0,0.0,0.0,0.0,0.0017369049283212383,0.00876,2.875406362248056e-09
3.0,20,7,498487.1538074876,331722.51477694424,607184.3089410891,5939.587834246703,0.21681510669207762,2.1075952371206255e-05,0.3581214083657596,0.007721464184520714,0.0,0.0,0.0,0.0,0.0,0.0,0.0,0.0,0.0,0.0,0.0010942809311141088,0.009728245836551849,1.132223150252328e-09
3.0,20,8,478564.53689060395,311799.8978600603,560698.2028016929,5939.587834246663,0.21681510669207807,2.1075952371206644e-05,0.32358887237649364,0.007721464184520662,0.0,0.0,0.0,0.0,0.0,0.0,0.0,0.0,0.0,0.0,0.001424904609435347,0.00972824583655185,2.3588969740140016e-09
3.0,20,9,466467.96074444917,299703.3217139054,532472.8584606646,5939.5878342467,0.2168151066920782,2.107595237120654e-05,0.3026214737231583,0.00772146418452071,0.0,0.0,0.0,0.0,0.0,0.0,0.0,0.0,0.0,0.0,0.0017555282877565852,0.009728245836551849,1.8163980672652052e-09
3.0,21,1,450551.3081282592,283780.6133603092,495326.93732924684,5356.251943148523,0.21681904292139242,1.7139723057362932e-05,0.2750273608826764,0.006963127526093082,0.0,0.0,0.0,0.0,0.0,0.0,0.0,0.0,0.0,0.0,0.0019116383789100808,0.007791754163448149,1.977920994482831e-09
3.0,21,2,445478.8420547809,278708.1472868314,483491.18315779907,5356.2519431485325,0.21681904292139187,1.7139723057365937e-05,0.2662350863553154,0.006963127526093092,0.0,0.0,0.0,0.0,0.0,0.0,0.0,0.0,0.0,0.0,0.0022422620572313196,0.007791754163448149,3.712013524782821e-09
3.0,21,3,441738.0037910795,274967.30902313,474762.5605424958,5356.251943148502,0.21681904292139187,1.713972305736321e-05,0.25975096669823294,0.006963127526093051,0.0,0.0,0.0,0.0,0.0,0.0,0.0,0.0,0.0,0.0,0.002572885735552558,0.007791754163448149,2.662095911495715e-09
3.0,21,4,455857.55330892984,289089.80824418255,507711.61740454915,5647.919064179124,0.21681712561431035,1.905703013888932e-05,0.2842274089386154,0.00734229478343286,0.0,0.0,0.0,0.0,0.0,0.0,0.0,0.0,0.0,0.0,0.001929324238345428,0.00876,3.193952126752105e-09
3.0,21,5,450006.77232028276,283239.02725553553,494059.795097706,5647.919064179115,0.21681712561431024,1.9057030138889262e-05,0.2740860552249606,0.007342294783432849,0.0,0.0,0.0,0.0,0.0,0.0,0.0,0.0,0.0,0.0,0.0022599479166666666,0.00876,5.986067296579803e-09
3.0,21,6,445686.5695608397,278918.8244960925,483979.3219923391,5647.919064179123,0.21681712561431016,1.905703013888894e-05,0.2665977037752595,0.0073422947834328595,0.0,0.0,0.0,0.0,0.0,0.0,0.0,0.0,0.0,0.0,0.002590571594987905,0.00876,4.2886319939727e-09
3.0,21,7,461390.97986261523,294626.3408320716,520626.56973638607,5939.587834246694,0.216815106692078,2.1075952371206248e-05,0.29382137352798,0.007721464184520702,0.0,0.0,0.0,0.0,0.0,0.0,0.0,0.0,0.0,0.0,0.0019479475977807752,0.009728245836551849,2.015489170080233e-09
3.0,21,8,454735.4763957744,287970.8373652308,505097.0616470909,5939.587834246669,0.21681510669207787,2.1075952371206492e-05,0.2822851675187894,0.00772146418452067,0.0,0.0,0.0,0.0,0.0,0.0,0.0,0.0,0.0,0.0,0.0022785712761020137,0.00972824583655185,3.772122605738643e-09
3.0,21,9,449814.6780235993,283050.0389930557,493615.1987786823,5939.587834246686,0.21681510669207799,2.1075952371207312e-05,0.27375578367368575,0.007721464184520693,0.0,0.0,0.0,0.0,0.0,0.0,0.0,0.0,0.0,0.0,0.0026091949544232522,0.009728245836551849,2.6996640870931235e-09
3.0,22,1,439980.87840523256,273210.18363728246,470662.60130885115,5356.251943148485,0.2168190429213925,1.7139723057363444e-05,0.25670528269609666,0.006963127526093031,0.0,0.0,0.0,0.0,0.0,0.0,0.0,0.0,0.0,0.0,0.0027653050455767477,0.007791754163448149,2.861187014310743e-09
3.0,22,2,437480.84349772613,270710.1487297764,464829.1865246705,5356.251943148547,0.21681904292139212,1.7139723057365768e-05,0.2523718888564198,0.006963127526093111,0.0,0.0,0.0,0.0,0.0,0.0,0.0,0.0,0.0,0.0,0.0030959287238979862,0.007791754163448149,5.125239156507463e-09
3.0,22,3,435470.9907004783,268700.2959325286,460139.5299977592,5356.251943148424,0.21681904292139198,1.7139723057365246e-05,0.24888814400785714,0.006963127526092952,0.0,0.0,0.0,0.0,0.0,0.0,0.0,0.0,0.0,0.0,0.0034265524022192243,0.007791754163448149,3.5453619313236126e-09
3.0,22,4,443655.7314886962,276887.98642394855,479240.6998240028,5647.9190641791165,0.21681712561431077,1.90570301388896e-05,0.2630775844502094,0.007342294783432851,0.0,0.0,0.0,0.0,0.0,0.0,0.0,0.0,0.0,0.0,0.002782990905012095,0.00876,4.607177758476751e-09
3.0,22,5,440764.5194547351,273996.77438998775,472494.53841142775,5647.919064179125,0.2168171256143105,1.9057030138889364e-05,0.25806615025801094,0.007342294783432862,0.0,0.0,0.0,0.0,0.0,0.0,0.0,0.0,0.0,0.0,0.0031136145833333337,0.00876,8.247228307339214e-09
3.0,22,6,438438.7051616702,271670.9600969231,467067.6383942772,5647.91906417913,0.21681712561431013,1.9057030138888984e-05,0.25403473881669925,0.007342294783432869,0.0,0.0,0.0,0.0,0.0,0.0,0.0,0.0,0.0,0.0,0.0034442382616545713,0.00876,5.701857625697332e-09
3.0,22,7,447499.6336424229,280734.99461187946,488213.428555938,5939.587834246748,0.2168151066920777,2.1075952371205492e-05,0.2697430400796473,0.007721464184520773,0.0,0.0,0.0,0.0,0.0,0.0,0.0,0.0,0.0,0.0,0.0028016142644474423,0.009728245836551849,2.8987551899081465e-09
3.0,22,8,444201.7346805498,277437.0956500061,480518.33097823313,5939.58783424668,0.21681510669207807,2.1075952371207075e-05,0.2640266818790664,0.007721464184520684,0.0,0.0,0.0,0.0,0.0,0.0,0.0,0.0,0.0,0.0,0.0031322379427686804,0.00972824583655185,5.18534823746328e-09
3.0,22,9,441546.9929242623,274782.3538937187,474323.9335468959,5939.5878342467,0.21681510669207793,2.1075952371207278e-05,0.25942512950150165,0.00772146418452071,0.0,0.0,0.0,0.0,0.0,0.0,0.0,0.0,0.0,0.0,0.003462861621089919,0.009728245836551849,3.5829301069210208e-09
3.0,23,1,434472.897959642,267702.2031916922,457810.6469358073,5356.251943148515,0.2168190429213922,1.7139723057362742e-05,0.2471581165904071,0.00696312752609307,0.0,0.0,0.0,0.0,0.0,0.0,0.0,0.0,0.0,0.0,0.0036189717122434143,0.007791754163448149,3.744453034138642e-09
3.0,23,2,432988.19273886306,266217.49797091354,454346.33475399093,5356.251943148547,0.2168190429213917,1.7139723057365788e-05,0.24458462754105798,0.006963127526093111,0.0,0.0,0.0,0.0,0.0,0.0,0.0,0.0,0.0,0.0,0.003949595390564653,0.007791754163448149,6.538464788232109e-09
3.0,23,3,431735.7917281706,264965.0969602211,451424.065729042,5356.251943148485,0.21681904292139162,1.7139723057364277e-05,0.24241379912252453,0.006963127526093031,0.0,0.0,0.0,0.0,0.0,0.0,0.0,0.0,0.0,0.0,0.004280219068885891,0.007791754163448149,4.428627951151526e-09
3.0,23,4,437283.2145537289,270515.4694889813,464371.4936424124,5647.919064179128,0.21681712561431077,1.90570301388894e-05,0.2520318884295994,0.007342294783432866,0.0,0.0,0.0,0.0,0.0,0.0,0.0,0.0,0.0,0.0,0.0036366575716787614,0.00876,6.020403390201388e-09
3.0,23,5,435563.7695810769,268796.02451632987,460359.4553728929,5647.91906417913,0.21681712561431013,1.9057030138889344e-05,0.2490515171436709,0.007342294783432868,0.0,0.0,0.0,0.0,0.0,0.0,0.0,0.0,0.0,0.0,0.00396728125,0.00876,1.0508389318098631e-08
3.0,23,6,434112.7955890696,267345.05052432313,456973.8493915446,5647.919064179125,0.2168171256143093,1.9057030138888852e-05,0.2465364955575268,0.007342294783432862,0.0,0.0,0.0,0.0,0.0,0.0,0.0,0.0,0.0,0.0,0.004297904928321238,0.00876,7.115083257421986e-09
3.0,23,7,440227.499814581,273462.86078403756,471245.1162909734,5939.587834246691,0.21681510669207782,2.1075952371206976e-05,0.2571380081113878,0.007721464184520698,0.0,0.0,0.0,0.0,0.0,0.0,0.0,0.0,0.0,0.0,0.003655280931114108,0.009728245836551849,3.782021209736049e-09
3.0,23,8,438263.28585038835,271498.6468198449,466661.950374524,5939.587834246704,0.2168151066920777,2.1075952371206048e-05,0.253733370573454,0.0077214641845207155,0.0,0.0,0.0,0.0,0.0,0.0,0.0,0.0,0.0,0.0,0.003985904609435347,0.00972824583655185,6.5985738691879224e-09
3.0,23,9,436605.0877994163,269840.4487688725,462792.8215889213,5939.587834246594,0.21681510669207815,2.107595237120914e-05,0.2508591606184347,0.0077214641845205715,0.0,0.0,0.0,0.0,0.0,0.0,0.0,0.0,0.0,0.0,0.004316528287756585,0.009728245836551849,4.4661961267489354e-09
3.0,24,1,431093.18855960295,264322.4937916528,449924.65833571507,5356.251943148483,0.21681904292139265,1.7139723057363877e-05,0.24129995363033835,0.006963127526093028,0.0,0.0,0.0,0.0,0.0,0.0,0.0,0.0,0.0,0.0,0.004472638378910081,0.007791754163448149,4.627719053966545e-09
3.0,24,2,430110.64119663904,263339.94642868947,447632.0478221345,5356.251943148514,0.2168190429213919,1.7139723057366927e-05,0.239596871534536,0.006963127526093069,0.0,0.0,0.0,0.0,0.0,0.0,0.0,0.0,0.0,0.0,0.0048032620572313195,0.007791754163448149,7.951690419956751e-09
3.0,24,3,429255.99295986514,262485.29819191585,445637.86860299646,5356.251943148611,0.21681904292139145,1.7139723057362153e-05,0.23811548125746218,0.0069631275260931946,0.0,0.0,0.0,0.0,0.0,0.0,0.0,0.0,0.0,0.0,0.0051338857355525585,0.007791754163448149,5.311893970979434e-09
3.0,24,4,433368.1055734524,266600.3605087048,455236.23935510067,5647.919064179112,0.21681712561431082,1.9057030138889337e-05,0.2452456995304535,0.007342294783432846,0.0,0.0,0.0,0.0,0.0,0.0,0.0,0.0,0.0,0.0,0.004490324238345428,0.00876,7.433629021926042e-09
3.0,24,5,432229.20438602276,265461.4593212755,452578.8032510993,5647.9190641791265,0.21681712561431035,1.9057030138889357e-05,0.24327160413890983,0.007342294783432865,0.0,0.0,0.0,0.0,0.0,0.0,0.0,0.0,0.0,0.0,0.004820947916666667,0.00876,1.2769550328858039e-08
3.0,24,6,431238.29742422997,264470.55235948286,450266.6870069165,5647.919064179124,0.21681712561431019,1.9057030138889147e-05,0.2415540320718027,0.007342294783432861,0.0,0.0,0.0,0.0,0.0,0.0,0.0,0.0,0.0,0.0,0.005151571594987906,0.00876,8.528308889146616e-09
3.0,24,7,435753.80395615665,268989.1649256123,460806.4926213135,5939.58783424662,0.21681510669207898,2.1075952371207776e-05,0.24938360195678283,0.007721464184520606,0.0,0.0,0.0,0.0,0.0,0.0,0.0,0.0,0.0,0.0,0.0045089475977807755,0.009728245836551849,4.665287229563954e-09
3.0,24,8,434451.5680739568,267686.92904341326,457767.9422295167,5939.587834246619,0.2168151066920779,2.1075952371207783e-05,0.24712639309430565,0.007721464184520605,0.0,0.0,0.0,0.0,0.0,0.0,0.0,0.0,0.0,0.0,0.004839571276102014,0.00972824583655185,8.011799500912562e-09
3.0,24,9,433318.241818349,266553.60278780607,455123.51429976715,5939.587834246695,0.2168151066920771,2.1075952371206268e-05,0.2451619609179206,0.007721464184520703,0.0,0.0,0.0,0.0,0.0,0.0,0.0,0.0,0.0,0.0,0.005170194954423252,0.009728245836551849,5.349462146576855e-09
3.0,25,1,124240.44070238803,124240.44070238833,289894.36163890635,3933.0208220846357,-3.797456496033694e-16,-9.92744934717886e-21,0.2153500972174735,0.005112927068710026,0.0,0.0,0.0,0.0,0.0,0.0,0.0,0.0,0.0,0.0,0.005155460371885673,0.0002258541374200371,1.4300332964014664e-09
3.0,25,2,121357.20138548885,121357.20138548885,283166.8032328073,3933.020822084633,-7.547926397098906e-32,4.1546092904057135e-33,0.21035248240151402,0.005112927068710023,0.0,0.0,0.0,0.0,0.0,0.0,0.0,0.0,0.0,0.0,0.005266034046419895,0.0002258541374200371,2.337127157040996e-09
3.0,25,3,118604.75150238293,118604.75150238279,276744.4201722263,3933.0208220845816,1.9306461576520406e-16,6.964978999675405e-19,0.20558156927079665,0.005112927068709956,0.0,0.0,0.0,0.0,0.0,0.0,0.0,0.0,0.0,0.0,0.005376607720954116,0.00022585413742003712,1.491375649899793e-09
3.0,25,4,125161.57502066597,125161.57502066597,292043.67504822067,4231.538461538453,-1.4289822608916686e-17,5.888513151705356e-34,0.21694673003582107,0.0055009999999999885,0.0,0.0,0.0,0.0,0.0,0.0,0.0,0.0,0.0,0.0,0.005163698327465778,0.001002,2.2917093747413306e-09
3.0,25,5,122259.00928929147,122259.00928929147,285271.0216750134,4231.538461538452,-1.5901076923541674e-31,5.142422277268051e-34,0.21191561610143855,0.005500999999999987,0.0,0.0,0.0,0.0,0.0,0.0,0.0,0.0,0.0,0.0,0.005274272002000001,0.001002,3.745253212063933e-09
3.0,25,6,119488.02730497773,119488.02730497773,278805.39704494807,4231.538461538464,-1.4141018696974787e-17,-1.4880391194212079e-19,0.20711258066196145,0.005501000000000002,0.0,0.0,0.0,0.0,0.0,0.0,0.0,0.0,0.0,0.0,0.00538484567653422,0.001002,2.389857140338612e-09
3.0,25,7,126148.43257177762,126148.4325717772,294346.34266747965,4530.056100992268,5.533636556430788e-16,1.975521471141982e-20,0.21865728312441327,0.0058890729312899475,0.0,0.0,0.0,0.0,0.0,0.0,0.0,0.0,0.0,0.0,0.005172538685445883,0.0017781458625799628,1.4347705177698506e-09
3.0,25,8,123225.19504197045,123225.19504197045,287525.45509793103,4530.056100992272,-9.329907443043331e-32,-3.2181790288528005e-33,0.2135903380727488,0.0058890729312899535,0.0,0.0,0.0,0.0,0.0,0.0,0.0,0.0,0.0,0.0,0.005283112359980104,0.001778145862579963,2.3447067112303884e-09
3.0,25,9,120434.3895173827,120434.38951738222,281013.575540558,4530.056100992259,6.244085254524942e-16,1.7905610269402645e-19,0.20875294183012857,0.005889072931289937,0.0,0.0,0.0,0.0,0.0,0.0,0.0,0.0,0.0,0.0,0.005393686034514325,0.0017781458625799628,1.4961128712681697e-09
3.0,26,1,117059.58506742775,117059.58506742804,273139.031823999,3933.020822084635,-3.797456496033722e-16,-9.927449347188034e-21,0.20290328078354233,0.005112927068710025,0.0,0.0,0.0,0.0,0.0,0.0,0.0,0.0,0.0,0.0,0.005440960371885673,0.0002258541374200371,1.5092259342401781e-09
3.0,26,2,114496.57272604098,114496.57272604098,267158.6696940956,3933.0208220846334,-9.536209615914786e-33,1.3356857382783412e-34,0.19846072605847104,0.0051129270687100235,0.0,0.0,0.0,0.0,0.0,0.0,0.0,0.0,0.0,0.0,0.005551534046419893,0.0002258541374200371,2.463835377582942e-09
3.0,26,3,112043.3914458128,112043.39144581265,261434.58004022937,3933.0208220845816,1.930646157651997e-16,6.964978999675379e-19,0.19420854517274175,0.005112927068709956,0.0,0.0,0.0,0.0,0.0,0.0,0.0,0.0,0.0,0.0,0.005662107720954115,0.00022585413742003712,1.5705682877385258e-09
3.0,26,4,117932.4218823549,117932.4218823549,275175.6510588281,4231.538461538453,-1.428982260891674e-17,1.3031179937660102e-34,0.2044161979294152,0.0055009999999999885,0.0,0.0,0.0,0.0,0.0,0.0,0.0,0.0,0.0,0.0,0.005449198327465777,0.001002,2.41841759528324e-09
3.0,26,5,115352.03755329085,115352.03755329085,269154.75429101195,4231.538461538452,-1.7513547117949802e-32,3.904737062551473e-34,0.19994353175903748,0.005500999999999987,0.0,0.0,0.0,0.0,0.0,0.0,0.0,0.0,0.0,0.0,0.005559772001999998,0.001002,3.947986364931054e-09
3.0,26,6,112882.16229687745,112882.16229687745,263391.7120260474,4231.538461538464,-1.4141018696974408e-17,-1.4880391194212079e-19,0.19566241464792095,0.005501000000000002,0.0,0.0,0.0,0.0,0.0,0.0,0.0,0.0,0.0,0.0,0.005670345676534221,0.001002,2.51656536088061e-09
3.0,26,7,118867.61706752129,118867.61706752087,277357.7731575482,4530.0561009922685,5.533636556430839e-16,1.975521471142659e-20,0.20603720291703564,0.005889072931289948,0.0,0.0,0.0,0.0,0.0,0.0,0.0,0.0,0.0,0.0,0.0054580386854458825,0.0017781458625799628,1.513963155608545e-09
3.0,26,8,116268.64825762228,116268.64825762228,271293.51260111865,4530.056100992271,-1.3407740087352723e-32,6.497391640685077e-34,0.2015323236465453,0.005889072931289953,0.0,0.0,0.0,0.0,0.0,0.0,0.0,0.0,0.0,0.0,0.005568612359980104,0.001778145862579963,2.4714149317723388e-09
3.0,26,9,113780.91275971406,113780.91275971358,265488.79643933114,4530.0561009922585,6.244085254524789e-16,1.790561026940228e-19,0.19722024878350292,0.005889072931289936,0.0,0.0,0.0,0.0,0.0,0.0,0.0,0.0,0.0,0.0,0.005679186034514325,0.0017781458625799628,1.5753055091068923e-09
3.0,27,1,126752.89410739492,126752.89410739526,295756.752917256,4703.790052853816,-4.457882457636759e-16,-1.4199681536032648e-20,0.21970501645281892,0.0061149270687099605,0.0,0.0,0.0,0.0,0.0,0.0,0.0,0.0,0.0,0.0,0.005177960991577063,0.002229854137420037,1.4362745693484614e-09
3.0,27,2,123817.01201063996,123817.01201063996,288906.36135815986,4703.790052853813,-7.846194682096049e-32,2.0600574244985895e-33,0.21461615415177593,0.006114927068709957,0.0,0.0,0.0,0.0,0.0,0.0,0.0,0.0,0.0,0.0,0.005288534666111285,0.002229854137420037,2.3471131937561876e-09
3.0,27,3,121014.0800938723,121014.08009387214,282366.18688570143,4703.790052853763,2.1355474102667606e-16,8.341496520370493e-19,0.20975773882937815,0.006114927068709892,0.0,0.0,0.0,0.0,0.0,0.0,0.0,0.0,0.0,0.0,0.005399108340645506,0.002229854137420037,1.4976169228467865e-09
3.0,27,4,127843.01962189781,127843.01962189778,298300.37911776145,5002.307692307699,4.746944713158906e-17,7.882646980626683e-34,0.2215945673446228,0.006503000000000008,0.0,0.0,0.0,0.0,0.0,0.0,0.0,0.0,0.0,0.0,0.0051877543434657785,0.0030059999999999996,2.302385714428507e-09
3.0,27,5,124884.36641561027,124884.36641561027,291396.85496975726,5002.307692307698,-1.3984343370880521e-31,1.2812808908586054e-34,0.21646623512039115,0.006503000000000007,0.0,0.0,0.0,0.0,0.0,0.0,0.0,0.0,0.0,0.0,0.0052983280180000005,0.0030060000000000004,3.762335355563415e-09
3.0,27,6,122059.59522709138,122059.59522709141,284805.7221965467,5002.30769230771,-4.7293540367355937e-17,-1.759067642341226e-19,0.21156996506029185,0.006503000000000023,0.0,0.0,0.0,0.0,0.0,0.0,0.0,0.0,0.0,0.0,0.00540890169253422,0.003006,2.4005334800257894e-09
3.0,27,7,128997.94328851257,128997.94328851212,300995.2010065278,5300.825331761577,5.936760474727489e-16,2.7049472523858178e-20,0.22359643503342042,0.00689107293129005,0.0,0.0,0.0,0.0,0.0,0.0,0.0,0.0,0.0,0.0,0.005198150097754493,0.003782145862579962,1.4418746694318258e-09
3.0,27,8,126015.2116582876,126015.2116582876,294035.4938693377,5300.825331761584,-1.2204750883125838e-31,-1.865589005276917e-33,0.2184263668743652,0.006891072931290059,0.0,0.0,0.0,0.0,0.0,0.0,0.0,0.0,0.0,0.0,0.005308723772288714,0.0037821458625799634,2.3560733538895488e-09
3.0,27,9,123167.34552608,123167.3455260795,287390.472894185,5300.825331761563,6.409590911573476e-16,2.1345291952904467e-19,0.2134900655785372,0.006891072931290031,0.0,0.0,0.0,0.0,0.0,0.0,0.0,0.0,0.0,0.0,0.005419297446822935,0.0037821458625799625,1.5032170229301472e-09
3.0,28,1,119440.47628886503,119440.47628886536,278694.4446740195,4703.790052853816,-4.457882457636793e-16,-1.41996815360395e-20,0.20703015890070042,0.0061149270687099605,0.0,0.0,0.0,0.0,0.0,0.0,0.0,0.0,0.0,0.0,0.0054634609915770625,0.002229854137420037,1.5154672071871722e-09
3.0,28,2,116830.1380707206,116830.1380707206,272603.65549834806,4703.790052853813,-1.293366629869198e-32,-3.170856058820567e-34,0.2025055726559157,0.006114927068709957,0.0,0.0,0.0,0.0,0.0,0.0,0.0,0.0,0.0,0.0,0.0055740346661112845,0.002229854137420037,2.4738214142981338e-09
3.0,28,3,114331.47567269018,114331.47567269002,266773.4432362765,4703.790052853763,2.1355474102667168e-16,8.341496520370464e-19,0.1981745578326625,0.006114927068709892,0.0,0.0,0.0,0.0,0.0,0.0,0.0,0.0,0.0,0.0,0.0056846083406455064,0.002229854137420037,1.5768095606855189e-09
3.0,28,4,120473.68778420407,120473.68778420404,281105.271496476,5002.307692307698,4.7469447131589026e-17,-4.236509349710537e-35,0.20882105882595364,0.006503000000000007,0.0,0.0,0.0,0.0,0.0,0.0,0.0,0.0,0.0,0.0,0.005473254343465777,0.0030059999999999996,2.429093934970416e-09
3.0,28,5,117842.8717392231,117842.8717392231,274966.7007248539,5002.307692307697,-1.7512433623989358e-32,6.125358900762141e-36,0.20426097768132007,0.006503000000000006,0.0,0.0,0.0,0.0,0.0,0.0,0.0,0.0,0.0,0.0,0.005583828017999998,0.0030060000000000004,3.965068508430535e-09
3.0,28,6,115324.52745783376,115324.52745783378,269090.5640682789,5002.30769230771,-4.729354036735566e-17,-1.7590676423412258e-19,0.19989584759357862,0.006503000000000023,0.0,0.0,0.0,0.0,0.0,0.0,0.0,0.0,0.0,0.0,0.00569440169253422,0.003006,2.5272417005677873e-09
3.0,28,7,121568.4262347495,121568.42623474904,283659.66121441394,5300.825331761577,5.936760474727548e-16,2.7049472523861548e-20,0.2107186054735644,0.00689107293129005,0.0,0.0,0.0,0.0,0.0,0.0,0.0,0.0,0.0,0.0,0.0054836500977544925,0.003782145862579962,1.5210673072705205e-09
3.0,28,8,118915.95235909104,118915.95235909104,277470.55550454574,5300.825331761584,-1.2980312136214975e-32,3.295233824216098e-34,0.20612098408909116,0.006891072931290058,0.0,0.0,0.0,0.0,0.0,0.0,0.0,0.0,0.0,0.0,0.0055942237722887145,0.0037821458625799634,2.4827815744314987e-09
3.0,28,9,116376.79055060283,116376.79055060234,271545.8446180716,5300.825331761562,6.409590911573311e-16,2.1345291952903995e-19,0.2017197702877101,0.00689107293129003,0.0,0.0,0.0,0.0,0.0,0.0,0.0,0.0,0.0,0.0,0.005704797446822936,0.0037821458625799625,1.5824096607688696e-09
3.0,29,1,129699.76966093545,129699.76966093585,302632.79587551736,5474.559283623128,-5.158051392697411e-16,-1.9234380041109975e-20,0.224812934078956,0.007116927068710066,0.0,0.0,0.0,0.0,0.0,0.0,0.0,0.0,0.0,0.0,0.005204477627268453,0.004233854137420038,1.4436298139264284e-09
3.0,29,2,126702.42923688907,126702.42923688907,295639.00155274116,5474.559283623127,-9.658341459766837e-32,1.8978856435807045e-35,0.21961754401060773,0.007116927068710065,0.0,0.0,0.0,0.0,0.0,0.0,0.0,0.0,0.0,0.0,0.005315051301802674,0.004233854137420038,2.35888158508093e-09
3.0,29,3,123840.55007322198,123840.55007322175,288961.2835041838,5474.559283623072,3.033528642561334e-16,9.721789007306277e-19,0.21465695346025074,0.007116927068709993,0.0,0.0,0.0,0.0,0.0,0.0,0.0,0.0,0.0,0.0,0.0054256249763368946,0.004233854137420037,1.5049721674247528e-09
3.0,29,4,130956.38535854535,130956.38535854529,305564.89916993893,5773.076923076944,9.120209938498085e-17,1.2629227801936035e-34,0.22699106795481175,0.007505000000000026,0.0,0.0,0.0,0.0,0.0,0.0,0.0,0.0,0.0,0.0,0.005215826375465778,0.00501,2.3148444087252417e-09
3.0,29,5,127932.93185866976,127932.93185866976,298510.1743368961,5773.076923076945,-8.878327223873052e-32,9.795437317971123e-35,0.22175041522169428,0.007505000000000028,0.0,0.0,0.0,0.0,0.0,0.0,0.0,0.0,0.0,0.0,0.005326400050000001,0.00501,3.782269266438182e-09
3.0,29,6,125046.00278008197,125046.00278008211,291774.00648685836,5773.076923076954,-1.8406958738726172e-16,-2.0300882179822342e-19,0.2167464048188092,0.00750500000000004,0.0,0.0,0.0,0.0,0.0,0.0,0.0,0.0,0.0,0.0,0.00543697372453422,0.00501,2.4129921743225133e-09
3.0,29,7,132276.73325030445,132276.73325030392,308645.7109173752,6071.594562530765,6.899849851338121e-16,3.548739517410772e-20,0.22927967096719276,0.007893072931289994,0.0,0.0,0.0,0.0,0.0,0.0,0.0,0.0,0.0,0.0,0.005227777526063102,0.005786145862579961,1.4500927927247688e-09
3.0,29,8,129225.90295586157,129225.90295586157,301527.10689701035,6071.594562530763,-9.663320270969518e-32,1.7169793064451189e-34,0.2239915651234934,0.007893072931289992,0.0,0.0,0.0,0.0,0.0,0.0,0.0,0.0,0.0,0.0,0.005338351200597325,0.005786145862579963,2.3692223511582643e-09
3.0,29,9,126312.70926556349,126312.70926556326,294729.6549529807,6071.594562530748,3.060993563550728e-16,2.4899255905387963e-19,0.21894202939364268,0.007893072931289971,0.0,0.0,0.0,0.0,0.0,0.0,0.0,0.0,0.0,0.0,0.005448924875131545,0.005786145862579962,1.5114351462230956e-09
3.0,30,1,122233.7353427451,122233.73534274551,285212.04913307325,5474.559283623128,-5.158051392697449e-16,-1.9234380041112942e-20,0.21187180792742608,0.007116927068710066,0.0,0.0,0.0,0.0,0.0,0.0,0.0,0.0,0.0,0.0,0.005489977627268453,0.004233854137420038,1.5228224517651398e-09
3.0,30,2,119568.11910375049,119568.11910375049,278992.27790875116,5474.559283623128,-1.2929895158966982e-32,-3.210046285939162e-34,0.20725140644650086,0.007116927068710067,0.0,0.0,0.0,0.0,0.0,0.0,0.0,0.0,0.0,0.0,0.0056005513018026745,0.004233854137420038,2.4855898056228775e-09
3.0,30,3,117016.32408720825,117016.32408720802,273038.0895368185,5474.55928362307,3.033528642561286e-16,9.721789007306246e-19,0.20282829508449363,0.007116927068709991,0.0,0.0,0.0,0.0,0.0,0.0,0.0,0.0,0.0,0.0,0.0057111249763368965,0.004233854137420037,1.5841648052634866e-09
3.0,30,4,123425.07328043463,123425.07328043458,287991.83765434724,5773.076923076944,9.12020993849811e-17,-4.954485549546219e-35,0.2139367936860865,0.007505000000000026,0.0,0.0,0.0,0.0,0.0,0.0,0.0,0.0,0.0,0.0,0.005501326375465778,0.00501,2.44155262926715e-09
3.0,30,5,120735.96107253325,120735.96107253325,281717.24250257754,5773.076923076945,-1.751218782091583e-32,7.29366101075026e-36,0.20927566585905763,0.007505000000000028,0.0,0.0,0.0,0.0,0.0,0.0,0.0,0.0,0.0,0.0,0.00561190005,0.00501,3.985002419305303e-09
3.0,30,6,118161.5789299399,118161.57892994005,275710.3508365269,5773.076923076954,-1.8406958738726123e-16,-2.0300882179822338e-19,0.20481340347856294,0.007505000000000039,0.0,0.0,0.0,0.0,0.0,0.0,0.0,0.0,0.0,0.0,0.005722473724534222,0.00501,2.539700394864512e-09
3.0,30,7,124676.97950932414,124676.9795093236,290912.9521884212,6071.594562530765,6.899849851338189e-16,3.5487395174108186e-20,0.21610676448282692,0.007893072931289994,0.0,0.0,0.0,0.0,0.0,0.0,0.0,0.0,0.0,0.0,0.005513277526063103,0.005786145862579961,1.5292854305634636e-09
3.0,30,8,121963.2285706996,121963.2285706996,284580.86666496575,6071.594562530763,-1.298372311108062e-32,3.349071135960969e-34,0.211402929522546,0.007893072931289992,0.0,0.0,0.0,0.0,0.0,0.0,0.0,0.0,0.0,0.0,0.005623851200597324,0.005786145862579963,2.495930571700214e-09
3.0,30,9,119365.15877179302,119365.15877179279,278518.7038008496,6071.594562530748,3.060993563550605e-16,2.489925590538735e-19,0.2068996085377739,0.007893072931289971,0.0,0.0,0.0,0.0,0.0,0.0,0.0,0.0,0.0,0.0,0.0057344248751315455,0.005786145862579962,1.5906277840618182e-09
3.0,31,1,133074.32293856563,133074.32293856595,310506.7535233209,6245.328514392337,-4.0160339089113617e-16,-2.5031514534453036e-20,0.23066215976018142,0.008118927068710037,0.0,0.0,0.0,0.0,0.0,0.0,0.0,0.0,0.0,0.0,0.005235010278959842,0.0062378541374200356,1.4520990301353667e-09
3.0,31,2,130006.98511713317,130006.98511713317,303349.6319399774,6245.328514392354,-1.2177314341617246e-31,1.9496779378404308e-33,0.22534544086969752,0.00811892706871006,0.0,0.0,0.0,0.0,0.0,0.0,0.0,0.0,0.0,0.0,0.005345583953494064,0.006237854137420036,2.372432331015235e-09
3.0,31,3,127077.95331331853,127077.95331331836,296515.22439774266,6245.328514392278,2.1064004886062238e-16,1.1105850186909468e-18,0.22026845240975162,0.008118927068709961,0.0,0.0,0.0,0.0,0.0,0.0,0.0,0.0,0.0,0.0,0.005456157628028286,0.0062378541374200356,1.5134413836336943e-09
3.0,31,4,134494.5686783538,134494.5686783537,313820.66024949186,6543.846153846099,1.033785822075977e-16,-4.252587893218417e-34,0.23312391904247967,0.008506999999999928,0.0,0.0,0.0,0.0,0.0,0.0,0.0,0.0,0.0,0.0,0.005247914423465778,0.007013999999999999,2.3290854576315266e-09
3.0,31,5,131397.89253309637,131397.89253309637,306595.0825772249,6543.846153846099,-1.3988618242222567e-31,1.5298265090983415e-34,0.22775634705736708,0.008506999999999928,0.0,0.0,0.0,0.0,0.0,0.0,0.0,0.0,0.0,0.0,0.005358488098,0.007014,3.805054944688245e-09
3.0,31,6,128440.70988879811,128440.70988879811,299694.9897405289,6543.846153846108,2.3010996219844964e-19,-2.301099621984539e-19,0.22263056380725008,0.00850699999999994,0.0,0.0,0.0,0.0,0.0,0.0,0.0,0.0,0.0,0.0,0.005469061772534221,0.007013999999999999,2.4272332232288097e-09
3.0,31,7,135977.345775266,135977.34577526562,317280.47347561945,6842.36379329984,4.746494023840546e-16,4.5068931834402125e-20,0.23569406601045997,0.008895072931289792,0.0,0.0,0.0,0.0,0.0,0.0,0.0,0.0,0.0,0.0,0.005261420970371714,0.007790145862579962,1.4594248876486963e-09
3.0,31,8,132850.11634761098,132850.11634761098,309983.6048110923,6842.36379329984,-7.879418958037997e-32,-1.7252159335326886e-33,0.23027353500252573,0.008895072931289792,0.0,0.0,0.0,0.0,0.0,0.0,0.0,0.0,0.0,0.0,0.005371994644905936,0.007790145862579963,2.3841537030365397e-09
3.0,31,9,129863.61401607872,129863.61401607806,303015.09937084815,6842.36379329983,8.541643735206129e-16,2.856748480076545e-19,0.22509693096120115,0.008895072931289778,0.0,0.0,0.0,0.0,0.0,0.0,0.0,0.0,0.0,0.0,0.005482568319440156,0.007790145862579962,1.5207672411470168e-09
3.0,32,1,125433.29817118627,125433.29817118657,292677.695732769,6245.328514392335,-4.0160339089113883e-16,-2.5031514534459187e-20,0.21741771683005714,0.008118927068710036,0.0,0.0,0.0,0.0,0.0,0.0,0.0,0.0,0.0,0.0,0.005520510278959842,0.0062378541374200356,1.5312916679740775e-09
3.0,32,2,122704.68786349664,122704.68786349664,286310.93834815884,6245.328514392354,-1.2926098711283411e-32,-3.2481842506470984e-34,0.21268812563006087,0.00811892706871006,0.0,0.0,0.0,0.0,0.0,0.0,0.0,0.0,0.0,0.0,0.0056310839534940635,0.006237854137420036,2.499140551557181e-09
3.0,32,3,120092.33130045874,120092.33130045857,280215.4397010698,6245.328514392279,2.106400488606176e-16,1.1105850186909434e-18,0.20816004092079465,0.008118927068709963,0.0,0.0,0.0,0.0,0.0,0.0,0.0,0.0,0.0,0.0,0.005741657628028285,0.0062378541374200356,1.592634021472427e-09
3.0,32,4,126780.18969756023,126780.18969756014,295820.44262764027,6543.846153846099,1.0337858220759857e-16,-5.686693207646046e-35,0.21975232880910417,0.008506999999999928,0.0,0.0,0.0,0.0,0.0,0.0,0.0,0.0,0.0,0.0,0.0055334144234657785,0.007013999999999999,2.4557936781734348e-09
3.0,32,5,124025.16502117299,124025.16502117299,289392.0517160703,6543.846153846097,-1.751190685720798e-32,8.629105940701733e-36,0.21497695270336653,0.008506999999999926,0.0,0.0,0.0,0.0,0.0,0.0,0.0,0.0,0.0,0.0,0.0056439880979999996,0.007014,4.007788097555367e-09
3.0,32,6,121387.41014267658,121387.41014267658,283237.290332912,6543.846153846109,2.301099621984421e-19,-2.3010996219845407e-19,0.2104048442473061,0.008506999999999942,0.0,0.0,0.0,0.0,0.0,0.0,0.0,0.0,0.0,0.0,0.0057545617725342215,0.007013999999999999,2.5539414437708085e-09
3.0,32,7,128186.56872372284,128186.56872372248,299101.9936886854,6842.36379329984,4.746494023840594e-16,4.5068931834406656e-20,0.22219005245445184,0.008895072931289792,0.0,0.0,0.0,0.0,0.0,0.0,0.0,0.0,0.0,0.0,0.005546920970371713,0.007790145862579962,1.538617525487391e-09
3.0,32,8,125404.0286180014,125404.0286180014,292609.40010866994,6842.363793299839,-1.298710735798415e-32,3.4039465100809196e-34,0.2173669829378691,0.00889507293128979,0.0,0.0,0.0,0.0,0.0,0.0,0.0,0.0,0.0,0.0,0.005657494644905935,0.007790145862579963,2.5108619235784905e-09
3.0,32,9,122739.81422762558,122739.81422762493,286392.8998644575,6842.36379329983,8.54164373520594e-16,2.8567484800764775e-19,0.21274901132788238,0.008895072931289778,0.0,0.0,0.0,0.0,0.0,0.0,0.0,0.0,0.0,0.0,0.005768068319440155,0.007790145862579962,1.5999598789857395e-09
3.0,33,1,136868.89460876244,136868.8946087626,319360.7540871129,7016.097745161614,-2.1346528573540084e-16,-3.1591050095807074e-20,0.2372394173218554,0.009120927068710098,0.0,0.0,0.0,0.0,0.0,0.0,0.0,0.0,0.0,0.0,0.005269558946651233,0.008241854137420037,1.4616822179752745e-09
3.0,33,2,133723.33217355367,133723.33217355367,312021.10840495856,7016.0977451616445,-9.285071781831621e-32,2.915772461494691e-33,0.2317871091008264,0.009120927068710137,0.0,0.0,0.0,0.0,0.0,0.0,0.0,0.0,0.0,0.0,0.005380132621185454,0.008241854137420037,2.3877654315590837e-09
3.0,33,3,130719.23552750121,130719.2355275012,305011.54956416937,7016.097745161568,2.23697208828387e-17,1.2493673763009863e-18,0.22658000824766872,0.009120927068710039,0.0,0.0,0.0,0.0,0.0,0.0,0.0,0.0,0.0,0.0,0.005490706295719674,0.008241854137420037,1.5230245714736019e-09
3.0,33,4,138449.56715299224,138449.567152992,323048.9900236478,7314.615384615434,3.054328535565753e-16,-2.4259355440621187e-34,0.23997924973185253,0.009509000000000064,0.0,0.0,0.0,0.0,0.0,0.0,0.0,0.0,0.0,0.0,0.005284018487465778,0.009018,2.3451088611473643e-09
3.0,33,5,135271.57088999997,135271.57088999997,315633.6654099999,7314.615384615434,-1.5911157766971831e-31,-2.7728220252872676e-34,0.23447072287599996,0.009509000000000064,0.0,0.0,0.0,0.0,0.0,0.0,0.0,0.0,0.0,0.0,0.005394592162000001,0.009018,3.830692390313586e-09
3.0,33,6,132236.34449765325,132236.3444976534,308551.4704945247,7314.615384615447,-1.8962057846335204e-16,-2.572100630065328e-19,0.22920966379593274,0.00950900000000008,0.0,0.0,0.0,0.0,0.0,0.0,0.0,0.0,0.0,0.0,0.0055051658365342215,0.009018,2.4432566267446516e-09
3.0,33,7,140091.4420088238,140091.44200882316,326880.0313539201,7613.133024069239,8.227856157950802e-16,5.579402478897482e-20,0.24282516614862604,0.00989707293129001,0.0,0.0,0.0,0.0,0.0,0.0,0.0,0.0,0.0,0.0,0.005299080430680324,0.00979414586257996,1.4698709542035833e-09
3.0,33,8,136879.85048563403,136879.85048563403,319386.31779981276,7613.1330240692405,-7.60352145399708e-32,-3.6084991246654964e-33,0.23725840750843236,0.009897072931290012,0.0,0.0,0.0,0.0,0.0,0.0,0.0,0.0,0.0,0.0,0.005409654105214546,0.009794145862579961,2.4008674095243617e-09
3.0,33,9,133812.37585777717,133812.37585777676,312228.8770014787,7613.133024069233,5.313117125441686e-16,3.234996062495646e-19,0.23194145148681253,0.009897072931290003,0.0,0.0,0.0,0.0,0.0,0.0,0.0,0.0,0.0,0.0,0.005520227779748766,0.009794145862579961,1.5312133077019078e-09
3.0,34,1,129032.27311457039,129032.27311457056,301075.3039339981,7016.097745161614,-2.1346528573540476e-16,-3.159105009581602e-20,0.22365594006525585,0.009120927068710098,0.0,0.0,0.0,0.0,0.0,0.0,0.0,0.0,0.0,0.0,0.005555058946651231,0.008241854137420037,1.5408748558139847e-09
3.0,34,2,126233.21928270084,126233.21928270084,294544.178326302,7016.0977451616445,-1.3357739601485346e-32,-5.566299059178902e-34,0.21880424675668148,0.009120927068710137,0.0,0.0,0.0,0.0,0.0,0.0,0.0,0.0,0.0,0.0,0.005665632621185453,0.008241854137420037,2.51447365210103e-09
3.0,34,3,123553.12366452218,123553.12366452217,288290.621883885,7016.097745161568,2.236972088283764e-17,1.2493673763009817e-18,0.21415874768517174,0.009120927068710039,0.0,0.0,0.0,0.0,0.0,0.0,0.0,0.0,0.0,0.0,0.005776206295719674,0.008241854137420037,1.602217209312335e-09
3.0,34,4,130531.83445455012,130531.83445454988,304574.2803939495,7314.615384615434,3.0543285355657554e-16,-3.540099666415741e-34,0.2262551797212195,0.009509000000000064,0.0,0.0,0.0,0.0,0.0,0.0,0.0,0.0,0.0,0.0,0.0055695184874657785,0.009018,2.471817081689272e-09
3.0,34,5,127703.55885880455,127703.55885880455,297974.97067054396,7314.615384615434,-1.7510044558473908e-32,-4.452799453328168e-34,0.22135283535526123,0.009509000000000064,0.0,0.0,0.0,0.0,0.0,0.0,0.0,0.0,0.0,0.0,0.005680092162,0.009018,4.033425543180708e-09
3.0,34,6,124995.35845352843,124995.35845352858,291655.8363915668,7314.6153846154475,-1.896205784633514e-16,-2.572100630065329e-19,0.21665862131944974,0.009509000000000082,0.0,0.0,0.0,0.0,0.0,0.0,0.0,0.0,0.0,0.0,0.005790665836534221,0.009018,2.5699648472866507e-09
3.0,34,7,132089.68607947417,132089.68607947353,308209.26751877094,7613.133024069238,8.227856157950851e-16,5.579402478898093e-20,0.22895545587108668,0.009897072931290008,0.0,0.0,0.0,0.0,0.0,0.0,0.0,0.0,0.0,0.0,0.0055845804306803234,0.00979414586257996,1.5490635920422774e-09
3.0,34,8,129231.1334954254,129231.1334954254,301539.31148932595,7613.1330240692405,-9.573988719660429e-33,-3.426645547412726e-34,0.22400063139207071,0.009897072931290012,0.0,0.0,0.0,0.0,0.0,0.0,0.0,0.0,0.0,0.0,0.0056951541052145446,0.009794145862579961,2.5275756300663116e-09
3.0,34,9,126493.81036080174,126493.81036080133,295152.2241752027,7613.133024069232,5.313117125441532e-16,3.234996062495575e-19,0.2192559379587218,0.009897072931290002,0.0,0.0,0.0,0.0,0.0,0.0,0.0,0.0,0.0,0.0,0.0058057277797487665,0.009794145862579961,1.6104059455406308e-09
4.0,1,1,433871.02009601495,267082.7728383361,456385.7873493275,3097.0546270602,0.2168304520397159,5.730604733355181e-06,0.24609964946902224,0.00402617101517826,0.0,0.0,0.0,0.0,0.0,0.0,0.0,0.0,0.0,0.0,9.906688935088664e-05,0.00027175416344815,1.0250185519760558e-10
4.0,1,2,420837.3072319773,254049.0599742984,425973.7906665729,3097.0546270601926,0.2168304520397159,5.730604733352482e-06,0.22350788050469023,0.00402617101517825,0.0,0.0,0.0,0.0,0.0,0.0,0.0,0.0,0.0,0.0,0.000429690567672125,0.0002717541634481501,7.113429019264646e-10
4.0,1,3,419160.3889246344,252372.14166695555,422060.98128277285,3097.0546270601867,0.2168304520397159,5.730604733354989e-06,0.2206012221052959,0.004026171015178243,0.0,0.0,0.0,0.0,0.0,0.0,0.0,0.0,0.0,0.0,0.0007603142459933634,0.00027175416344815006,7.866767722104813e-10
4.0,1,4,491486.54289775837,324700.034284801,590824.0356389038,3388.7118587537148,0.21682932192064694,6.860723802260711e-06,0.34596806248413614,0.004405325416379829,0.0,0.0,0.0,0.0,0.0,0.0,0.0,0.0,0.0,0.0,0.00010949090501209498,0.00124,1.8125968770459264e-10
4.0,1,5,434663.78269361594,267877.2740806585,458237.5951625715,3388.711858753714,0.21682932192064697,6.860723802260715e-06,0.2474752781302892,0.004405325416379828,0.0,0.0,0.0,0.0,0.0,0.0,0.0,0.0,0.0,0.0,0.0004401145833333334,0.00124,1.1657593941038152e-09
4.0,1,6,427015.23554767296,260228.72693471544,440390.985155371,3388.711858753716,0.21682932192064705,6.860723802261078e-06,0.2342177964106545,0.004405325416379831,0.0,0.0,0.0,0.0,0.0,0.0,0.0,0.0,0.0,0.0,0.0007707382616545717,0.00124,1.2759395549251859e-09
4.0,1,7,547981.0367091073,381196.4230982574,722646.7320345102,3680.3700799467165,0.21682809016927712,8.092475172112383e-06,0.44389349409230083,0.004784481103930731,0.0,0.0,0.0,0.0,0.0,0.0,0.0,0.0,0.0,0.0,0.00012085242067330325,0.0022082458365518497,1.2504276055604423e-10
4.0,1,8,449359.9453030528,282575.3316922028,492530.8520870493,3680.370079946716,0.2168280901692772,8.092475172112474e-06,0.2729502689884727,0.0047844811039307305,0.0,0.0,0.0,0.0,0.0,0.0,0.0,0.0,0.0,0.0,0.00045147609899454165,0.0022082458365518497,7.474083504999662e-10
4.0,1,9,435455.35993126256,268670.7463204125,460086.819552872,3680.370079946716,0.21682809016927726,8.092475172112152e-06,0.2488489876773695,0.0047844811039307305,0.0,0.0,0.0,0.0,0.0,0.0,0.0,0.0,0.0,0.0,0.00078209977731578,0.00220824583655185,8.0921767756892e-10
4.0,2,1,418721.03314382595,251932.78588614735,421035.8177942206,3097.0546270602,0.21683045203971565,5.730604733355165e-06,0.2198396720852286,0.00402617101517826,0.0,0.0,0.0,0.0,0.0,0.0,0.0,0.0,0.0,0.0,0.0009527335560175533,0.00027175416344815,9.857678750255129e-10
4.0,2,2,418274.1292576654,251485.88199998654,419993.0420598452,3097.054627060218,0.21683045203971596,5.730604733352171e-06,0.21906503868254962,0.004026171015178283,0.0,0.0,0.0,0.0,0.0,0.0,0.0,0.0,0.0,0.0,0.0012833572343387916,0.0002717541634481501,2.1245685336511067e-09
4.0,2,3,418010.4839326214,251222.23667494243,419377.8696347422,3097.054627060201,0.21683045203971604,5.730604733354826e-06,0.21860805345247308,0.004026171015178261,0.0,0.0,0.0,0.0,0.0,0.0,0.0,0.0,0.0,0.0,0.0016139809126600301,0.00027175416344815006,1.669942792038388e-09
4.0,2,4,424997.96573049517,258211.45711753774,435684.0222486231,3388.7118587537166,0.21682932192064694,6.860723802260727e-06,0.23072119539421324,0.0044053254163798315,0.0,0.0,0.0,0.0,0.0,0.0,0.0,0.0,0.0,0.0,0.0009631575716787617,0.00124,1.5944853194292344e-09
4.0,2,5,422940.3126751196,256153.80406216218,430882.8317860801,3388.711858753714,0.21682932192064697,6.860723802260715e-06,0.22715459676489555,0.004405325416379828,0.0,0.0,0.0,0.0,0.0,0.0,0.0,0.0,0.0,0.0,0.00129378125,0.00124,3.426920404863227e-09
4.0,2,6,421723.7077507733,254937.19913781586,428044.08696260536,3388.7118587537148,0.2168293219206469,6.860723802261067e-06,0.22504581489602865,0.004405325416379829,0.0,0.0,0.0,0.0,0.0,0.0,0.0,0.0,0.0,0.0,0.001624404928321238,0.00124,2.6891651866498263e-09
4.0,2,7,431761.96305720287,264977.3494463532,451468.8935134008,3680.3700799467238,0.2168280901692767,8.092475172112427e-06,0.24244709976233397,0.004784481103930741,0.0,0.0,0.0,0.0,0.0,0.0,0.0,0.0,0.0,0.0,0.0009745190873399698,0.0022082458365518497,1.0083087803839513e-09
4.0,2,8,427983.2973828871,261198.6837720371,442652.00693999603,3680.370079946692,0.2168280901692772,8.092475172112822e-06,0.23589741259351885,0.004784481103930699,0.0,0.0,0.0,0.0,0.0,0.0,0.0,0.0,0.0,0.0,0.0013051427656612085,0.0022082458365518497,2.160633982224608e-09
4.0,2,9,425743.7245602901,258959.11094943984,437426.3370206023,3680.370079946705,0.21682809016927745,8.092475172112196e-06,0.23201548636768338,0.004784481103930717,0.0,0.0,0.0,0.0,0.0,0.0,0.0,0.0,0.0,0.0,0.0016357664439824466,0.00220824583655185,1.6924836973968265e-09
4.0,3,1,417901.50859005284,251113.26133237383,419123.59383541544,3097.0546270602335,0.2168304520397161,5.730604733354809e-06,0.21841916285868745,0.004026171015178303,0.0,0.0,0.0,0.0,0.0,0.0,0.0,0.0,0.0,0.0,0.0018064002226842197,0.00027175416344815,1.8690338948534168e-09
4.0,3,2,417760.1219422002,250971.8746845214,418793.69165709324,3097.0546270602294,0.21683045203971582,5.730604733352329e-06,0.2181740926690768,0.004026171015178298,0.0,0.0,0.0,0.0,0.0,0.0,0.0,0.0,0.0,0.0,0.002137023901005458,0.0002717541634481501,3.537794165375747e-09
4.0,3,3,417656.6441534526,250868.3968957736,418552.2434833483,3097.054627060237,0.21683045203971607,5.730604733354727e-06,0.2179947311685804,0.0040261710151783085,0.0,0.0,0.0,0.0,0.0,0.0,0.0,0.0,0.0,0.0,0.0024676475793266963,0.00027175416344815006,2.5532088118663014e-09
4.0,3,4,421220.2446590838,254433.7360461263,426869.3397486631,3388.711858753716,0.21682932192064697,6.860723802260716e-06,0.22417314553710005,0.004405325416379831,0.0,0.0,0.0,0.0,0.0,0.0,0.0,0.0,0.0,0.0,0.0018168242383454281,0.00124,3.007710951153875e-09
4.0,3,5,420566.5264057522,253780.0177927948,425343.99715755624,3388.7118587537148,0.2168293219206469,6.860723802260712e-06,0.22304003389799215,0.004405325416379829,0.0,0.0,0.0,0.0,0.0,0.0,0.0,0.0,0.0,0.0,0.0021474479166666664,0.00124,5.688081415622638e-09
4.0,3,6,420087.7147034243,253301.206090467,424226.76985212474,3388.7118587537107,0.21682932192064686,6.860723802261047e-06,0.22221009361395733,0.004405325416379824,0.0,0.0,0.0,0.0,0.0,0.0,0.0,0.0,0.0,0.0,0.002478071594987905,0.00124,4.102390818374471e-09
4.0,3,7,424815.7522714338,258031.13866058367,435261.0683466047,3680.370079946712,0.21682809016927732,8.092475172112403e-06,0.23040700106699952,0.004784481103930725,0.0,0.0,0.0,0.0,0.0,0.0,0.0,0.0,0.0,0.0,0.0018281857540066362,0.0022082458365518497,1.891574800211854e-09
4.0,3,8,423609.80191799696,256825.188307147,432447.1841885861,3680.370079946682,0.216828090169277,8.092475172112664e-06,0.22831668712104292,0.004784481103930686,0.0,0.0,0.0,0.0,0.0,0.0,0.0,0.0,0.0,0.0,0.0021588094323278747,0.0022082458365518497,3.5738596139492514e-09
4.0,3,9,422725.771433776,255941.15782292618,430384.4463920708,3680.370079946647,0.21682809016927695,8.092475172112486e-06,0.22678436761506018,0.004784481103930641,0.0,0.0,0.0,0.0,0.0,0.0,0.0,0.0,0.0,0.0,0.002489433110649113,0.00220824583655185,2.5757497172247415e-09
4.0,4,1,417608.2690908442,250820.021833165,418439.36833726126,3097.054627060228,0.21683045203971635,5.730604733355221e-06,0.21791088106005851,0.004026171015178296,0.0,0.0,0.0,0.0,0.0,0.0,0.0,0.0,0.0,0.0,0.0026600668893508868,0.00027175416344815,2.7522999146813293e-09
4.0,4,2,417539.69271985744,250751.44546217844,418279.35680495953,3097.0546270602467,0.21683045203971604,5.730604733352232e-06,0.21779201535034884,0.004026171015178321,0.0,0.0,0.0,0.0,0.0,0.0,0.0,0.0,0.0,0.0,0.0029906905676721253,0.0002717541634481501,4.951019797100389e-09
4.0,4,3,417484.7752362883,250696.5279786095,418151.21600996534,3097.0546270601535,0.21683045203971596,5.730604733355879e-06,0.21769682504549598,0.004026171015178199,0.0,0.0,0.0,0.0,0.0,0.0,0.0,0.0,0.0,0.0,0.003321314245993364,0.00027175416344815006,3.4364748316942032e-09
4.0,4,4,419863.7666874266,253077.25807446887,423704.22448146204,3388.711858753699,0.21682932192064736,6.860723802260826e-06,0.22182191705289345,0.004405325416379808,0.0,0.0,0.0,0.0,0.0,0.0,0.0,0.0,0.0,0.0,0.002670490905012095,0.00124,4.42093658287852e-09
4.0,4,5,419546.18133517104,252759.6727222135,422963.1919928664,3388.7118587537075,0.2168293219206471,6.860723802260693e-06,0.22127143577565106,0.004405325416379819,0.0,0.0,0.0,0.0,0.0,0.0,0.0,0.0,0.0,0.0,0.003001114583333333,0.00124,7.949242426382047e-09
4.0,4,6,419291.7527673574,252505.2441544001,422369.5253346354,3388.7118587537097,0.21682932192064677,6.86072380226104e-06,0.22083042625810817,0.004405325416379823,0.0,0.0,0.0,0.0,0.0,0.0,0.0,0.0,0.0,0.0,0.0033317382616545725,0.00124,5.515616450099104e-09
4.0,4,7,422312.08103541454,255527.46742456473,429419.16879589413,3680.3700799467133,0.2168280901692769,8.092475172111712e-06,0.2260673042579004,0.004784481103930727,0.0,0.0,0.0,0.0,0.0,0.0,0.0,0.0,0.0,0.0,0.0026818524206733032,0.0022082458365518497,2.774840820039765e-09
4.0,4,8,421725.182960095,254940.56934924494,428049.739953481,3680.3700799466437,0.21682809016927723,8.092475172112801e-06,0.22505001426067905,0.004784481103930637,0.0,0.0,0.0,0.0,0.0,0.0,0.0,0.0,0.0,0.0,0.0030124760989945418,0.0022082458365518497,4.987085245673889e-09
4.0,4,9,421254.7996314678,254470.18602061784,426952.1788533512,3680.370079946646,0.21682809016927712,8.0924751721124e-06,0.22423468315772555,0.004784481103930639,0.0,0.0,0.0,0.0,0.0,0.0,0.0,0.0,0.0,0.0,0.00334309977731578,0.00220824583655185,3.4590157370526384e-09
4.0,5,1,417457.5734710435,250669.3262133645,418087.7452243937,3097.0546270602586,0.21683045203971607,5.73060473335483e-06,0.21764967531907126,0.004026171015178336,0.0,0.0,0.0,0.0,0.0,0.0,0.0,0.0,0.0,0.0,0.003513733556017553,0.00027175416344815,3.635565934509229e-09
4.0,5,2,417417.1956207559,250628.94836307724,417993.53024039033,3097.0546270602467,0.21683045203971568,5.730604733352254e-06,0.2175796870452404,0.004026171015178321,0.0,0.0,0.0,0.0,0.0,0.0,0.0,0.0,0.0,0.0,0.003844357234338792,0.0002717541634481501,6.364245428825032e-09
4.0,5,3,417383.2151377183,250594.96788003965,417914.24244663597,3097.0546270601985,0.21683045203971565,5.7306047333552735e-06,0.2175207875413086,0.004026171015178258,0.0,0.0,0.0,0.0,0.0,0.0,0.0,0.0,0.0,0.0,0.00417498091266003,0.00027175416344815006,4.3197408515221175e-09
4.0,5,4,419165.69636299566,252379.18775003802,422075.39372445684,3388.7118587537075,0.21682932192064722,6.8607238022607e-06,0.22061192849054678,0.004405325416379819,0.0,0.0,0.0,0.0,0.0,0.0,0.0,0.0,0.0,0.0,0.003524157571678762,0.00124,5.834162214603162e-09
4.0,5,5,418978.5403937439,252192.0317807867,421638.69646287075,3388.7118587537093,0.21682932192064672,6.860723802260682e-06,0.22028752481051161,0.004405325416379822,0.0,0.0,0.0,0.0,0.0,0.0,0.0,0.0,0.0,0.0,0.0038547812500000006,0.00124,1.0210403437141465e-08
4.0,5,6,418820.9999713293,252034.49135837256,421271.10214390495,3388.711858753711,0.21682932192064608,6.860723802261014e-06,0.22001445474499443,0.004405325416379825,0.0,0.0,0.0,0.0,0.0,0.0,0.0,0.0,0.0,0.0,0.0041854049283212395,0.00124,6.928842081823759e-09
4.0,5,7,421021.6830004686,254237.06938961882,426408.240047687,3680.370079946655,0.21682809016927684,8.092475172112628e-06,0.22383061433066084,0.0047844811039306516,0.0,0.0,0.0,0.0,0.0,0.0,0.0,0.0,0.0,0.0,0.0035355190873399694,0.0022082458365518497,3.658106839867666e-09
4.0,5,8,420675.494438199,253890.88082734914,425600.46673572436,3680.370079946681,0.21682809016927698,8.092475172112232e-06,0.22323055415605994,0.004784481103930685,0.0,0.0,0.0,0.0,0.0,0.0,0.0,0.0,0.0,0.0,0.0038661427656612084,0.0022082458365518497,6.400310877398537e-09
4.0,5,9,420384.0123587146,253599.39874786427,424920.34188359254,3680.3700799465655,0.2168280901692776,8.092475172113653e-06,0.22272531855161892,0.004784481103930535,0.0,0.0,0.0,0.0,0.0,0.0,0.0,0.0,0.0,0.0,0.0041967664439824465,0.00220824583655185,4.342281756880555e-09
4.0,6,1,417365.8080684142,250577.56081073478,417873.6259515905,3097.0546270601963,0.21683045203971665,5.73060473335535e-06,0.21749061528784583,0.004026171015178255,0.0,0.0,0.0,0.0,0.0,0.0,0.0,0.0,0.0,0.0,0.0043674002226842205,0.00027175416344815,4.518831954337134e-09
4.0,6,2,417339.229371748,250550.98211406922,417811.60899270495,3097.05462706014,0.2168304520397158,5.73060473335263e-06,0.21744454554695977,0.004026171015178182,0.0,0.0,0.0,0.0,0.0,0.0,0.0,0.0,0.0,0.0,0.0046980239010054594,0.0002717541634481501,7.777471060549676e-09
4.0,6,3,417316.1466622362,250527.89940455795,417757.749337179,3097.054627060208,0.21683045203971518,5.730604733353623e-06,0.21740453551714078,0.00402617101517827,0.0,0.0,0.0,0.0,0.0,0.0,0.0,0.0,0.0,0.0,0.005028647579326697,0.00027175416344815006,5.203006871350022e-09
4.0,6,4,418740.28416490665,251953.7755519491,421082.7652622495,3388.7118587537047,0.2168293219206471,6.860723802260704e-06,0.2198745473471928,0.004405325416379816,0.0,0.0,0.0,0.0,0.0,0.0,0.0,0.0,0.0,0.0,0.004377824238345429,0.00124,7.247387846327811e-09
4.0,6,5,418617.0228088361,251830.51419587876,420795.15543141897,3388.711858753709,0.21682932192064677,6.860723802260693e-06,0.21966089433000452,0.004405325416379821,0.0,0.0,0.0,0.0,0.0,0.0,0.0,0.0,0.0,0.0,0.004708447916666667,0.00124,1.2471564447900867e-08
4.0,6,6,418509.95765026216,251723.44903730502,420545.33672808035,3388.7118587537193,0.21682932192064658,6.86072380226121e-06,0.2194753147218102,0.004405325416379835,0.0,0.0,0.0,0.0,0.0,0.0,0.0,0.0,0.0,0.0,0.005039071594987905,0.00124,8.342067713548383e-09
4.0,6,7,420234.6452233469,253450.03161249636,424571.8185677339,3680.3700799466264,0.21682809016927787,8.092475172113257e-06,0.22246641551698096,0.004784481103930614,0.0,0.0,0.0,0.0,0.0,0.0,0.0,0.0,0.0,0.0,0.004389185754006637,0.0022082458365518497,4.5413728596955664e-09
4.0,6,8,420006.511758614,253221.89814776398,424039.5071500255,3680.3700799466706,0.21682809016927715,8.09247517211363e-06,0.22207098417811216,0.0047844811039306715,0.0,0.0,0.0,0.0,0.0,0.0,0.0,0.0,0.0,0.0,0.004719809432327876,0.0022082458365518497,7.81353650912318e-09
4.0,6,9,419808.3205934303,253023.7069825807,423577.0610979316,3680.3700799467997,0.21682809016927665,8.092475172112506e-06,0.22172745282512832,0.00478448110393084,0.0,0.0,0.0,0.0,0.0,0.0,0.0,0.0,0.0,0.0,0.005050433110649113,0.00220824583655185,5.225547776708471e-09
4.0,7,1,580129.6078773099,413346.169114721,797661.4354166206,3850.1124157920917,0.21682732651790737,8.856126541896408e-06,0.4996187023190114,0.005005146140529719,0.0,0.0,0.0,0.0,0.0,0.0,0.0,0.0,0.0,0.0,0.000127896274759507,0.0027717541634481495,1.3233084758802742e-10
4.0,7,2,458281.7731188215,291498.3343562326,513349.82098014763,3850.1124157920926,0.2168273265179074,8.856126541893735e-06,0.28841578873763146,0.00500514614052972,0.0,0.0,0.0,0.0,0.0,0.0,0.0,0.0,0.0,0.0,0.0004585199530807455,0.0027717541634481495,7.590692897511388e-10
4.0,7,3,440625.7463857401,273842.3076231512,472152.4252696242,3850.1124157920826,0.21682732651790745,8.856126541896258e-06,0.2578120090669569,0.005005146140529707,0.0,0.0,0.0,0.0,0.0,0.0,0.0,0.0,0.0,0.0,0.0007891436314019837,0.00277175416344815,8.165057646009025e-10
4.0,7,4,633832.5917608645,467051.29535050236,922970.8972225125,4141.772376274939,0.21682593398895994,1.0248655489319501e-05,0.5927057310891025,0.005384304089157421,0.0,0.0,0.0,0.0,0.0,0.0,0.0,0.0,0.0,0.0,0.000140740905012095,0.00374,2.3299334759298985e-10
4.0,7,5,474190.6657060874,307409.36929572537,550473.0697613661,4141.772376274942,0.21682593398896,1.0248655489319505e-05,0.3159930592608223,0.005384304089157424,0.0,0.0,0.0,0.0,0.0,0.0,0.0,0.0,0.0,0.0,0.00047136458333333335,0.00374,1.24853324992525e-09
4.0,7,6,449933.8069182505,283152.51050788845,493873.73258974653,4141.7723762749365,0.21682593398896005,1.0248655489319845e-05,0.27394783736190487,0.005384304089157418,0.0,0.0,0.0,0.0,0.0,0.0,0.0,0.0,0.0,0.0,0.0008019882616545718,0.00374,1.3276732148135835e-09
4.0,7,7,685335.8278918988,518556.8301838202,1043147.7966809232,4433.433546119807,0.21682443983247573,1.1742811973575301e-05,0.6819799992582076,0.005763463609955749,0.0,0.0,0.0,0.0,0.0,0.0,0.0,0.0,0.0,0.0,0.00015452303526468288,0.004708245836551849,1.5988084302611934e-10
4.0,7,8,490762.29007155896,323983.2923634804,589142.8751001304,4433.433546119801,0.2168244398324757,1.174281197357537e-05,0.3447192003696187,0.00576346360995574,0.0,0.0,0.0,0.0,0.0,0.0,0.0,0.0,0.0,0.0,0.00048514671358592136,0.00470824583655185,8.031492824520865e-10
4.0,7,9,459752.1853124411,292973.18760436255,516785.9639955222,4433.433546119793,0.21682443983247568,1.1742811973575008e-05,0.2909683521204811,0.005763463609955731,0.0,0.0,0.0,0.0,0.0,0.0,0.0,0.0,0.0,0.0,0.0008157703919071596,0.004708245836551848,8.440557600389947e-10
4.0,8,1,435915.5043327496,269132.065570161,461161.86047931394,3850.112415792094,0.2168273265179071,8.856126541896383e-06,0.24964758950844082,0.005005146140529722,0.0,0.0,0.0,0.0,0.0,0.0,0.0,0.0,0.0,0.0,0.0009815629414261736,0.0027717541634481495,1.015596867415934e-09
4.0,8,2,431087.62189947616,264304.18313688727,449896.8014683418,3850.1124157921145,0.2168273265179074,8.856126541893335e-06,0.24127925995743282,0.005005146140529749,0.0,0.0,0.0,0.0,0.0,0.0,0.0,0.0,0.0,0.0,0.0013121866197474122,0.0027717541634481495,2.1722949214757797e-09
4.0,8,3,428221.9332417042,261438.4944791153,443210.19460020703,3850.112415792096,0.2168273265179075,8.856126541896056e-06,0.23631206628396123,0.005005146140529724,0.0,0.0,0.0,0.0,0.0,0.0,0.0,0.0,0.0,0.0,0.0016428102980686507,0.00277175416344815,1.6997717844288082e-09
4.0,8,4,443412.09479391045,276630.7983835485,478656.4042996202,4141.772376274939,0.21682593398895988,1.0248655489319491e-05,0.2626435363463825,0.0053843040891574205,0.0,0.0,0.0,0.0,0.0,0.0,0.0,0.0,0.0,0.0,0.0009944075716787615,0.00374,1.6462189793176313e-09
4.0,8,5,436705.2110729383,269923.9146625762,463007.00895068474,4141.772376274942,0.21682593398895994,1.0248655489319506e-05,0.25101827123003045,0.005384304089157425,0.0,0.0,0.0,0.0,0.0,0.0,0.0,0.0,0.0,0.0,0.0013250312500000003,0.00374,3.5096942606846616e-09
4.0,8,6,432713.4847996016,265932.1883892396,453692.98097956605,4141.772376274942,0.21682593398895986,1.0248655489319855e-05,0.24409927902291376,0.005384304089157425,0.0,0.0,0.0,0.0,0.0,0.0,0.0,0.0,0.0,0.0,0.0016556549283212383,0.00374,2.740898846538223e-09
4.0,8,7,451346.4455932237,284567.4478851453,497172.5713173489,4433.433546119803,0.21682443983247537,1.1742811973575288e-05,0.27639840327383824,0.005763463609955745,0.0,0.0,0.0,0.0,0.0,0.0,0.0,0.0,0.0,0.0,0.0010081897019313495,0.004708245836551849,1.0431468628540268e-09
4.0,8,8,442671.5295657868,275892.5318577082,476931.10058666195,4433.43354611978,0.21682443983247576,1.1742811973575806e-05,0.2613618821596135,0.0057634636099557135,0.0,0.0,0.0,0.0,0.0,0.0,0.0,0.0,0.0,0.0,0.0013388133802525878,0.00470824583655185,2.216374914176729e-09
4.0,8,9,437493.73842174234,270714.7407136636,464849.5879172244,4433.433546119793,0.21682443983247593,1.1742811973575128e-05,0.2523870441766027,0.005763463609955732,0.0,0.0,0.0,0.0,0.0,0.0,0.0,0.0,0.0,0.0,0.001669437058573826,0.004708245836551848,1.7273217798669015e-09
4.0,9,1,427033.59844155307,260250.15967896412,440437.41339985427,3850.1124157921213,0.21682732651790756,8.856126541895917e-06,0.23425228596369915,0.005005146140529757,0.0,0.0,0.0,0.0,0.0,0.0,0.0,0.0,0.0,0.0,0.0018352296080928403,0.0027717541634481495,1.8988628872438392e-09
4.0,9,2,425488.47784526297,258705.03908267425,436832.1320085116,3850.112415792103,0.2168273265179072,8.856126541893427e-06,0.23157407693013046,0.005005146140529734,0.0,0.0,0.0,0.0,0.0,0.0,0.0,0.0,0.0,0.0,0.0021658532864140784,0.0027717541634481495,3.58552055320042e-09
4.0,9,3,424355.2306056008,257571.79184301198,434187.8884492995,3850.112415792115,0.21682732651790737,8.856126541895853e-06,0.2296097817147157,0.0050051461405297495,0.0,0.0,0.0,0.0,0.0,0.0,0.0,0.0,0.0,0.0,0.002496476964735317,0.00277175416344815,2.58303780425672e-09
4.0,9,4,431055.8590234672,264274.5626131053,449825.1875019192,4141.77237627494,0.21682593398895983,1.024865548931949e-05,0.24122606101094754,0.005384304089157422,0.0,0.0,0.0,0.0,0.0,0.0,0.0,0.0,0.0,0.0,0.0018480742383454281,0.00374,3.059444611042273e-09
4.0,9,5,428898.4838719707,262117.18746160867,444791.31214842724,4141.772376274942,0.21682593398895986,1.02486554893195e-05,0.23748661074835348,0.005384304089157425,0.0,0.0,0.0,0.0,0.0,0.0,0.0,0.0,0.0,0.0,0.0021786979166666665,0.00374,5.770855271444072e-09
4.0,9,6,427314.7020104635,260533.40560010157,441095.82113824395,4141.772376274951,0.21682593398895986,1.0248655489319896e-05,0.23474138885507445,0.005384304089157436,0.0,0.0,0.0,0.0,0.0,0.0,0.0,0.0,0.0,0.0,0.002509321594987905,0.00374,4.154124478262868e-09
4.0,9,7,435340.3350424568,268561.3373343783,459824.98003222543,4433.433546119808,0.21682443983247573,1.174281197357534e-05,0.24865447831917492,0.00576346360995575,0.0,0.0,0.0,0.0,0.0,0.0,0.0,0.0,0.0,0.0,0.001861856368598016,0.004708245836551849,1.926412882681931e-09
4.0,9,8,432534.8540002219,265755.85629214346,453278.8576003444,4433.433546119791,0.21682443983247554,1.1742811973575718e-05,0.2437916445126348,0.005763463609955728,0.0,0.0,0.0,0.0,0.0,0.0,0.0,0.0,0.0,0.0,0.002192480046919254,0.00470824583655185,3.6296005459013723e-09
4.0,9,9,430473.2207210589,263694.2230129803,448468.3799489636,4433.433546119779,0.21682443983247573,1.1742811973575701e-05,0.24021814682875184,0.005763463609955713,0.0,0.0,0.0,0.0,0.0,0.0,0.0,0.0,0.0,0.0,0.0025231037252404927,0.004708245836551848,2.6105877996948174e-09
4.0,10,1,423824.74661654036,257041.30785395112,432950.0924748237,3850.1124157921085,0.21682732651790787,8.856126541896398e-06,0.22869027613367632,0.005005146140529741,0.0,0.0,0.0,0.0,0.0,0.0,0.0,0.0,0.0,0.0,0.0026888962747595073,0.0027717541634481495,2.7821289070717497e-09
4.0,10,2,423071.9684143587,256288.52965176976,431193.61000306753,3850.1124157921286,0.2168273265179075,8.856126541893346e-06,0.227385460583229,0.005005146140529767,0.0,0.0,0.0,0.0,0.0,0.0,0.0,0.0,0.0,0.0,0.003019519953080746,0.0027717541634481495,4.9987461849250585e-09
4.0,10,3,422468.47868301976,255685.03992043092,429785.46729661024,3850.112415792035,0.21682732651790743,8.856126541897303e-06,0.22633941171557512,0.0050051461405296455,0.0,0.0,0.0,0.0,0.0,0.0,0.0,0.0,0.0,0.0,0.003350143631401983,0.00277175416344815,3.466303824084621e-09
4.0,10,4,426572.88611265,259791.5897022877,439364.9173766778,4141.772376274945,0.21682593398896036,1.0248655489319738e-05,0.23345557463219654,0.005384304089157428,0.0,0.0,0.0,0.0,0.0,0.0,0.0,0.0,0.0,0.0,0.002701740905012095,0.00374,4.472670242766918e-09
4.0,10,5,425519.74583646003,258738.44942609785,436907.5900655685,4141.772376274954,0.2168259339889601,1.0248655489319576e-05,0.23163013148680114,0.00538430408915744,0.0,0.0,0.0,0.0,0.0,0.0,0.0,0.0,0.0,0.0,0.003032364583333333,0.00374,8.032016282203481e-09
4.0,10,6,424675.0593289734,257893.76291861155,434936.65488143405,4141.7723762749565,0.21682593398895975,1.0248655489319918e-05,0.23016600820715857,0.005384304089157443,0.0,0.0,0.0,0.0,0.0,0.0,0.0,0.0,0.0,0.0,0.0033629882616545716,0.00374,5.567350109987499e-09
4.0,10,7,429506.9867174367,262727.98900935834,446213.8339405126,4433.433546119856,0.21682443983247543,1.1742811973574757e-05,0.23854334122247411,0.005763463609955813,0.0,0.0,0.0,0.0,0.0,0.0,0.0,0.0,0.0,0.0,0.0027155230352646827,0.004708245836551849,2.8096789025098424e-09
4.0,10,8,428134.5858962999,261355.58818822127,443011.5653578591,4433.433546119784,0.2168244398324758,1.1742811973576065e-05,0.23616451313250275,0.0057634636099557195,0.0,0.0,0.0,0.0,0.0,0.0,0.0,0.0,0.0,0.0,0.0030461467135859213,0.00470824583655185,5.0428261776260136e-09
4.0,10,9,427033.2726306795,260254.2749226009,440441.8344047449,4433.433546119789,0.2168244398324757,1.1742811973575664e-05,0.23425557013876086,0.005763463609955726,0.0,0.0,0.0,0.0,0.0,0.0,0.0,0.0,0.0,0.0,0.003376770391907159,0.004708245836551848,3.4938538195227093e-09
4.0,11,1,422169.3439609922,255385.90519840317,429087.48627854546,3850.1124157921386,0.21682732651790756,8.856126541895905e-06,0.2258209115307269,0.00500514614052978,0.0,0.0,0.0,0.0,0.0,0.0,0.0,0.0,0.0,0.0,0.003542562941426174,0.0027717541634481495,3.6653949268996494e-09
4.0,11,2,421725.0519053842,254941.61314279557,428050.8048154614,3850.112415792127,0.21682732651790715,8.856126541893366e-06,0.2250508053010075,0.005005146140529765,0.0,0.0,0.0,0.0,0.0,0.0,0.0,0.0,0.0,0.0,0.003873186619747412,0.0027717541634481495,6.4119718166497005e-09
4.0,11,3,421350.9101036292,254567.47134104065,427177.8072780333,3850.1124157920813,0.21682732651790707,8.856126541896546e-06,0.22440229284463234,0.005005146140529705,0.0,0.0,0.0,0.0,0.0,0.0,0.0,0.0,0.0,0.0,0.00420381029806865,0.00277175416344815,4.349569843912534e-09
4.0,11,4,424256.23688726,257474.9404768978,433959.4025174349,4141.772376274954,0.21682593398896022,1.0248655489319583e-05,0.22944004930818757,0.00538430408915744,0.0,0.0,0.0,0.0,0.0,0.0,0.0,0.0,0.0,0.0,0.0035554075716787616,0.00374,5.885895874491559e-09
4.0,11,5,423634.0155639722,256852.71915361035,432507.55276309786,4141.7723762749565,0.21682593398895972,1.0248655489319557e-05,0.22836153234782314,0.005384304089157443,0.0,0.0,0.0,0.0,0.0,0.0,0.0,0.0,0.0,0.0,0.0038860312499999997,0.00374,1.0293177292962898e-08
4.0,11,6,423109.8877116322,256328.59130127082,431284.5877743062,4141.77237627496,0.21682593398895905,1.0248655489319886e-05,0.22745304407043535,0.005384304089157448,0.0,0.0,0.0,0.0,0.0,0.0,0.0,0.0,0.0,0.0,0.004216654928321239,0.00374,6.980575741712152e-09
4.0,11,7,426487.0217724696,259708.02406439133,439167.2490689228,4433.433546119798,0.21682443983247537,1.1742811973575862e-05,0.23330873531786459,0.005763463609955738,0.0,0.0,0.0,0.0,0.0,0.0,0.0,0.0,0.0,0.0,0.0035691897019313494,0.004708245836551849,3.6929449223377446e-09
4.0,11,8,425675.26089606143,258896.26318798302,437273.1403573033,4433.433546119822,0.2168244398324755,1.1742811973575369e-05,0.23190168313209006,0.005763463609955768,0.0,0.0,0.0,0.0,0.0,0.0,0.0,0.0,0.0,0.0,0.0038998133802525883,0.00470824583655185,6.4560518093506606e-09
4.0,11,9,424991.2645787111,258212.26687063227,435677.14895015117,4433.433546119709,0.2168244398324761,1.1742811973577176e-05,0.2307160895153482,0.0057634636099556215,0.0,0.0,0.0,0.0,0.0,0.0,0.0,0.0,0.0,0.0,0.004230437058573826,0.004708245836551848,4.377119839350629e-09
4.0,12,1,421159.1638820601,254375.72511947062,426730.3994277023,3850.1124157921026,0.21682732651790823,8.856126541896683e-06,0.22406993272724313,0.005005146140529733,0.0,0.0,0.0,0.0,0.0,0.0,0.0,0.0,0.0,0.0,0.00439622960809284,0.0027717541634481495,4.548660946727552e-09
4.0,12,2,420866.27604235307,254082.83727976406,426046.99446838745,3850.1124157920963,0.21682732651790762,8.856126541894182e-06,0.22356226047175237,0.005005146140529725,0.0,0.0,0.0,0.0,0.0,0.0,0.0,0.0,0.0,0.0,0.0047268532864140796,0.0027717541634481495,7.825197448374345e-09
4.0,12,3,420611.80259826826,253828.36383567954,425453.22309885715,3850.112415792177,0.2168273265179073,8.856126541894889e-06,0.22312117316867286,0.00500514614052983,0.0,0.0,0.0,0.0,0.0,0.0,0.0,0.0,0.0,0.0,0.005057476964735317,0.00277175416344815,5.2328358637404454e-09
4.0,12,4,422841.22089750273,256059.9244871402,430657.6985413335,4141.772376274957,0.21682593398896063,1.0248655489319625e-05,0.22698735492594063,0.005384304089157445,0.0,0.0,0.0,0.0,0.0,0.0,0.0,0.0,0.0,0.0,0.004409074238345428,0.00374,7.299121506216214e-09
4.0,12,5,422430.76888697455,255649.47247661243,429699.97718343575,4141.772376274955,0.21682593398896013,1.024865548931957e-05,0.2262759047743597,0.0053843040891574405,0.0,0.0,0.0,0.0,0.0,0.0,0.0,0.0,0.0,0.0,0.004739697916666667,0.00374,1.2554338303722308e-08
4.0,12,6,422074.0821889954,255292.7857786335,428867.70822148514,4141.772376274914,0.21682593398895977,1.0248655489319864e-05,0.22565764783119652,0.0053843040891573875,0.0,0.0,0.0,0.0,0.0,0.0,0.0,0.0,0.0,0.0,0.0050703215949879045,0.00374,8.393801373436779e-09
4.0,12,7,424640.57509078155,257861.57738270206,434858.87347831344,4433.433546119758,0.2168244398324769,1.174281197357657e-05,0.23010822773626838,0.005763463609955685,0.0,0.0,0.0,0.0,0.0,0.0,0.0,0.0,0.0,0.0,0.004422856368598016,0.004708245836551849,4.576210942165648e-09
4.0,12,8,424104.7166234102,257325.71891533185,433608.5370544507,4433.433546119736,0.21682443983247543,1.1742811973576658e-05,0.22917940639282813,0.005763463609955657,0.0,0.0,0.0,0.0,0.0,0.0,0.0,0.0,0.0,0.0,0.004753480046919254,0.00470824583655185,7.8692774410753e-09
4.0,12,9,423638.95483412937,256859.95712605186,432521.7595461316,4433.43354611975,0.21682443983247432,1.1742811973574749e-05,0.22837208595807723,0.005763463609955674,0.0,0.0,0.0,0.0,0.0,0.0,0.0,0.0,0.0,0.0,0.005084103725240492,0.004708245836551848,5.260385859178539e-09
4.0,13,1,714213.1025400332,547435.5146256371,1110529.7489525331,4603.177699259277,0.21682352346658204,1.265917786723549e-05,0.7320351638028322,0.0059841310090370595,0.0,0.0,0.0,0.0,0.0,0.0,0.0,0.0,0.0,0.0,0.0001629756601681274,0.00527175416344815,1.6862654746449895e-10
4.0,13,2,500680.1871984652,333902.5992840692,612286.279822208,4603.177699259269,0.216823523466582,1.2659177867232792e-05,0.3619114438774478,0.005984131009037049,0.0,0.0,0.0,0.0,0.0,0.0,0.0,0.0,0.0,0.0,0.0004935993384893658,0.00527175416344815,8.171424095534942e-10
4.0,13,3,465689.1681755715,298911.5802611755,530640.5687687894,4603.177699259274,0.21682352346658199,1.2659177867235455e-05,0.3012603442377654,0.005984131009037056,0.0,0.0,0.0,0.0,0.0,0.0,0.0,0.0,0.0,0.0,0.0008242230168106041,0.005271754163448151,8.528014644773741e-10
4.0,13,4,761857.7609219099,595082.7190471624,1221703.5888898359,4894.840956202126,0.2168218685408105,1.4314103638739657e-05,0.8146214448991141,0.006363293243062763,0.0,0.0,0.0,0.0,0.0,0.0,0.0,0.0,0.0,0.0,0.000178240905012095,0.00624,2.9507373945906644e-10
4.0,13,5,518137.63082215126,351362.58894740377,653023.2853237322,4894.840956202123,0.2168218685408105,1.4314103638739604e-05,0.3921732193928657,0.00636329324306276,0.0,0.0,0.0,0.0,0.0,0.0,0.0,0.0,0.0,0.0,0.0005088645833333334,0.006240000000000001,1.3478618769109718e-09
4.0,13,6,476251.9586497784,309476.9167750309,555290.050254862,4894.840956202121,0.2168218685408105,1.4314103638739957e-05,0.3195713876274193,0.0063632932430627565,0.0,0.0,0.0,0.0,0.0,0.0,0.0,0.0,0.0,0.0,0.0008394882616545718,0.006240000000000001,1.3897536066796598e-09
4.0,13,7,806953.2138665218,640180.8743726844,1326929.4652049916,5186.505642353762,0.216820111993219,1.607065123032455e-05,0.8927892387332299,0.00674245733505989,0.0,0.0,0.0,0.0,0.0,0.0,0.0,0.0,0.0,0.0,0.0001944436498560625,0.007208245836551849,2.0118563298224404e-10
4.0,13,8,536054.6096968587,369282.27020302135,694832.7221424448,5186.505642353775,0.21682011199321888,1.6070651230324695e-05,0.42323165817248076,0.006742457335059908,0.0,0.0,0.0,0.0,0.0,0.0,0.0,0.0,0.0,0.0,0.0005250673281773009,0.00720824583655185,8.692369463818831e-10
4.0,13,9,487244.7213914879,320472.38189765066,580942.9827632465,5186.505642353757,0.21682011199321877,1.607065123032422e-05,0.338627851776505,0.006742457335059885,0.0,0.0,0.0,0.0,0.0,0.0,0.0,0.0,0.0,0.0,0.0008556910064985391,0.00720824583655185,8.85360549995119e-10
4.0,14,1,456157.5805013314,289379.9925869356,508400.19752889645,4603.1776992592895,0.21682352346658182,1.2659177867235575e-05,0.28473892560241637,0.005984131009037077,0.0,0.0,0.0,0.0,0.0,0.0,0.0,0.0,0.0,0.0,0.001016642326834794,0.00527175416344815,1.0518925672924046e-09
4.0,14,2,446299.7240848866,279522.1361704905,485398.5325571912,4603.1776992592895,0.21682352346658207,1.265917786723235e-05,0.2676519744805781,0.005984131009037077,0.0,0.0,0.0,0.0,0.0,0.0,0.0,0.0,0.0,0.0,0.0013472660051560325,0.00527175416344815,2.230368041278137e-09
4.0,14,3,440405.6591040415,273628.07118964544,471645.71426855255,4603.177699259285,0.21682352346658212,1.2659177867235211e-05,0.2574355951804465,0.00598413100903707,0.0,0.0,0.0,0.0,0.0,0.0,0.0,0.0,0.0,0.0,0.0016778896834772706,0.005271754163448151,1.7360674843052796e-09
4.0,14,4,464742.37649759045,297967.334622843,528434.3585664238,4894.84095620212,0.21682186854081043,1.4314103638739587e-05,0.29962144523029377,0.006363293243062756,0.0,0.0,0.0,0.0,0.0,0.0,0.0,0.0,0.0,0.0,0.0010319075716787617,0.00624,1.7082993711837086e-09
4.0,14,5,452793.3481175142,286018.3062427668,500553.29234624584,4894.840956202118,0.21682186854081048,1.4314103638739576e-05,0.2789097960381616,0.006363293243062753,0.0,0.0,0.0,0.0,0.0,0.0,0.0,0.0,0.0,0.0,0.00136253125,0.006240000000000001,3.609022887670382e-09
4.0,14,6,445626.7635754893,278851.72170074185,483831.26174818777,4894.840956202121,0.21682186854081043,1.4314103638739938e-05,0.26648771616531847,0.0063632932430627565,0.0,0.0,0.0,0.0,0.0,0.0,0.0,0.0,0.0,0.0,0.0016931549283212386,0.006240000000000001,2.8029792384042996e-09
4.0,14,7,473710.86503540573,306938.52554156864,549363.9845990553,5186.505642353754,0.21682011199321854,1.607065123032439e-05,0.315169167425963,0.00674245733505988,0.0,0.0,0.0,0.0,0.0,0.0,0.0,0.0,0.0,0.0,0.0010481103165227291,0.007208245836551849,1.084451652810152e-09
4.0,14,8,459604.1943557147,292831.85486187733,516448.41967977537,5186.505642353743,0.21682011199321896,1.607065123032508e-05,0.2907176049144977,0.006742457335059866,0.0,0.0,0.0,0.0,0.0,0.0,0.0,0.0,0.0,0.0,0.0013787339948439677,0.00720824583655185,2.2824625781065223e-09
4.0,14,9,451115.985405252,284343.6459114145,496642.59879536193,5186.50564235375,0.21682011199321913,1.6070651230324306e-05,0.276004709400362,0.006742457335059875,0.0,0.0,0.0,0.0,0.0,0.0,0.0,0.0,0.0,0.0,0.0017093576731652055,0.00720824583655185,1.768626569823026e-09
4.0,15,1,437952.1105629448,271174.52264854865,465920.76767265995,4603.177699259317,0.21682352346658215,1.2659177867235016e-05,0.253182777709212,0.0059841310090371115,0.0,0.0,0.0,0.0,0.0,0.0,0.0,0.0,0.0,0.0,0.0018703089935014606,0.00527175416344815,1.935158587120308e-09
4.0,15,2,434753.60920945916,267976.0212950632,458457.59784786083,4603.17769925928,0.21682352346658193,1.2659177867232463e-05,0.24763870869650415,0.005984131009037065,0.0,0.0,0.0,0.0,0.0,0.0,0.0,0.0,0.0,0.0,0.002200932671822699,0.00527175416344815,3.6435936730027804e-09
4.0,15,3,432401.7266733876,265624.1387589914,452969.87193035963,4603.177699259265,0.21682352346658224,1.2659177867234752e-05,0.24356211230064598,0.005984131009037045,0.0,0.0,0.0,0.0,0.0,0.0,0.0,0.0,0.0,0.0,0.0025315563501439376,0.005271754163448151,2.6193335041331934e-09
4.0,15,4,442638.5834662691,275863.54159152164,476858.8414933407,4894.840956202126,0.21682186854081037,1.4314103638739611e-05,0.26130820397600346,0.006363293243062763,0.0,0.0,0.0,0.0,0.0,0.0,0.0,0.0,0.0,0.0,0.0018855742383454281,0.00624,3.1215250029083486e-09
4.0,15,5,438738.77682317933,271963.734948432,467759.29265946493,4894.840956202133,0.21682186854081031,1.4314103638739653e-05,0.25454853912798153,0.006363293243062773,0.0,0.0,0.0,0.0,0.0,0.0,0.0,0.0,0.0,0.0,0.0022161979166666667,0.006240000000000001,5.8701838984297925e-09
4.0,15,6,435868.074933229,269093.03305848176,461060.98824958113,4894.840956202126,0.21682186854081018,1.4314103638739974e-05,0.2495726558520679,0.006363293243062764,0.0,0.0,0.0,0.0,0.0,0.0,0.0,0.0,0.0,0.0,0.002546821594987905,0.006240000000000001,4.216204870128944e-09
4.0,15,7,447570.61513691524,280798.2756430777,488370.0681692426,5186.505642353757,0.21682011199321918,1.607065123032445e-05,0.26985940093524474,0.006742457335059884,0.0,0.0,0.0,0.0,0.0,0.0,0.0,0.0,0.0,0.0,0.0019017769831893958,0.007208245836551849,1.9677176726380556e-09
4.0,15,8,442938.19668143266,276165.85718759545,477561.09177311766,5186.50564235378,0.21682011199321877,1.6070651230325143e-05,0.2618298756124093,0.006742457335059914,0.0,0.0,0.0,0.0,0.0,0.0,0.0,0.0,0.0,0.0,0.0022324006615106343,0.00720824583655185,3.6956882098311614e-09
4.0,15,9,439524.26961856184,272751.9301247248,469595.26195975306,5186.505642353767,0.21682011199321852,1.607065123032517e-05,0.2559124020367671,0.006742457335059898,0.0,0.0,0.0,0.0,0.0,0.0,0.0,0.0,0.0,0.0,0.0025630243398318724,0.00720824583655185,2.6518925896509403e-09
4.0,16,1,431299.0417608365,264521.4538464401,450396.9404677397,4603.177699259245,0.21682352346658257,1.2659177867235272e-05,0.24165079178555676,0.005984131009037018,0.0,0.0,0.0,0.0,0.0,0.0,0.0,0.0,0.0,0.0,0.0027239756601681276,0.00527175416344815,2.81842460694822e-09
4.0,16,2,429732.371934817,262954.78402042086,446741.37754036183,4603.1776992592795,0.2168235234665822,1.2659177867232228e-05,0.23893523075379047,0.005984131009037063,0.0,0.0,0.0,0.0,0.0,0.0,0.0,0.0,0.0,0.0,0.0030545993384893657,0.00527175416344815,5.056819304727423e-09
4.0,16,3,428474.7730300791,261697.1851156831,443806.98009597376,4603.177699259202,0.2168235234665821,1.2659177867236578e-05,0.2367553926522451,0.005984131009036962,0.0,0.0,0.0,0.0,0.0,0.0,0.0,0.0,0.0,0.0,0.003385223016810604,0.005271754163448151,3.502599523961092e-09
4.0,16,4,434521.22178115055,267746.1799064027,457918.33089472936,4894.840956202109,0.216821868540811,1.4314103638739782e-05,0.24723811038846336,0.006363293243062741,0.0,0.0,0.0,0.0,0.0,0.0,0.0,0.0,0.0,0.0,0.002739240905012095,0.00624,4.5347506346329964e-09
4.0,16,5,432606.63361510134,265831.59174035373,453450.95850728184,4894.840956202117,0.2168218685408107,1.431410363873958e-05,0.24391949090064535,0.006363293243062752,0.0,0.0,0.0,0.0,0.0,0.0,0.0,0.0,0.0,0.0,0.0030698645833333337,0.006240000000000001,8.131344909189205e-09
4.0,16,6,431068.8951813717,264293.85330662434,449862.9021619136,4894.84095620212,0.21682186854081037,1.4314103638739926e-05,0.24125407761551476,0.006363293243062756,0.0,0.0,0.0,0.0,0.0,0.0,0.0,0.0,0.0,0.0,0.003400488261654572,0.006240000000000001,5.6294305018535755e-09
4.0,16,7,437921.3974474204,271149.05795358313,465855.2268937557,5186.505642353825,0.2168201119932187,1.6070651230323892e-05,0.2531340902734547,0.006742457335059973,0.0,0.0,0.0,0.0,0.0,0.0,0.0,0.0,0.0,0.0,0.0027554436498560624,0.007208245836551849,2.8509836924659682e-09
4.0,16,8,435641.60260733473,268869.2631134973,460535.7056002217,5186.505642353747,0.21682011199321904,1.6070651230325383e-05,0.24918244588397215,0.006742457335059871,0.0,0.0,0.0,0.0,0.0,0.0,0.0,0.0,0.0,0.0,0.003086067328177301,0.00720824583655185,5.1089138415558e-09
4.0,16,9,433809.46186709317,267037.1223732559,456260.71053965867,5186.505642353734,0.2168201119932188,1.607065123032486e-05,0.24600673526755398,0.006742457335059854,0.0,0.0,0.0,0.0,0.0,0.0,0.0,0.0,0.0,0.0,0.003416691006498539,0.00720824583655185,3.5351586094788363e-09
4.0,17,1,427850.87561837747,261073.28770398133,442351.21946866944,4603.177699259311,0.2168235234665822,1.2659177867234876e-05,0.23567397047196187,0.005984131009037105,0.0,0.0,0.0,0.0,0.0,0.0,0.0,0.0,0.0,0.0,0.0035776423268347934,0.00527175416344815,3.7016906267761173e-09
4.0,17,2,426923.5694015246,260145.98148712877,440187.5049626806,4603.177699259299,0.21682352346658176,1.2659177867232357e-05,0.23406663969608463,0.005984131009037088,0.0,0.0,0.0,0.0,0.0,0.0,0.0,0.0,0.0,0.0,0.003908266005156032,0.00527175416344815,6.470044936452065e-09
4.0,17,3,426142.0669679539,259364.4790535582,438363.9992843493,4603.177699259255,0.21682352346658168,1.2659177867235706e-05,0.23271203547789568,0.005984131009037031,0.0,0.0,0.0,0.0,0.0,0.0,0.0,0.0,0.0,0.0,0.004238889683477271,0.005271754163448151,4.385865543789006e-09
4.0,17,4,430305.7361642729,263530.6942895252,448082.19778868195,4894.840956202117,0.21682186854081073,1.4314103638739598e-05,0.23993126865254258,0.006363293243062752,0.0,0.0,0.0,0.0,0.0,0.0,0.0,0.0,0.0,0.0,0.003592907571678762,0.00624,5.947976266357633e-09
4.0,17,5,429171.0957822873,262396.05390754004,445434.7035640503,4894.840956202119,0.21682186854081023,1.4314103638739559e-05,0.23796455865710214,0.006363293243062755,0.0,0.0,0.0,0.0,0.0,0.0,0.0,0.0,0.0,0.0,0.003923531250000001,0.006240000000000001,1.0392505919948617e-08
4.0,17,6,428214.53590021183,261439.4940254651,443202.730505876,4894.840956202123,0.21682186854080956,1.4314103638739879e-05,0.2363065215281729,0.006363293243062761,0.0,0.0,0.0,0.0,0.0,0.0,0.0,0.0,0.0,0.0,0.004254154928321238,0.006240000000000001,7.04265613357823e-09
4.0,17,7,432899.83760027954,266127.4981064424,454138.25391709415,5186.5056423537335,0.2168201119932186,1.6070651230324966e-05,0.24443005320507755,0.0067424573350598534,0.0,0.0,0.0,0.0,0.0,0.0,0.0,0.0,0.0,0.0,0.0036091103165227295,0.007208245836551849,3.734249712293868e-09
4.0,17,8,431546.99893495505,264774.65944111784,450981.63036466995,5186.505642353765,0.2168201119932187,1.6070651230324448e-05,0.24208513285184813,0.006742457335059895,0.0,0.0,0.0,0.0,0.0,0.0,0.0,0.0,0.0,0.0,0.003939733994843968,0.00720824583655185,6.52213947328044e-09
4.0,17,9,430406.0792432517,263633.73974941415,448319.4844173611,5186.50564235365,0.21682011199321913,1.6070651230326606e-05,0.24010753871956136,0.006742457335059744,0.0,0.0,0.0,0.0,0.0,0.0,0.0,0.0,0.0,0.0,0.004270357673165206,0.00720824583655185,4.4184246293067534e-09
4.0,18,1,425741.3334104839,258963.74549608713,437428.9543169157,4603.177699259268,0.21682352346658307,1.2659177867235768e-05,0.23201743064494443,0.005984131009037047,0.0,0.0,0.0,0.0,0.0,0.0,0.0,0.0,0.0,0.0,0.004431308993501461,0.00527175416344815,4.584956646604021e-09
4.0,18,2,425128.93876602035,258351.3508516245,436000.03347983724,4603.177699259267,0.21682352346658185,1.265917786723333e-05,0.2309559465945438,0.0059841310090370465,0.0,0.0,0.0,0.0,0.0,0.0,0.0,0.0,0.0,0.0,0.004761932671822699,0.00527175416344815,7.883270568176706e-09
4.0,18,3,424596.5857236238,257818.9978092287,434757.8763809145,4603.177699259415,0.21682352346658085,1.2659177867234076e-05,0.23003320132105873,0.00598413100903724,0.0,0.0,0.0,0.0,0.0,0.0,0.0,0.0,0.0,0.0,0.005092556350143937,0.005271754163448151,5.269131563616911e-09
4.0,18,4,427723.9228558473,260948.88098109938,442057.96673568815,4894.84095620211,0.2168218685408111,1.4314103638739589e-05,0.23545612558460416,0.006363293243062743,0.0,0.0,0.0,0.0,0.0,0.0,0.0,0.0,0.0,0.0,0.0044465742383454285,0.00624,7.361201898082289e-09
4.0,18,5,426974.02553764347,260198.98366289597,440308.20632654737,4894.840956202105,0.21682186854081048,1.4314103638739501e-05,0.23415630356638553,0.0063632932430627365,0.0,0.0,0.0,0.0,0.0,0.0,0.0,0.0,0.0,0.0,0.004777197916666667,0.006240000000000001,1.2653666930708025e-08
4.0,18,6,426321.9941378018,259546.9522630547,438786.799726918,4894.840956202116,0.2168218685408101,1.4314103638740089e-05,0.23302611580666105,0.006363293243062751,0.0,0.0,0.0,0.0,0.0,0.0,0.0,0.0,0.0,0.0,0.005107821594987905,0.006240000000000001,8.455881765302856e-09
4.0,18,7,429820.76460985304,263048.425116015,446953.75027276267,5186.505642353678,0.21682011199321974,1.607065123032573e-05,0.23909299335500228,0.0067424573350597814,0.0,0.0,0.0,0.0,0.0,0.0,0.0,0.0,0.0,0.0,0.004462776983189395,0.007208245836551849,4.617515732121773e-09
4.0,18,8,428925.9271657288,262153.5876718916,444865.79623647546,5186.505642353654,0.2168201119932187,1.60706512303258e-05,0.23754194178518934,0.00674245733505975,0.0,0.0,0.0,0.0,0.0,0.0,0.0,0.0,0.0,0.0,0.004793400661510634,0.00720824583655185,7.935365105005078e-09
4.0,18,9,428147.6847359821,261375.34524214544,443049.897233735,5186.505642353714,0.21682011199321793,1.6070651230323892e-05,0.23619298824029678,0.006742457335059828,0.0,0.0,0.0,0.0,0.0,0.0,0.0,0.0,0.0,0.0,0.005124024339831872,0.00720824583655185,5.301690649134664e-09
4.0,19,1,832018.9065674797,665248.21179953,1385418.0003540956,5356.251943148506,0.21681904292139204,1.7139723057366107e-05,0.9362378648439929,0.0069631275260930575,0.0,0.0,0.0,0.0,0.0,0.0,0.0,0.0,0.0,0.0,0.00020430504557674776,0.00777175416344815,2.113889548270203e-10
4.0,19,2,546663.7864791382,379893.09171118855,719589.3868146323,5356.251943148529,0.21681904292139195,1.7139723057363664e-05,0.4416223233575344,0.006963127526093087,0.0,0.0,0.0,0.0,0.0,0.0,0.0,0.0,0.0,0.0,0.0005349287238979862,0.00777175416344815,8.855622613335289e-10
4.0,19,3,493827.735288181,327057.0405202314,596305.2673690658,5356.251943148495,0.21681904292139187,1.7139723057366137e-05,0.3500398346265421,0.006963127526093044,0.0,0.0,0.0,0.0,0.0,0.0,0.0,0.0,0.0,0.0,0.0008655524022192243,0.00777175416344815,8.955638718398951e-10
4.0,19,4,873080.941568884,706313.1965041365,1481232.856677775,5647.919064179124,0.21681712561431046,1.90570301388893e-05,1.007414615255869,0.007342294783432861,0.0,0.0,0.0,0.0,0.0,0.0,0.0,0.0,0.0,0.0,0.00022199090501209498,0.008740000000000001,3.6750086330282235e-10
4.0,19,5,565155.568968334,398387.8239035867,762740.3206098255,5647.919064179123,0.21681712561431035,1.9057030138889327e-05,0.4736773027482493,0.0073422947834328595,0.0,0.0,0.0,0.0,0.0,0.0,0.0,0.0,0.0,0.0,0.0005526145833333335,0.008740000000000001,1.4637452750609816e-09
4.0,19,6,505435.74920586776,338668.0041411205,623394.0744974042,5647.919064179125,0.21681712561431035,1.905703013888972e-05,0.3701629484933078,0.007342294783432862,0.0,0.0,0.0,0.0,0.0,0.0,0.0,0.0,0.0,0.0,0.0008832382616545717,0.00874,1.4621807305234157e-09
4.0,19,7,911658.3667035152,744893.7276729714,1571250.472365152,5939.587834246705,0.21681510669207807,2.107595237120341e-05,1.0742848440522064,0.007721464184520716,0.0,0.0,0.0,0.0,0.0,0.0,0.0,0.0,0.0,0.0,0.00024061426444744213,0.00970824583655185,2.4895713042441874e-10
4.0,19,8,583919.1362101379,417154.4971795943,806525.601213939,5939.587834246685,0.21681510669207796,2.1075952371203402e-05,0.5062035111970193,0.00772146418452069,0.0,0.0,0.0,0.0,0.0,0.0,0.0,0.0,0.0,0.0,0.0005712379427686806,0.009708245836551851,9.456713422893618e-10
4.0,19,9,517391.58086481655,350626.94183427293,651294.6387415226,5939.587834246701,0.21681510669207796,2.107595237120316e-05,0.3908890819317957,0.007721464184520711,0.0,0.0,0.0,0.0,0.0,0.0,0.0,0.0,0.0,0.0,0.0009018616210899186,0.00970824583655185,9.331320474372961e-10
4.0,20,1,479098.4439653699,312327.7491974203,561936.9209491734,5356.251943148511,0.21681904292139179,1.7139723057366198e-05,0.32450906300033633,0.006963127526093064,0.0,0.0,0.0,0.0,0.0,0.0,0.0,0.0,0.0,0.0,0.0010579717122434144,0.00777175416344815,1.0946549746549272e-09
4.0,20,2,463708.9586430495,296938.26387509983,526028.1218637587,5356.251943148565,0.21681904292139204,1.713972305736325e-05,0.29783395510831384,0.006963127526093135,0.0,0.0,0.0,0.0,0.0,0.0,0.0,0.0,0.0,0.0,0.0013885953905646527,0.00777175416344815,2.2987878930581736e-09
4.0,20,3,454430.71006836195,287660.01530041225,504378.8751894876,5356.251943148507,0.21681904292139206,1.7139723057365853e-05,0.28175165757885534,0.006963127526093059,0.0,0.0,0.0,0.0,0.0,0.0,0.0,0.0,0.0,0.0,0.001719219068885891,0.00777175416344815,1.7788298916678007e-09
4.0,20,4,488629.33664834447,321861.5915835971,584179.1118631831,5647.919064179128,0.21681712561431038,1.9057030138889364e-05,0.34103183339360066,0.007342294783432866,0.0,0.0,0.0,0.0,0.0,0.0,0.0,0.0,0.0,0.0,0.0010756575716787614,0.008740000000000001,1.7807264950274638e-09
4.0,20,5,470995.1294825206,304227.38441777334,543032.6284762609,5647.9190641791265,0.21681712561431035,1.9057030138889357e-05,0.3104658743061728,0.007342294783432865,0.0,0.0,0.0,0.0,0.0,0.0,0.0,0.0,0.0,0.0,0.00140628125,0.008740000000000001,3.7249062858203928e-09
4.0,20,6,460326.557467933,293558.81240318576,518139.2937755566,5647.919064179129,0.21681712561431027,1.9057030138889723e-05,0.29197368281422104,0.007342294783432868,0.0,0.0,0.0,0.0,0.0,0.0,0.0,0.0,0.0,0.0,0.0017369049283212383,0.00874,2.875406362248056e-09
4.0,20,7,498487.1538074876,331722.51477694424,607184.3089410891,5939.5878342467095,0.21681510669207762,2.1075952371203378e-05,0.3581214083657596,0.007721464184520722,0.0,0.0,0.0,0.0,0.0,0.0,0.0,0.0,0.0,0.0,0.0010942809311141088,0.00970824583655185,1.132223150252328e-09
4.0,20,8,478564.53689060395,311799.8978600603,560698.2028016929,5939.587834246663,0.21681510669207807,2.1075952371203934e-05,0.32358887237649364,0.007721464184520662,0.0,0.0,0.0,0.0,0.0,0.0,0.0,0.0,0.0,0.0,0.001424904609435347,0.009708245836551851,2.3588969740140016e-09
4.0,20,9,466467.96074444917,299703.3217139054,532472.8584606646,5939.587834246696,0.2168151066920782,2.107595237120327e-05,0.3026214737231583,0.007721464184520704,0.0,0.0,0.0,0.0,0.0,0.0,0.0,0.0,0.0,0.0,0.0017555282877565852,0.00970824583655185,1.8163980672652052e-09
4.0,21,1,450551.3081282592,283780.6133603092,495326.93732924684,5356.25194314853,0.21681904292139242,1.7139723057365514e-05,0.2750273608826764,0.006963127526093089,0.0,0.0,0.0,0.0,0.0,0.0,0.0,0.0,0.0,0.0,0.0019116383789100808,0.00777175416344815,1.977920994482831e-09
4.0,21,2,445478.8420547809,278708.1472868314,483491.18315779907,5356.2519431485325,0.21681904292139187,1.7139723057363227e-05,0.2662350863553154,0.006963127526093092,0.0,0.0,0.0,0.0,0.0,0.0,0.0,0.0,0.0,0.0,0.0022422620572313196,0.00777175416344815,3.712013524782821e-09
4.0,21,3,441738.0037910795,274967.30902313,474762.5605424958,5356.251943148495,0.21681904292139187,1.713972305736537e-05,0.25975096669823294,0.006963127526093044,0.0,0.0,0.0,0.0,0.0,0.0,0.0,0.0,0.0,0.0,0.002572885735552558,0.00777175416344815,2.662095911495715e-09
4.0,21,4,455857.55330892984,289089.80824418255,507711.61740454915,5647.919064179124,0.21681712561431035,1.905703013888932e-05,0.2842274089386154,0.00734229478343286,0.0,0.0,0.0,0.0,0.0,0.0,0.0,0.0,0.0,0.0,0.001929324238345428,0.008740000000000001,3.193952126752105e-09
4.0,21,5,450006.77232028276,283239.02725553553,494059.795097706,5647.919064179115,0.21681712561431024,1.9057030138889262e-05,0.2740860552249606,0.007342294783432849,0.0,0.0,0.0,0.0,0.0,0.0,0.0,0.0,0.0,0.0,0.0022599479166666666,0.008740000000000001,5.986067296579803e-09
4.0,21,6,445686.5695608397,278918.8244960925,483979.3219923391,5647.919064179121,0.21681712561431016,1.9057030138889662e-05,0.2665977037752595,0.007342294783432858,0.0,0.0,0.0,0.0,0.0,0.0,0.0,0.0,0.0,0.0,0.002590571594987905,0.00874,4.2886319939727e-09
4.0,21,7,461390.97986261523,294626.3408320716,520626.56973638607,5939.5878342467,0.216815106692078,2.107595237120337e-05,0.29382137352798,0.00772146418452071,0.0,0.0,0.0,0.0,0.0,0.0,0.0,0.0,0.0,0.0,0.0019479475977807752,0.00970824583655185,2.015489170080233e-09
4.0,21,8,454735.4763957744,287970.8373652308,505097.0616470909,5939.587834246669,0.21681510669207787,2.107595237120378e-05,0.2822851675187894,0.00772146418452067,0.0,0.0,0.0,0.0,0.0,0.0,0.0,0.0,0.0,0.0,0.0022785712761020137,0.009708245836551851,3.772122605738643e-09
4.0,21,9,449814.6780235993,283050.0389930557,493615.1987786823,5939.587834246682,0.21681510669207799,2.1075952371204042e-05,0.27375578367368575,0.007721464184520687,0.0,0.0,0.0,0.0,0.0,0.0,0.0,0.0,0.0,0.0,0.0026091949544232522,0.00970824583655185,2.6996640870931235e-09
4.0,22,1,439980.87840523256,273210.18363728246,470662.60130885115,5356.251943148491,0.2168190429213925,1.7139723057366025e-05,0.25670528269609666,0.006963127526093038,0.0,0.0,0.0,0.0,0.0,0.0,0.0,0.0,0.0,0.0,0.0027653050455767477,0.00777175416344815,2.861187014310743e-09
4.0,22,2,437480.84349772613,270710.1487297764,464829.1865246705,5356.251943148547,0.21681904292139212,1.7139723057363057e-05,0.2523718888564198,0.006963127526093111,0.0,0.0,0.0,0.0,0.0,0.0,0.0,0.0,0.0,0.0,0.0030959287238979862,0.00777175416344815,5.125239156507463e-09
4.0,22,3,435470.9907004783,268700.2959325286,460139.5299977592,5356.251943148419,0.21681904292139198,1.7139723057367408e-05,0.24888814400785714,0.006963127526092945,0.0,0.0,0.0,0.0,0.0,0.0,0.0,0.0,0.0,0.0,0.0034265524022192243,0.00777175416344815,3.5453619313236126e-09
4.0,22,4,443655.7314886962,276887.98642394855,479240.6998240028,5647.9190641791165,0.21681712561431077,1.90570301388896e-05,0.2630775844502094,0.007342294783432851,0.0,0.0,0.0,0.0,0.0,0.0,0.0,0.0,0.0,0.0,0.002782990905012095,0.008740000000000001,4.607177758476751e-09
4.0,22,5,440764.5194547351,273996.77438998775,472494.53841142775,5647.919064179125,0.2168171256143105,1.9057030138889364e-05,0.25806615025801094,0.007342294783432862,0.0,0.0,0.0,0.0,0.0,0.0,0.0,0.0,0.0,0.0,0.0031136145833333337,0.008740000000000001,8.247228307339214e-09
4.0,22,6,438438.7051616702,271670.9600969231,467067.6383942772,5647.919064179129,0.21681712561431013,1.9057030138889706e-05,0.25403473881669925,0.007342294783432867,0.0,0.0,0.0,0.0,0.0,0.0,0.0,0.0,0.0,0.0,0.0034442382616545713,0.00874,5.701857625697332e-09
4.0,22,7,447499.6336424229,280734.99461187946,488213.428555938,5939.587834246755,0.2168151066920777,2.1075952371202616e-05,0.2697430400796473,0.007721464184520781,0.0,0.0,0.0,0.0,0.0,0.0,0.0,0.0,0.0,0.0,0.0028016142644474423,0.00970824583655185,2.8987551899081465e-09
4.0,22,8,444201.7346805498,277437.0956500061,480518.33097823313,5939.58783424668,0.21681510669207807,2.1075952371204364e-05,0.2640266818790664,0.007721464184520684,0.0,0.0,0.0,0.0,0.0,0.0,0.0,0.0,0.0,0.0,0.0031322379427686804,0.009708245836551851,5.18534823746328e-09
4.0,22,9,441546.9929242623,274782.3538937187,474323.9335468959,5939.587834246696,0.21681510669207793,2.107595237120401e-05,0.25942512950150165,0.007721464184520704,0.0,0.0,0.0,0.0,0.0,0.0,0.0,0.0,0.0,0.0,0.003462861621089919,0.00970824583655185,3.5829301069210208e-09
4.0,23,1,434472.897959642,267702.2031916922,457810.6469358073,5356.251943148521,0.2168190429213922,1.7139723057365324e-05,0.2471581165904071,0.006963127526093077,0.0,0.0,0.0,0.0,0.0,0.0,0.0,0.0,0.0,0.0,0.0036189717122434143,0.00777175416344815,3.744453034138642e-09
4.0,23,2,432988.19273886306,266217.49797091354,454346.33475399093,5356.251943148547,0.2168190429213917,1.7139723057363078e-05,0.24458462754105798,0.006963127526093111,0.0,0.0,0.0,0.0,0.0,0.0,0.0,0.0,0.0,0.0,0.003949595390564653,0.00777175416344815,6.538464788232109e-09
4.0,23,3,431735.7917281706,264965.0969602211,451424.065729042,5356.25194314848,0.21681904292139162,1.713972305736644e-05,0.24241379912252453,0.006963127526093024,0.0,0.0,0.0,0.0,0.0,0.0,0.0,0.0,0.0,0.0,0.004280219068885891,0.00777175416344815,4.428627951151526e-09
4.0,23,4,437283.2145537289,270515.4694889813,464371.4936424124,5647.919064179128,0.21681712561431077,1.90570301388894e-05,0.2520318884295994,0.007342294783432866,0.0,0.0,0.0,0.0,0.0,0.0,0.0,0.0,0.0,0.0,0.0036366575716787614,0.008740000000000001,6.020403390201388e-09
4.0,23,5,435563.7695810769,268796.02451632987,460359.4553728929,5647.919064179129,0.21681712561431013,1.9057030138889344e-05,0.2490515171436709,0.007342294783432868,0.0,0.0,0.0,0.0,0.0,0.0,0.0,0.0,0.0,0.0,0.00396728125,0.008740000000000001,1.0508389318098631e-08
4.0,23,6,434112.7955890696,267345.05052432313,456973.8493915446,5647.919064179124,0.2168171256143093,1.9057030138889574e-05,0.2465364955575268,0.00734229478343286,0.0,0.0,0.0,0.0,0.0,0.0,0.0,0.0,0.0,0.0,0.004297904928321238,0.00874,7.115083257421986e-09
4.0,23,7,440227.499814581,273462.86078403756,471245.1162909734,5939.587834246698,0.21681510669207782,2.10759523712041e-05,0.2571380081113878,0.007721464184520707,0.0,0.0,0.0,0.0,0.0,0.0,0.0,0.0,0.0,0.0,0.003655280931114108,0.00970824583655185,3.782021209736049e-09
4.0,23,8,438263.28585038835,271498.6468198449,466661.950374524,5939.587834246704,0.2168151066920777,2.1075952371203337e-05,0.253733370573454,0.0077214641845207155,0.0,0.0,0.0,0.0,0.0,0.0,0.0,0.0,0.0,0.0,0.003985904609435347,0.009708245836551851,6.5985738691879224e-09
4.0,23,9,436605.0877994163,269840.4487688725,462792.8215889213,5939.5878342465885,0.21681510669207815,2.1075952371205872e-05,0.2508591606184347,0.007721464184520565,0.0,0.0,0.0,0.0,0.0,0.0,0.0,0.0,0.0,0.0,0.004316528287756585,0.00970824583655185,4.4661961267489354e-09
4.0,24,1,431093.18855960295,264322.4937916528,449924.65833571507,5356.251943148489,0.21681904292139265,1.713972305736646e-05,0.24129995363033835,0.006963127526093035,0.0,0.0,0.0,0.0,0.0,0.0,0.0,0.0,0.0,0.0,0.004472638378910081,0.00777175416344815,4.627719053966545e-09
4.0,24,2,430110.64119663904,263339.9464286894,447632.0478221345,5356.251943148514,0.2168190429213919,1.7139723057364216e-05,0.239596871534536,0.006963127526093069,0.0,0.0,0.0,0.0,0.0,0.0,0.0,0.0,0.0,0.0,0.0048032620572313195,0.00777175416344815,7.951690419956751e-09
4.0,24,3,429255.99295986514,262485.29819191585,445637.86860299646,5356.251943148606,0.21681904292139145,1.7139723057364314e-05,0.23811548125746218,0.006963127526093188,0.0,0.0,0.0,0.0,0.0,0.0,0.0,0.0,0.0,0.0,0.0051338857355525585,0.00777175416344815,5.311893970979434e-09
4.0,24,4,433368.1055734524,266600.3605087048,455236.23935510067,5647.919064179112,0.21681712561431082,1.9057030138889337e-05,0.2452456995304535,0.007342294783432846,0.0,0.0,0.0,0.0,0.0,0.0,0.0,0.0,0.0,0.0,0.004490324238345428,0.008740000000000001,7.433629021926042e-09
4.0,24,5,432229.20438602276,265461.4593212755,452578.8032510993,5647.9190641791265,0.21681712561431035,1.9057030138889357e-05,0.24327160413890983,0.007342294783432865,0.0,0.0,0.0,0.0,0.0,0.0,0.0,0.0,0.0,0.0,0.004820947916666667,0.008740000000000001,1.2769550328858039e-08
4.0,24,6,431238.29742422997,264470.55235948286,450266.6870069165,5647.919064179123,0.21681712561431019,1.905703013888987e-05,0.2415540320718027,0.0073422947834328595,0.0,0.0,0.0,0.0,0.0,0.0,0.0,0.0,0.0,0.0,0.005151571594987906,0.00874,8.528308889146616e-09
4.0,24,7,435753.80395615665,268989.1649256123,460806.4926213135,5939.587834246627,0.21681510669207898,2.10759523712049e-05,0.24938360195678283,0.007721464184520615,0.0,0.0,0.0,0.0,0.0,0.0,0.0,0.0,0.0,0.0,0.0045089475977807755,0.00970824583655185,4.665287229563954e-09
4.0,24,8,434451.5680739568,267686.92904341326,457767.9422295167,5939.587834246619,0.2168151066920779,2.1075952371205072e-05,0.24712639309430565,0.007721464184520605,0.0,0.0,0.0,0.0,0.0,0.0,0.0,0.0,0.0,0.0,0.004839571276102014,0.009708245836551851,8.011799500912562e-09
4.0,24,9,433318.241818349,266553.60278780607,455123.51429976715,5939.58783424669,0.2168151066920771,2.1075952371203e-05,0.2451619609179206,0.007721464184520697,0.0,0.0,0.0,0.0,0.0,0.0,0.0,0.0,0.0,0.0,0.005170194954423252,0.00970824583655185,5.349462146576855e-09
4.0,25,1,124240.44070238803,124240.44070238833,289894.36163890635,3933.0208220846357,-3.7974564960336956e-16,-9.927449347193496e-21,0.2153500972174735,0.005112927068710026,0.0,0.0,0.0,0.0,0.0,0.0,0.0,0.0,0.0,0.0,0.005155460371885673,0.0002258541374200371,1.4300332964014664e-09
4.0,25,2,121357.20138548885,121357.20138548885,283166.8032328073,3933.020822084633,-1.6174571378955667e-31,-3.795905387520884e-33,0.21035248240151402,0.005112927068710023,0.0,0.0,0.0,0.0,0.0,0.0,0.0,0.0,0.0,0.0,0.005266034046419895,0.0002258541374200371,2.337127157040996e-09
4.0,25,3,118604.75150238293,118604.75150238279,276744.4201722263,3933.0208220845816,1.9306461576520403e-16,6.964978999675388e-19,0.20558156927079665,0.005112927068709956,0.0,0.0,0.0,0.0,0.0,0.0,0.0,0.0,0.0,0.0,0.005376607720954116,0.00022585413742003712,1.491375649899793e-09
4.0,25,4,125161.57502066597,125161.57502066597,292043.67504822067,4231.538461538453,-1.4289822608916945e-17,-2.183388330809304e-34,0.21694673003582107,0.0055009999999999885,0.0,0.0,0.0,0.0,0.0,0.0,0.0,0.0,0.0,0.0,0.005163698327465778,0.001002,2.2917093747413306e-09
4.0,25,5,122259.00928929147,122259.00928929147,285271.0216750134,4231.538461538452,-3.38067583772999e-31,2.6611801573168826e-34,0.21191561610143855,0.005500999999999987,0.0,0.0,0.0,0.0,0.0,0.0,0.0,0.0,0.0,0.0,0.005274272002000001,0.001002,3.745253212063933e-09
4.0,25,6,119488.02730497773,119488.02730497773,278805.39704494807,4231.538461538464,-1.4141018696974886e-17,-1.4880391194212088e-19,0.20711258066196145,0.005501000000000002,0.0,0.0,0.0,0.0,0.0,0.0,0.0,0.0,0.0,0.0,0.00538484567653422,0.001002,2.389857140338612e-09
4.0,25,7,126148.43257177762,126148.4325717772,294346.34266747965,4530.056100992268,5.533636556430786e-16,1.9755214711433127e-20,0.21865728312441327,0.0058890729312899475,0.0,0.0,0.0,0.0,0.0,0.0,0.0,0.0,0.0,0.0,0.005172538685445883,0.0017781458625799628,1.4347705177698506e-09
4.0,25,8,123225.19504197045,123225.19504197045,287525.45509793103,4530.056100992272,-1.971643916744008e-31,4.505533564393742e-33,0.2135903380727488,0.0058890729312899535,0.0,0.0,0.0,0.0,0.0,0.0,0.0,0.0,0.0,0.0,0.005283112359980104,0.001778145862579963,2.3447067112303884e-09
4.0,25,9,120434.3895173827,120434.38951738222,281013.575540558,4530.056100992259,6.244085254524942e-16,1.7905610269402815e-19,0.20875294183012857,0.005889072931289937,0.0,0.0,0.0,0.0,0.0,0.0,0.0,0.0,0.0,0.0,0.005393686034514325,0.0017781458625799628,1.4961128712681697e-09
4.0,26,1,117059.58506742775,117059.58506742804,273139.031823999,3933.020822084635,-3.797456496033722e-16,-9.927449347187927e-21,0.20290328078354233,0.005112927068710025,0.0,0.0,0.0,0.0,0.0,0.0,0.0,0.0,0.0,0.0,0.005440960371885673,0.0002258541374200371,1.5092259342401781e-09
4.0,26,2,114496.57272604098,114496.57272604098,267158.6696940956,3933.0208220846334,-1.9147061778175296e-32,2.5515235873070893e-34,0.19846072605847104,0.0051129270687100235,0.0,0.0,0.0,0.0,0.0,0.0,0.0,0.0,0.0,0.0,0.005551534046419893,0.0002258541374200371,2.463835377582942e-09
4.0,26,3,112043.3914458128,112043.39144581265,261434.58004022937,3933.0208220845816,1.930646157651997e-16,6.96497899967538e-19,0.19420854517274175,0.005112927068709956,0.0,0.0,0.0,0.0,0.0,0.0,0.0,0.0,0.0,0.0,0.005662107720954115,0.00022585413742003712,1.5705682877385258e-09
4.0,26,4,117932.4218823549,117932.4218823549,275175.6510588281,4231.538461538453,-1.4289822608916763e-17,1.3751336352843407e-34,0.2044161979294152,0.0055009999999999885,0.0,0.0,0.0,0.0,0.0,0.0,0.0,0.0,0.0,0.0,0.005449198327465777,0.001002,2.41841759528324e-09
4.0,26,5,115352.03755329085,115352.03755329085,269154.75429101195,4231.538461538452,-3.523337036643651e-32,3.9874623046709156e-34,0.19994353175903748,0.005500999999999987,0.0,0.0,0.0,0.0,0.0,0.0,0.0,0.0,0.0,0.0,0.005559772001999998,0.001002,3.947986364931054e-09
4.0,26,6,112882.16229687745,112882.16229687745,263391.7120260474,4231.538461538464,-1.414101869697442e-17,-1.4880391194212079e-19,0.19566241464792095,0.005501000000000002,0.0,0.0,0.0,0.0,0.0,0.0,0.0,0.0,0.0,0.0,0.005670345676534221,0.001002,2.51656536088061e-09
4.0,26,7,118867.61706752129,118867.61706752087,277357.7731575482,4530.0561009922685,5.533636556430839e-16,1.9755214711426503e-20,0.20603720291703564,0.005889072931289948,0.0,0.0,0.0,0.0,0.0,0.0,0.0,0.0,0.0,0.0,0.0054580386854458825,0.0017781458625799628,1.513963155608545e-09
4.0,26,8,116268.64825762228,116268.64825762228,271293.51260111865,4530.056100992271,-2.705129606129545e-32,5.480815321868495e-34,0.2015323236465453,0.005889072931289953,0.0,0.0,0.0,0.0,0.0,0.0,0.0,0.0,0.0,0.0,0.005568612359980104,0.001778145862579963,2.4714149317723388e-09
4.0,26,9,113780.91275971406,113780.91275971358,265488.79643933114,4530.0561009922585,6.244085254524789e-16,1.790561026940227e-19,0.19722024878350292,0.005889072931289936,0.0,0.0,0.0,0.0,0.0,0.0,0.0,0.0,0.0,0.0,0.005679186034514325,0.0017781458625799628,1.5753055091068923e-09
4.0,27,1,126752.89410739492,126752.89410739526,295756.752917256,4703.790052853816,-4.457882457636761e-16,-1.4199681536042067e-20,0.21970501645281892,0.0061149270687099605,0.0,0.0,0.0,0.0,0.0,0.0,0.0,0.0,0.0,0.0,0.005177960991577063,0.002229854137420037,1.4362745693484614e-09
4.0,27,2,123817.01201063996,123817.01201063996,288906.36135815986,4703.790052853813,-1.6801485927657087e-31,-2.4709411933918596e-33,0.21461615415177593,0.006114927068709957,0.0,0.0,0.0,0.0,0.0,0.0,0.0,0.0,0.0,0.0,0.005288534666111285,0.002229854137420037,2.3471131937561876e-09
4.0,27,3,121014.0800938723,121014.08009387214,282366.18688570143,4703.790052853763,2.135547410266761e-16,8.341496520370486e-19,0.20975773882937815,0.006114927068709892,0.0,0.0,0.0,0.0,0.0,0.0,0.0,0.0,0.0,0.0,0.005399108340645506,0.002229854137420037,1.4976169228467865e-09
4.0,27,4,127843.01962189781,127843.01962189778,298300.37911776145,5002.307692307699,4.746944713158875e-17,-9.25099567042079e-34,0.2215945673446228,0.006503000000000008,0.0,0.0,0.0,0.0,0.0,0.0,0.0,0.0,0.0,0.0,0.0051877543434657785,0.0030059999999999996,2.302385714428507e-09
4.0,27,5,124884.36641561027,124884.36641561027,291396.85496975726,5002.307692307698,-3.030539561180953e-31,-1.2426213492863576e-34,0.21646623512039115,0.006503000000000007,0.0,0.0,0.0,0.0,0.0,0.0,0.0,0.0,0.0,0.0,0.0052983280180000005,0.0030060000000000004,3.762335355563415e-09
4.0,27,6,122059.59522709138,122059.59522709141,284805.7221965467,5002.30769230771,-4.729354036735595e-17,-1.759067642341225e-19,0.21156996506029185,0.006503000000000023,0.0,0.0,0.0,0.0,0.0,0.0,0.0,0.0,0.0,0.0,0.00540890169253422,0.003006,2.4005334800257894e-09
4.0,27,7,128997.94328851257,128997.94328851212,300995.2010065278,5300.825331761577,5.936760474727486e-16,2.7049472523864353e-20,0.22359643503342042,0.00689107293129005,0.0,0.0,0.0,0.0,0.0,0.0,0.0,0.0,0.0,0.0,0.005198150097754493,0.003782145862579962,1.4418746694318258e-09
4.0,27,8,126015.2116582876,126015.2116582876,294035.4938693377,5300.825331761584,-2.6223880230682293e-31,2.338034895340543e-33,0.2184263668743652,0.006891072931290059,0.0,0.0,0.0,0.0,0.0,0.0,0.0,0.0,0.0,0.0,0.005308723772288714,0.0037821458625799634,2.3560733538895488e-09
4.0,27,9,123167.34552608,123167.3455260795,287390.472894185,5300.825331761563,6.409590911573476e-16,2.134529195290458e-19,0.2134900655785372,0.006891072931290031,0.0,0.0,0.0,0.0,0.0,0.0,0.0,0.0,0.0,0.0,0.005419297446822935,0.0037821458625799625,1.5032170229301472e-09
4.0,28,1,119440.47628886503,119440.47628886536,278694.4446740195,4703.790052853816,-4.457882457636793e-16,-1.4199681536039382e-20,0.20703015890070042,0.0061149270687099605,0.0,0.0,0.0,0.0,0.0,0.0,0.0,0.0,0.0,0.0,0.0054634609915770625,0.002229854137420037,1.5154672071871722e-09
4.0,28,2,116830.1380707206,116830.1380707206,272603.65549834806,4703.790052853813,-2.6244872505823997e-32,-1.8572478324424973e-34,0.2025055726559157,0.006114927068709957,0.0,0.0,0.0,0.0,0.0,0.0,0.0,0.0,0.0,0.0,0.0055740346661112845,0.002229854137420037,2.4738214142981338e-09
4.0,28,3,114331.47567269018,114331.47567269002,266773.4432362765,4703.790052853763,2.1355474102667168e-16,8.341496520370466e-19,0.1981745578326625,0.006114927068709892,0.0,0.0,0.0,0.0,0.0,0.0,0.0,0.0,0.0,0.0,0.0056846083406455064,0.002229854137420037,1.5768095606855189e-09
4.0,28,4,120473.68778420407,120473.68778420404,281105.271496476,5002.307692307698,4.7469447131589e-17,-3.4711950783722615e-35,0.20882105882595364,0.006503000000000007,0.0,0.0,0.0,0.0,0.0,0.0,0.0,0.0,0.0,0.0,0.005473254343465777,0.0030059999999999996,2.429093934970416e-09
4.0,28,5,117842.8717392231,117842.8717392231,274966.7007248539,5002.307692307697,-3.569406250873749e-32,1.382852791992531e-35,0.20426097768132007,0.006503000000000006,0.0,0.0,0.0,0.0,0.0,0.0,0.0,0.0,0.0,0.0,0.005583828017999998,0.0030060000000000004,3.965068508430535e-09
4.0,28,6,115324.52745783376,115324.52745783378,269090.5640682789,5002.30769230771,-4.729354036735567e-17,-1.7590676423412258e-19,0.19989584759357862,0.006503000000000023,0.0,0.0,0.0,0.0,0.0,0.0,0.0,0.0,0.0,0.0,0.00569440169253422,0.003006,2.5272417005677873e-09
4.0,28,7,121568.4262347495,121568.42623474904,283659.66121441394,5300.825331761577,5.936760474727548e-16,2.7049472523861452e-20,0.2107186054735644,0.00689107293129005,0.0,0.0,0.0,0.0,0.0,0.0,0.0,0.0,0.0,0.0,0.0054836500977544925,0.003782145862579962,1.5210673072705205e-09
4.0,28,8,118915.95235909104,118915.95235909104,277470.55550454574,5300.825331761584,-2.6555909174147015e-32,2.1752180818192493e-34,0.20612098408909116,0.006891072931290058,0.0,0.0,0.0,0.0,0.0,0.0,0.0,0.0,0.0,0.0,0.0055942237722887145,0.0037821458625799634,2.4827815744314987e-09
4.0,28,9,116376.79055060283,116376.79055060234,271545.8446180716,5300.825331761562,6.409590911573311e-16,2.1345291952903983e-19,0.2017197702877101,0.00689107293129003,0.0,0.0,0.0,0.0,0.0,0.0,0.0,0.0,0.0,0.0,0.005704797446822936,0.0037821458625799625,1.5824096607688696e-09
4.0,29,1,129699.76966093545,129699.76966093585,302632.79587551736,5474.559283623128,-5.158051392697414e-16,-1.923438004111083e-20,0.224812934078956,0.007116927068710066,0.0,0.0,0.0,0.0,0.0,0.0,0.0,0.0,0.0,0.0,0.005204477627268453,0.004233854137420038,1.4436298139264284e-09
4.0,29,2,126702.42923688907,126702.42923688907,295639.00155274116,5474.559283623127,-2.070188544994093e-31,-4.271857070195213e-34,0.21961754401060773,0.007116927068710065,0.0,0.0,0.0,0.0,0.0,0.0,0.0,0.0,0.0,0.0,0.005315051301802674,0.004233854137420038,2.35888158508093e-09
4.0,29,3,123840.55007322198,123840.55007322175,288961.2835041838,5474.559283623072,3.033528642561335e-16,9.721789007306277e-19,0.21465695346025074,0.007116927068709993,0.0,0.0,0.0,0.0,0.0,0.0,0.0,0.0,0.0,0.0,0.0054256249763368946,0.004233854137420037,1.5049721674247528e-09
4.0,29,4,130956.38535854535,130956.38535854529,305564.89916993893,5773.076923076944,9.120209938498054e-17,-1.8767911198162795e-34,0.22699106795481175,0.007505000000000026,0.0,0.0,0.0,0.0,0.0,0.0,0.0,0.0,0.0,0.0,0.005215826375465778,0.00501,2.3148444087252417e-09
4.0,29,5,127932.93185866976,127932.93185866976,298510.1743368961,5773.076923076945,-1.936953418089352e-31,-9.295743010738879e-35,0.22175041522169428,0.007505000000000028,0.0,0.0,0.0,0.0,0.0,0.0,0.0,0.0,0.0,0.0,0.005326400050000001,0.00501,3.782269266438182e-09
4.0,29,6,125046.00278008197,125046.00278008211,291774.00648685836,5773.076923076954,-1.8406958738726162e-16,-2.0300882179822335e-19,0.2167464048188092,0.00750500000000004,0.0,0.0,0.0,0.0,0.0,0.0,0.0,0.0,0.0,0.0,0.00543697372453422,0.00501,2.4129921743225133e-09
4.0,29,7,132276.73325030445,132276.73325030392,308645.7109173752,6071.594562530765,6.899849851338118e-16,3.5487395174107964e-20,0.22927967096719276,0.007893072931289994,0.0,0.0,0.0,0.0,0.0,0.0,0.0,0.0,0.0,0.0,0.005227777526063102,0.005786145862579961,1.4500927927247688e-09
4.0,29,8,129225.90295586157,129225.90295586157,301527.10689701035,6071.594562530763,-2.1227463385959083e-31,2.5301580994055826e-34,0.2239915651234934,0.007893072931289992,0.0,0.0,0.0,0.0,0.0,0.0,0.0,0.0,0.0,0.0,0.005338351200597325,0.005786145862579963,2.3692223511582643e-09
4.0,29,9,126312.70926556349,126312.70926556326,294729.6549529807,6071.594562530748,3.060993563550729e-16,2.489925590538797e-19,0.21894202939364268,0.007893072931289971,0.0,0.0,0.0,0.0,0.0,0.0,0.0,0.0,0.0,0.0,0.005448924875131545,0.005786145862579962,1.5114351462230956e-09
4.0,30,1,122233.7353427451,122233.73534274551,285212.04913307325,5474.559283623128,-5.158051392697449e-16,-1.923438004111282e-20,0.21187180792742608,0.007116927068710066,0.0,0.0,0.0,0.0,0.0,0.0,0.0,0.0,0.0,0.0,0.005489977627268453,0.004233854137420038,1.5228224517651398e-09
4.0,30,2,119568.11910375049,119568.11910375049,278992.27790875116,5474.559283623128,-2.6616933343806335e-32,-1.7859209682352725e-34,0.20725140644650086,0.007116927068710067,0.0,0.0,0.0,0.0,0.0,0.0,0.0,0.0,0.0,0.0,0.0056005513018026745,0.004233854137420038,2.4855898056228775e-09
4.0,30,3,117016.32408720825,117016.32408720802,273038.0895368185,5474.55928362307,3.033528642561286e-16,9.721789007306248e-19,0.20282829508449363,0.007116927068709991,0.0,0.0,0.0,0.0,0.0,0.0,0.0,0.0,0.0,0.0,0.0057111249763368965,0.004233854137420037,1.5841648052634866e-09
4.0,30,4,123425.07328043463,123425.07328043458,287991.83765434724,5773.076923076944,9.120209938498107e-17,-4.2127447300454826e-35,0.2139367936860865,0.007505000000000026,0.0,0.0,0.0,0.0,0.0,0.0,0.0,0.0,0.0,0.0,0.005501326375465778,0.00501,2.44155262926715e-09
4.0,30,5,120735.96107253325,120735.96107253325,281717.24250257754,5773.076923076945,-3.6236004462476666e-32,1.603117836744194e-35,0.20927566585905763,0.007505000000000028,0.0,0.0,0.0,0.0,0.0,0.0,0.0,0.0,0.0,0.0,0.00561190005,0.00501,3.985002419305303e-09
4.0,30,6,118161.5789299399,118161.57892994005,275710.3508365269,5773.076923076954,-1.8406958738726125e-16,-2.0300882179822338e-19,0.20481340347856294,0.007505000000000039,0.0,0.0,0.0,0.0,0.0,0.0,0.0,0.0,0.0,0.0,0.005722473724534222,0.00501,2.539700394864512e-09
4.0,30,7,124676.97950932414,124676.9795093236,290912.9521884212,6071.594562530765,6.899849851338189e-16,3.5487395174108084e-20,0.21610676448282692,0.007893072931289994,0.0,0.0,0.0,0.0,0.0,0.0,0.0,0.0,0.0,0.0,0.005513277526063103,0.005786145862579961,1.5292854305634636e-09
4.0,30,8,121963.2285706996,121963.2285706996,284580.86666496575,6071.594562530763,-2.6978492060998526e-32,2.1441202615636486e-34,0.211402929522546,0.007893072931289992,0.0,0.0,0.0,0.0,0.0,0.0,0.0,0.0,0.0,0.0,0.005623851200597324,0.005786145862579963,2.495930571700214e-09
4.0,30,9,119365.15877179302,119365.15877179279,278518.7038008496,6071.594562530748,3.060993563550605e-16,2.4899255905387337e-19,0.2068996085377739,0.007893072931289971,0.0,0.0,0.0,0.0,0.0,0.0,0.0,0.0,0.0,0.0,0.0057344248751315455,0.005786145862579962,1.5906277840618182e-09
4.0,31,1,133074.32293856563,133074.32293856595,310506.7535233209,6245.328514392337,-4.016033908911365e-16,-2.5031514534460056e-20,0.23066215976018142,0.008118927068710037,0.0,0.0,0.0,0.0,0.0,0.0,0.0,0.0,0.0,0.0,0.005235010278959842,0.0062378541374200356,1.4520990301353667e-09
4.0,31,2,130006.98511713317,130006.98511713317,303349.6319399774,6245.328514392354,-2.6652353912572657e-31,-2.6345569767879124e-33,0.22534544086969752,0.00811892706871006,0.0,0.0,0.0,0.0,0.0,0.0,0.0,0.0,0.0,0.0,0.005345583953494064,0.006237854137420036,2.372432331015235e-09
4.0,31,3,127077.95331331853,127077.95331331836,296515.22439774266,6245.328514392278,2.1064004886062243e-16,1.1105850186909457e-18,0.22026845240975162,0.008118927068709961,0.0,0.0,0.0,0.0,0.0,0.0,0.0,0.0,0.0,0.0,0.005456157628028286,0.0062378541374200356,1.5134413836336943e-09
4.0,31,4,134494.5686783538,134494.5686783537,313820.66024949186,6543.846153846099,1.0337858220759738e-16,3.360199104544455e-34,0.23312391904247967,0.008506999999999928,0.0,0.0,0.0,0.0,0.0,0.0,0.0,0.0,0.0,0.0,0.005247914423465778,0.007013999999999999,2.3290854576315266e-09
4.0,31,5,131397.89253309637,131397.89253309637,306595.0825772249,6543.846153846099,-3.0537719528158148e-31,-1.6217208597633453e-34,0.22775634705736708,0.008506999999999928,0.0,0.0,0.0,0.0,0.0,0.0,0.0,0.0,0.0,0.0,0.005358488098,0.007014,3.805054944688245e-09
4.0,31,6,128440.70988879811,128440.70988879811,299694.9897405289,6543.846153846108,2.301099621984454e-19,-2.301099621984541e-19,0.22263056380725008,0.00850699999999994,0.0,0.0,0.0,0.0,0.0,0.0,0.0,0.0,0.0,0.0,0.005469061772534221,0.007013999999999999,2.4272332232288097e-09
4.0,31,7,135977.345775266,135977.34577526562,317280.47347561945,6842.36379329984,4.746494023840544e-16,4.506893183441092e-20,0.23569406601045997,0.008895072931289792,0.0,0.0,0.0,0.0,0.0,0.0,0.0,0.0,0.0,0.0,0.005261420970371714,0.007790145862579962,1.4594248876486963e-09
4.0,31,8,132850.11634761098,132850.11634761098,309983.6048110923,6842.36379329984,-1.736527492772617e-31,2.4637630687249556e-33,0.23027353500252573,0.008895072931289792,0.0,0.0,0.0,0.0,0.0,0.0,0.0,0.0,0.0,0.0,0.005371994644905936,0.007790145862579963,2.3841537030365397e-09
4.0,31,9,129863.61401607872,129863.61401607806,303015.09937084815,6842.36379329983,8.541643735206129e-16,2.856748480076552e-19,0.22509693096120115,0.008895072931289778,0.0,0.0,0.0,0.0,0.0,0.0,0.0,0.0,0.0,0.0,0.005482568319440156,0.007790145862579962,1.5207672411470168e-09
4.0,32,1,125433.29817118627,125433.29817118657,292677.695732769,6245.328514392335,-4.0160339089113883e-16,-2.5031514534459057e-20,0.21741771683005714,0.008118927068710036,0.0,0.0,0.0,0.0,0.0,0.0,0.0,0.0,0.0,0.0,0.005520510278959842,0.0062378541374200356,1.5312916679740775e-09
4.0,32,2,122704.68786349664,122704.68786349664,286310.93834815884,6245.328514392354,-2.70473191711882e-32,-1.7346650770131274e-34,0.21268812563006087,0.00811892706871006,0.0,0.0,0.0,0.0,0.0,0.0,0.0,0.0,0.0,0.0,0.0056310839534940635,0.006237854137420036,2.499140551557181e-09
4.0,32,3,120092.33130045874,120092.33130045857,280215.4397010698,6245.328514392279,2.106400488606176e-16,1.1105850186909435e-18,0.20816004092079465,0.008118927068709963,0.0,0.0,0.0,0.0,0.0,0.0,0.0,0.0,0.0,0.0,0.005741657628028285,0.0062378541374200356,1.592634021472427e-09
4.0,32,4,126780.18969756023,126780.18969756014,295820.44262764027,6543.846153846099,1.0337858220759855e-16,-5.029246949873224e-35,0.21975232880910417,0.008506999999999928,0.0,0.0,0.0,0.0,0.0,0.0,0.0,0.0,0.0,0.0,0.0055334144234657785,0.007013999999999999,2.4557936781734348e-09
4.0,32,5,124025.16502117299,124025.16502117299,289392.0517160703,6543.846153846097,-3.6858490670691786e-32,1.8269991463822933e-35,0.21497695270336653,0.008506999999999926,0.0,0.0,0.0,0.0,0.0,0.0,0.0,0.0,0.0,0.0,0.0056439880979999996,0.007014,4.007788097555367e-09
4.0,32,6,121387.41014267658,121387.41014267658,283237.290332912,6543.846153846109,2.3010996219842836e-19,-2.3010996219845407e-19,0.2104048442473061,0.008506999999999942,0.0,0.0,0.0,0.0,0.0,0.0,0.0,0.0,0.0,0.0,0.0057545617725342215,0.007013999999999999,2.5539414437708085e-09
4.0,32,7,128186.56872372284,128186.56872372248,299101.9936886854,6842.36379329984,4.746494023840594e-16,4.506893183440655e-20,0.22219005245445184,0.008895072931289792,0.0,0.0,0.0,0.0,0.0,0.0,0.0,0.0,0.0,0.0,0.005546920970371713,0.007790145862579962,1.538617525487391e-09
4.0,32,8,125404.0286180014,125404.0286180014,292609.40010866994,6842.363793299839,-2.746051243531749e-32,2.133571756406698e-34,0.2173669829378691,0.00889507293128979,0.0,0.0,0.0,0.0,0.0,0.0,0.0,0.0,0.0,0.0,0.005657494644905935,0.007790145862579963,2.5108619235784905e-09
4.0,32,9,122739.81422762558,122739.81422762493,286392.8998644575,6842.36379329983,8.54164373520594e-16,2.8567484800764755e-19,0.21274901132788238,0.008895072931289778,0.0,0.0,0.0,0.0,0.0,0.0,0.0,0.0,0.0,0.0,0.005768068319440155,0.007790145862579962,1.5999598789857395e-09
4.0,33,1,136868.89460876244,136868.8946087626,319360.7540871129,7016.097745161614,-2.1346528573540107e-16,-3.159105009581917e-20,0.2372394173218554,0.009120927068710098,0.0,0.0,0.0,0.0,0.0,0.0,0.0,0.0,0.0,0.0,0.005269558946651233,0.008241854137420037,1.4616822179752745e-09
4.0,33,2,133723.33217355367,133723.33217355367,312021.10840495856,7016.0977451616445,-2.0696647745785913e-31,-4.0676654631672736e-33,0.2317871091008264,0.009120927068710137,0.0,0.0,0.0,0.0,0.0,0.0,0.0,0.0,0.0,0.0,0.005380132621185454,0.008241854137420037,2.3877654315590837e-09
4.0,33,3,130719.23552750121,130719.2355275012,305011.54956416937,7016.097745161568,2.2369720882838692e-17,1.2493673763009848e-18,0.22658000824766872,0.009120927068710039,0.0,0.0,0.0,0.0,0.0,0.0,0.0,0.0,0.0,0.0,0.005490706295719674,0.008241854137420037,1.5230245714736019e-09
4.0,33,4,138449.56715299224,138449.567152992,323048.9900236478,7314.615384615434,3.05432853556575e-16,-3.8011884705964047e-34,0.23997924973185253,0.009509000000000064,0.0,0.0,0.0,0.0,0.0,0.0,0.0,0.0,0.0,0.0,0.005284018487465778,0.009018,2.3451088611473643e-09
4.0,33,5,135271.57088999997,135271.57088999997,315633.6654099999,7314.615384615434,-3.5363393155518557e-31,-6.59758006033193e-34,0.23447072287599996,0.009509000000000064,0.0,0.0,0.0,0.0,0.0,0.0,0.0,0.0,0.0,0.0,0.005394592162000001,0.009018,3.830692390313586e-09
4.0,33,6,132236.34449765325,132236.3444976534,308551.4704945247,7314.615384615447,-1.8962057846335214e-16,-2.5721006300653307e-19,0.22920966379593274,0.00950900000000008,0.0,0.0,0.0,0.0,0.0,0.0,0.0,0.0,0.0,0.0,0.0055051658365342215,0.009018,2.4432566267446516e-09
4.0,33,7,140091.4420088238,140091.44200882316,326880.0313539201,7613.133024069239,8.2278561579508e-16,5.579402478898706e-20,0.24282516614862604,0.00989707293129001,0.0,0.0,0.0,0.0,0.0,0.0,0.0,0.0,0.0,0.0,0.005299080430680324,0.00979414586257996,1.4698709542035833e-09
4.0,33,8,136879.85048563403,136879.85048563403,319386.31779981276,7613.1330240692405,-1.682996945714597e-31,3.0159316953609682e-33,0.23725840750843236,0.009897072931290012,0.0,0.0,0.0,0.0,0.0,0.0,0.0,0.0,0.0,0.0,0.005409654105214546,0.009794145862579961,2.4008674095243617e-09
4.0,33,9,133812.37585777717,133812.37585777676,312228.8770014787,7613.133024069233,5.313117125441686e-16,3.234996062495659e-19,0.23194145148681253,0.009897072931290003,0.0,0.0,0.0,0.0,0.0,0.0,0.0,0.0,0.0,0.0,0.005520227779748766,0.009794145862579961,1.5312133077019078e-09
4.0,34,1,129032.27311457039,129032.27311457056,301075.3039339981,7016.097745161614,-2.134652857354048e-16,-3.1591050095815885e-20,0.22365594006525585,0.009120927068710098,0.0,0.0,0.0,0.0,0.0,0.0,0.0,0.0,0.0,0.0,0.005555058946651231,0.008241854137420037,1.5408748558139847e-09
4.0,34,2,126233.21928270084,126233.21928270084,294544.178326302,7016.0977451616445,-2.848206566782248e-32,-3.958727637295243e-34,0.21880424675668148,0.009120927068710137,0.0,0.0,0.0,0.0,0.0,0.0,0.0,0.0,0.0,0.0,0.005665632621185453,0.008241854137420037,2.51447365210103e-09
4.0,34,3,123553.12366452218,123553.12366452217,288290.621883885,7016.097745161568,2.2369720882837632e-17,1.2493673763009819e-18,0.21415874768517174,0.009120927068710039,0.0,0.0,0.0,0.0,0.0,0.0,0.0,0.0,0.0,0.0,0.005776206295719674,0.008241854137420037,1.602217209312335e-09
4.0,34,4,130531.83445455012,130531.83445454988,304574.2803939495,7314.615384615434,3.054328535565755e-16,-3.4896495324387313e-34,0.2262551797212195,0.009509000000000064,0.0,0.0,0.0,0.0,0.0,0.0,0.0,0.0,0.0,0.0,0.0055695184874657785,0.009018,2.471817081689272e-09
4.0,34,5,127703.55885880455,127703.55885880455,297974.97067054396,7314.615384615434,-3.7559583583857446e-32,-4.373997549486313e-34,0.22135283535526123,0.009509000000000064,0.0,0.0,0.0,0.0,0.0,0.0,0.0,0.0,0.0,0.0,0.005680092162,0.009018,4.033425543180708e-09
4.0,34,6,124995.35845352843,124995.35845352858,291655.8363915668,7314.6153846154475,-1.8962057846335142e-16,-2.572100630065329e-19,0.21665862131944974,0.009509000000000082,0.0,0.0,0.0,0.0,0.0,0.0,0.0,0.0,0.0,0.0,0.005790665836534221,0.009018,2.5699648472866507e-09
4.0,34,7,132089.68607947417,132089.68607947353,308209.26751877094,7613.133024069238,8.227856157950851e-16,5.579402478898081e-20,0.22895545587108668,0.009897072931290008,0.0,0.0,0.0,0.0,0.0,0.0,0.0,0.0,0.0,0.0,0.0055845804306803234,0.00979414586257996,1.5490635920422774e-09
4.0,34,8,129231.1334954254,129231.1334954254,301539.31148932595,7613.1330240692405,-2.0587826605033702e-32,-4.815532466022153e-34,0.22400063139207071,0.009897072931290012,0.0,0.0,0.0,0.0,0.0,0.0,0.0,0.0,0.0,0.0,0.0056951541052145446,0.009794145862579961,2.5275756300663116e-09
4.0,34,9,126493.81036080174,126493.81036080133,295152.2241752027,7613.133024069232,5.313117125441532e-16,3.234996062495573e-19,0.2192559379587218,0.009897072931290002,0.0,0.0,0.0,0.0,0.0,0.0,0.0,0.0,0.0,0.0,0.0058057277797487665,0.009794145862579961,1.6104059455406308e-09
