time,element,point,stress_rr,stress_zz,stress_hoop,stress_rz,elastic_rr,elastic_zz,elastic_hoop,elastic_rz,plastic_rr,plastic_zz,plastic_hoop,plastic_rz,creep_rr,creep_zz,creep_hoop,creep_rz,equiv_plastic,equiv_creep,r,z,volume
1.0,1,1,-611242.2029718615,-1314391.8435728755,-611242.2029633487,6231.526705226459,-1.3709221332073194e-08,-4.6404338564867454e-06,-1.3709221276058905e-08,4.10034457203901e-08,0.0,0.0,0.0,0.0,0.0,0.0,0.0,0.0,0.0,0.0,0.0003433374273338985,0.0012500091332753804,3.703354888379238e-09
1.0,2,1,-586773.7862625254,-1189795.5050939545,-525788.923000319,13313.126324608678,-2.2324553492367423e-07,-4.191128444834478e-06,1.7803486534164267e-07,8.76003712159251e-08,0.0,0.0,0.0,0.0,0.0,0.0,0.0,0.0,0.0,0.0,0.0010300120744204597,0.0012500091688778634,1.111005638103785e-08
1.0,3,1,-534594.5702876513,-937468.4402613844,-349892.3353296883,19374.54107720435,-6.389428260043614e-07,-3.289852890431525e-06,5.763978800190346e-07,1.2748448028800462e-07,0.0,0.0,0.0,0.0,0.0,0.0,0.0,0.0,0.0,0.0,0.001716686095657908,0.0012500093409992235,1.8516732422710115e-08
1.0,4,1,-447432.71932607214,-519945.3608528767,-47781.685777074425,17924.796055754552,-1.3401548629550375e-06,-1.8172880442014124e-06,1.2895489377973672e-06,1.1794515804686494e-07,0.0,0.0,0.0,0.0,0.0,0.0,0.0,0.0,0.0,0.0,0.002403358991465937,0.001250009377023637,2.592335857504901e-08
1.0,5,1,-310854.7382375405,125042.04413454188,436593.7063217911,7696.130676151846,-2.4416581769087086e-06,4.2654265109959317e-07,2.4765525882916933e-06,5.0640539849079146e-08,0.0,0.0,0.0,0.0,0.0,0.0,0.0,0.0,0.0,0.0,0.003090030070642353,0.001250009516263102,3.332989706259659e-08
1.0,6,1,-108218.57146062958,1098684.1911121919,1190705.0455905797,121.52551880091464,-4.158327851293527e-06,3.783092326435638e-06,4.3885895489034305e-06,7.996379137100183e-10,0.0,0.0,0.0,0.0,0.0,0.0,0.0,0.0,0.0,0.0,0.003776698332144374,0.0012500096877929305,4.073628732236957e-08
1.0,7,1,-715543.543670355,-1271558.870824215,-715543.550000185,-14093.471434455385,-4.3809589344922256e-07,-4.0966767461216215e-06,-4.380959350995046e-07,-9.273504203871643e-08,0.0,0.0,0.0,0.0,0.0,0.0,0.0,0.0,0.0,0.0,0.0003433372703018832,0.0037500277958201784,3.703353577275736e-09
1.0,8,1,-667270.7961532632,-1168140.8812267075,-619348.2023738357,-26488.146981215858,-5.121212286774579e-07,-3.807846388460721e-06,-1.9679056160882476e-07,-1.7429200713640034e-07,0.0,0.0,0.0,0.0,0.0,0.0,0.0,0.0,0.0,0.0,0.0010300116509543045,0.00375002789009555,1.111005250147894e-08
1.0,9,1,-582601.9959780622,-948346.9706621517,-426518.1734225799,-28481.47024208111,-7.407230522364346e-07,-3.1473249856577438e-06,2.8630850017863844e-07,-1.874080741928937e-07,0.0,0.0,0.0,0.0,0.0,0.0,0.0,0.0,0.0,0.0,0.0017166855144656957,0.003750027960413022,1.851672563391436e-08
1.0,10,1,-464259.11092854757,-552112.6313591115,-100151.80953699112,-13736.314202506437,-1.2907177380268958e-06,-1.8687939024600066e-06,1.1051083051295458e-06,-9.038494745249235e-08,0.0,0.0,0.0,0.0,0.0,0.0,0.0,0.0,0.0,0.0,0.0024033583587033656,0.0037500282775391816,2.5923347955512362e-08
1.0,11,1,-313055.08733221405,103396.95635055442,416145.9430454492,8509.860734745856,-2.386153217706756e-06,3.541012297258605e-07,2.4119895621782682e-06,5.599488363462773e-08,0.0,0.0,0.0,0.0,0.0,0.0,0.0,0.0,0.0,0.0,0.0030900294067787333,0.003750028554876163,3.332987934625618e-08
1.0,12,1,-108313.50692892435,1132009.3186211265,1219519.5869489715,9321.602409082889,-4.256983205445377e-06,3.904340986673958e-06,4.480158552271178e-06,6.13361438517654e-08,0.0,0.0,0.0,0.0,0.0,0.0,0.0,0.0,0.0,0.0,0.0037766974994017377,0.0037500287805159543,4.073625370166456e-08
1.0,13,1,-868807.1546001141,-840786.0479331624,-868807.1555128864,-64821.881331732635,-1.6428785115558133e-06,-1.4584996296872714e-06,-1.6428785175618546e-06,-4.265279791628007e-07,0.0,0.0,0.0,0.0,0.0,0.0,0.0,0.0,0.0,0.0,0.00034333684533566005,0.006250050623875785,3.70335441284509e-09
1.0,14,1,-822426.0155697797,-796461.9672959736,-784965.5019774521,-143206.21340156987,-1.6134746763968857e-06,-1.442631238755242e-06,-1.3669844969593701e-06,-9.422968841823297e-07,0.0,0.0,0.0,0.0,0.0,0.0,0.0,0.0,0.0,0.0,0.0010300104228970043,0.006250049943882321,1.1110053503340205e-08
1.0,15,1,-731906.1048223156,-686732.3878305089,-610233.788157008,-208545.29015805153,-1.6103239660513018e-06,-1.3130809082452126e-06,-8.097201223935772e-07,-1.372228009239979e-06,0.0,0.0,0.0,0.0,0.0,0.0,0.0,0.0,0.0,0.0,0.0017166835912832954,0.006250048998217853,1.851672311709796e-08
1.0,16,1,-584497.6749799752,-455929.07875561726,-301505.2881249337,-235574.1142232987,-1.7257420752286054e-06,-8.797607120723301e-07,1.3634783027756755e-07,-1.5500776715893054e-06,0.0,0.0,0.0,0.0,0.0,0.0,0.0,0.0,0.0,0.0,0.0024033559678079425,0.006250047830332181,2.5923337041534153e-08
1.0,17,1,-373154.89202939614,7436.854337290715,210510.66603633785,-198623.3619965758,-2.2101315423373136e-06,2.941621487554856e-07,1.6303878297352156e-06,-1.3069417219374687e-06,0.0,0.0,0.0,0.0,0.0,0.0,0.0,0.0,0.0,0.0,0.003090026919935697,0.0062500471298431535,3.3329856882094045e-08
1.0,18,1,-120381.91687129391,889865.615794808,1025924.6882052253,-77953.95994628745,-3.628858264676522e-06,3.0185705002664286e-06,3.913839196726974e-06,-5.129370564465714e-07,0.0,0.0,0.0,0.0,0.0,0.0,0.0,0.0,0.0,0.0,0.0037766953167108104,0.006250047177305322,4.073621978175976e-08
1.0,19,1,-128628.75117074986,-243462.9453642928,-128628.97791848771,-44543.42961227385,-5.5238517066956026e-08,-8.108475148604687e-07,-5.524000906707113e-08,-2.9309576684876194e-07,0.0,0.0,0.0,0.0,0.0,0.0,0.0,0.0,0.0,0.0,0.0003433373988881711,0.008750078944498418,3.703368736425305e-09
1.0,20,1,-146632.65745683308,-237897.00919682122,-90762.47319413845,-102553.15606796108,-2.138813051064492e-07,-8.14400739555571e-07,1.5374450734208155e-07,-6.74799766927184e-07,0.0,0.0,0.0,0.0,0.0,0.0,0.0,0.0,0.0,0.0,0.0010300120078298573,0.008750077291576083,1.1110093636978739e-08
1.0,21,1,-166829.40394756015,-219027.27200864782,-2837.062034813018,-161116.70833033504,-4.836013719491325e-07,-8.270633437910896e-07,5.954682378367435e-07,-1.0601479408136044e-06,0.0,0.0,0.0,0.0,0.0,0.0,0.0,0.0,0.0,0.0,0.0017166860561169239,0.008750074210970595,1.8516781049559523e-08
1.0,22,1,-182414.17066386653,-162321.22194207294,168365.39157688504,-203222.66850623555,-9.216206413423356e-07,-7.894090387529339e-07,1.3865088782018094e-06,-1.33720515877103e-06,0.0,0.0,0.0,0.0,0.0,0.0,0.0,0.0,0.0,0.0,0.002403359113601177,0.008750070042388734,2.592339817337163e-08
1.0,23,1,-168373.10881247005,-23399.6712648861,479132.9594336444,-200382.35836189004,-1.5619241393689885e-06,-6.079989203058859e-07,2.698665789690445e-06,-1.3185159180212365e-06,0.0,0.0,0.0,0.0,0.0,0.0,0.0,0.0,0.0,0.0,0.0030900305943897277,0.00875006501462908,3.3329898501519554e-08
1.0,24,1,-69748.82761604339,309018.63995168323,1037174.6367719101,-86894.5914226915,-2.475729515303494e-06,1.656042129214704e-08,4.807826880369239e-06,-5.717664115613101e-07,0.0,0.0,0.0,0.0,0.0,0.0,0.0,0.0,0.0,0.0,0.0037766996908045174,0.008750060417649237,4.07362179110109e-08
1.0,25,1,0.0,0.0,0.0,0.0,0.0,0.0,0.0,0.0,0.0,0.0,0.0,0.0,0.0,0.0,0.0,0.0,0.0,0.0,0.00426375,0.001002,1.5327644904446732e-08
1.0,26,1,0.0,0.0,0.0,0.0,0.0,0.0,0.0,0.0,0.0,0.0,0.0,0.0,0.0,0.0,0.0,0.0,0.0,0.0,0.0045492499999999995,0.0010019999999999999,1.635398149083654e-08
1.0,27,1,0.0,0.0,0.0,0.0,0.0,0.0,0.0,0.0,0.0,0.0,0.0,0.0,0.0,0.0,0.0,0.0,0.0,0.0,0.00426375,0.003006,1.5327644904446732e-08
1.0,28,1,0.0,0.0,0.0,0.0,0.0,0.0,0.0,0.0,0.0,0.0,0.0,0.0,0.0,0.0,0.0,0.0,0.0,0.0,0.0045492499999999995,0.0030059999999999996,1.635398149083654e-08
1.0,29,1,0.0,0.0,0.0,0.0,0.0,0.0,0.0,0.0,0.0,0.0,0.0,0.0,0.0,0.0,0.0,0.0,0.0,0.0,0.00426375,0.00501,1.5327644904446722e-08
1.0,30,1,0.0,0.0,0.0,0.0,0.0,0.0,0.0,0.0,0.0,0.0,0.0,0.0,0.0,0.0,0.0,0.0,0.0,0.0,0.0045492499999999995,0.00501,1.6353981490836527e-08
1.0,31,1,0.0,0.0,0.0,0.0,0.0,0.0,0.0,0.0,0.0,0.0,0.0,0.0,0.0,0.0,0.0,0.0,0.0,0.0,0.00426375,0.007013999999999999,1.5327644904446742e-08
1.0,32,1,0.0,0.0,0.0,0.0,0.0,0.0,0.0,0.0,0.0,0.0,0.0,0.0,0.0,0.0,0.0,0.0,0.0,0.0,0.0045492499999999995,0.007013999999999999,1.6353981490836547e-08
1.0,33,1,0.0,0.0,0.0,0.0,0.0,0.0,0.0,0.0,0.0,0.0,0.0,0.0,0.0,0.0,0.0,0.0,0.0,0.0,0.00426375,0.009018,1.5327644904446722e-08
1.0,34,1,0.0,0.0,0.0,0.0,0.0,0.0,0.0,0.0,0.0,0.0,0.0,0.0,0.0,0.0,0.0,0.0,0.0,0.0,0.0045492499999999995,0.009018,1.6353981490836527e-08
2.0,1,1,-2369426.5597027447,-5070481.37996783,-2369426.5589295854,21766.70323055146,-9.207825505580754e-08,-1.786501897240007e-05,-9.20782499684167e-08,1.432249072570286e-07,0.0,0.0,0.0,0.0,0.0,0.0,0.0,0.0,0.0,0.0,0.0003433484260808331,0.0012500327676324635,3.703661963678243e-09
2.0,2,1,-2264925.1904217545,-4558514.256314706,-2013904.489266043,46399.50860700391,-9.40204334091189e-07,-1.603202038766681e-05,7.115118795133929e-07,3.0530876663408574e-07,0.0,0.0,0.0,0.0,0.0,0.0,0.0,0.0,0.0,0.0,0.0010300444244718215,0.0012500328880731154,1.1110951448377281e-08
2.0,3,1,-2046979.5904707632,-3539337.1008631447,-1298451.4829542967,66668.81903064372,-2.5911919899222587e-06,-1.2410904408304129e-05,2.3341229575360918e-06,4.3868082922163564e-07,0.0,0.0,0.0,0.0,0.0,0.0,0.0,0.0,0.0,0.0,0.0017167378803192817,0.0012500334988354287,1.851813745569461e-08
2.0,4,1,-1693544.2912028218,-1896452.7321161027,-109903.81616215594,61846.25305610534,-5.29767810973446e-06,-6.632815650943849e-06,5.122676216033121e-06,4.0694834510917313e-07,0.0,0.0,0.0,0.0,0.0,0.0,0.0,0.0,0.0,0.0,0.0024034268779164238,0.001250033647410326,2.5925128562850273e-08
2.0,5,1,-1160547.5599891273,549877.0174636466,1714471.546744008,29410.563928312527,-9.38040853139373e-06,1.8741851882455212e-06,9.537217190910299e-06,1.935215106482964e-07,0.0,0.0,0.0,0.0,0.0,0.0,0.0,0.0,0.0,0.0,0.003090108929305107,0.001250034233487411,3.333179462329588e-08
2.0,6,1,-400246.5017859698,4070120.3011914575,4410921.656859011,2673.0332538294892,-1.540127880264959e-05,1.4013734760941881e-05,1.6256207681234387e-05,1.758855881019804e-08,0.0,0.0,0.0,0.0,0.0,0.0,0.0,0.0,0.0,0.0,0.0037767806920348335,0.0012500348320509643,4.0737943822413745e-08
2.0,7,1,-2745026.6699024793,-4919070.982480446,-2745026.7592956536,-49556.96805778745,-1.6158589175061579e-06,-1.5921070494269184e-05,-1.6158595057132441e-06,-3.2608484982024143e-07,0.0,0.0,0.0,0.0,0.0,0.0,0.0,0.0,0.0,0.0,0.00034334785641133023,0.0037500997047682956,3.703657012847257e-09
2.0,8,1,-2556864.959147927,-4480278.201021258,-2350995.0071237716,-93384.48264423938,-1.990913126870486e-06,-1.4646972258397007e-05,-6.362888425515465e-07,-6.144698957990951e-07,0.0,0.0,0.0,0.0,0.0,0.0,0.0,0.0,0.0,0.0,0.0010300428793614117,0.0037501000566975713,1.1110936683112242e-08
2.0,9,1,-2225430.8093265845,-3573993.749937082,-1575150.8482083124,-100391.95632202999,-2.9915055815631967e-06,-1.1865049730780272e-05,1.2873365625950286e-06,-6.605790725989573e-07,0.0,0.0,0.0,0.0,0.0,0.0,0.0,0.0,0.0,0.0,0.0017167357343556785,0.00375010032577069,1.8518111307149893e-08
2.0,10,1,-1763047.481044459,-2007249.0732822528,-300932.21827686904,-49698.299397358925,-5.168310964558881e-06,-6.7751574414835635e-06,4.452407464451857e-06,-3.270148100346217e-07,0.0,0.0,0.0,0.0,0.0,0.0,0.0,0.0,0.0,0.0,0.0024034244925183338,0.0037501014665354913,2.592508706828174e-08
2.0,11,1,-1175398.0529002405,470902.4895846371,1636066.1364131784,25800.31145723739,-9.20600069357775e-06,1.6266568759727432e-06,9.293433672104545e-06,1.6976604938862203e-07,0.0,0.0,0.0,0.0,0.0,0.0,0.0,0.0,0.0,0.0,0.0030901063780875097,0.003750102435047761,3.333172606008554e-08
2.0,12,1,-402563.80304360716,4185898.0640350524,4504610.670449071,30139.473609390076,-1.5743822815702954e-05,1.444825626967463e-05,1.6545385219878872e-05,1.983177363497867e-07,0.0,0.0,0.0,0.0,0.0,0.0,0.0,0.0,0.0,0.0,0.0037767775194054247,0.0037501033694317897,4.0737820717702775e-08
2.0,13,1,-3347445.121683155,-3291239.283476458,-3347445.090031475,-248663.83209994354,-6.248104298273242e-06,-5.878269882873174e-06,-6.248104090005185e-06,-1.6362080152176287e-06,0.0,0.0,0.0,0.0,0.0,0.0,0.0,0.0,0.0,0.0,0.0003433462201259772,0.006250182161956698,3.7036598453274043e-09
2.0,14,1,-3151004.7371599274,-3080923.044158241,-2992019.566701306,-546624.3342147571,-6.15977436064155e-06,-5.6986368206904565e-06,-5.113651939023825e-06,-3.5967881191331017e-06,0.0,0.0,0.0,0.0,0.0,0.0,0.0,0.0,0.0,0.0,0.001030038175968609,0.006250179658467126,1.1110939868578681e-08
2.0,15,1,-2777385.3246819824,-2595514.9976787716,-2272371.622112886,-791019.5602803216,-6.195665764139093e-06,-4.998959012457966e-06,-2.8726756012344388e-06,-5.204908706644516e-06,0.0,0.0,0.0,0.0,0.0,0.0,0.0,0.0,0.0,0.0,0.0017167284300650335,0.006250176167922444,1.8518101728263926e-08
2.0,16,1,-2189839.0881977086,-1646361.4152833256,-1050672.1087581425,-886549.5130822199,-6.687882473003025e-06,-3.1117993852263825e-06,8.078362517093228e-07,-5.8334957960810066e-06,0.0,0.0,0.0,0.0,0.0,0.0,0.0,0.0,0.0,0.0,0.0024034154980321085,0.006250171873235341,2.5925047510080727e-08
2.0,17,1,-1379217.481676124,121805.04078345525,877293.5692803516,-742653.7368006652,-8.474663212281435e-06,1.4020649855025968e-06,6.3731795030121745e-06,-4.886661588148377e-06,0.0,0.0,0.0,0.0,0.0,0.0,0.0,0.0,0.0,0.0,0.0030900970895078247,0.006250169275704501,3.333164455276374e-08
2.0,18,1,-440911.0496250526,3267407.274648912,3781239.64558532,-290516.66367050674,-1.334141738209535e-05,1.1059317191627334e-05,1.4440334192388905e-05,-1.9115996469519344e-06,0.0,0.0,0.0,0.0,0.0,0.0,0.0,0.0,0.0,0.0,0.0037767693969310125,0.0062501692946414,4.073769356011596e-08
2.0,19,1,-527347.4667713993,-966941.486264281,-527350.5447016389,-176905.16995904475,-2.757559249308425e-07,-3.168284573194005e-06,-2.7577617771181965e-07,-1.1640360183305144e-06,0.0,0.0,0.0,0.0,0.0,0.0,0.0,0.0,0.0,0.0,0.0003433483048574712,0.008750286079791496,3.7037149146990844e-09
2.0,20,1,-593155.8821927754,-931019.4528431218,-362421.33319098176,-403928.7220446414,-9.221429690299931e-07,-3.1452852639092727e-06,5.960903634018087e-07,-2.65785099105374e-06,0.0,0.0,0.0,0.0,0.0,0.0,0.0,0.0,0.0,0.0,0.0010300441388975323,0.008750279611319535,1.1111093138026579e-08
2.0,21,1,-661658.4342161824,-831110.1693155887,5958.881986987428,-625415.8428605903,-2.0045531371017223e-06,-3.1195455540558146e-06,2.3883688035151353e-06,-4.115236246022684e-06,0.0,0.0,0.0,0.0,0.0,0.0,0.0,0.0,0.0,0.0,0.0017167376887937827,0.008750267714021357,1.851832051449788e-08
2.0,22,1,-706557.9925802376,-583564.4547033892,688031.5503654082,-772721.4761465444,-3.6978479740471778e-06,-2.8885504948175155e-06,5.478551218535171e-06,-5.0845073130442625e-06,0.0,0.0,0.0,0.0,0.0,0.0,0.0,0.0,0.0,0.0,0.002403427305284085,0.008750251790443501,2.5925274682722115e-08
2.0,23,1,-635678.4038378419,-43862.5136313308,1859354.1920093428,-742518.0504744409,-6.046868871026467e-06,-2.1527203134676245e-06,1.0370445609648004e-05,-4.885768772121821e-06,0.0,0.0,0.0,0.0,0.0,0.0,0.0,0.0,0.0,0.0,0.0030901108969374723,0.008750232887400636,3.333179622295259e-08
2.0,24,1,-259494.13072024798,1126930.2077768808,3839048.433408865,-316883.5698349361,-9.143716906674716e-06,-2.1044759363608656e-08,1.782469316529484e-05,-2.0850938895138796e-06,0.0,0.0,0.0,0.0,0.0,0.0,0.0,0.0,0.0,0.0,0.0037767858039172613,0.00875021583225774,4.0737685148428905e-08
2.0,25,1,0.0,0.0,0.0,0.0,0.0,0.0,0.0,0.0,0.0,0.0,0.0,0.0,0.0,0.0,0.0,0.0,0.0,0.0,0.00426375,0.001002,1.5327644904446732e-08
2.0,26,1,0.0,0.0,0.0,0.0,0.0,0.0,0.0,0.0,0.0,0.0,0.0,0.0,0.0,0.0,0.0,0.0,0.0,0.0,0.0045492499999999995,0.0010019999999999999,1.635398149083654e-08
2.0,27,1,0.0,0.0,0.0,0.0,0.0,0.0,0.0,0.0,0.0,0.0,0.0,0.0,0.0,0.0,0.0,0.0,0.0,0.0,0.00426375,0.003006,1.5327644904446732e-08
2.0,28,1,0.0,0.0,0.0,0.0,0.0,0.0,0.0,0.0,0.0,0.0,0.0,0.0,0.0,0.0,0.0,0.0,0.0,0.0,0.0045492499999999995,0.0030059999999999996,1.635398149083654e-08
2.0,29,1,0.0,0.0,0.0,0.0,0.0,0.0,0.0,0.0,0.0,0.0,0.0,0.0,0.0,0.0,0.0,0.0,0.0,0.0,0.00426375,0.00501,1.5327644904446722e-08
2.0,30,1,0.0,0.0,0.0,0.0,0.0,0.0,0.0,0.0,0.0,0.0,0.0,0.0,0.0,0.0,0.0,0.0,0.0,0.0,0.0045492499999999995,0.00501,1.6353981490836527e-08
2.0,31,1,0.0,0.0,0.0,0.0,0.0,0.0,0.0,0.0,0.0,0.0,0.0,0.0,0.0,0.0,0.0,0.0,0.0,0.0,0.00426375,0.007013999999999999,1.5327644904446742e-08
2.0,32,1,0.0,0.0,0.0,0.0,0.0,0.0,0.0,0.0,0.0,0.0,0.0,0.0,0.0,0.0,0.0,0.0,0.0,0.0,0.0045492499999999995,0.007013999999999999,1.6353981490836547e-08
2.0,33,1,0.0,0.0,0.0,0.0,0.0,0.0,0.0,0.0,0.0,0.0,0.0,0.0,0.0,0.0,0.0,0.0,0.0,0.0,0.00426375,0.009018,1.5327644904446722e-08
2.0,34,1,0.0,0.0,0.0,0.0,0.0,0.0,0.0,0.0,0.0,0.0,0.0,0.0,0.0,0.0,0.0,0.0,0.0,0.0,0.0045492499999999995,0.009018,1.6353981490836527e-08
3.0,1,1,-5044010.771754684,-10747119.625196572,-5044010.76734695,41693.07870399037,-2.700678385546532e-07,-3.779652409420228e-05,-2.700678095517689e-07,2.7434045787225666e-07,0.0,0.0,0.0,0.0,0.0,0.0,0.0,0.0,0.0,0.0,0.0003433640726800113,0.001250065060157218,3.7040949452573493e-09
3.0,2,1,-4802896.466185754,-9601147.569858793,-4240284.702852607,88708.83422051388,-2.145019340044761e-06,-3.3717511602213355e-05,1.556966062687349e-06,5.837041291709813e-07,0.0,0.0,0.0,0.0,0.0,0.0,0.0,0.0,0.0,0.0,0.0010300903056382575,0.0012500652843324346,1.1112207017058241e-08
3.0,3,1,-4309149.53531499,-7354185.782284832,-2654215.140030045,126102.27521680079,-5.7324742193174454e-06,-2.5768812724379e-05,5.156994101657491e-06,8.297529709265492e-07,0.0,0.0,0.0,0.0,0.0,0.0,0.0,0.0,0.0,0.0,0.0017168109049222103,0.0012500664831870127,1.8520089776455222e-08
3.0,4,1,-3528083.1001677024,-3815442.235704534,-95289.32940893387,117571.85190018905,-1.1461459627959232e-05,-1.3352282739791585e-05,1.1126323383633463e-05,7.736227855032439e-07,0.0,0.0,0.0,0.0,0.0,0.0,0.0,0.0,0.0,0.0,0.002403521842861561,0.0012500668180710048,2.5927555545085887e-08
3.0,5,1,-2388001.9105983265,1284564.797304068,3683334.9631347805,61549.54123113717,-1.9789291174485015e-05,4.376197763512742e-06,2.0160105454678833e-05,4.0499598130088253e-07,0.0,0.0,0.0,0.0,0.0,0.0,0.0,0.0,0.0,0.0,0.003090218193859695,0.0012500681357719716,3.333435790996656e-08
3.0,6,1,-816592.2355392296,8316225.4207927305,9012201.37373354,9471.669188455706,-3.1461875513047656e-05,2.8632064665616645e-05,3.321158643596716e-05,6.232358326003854e-08,0.0,0.0,0.0,0.0,0.0,0.0,0.0,0.0,0.0,0.0,0.003776893811875108,0.0012500692917597237,4.0740163497224085e-08
3.0,7,1,-5788601.744469058,-10450715.080663059,-5788602.112459355,-96093.70604197713,-3.2848875572118728e-06,-3.39615933093684e-05,-3.284889978588031e-06,-6.322965857562095e-07,0.0,0.0,0.0,0.0,0.0,0.0,0.0,0.0,0.0,0.0,0.00034336293137827675,0.0037501979174567115,3.704084603075628e-09
3.0,8,1,-5385823.586297362,-9444040.743083203,-4909009.044663514,-181651.8020773854,-4.251299266846995e-06,-3.095436815849783e-05,-1.1138595828962775e-06,-1.1952688576691959e-06,0.0,0.0,0.0,0.0,0.0,0.0,0.0,0.0,0.0,0.0,0.0010300871916369887,0.003750198638756315,1.1112175941498924e-08
3.0,9,1,-4673841.426277285,-7413452.523786686,-3204595.801370629,-195622.73080587157,-6.592690777637869e-06,-2.4619331799249723e-05,3.0749454342479285e-06,-1.2871975687026348e-06,0.0,0.0,0.0,0.0,0.0,0.0,0.0,0.0,0.0,0.0,0.0017168065285194248,0.003750199199806837,1.8520034180768574e-08
3.0,10,1,-3682833.067390522,-4025590.3700285563,-479303.32033882197,-99871.35771979296,-1.1296433306172152e-05,-1.3551776357530417e-05,9.782792429428032e-06,-6.571535337962376e-07,0.0,0.0,0.0,0.0,0.0,0.0,0.0,0.0,0.0,0.0,0.0024035168832600186,0.003750201462145549,2.5927466418763376e-08
3.0,11,1,-2430407.892238805,1125337.5312594776,3517801.0354236094,41496.4632290342,-1.9488198396553303e-05,3.908606490065396e-06,1.9651016347465386e-05,2.73046728047045e-07,0.0,0.0,0.0,0.0,0.0,0.0,0.0,0.0,0.0,0.0,0.0030902128003610103,0.003750203342627228,3.3334212274600214e-08
3.0,12,1,-824845.0067764632,8537393.497265734,9178388.075142728,53207.52637839955,-3.2115159918287685e-05,2.9488369438309967e-05,3.370611376074059e-05,3.50105523569869e-07,0.0,0.0,0.0,0.0,0.0,0.0,0.0,0.0,0.0,0.0,0.003776887158485692,0.0037502054345447604,4.0739914660001566e-08
3.0,13,1,-7086202.934289906,-7064777.895474221,-7086202.748438556,-524235.9944717229,-1.3072465254067344e-05,-1.2931488498660131e-05,-1.3072464031165458e-05,-3.4494728436239368e-06,0.0,0.0,0.0,0.0,0.0,0.0,0.0,0.0,0.0,0.0,0.0003433594695939187,0.006250362627886396,3.7040898695213145e-09
3.0,14,1,-6636467.905629699,-6542716.293677997,-6271236.151494264,-1147336.9673187644,-1.2936294664776323e-05,-1.2319409058134123e-05,-1.0533069722565158e-05,-7.5494772449574695e-06,0.0,0.0,0.0,0.0,0.0,0.0,0.0,0.0,0.0,0.0,0.0010300772879647533,0.00625035754903329,1.1112181429422365e-08
3.0,15,1,-5798716.290850814,-5396146.400438011,-4660366.169254315,-1650890.3773286548,-1.31042915941402e-05,-1.0455381715223951e-05,-5.613947794035228e-06,-1.0862858682822548e-05,0.0,0.0,0.0,0.0,0.0,0.0,0.0,0.0,0.0,0.0,0.0017167912632354502,0.006250350448642048,1.8520014166272003e-08
3.0,16,1,-4519159.206572376,-3279119.291473758,-2018106.1902043354,-1837224.1403252322,-1.4226179771810491e-05,-6.0667171304615855e-06,2.230749075891214e-06,-1.2088934843340028e-05,0.0,0.0,0.0,0.0,0.0,0.0,0.0,0.0,0.0,0.0,0.002403498245574158,0.006250341737020556,2.5927387298143145e-08
3.0,17,1,-2811389.0377672017,423262.4346433594,1972879.4384885165,-1529982.2168916678,-1.7842849348384372e-05,3.4411573400771186e-06,1.3637637225378253e-05,-1.0067282987147174e-05,0.0,0.0,0.0,0.0,0.0,0.0,0.0,0.0,0.0,0.0,0.0030901936784049726,0.0062503364107979135,3.333404890171145e-08
3.0,18,1,-891306.2953114761,6620449.51172917,7688777.746429125,-596718.6885286559,-2.7065110544447483e-05,2.2362242665879965e-05,2.9391842450205662e-05,-3.926408970518556e-06,0.0,0.0,0.0,0.0,0.0,0.0,0.0,0.0,0.0,0.0,0.0037768704948357747,0.006250336155078287,4.0739652027066264e-08
3.0,19,1,-1176548.4798939263,-2101658.7178479764,-1176561.5470715095,-384501.15450354916,-7.031543808968436e-07,-6.790379746634493e-06,-7.03240362925342e-07,-2.5300175966333534e-06,0.0,0.0,0.0,0.0,0.0,0.0,0.0,0.0,0.0,0.0,0.00034336379390525,0.008750573340392621,3.7042062941596988e-09
3.0,20,1,-1308649.3597630453,-1996919.3953667614,-790162.3795161125,-871444.065624418,-2.139657594500286e-06,-6.668474428772736e-06,1.2719867355245316e-06,-5.73410195180867e-06,0.0,0.0,0.0,0.0,0.0,0.0,0.0,0.0,0.0,0.0,0.0010300896464066585,0.008750559457421835,1.1112503502971147e-08
3.0,21,1,-1435454.4370010423,-1733595.3745454687,45861.43694661907,-1331939.617345741,-4.510652563599029e-06,-6.472419932641354e-06,5.236405886976583e-06,-8.764162682134976e-06,0.0,0.0,0.0,0.0,0.0,0.0,0.0,0.0,0.0,0.0,0.001716810426647518,0.008750534219642956,1.852046925514663e-08
3.0,22,1,-1501814.894458072,-1156790.609464605,1529314.789579817,-1615600.0123284014,-8.097662676872393e-06,-5.827402881615383e-06,1.1847170644096915e-05,-1.0630648081120881e-05,0.0,0.0,0.0,0.0,0.0,0.0,0.0,0.0,0.0,0.0,0.002403522669064942,0.008750500773014714,2.592785292710539e-08
3.0,23,1,-1321160.699589298,-10605.16722942004,3955560.4136383426,-1516939.0597714854,-1.2838832787272588e-05,-4.215377384344589e-06,2.1881992137765287e-05,-9.981459013296373e-06,0.0,0.0,0.0,0.0,0.0,0.0,0.0,0.0,0.0,0.0,0.003090222266478959,0.00875046164093123,3.333435421098339e-08
3.0,24,1,-532282.5009063706,2268863.0277081085,7837792.170369839,-637957.8899361658,-1.862992771749501e-05,-1.9839013921173983e-07,3.644516361950245e-05,-4.197762915779971e-06,0.0,0.0,0.0,0.0,0.0,0.0,0.0,0.0,0.0,0.0,0.0037769044039714992,0.00875042674703671,4.0739632072568365e-08
3.0,25,1,0.0,0.0,0.0,0.0,0.0,0.0,0.0,0.0,0.0,0.0,0.0,0.0,0.0,0.0,0.0,0.0,0.0,0.0,0.00426375,0.001002,1.5327644904446732e-08
3.0,26,1,0.0,0.0,0.0,0.0,0.0,0.0,0.0,0.0,0.0,0.0,0.0,0.0,0.0,0.0,0.0,0.0,0.0,0.0,0.0045492499999999995,0.0010019999999999999,1.635398149083654e-08
3.0,27,1,0.0,0.0,0.0,0.0,0.0,0.0,0.0,0.0,0.0,0.0,0.0,0.0,0.0,0.0,0.0,0.0,0.0,0.0,0.00426375,0.003006,1.5327644904446732e-08
3.0,28,1,0.0,0.0,0.0,0.0,0.0,0.0,0.0,0.0,0.0,0.0,0.0,0.0,0.0,0.0,0.0,0.0,0.0,0.0,0.0045492499999999995,0.0030059999999999996,1.635398149083654e-08
3.0,29,1,0.0,0.0,0.0,0.0,0.0,0.0,0.0,0.0,0.0,0.0,0.0,0.0,0.0,0.0,0.0,0.0,0.0,0.0,0.00426375,0.00501,1.5327644904446722e-08
3.0,30,1,0.0,0.0,0.0,0.0,0.0,0.0,0.0,0.0,0.0,0.0,0.0,0.0,0.0,0.0,0.0,0.0,0.0,0.0,0.0045492499999999995,0.00501,1.6353981490836527e-08
3.0,31,1,0.0,0.0,0.0,0.0,0.0,0.0,0.0,0.0,0.0,0.0,0.0,0.0,0.0,0.0,0.0,0.0,0.0,0.0,0.00426375,0.007013999999999999,1.5327644904446742e-08
3.0,32,1,0.0,0.0,0.0,0.0,0.0,0.0,0.0,0.0,0.0,0.0,0.0,0.0,0.0,0.0,0.0,0.0,0.0,0.0,0.0045492499999999995,0.007013999999999999,1.6353981490836547e-08
3.0,33,1,0.0,0.0,0.0,0.0,0.0,0.0,0.0,0.0,0.0,0.0,0.0,0.0,0.0,0.0,0.0,0.0,0.0,0.0,0.00426375,0.009018,1.5327644904446722e-08
3.0,34,1,0.0,0.0,0.0,0.0,0.0,0.0,0.0,0.0,0.0,0.0,0.0,0.0,0.0,0.0,0.0,0.0,0.0,0.0,0.0045492499999999995,0.009018,1.6353981490836527e-08
4.0,1,1,-8355735.840712012,-17748389.300950497,-8355735.828025331,63514.46466212499,-5.341614997782485e-07,-6.233782126814749e-05,-5.341614162998841e-07,4.179251774767824e-07,0.0,0.0,0.0,0.0,0.0,0.0,0.0,0.0,0.0,0.0,0.00034338274682895863,0.0012501027097736716,3.704609157102876e-09
4.0,2,1,-7934241.284270458,-15783593.626236385,-6968876.515923738,134986.61616710186,-3.7223035967392965e-06,-5.537104200687509e-05,2.6297965789821227e-06,8.882119343795302e-07,0.0,0.0,0.0,0.0,0.0,0.0,0.0,0.0,0.0,0.0,0.0010301449602781426,0.0012501030450257726,1.111369324617302e-08
4.0,3,1,-7081737.811647361,-11972599.951907698,-4269465.669456104,190702.3534645169,-9.746225376481998e-06,-4.1928098259395014e-05,8.758525319136474e-06,1.2548214857965211e-06,0.0,0.0,0.0,0.0,0.0,0.0,0.0,0.0,0.0,0.0,0.0017168975850670944,0.0012501049208320757,1.8522387149526762e-08
4.0,4,1,-5755703.674613409,-6068981.091327772,-2775.423444567248,178839.08437292487,-1.918514307972675e-05,-2.1246508481707253e-05,1.866912481296423e-05,1.1767611751738457e-06,0.0,0.0,0.0,0.0,0.0,0.0,0.0,0.0,0.0,0.0,0.002403634021806277,0.001250105498302621,2.5930388854372633e-08
4.0,5,1,-3862443.747318358,2247892.7159442827,6130072.5063216435,100307.45019931444,-3.254940378777195e-05,7.656610140496225e-06,3.320135316117925e-05,6.60023022311489e-07,0.0,0.0,0.0,0.0,0.0,0.0,0.0,0.0,0.0,0.0,0.003090346549468638,0.0012501077396658454,3.333732525153195e-08
4.0,6,1,-1313014.1604271093,13385477.886968177,14505008.256519224,19536.599181162546,-5.063203890884564e-05,4.608403876301534e-05,5.345054859466123e-05,1.2855082261204956e-07,0.0,0.0,0.0,0.0,0.0,0.0,0.0,0.0,0.0,0.0,0.0037770260446787613,0.0012501095283148917,4.074272279118793e-08
4.0,7,1,-9524214.853988525,-17284711.083411954,-9524215.787291896,-148612.64167565442,-5.26296981423054e-06,-5.6327035003836694e-05,-5.262975955366727e-06,-9.778711822258061e-07,0.0,0.0,0.0,0.0,0.0,0.0,0.0,0.0,0.0,0.0,0.0003433809351379277,0.00375031238035489,3.7045921671064398e-09
4.0,8,1,-8854126.107252927,-15532203.246935098,-8019059.496229314,-281752.79209709767,-7.059635402064869e-06,-5.1001382981173544e-05,-1.56489710152949e-06,-1.8539333719989025e-06,0.0,0.0,0.0,0.0,0.0,0.0,0.0,0.0,0.0,0.0,0.001030139993869946,0.0037503135398593763,1.111364192258513e-08
4.0,9,1,-7666923.897131361,-12053414.050973607,-5135918.612171119,-304364.5219807428,-1.1175473877888136e-05,-4.0038579090170116e-05,5.478540897150253e-06,-2.0027185546332876e-06,0.0,0.0,0.0,0.0,0.0,0.0,0.0,0.0,0.0,0.0,0.0017168905420386603,0.0037503144486524163,1.8522294750619223e-08
4.0,10,1,-6017926.246609403,-6388026.260969082,-612598.150027493,-159708.36833882096,-1.9028644663672428e-05,-2.1463902758159108e-05,1.653841421183654e-05,-1.0508810636694419e-06,0.0,0.0,0.0,0.0,0.0,0.0,0.0,0.0,0.0,0.0,0.002403625929340839,0.0037503180064691155,2.5930240031718004e-08
4.0,11,1,-3943519.025162246,1993775.6313267858,5857084.580821173,53362.805644120635,-3.2121954261005e-05,6.945444578692825e-06,3.2366017466365886e-05,3.5112726113831377e-07,0.0,0.0,0.0,0.0,0.0,0.0,0.0,0.0,0.0,0.0,0.0030903376511098183,0.0037503209373871867,3.333708449929912e-08
4.0,12,1,-1330015.4837126117,13722472.102020279,14742677.09851538,75939.01490416644,-5.16250131554094e-05,4.7420355158713016e-05,5.4133304035650787e-05,4.996787180694151e-07,0.0,0.0,0.0,0.0,0.0,0.0,0.0,0.0,0.0,0.0,0.003777015133017746,0.0037503245073385455,4.074232535956124e-08
4.0,13,1,-11690560.946357843,-11767280.134579243,-11690560.450850744,-862252.472527312,-2.1389416606809832e-05,-2.1894228865306647e-05,-2.1389413346373125e-05,-5.673621269229713e-06,0.0,0.0,0.0,0.0,0.0,0.0,0.0,0.0,0.0,0.0,0.00034337522616751455,0.0062505734454858086,3.7046000175715903e-09
4.0,14,1,-10909079.867595397,-10814680.625740651,-10272192.481258184,-1881413.4388693694,-2.122813982891883e-05,-2.0606992817514594e-05,-1.7037420826819958e-05,-1.237970042776045e-05,0.0,0.0,0.0,0.0,0.0,0.0,0.0,0.0,0.0,0.0,0.0010301237148902529,0.006250565321555389,1.111364955719014e-08
4.0,15,1,-9473212.221659556,-8785244.912027275,-7514319.897609735,-2696367.558830098,-2.1612748709071306e-05,-1.7085923811690892e-05,-8.723237216823481e-06,-1.7742098537102042e-05,0.0,0.0,0.0,0.0,0.0,0.0,0.0,0.0,0.0,0.0,0.0017168655808812016,0.00625055393951771,1.852226208671378e-08
4.0,16,1,-7322646.381346913,-5175608.431837381,-3096902.2912439145,-2985951.7309206408,-2.3542664964266118e-05,-9.415155256493394e-06,4.262731148611609e-06,-1.9647562389457815e-05,0.0,0.0,0.0,0.0,0.0,0.0,0.0,0.0,0.0,0.0,0.00240359563372578,0.006250539994120035,2.593011470565808e-08
4.0,17,1,-4516369.127131604,875399.6745511356,3376283.004442915,-2476372.1629966632,-2.9299504268468618e-05,6.1783344466038045e-06,2.2634146757291714e-05,-1.6294528832518043e-05,0.0,0.0,0.0,0.0,0.0,0.0,0.0,0.0,0.0,0.0,0.003090306710276514,0.006250531381460399,3.333682507143876e-08
4.0,18,1,-1423575.5009721825,10591456.00454877,12331953.218684558,-963797.1977006771,-4.3336864077569566e-05,3.572204322875829e-05,4.7174514897771785e-05,-6.341785560870455e-06,0.0,0.0,0.0,0.0,0.0,0.0,0.0,0.0,0.0,0.0,0.0037769882371171343,0.006250530637597958,4.0741899444164324e-08
4.0,19,1,-2010835.7747819542,-3530439.0864768797,-2010870.2106844736,-645901.4564603816,-1.2989101843948318e-06,-1.1297899975347442e-05,-1.2991367726334112e-06,-4.250031583509311e-06,0.0,0.0,0.0,0.0,0.0,0.0,0.0,0.0,0.0,0.0,0.0003433822612022315,0.00875091108028708,3.7047920419006244e-09
4.0,20,1,-2219824.209882477,-3322832.212527039,-1328738.805555367,-1456183.4198569944,-3.7496388408421845e-06,-1.1007431498243401e-05,2.1137031196302016e-06,-9.581686902659022e-06,0.0,0.0,0.0,0.0,0.0,0.0,0.0,0.0,0.0,0.0,0.0010301438100291818,0.008750887955579703,1.111417849545725e-08
4.0,21,1,-2407246.056630412,-2828221.949130821,115583.65180422785,-2205578.303250143,-7.750261773376042e-06,-1.0520283146028733e-05,8.849957708123886e-06,-1.4512705235385939e-05,0.0,0.0,0.0,0.0,0.0,0.0,0.0,0.0,0.0,0.0,0.0017168967140913937,0.008750846257442088,1.852300409722652e-08
4.0,22,1,-2483591.35394914,-1818676.3788414923,2604909.873983603,-2641171.229940563,-1.3660205692070232e-05,-9.285065155861914e-06,1.9822132387727213e-05,-1.7378906693008903e-05,0.0,0.0,0.0,0.0,0.0,0.0,0.0,0.0,0.0,0.0,0.002403635299200309,0.008750791380495974,2.593086608399829e-08
4.0,23,1,-2151668.502393771,70617.60890273005,6541301.098204503,-2440547.3146120943,-2.1205174069198282e-05,-6.5825314568673065e-06,3.599456590273836e-05,-1.605880133014758e-05,0.0,0.0,0.0,0.0,0.0,0.0,0.0,0.0,0.0,0.0,0.0030903531658539067,0.008750727834629195,3.333731148523767e-08
4.0,24,1,-859088.3326540142,3613276.410244509,12607830.300648564,-1015904.1741398979,-2.9924790266481127e-05,-4.966302582088435e-07,5.868753434064984e-05,-6.684649465840528e-06,0.0,0.0,0.0,0.0,0.0,0.0,0.0,0.0,0.0,0.0,0.0037770432610033638,0.008750671618875437,4.074186417502943e-08
4.0,25,1,0.0,0.0,0.0,0.0,0.0,0.0,0.0,0.0,0.0,0.0,0.0,0.0,0.0,0.0,0.0,0.0,0.0,0.0,0.00426375,0.001002,1.5327644904446732e-08
4.0,26,1,0.0,0.0,0.0,0.0,0.0,0.0,0.0,0.0,0.0,0.0,0.0,0.0,0.0,0.0,0.0,0.0,0.0,0.0,0.0045492499999999995,0.0010019999999999999,1.635398149083654e-08
4.0,27,1,0.0,0.0,0.0,0.0,0.0,0.0,0.0,0.0,0.0,0.0,0.0,0.0,0.0,0.0,0.0,0.0,0.0,0.0,0.00426375,0.003006,1.5327644904446732e-08
4.0,28,1,0.0,0.0,0.0,0.0,0.0,0.0,0.0,0.0,0.0,0.0,0.0,0.0,0.0,0.0,0.0,0.0,0.0,0.0,0.0045492499999999995,0.0030059999999999996,1.635398149083654e-08
4.0,29,1,0.0,0.0,0.0,0.0,0.0,0.0,0.0,0.0,0.0,0.0,0.0,0.0,0.0,0.0,0.0,0.0,0.0,0.0,0.00426375,0.00501,1.5327644904446722e-08
4.0,30,1,0.0,0.0,0.0,0.0,0.0,0.0,0.0,0.0,0.0,0.0,0.0,0.0,0.0,0.0,0.0,0.0,0.0,0.0,0.0045492499999999995,0.00501,1.6353981490836527e-08
4.0,31,1,0.0,0.0,0.0,0.0,0.0,0.0,0.0,0.0,0.0,0.0,0.0,0.0,0.0,0.0,0.0,0.0,0.0,0.0,0.00426375,0.007013999999999999,1.5327644904446742e-08
4.0,32,1,0.0,0.0,0.0,0.0,0.0,0.0,0.0,0.0,0.0,0.0,0.0,0.0,0.0,0.0,0.0,0.0,0.0,0.0,0.0045492499999999995,0.007013999999999999,1.6353981490836547e-08
4.0,33,1,0.0,0.0,0.0,0.0,0.0,0.0,0.0,0.0,0.0,0.0,0.0,0.0,0.0,0.0,0.0,0.0,0.0,0.0,0.00426375,0.009018,1.5327644904446722e-08
4.0,34,1,0.0,0.0,0.0,0.0,0.0,0.0,0.0,0.0,0.0,0.0,0.0,0.0,0.0,0.0,0.0,0.0,0.0,0.0,0.0045492499999999995,0.009018,1.6353981490836527e-08
5.0,1,1,-12096831.495373767,-25638006.8606058,-12096831.468739236,86163.96520971655,-8.631129165036688e-07,-8.996404681973046e-05,-8.631127412484642e-07,5.669588910799349e-07,0.0,0.0,0.0,0.0,0.0,0.0,0.0,0.0,0.0,0.0,0.00034340339298457657,0.001250143752421855,3.705176033593326e-09
5.0,2,1,-11463884.123255562,-22725215.66205185,-10032033.788603865,182987.73604344402,-5.562966484241788e-06,-7.966252800952134e-05,3.858608717766388e-06,1.2040593031658617e-06,0.0,0.0,0.0,0.0,0.0,0.0,0.0,0.0,0.0,0.0,0.001030205314774332,0.0012501442013905868,1.1115328311646704e-08
5.0,3,1,-10194488.556143343,-17118464.346158992,-6051586.069061631,257543.98235938244,-1.436376312466814e-05,-5.992352382297108e-05,1.2896535240329532e-05,1.6946394039247363e-06,0.0,0.0,0.0,0.0,0.0,0.0,0.0,0.0,0.0,0.0,0.0017169930948512605,0.0012501468092158915,1.852490531155328e-08
5.0,4,1,-8242723.975361888,-8533679.431048714,150020.38227020763,242799.42006913293,-2.796743857973941e-05,-2.988192547815871e-05,2.725681929347979e-05,1.5976201840548946e-06,0.0,0.0,0.0,0.0,0.0,0.0,0.0,0.0,0.0,0.0,0.0024037572618410977,0.0012501476679876765,2.593347933869101e-08
5.0,5,1,-5498065.001063772,3369094.351241659,8897196.421652876,143159.53890154397,-4.687106442649222e-05,1.147484411167751e-05,4.7849755734983317e-05,9.419897659721593e-07,0.0,0.0,0.0,0.0,0.0,0.0,0.0,0.0,0.0,0.0,0.0030904870882690434,0.0012501509584102234,3.3340545571751175e-08
5.0,6,1,-1861285.2982168142,18988483.05792948,20575748.839001536,31836.904263275144,-7.181791288823506e-05,6.537356289520752e-05,7.581777173466166e-05,2.0948683005235044e-07,0.0,0.0,0.0,0.0,0.0,0.0,0.0,0.0,0.0,0.0,0.0037771704025069386,0.001250153427158633,4.074549372859684e-08
5.0,7,1,-13720777.651155354,-24992400.11466765,-13720779.493810542,-204648.1758211279,-7.4370644743812275e-06,-8.160434028429213e-05,-7.437076599052369e-06,-1.3465849969030216e-06,0.0,0.0,0.0,0.0,0.0,0.0,0.0,0.0,0.0,0.0,0.0003434008476297218,0.0037504371216010124,3.7051515042632225e-09
5.0,8,1,-12747657.186526913,-22368611.847360365,-11492525.124772191,-388944.5913229626,-1.0237689516665133e-05,-7.354357118494924e-05,-1.9789205503190443e-06,-2.5592554109050937e-06,0.0,0.0,0.0,0.0,0.0,0.0,0.0,0.0,0.0,0.0,0.0010301983121447657,0.003750438762268821,1.11152539443927e-08
5.0,9,1,-11020979.817759803,-17217185.42298234,-7259118.627071,-421517.921528218,-1.6432338689714737e-05,-5.720337157207902e-05,8.320707945017584e-06,-2.7735879236556746e-06,0.0,0.0,0.0,0.0,0.0,0.0,0.0,0.0,0.0,0.0,0.001716983097368935,0.003750440052076914,1.85247709295452e-08
5.0,10,1,-8626703.224398836,-8966324.253214404,-705825.8051467342,-226196.28347024677,-2.785151902978358e-05,-3.008622539939002e-05,2.4267854388895248e-05,-1.4883715452342237e-06,0.0,0.0,0.0,0.0,0.0,0.0,0.0,0.0,0.0,0.0,0.002403745661538852,0.0037504450112941607,2.593326248585488e-08
5.0,11,1,-5625250.9361943565,3010511.1453437796,8502918.015077163,61621.94727731601,-4.631747275443688e-05,1.0505841742084063e-05,4.6645878944929735e-05,4.054724130847393e-07,0.0,0.0,0.0,0.0,0.0,0.0,0.0,0.0,0.0,0.0,0.0030904742373464456,0.0037504490819103057,3.3340197635044615e-08
5.0,12,1,-1888933.1165666115,19446169.24461104,20881795.22343746,97766.68087919384,-7.316284944234967e-05,6.722212409419925e-05,7.66685430348771e-05,6.433047601850954e-07,0.0,0.0,0.0,0.0,0.0,0.0,0.0,0.0,0.0,0.0,0.003777154713809396,0.003750454345720164,4.074493317246713e-08
5.0,13,1,-16873557.190092515,-17097621.188212324,-16873556.237709798,-1241814.0876289152,-3.069332561750562e-05,-3.216766672513397e-05,-3.0693319350827343e-05,-8.171136696598262e-06,0.0,0.0,0.0,0.0,0.0,0.0,0.0,0.0,0.0,0.0,0.00034339260924938205,0.006250803498133028,3.7051619892655335e-09
5.0,14,1,-15705271.745244084,-15628433.793500142,-14750408.437972106,-2703910.408368975,-3.052778800049427e-05,-3.0022194278019133e-05,-2.424478743864465e-05,-1.7791730487067855e-05,0.0,0.0,0.0,0.0,0.0,0.0,0.0,0.0,0.0,0.0,0.0010301748745933392,0.006250792030738382,1.1115263546257904e-08
5.0,15,1,-13578457.196229065,-12559192.892295761,-10668525.12073077,-3864252.742089783,-3.119249152056341e-05,-2.4485732400682257e-05,-1.2045138463784626e-05,-2.542678304295077e-05,0.0,0.0,0.0,0.0,0.0,0.0,0.0,0.0,0.0,0.0,0.001716947291513676,0.006250775938184005,1.8524724180921026e-08
5.0,16,1,-10435316.474434206,-7235086.606774188,-4237424.776689291,-4264468.797324732,-3.405001438629874e-05,-1.299250185709581e-05,6.7321129848628115e-06,-2.8060204686396734e-05,0.0,0.0,0.0,0.0,0.0,0.0,0.0,0.0,0.0,0.0,0.0024037023837337043,0.006250756235022968,2.5933086801443416e-08
5.0,17,1,-6397135.738988732,1435058.424171389,4989363.000103269,-3526424.762777631,-4.213626454529762e-05,9.399573048295976e-06,3.278689715792774e-05,-2.320387493907681e-05,0.0,0.0,0.0,0.0,0.0,0.0,0.0,0.0,0.0,0.0,0.00309043018102907,0.006250743965768176,3.3339833151316456e-08
5.0,18,1,-2008174.0913396366,14958639.522105651,17448791.440693654,-1370443.3124820597,-6.124461137792109e-05,5.039702219854891e-05,6.678222182285796e-05,-9.017516996131952e-06,0.0,0.0,0.0,0.0,0.0,0.0,0.0,0.0,0.0,0.0,0.0037771164859257277,0.0062507425785410155,4.0744325777675744e-08
5.0,19,1,-2973567.484920975,-5159705.136809817,-2973637.743697251,-943994.1674962831,-2.0171556734037065e-06,-1.6401941422832283e-05,-2.017617976151608e-06,-6.211481622125542e-06,0.0,0.0,0.0,0.0,0.0,0.0,0.0,0.0,0.0,0.0,0.000343402666050041,0.00875128109871061,3.7054392243736648e-09
5.0,20,1,-3265740.6431132792,-4823699.01268235,-1942696.579477081,-2120303.43916845,-5.637798179954494e-06,-1.588916425171898e-05,3.0678317587716867e-06,-1.3951596629728399e-05,0.0,0.0,0.0,0.0,0.0,0.0,0.0,0.0,0.0,0.0,0.0010302035917882236,0.008751247494844318,1.1116024888894683e-08
5.0,21,1,-3513689.700378502,-4048597.803812708,208159.21110928012,-3191088.8077062843,-1.1500555525421095e-05,-1.5020250846018165e-05,1.298921031216851e-05,-2.099736435470735e-05,0.0,0.0,0.0,0.0,0.0,0.0,0.0,0.0,0.0,0.0,0.0017169917568812803,0.008751187243381458,1.8525786746957832e-08
5.0,22,1,-3590251.910035619,-2534548.512279498,3841574.028405359,-3787071.155321751,-2.0016359865656957e-05,-1.3069831508421679e-05,2.888505480928468e-05,-2.491892820201712e-05,0.0,0.0,0.0,0.0,0.0,0.0,0.0,0.0,0.0,0.0,0.002403759023249373,0.00875110833952788,2.593415490905643e-08
5.0,23,1,-3077620.2050801637,187291.32663480658,9453413.291737007,-3460436.053037276,-3.062041432242828e-05,-9.137296443743778e-06,5.1833786086628696e-05,-2.2769669228985276e-05,0.0,0.0,0.0,0.0,0.0,0.0,0.0,0.0,0.0,0.0,0.0030904965390957475,0.008751017639452909,3.3340518291517485e-08
5.0,24,1,-1221057.5455315206,5086545.237309612,17877338.97952784,-1429993.5293926226,-4.2388224790260775e-05,-8.841984791661192e-07,8.32792243446298e-05,-9.409357423403457e-06,0.0,0.0,0.0,0.0,0.0,0.0,0.0,0.0,0.0,0.0,0.0037771949973350763,0.008750937838112264,4.0744272498491534e-08
5.0,25,1,0.0,0.0,0.0,0.0,0.0,0.0,0.0,0.0,0.0,0.0,0.0,0.0,0.0,0.0,0.0,0.0,0.0,0.0,0.00426375,0.001002,1.5327644904446732e-08
5.0,26,1,0.0,0.0,0.0,0.0,0.0,0.0,0.0,0.0,0.0,0.0,0.0,0.0,0.0,0.0,0.0,0.0,0.0,0.0,0.0045492499999999995,0.0010019999999999999,1.635398149083654e-08
5.0,27,1,0.0,0.0,0.0,0.0,0.0,0.0,0.0,0.0,0.0,0.0,0.0,0.0,0.0,0.0,0.0,0.0,0.0,0.0,0.00426375,0.003006,1.5327644904446732e-08
5.0,28,1,0.0,0.0,0.0,0.0,0.0,0.0,0.0,0.0,0.0,0.0,0.0,0.0,0.0,0.0,0.0,0.0,0.0,0.0,0.0045492499999999995,0.0030059999999999996,1.635398149083654e-08
5.0,29,1,0.0,0.0,0.0,0.0,0.0,0.0,0.0,0.0,0.0,0.0,0.0,0.0,0.0,0.0,0.0,0.0,0.0,0.0,0.00426375,0.00501,1.5327644904446722e-08
5.0,30,1,0.0,0.0,0.0,0.0,0.0,0.0,0.0,0.0,0.0,0.0,0.0,0.0,0.0,0.0,0.0,0.0,0.0,0.0,0.0045492499999999995,0.00501,1.6353981490836527e-08
5.0,31,1,0.0,0.0,0.0,0.0,0.0,0.0,0.0,0.0,0.0,0.0,0.0,0.0,0.0,0.0,0.0,0.0,0.0,0.0,0.00426375,0.007013999999999999,1.5327644904446742e-08
5.0,32,1,0.0,0.0,0.0,0.0,0.0,0.0,0.0,0.0,0.0,0.0,0.0,0.0,0.0,0.0,0.0,0.0,0.0,0.0,0.0045492499999999995,0.007013999999999999,1.6353981490836547e-08
5.0,33,1,0.0,0.0,0.0,0.0,0.0,0.0,0.0,0.0,0.0,0.0,0.0,0.0,0.0,0.0,0.0,0.0,0.0,0.0,0.00426375,0.009018,1.5327644904446722e-08
5.0,34,1,0.0,0.0,0.0,0.0,0.0,0.0,0.0,0.0,0.0,0.0,0.0,0.0,0.0,0.0,0.0,0.0,0.0,0.0,0.0045492499999999995,0.009018,1.6353981490836527e-08
6.0,1,1,-16130567.355241612,-34130988.43222667,-16130567.308492621,109176.78319940786,-1.2395787058715737e-06,-0.00011968234939243328,-1.2395783982632135e-06,7.183832334521037e-07,0.0,0.0,0.0,0.0,0.0,0.0,0.0,0.0,0.0,0.0,0.0003434253494888122,0.0012501869995914655,3.7057777895659257e-09
6.0,2,1,-15264301.061984308,-30180193.350504417,-13321542.784126887,231724.13724860776,-7.5887622172040804e-06,-0.00010573533347566638,5.194587251097744e-06,1.524744823095839e-06,0.0,0.0,0.0,0.0,0.0,0.0,0.0,0.0,0.0,0.0,0.0010302694495876845,0.001250187562722728,1.1117061605075325e-08
6.0,3,1,-13537405.77968345,-22617526.72166045,-7943938.647265472,325330.3331741968,-1.939991361551428e-05,-7.914710941372296e-05,1.7405100115796e-05,2.140673592286215e-06,0.0,0.0,0.0,0.0,0.0,0.0,0.0,0.0,0.0,0.0,0.0017170944402563901,0.001250190937820756,1.8527568258023984e-08
6.0,4,1,-10904092.068997968,-11135799.535203183,347452.5192070082,308086.49014637666,-3.7474872059715876e-05,-3.8999507187346196e-05,3.656029133067285e-05,2.027209105163158e-06,0.0,0.0,0.0,0.0,0.0,0.0,0.0,0.0,0.0,0.0,0.0024038877772786576,0.001250192104290331,2.5936736973338604e-08
6.0,5,1,-7241147.202087337,4599961.781490965,11882276.98224405,188625.83618590233,-6.224767325713802e-05,1.5666823854807216e-05,6.358445787576253e-05,1.2411580021032372e-06,0.0,0.0,0.0,0.0,0.0,0.0,0.0,0.0,0.0,0.0,0.003090635595751755,0.0012501965274112365,3.334392867776738e-08
6.0,6,1,-2443921.2341695894,24945739.384561356,27030032.461379953,45687.41470901485,-9.434132568743522e-05,8.58826411838144e-05,9.959728962928077e-05,3.006231887853177e-07,0.0,0.0,0.0,0.0,0.0,0.0,0.0,0.0,0.0,0.0,0.0037773226494501166,0.0012501997077966308,4.074840004548531e-08
6.0,7,1,-18228871.37854864,-33293540.36121657,-18228874.508899577,-262866.04825115786,-9.738941397959682e-06,-0.00010886446330391468,-9.738961995668843e-06,-1.7296585974926187e-06,0.0,0.0,0.0,0.0,0.0,0.0,0.0,0.0,0.0,0.0,0.00034342202879165604,0.003750568533046965,3.705745089466536e-09
6.0,8,1,-16928314.09883879,-29710622.822466224,-15209724.395945072,-500591.6838570765,-1.3667421889104103e-05,-9.777501329057261e-05,-2.3591016440634348e-06,-3.293893279779563e-06,0.0,0.0,0.0,0.0,0.0,0.0,0.0,0.0,0.0,0.0,0.001030260288731558,0.003750570682820484,1.111696221997028e-08
6.0,9,1,-14618225.25941296,-22730942.991420563,-9507909.761897754,-544104.627208584,-2.215373894682185e-05,-7.553542162343187e-05,1.1472137026828184e-05,-3.5802084470324823e-06,0.0,0.0,0.0,0.0,0.0,0.0,0.0,0.0,0.0,0.0,0.001717081295169449,0.0037505723742248644,1.8527388268987574e-08
6.0,10,1,-11419185.563897878,-11684466.683314268,-767335.2632569298,-297274.9164365919,-3.742208074390689e-05,-3.916763050966674e-05,3.266709423431054e-05,-1.9560689501527747e-06,0.0,0.0,0.0,0.0,0.0,0.0,0.0,0.0,0.0,0.0,0.0024038724149635397,0.0037505788017880492,2.593644635023941e-08
6.0,11,1,-7419486.090186394,4130468.2097485503,11357133.285071665,66950.17372825944,-6.15678408127479e-05,1.4430858480824022e-05,6.198231467645012e-05,4.405321431319471e-07,0.0,0.0,0.0,0.0,0.0,0.0,0.0,0.0,0.0,0.0,0.003090618487869533,0.0037505840704702654,3.334346543974914e-08
6.0,12,1,-2483515.385322893,25526461.004144564,27401110.549756974,118647.79778617056,-9.604313998177888e-05,8.826250466091697e-05,0.00010059769867104662,7.807025094330023e-07,0.0,0.0,0.0,0.0,0.0,0.0,0.0,0.0,0.0,0.0,0.003777301834717404,0.003750591173609056,4.0747666997753356e-08
6.0,13,1,-22448624.178984612,-22856418.9750667,-22448622.64464708,-1649440.8606554947,-4.066115513577529e-05,-4.3344444893995407e-05,-4.066114503983433e-05,-1.0853320863113154e-05,0.0,0.0,0.0,0.0,0.0,0.0,0.0,0.0,0.0,0.0,0.0003434110694987926,0.006251046058115007,3.7057582231901525e-09
6.0,14,1,-20855080.507571902,-20809476.444732487,-19549741.023669608,-3586005.8356307438,-4.05078389377842e-05,-4.020776420430085e-05,-3.19187051337071e-05,-2.3595918398450293e-05,0.0,0.0,0.0,0.0,0.0,0.0,0.0,0.0,0.0,0.0,0.0010302291625734882,0.0062510310516480025,1.1116973639450142e-08
6.0,15,1,-17972962.250053715,-16590237.155047085,-14021228.167909386,-5114349.97130254,-4.1498696039997355e-05,-3.240036491485372e-05,-1.5496285779487662e-05,-3.3652422811170714e-05,0.0,0.0,0.0,0.0,0.0,0.0,0.0,0.0,0.0,0.0,0.0017170338707867584,0.006251009966972727,1.8527326492335316e-08
6.0,16,1,-13753976.462681845,-9399023.756773949,-5413987.154718432,-5629776.576712671,-4.5365325073251266e-05,-1.6709736268377302e-05,9.511804573147995e-06,-3.704392987476937e-05,0.0,0.0,0.0,0.0,0.0,0.0,0.0,0.0,0.0,0.0,0.0024038152677558766,0.006250984160894372,2.5936217638404253e-08
6.0,17,1,-8393985.602275575,2071042.4942570468,6746658.904249372,-4645531.471475418,-5.5901896221018004e-05,1.2957988654166633e-05,4.3723544631916126e-05,-3.0567597082308245e-05,0.0,0.0,0.0,0.0,0.0,0.0,0.0,0.0,0.0,0.0,0.0030905604517213296,0.006250967985586419,3.334299004846855e-08
6.0,18,1,-2627107.0672630705,19586578.68860867,22878339.403288163,-1803404.3253713518,-8.023010592151235e-05,6.59359463521237e-05,8.759573185471477e-05,-1.1866400460943494e-05,0.0,0.0,0.0,0.0,0.0,0.0,0.0,0.0,0.0,0.0,0.003777251544126844,0.006250965845025538,4.074686598277444e-08
6.0,19,1,-4025452.837426394,-6926513.757019505,-4025575.4213068914,-1267270.0369248735,-2.8229632853762665e-06,-2.191194413629893e-05,-2.823769887309935e-06,-8.338636842965666e-06,0.0,0.0,0.0,0.0,0.0,0.0,0.0,0.0,0.0,0.0,0.0003434243575041676,0.008751672260433134,3.7061272409426993e-09
6.0,20,1,-4404751.551466383,-6443615.490825564,-2608359.1926176716,-2838669.8682451453,-7.721637757491602e-06,-2.1137362478475015e-05,4.09862396373292e-06,-1.8678447733053056e-05,0.0,0.0,0.0,0.0,0.0,0.0,0.0,0.0,0.0,0.0,0.0010302670978309736,0.008751627331252959,1.1117984785865201e-08
6.0,21,1,-4712468.676078746,-5353021.4237461295,317475.80379134975,-4252501.822867151,-1.560618130086518e-05,-1.9821018380516556e-05,1.7490853376680048e-05,-2.798146199446585e-05,0.0,0.0,0.0,0.0,0.0,0.0,0.0,0.0,0.0,0.0,0.0017170925846956252,0.008751547103442062,1.8528732369275998e-08
6.0,22,1,-4781706.73628648,-3284609.4257243816,5189463.062573174,-5013738.719490516,-2.6918202427653486e-05,-1.706730212415488e-05,3.869209484884303e-05,-3.299040077424759e-05,0.0,0.0,0.0,0.0,0.0,0.0,0.0,0.0,0.0,0.0,0.0024038900458039844,0.008751442418260796,2.593762320983719e-08
6.0,23,1,-4067616.8981150333,329705.3576724008,12586643.20717798,-4544001.653604786,-4.074591522303877e-05,-1.181153477995745e-05,6.883911626978926e-05,-2.989953088071949e-05,0.0,0.0,0.0,0.0,0.0,0.0,0.0,0.0,0.0,0.0,0.0030906480792005087,0.008751322731261023,3.3343885484199426e-08
6.0,24,1,-1606438.3024854641,6644146.856116339,23478079.125422202,-1867690.2745409808,-5.5625308563258214e-05,-1.3364582196583547e-06,0.00010943081611237423,-1.2289402006479653e-05,0.0,0.0,0.0,0.0,0.0,0.0,0.0,0.0,0.0,0.0,0.003777355132253064,0.008751217837924031,4.074679269308434e-08
6.0,25,1,0.0,0.0,0.0,0.0,0.0,0.0,0.0,0.0,0.0,0.0,0.0,0.0,0.0,0.0,0.0,0.0,0.0,0.0,0.00426375,0.001002,1.5327644904446732e-08
6.0,26,1,0.0,0.0,0.0,0.0,0.0,0.0,0.0,0.0,0.0,0.0,0.0,0.0,0.0,0.0,0.0,0.0,0.0,0.0,0.0045492499999999995,0.0010019999999999999,1.635398149083654e-08
6.0,27,1,0.0,0.0,0.0,0.0,0.0,0.0,0.0,0.0,0.0,0.0,0.0,0.0,0.0,0.0,0.0,0.0,0.0,0.0,0.00426375,0.003006,1.5327644904446732e-08
6.0,28,1,0.0,0.0,0.0,0.0,0.0,0.0,0.0,0.0,0.0,0.0,0.0,0.0,0.0,0.0,0.0,0.0,0.0,0.0,0.0045492499999999995,0.0030059999999999996,1.635398149083654e-08
6.0,29,1,0.0,0.0,0.0,0.0,0.0,0.0,0.0,0.0,0.0,0.0,0.0,0.0,0.0,0.0,0.0,0.0,0.0,0.0,0.00426375,0.00501,1.5327644904446722e-08
6.0,30,1,0.0,0.0,0.0,0.0,0.0,0.0,0.0,0.0,0.0,0.0,0.0,0.0,0.0,0.0,0.0,0.0,0.0,0.0,0.0045492499999999995,0.00501,1.6353981490836527e-08
6.0,31,1,0.0,0.0,0.0,0.0,0.0,0.0,0.0,0.0,0.0,0.0,0.0,0.0,0.0,0.0,0.0,0.0,0.0,0.0,0.00426375,0.007013999999999999,1.5327644904446742e-08
6.0,32,1,0.0,0.0,0.0,0.0,0.0,0.0,0.0,0.0,0.0,0.0,0.0,0.0,0.0,0.0,0.0,0.0,0.0,0.0,0.0045492499999999995,0.007013999999999999,1.6353981490836547e-08
6.0,33,1,0.0,0.0,0.0,0.0,0.0,0.0,0.0,0.0,0.0,0.0,0.0,0.0,0.0,0.0,0.0,0.0,0.0,0.0,0.00426375,0.009018,1.5327644904446722e-08
6.0,34,1,0.0,0.0,0.0,0.0,0.0,0.0,0.0,0.0,0.0,0.0,0.0,0.0,0.0,0.0,0.0,0.0,0.0,0.0,0.0045492499999999995,0.009018,1.6353981490836527e-08
7.0,1,1,-20370756.44824753,-43043267.33548679,-20370756.34772677,151091.898715234,-1.6596248217602132e-06,-0.00015084474645979455,-1.659624160333629e-06,9.941846935462397e-07,0.0,0.0,0.0,0.0,0.0,0.0,0.0,0.0,0.0,0.0,0.00034344821242703006,0.001250231735744231,3.706403500318464e-09
7.0,2,1,-19256096.757543202,-37997027.98542098,-16771568.787444225,272138.93051683006,-9.746100886588994e-06,-0.00013306142836602475,6.602093156662277e-06,1.7906741628007417e-06,0.0,0.0,0.0,0.0,0.0,0.0,0.0,0.0,0.0,0.0,0.0010303361681105049,0.0012502325853141075,1.111886193498591e-08
7.0,3,1,-17042230.056849178,-28356937.275145017,-9911393.249555256,398070.7365253553,-2.4747188055219446e-05,-9.919796155160608e-05,2.217371813677455e-05,2.619305446336838e-06,0.0,0.0,0.0,0.0,0.0,0.0,0.0,0.0,0.0,0.0,0.0017171997818615768,0.0012502358840740294,1.8530329679387485e-08
7.0,4,1,-13687035.664698124,-13835092.8263833,576647.4420926068,370222.0860460633,-4.748683461631132e-05,-4.846105074019978e-05,4.636820022637168e-05,2.4360613261830963e-06,0.0,0.0,0.0,0.0,0.0,0.0,0.0,0.0,0.0,0.0,0.0024040232256234344,0.0012502396039511257,2.594010668866709e-08
7.0,5,1,-9056112.678557204,5910994.415299977,15022184.155618178,225434.83331618455,-7.83549855348367e-05,2.0128579142743546e-05,8.00802076340373e-05,1.4833612032204944e-06,0.0,0.0,0.0,0.0,0.0,0.0,0.0,0.0,0.0,0.0,0.0030907895099844106,0.001250240798102497,3.334742024620745e-08
7.0,6,1,-3046468.9292790834,31146513.379853114,33749742.77856402,70331.25656813002,-0.00011776842937669449,0.00010722139421739536,0.00012435064366091316,4.627796682182955e-07,0.0,0.0,0.0,0.0,0.0,0.0,0.0,0.0,0.0,0.0,0.0037774801966572917,0.0012502520361478901,4.0751395975778285e-08
7.0,7,1,-22952866.843775563,-42026494.701331966,-22952871.569742847,-337793.89580697764,-1.2096935510579592e-05,-0.00013760140681330074,-1.2096966607444357e-05,-2.2226838344099126e-06,0.0,0.0,0.0,0.0,0.0,0.0,0.0,0.0,0.0,0.0,0.00034344407187470545,0.003750704421074707,3.7063620791966846e-09
7.0,8,1,-21306198.54795037,-37398858.33913598,-19089141.740492,-605349.4598577745,-1.7279952613939657e-05,-0.00012316965403994093,-2.6917188208635756e-06,-3.983199445864156e-06,0.0,0.0,0.0,0.0,0.0,0.0,0.0,0.0,0.0,0.0,0.0010303248211989296,0.0037507069162127545,1.1118736615317238e-08
7.0,9,1,-18383321.182792034,-28500647.454147212,-11842429.59653988,-671570.0590448582,-2.8174544173874576e-05,-9.474655103939162e-05,1.4864522463664607e-05,-4.418930988515167e-06,0.0,0.0,0.0,0.0,0.0,0.0,0.0,0.0,0.0,0.0,0.0017171833529293383,0.0037507099143793635,1.853010096117687e-08
7.0,10,1,-14339873.956034724,-14482025.758274358,-796826.5601913203,-366280.09317427693,-4.755878311699785e-05,-4.849414197573463e-05,4.1554468747651746e-05,-2.410123013086742e-06,0.0,0.0,0.0,0.0,0.0,0.0,0.0,0.0,0.0,0.0,0.002404004014504046,0.0037507155922963022,2.5939739596938944e-08
7.0,11,1,-9299105.699278401,5320295.532477364,14354907.95024414,78488.0466180423,-7.758234999909198e-05,1.8613310105860952e-05,7.806105981476634e-05,5.164513467467183e-07,0.0,0.0,0.0,0.0,0.0,0.0,0.0,0.0,0.0,0.0,0.003090767882202244,0.003750726508911791,3.334683488124011e-08
7.0,12,1,-3113681.6206063647,31851365.89133113,34176759.67170361,129170.09739498317,-0.0001198928464926267,0.00011017716613592198,0.0001254782572107729,8.499392408589892e-07,0.0,0.0,0.0,0.0,0.0,0.0,0.0,0.0,0.0,0.0,0.003777454050302969,0.0037507282120047445,4.0750482697076927e-08
7.0,13,1,-28297591.370204903,-28909424.556137383,-28297589.539568357,-2065403.0335719776,-5.110087457980944e-05,-5.512673694324516e-05,-5.110086253422096e-05,-1.3590351960903612e-05,0.0,0.0,0.0,0.0,0.0,0.0,0.0,0.0,0.0,0.0,0.00034343029958957606,0.006251296899122564,3.7063780034293113e-09
7.0,14,1,-26252829.97673919,-26275697.478209652,-24579613.094108455,-4515352.283207385,-5.091275917943333e-05,-5.106322733910897e-05,-3.9902992091723096e-05,-2.9711018023504588e-05,0.0,0.0,0.0,0.0,0.0,0.0,0.0,0.0,0.0,0.0,0.0010302855665402172,0.006251278450191025,1.1118748650954952e-08
7.0,15,1,-22566202.06898769,-20786560.472746145,-17502622.931044616,-6417901.816934979,-5.233410056694905e-05,-4.062405886367969e-05,-1.9015749839283615e-05,-4.222979395543216e-05,0.0,0.0,0.0,0.0,0.0,0.0,0.0,0.0,0.0,0.0,0.0017171238434847294,0.0062512512783291846,1.853002471007874e-08
7.0,16,1,-17208747.26688862,-11659656.575329825,-6615075.531791472,-7053883.24757421,-5.7169659605191445e-05,-2.0656642854734577e-05,1.2536700411747779e-05,-4.64145517690383e-05,0.0,0.0,0.0,0.0,0.0,0.0,0.0,0.0,0.0,0.0,0.0024039322925966575,0.006251221502733651,2.593945394057285e-08
7.0,17,1,-10455808.871365454,2778032.252509881,8621334.979217771,-5810839.661354184,-7.029004458295695e-05,1.6788630012142738e-05,5.523756195388065e-05,-3.823532497171053e-05,0.0,0.0,0.0,0.0,0.0,0.0,0.0,0.0,0.0,0.0,0.0030906954658492247,0.006251196860904635,3.334624830014538e-08
7.0,18,1,-3251220.045181595,24398411.3180834,28535466.08906537,-2243719.958033755,-9.989162652920303e-05,8.204294784108063e-05,0.000109264768234142,-1.4763677323862107e-05,0.0,0.0,0.0,0.0,0.0,0.0,0.0,0.0,0.0,0.0,0.0037773911978463554,0.006251201246697179,4.074948368618567e-08
7.0,19,1,-5162829.667896595,-8818625.88943343,-5163022.651773786,-1613362.0267652848,-3.7231436443755756e-06,-2.777828278208794e-05,-3.7244134782874926e-06,-1.0615922136115574e-05,0.0,0.0,0.0,0.0,0.0,0.0,0.0,0.0,0.0,0.0,0.0003434468813642443,0.008752077661843324,3.706842891164877e-09
7.0,20,1,-5628419.839863909,-8124680.40685841,-3320713.9945032466,-3595086.4736559154,-1.0058376045168128e-05,-2.6483770575991942e-05,5.1263284173050305e-06,-2.365566899665592e-05,0.0,0.0,0.0,0.0,0.0,0.0,0.0,0.0,0.0,0.0,0.0010303331508834653,0.008752020548563786,1.1120022447334306e-08
7.0,21,1,-5996695.957130183,-6750867.149919225,410666.97998489067,-5371614.906403976,-1.9965963517154655e-05,-2.4928409965706564e-05,2.2194484609062512e-05,-3.534522608413816e-05,0.0,0.0,0.0,0.0,0.0,0.0,0.0,0.0,0.0,0.0,0.0017171972068156282,0.00875192034897097,1.853178617553517e-08
7.0,22,1,-6054190.064847211,-4032588.9284833176,6606173.881045763,-6301112.917901859,-3.433721454928472e-05,-2.1035079072010296e-05,4.8967980214691046e-05,-4.146132299979423e-05,0.0,0.0,0.0,0.0,0.0,0.0,0.0,0.0,0.0,0.0,0.00240402599092523,0.008751786257407537,2.5941212103485283e-08
7.0,23,1,-5126585.693569655,462802.75850696117,15845933.467503792,-5676239.44199891,-5.140073170494526e-05,-1.4622555690281135e-05,8.659844437491801e-05,-3.734965552835283e-05,0.0,0.0,0.0,0.0,0.0,0.0,0.0,0.0,0.0,0.0,0.0030908048512096587,0.008751640860044842,3.3347354090530346e-08
7.0,24,1,-2033061.886516668,8279082.640133906,29291842.34843195,-2327467.0624298407,-6.952737091451739e-05,-1.6734599291566102e-06,0.0001365904989514445,-1.531473327078835e-05,0.0,0.0,0.0,0.0,0.0,0.0,0.0,0.0,0.0,0.0,0.003777520807796343,0.008751502599568684,4.074938446303429e-08
7.0,25,1,-2638.290145847289,5892.948270435714,-1872.3520196794784,5759.737976568941,-5.125958694765546e-08,9.661521226791661e-08,-3.798332609408009e-08,9.983545826052833e-08,0.0,0.0,0.0,0.0,-6.18664004681236e-14,1.0844240563259603e-13,-4.657600516447242e-14,1.149814423624814e-13,0.0,1.7165468297109553e-13,0.004263749810844624,0.0010019840871663078,1.5327645017446727e-08
7.0,26,1,-985.1027277054918,-5525.868388829633,-4678.758152056321,-6841.186475628223,2.7683803127470602e-08,-5.1022801665347867e-08,-3.633955756127712e-08,-1.1858056557755587e-07,0.0,0.0,0.0,0.0,5.200699511363386e-14,-3.4028771735888935e-14,-1.7978223377744934e-14,-1.2962279239170073e-13,0.0,1.587241590039499e-13,0.004549249854287224,0.0010019986089582936,1.6353980514854573e-08
7.0,27,1,7978.895566169653,-5462.078258137964,16470.018858456602,-3607.0630060641106,6.235351181432082e-08,-1.7062336780701124e-07,2.095329822139613e-07,-6.252242543844458e-08,0.0,0.0,0.0,0.0,8.036985757748787e-14,-5.743463676746862e-13,4.939765100971983e-13,-1.7570175393885252e-13,0.0,6.542619604156107e-13,0.004263750968112321,0.0030060160718125145,1.5327646456572037e-08
7.0,28,1,3007.290148850466,5116.537570405295,17196.933727874988,7910.187347466461,-4.915668320844827e-08,-1.2596394568164549e-08,1.9679713882797683e-07,1.3710991402275196e-07,0.0,0.0,0.0,0.0,-2.3703713976498837e-13,-1.4501186469978392e-13,3.820490044647723e-13,3.451170114178937e-13,0.0,5.546097676049565e-13,0.004549250829561027,0.0030060012008974258,1.6353983699344766e-08
7.0,29,1,-13440.975638578917,-31998.59627211954,-31942.76398201564,6385.884902883977,7.655243250215517e-08,-2.45112991812549e-07,-2.4414523211741474e-07,1.1068867164998893e-07,0.0,0.0,0.0,0.0,6.903291279193897e-13,-3.467245992058497e-13,-3.436045287135401e-13,3.5686179119101396e-13,0.0,8.039639298397137e-13,0.00426374885697901,0.005009983558460317,1.5327638578640172e-08
7.0,30,1,-5135.952332953428,29987.694527113425,-9876.416389392116,-3251.310494486661,-1.4892447699026428e-07,4.598854019175612e-07,-2.310925206352016e-07,-5.6356048571102125e-08,0.0,0.0,0.0,0.0,-1.767521014890252e-12,4.362361856104301e-12,-2.5948408412140486e-12,-5.674283364663313e-13,0.0,4.437077140562599e-12,0.004549249081738527,0.005009998981067231,1.6353982797002995e-08
7.0,31,1,18365.32993186063,70020.72429179082,-35540.2895686963,-19502.898902559336,1.0694932686576368e-07,1.0023094957712205e-06,-8.274147444772233e-07,-3.380502476443619e-07,0.0,0.0,0.0,0.0,8.550586125972902e-13,5.974035284888745e-11,-6.059541146148475e-11,-2.2232604253016472e-11,0.0,7.407213672121557e-11,0.004263746601077523,0.007014016419460286,1.532764922445328e-08
7.0,32,1,6786.912148985764,-65629.1057519057,-74037.31238504912,-12333.36263982366,6.491578345342962e-07,-6.060531424144896e-07,-7.517953907223084e-07,-2.137782857569434e-07,0.0,0.0,0.0,0.0,3.910692147974704e-11,-1.6334798285125762e-11,-2.2772123194621278e-11,-9.442425240386458e-12,0.0,4.0768168352857776e-11,0.004549246377535699,0.007014001802903786,1.6353969900926112e-08
7.0,33,1,-21000.450976199907,91328.2736672269,215570.29011970438,14334.539850795698,-1.507600268163724e-06,4.394309589890072e-07,2.5929592441652845e-06,2.4846535741379205e-07,0.0,0.0,0.0,0.0,-5.948902559701352e-10,-2.0312731630916126e-11,6.152029876010514e-10,7.332322561443804e-11,0.0,7.040522378804921e-10,0.0042637607878861445,0.009017985239026196,1.532766827590321e-08
7.0,34,1,-6151.445055782242,-85599.75933985315,150380.88671933452,11438.326331938959,-3.4114377692835535e-07,-1.7182478911855846e-06,2.3720833071736687e-06,1.9826432308694194e-07,0.0,0.0,0.0,0.0,-1.345675099911916e-10,-5.50652277269192e-10,6.852197872603836e-10,5.990452274238963e-11,0.0,7.293968310643751e-10,0.00454926095707249,0.009017995931407657,1.6353986604590602e-08
8.0,1,1,-24767975.99034375,-52246131.69416087,-24767975.649163056,274630.0989805366,-2.1575903492669356e-06,-0.0001829638548803836,-2.157588104297984e-06,1.807066051291931e-06,0.0,0.0,0.0,0.0,0.0,0.0,0.0,0.0,0.0,0.0,0.0003434717415883164,0.0012502775679732504,3.7070465018963646e-09
8.0,2,1,-23396319.34913173,-46087008.47085389,-20350494.83633456,275669.59867313807,-1.2010341520300896e-05,-0.0001613150759412327,8.031183773904478e-06,1.8139059592692483e-06,0.0,0.0,0.0,0.0,0.0,0.0,0.0,0.0,0.0,0.0,0.0010304046849995154,0.0012502794603156,1.112070975593684e-08
8.0,3,1,-20672775.176584978,-34252583.83997785,-11935358.94523986,492100.85361808195,-3.0386926282280916e-05,-0.00011974206728740601,2.710527251996998e-05,3.238023616806979e-06,0.0,0.0,0.0,0.0,0.0,0.0,0.0,0.0,0.0,0.0,0.0017173079697827723,0.001250278933118619,1.853316142931664e-08
8.0,4,1,-16564747.584641885,-16617762.966980174,818887.9427163713,418860.9999876955,-5.7861515384872624e-05,-5.821035660065855e-05,5.6522806385144705e-05,2.756105379919036e-06,0.0,0.0,0.0,0.0,0.0,0.0,0.0,0.0,0.0,0.0,0.002404162071192766,0.001250294917371245,2.5943553587297004e-08
8.0,5,1,-10921680.663810603,7288168.259483597,18274920.689163543,222572.71688294926,-9.499808385791549e-05,2.4822722057360335e-05,9.711555304465438e-05,1.464528477089806e-06,0.0,0.0,0.0,0.0,0.0,0.0,0.0,0.0,0.0,0.0,0.00309094724036414,0.001250273725427062,3.3350987247957524e-08
8.0,6,1,-3658660.156825207,37519472.59353005,40658629.322692394,140208.42921244056,-0.00014181470181175748,0.00012913741168558008,0.00014979306296346832,9.225714642178589e-07,0.0,0.0,0.0,0.0,0.0,0.0,0.0,0.0,0.0,0.0,0.003777641361533633,0.0012503248418524032,4.0754453239090426e-08
8.0,7,1,-27829841.046870813,-51129082.6383978,-27829847.259023875,-480291.8074810733,-1.4394095996427814e-05,-0.0001677031056686754,-1.4394136872394955e-05,-3.1603200932254624e-06,0.0,0.0,0.0,0.0,0.0,0.0,0.0,0.0,0.0,0.0,0.0003434666921257048,0.0037508435113823243,3.706995621510391e-09
8.0,8,1,-25817710.883562025,-45312781.18790242,-23062802.78042314,-669900.2786798453,-2.1055131747855715e-05,-0.00014933269435041558,-2.9278364292018616e-06,-4.407943833713382e-06,0.0,0.0,0.0,0.0,0.0,0.0,0.0,0.0,0.0,0.0,0.0010303913397051142,0.0037508455642906143,1.1120559672182944e-08
8.0,9,1,-22265425.646966577,-34505364.88844768,-14241209.998733576,-807661.2692943872,-3.430753991308652e-05,-0.00011484634012203215,1.8491799052286648e-05,-5.314411151957067e-06,0.0,0.0,0.0,0.0,0.0,0.0,0.0,0.0,0.0,0.0,0.001717288161430631,0.0037508537526679516,1.8532879827579908e-08
8.0,10,1,-17354443.33682711,-17284567.139490392,-777262.1923877224,-415617.8673295023,-5.823452633976814e-05,-5.777474096129252e-05,5.084332559064305e-05,-2.734765567028125e-06,0.0,0.0,0.0,0.0,0.0,0.0,0.0,0.0,0.0,0.0,0.0024041393036995278,0.0037508488675629024,2.5943113172825253e-08
8.0,11,1,-11263232.834924446,6543926.633667077,17447689.055203773,124040.26520297535,-9.422291696303817e-05,2.2948192340294053e-05,9.469494907400549e-05,8.161849450355778e-07,0.0,0.0,0.0,0.0,0.0,0.0,0.0,0.0,0.0,0.0,0.003090920778161363,0.0037508846262573232,3.3350271278745945e-08
8.0,12,1,-3801404.333829742,38355098.59288871,41125343.164381266,97117.77156951175,-0.0001445861196456353,0.00013280366961217216,0.00015103187889259316,6.390349369273873e-07,0.0,0.0,0.0,0.0,0.0,0.0,0.0,0.0,0.0,0.0,0.0037776099663291932,0.0037508491060931097,4.0753351383147026e-08
8.0,13,1,-34342328.90808061,-35148311.55251737,-34342328.95688577,-2446678.7818428054,-6.191643253554606e-05,-6.721979833593998e-05,-6.191643285668403e-05,-1.609914638452566e-05,0.0,0.0,0.0,0.0,0.0,0.0,0.0,0.0,0.0,0.0,0.00034345019656002235,0.006251553162583108,3.7070150045846146e-09
8.0,14,1,-31833379.82478508,-32048151.963443678,-29800649.15023653,-5499795.726527225,-6.144579336431067e-05,-6.285899403668424e-05,-4.807042552578121e-05,-3.618865588054914e-05,0.0,0.0,0.0,0.0,0.0,0.0,0.0,0.0,0.0,0.0,0.0010303433968678179,0.006251532172840471,1.1120567683053328e-08
8.0,15,1,-27295025.64883287,-25053884.961742833,-21048582.48511784,-7747507.090114421,-6.363322967812448e-05,-4.888652395707204e-05,-2.2531633660879598e-05,-5.097859665295289e-05,0.0,0.0,0.0,0.0,0.0,0.0,0.0,0.0,0.0,0.0,0.001717216503535304,0.006251494834732899,1.853279404934365e-08
8.0,16,1,-20741680.41122351,-14084518.049853057,-7842734.955491193,-8517449.077300794,-6.906334230767362e-05,-2.5259213969856058e-05,1.5811718791045014e-05,-5.604481492863922e-05,0.0,0.0,0.0,0.0,0.0,0.0,0.0,0.0,0.0,0.0,0.0024040521737727603,0.006251471200292888,2.594276011399678e-08
8.0,17,1,-12516972.717952117,3594237.38395211,10633474.217791509,-7007064.324433445,-8.50646479205155e-05,2.0947114550014308e-05,6.726529291667754e-05,-4.6106483254772064e-05,0.0,0.0,0.0,0.0,0.0,0.0,0.0,0.0,0.0,0.0,0.003090834381030708,0.006251418866516218,3.3349585993023093e-08
8.0,18,1,-3821310.741892107,29358979.562846564,34398714.37888009,-2651868.5378792644,-0.00011984371013738866,9.84826000677918e-05,0.0001316440551572924,-1.744929497924556e-05,0.0,0.0,0.0,0.0,0.0,0.0,0.0,0.0,0.0,0.0,0.003777534142120689,0.006251461691457191,4.075216312279638e-08
8.0,19,1,-6436242.309172689,-10902843.112540375,-6436525.689913789,-1994053.2791174322,-4.7850088379858656e-06,-3.417524212414524e-05,-4.786873483262303e-06,-1.3120870576592703e-05,0.0,0.0,0.0,0.0,0.0,0.0,0.0,0.0,0.0,0.0,0.0003434698215317165,0.008752492891369272,3.707576827019169e-09
8.0,20,1,-6974814.197283167,-9767611.51751697,-4097693.4402353577,-4378077.841164324,-1.296688915316716e-05,-3.1343495520305575e-05,5.964565428207425e-06,-2.8807752194861252e-05,0.0,0.0,0.0,0.0,0.0,0.0,0.0,0.0,0.0,0.0,0.0010304010196864597,0.008752422017295388,1.1122115910772162e-08
8.0,21,1,-7409730.876129135,-8341610.821256393,395755.8746668296,-6547852.71061117,-2.449420356503416e-05,-3.062597360397152e-05,2.6865899255203275e-05,-4.30848708358215e-05,0.0,0.0,0.0,0.0,0.0,0.0,0.0,0.0,0.0,0.0,0.0017173039840181774,0.00875230548809243,1.853490732630969e-08
8.0,22,1,-7456202.827495152,-4686666.199327474,8043284.160057768,-7647068.164211193,-4.258447051542963e-05,-2.43609195020863e-05,5.940215386266859e-05,-5.031770852050965e-05,0.0,0.0,0.0,0.0,0.0,0.0,0.0,0.0,0.0,0.0,0.0024041653119916046,0.008752130671815388,2.5944885455227867e-08
8.0,23,1,-6315651.677995363,488965.20323560014,19099979.420767456,-6858864.889512512,-6.252879089590165e-05,-1.7754411817401903e-05,0.0001047060617339577,-4.5131330972992325e-05,0.0,0.0,0.0,0.0,0.0,0.0,0.0,0.0,0.0,0.0,0.003090964292713662,0.008751978406369229,3.335087543173865e-08
8.0,24,1,-2571171.9430480115,10037092.533542609,35211620.386677645,-2823652.55699915,-8.434882612918807e-05,-1.3864458732217732e-06,0.00016426194740040676,-1.857963382505441e-05,0.0,0.0,0.0,0.0,0.0,0.0,0.0,0.0,0.0,0.0,0.0037776900158869105,0.008751774539741516,4.075201987857671e-08
8.0,25,1,-23397.734023410383,17152.938729696594,31533.74351758948,23737.87863963157,-5.067165159679494e-07,1.961618117525716e-07,4.4542909474271473e-07,4.114565630869473e-07,0.0,0.0,0.0,0.0,-1.5815563746194678e-11,4.4262326720681174e-12,1.138933107412657e-11,1.1864597865252318e-11,0.0,2.136456634906726e-11,0.004263751752921525,0.0010019098286578876,1.5327646971753635e-08
8.0,26,1,-8284.436117608346,-16173.005630400068,22460.407421374824,-47030.91000583916,-1.35608755398677e-07,-2.7234396028706686e-07,3.97301865943698e-07,-8.152024401012122e-07,0.0,0.0,0.0,0.0,-7.157522678261954e-12,-1.4708419264158253e-11,2.1865941942420214e-11,-4.4634372545975085e-11,0.0,5.61799504545239e-11,0.004549251926760483,0.0010019923449647232,1.635398131665272e-08
8.0,27,1,53703.87439109315,-10471.687284038984,107333.69583717539,-16833.59134048234,3.2860362433536335e-07,-7.837727780335941e-07,1.2581871960674552e-06,-2.9178224990169393e-07,0.0,0.0,0.0,0.0,4.841352391240486e-12,-8.273142224038205e-11,7.789006984914157e-11,-2.2974758204984548e-11,0.0,9.657854204245976e-11,0.00426375577408483,0.003006090260177623,1.532765721282706e-08
8.0,28,1,19822.16318534194,9717.750303176526,97686.15119700835,48043.196963156646,-1.653200968628471e-07,-3.404632534870476e-07,1.1843223620060377e-06,8.327487473613819e-07,0.0,0.0,0.0,0.0,-3.784661273197813e-11,-5.4579812316909315e-11,9.242642504888746e-11,8.034347332457746e-11,0.0,1.313197119452493e-10,0.004549255007111615,0.0030060064902049225,1.6353992587654733e-08
8.0,29,1,-84507.5993354438,-194078.37819364393,-202580.15653135016,37379.56172014509,4.598661477607258e-07,-1.4393606857814105e-06,-1.5867248436349844e-06,6.479124031491814e-07,0.0,0.0,0.0,0.0,1.5732057090779816e-10,-6.988736081629376e-11,-8.743321009150438e-11,7.751399787529391e-11,0.0,1.8128476513724423e-10,0.004263742664740808,0.005009906751795134,1.5327605570397737e-08
8.0,30,1,-31790.33474682705,181802.0177179295,-67484.36958181302,-17097.680044850233,-8.811417225021602e-07,2.821125720220287e-06,-1.4998383263085838e-06,-2.963597874440707e-07,0.0,0.0,0.0,0.0,-3.9596683448917316e-10,1.030040924288685e-09,-6.340740897995118e-10,-1.1422625502592806e-10,0.0,1.0475134004228536e-09,0.0045492439315784495,0.005009993962882789,1.6353988688972256e-08
8.0,31,1,112332.56181722909,416873.9514500494,-210220.8551666442,-116476.71824379593,6.711551057627668e-07,5.949872526064988e-06,-4.919770788624371e-06,-2.018929782892463e-06,0.0,0.0,0.0,0.0,2.427338604587978e-10,1.2570402967503469e-08,-1.2813136827962267e-08,-4.71462634545888e-09,0.0,1.5635554817138486e-08,0.004263729684538372,0.007014092594498958,1.5327670980729657e-08
8.0,32,1,41138.490717609995,-390807.19022761506,-440546.56616630254,-75717.69751086748,3.8739282351438045e-06,-3.6131302345734307e-06,-4.475279417510682e-06,-1.3124400901883698e-06,0.0,0.0,0.0,0.0,8.36174517500176e-09,-3.498009061898362e-09,-4.863736113103398e-09,-2.0786745237481093e-09,0.0,8.735085785399453e-09,0.004549228465451749,0.007014010014699927,1.6353912567430747e-08
8.0,33,1,-126628.99752622098,548281.4535835821,1294087.2531882867,85719.6318126185,-9.057861460770423e-06,2.6405863584661646e-06,1.5567886884947713e-05,1.4858069514187207e-06,0.0,0.0,0.0,0.0,-1.2944457734332996e-07,-4.3793294232389575e-09,1.3382390676656892e-07,1.588480041556116e-08,0.0,1.531634616773275e-07,0.004263815391565736,0.009017916697280935,1.5327785162417176e-08
8.0,34,1,-36974.69826709558,-513979.19225884706,900808.9856046989,69080.78803648528,-2.0403151502780143e-06,-1.0308393046135042e-05,1.421460203683309e-05,1.1974003259657448e-06,0.0,0.0,0.0,0.0,-2.9045967570648734e-08,-1.1925043475902935e-07,1.4829640232967806e-07,1.3063222031552057e-08,0.0,1.5789754705164948e-07,0.0045493162387084,0.009017975651113974,1.6354012005658365e-08
9.0,1,1,-29536575.86857963,-61679452.2328325,-29536575.56492186,272253.19826071075,-3.561555422446253e-06,-0.00021506168189923012,-3.561553424378148e-06,1.7914260445554765e-06,0.0,0.0,0.0,0.0,0.0,0.0,0.0,0.0,0.0,0.0,0.0003434954094372039,0.0012503255091042102,3.707699231187305e-09
9.0,2,1,-27897979.43964568,-54320993.45524729,-24262672.537454333,352257.8777527459,-1.5327704929759816e-05,-0.00018919113715241848,8.592614486659258e-06,2.3178568356130677e-06,0.0,0.0,0.0,0.0,0.0,0.0,0.0,0.0,0.0,0.0,0.0010304737386927299,0.0012503272068746217,1.1122585111126813e-08
9.0,3,1,-24655870.15501374,-40281828.44439214,-14265305.176629212,570001.1652115011,-3.709487965385497e-05,-0.00013991368519796483,3.127503790391524e-05,3.750607667091677e-06,0.0,0.0,0.0,0.0,0.0,0.0,0.0,0.0,0.0,0.0,0.0017174166767645821,0.0012503289406366445,1.853602785190154e-08
9.0,4,1,-19782105.19330343,-19394890.841815926,829035.3052755035,508567.6361058631,-6.957647421878327e-05,-6.70286037859955e-05,6.604483026186609e-05,3.346375045576579e-06,0.0,0.0,0.0,0.0,0.0,0.0,0.0,0.0,0.0,0.0,0.0024043014276110084,0.0012503414133743173,2.594703645521001e-08
9.0,5,1,-13122509.372421581,8699850.132495496,21330223.770954706,299634.35953665164,-0.00011306006362955923,3.0531061912795145e-05,0.00011363892045385674,1.971594085751168e-06,0.0,0.0,0.0,0.0,0.0,0.0,0.0,0.0,0.0,0.0,0.003091104772929386,0.0012503288036567954,3.335457221624173e-08
9.0,6,1,-4589843.756479029,43982909.03799865,47411225.1440642,142869.95225254341,-0.00016735195079005445,0.00015225676259760865,0.00017481508257552003,9.400842858217355e-07,0.0,0.0,0.0,0.0,0.0,0.0,0.0,0.0,0.0,0.0,0.0037778017644291093,0.001250368072363191,4.075750539903285e-08
9.0,7,1,-32987959.136349533,-60412983.354440756,-32987967.69479036,-505192.2708853452,-1.7366293023962526e-05,-0.0001978229523790027,-1.736634933850315e-05,-3.3241651424255712e-06,0.0,0.0,0.0,0.0,0.0,0.0,0.0,0.0,0.0,0.0,0.00034348973329141976,0.003750987954851322,3.7076402629166092e-09
9.0,8,1,-30609183.93243568,-53520597.69589929,-27322426.419406977,-780625.298385094,-2.5313941559994485e-05,-0.00017607104412358508,-3.687077124265606e-06,-5.136514463373919e-06,0.0,0.0,0.0,0.0,0.0,0.0,0.0,0.0,0.0,0.0,0.0010304585112764892,0.0037509909025058644,1.1122409210842123e-08
9.0,9,1,-26397251.998801835,-40577380.59627798,-16819700.280874602,-899700.639898454,-4.1298872208108096e-05,-0.00013460411837950114,2.1721418095853095e-05,-5.920030210531827e-06,0.0,0.0,0.0,0.0,0.0,0.0,0.0,0.0,0.0,0.0,0.0017173943609930628,0.0037509980297858866,1.8535702298233077e-08
9.0,10,1,-20581775.794184435,-20246269.837404978,-920890.0776097886,-458739.53476330003,-6.946476630519883e-05,-6.725713710959001e-05,5.990386170986232e-05,-3.018506138742514e-06,0.0,0.0,0.0,0.0,0.0,0.0,0.0,0.0,0.0,0.0,0.002404275649215205,0.003750998517851385,2.5946522428679858e-08
9.0,11,1,-13370644.517483728,7858470.983166285,20515408.729931943,150738.19978334437,-0.00011168395253411386,2.8003627460163244e-05,0.0001112862778338813,9.91857354574406e-07,0.0,0.0,0.0,0.0,0.0,0.0,0.0,0.0,0.0,0.0,0.003091075287212219,0.003751027925869534,3.3353749046681804e-08
9.0,12,1,-4587160.03545161,45014368.458071664,48108039.16646055,149310.3021844681,-0.00017006920422401892,0.00015630885326336415,0.00017666520652456308,9.824617883738e-07,0.0,0.0,0.0,0.0,0.0,0.0,0.0,0.0,0.0,0.0,0.0037777665183707297,0.0037510064269629696,4.075624802916913e-08
9.0,13,1,-40671203.23164262,-41709102.10444275,-40671202.43860574,-2921118.3452087673,-7.319513498019647e-05,-8.002450956322136e-05,-7.319512976201379e-05,-1.922095871147369e-05,0.0,0.0,0.0,0.0,0.0,0.0,0.0,0.0,0.0,0.0,0.00034347018863710096,0.006251817830442475,3.7076621099743393e-09
9.0,14,1,-37658977.203384385,-37860393.26189205,-35213162.49159065,-6473042.316908638,-7.283866792641926e-05,-7.416398559139967e-05,-5.6745207122816477e-05,-4.259261844525884e-05,0.0,0.0,0.0,0.0,0.0,0.0,0.0,0.0,0.0,0.0,0.001030402316345296,0.006251792642328643,1.1122421060227516e-08
9.0,15,1,-32245479.442134008,-29584571.88486561,-24819634.31656245,-9141098.955421884,-7.526875141241371e-05,-5.775997968558764e-05,-2.6406690486152858e-05,-6.014843112667599e-05,0.0,0.0,0.0,0.0,0.0,0.0,0.0,0.0,0.0,0.0,0.0017173100532629838,0.0062517514932629945,1.853559975133463e-08
9.0,16,1,-24459835.780186262,-16402252.432488706,-9133002.98855398,-10026479.507912442,-8.195347533568385e-05,-2.8934576907833955e-05,1.8897084433256545e-05,-6.597423516206387e-05,0.0,0.0,0.0,0.0,0.0,0.0,0.0,0.0,0.0,0.0,0.00240417393817847,0.006251717347550489,2.59461208539536e-08
9.0,17,1,-14752409.395185836,4340053.566836983,12560259.964869399,-8236681.685836255,-0.00010046454235602526,2.516386393408488e-05,7.925282203313818e-05,-5.419736549280255e-05,0.0,0.0,0.0,0.0,0.0,0.0,0.0,0.0,0.0,0.0,0.003090974047474533,0.006251668339208981,3.3352949659839024e-08
9.0,18,1,-4534197.598165363,34469753.128806844,40280682.78790912,-3142886.615173481,-0.00014077667673923803,0.00011586931904423908,0.00015410523620113206,-2.0680193927841503e-05,0.0,0.0,0.0,0.0,0.0,0.0,0.0,0.0,0.0,0.0,0.0037776786306213013,0.006251697963454875,4.075486573563251e-08
9.0,19,1,-7832832.946054231,-12886054.1821254,-7833222.186981575,-2357230.353247604,-6.427708067082139e-06,-3.967790380043042e-05,-6.4302692723840596e-06,-1.5510575724369232e-05,0.0,0.0,0.0,0.0,0.0,0.0,0.0,0.0,0.0,0.0,0.00034349335953027724,0.008752920061196089,3.7083261919779075e-09
9.0,20,1,-8475505.213770568,-11655845.763465889,-5066385.356045237,-5201421.32768039,-1.595640090002526e-05,-3.688304171702046e-05,6.475607763807412e-06,-3.422535233613697e-05,0.0,0.0,0.0,0.0,0.0,0.0,0.0,0.0,0.0,0.0,0.0010304695772043557,0.008752836930411853,1.112424212307636e-08
9.0,21,1,-8973276.275399873,-9753122.593321867,344799.26501943544,-7749510.290702554,-3.0001230518281522e-05,-3.513261929020824e-05,3.1311706537677525e-05,-5.0991777712822805e-05,0.0,0.0,0.0,0.0,0.0,0.0,0.0,0.0,0.0,0.0,0.001717412744978784,0.008752696450523184,1.8538090139589176e-08
9.0,22,1,-9007340.487031477,-5552698.162511123,9351206.091255803,-9026075.522941908,-5.103834496257397e-05,-2.8306798467230048e-05,6.976089152255631e-05,-5.939157694095775e-05,0.0,0.0,0.0,0.0,0.0,0.0,0.0,0.0,0.0,0.0,0.00240430575101625,0.008752497234579064,2.5948598671697866e-08
9.0,23,1,-7636765.670086872,721979.8254622258,22395183.04320692,-8064031.67003935,-7.470894568293158e-05,-1.9708400322218542e-05,0.0001229012768505415,-5.3061328388858924e-05,0.0,0.0,0.0,0.0,0.0,0.0,0.0,0.0,0.0,0.0,0.0030911262660034155,0.008752305740720544,3.335445272269148e-08
9.0,24,1,-3227198.847076133,11737615.518790847,41115057.6816943,-3300491.606370323,-9.964321789214719e-05,-1.1747393647424627e-06,0.00019212883006716224,-2.1717234769916722e-05,0.0,0.0,0.0,0.0,0.0,0.0,0.0,0.0,0.0,0.0,0.003777859833846987,0.008752087480272624,4.075466502421218e-08
9.0,25,1,-289567.63909303653,-296909.0563006452,2217778.745851801,-63050.48047939799,-1.1544380612778443e-05,-1.1671631844376996e-05,3.1916290059598747e-05,-1.092874994976232e-06,0.0,0.0,0.0,0.0,-6.317344070103476e-07,-6.372794046394135e-07,1.2690138116497614e-06,-4.7784233753712076e-08,0.0,1.2702274217779044e-06,0.004263891512653671,0.0010018834550702808,1.532777825979262e-08
9.0,26,1,-92172.26962762186,278114.08100253285,2267863.4756960357,-141142.92374197269,-1.1412873821829231e-05,-4.994577077573215e-06,2.9494412430447496e-05,-2.4464773448608597e-06,0.0,0.0,0.0,0.0,-5.343591094701026e-07,-3.1696018961412075e-07,8.513192990842235e-07,-8.291397468710469e-08,0.0,8.658615555633553e-07,0.00454938836651822,0.0010019882367766834,1.635419551616373e-08
9.0,27,1,24539.776513517834,227365.03174876428,1487660.5273271415,-9087.890269191386,-6.5329052161233865e-06,-3.017267458712447e-06,1.8827854464646094e-05,-1.575234313326507e-07,0.0,0.0,0.0,0.0,-1.2563083202925717e-07,-7.983080841947798e-08,2.0546164044873514e-07,-2.0790343593188234e-09,0.0,2.0719561777308825e-07,0.004263831490472889,0.0030060781923084857,1.532778711011849e-08
9.0,28,1,13628.646314241574,-213386.60481582186,1238128.7842352847,65608.70135579766,-3.9172534334879635e-06,-7.852184453075732e-06,1.730741562381012e-05,1.1372174901671594e-06,0.0,0.0,0.0,0.0,-7.352576390677292e-08,-1.2371731353288708e-07,1.9724307743966e-07,1.458115466332678e-08,0.0,2.0010110476370212e-07,0.0045493290688519445,0.0030059903768988585,1.635407205907278e-08
9.0,29,1,-227968.55710543995,-175803.50073542306,291997.5633673923,60260.0261511803,-3.504357011933743e-06,-2.6001627015201166e-06,5.5083890762620155e-06,1.0445071199537917e-06,0.0,0.0,0.0,0.0,-5.720887185892697e-09,-4.340225257097594e-09,1.006111244299029e-08,1.9348918284385603e-09,0.0,1.0595434641330274e-08,0.004263772839849869,0.005009861509999121,1.5327635767170693e-08
9.0,30,1,-76889.70897590058,164448.52175183911,397883.11832278874,-3597.9603456742116,-3.274522679977186e-06,9.086733193036357e-07,4.954872993200096e-06,-6.236464599168633e-08,0.0,0.0,0.0,0.0,-5.240064540316634e-09,1.0835012115623567e-09,4.156563328754278e-09,-1.872627764669706e-10,0.0,6.611028114983706e-09,0.004549273400706589,0.0050099654151458655,1.6354023831735892e-08
9.0,31,1,127935.66153596324,726656.8357254614,439893.0612394471,-179885.2218389569,-2.960390767380124e-06,7.4174429185711776e-06,2.446870827480263e-06,-3.118010511875252e-06,0.0,0.0,0.0,0.0,-1.3092799140629134e-08,2.553701559464255e-08,-1.2444216454013412e-08,-1.261688918977869e-08,0.0,3.3355524053314336e-08,0.004263761074275034,0.00701407653447513,1.532775072569186e-08
9.0,32,1,48851.81371691829,-681370.3610464681,-18055.71740767511,-130717.49794910109,3.449061830042152e-06,-9.208122532523218e-06,2.289331290549199e-06,-2.2657699644510856e-06,0.0,0.0,0.0,0.0,2.558301810298567e-08,-3.3604177480315156e-08,8.021159377329481e-09,-1.055102048719267e-08,0.0,4.0489721099093254e-08,0.004549258985071812,0.007013977043759554,1.635392474704444e-08
9.0,33,1,-326349.47033102973,911627.4487584983,3306877.7359700324,139447.3053819805,-2.1225347009994518e-05,2.3291958755729769e-07,4.175059123255722e-05,2.4170866266209955e-06,0.0,0.0,0.0,0.0,-2.1350944800966426e-06,-4.808735331118458e-07,2.615968013208489e-06,1.8814142445691445e-07,0.0,2.79514039745752e-06,0.004263937171446844,0.009017866876140063,1.532796308151411e-08
9.0,34,1,-95919.81580576033,-854816.9789118315,2568478.721028197,118251.02536215376,-8.133577845875597e-06,-2.128779533971417e-05,3.8049330125912996e-05,2.0496844396106646e-06,0.0,0.0,0.0,0.0,-7.713435277052784e-07,-1.7484504163498464e-06,2.5197939440551254e-06,1.5125301624855252e-07,0.0,2.589288359791063e-06,0.00454943542458755,0.009017918582023422,1.6354122592893782e-08
10.0,1,1,-34424316.71672545,-71381904.81556837,-34424316.36432608,285873.06645932776,-4.947754119394002e-06,-0.0002481286838097804,-4.94775180060618e-06,1.8810447773023768e-06,0.0,0.0,0.0,0.0,0.0,0.0,0.0,0.0,0.0,0.0,0.0003435195015177617,0.0012503735501659214,3.7083617695797232e-09
10.0,2,1,-32503319.126835383,-62797565.93724736,-28266457.010519564,395252.1183656851,-1.863543937670517e-05,-0.00021797158338921597,9.243113348652912e-06,2.600758938846208e-06,0.0,0.0,0.0,0.0,0.0,0.0,0.0,0.0,0.0,0.0,0.0010305439822035469,0.0012503752843562163,1.1124487582216264e-08
10.0,3,1,-28714344.51270809,-46477817.852390654,-16632030.173102446,621942.3799131737,-4.3858162683261365e-05,-0.0001607418172583726,3.564346567134378e-05,4.092380859828683e-06,0.0,0.0,0.0,0.0,0.0,0.0,0.0,0.0,0.0,0.0,0.0017175272559895836,0.0012503780989812534,1.8538934073303413e-08
10.0,4,1,-23037304.917564325,-22257517.993814982,866904.558618959,555420.9499353814,-8.13893553602119e-05,-7.625835740194125e-05,7.59003429930741e-05,3.6546698505748093e-06,0.0,0.0,0.0,0.0,0.0,0.0,0.0,0.0,0.0,0.0,0.0024044430943446302,0.0012503901910662862,2.5950564251140976e-08
10.0,5,1,-15316977.217982009,10153986.71207524,24493106.714520678,328991.21732729155,-0.0001313272937039316,3.6271648955845095e-05,0.0001306230585719361,2.1647622100135783e-06,0.0,0.0,0.0,0.0,0.0,0.0,0.0,0.0,0.0,0.0,0.0030912649003461126,0.001250380285287807,3.335820374899459e-08
10.0,6,1,-5476307.617099211,50633818.40854709,54343861.183351815,145176.97287542128,-0.0001932462718406963,0.00017595835740805631,0.00020037043886627143,9.55264481520272e-07,0.0,0.0,0.0,0.0,0.0,0.0,0.0,0.0,0.0,0.0,0.0037779647149378264,0.0012504182039572839,4.076060554992427e-08
10.0,7,1,-38427967.9871292,-69854533.1312486,-38427979.55061415,-566643.9263782586,-2.1053469898302872e-05,-0.00022784026854660847,-2.1053545986033826e-05,-3.728517035568942e-06,0.0,0.0,0.0,0.0,0.0,0.0,0.0,0.0,0.0,0.0,0.000343512901285197,0.0037511343847910377,3.708293098532069e-09
10.0,8,1,-35676071.82881673,-61828404.25262806,-31835648.634566102,-912867.5984549547,-3.039115558231687e-05,-0.0002024735029309954,-5.12117096414776e-06,-6.006668797833601e-06,0.0,0.0,0.0,0.0,0.0,0.0,0.0,0.0,0.0,0.0,0.0010305261120369376,0.0037511379372089965,1.1124281459569413e-08
10.0,9,1,-30797413.636682324,-46733140.26555242,-19626025.33669588,-1046535.2359792402,-4.91395865318593e-05,-0.00015399666774982453,2.4368148482051498e-05,-6.8862018527434e-06,0.0,0.0,0.0,0.0,0.0,0.0,0.0,0.0,0.0,0.0,0.0017175010040887837,0.003751145193540001,1.853855339300909e-08
10.0,10,1,-24067203.971697614,-23199724.97580953,-1237420.8112899847,-558283.6921740128,-8.172532951487081e-05,-7.601731772192723e-05,6.849464368061133e-05,-3.6735066945050036e-06,0.0,0.0,0.0,0.0,0.0,0.0,0.0,0.0,0.0,0.0,0.0024044123942821133,0.0037511479799104902,2.59499595722548e-08
10.0,11,1,-15729136.91345749,9201204.530884488,23440056.070035946,130142.24799216894,-0.00013021887631674172,3.382277038702847e-05,0.00012751441351464506,8.563359917884716e-07,0.0,0.0,0.0,0.0,0.0,0.0,0.0,0.0,0.0,0.0,0.0030912296814942404,0.003751177329520855,3.3357239392629165e-08
10.0,12,1,-5610188.630981039,51726338.784058966,54974718.594673455,163636.93028735227,-0.00019663861381330242,0.0001806357365776608,0.00020201007573150416,1.0767310012907778e-06,0.0,0.0,0.0,0.0,0.0,0.0,0.0,0.0,0.0,0.0,0.003777922493540634,0.0037511604026899932,4.0759137178006146e-08
10.0,13,1,-47333531.20606886,-48282426.470969915,-47333529.5847618,-3385342.547804152,-8.559444546228816e-05,-9.183817630533715e-05,-8.559443479408774e-05,-2.227555396455132e-05,0.0,0.0,0.0,0.0,0.0,0.0,0.0,0.0,0.0,0.0,0.00034349024352102475,0.006252088922028029,3.7083177058136722e-09
10.0,14,1,-43819090.589298636,-43718010.43062839,-40952526.43821873,-7464981.77886588,-8.531600469371476e-05,-8.465089724966452e-05,-6.64540125796089e-05,-4.911958010493749e-05,0.0,0.0,0.0,0.0,0.0,0.0,0.0,0.0,0.0,0.0,0.001030461207715214,0.006252059737695511,1.112429558854962e-08
10.0,15,1,-37523897.97188927,-34081407.99352716,-28870076.089158073,-10543707.25451011,-8.81561450088037e-05,-6.550456095118099e-05,-3.121399702043239e-05,-6.937759373467652e-05,0.0,0.0,0.0,0.0,0.0,0.0,0.0,0.0,0.0,0.0,0.0017174035498852245,0.006252013330925417,1.8538434354418047e-08
10.0,16,1,-28500412.21540684,-18722689.793447524,-10686043.186562404,-11547219.823683433,-9.60362629686185e-05,-3.169884943212622e-05,2.1182285241177878e-05,-7.598070643983698e-05,0.0,0.0,0.0,0.0,0.0,0.0,0.0,0.0,0.0,0.0,0.0024042951549106653,0.006251971637295767,2.5949501689138294e-08
10.0,17,1,-17300107.326653287,5132194.6388975065,14270492.163324887,-9473573.30204273,-0.00011715678178077781,3.0447765152546406e-05,9.057776286327857e-05,-6.233611232744117e-05,0.0,0.0,0.0,0.0,0.0,0.0,0.0,0.0,0.0,0.0,0.0030911128313113917,0.006251919556034193,3.335631887080104e-08
10.0,18,1,-5552094.138317779,39543301.24028444,45943340.5957606,-3622225.5235368796,-0.00016282936479254006,0.00013389833679866255,0.00017601059575769566,-2.3834243944872666e-05,0.0,0.0,0.0,0.0,0.0,0.0,0.0,0.0,0.0,0.0,0.00377782133573107,0.006251945671581682,4.075754134731898e-08
10.0,19,1,-9289509.938075842,-14904724.723195527,-9290030.033255337,-2726730.6637075245,-8.219837175186847e-06,-4.5167950461274365e-05,-8.223259401467924e-06,-1.794188776719551e-05,0.0,0.0,0.0,0.0,0.0,0.0,0.0,0.0,0.0,0.0,0.00034351719266188904,0.008753358318898783,3.709087835017514e-09
10.0,20,1,-10025047.42060983,-13505121.284912324,-6061053.703381156,-6022004.91012642,-1.9210680621545452e-05,-4.210956664865586e-05,6.872398037819225e-06,-3.962479230863184e-05,0.0,0.0,0.0,0.0,0.0,0.0,0.0,0.0,0.0,0.0,0.001030539186049612,0.008753262212066886,1.1126403875302302e-08
10.0,21,1,-10575262.930833854,-11198134.022544015,273301.075319523,-8950595.01750843,-3.5615078597554575e-05,-3.971357038100743e-05,3.5768472562934646e-05,-5.889491521520547e-05,0.0,0.0,0.0,0.0,0.0,0.0,0.0,0.0,0.0,0.0,0.0017175229373343616,0.00875309851667542,1.854131940914126e-08
10.0,22,1,-10580307.944808597,-6366304.923349211,10702449.02122419,-10398634.31954545,-5.975264739868544e-05,-3.2024507517482674e-05,8.028789343781026e-05,-6.842301382260905e-05,0.0,0.0,0.0,0.0,0.0,0.0,0.0,0.0,0.0,0.0,0.0024044482298228244,0.008752870665702756,2.5952365277501586e-08
10.0,23,1,-8961514.378009114,925110.7831679024,25745792.09953995,-9259593.869975671,-8.694759844472397e-05,-2.1893604884179205e-05,0.00014142647817754885,-6.0928127664439916e-05,0.0,0.0,0.0,0.0,0.0,0.0,0.0,0.0,0.0,0.0,0.003091290236337487,0.00875264492889999,3.3358068732265755e-08
10.0,24,1,-3867921.563110929,13437605.146534039,47116104.919100836,-3777496.4175836835,-0.00011501446971925775,-1.1441039697938497e-06,0.00022046042453369565,-2.4855926427700635e-05,0.0,0.0,0.0,0.0,0.0,0.0,0.0,0.0,0.0,0.0,0.003778032094768862,0.00875240061455519,4.0757336130397215e-08
10.0,25,1,-502172.3918181956,-287066.5307607618,4281699.975872017,-81447.02078899737,-2.2674165671354307e-05,-1.8945664079692114e-05,6.024628870194275e-05,-1.411748360342621e-06,0.0,0.0,0.0,0.0,-5.015351620122757e-06,-4.455016369302402e-06,9.470367989425159e-06,-2.6204755457271234e-07,0.0,9.481814502399242e-06,0.004264047294798226,0.0010018712515602532,1.5327930406854476e-08
10.0,26,1,-158094.72492927313,268881.9743628949,4287285.724160554,-159390.7568658491,-2.0332600459817442e-05,-1.2931671005419853e-05,5.672066065773957e-05,-2.762773119008051e-06,0.0,0.0,0.0,0.0,-4.066205413717504e-06,-2.9202939744843302e-06,6.986499388201833e-06,-4.2952935049521954e-07,0.0,7.037409405307745e-06,0.004549540156115028,0.0010019782213352918,1.63543651006904e-08
10.0,27,1,-170773.4052105376,240535.46805595106,3771380.9985818826,8657.696480083552,-1.832464460269183e-05,-1.1195290799406032e-05,5.0006031729710095e-05,1.5006673898811485e-07,0.0,0.0,0.0,0.0,-2.5789881552394326e-06,-1.8378192611101845e-06,4.4168074163496175e-06,1.255778105517482e-08,0.0,4.437668191089178e-06,0.004263982378139353,0.0030060475150316783,1.5327958911273216e-08
10.0,28,1,-45989.453580322675,-225925.72234204155,3382562.9195865532,83245.92912606447,-1.3239741503382355e-05,-1.635863682858548e-05,4.618849963151017e-05,1.4429294381851172e-06,0.0,0.0,0.0,0.0,-1.6880956841891948e-06,-2.006573388487957e-06,3.6946690726771524e-06,1.3870150732113029e-07,0.0,3.7038879444773654e-06,0.004549476359857424,0.003005958797855676,1.635425280762389e-08
10.0,29,1,-484441.2460655975,-251429.6571303896,2539732.338827256,55294.621863184555,-1.561242734099544e-05,-1.157355979945183e-05,3.6806581463814035e-05,9.58440112295199e-07,0.0,0.0,0.0,0.0,-1.1137404302279863e-06,-8.74564155868059e-07,1.988304586096046e-06,5.8364759498538704e-08,0.0,1.994667491004394e-06,0.004263914767096856,0.00500980832924984,1.5327792366209646e-08
10.0,30,1,-156249.5680264273,235118.4958326443,2577793.66672997,-8936.737970240167,-1.333497622393616e-05,-6.551263117045587e-06,3.405510651184141e-05,-1.5490345815082953e-07,0.0,0.0,0.0,0.0,-8.251459298260333e-07,-5.108133352282698e-07,1.335959265054303e-06,-7.220577190177319e-09,0.0,1.3502581471734462e-06,0.0045494118945857785,0.0050099155352068,1.635421320986959e-08
10.0,31,1,-51445.200651471256,852870.0960967902,2658947.363408258,-203981.62456714452,-1.473320584670648e-05,9.415926302633861e-07,3.224693193032884e-05,-3.535681492497171e-06,0.0,0.0,0.0,0.0,-8.571689586767257e-07,-1.850349325383605e-07,1.0422038912150866e-06,-1.555132173260158e-07,0.0,1.161754533347038e-06,0.004263892557777903,0.00701400933221892,1.5327927783628915e-08
10.0,32,1,-4751.007479363354,-799857.1577706232,1962535.7326282104,-153366.10251014447,-4.7140610658218625e-06,-1.8495901004203695e-05,2.9385575762709422e-05,-2.658345776842504e-06,0.0,0.0,0.0,0.0,-2.621720967742613e-07,-9.069241490478774e-07,1.1690962458221386e-06,-1.234990920707424e-07,0.0,1.2567957879884174e-06,0.004549387446819755,0.00701390969124588,1.6354082487020464e-08
10.0,33,1,-515285.5218238181,1053968.974685695,5085544.328141973,160683.4973042461,-3.142852683562825e-05,-4.228115562796696e-06,6.565252389711216e-05,2.7851806199402656e-06,-4.293203182135809e-06,-1.4743541676298233e-06,5.767557349765631e-06,2.8863547565479503e-07,-9.339633879142433e-06,-2.9550460912749826e-06,1.2294679970417415e-05,6.725724324296776e-07,6.002035900878798e-06,1.2867337883936519e-05,0.004264104758222028,0.009017778837874683,1.5328104677564065e-08
10.0,34,1,-155186.09427841008,-988529.4876724719,4372264.11150915,138291.4137139837,-1.5604086419058855e-05,-3.0048705237889264e-05,6.287171714792555e-05,2.3970511710423837e-06,-4.1642894328151787e-07,-6.982521224631256e-07,1.1146810657446437e-06,4.6767906454097747e-08,-4.4687731833194925e-06,-7.948188049331114e-06,1.241696123265061e-05,5.664666262256005e-07,1.1277876407091998e-06,1.2602827917541467e-05,0.004549598296194065,0.009017822859414477,1.6354263091250386e-08
11.0,1,1,-39229497.60111237,-81290386.99115874,-39229497.178725645,301105.6591433465,-5.726071017144514e-06,-0.0002824867232036496,-5.726068237839867e-06,1.9812752371632197e-06,0.0,0.0,0.0,0.0,0.0,0.0,0.0,0.0,0.0,0.0,0.00034354415415180264,0.0012504211781934396,3.7090354107590754e-09
11.0,2,1,-37015619.0984788,-71451649.98861621,-32164183.50090981,426602.63017427525,-2.1365078578942875e-05,-0.00024795416183604705,1.0557367653061059e-05,2.807045306546731e-06,0.0,0.0,0.0,0.0,0.0,0.0,0.0,0.0,0.0,0.0,0.0010306158537542603,0.001250423003901922,1.1126421315135624e-08
11.0,3,1,-32661203.074683566,-52794646.536489874,-18850925.490043223,662327.9190419285,-5.010601157149552e-05,-0.00018258406955018106,4.076561493543794e-05,4.35811770729589e-06,0.0,0.0,0.0,0.0,0.0,0.0,0.0,0.0,0.0,0.0,0.0017176404164126618,0.0012504266405691604,1.854188679082109e-08
11.0,4,1,-26156634.63439282,-25169990.299528196,1104567.0143704005,587190.3941900367,-9.275980438141476e-05,-8.626768465800555e-05,8.661890246744718e-05,3.863712793770441e-06,0.0,0.0,0.0,0.0,0.0,0.0,0.0,0.0,0.0,0.0,0.0024045881021732838,0.0012504390845133146,2.595414694925718e-08
11.0,5,1,-17348529.768617287,11645669.436235994,27911947.367802314,344732.103701341,-0.00014924368339346695,4.1538147374467625e-05,0.00014857025616417402,2.268337242354824e-06,0.0,0.0,0.0,0.0,0.0,0.0,0.0,0.0,0.0,0.0,0.0030914289346609877,0.0012504306261983482,3.336189319989523e-08
11.0,6,1,-6175019.041419666,57409191.688418396,61578673.78905262,146858.96226775,-0.00021887592266150253,0.00019950818394083193,0.00022694337616300505,9.663319717217949e-07,0.0,0.0,0.0,0.0,0.0,0.0,0.0,0.0,0.0,0.0,0.003778131916045585,0.001250469605527773,4.0763764764456577e-08
11.0,7,1,-43854779.997726664,-79448668.01559544,-43854795.22530911,-639531.2825202434,-2.4454428068004126e-05,-0.00025866221122558064,-2.445452826549662e-05,-4.208115838983202e-06,0.0,0.0,0.0,0.0,0.0,0.0,0.0,0.0,0.0,0.0,0.00034353650603717264,0.0037512802973676,3.7089563269776003e-09
11.0,8,1,-40723324.84331379,-70255659.13330671,-36313570.70233955,-1057415.86352391,-3.523724107624786e-05,-0.0002295600007044012,-6.221058828637396e-06,-6.957796381987328e-06,0.0,0.0,0.0,0.0,0.0,0.0,0.0,0.0,0.0,0.0,0.0010305949972273624,0.003751284378265978,1.1126182796001867e-08
11.0,9,1,-35166839.185513355,-52970239.62985133,-22364418.999616213,-1217029.3531993087,-5.6805435293008055e-05,-0.00017395181021675191,2.7434489530195136e-05,-8.008053144051451e-06,0.0,0.0,0.0,0.0,0.0,0.0,0.0,0.0,0.0,0.0,0.001717609616320502,0.0037512920238535596,1.8541446081809827e-08
11.0,10,1,-27506009.229462557,-26171378.84328349,-1439901.4489845708,-684410.5617745465,-9.390422328552923e-05,-8.5122355344471e-05,7.76107659100159e-05,-4.503421496476516e-06,0.0,0.0,0.0,0.0,0.0,0.0,0.0,0.0,0.0,0.0,0.0024045516433584186,0.0037512964204267658,2.595344359814475e-08
11.0,11,1,-18022311.223631803,10573302.265481796,26519753.74044014,85653.93751398433,-0.00014871858460751566,3.944055215085179e-05,0.00014436820285607772,5.636029088420169e-07,0.0,0.0,0.0,0.0,0.0,0.0,0.0,0.0,0.0,0.0,0.003091386863827199,0.0037513271643720325,3.336077341328418e-08
11.0,12,1,-6547610.47947035,58510541.5064515,62028764.24994855,163712.46751914438,-0.0002231901554924638,0.00020489248457490196,0.00022804239022711247,1.07722803627597e-06,0.0,0.0,0.0,0.0,0.0,0.0,0.0,0.0,0.0,0.0,0.0037780814314818047,0.00375131284930266,4.076206370028506e-08
11.0,13,1,-54012564.109818324,-54929255.68324988,-54012561.41216688,-3852577.3273588005,-9.793474953833313e-05,-0.00010396658009151279,-9.793473178778663e-05,-2.5349958814020907e-05,0.0,0.0,0.0,0.0,0.0,0.0,0.0,0.0,0.0,0.0,0.0003435106728095309,0.006252360669319349,3.7089838398636847e-09
11.0,14,1,-49989514.31213571,-49641832.78258807,-46691452.80460036,-8472205.655138837,-9.774098033292085e-05,-9.545323586849739e-05,-7.603973561333817e-05,-5.574711321081354e-05,0.0,0.0,0.0,0.0,0.0,0.0,0.0,0.0,0.0,0.0,0.0010305211441948541,0.006252327484595476,1.1126199011063425e-08
11.0,15,1,-42800550.72105491,-38602258.1654757,-32883593.641305286,-11963601.487620989,-0.00010105510775056058,-7.34303427348494e-05,-3.580153016580806e-05,-7.87204977885461e-05,0.0,0.0,0.0,0.0,0.0,0.0,0.0,0.0,0.0,0.0,0.0017174986929533705,0.006252275402506516,1.854131053667562e-08
11.0,16,1,-32525957.18779782,-21046162.82240552,-12167409.52002367,-13086833.889579078,-0.00011015234163795097,-3.461529471366965e-05,2.3806902016002932e-05,-8.611136699343033e-05,0.0,0.0,0.0,0.0,0.0,0.0,0.0,0.0,0.0,0.0,0.002404418392544281,0.00625222670511337,2.5952926708119395e-08
11.0,17,1,-19819878.211183276,5955396.105030293,16090399.734451396,-10725701.414333198,-0.0001339317484822974,3.5669556518387824e-05,0.00010235788039997868,-7.057511530631244e-05,0.0,0.0,0.0,0.0,0.0,0.0,0.0,0.0,0.0,0.0,0.003091253908546021,0.006252169980832243,3.335972690859119e-08
11.0,18,1,-6531295.257518124,44629877.86907777,51729180.761374414,-4104409.488379157,-0.00018490378892370508,0.00015173673024929593,0.00019845014328060784,-2.7007014433534853e-05,0.0,0.0,0.0,0.0,0.0,0.0,0.0,0.0,0.0,0.0,0.003777966370340526,0.006252194629057014,4.076024163005601e-08
11.0,19,1,-10590418.485208232,-16952097.54471363,-10591093.808938665,-3101471.249546498,-9.433850087270529e-06,-5.129369829881606e-05,-9.438293717416777e-06,-2.0407680822015958e-05,0.0,0.0,0.0,0.0,0.0,0.0,0.0,0.0,0.0,0.0,0.00034354155860949964,0.008753798855914534,3.7098628710993077e-09
11.0,20,1,-11415280.006628405,-15361705.199971478,-6881953.108783709,-6849741.520350937,-2.193141990530882e-05,-4.789889767750626e-05,7.897871082509271e-06,-4.507129920390916e-05,0.0,0.0,0.0,0.0,0.0,0.0,0.0,0.0,0.0,0.0,0.0010306104004828072,0.008753689401533675,1.1128603347400997e-08
11.0,21,1,-12012180.64010398,-12658052.180520762,395037.7774085961,-10161110.423791803,-4.068534044360268e-05,-4.49351751795451e-05,4.0954156743630073e-05,-6.686010658855006e-05,0.0,0.0,0.0,0.0,0.0,0.0,0.0,0.0,0.0,0.0,0.0017176356392785519,0.008753502310510778,1.8544602511790502e-08
11.0,22,1,-11978405.97875269,-7165769.338230846,12284471.676212035,-11777558.401567543,-6.797957958777374e-05,-3.6312430493139983e-05,9.167015538189417e-05,-7.749633428231443e-05,0.0,0.0,0.0,0.0,0.0,0.0,0.0,0.0,0.0,0.0,0.0024045940569397857,0.008753244421722827,2.595619361240515e-08
11.0,23,1,-10098257.425381795,1130692.1457650177,29352913.639359716,-10456163.222939525,-9.865538426740605e-05,-2.476889608926003e-05,0.0001609333213385931,-6.880155400694207e-05,0.0,0.0,0.0,0.0,0.0,0.0,0.0,0.0,0.0,0.0,0.003091458125941721,0.008752985040709817,3.336174254552005e-08
11.0,24,1,-4305945.869109701,15138424.844873954,53396824.403870165,-4254707.908077605,-0.00012981542315856424,-1.8714638605517757e-06,0.0002498688052376433,-2.7995978035150638e-05,0.0,0.0,0.0,0.0,0.0,0.0,0.0,0.0,0.0,0.0,0.0037782088608997325,0.008752711485504541,4.0760056943913175e-08
11.0,25,1,-538688.1884261963,-133310.49561313144,4695100.417172459,-39825.40637358068,-2.542966886525328e-05,-1.840312218982682e-05,6.528933363179013e-05,-6.903070438087318e-07,-1.2243981057319764e-05,-9.60346478458928e-06,2.1847445841909052e-05,-2.5941149565434326e-07,-1.0753762191582052e-05,-8.955888468793053e-06,1.9709650660375104e-05,-3.836248952220229e-07,2.1902619119854987e-05,1.9746955335115985e-05,0.004264205604338574,0.0010018757594548878,1.532797378624073e-08
11.0,26,1,-172263.368794756,124856.00879795314,4993431.602748705,-104831.15472551096,-2.2769995363450044e-05,-1.7619926151843082e-05,6.676871747663661e-05,-1.8170733485755231e-06,-7.337772204075867e-06,-6.140480384775698e-06,1.3478252588851565e-05,-4.224345277563759e-07,-9.588207894571834e-06,-7.54126335301431e-06,1.7129471247586145e-05,-7.474171290245086e-07,1.3504779277082835e-05,1.7200343752446218e-05,0.0045496932651952525,0.0010019639344484004,1.6354412894867566e-08
11.0,27,1,-363299.20137833734,67028.48014174378,4862066.862792289,13358.50498093814,-2.4560370723447294e-05,-1.7101357577099235e-05,6.601264105551025e-05,2.315474196695944e-07,-6.781508057273887e-06,-5.233543773465222e-06,1.201505183073911e-05,4.80528896549906e-08,-8.289326758089407e-06,-6.244701492715048e-06,1.4534028250804457e-05,5.302129284259967e-08,1.2048372521227445e-05,1.4582946564435737e-05,0.004264145032042519,0.0030059873406192844,1.5328018151135125e-08
11.0,28,1,-111594.57048226334,-63290.06319323834,4919786.048864735,74284.73249809351,-2.0913911549116172e-05,-2.0076633422773067e-05,6.629668585289849e-05,1.2876020299669544e-06,-2.295886514009162e-06,-2.2303893439567104e-06,4.526275857965873e-06,1.0072434291931935e-07,-6.786199705795612e-06,-6.959234738862836e-06,1.3745434444658447e-05,3.6236584126507386e-07,4.527927814483688e-06,1.3758321547889155e-05,0.0045496343553631385,0.0030059158044066607,1.635439535223288e-08
11.0,29,1,-618814.012161239,-174140.3753274954,4379545.48028826,15726.172896122283,-2.5072473915326246e-05,-1.7364797543541353e-05,6.156575728713174e-05,2.725869968661194e-07,0.0,0.0,0.0,0.0,-6.1125015098104934e-06,-4.6481858383067575e-06,1.0760687348117253e-05,1.0168761485398315e-07,0.0,1.0795662929262557e-05,0.0042640578594196794,0.0050097592285060655,1.532793810188939e-08
11.0,30,1,-196389.6635899949,162633.83766392083,4341635.251641855,-35777.42401010371,-2.0635605205089702e-05,-1.441253118335516e-05,5.8023493325595696e-05,-6.201420161751307e-07,0.0,0.0,0.0,0.0,-4.565932588150729e-06,-3.428841220041197e-06,7.994773808191926e-06,-8.921374801344468e-08,0.0,8.026665741288636e-06,0.004549551065096113,0.005009854358382726,1.635435723371511e-08
11.0,31,1,-239630.53470441257,916588.320210737,4434333.409062701,-164638.62496658633,-2.4598760713152596e-05,-4.5576338946233355e-06,5.641661431214408e-05,-2.8537361660874964e-06,0.0,0.0,0.0,0.0,-5.022247075816648e-06,-1.8721050255678845e-06,6.8943521013845345e-06,-5.083624454104172e-07,0.0,7.200006032215408e-06,0.004264020289739543,0.007013905935243495,1.5328062745109645e-08
11.0,32,1,-62819.56122197921,-859660.4614549568,3576065.12210614,-123155.64380667942,-1.1703212792231123e-05,-2.551512172960274e-05,5.137078838545629e-05,-2.134697825982443e-06,0.0,0.0,0.0,0.0,-2.1744747597003113e-06,-4.427720301146835e-06,6.602195060847147e-06,-3.720974308724319e-07,0.0,6.776159976007986e-06,0.00454951230170976,0.0070138229869856974,1.6354212941442962e-08
11.0,33,1,-520021.2027839124,953143.5560068578,5122421.228078869,146295.37605040506,-3.1235875173461724e-05,-5.701019354421717e-06,6.656646029482645e-05,2.5357865182070203e-06,-2.650104056232905e-05,-9.888966356333745e-06,3.6390006918662795e-05,1.6585206108850201e-06,-1.667130853021671e-05,-5.733105139347995e-06,2.2404413669564702e-05,1.125057001318806e-06,3.768253829415015e-05,2.332637846233876e-05,0.004264282386343474,0.009017687888260855,1.5328099062639508e-08
11.0,34,1,-157048.77090324275,-894122.1869765718,4484386.919554902,127146.59501762794,-1.6455042542356557e-05,-2.923098175429427e-05,6.399650942558463e-05,2.2038743136388844e-06,-1.0653128190805718e-05,-1.6732477312941113e-05,2.7385605503746836e-05,1.046837327199312e-06,-8.45987982840738e-06,-1.4199781645673252e-05,2.2659661474080637e-05,9.562194664440894e-07,2.76362534522773e-05,2.2938142527762172e-05,0.004549769082345707,0.009017705548994406,1.6354280942914088e-08
12.0,1,1,-44008666.75606802,-91336720.62747668,-44008666.31699032,305530.674830296,-6.1976224080822415e-06,-0.00031761621688195115,-6.197619518951017e-06,2.0103918403833475e-06,0.0,0.0,0.0,0.0,0.0,0.0,0.0,0.0,0.0,0.0,0.0003435692200797709,0.0012504690642187977,3.7097187049828337e-09
12.0,2,1,-41499387.51782147,-80210242.46857019,-36017036.12795729,478665.8626430896,-2.3857837406593943e-05,-0.00027857526298252045,1.2216034738712334e-05,3.1496213761915293e-06,0.0,0.0,0.0,0.0,0.0,0.0,0.0,0.0,0.0,0.0,0.0010306889359924104,0.0012504708539481228,1.1128382043448207e-08
12.0,3,1,-36575885.13782614,-59176044.941250026,-20998017.625926062,720884.2512421095,-5.620440683299246e-05,-0.00020491345833952164,4.629796139531003e-05,4.74341837317308e-06,0.0,0.0,0.0,0.0,0.0,0.0,0.0,0.0,0.0,0.0,0.0017177554149604207,0.001250476122538942,1.8544878031866054e-08
12.0,4,1,-29240770.759477846,-28083483.848430343,1450547.552273497,654360.0327091644,-0.0001041238144494614,-9.650886657476884e-05,9.782506004186241e-05,4.3056890152263016e-06,0.0,0.0,0.0,0.0,0.0,0.0,0.0,0.0,0.0,0.0,0.0024047354073058534,0.001250487033362366,2.5957772683599654e-08
12.0,5,1,-19345464.440983783,13177032.002818393,31464950.410624303,408088.4890031956,-0.00016726165441815837,4.673637218205995e-05,0.00016707087530542283,2.685222257641027e-06,0.0,0.0,0.0,0.0,0.0,0.0,0.0,0.0,0.0,0.0,0.00309159544929518,0.0012504839044511747,3.3365621014389426e-08
12.0,6,1,-6835763.222756214,64224619.836903974,68955680.47416088,159064.3617093723,-0.00024460369060526354,0.00022297362992730052,0.0002541040089204509,1.0466435000476696e-06,0.0,0.0,0.0,0.0,0.0,0.0,0.0,0.0,0.0,0.0,0.003778301655178878,0.00125051724555775,4.076695094866276e-08
12.0,7,1,-49194182.4456451,-89233628.3086664,-49194201.79590501,-691828.9565824487,-2.7254940663002688e-05,-0.00029071449444168277,-2.7255067987712908e-05,-4.552234534312512e-06,0.0,0.0,0.0,0.0,0.0,0.0,0.0,0.0,0.0,0.0,0.0003435606470522715,0.003751426177424212,3.70962957546532e-09
12.0,8,1,-45673791.97405079,-78863960.24106032,-40685600.76408153,-1194384.7287756803,-3.948065348212984e-05,-0.0002578719606790525,-6.658355320532108e-06,-7.859051515343976e-06,0.0,0.0,0.0,0.0,0.0,0.0,0.0,0.0,0.0,0.0,0.0010306653815425793,0.0037514309895795555,1.1128111855751922e-08
12.0,9,1,-39418105.6677061,-59319595.094237655,-24950770.2011283,-1362321.2042920834,-6.394335117185228e-05,-0.0001948951515984299,3.125171619822961e-05,-8.964073524241909e-06,0.0,0.0,0.0,0.0,0.0,0.0,0.0,0.0,0.0,0.0,0.0017177206646686101,0.0037514382948175187,1.8544380687068223e-08
12.0,10,1,-30794378.43904537,-29213033.407841593,-1444200.017207764,-787173.9760522718,-0.00010553346338364888,-9.512821307832801e-05,8.75907106320426e-05,-5.179604762423948e-06,0.0,0.0,0.0,0.0,0.0,0.0,0.0,0.0,0.0,0.0,0.002404694015141577,0.003751446316472818,2.5956976138518598e-08
12.0,11,1,-20118239.481252562,11973612.38969994,29865856.441128578,58032.75663125692,-0.0001666975581589719,4.4466827151895606e-05,0.00016219779301029604,3.818555386336705e-07,0.0,0.0,0.0,0.0,0.0,0.0,0.0,0.0,0.0,0.0,0.0030915478511085574,0.00375147457097019,3.336436184998854e-08
12.0,12,1,-7246358.839081641,65435369.99856706,69410045.05775625,181729.13637789234,-0.000249287549984399,0.00022895822576732942,0.00025511158765679424,1.1957777173665315e-06,0.0,0.0,0.0,0.0,0.0,0.0,0.0,0.0,0.0,0.0,0.0037782445579590093,0.003751469152013194,4.076505245829392e-08
12.0,13,1,-60649633.678994365,-61769863.61947993,-60649629.716352135,-4340049.032166193,-0.00010982536892435715,-0.00011719648193275219,-0.00010982534285017128,-2.8557522631653552e-05,0.0,0.0,0.0,0.0,0.0,0.0,0.0,0.0,0.0,0.0,0.0003435315359384397,0.006252631593900321,3.7096593695547705e-09
12.0,14,1,-56099178.11064939,-55702794.99363905,-52355480.527109906,-9497082.488882804,-0.00010976381523046355,-0.00010715561432053559,-8.51302851307738e-05,-6.249080277684885e-05,0.0,0.0,0.0,0.0,0.0,0.0,0.0,0.0,0.0,0.0,0.0010305824582480935,0.006252594208809445,1.1128129733429254e-08
12.0,15,1,-47992253.109601974,-43248365.30897806,-36790736.68170604,-13419836.08102906,-0.00011349948440272902,-8.22847026746236e-05,-3.979350630717373e-05,-8.830252141317121e-05,0.0,0.0,0.0,0.0,0.0,0.0,0.0,0.0,0.0,0.0,0.0017175959356108043,0.006252537259929824,1.854422558541308e-08
12.0,16,1,-36438619.95582144,-23392560.7613645,-13478135.989680178,-14666982.380336957,-0.0001239373989124566,-3.809432941292995e-05,2.7142585584752897e-05,-9.650874406261718e-05,0.0,0.0,0.0,0.0,0.0,0.0,0.0,0.0,0.0,0.0,0.0024045444814678263,0.006252479528601461,2.5956399499061452e-08
12.0,17,1,-22207298.887772538,6800299.251679191,18120525.63934116,-12017571.158692706,-0.00015041139776667483,4.045859799091753e-05,0.00011494568762173327,-7.9075618224198e-05,0.0,0.0,0.0,0.0,0.0,0.0,0.0,0.0,0.0,0.0,0.0030913981684234544,0.0062524221043422906,3.336318166500011e-08
12.0,18,1,-7361623.197482057,49826260.86883884,57767503.79440145,-4613123.453621836,-0.0002068062641553299,0.00016949001300106155,0.0002217433914512635,-3.0354352324831684e-05,0.0,0.0,0.0,0.0,0.0,0.0,0.0,0.0,0.0,0.0,0.0037781149968296197,0.006252439168043592,4.076298957598246e-08
12.0,19,1,-11906798.193512255,-19040011.968797743,-11907646.975577036,-3483783.82582933,-1.0636689835449124e-05,-5.7573236476827634e-05,-1.0642274821435383e-05,-2.292329757395699e-05,0.0,0.0,0.0,0.0,0.0,0.0,0.0,0.0,0.0,0.0,0.0003435662787977358,0.008754239327566544,3.7106477458323736e-09
12.0,20,1,-12828273.707314206,-17293456.23826697,-7718233.133985756,-7703194.381061288,-2.4622899328411714e-05,-5.4003800382080916e-05,9.001167644089475e-06,-5.068701902738327e-05,0.0,0.0,0.0,0.0,0.0,0.0,0.0,0.0,0.0,0.0,0.0010306825003977894,0.008754116601337252,1.113082838107668e-08
12.0,21,1,-13474437.423217144,-14123993.439351551,536612.7946802042,-11402710.36970374,-4.590412569750499e-05,-5.017820428366939e-05,4.6288584736259556e-05,-7.50298342326506e-05,0.0,0.0,0.0,0.0,0.0,0.0,0.0,0.0,0.0,0.0,0.0017177497994826437,0.008753905032128691,1.854792277803965e-08
12.0,22,1,-13402840.705859872,-7996017.195198683,13896131.069607072,-13187707.4362957,-7.633638345086462e-05,-4.0759484750713996e-05,0.00010329085083170787,-8.67751149308257e-05,0.0,0.0,0.0,0.0,0.0,0.0,0.0,0.0,0.0,0.0,0.002404741497244535,0.008753619074218271,2.5960057322903277e-08
12.0,23,1,-11255605.216267161,1381581.8745402694,33032533.83270389,-11672481.024603473,-0.00011065232889878157,-2.749963784126868e-05,0.00018076362604344792,-7.680492514189085e-05,0.0,0.0,0.0,0.0,0.0,0.0,0.0,0.0,0.0,0.0,0.0030916279050575294,0.008753322160276588,3.3365448382054295e-08
12.0,24,1,-4754273.309703872,16849274.152449355,59752354.20662212,-4734214.147499376,-0.00014480193935585228,-2.6505970548840807e-06,0.00027965166970157274,-3.115112909054589e-05,0.0,0.0,0.0,0.0,0.0,0.0,0.0,0.0,0.0,0.0,0.003778387261253519,0.008753026056376647,4.076279431015832e-08
12.0,25,1,-525681.7050025421,-15371.836325718556,4804905.98147314,-28028.505130270194,-2.6167225980623607e-05,-1.732185492355865e-05,6.622962725162162e-05,-4.858274222580166e-07,-2.6879106743148803e-05,-2.0402645383524765e-05,4.728175212667359e-05,-4.7009106827344114e-07,-1.6818411901031292e-05,-1.3430958151777847e-05,3.0249370052809143e-05,-4.7092636539859496e-07,4.7434323702916556e-05,3.0327035597701462e-05,0.004264362997164263,0.001001893835241044,1.5327993467429528e-08
12.0,26,1,-166628.96834631287,14303.416885710554,4992230.0404325435,-67603.1380685125,-2.224785340722386e-05,-1.911169206320211e-05,6.717236941160966e-05,-1.1717877265208832e-06,-1.922256997820926e-05,-1.6817144311106832e-05,3.6039714289316095e-05,-8.738070668332661e-07,-1.5083278259127946e-05,-1.2477703103591542e-05,2.756098136271949e-05,-9.560877302908832e-07,3.608303727325625e-05,2.763961979741648e-05,0.004549845094497663,0.0010019489363061714,1.6354403638730176e-08
12.0,27,1,-401773.8424185619,-95133.04168894142,4827435.70572665,41011.555606650676,-2.4286195221731665e-05,-1.8971088009084912e-05,6.635343694611868e-05,7.108669638486118e-07,-2.2907376206149318e-05,-1.8679690546657554e-05,4.158706675280688e-05,4.0646869273787923e-07,-1.4011228753761381e-05,-1.101576603392407e-05,2.5026994787685455e-05,1.8021373591820457e-07,4.1663722797469064e-05,2.5091289680234624e-05,0.004264317305422502,0.003005906451421579,1.5327998918177947e-08
12.0,28,1,-126373.33838825347,88779.53085272084,5035551.590790301,76948.54055169124,-2.21823023317488e-05,-1.8452985931571914e-05,6.729106310734616e-05,1.3337747028959817e-06,-1.5708372256413604e-05,-1.4032853353362553e-05,2.974122560977615e-05,6.765412102665998e-07,-1.2292097838227043e-05,-1.180420562995062e-05,2.4096303468177658e-05,5.987424432117671e-07,2.9768764431715106e-05,2.4119817265335624e-05,0.004549800960532436,0.0030058632421708902,1.6354417424695235e-08
12.0,29,1,-651116.8349902974,-176246.37560167094,4614126.466617401,-32740.801106321553,-2.6433078163933556e-05,-1.8201990201197358e-05,6.483113906393322e-05,-5.675072191762401e-07,-1.2776903003403396e-05,-9.605864561612846e-06,2.2382767565016246e-05,-2.186329700458323e-07,-1.1956218140918759e-05,-9.041567644276832e-06,2.0997785785195595e-05,1.648330615739823e-09,2.245893688423614e-05,2.1067598560466884e-05,0.004264211173983578,0.0050097084900736,1.532795446577312e-08
12.0,30,1,-209058.48601038544,164579.27323720604,4993484.455060083,-62620.00730746018,-2.341970139332763e-05,-1.6943313566369383e-05,6.675770958522718e-05,-1.0854134599959765e-06,-7.575920502963412e-06,-6.053023319518293e-06,1.3628943822481706e-05,-2.552307158352562e-07,-1.0203215713592114e-05,-7.932933048135399e-06,1.8136148761727512e-05,-2.7914893800367027e-07,1.3660455285893106e-05,1.8191488554757616e-05,0.004549698742595635,0.005009781465620485,1.6354413154880816e-08
12.0,31,1,-325241.0391703197,1014517.456100292,5221667.704781674,-134691.74786515583,-2.9281287832465463e-05,-6.0588072477748616e-06,6.686513039603577e-05,-2.3346569629960343e-06,-6.371021545836722e-06,-2.6526930962032e-06,9.023714642039923e-06,-3.738197292913708e-07,-1.1960170420699488e-05,-4.760833083389318e-06,1.672100350408881e-05,-9.154337140248431e-07,9.285601919859243e-06,1.7311847635188673e-05,0.004264144706254202,0.007013768253032366,1.5328128116610352e-08
12.0,32,1,-92010.37231155415,-951584.2684455102,4428833.731328223,-107693.05035638361,-1.5135802815684897e-05,-3.0035083682006812e-05,6.322549498073788e-05,-1.8666795395106493e-06,-1.7831533899971767e-06,-3.0390717079367645e-06,4.822225097933942e-06,-1.5734967670108804e-07,-5.850043772005961e-06,-1.0692104218164765e-05,1.6542147990170728e-05,-6.964141887182103e-07,4.879820050978656e-06,1.6834832191678515e-05,0.004549633583533275,0.007013716256189888,1.635427675823507e-08
12.0,33,1,-528370.4382662647,913891.0322736832,5172009.765089689,139682.39976679333,-3.138854236633704e-05,-6.3893435436445845e-06,6.741804782516619e-05,2.4211615959577515e-06,-4.868658169365364e-05,-1.8635447839220996e-05,6.732202953287464e-05,2.960957752273558e-06,-2.4217123809153463e-05,-8.70806452608996e-06,3.2925188335243425e-05,1.568315930059434e-06,6.960830652754209e-05,3.4185151514505e-05,0.0042644630040412366,0.009017591205007438,1.532809922505878e-08
12.0,34,1,-159185.9804112052,-857438.4946904962,4560363.198694527,125482.44242673337,-1.6934178554832186e-05,-2.9037222135673245e-05,6.487134054966717e-05,2.175029002063378e-06,-2.1272764154746488e-05,-3.2884381516309666e-05,5.415714567105617e-05,2.04060919927246e-06,-1.2658697600411627e-05,-2.058613247973901e-05,3.324483008015065e-05,1.3489368000728707e-06,5.462206785771033e-05,3.3608032779441725e-05,0.004549942353948715,0.009017565040968777,1.6354290583025938e-08
13.0,1,1,-48868656.832548365,-101513021.43530573,-48868656.350499064,318344.1190216062,-6.740233261170233e-06,-0.0003531401523473137,-6.74023008928585e-06,2.0947043031621688e-06,0.0,0.0,0.0,0.0,0.0,0.0,0.0,0.0,0.0,0.0,0.0003435945568324108,0.0012505175435310288,3.7104095585832864e-09
13.0,2,1,-46059547.87428266,-89077168.3102576,-39933476.204999335,531978.835064857,-2.6460921037307316e-05,-0.00030951686350602246,1.384863054657694e-05,3.5004207347267594e-06,0.0,0.0,0.0,0.0,0.0,0.0,0.0,0.0,0.0,0.0,0.001030762776607738,0.0012505193418050045,1.1130363394414232e-08
13.0,3,1,-40557589.799099006,-65622668.267154,-23177656.765907258,785885.0142288767,-6.248343544325822e-05,-0.0002274116517630601,5.187652391514344e-05,5.171123393626008e-06,0.0,0.0,0.0,0.0,0.0,0.0,0.0,0.0,0.0,0.0,0.0017178715502950029,0.001250525938280657,1.8547898049051293e-08
13.0,4,1,-32378553.19968825,-31016006.312291645,1800629.408847008,723403.715190571,-0.0001157324704909987,-0.00010676691197192907,0.00010916655107316328,4.759996445953957e-06,0.0,0.0,0.0,0.0,0.0,0.0,0.0,0.0,0.0,0.0,0.002404884049159263,0.0012505360128495279,2.5961428316108505e-08
13.0,5,1,-21378834.419659827,14737838.292429058,35059453.42007219,467461.4632313982,-0.00018557389300405112,5.207381344149375e-05,0.00018579004098138557,3.0758964280626e-06,0.0,0.0,0.0,0.0,0.0,0.0,0.0,0.0,0.0,0.0,0.003091763345623074,0.001250536668694787,3.336937387870886e-08
13.0,6,1,-7515721.263412721,71100555.08266738,76398797.61994158,173320.39393464717,-0.0002706275835871858,0.0002466675147700213,0.00028152995066528557,1.1404481920899784e-06,0.0,0.0,0.0,0.0,0.0,0.0,0.0,0.0,0.0,0.0,0.003778472664665203,0.0012505667777422658,4.077015414666973e-08
13.0,7,1,-54569293.51046065,-99187012.73404405,-54569317.215388,-745505.4175053785,-2.9911466232200605e-05,-0.0003234960587233794,-2.9911622210622535e-05,-4.90542564718539e-06,0.0,0.0,0.0,0.0,0.0,0.0,0.0,0.0,0.0,0.0,0.00034358512025798476,0.003751573388733046,3.710310639317504e-09
13.0,8,1,-50652946.1147013,-87605522.3661232,-45071907.974224515,-1319441.6817205593,-4.363439063575709e-05,-0.00028678234237011324,-6.9111596714198665e-06,-8.68192626572128e-06,0.0,0.0,0.0,0.0,0.0,0.0,0.0,0.0,0.0,0.0,0.001030736742865327,0.0037515788872736445,1.113006269535574e-08
13.0,9,1,-43687752.4707827,-65761303.40295097,-27521021.186700016,-1494706.187149986,-7.10526895022649e-05,-0.0002162966546359322,3.5324402346999124e-05,-9.835166711446907e-06,0.0,0.0,0.0,0.0,0.0,0.0,0.0,0.0,0.0,0.0,0.001717833179651693,0.003751586152608486,1.8547345857181326e-08
13.0,10,1,-34089519.922197185,-32275756.118504003,-1389815.6629926339,-871691.76306878,-0.00011725599619622125,-0.00010532143036792011,9.79080578293447e-05,-5.735731800992572e-06,0.0,0.0,0.0,0.0,0.0,0.0,0.0,0.0,0.0,0.0,0.002404838203096538,0.0037515970352335467,2.5960542377118536e-08
13.0,11,1,-22211886.536969658,13409406.543089503,33304706.711321514,48780.47911726253,-0.00018486773162681769,4.952037683997159e-05,0.0001804314519469382,3.209755525915874e-07,0.0,0.0,0.0,0.0,0.0,0.0,0.0,0.0,0.0,0.0,0.0030917107418128127,0.0037516242071100386,3.3367980003354236e-08
13.0,12,1,-7932118.475722566,72439769.33197078,76906275.74190485,203072.53116593204,-0.0002756273435953363,0.00025321967817928584,0.00028260929035665204,1.3362172550718329e-06,0.0,0.0,0.0,0.0,0.0,0.0,0.0,0.0,0.0,0.0,0.0037784095600653976,0.0037516250405835424,4.0768064631494355e-08
13.0,13,1,-67324503.67400894,-68750366.42885034,-67324498.74575762,-4831334.5006858865,-0.0001216242313941641,-0.00013100640832102052,-0.00012162419896627047,-3.179018101451313e-05,0.0,0.0,0.0,0.0,0.0,0.0,0.0,0.0,0.0,0.0,0.00034355272975975047,0.006252904185218989,3.710342898574498e-09
13.0,14,1,-62232086.42133961,-61895494.76620879,-58036606.961754754,-10539597.941149497,-0.00012166771137651564,-0.00011945293828575483,-9.406145653244731e-05,-6.93505544527637e-05,0.0,0.0,0.0,0.0,0.0,0.0,0.0,0.0,0.0,0.0,0.0010306446990273972,0.006252862641618436,1.1130082374913661e-08
13.0,15,1,-53180858.61471386,-47976613.038788214,-40670677.1323016,-14895255.826393371,-0.00012584157460324743,-9.159763871365663e-05,-4.35245804489747e-05,-9.801078333766838e-05,0.0,0.0,0.0,0.0,0.0,0.0,0.0,0.0,0.0,0.0,0.0017176946757890296,0.006252800491809632,1.854717274965977e-08
13.0,16,1,-40313548.23239963,-25784801.539645817,-14714314.195722906,-16265779.728758525,-0.0001375791383001156,-4.197998506179547e-05,3.086382166121729e-05,-0.00010702883061523109,0.0,0.0,0.0,0.0,0.0,0.0,0.0,0.0,0.0,0.0,0.0024046724627689075,0.006252734490212617,2.5959907812685575e-08
13.0,17,1,-24517632.698571227,7673875.8533977065,20284730.653069533,-13320658.190390086,-0.00016676276177307438,4.505736449888122e-05,0.00012803678908072182,-8.764993089276676e-05,0.0,0.0,0.0,0.0,0.0,0.0,0.0,0.0,0.0,0.0,0.003091544680925945,0.006252674903401301,3.336667299582584e-08
13.0,18,1,-8084206.851538189,55115306.446335666,63983333.56252149,-5121582.743424438,-0.00022859688547168522,0.0001872559120283247,0.0002456075304528274,-3.37000144517328e-05,0.0,0.0,0.0,0.0,0.0,0.0,0.0,0.0,0.0,0.0,0.0037782660094218207,0.006252686852463509,4.0765773886102924e-08
13.0,19,1,-13224575.015236793,-21187627.361709736,-13225618.820290646,-3877014.3105822997,-1.1749946108623364e-05,-6.414683054841533e-05,-1.1756814345877707e-05,-2.551075416363153e-05,0.0,0.0,0.0,0.0,0.0,0.0,0.0,0.0,0.0,0.0,0.0003435913076233301,0.008754682672855826,3.711441837189359e-09
13.0,20,1,-14244333.182335364,-19262042.359810967,-8542073.963279381,-8576700.494270364,-2.7291162121194057e-05,-6.030768850898354e-05,1.0229703540194293e-05,-5.6434689252298996e-05,0.0,0.0,0.0,0.0,0.0,0.0,0.0,0.0,0.0,0.0,0.0010307555330979436,0.008754546360968276,1.1133078823513952e-08
13.0,21,1,-14942954.561247338,-15635288.86815172,701897.0068786182,-12674696.81161623,-5.1120013665425174e-05,-5.5675573404856025e-05,5.18231096528436e-05,-8.339950502043479e-05,0.0,0.0,0.0,0.0,0.0,0.0,0.0,0.0,0.0,0.0,0.0017178653359426381,0.008754310278658188,1.855127688548702e-08
13.0,22,1,-14836035.825445052,-8835350.555790342,15560181.032690495,-14631671.518348696,-8.480541128072749e-05,-4.532090220639951e-05,0.00011520169564580439,-9.627639859073442e-05,0.0,0.0,0.0,0.0,0.0,0.0,0.0,0.0,0.0,0.0,0.0024048906873687407,0.008753995035000598,2.596395632178967e-08
13.0,23,1,-12422031.311619848,1627926.8958793283,36781843.33979952,-12918219.049829673,-0.0001227975935304718,-3.0348868525127253e-05,0.00020096390167586762,-8.500188134787925e-05,0.0,0.0,0.0,0.0,0.0,0.0,0.0,0.0,0.0,0.0,0.0030917995053191716,0.00875366177317763,3.336918106002404e-08
13.0,24,1,-5204878.949729696,18606344.689362355,66203497.87641877,-5226806.596413541,-0.00016002394600258266,-3.3460944573569593e-06,0.0003098431735134742,-3.43923874044011e-05,0.0,0.0,0.0,0.0,0.0,0.0,0.0,0.0,0.0,0.0,0.003778567541890351,0.00875334063481539,4.076555149160796e-08
13.0,25,1,-530551.8881906078,-8961.54426020966,4858638.232247567,-34497.600604836436,-2.6472731927824196e-05,-1.7431832633030628e-05,6.693989682643749e-05,-5.979584104838316e-07,-4.229953933440933e-05,-3.174080230202905e-05,7.404034163643841e-05,-7.400972446135133e-07,-2.3085740775256084e-05,-1.803912817396058e-05,4.1124868949216667e-05,-5.806658849444728e-07,7.429832022372064e-05,4.12453750867274e-05,0.004264526518972847,0.0010018843446711265,1.5327997985906887e-08
13.0,26,1,-167837.4844949555,8269.951279039262,5035507.55241318,-67598.72339580988,-2.241294314136828e-05,-1.936041425461903e-05,6.777837083170605e-05,-1.1717112055273712e-06,-3.150169174393952e-05,-2.7890311271872012e-05,5.9392003015811535e-05,-1.3367030945052747e-06,-2.072163207211647e-05,-1.7562298938761263e-05,3.8283931010877725e-05,-1.1686376566477027e-06,5.945181691160165e-05,3.837014177475797e-05,0.004550002870725313,0.0010019337776307094,1.6354406781875073e-08
13.0,27,1,-406151.3910286643,-80680.1980751867,4885878.191357687,46213.273499878385,-2.463614385351219e-05,-1.899464317565192e-05,6.709236890785123e-05,8.010300739978918e-07,-3.77581373712792e-05,-3.094915005279738e-05,6.870728742407658e-05,7.729958053425307e-07,-1.9942300314019197e-05,-1.5915921921212337e-05,3.585822223523154e-05,3.265999664557577e-07,6.882815778484744e-05,3.594017536589077e-05,0.004264482275609918,0.0030058507425797525,1.5328004519461525e-08
13.0,28,1,-128163.3154406189,75230.28742364259,5075921.371206313,76261.83006885827,-2.2313450840394756e-05,-1.878796172408087e-05,6.78906837281521e-05,1.3218717211935434e-06,-2.830774533244061e-05,-2.5210508597488402e-05,5.351825392992901e-05,1.2096076418283352e-06,-1.7933793809224265e-05,-1.6809289555928193e-05,3.474308336515246e-05,8.374369768539617e-07,5.3567918111231366e-05,3.477650436467868e-05,0.004549960365817132,0.003005812441316178,1.6354419607949934e-08
13.0,29,1,-652584.5120708635,-220356.0919562704,4644851.092869365,-28925.742106255653,-2.63991068312639e-05,-1.8907147549277613e-05,6.542311032103341e-05,-5.013795298417646e-07,-2.695070872151691e-05,-2.0571994109344092e-05,4.752270283086101e-05,-4.3334049469161837e-07,-1.790646356349886e-05,-1.364520776245977e-05,3.155167132595863e-05,-8.850782628480925e-08,4.766821177377252e-05,3.165059326337145e-05,0.004264366028771564,0.005009632192064868,1.5327953251573042e-08
13.0,30,1,-208883.2017867493,205872.56642300752,5055782.270700519,-54340.81580872654,-2.383172870565077e-05,-1.6642628723348314e-05,6.742247281746189e-05,-9.419074740179265e-07,-1.9778266328564257e-05,-1.5582045600240097e-05,3.5360311928804354e-05,-6.055022997454375e-07,-1.6044843441796092e-05,-1.24947662302023e-05,2.8539609671998395e-05,-4.468492563946663e-07,3.5450319215617374e-05,2.862295317879357e-05,0.004549847971320287,0.005009703001253972,1.635442220575515e-08
13.0,31,1,-339317.7181829368,898093.3253390007,5222456.83245752,-130077.2776114357,-2.9006436873625244e-05,-7.557978785911667e-06,6.739765533747604e-05,-2.254672811931552e-06,-2.125788444133289e-05,-9.411599023662955e-06,3.066948346499585e-05,-1.228243988639284e-06,-1.8931529111123932e-05,-7.92596161077995e-06,2.6857490721903888e-05,-1.3155647490466839e-06,3.145616625552851e-05,2.769409110449545e-05,0.00426428230295581,0.007013650405804879,1.532811751268188e-08
13.0,32,1,-98390.6357195694,-842565.1289408919,4531078.353127884,-106374.12626569204,-1.606592803967556e-05,-2.8964952588845162e-05,6.417820110034697e-05,-1.8438181886053282e-06,-8.811114524499585e-06,-1.4105363811098013e-05,2.2916478335597594e-05,-7.345914058773488e-07,-9.807575211273232e-06,-1.6923686283244586e-05,2.673126149451782e-05,-1.021444531227311e-06,2.3135841464804897e-05,2.711503949728185e-05,0.004549766568698596,0.007013607218468137,1.6354294628759157e-08
13.0,33,1,-532478.0450444729,839724.2291324694,5211912.266743949,129744.15110029378,-3.1306253250765324e-05,-7.521413831698311e-06,6.826317882023403e-05,2.2488986190717593e-06,-6.97753613627159e-05,-2.7525739105419484e-05,9.73011004681354e-05,4.115668789251154e-06,-3.191685761076871e-05,-1.1954061536830188e-05,4.38709191475989e-05,1.990107734370025e-06,0.00010043238328086475,4.543940443681356e-05,0.004264641046668663,0.009017460605708223,1.5328096088161218e-08
13.0,34,1,-160672.24681127653,-788031.8631046799,4654232.948664809,117045.80840226915,-1.7607100966390877e-05,-2.848133431547654e-05,6.585125575519464e-05,2.028794012305999e-06,-3.182448236508063e-05,-4.8178973381984985e-05,8.000345574706563e-05,2.9249065456808625e-06,-1.7120604926815605e-05,-2.705371916250395e-05,4.4174324089319564e-05,1.7227427910169054e-06,8.063307975460926e-05,4.460717338649703e-05,0.004550113852525688,0.009017415615473503,1.6354304694832733e-08
14.0,1,1,-53801481.343536824,-111836727.733476,-53801480.81128617,332439.1100409732,-7.299037216959894e-06,-0.00038917095846275967,-7.299033714750544e-06,2.1874493440696035e-06,0.0,0.0,0.0,0.0,0.0,0.0,0.0,0.0,0.0,0.0,0.0003436201688251382,0.0012505664007517606,3.7111075589159384e-09
14.0,2,1,-50686296.43176288,-98067022.41323,-43904190.36419802,584399.8153802768,-2.9116965970478126e-05,-0.0003408821429285318,1.5509291954098663e-05,3.845350785202221e-06,0.0,0.0,0.0,0.0,0.0,0.0,0.0,0.0,0.0,0.0,0.0010308373986771023,0.0012505682171275083,1.1132364329477763e-08
14.0,3,1,-44594447.978477284,-72148545.83360747,-25379797.949865524,850806.0722911692,-6.88774567144991e-05,-0.00025018342060125566,5.755494047376628e-05,5.598303955675893e-06,0.0,0.0,0.0,0.0,0.0,0.0,0.0,0.0,0.0,0.0,0.0017179888617722518,0.0012505760842058773,1.8550945462026923e-08
14.0,4,1,-35556398.56850441,-33973711.32266876,2167296.48816571,791828.0577013337,-0.0001275278574040072,-0.00011711377532640864,0.00012069405606888213,5.2102286196747755e-06,0.0,0.0,0.0,0.0,0.0,0.0,0.0,0.0,0.0,0.0,0.002405034098575276,0.0012505854894871546,2.596511296303372e-08
14.0,5,1,-23435291.315906126,16329988.424522117,38709040.39175717,526379.9229881085,-0.00020413812210925188,5.751741858276595e-05,0.00020477158052717255,3.4635798932617535e-06,0.0,0.0,0.0,0.0,0.0,0.0,0.0,0.0,0.0,0.0,0.0030919327093027844,0.0012505896256368313,3.337315195531379e-08
14.0,6,1,-8202355.911068335,78051358.76576367,83923264.28765008,188638.15833957275,-0.0002969316839797354,0.00027061775859381923,0.0003092548969278317,1.2412390818743886e-06,0.0,0.0,0.0,0.0,0.0,0.0,0.0,0.0,0.0,0.0,0.003778645049864089,0.0012506170451288305,4.077337655381371e-08
14.0,7,1,-60019526.97370057,-109287994.84898436,-60019555.48567773,-800438.0993247491,-3.259170533973677e-05,-0.00035677822395910406,-3.259189294854643e-05,-5.266882693556849e-06,0.0,0.0,0.0,0.0,0.0,0.0,0.0,0.0,0.0,0.0,0.0003436098612114609,0.0037517217375734953,3.7109987255950528e-09
14.0,8,1,-55700935.26372886,-96467911.25036657,-49514239.88410397,-1444085.1635692425,-4.785287752618083e-05,-0.0003160995795182569,-7.1444219282490985e-06,-9.502080376285615e-06,0.0,0.0,0.0,0.0,0.0,0.0,0.0,0.0,0.0,0.0,0.0010308088699508226,0.0037517279158987404,1.1132032783872715e-08
14.0,9,1,-48015182.8470526,-72282461.25581668,-30116337.6884658,-1627660.5424315394,-7.828581190329663e-05,-0.0002379645038329644,3.948858924020447e-05,-1.071000636919953e-05,0.0,0.0,0.0,0.0,0.0,0.0,0.0,0.0,0.0,0.0,0.0017179468363313658,0.0037517352080885568,1.855033768415479e-08
14.0,10,1,-37427748.09123183,-35361859.33121138,-1320866.19268395,-956488.2587350329,-0.0001291800341284045,-0.00011558648608746999,0.00010840324876404053,-6.293692742476516e-06,0.0,0.0,0.0,0.0,0.0,0.0,0.0,0.0,0.0,0.0,0.0024049837555336225,0.003751748796304492,2.5964136591761037e-08
14.0,11,1,-24331897.7504755,14875132.106503602,36795411.461541876,39193.979189972546,-0.00020329894758988934,5.4683308869033145e-05,0.00019891874702518495,2.5789638307001935e-07,0.0,0.0,0.0,0.0,0.0,0.0,0.0,0.0,0.0,0.0,0.0030918750324175964,0.003751775214936805,3.337162171838917e-08
14.0,12,1,-8627388.705835953,79518582.36783668,84480425.75473768,223144.7751987654,-0.00030225537636284727,0.0002777451133019187,0.0003103940427877272,1.4682926208078762e-06,0.0,0.0,0.0,0.0,0.0,0.0,0.0,0.0,0.0,0.0,0.003778575868321545,0.003751781793912351,4.077109453206691e-08
14.0,13,1,-74094748.49149479,-75839415.87209451,-74094742.65337536,-5328527.0517645115,-0.00013357777198723153,-0.00014505768335157777,-0.00013357773357240563,-3.5061708000610486e-05,0.0,0.0,0.0,0.0,0.0,0.0,0.0,0.0,0.0,0.0,0.0003435741486982884,0.006253178960495486,3.71103345881388e-09
14.0,14,1,-68449496.41737589,-68180811.45352416,-63793391.19903319,-11596638.08240976,-0.00013372824189583887,-0.00013196029483369444,-0.00010309106955914387,-7.630587858225622e-05,0.0,0.0,0.0,0.0,0.0,0.0,0.0,0.0,0.0,0.0,0.0010307075766889866,0.006253133234880061,1.1132054177173725e-08
14.0,15,1,-58435834.86143743,-52762327.26463401,-44591410.869172566,-16389412.600854166,-0.00013836026805577275,-0.00010102858806880625,-4.7263958186669946e-05,-0.00010784233491362041,0.0,0.0,0.0,0.0,0.0,0.0,0.0,0.0,0.0,0.0,0.0017177943888602738,0.006253065762605514,1.8550146585869748e-08
14.0,16,1,-44232573.752994634,-28196208.528830733,-15950375.086971434,-17883918.98433891,-0.00015141126665200576,-4.5891983477007276e-05,3.4685600570426924e-05,-0.00011767618691695,0.0,0.0,0.0,0.0,0.0,0.0,0.0,0.0,0.0,0.0,0.002404801612862076,0.006252991592837168,2.5963443694248553e-08
14.0,17,1,-26849630.707139354,8573132.82087725,22490200.310283866,-14638568.85192928,-0.00018332821988293135,4.9753564131417926e-05,0.00014132786821171347,-9.632178304569467e-05,0.0,0.0,0.0,0.0,0.0,0.0,0.0,0.0,0.0,0.0,0.003091692436242862,0.006252929465624274,3.337018741631383e-08
14.0,18,1,-8810678.706763461,60457794.96655375,70265788.40213579,-5634844.437569035,-0.00025059665525634675,0.00020518990151408042,0.00026972649832021026,-3.707727639920425e-05,0.0,0.0,0.0,0.0,0.0,0.0,0.0,0.0,0.0,0.0,0.0037784181963983225,0.006252936800690167,4.076857406250887e-08
14.0,19,1,-14566415.500740252,-23373271.933028,-14567677.67349058,-4277229.796286279,-1.2885377125401904e-05,-7.083449244985529e-05,-1.289368222209906e-05,-2.8144172059563717e-05,0.0,0.0,0.0,0.0,0.0,0.0,0.0,0.0,0.0,0.0,0.0003436166051448608,0.008755129968315756,3.7122445850509966e-09
14.0,20,1,-15684884.336558126,-21258994.854194805,-9378214.921559662,-9464184.151047163,-3.0017630237098577e-05,-6.669527744314791e-05,1.1480254513591316e-05,-6.227433171389033e-05,0.0,0.0,0.0,0.0,0.0,0.0,0.0,0.0,0.0,0.0,0.0010308293444347965,0.008754979834297981,1.113535278280833e-08
14.0,21,1,-16435174.959143795,-17168459.653514627,872645.6820072886,-13965933.989427967,-5.642848872073737e-05,-6.125350200969746e-05,5.745697109803675e-05,-9.189584565043602e-05,0.0,0.0,0.0,0.0,0.0,0.0,0.0,0.0,0.0,0.0,0.0017179820423674408,0.008754718954598143,1.8554662783327855e-08
14.0,22,1,-16290140.241400996,-9678017.936861912,17255390.197760075,-16094959.804174311,-9.342294937922407e-05,-4.9915184615356896e-05,0.00012730664091045575,-0.00010590483551146696,0.0,0.0,0.0,0.0,0.0,0.0,0.0,0.0,0.0,0.0,0.0024050413150083416,0.008754373826458224,2.5967887467624224e-08
14.0,23,1,-13603536.595036644,1881222.5562353581,40584975.279112004,-14177917.59470725,-0.00013511427555503203,-3.3224560339662276e-05,0.00022144613257686602,-9.329069777317371e-05,0.0,0.0,0.0,0.0,0.0,0.0,0.0,0.0,0.0,0.0,0.0030919726301201515,0.008754004132898922,3.337293834376363e-08
14.0,24,1,-5661108.731550179,20381616.53999616,72725213.60966326,-5724404.923543019,-0.00017541433529421276,-4.053203007437889e-06,0.00034036766571097165,-3.7666584396913065e-05,0.0,0.0,0.0,0.0,0.0,0.0,0.0,0.0,0.0,0.0,0.0037787493452104007,0.00875365710589876,4.076832331985742e-08
14.0,25,1,-535570.2002990218,-7556.319707434159,4910265.178449468,-39720.0032261218,-2.67517714389551e-05,-1.759953084203423e-05,6.764270845935206e-05,-6.884800559194443e-07,-5.775075979348642e-05,-4.309493925515026e-05,0.00010084569904863669,-1.04831378355172e-06,-2.9553071202093883e-05,-2.2791566469206045e-05,5.2344637671299924e-05,-7.096750695000398e-07,0.00010121019888334834,5.250972981233853e-05,0.004264691682638077,0.0010018729669751282,1.5328001911007894e-08
14.0,26,1,-169156.2774541753,6927.813130846014,5081016.519269308,-67810.56720651967,-2.2607194362322964e-05,-1.9555070125515913e-05,6.83958007808841e-05,-1.1753831649130072e-06,-4.379558328800153e-05,-3.8987370299298485e-05,8.27829535873e-05,-1.7975981130882424e-06,-2.6513544941612246e-05,-2.2790355333548613e-05,4.930390027516085e-05,-1.3857726499335046e-06,8.285902243820617e-05,4.939776909061209e-05,0.0045501622370118285,0.0010019184188958682,1.6354410519231313e-08
14.0,27,1,-410559.4513609924,-67515.68392507406,4943448.656543566,49675.806303153426,-2.4977857908620522e-05,-1.903176593973128e-05,6.782494929505849e-05,8.610473092546591e-07,-5.2586198141011534e-05,-4.309863350086349e-05,9.568483164187504e-05,1.1608902337348204e-06,-2.6084592942256424e-05,-2.0948655760935943e-05,4.703324870319238e-05,4.872812490977001e-07,9.58537030648483e-05,4.7135085524385915e-05,0.004264648088453058,0.0030057962474143137,1.532800994164557e-08
14.0,28,1,-129920.23047286714,62882.812906261766,5116612.709882185,75203.20917451699,-2.245025183079203e-05,-1.9108332412220458e-05,6.848965246869558e-05,1.3035222923582944e-06,-4.0798802614705164e-05,-3.6373285375568986e-05,7.717208799027416e-05,1.727701611076551e-06,-2.3714438741333503e-05,-2.1975228336198808e-05,4.5689667077532314e-05,1.0772021475959456e-06,7.724174058663054e-05,4.5732338368495795e-05,0.004550120566694495,0.00300576142217798,1.6354421926958808e-08
14.0,29,1,-654411.269745396,-248899.3372299699,4681600.878034219,-25863.93323244419,-2.6456289759822275e-05,-1.9427416262888236e-05,6.603458746835774e-05,-4.4830817602903255e-07,-4.093044516281867e-05,-3.158967035051595e-05,7.252011551333463e-05,-6.223435970356098e-07,-2.3986885990186216e-05,-1.843729123927014e-05,4.242417722945636e-05,-1.7073218347681478e-07,7.272500472839478e-05,4.254892633417198e-05,0.004264521707238651,0.005009553726122733,1.5327953773114455e-08
14.0,30,1,-208775.63282411266,232572.8283010933,5111298.870699448,-47844.141761836225,-2.4159161900323673e-05,-1.650912190748676e-05,6.805546282741806e-05,-8.292984572051614e-07,-3.202216479116914e-05,-2.5012167183873777e-05,5.7034331975042924e-05,-9.105710444771381e-07,-2.207285999967079e-05,-1.7137486119580078e-05,3.9210346119250874e-05,-5.970575151679696e-07,5.7187990629563284e-05,3.9325027004523286e-05,0.004549998026778175,0.005009623722993793,1.6354429386388812e-08
14.0,31,1,-351061.72274011327,809827.7502200736,5232010.787878476,-126284.97345675243,-2.884817712226238e-05,-8.726092924285794e-06,6.792507972845983e-05,-2.1889395399170414e-06,-3.592250232751166e-05,-1.6503228581611082e-05,5.242573090912274e-05,-2.0520842563008406e-06,-2.5968139741999798e-05,-1.1328785235597242e-05,3.729692497759705e-05,-1.7108852680238877e-06,5.366778411303586e-05,3.8352028551268854e-05,0.004264421665780173,0.007013533369358512,1.5328110117940013e-08
14.0,32,1,-103679.73313831817,-759938.7875693312,4616255.109556843,-105128.49961188911,-1.6807661729794302e-05,-2.8182818673265202e-05,6.50045422102552e-05,-1.822227326606078e-06,-1.619533096328363e-05,-2.506711546333474e-05,4.126244642661837e-05,-1.3076637865451897e-06,-1.4007637788534908e-05,-2.315862571437248e-05,3.716626350290738e-05,-1.3473839209348933e-06,4.160957106641159e-05,3.762271096704541e-05,0.004549901229403447,0.007013497293290743,1.6354308803708507e-08
14.0,33,1,-536791.7478592992,781506.4226375124,5254814.337959704,122145.13929537724,-3.1302506347179524e-05,-8.452004725234794e-06,6.90853324736832e-05,2.1171824144532047e-06,-9.047889294055296e-05,-3.6713399997275623e-05,0.0001271922929378286,5.184492676697661e-06,-3.979170749933278e-05,-1.5448755922430718e-05,5.524046342176351e-05,2.3968135436662555e-06,0.00013107894777114365,5.709626530566478e-05,0.004264820414282356,0.009017326963579719,1.532809448345811e-08
14.0,34,1,-162128.41151690227,-733576.7215387635,4738316.814710006,110593.19809700543,-1.8180672526243668e-05,-2.8085776566622584e-05,6.676037806168942e-05,1.91694876701476e-06,-4.261556342897485e-05,-6.324407452411063e-05,0.00010585963795308549,3.7512704885151422e-06,-2.1826590412276812e-05,-3.362369411933485e-05,5.5450284531611664e-05,2.083003318995911e-06,0.00010662426787765951,5.594201032369391e-05,0.004550286687972976,0.00901726491512611,1.6354316651608573e-08
15.0,1,1,-58805634.55519878,-122305042.1117843,-58805633.96577451,347583.35885067884,-7.873304573450987e-06,-0.00042569940629578367,-7.873300695039276e-06,2.2870985012374666e-06,0.0,0.0,0.0,0.0,0.0,0.0,0.0,0.0,0.0,0.0,0.00034364604911978655,0.0012506156216681946,3.7118125177366422e-09
15.0,2,1,-55378206.65659932,-107177281.63480528,-47927919.347615674,636030.1124045076,-3.1824815730771483e-05,-0.0003726627290873667,1.719807476234091e-05,4.18507813962166e-06,0.0,0.0,0.0,0.0,0.0,0.0,0.0,0.0,0.0,0.0,0.0010309127823145677,0.001250617463710203,1.1134384311068528e-08
15.0,3,1,-48685202.92523802,-78751906.9625881,-27603696.132508416,915582.2419953679,-7.538416173593759e-05,-0.00027322307430170114,6.333215296022319e-05,6.02453115232952e-06,0.0,0.0,0.0,0.0,0.0,0.0,0.0,0.0,0.0,0.0,0.001718107317848609,0.001250626554450402,1.8554019446225058e-08
15.0,4,1,-38773303.401446015,-36955640.930700004,2550640.9123419523,859709.0026331291,-0.00013950661697822433,-0.00012754639792071559,0.00013240493660650045,5.65688523732599e-06,0.0,0.0,0.0,0.0,0.0,0.0,0.0,0.0,0.0,0.0,0.002405185515435976,0.0012506354306988194,2.5968825626829732e-08
15.0,5,1,-25514213.79152132,17953063.450394083,42412772.96494222,585062.4154746423,-0.00022294909049383794,6.306559375796538e-05,0.0002240104823636921,3.849710693823146e-06,0.0,0.0,0.0,0.0,0.0,0.0,0.0,0.0,0.0,0.0,0.003092103494578704,0.0012506427972411081,3.337695422570797e-08
15.0,6,1,-8895492.370494738,85075062.14788711,91526994.65040255,204954.23894249063,-0.00032350871159377134,0.0002948175371371812,0.00033727125300373275,1.3485988922415883e-06,0.0,0.0,0.0,0.0,0.0,0.0,0.0,0.0,0.0,0.0,0.0037788187646823077,0.0012506679783159816,4.077661730931235e-08
15.0,7,1,-65543463.05439493,-119533616.83479834,-65543496.83198979,-856422.9638794283,-3.529547567844939e-05,-0.00039055068755350386,-3.5295697935023557e-05,-5.635263102326638e-06,0.0,0.0,0.0,0.0,0.0,0.0,0.0,0.0,0.0,0.0,0.00034363486332493194,0.003751871182349844,3.711693651660004e-09
15.0,8,1,-60816449.20140221,-105448752.22344175,-54011483.442016006,-1568411.0504673354,-5.213507365558781e-05,-0.00034581562754060793,-7.35839895882656e-06,-1.0320144712075066e-05,0.0,0.0,0.0,0.0,0.0,0.0,0.0,0.0,0.0,0.0,0.0010308817426028598,0.0037518780358528404,1.113402158784362e-08
15.0,9,1,-52399233.34098856,-78881031.11089005,-32735975.359047607,-1761155.148812781,-8.564129648244132e-05,-0.0002598915258083931,4.374294103873017e-05,-1.1588400879188099e-05,0.0,0.0,0.0,0.0,0.0,0.0,0.0,0.0,0.0,0.0,0.0017180616035899726,0.0037518854107959085,1.85533553624725e-08
15.0,10,1,-40808100.97888605,-38470699.36126807,-1237487.871721767,-1041642.9067753976,-0.00014130156906630635,-0.00012592146642238,0.00011907306517883469,-6.854010326582116e-06,0.0,0.0,0.0,0.0,0.0,0.0,0.0,0.0,0.0,0.0,0.002405130631811106,0.003751901576538421,2.5967757807073466e-08
15.0,11,1,-26477485.406553116,16370330.659319662,40336988.80013567,29135.742056018225,-0.000221984991778705,5.995363793473787e-05,0.0002176542485013072,1.9171318272859992e-07,0.0,0.0,0.0,0.0,0.0,0.0,0.0,0.0,0.0,0.0,0.0030920406791081186,0.003751927516925927,3.337528606263014e-08
15.0,12,1,-9331656.809828244,86669975.92073955,92130569.23391435,242043.3572840931,-0.0003291631453934944,0.0003025275979736417,0.00033845830197433186,1.5926452909293325e-06,0.0,0.0,0.0,0.0,0.0,0.0,0.0,0.0,0.0,0.0,0.003778743438413863,0.003751939425369275,4.077414141971956e-08
15.0,13,1,-80958722.4588153,-83035143.76714869,-80958715.80363789,-5831634.12445036,-0.00014568331417223371,-0.00015934616638106739,-0.00014568327038116632,-3.837215253888337e-05,0.0,0.0,0.0,0.0,0.0,0.0,0.0,0.0,0.0,0.0,0.00034359578638356637,0.00625345584697675,3.7117308641346814e-09
15.0,14,1,-74749892.38347445,-74556610.72721253,-69624343.62122196,-12667848.02046167,-0.00014594355404684578,-0.00014467176074864236,-0.00011221744319122436,-8.335443997463778e-05,0.0,0.0,0.0,0.0,0.0,0.0,0.0,0.0,0.0,0.0,0.0010307710738714324,0.006253405914294475,1.1134044616025734e-08
15.0,15,1,-63755975.14991219,-57604223.11358378,-48552101.52990237,-17901949.782673877,-0.00015105288281285284,-0.0001105743544138119,-5.101139439318818e-05,-0.00011779482956999411,0.0,0.0,0.0,0.0,0.0,0.0,0.0,0.0,0.0,0.0,0.0017178950456101442,0.006253333010604104,1.855314627100496e-08
15.0,16,1,-48194948.681415096,-30625687.87989571,-17186180.954093352,-19521001.5532189,-0.00016543199064937276,-4.982625457537521e-05,3.8605700996404316e-05,-0.00012844819022018037,0.0,0.0,0.0,0.0,0.0,0.0,0.0,0.0,0.0,0.0,0.0024049318950362347,0.00625325074770796,2.5967006197052364e-08
15.0,17,1,-29203184.879436973,9497610.100279173,24735777.58492607,-15971029.658442818,-0.00020010467693980913,5.454655402672308e-05,0.00015481369607569967,-0.00010508937515255374,0.0,0.0,0.0,0.0,0.0,0.0,0.0,0.0,0.0,0.0,0.0030918413898315448,0.006253185757419419,3.337372394469113e-08
15.0,18,1,-9541503.693173192,65852099.848613046,76612601.00728323,-6152945.434674301,-0.00027280174581818204,0.00022328816548677137,0.00029409226311082114,-4.04863809601569e-05,0.0,0.0,0.0,0.0,0.0,0.0,0.0,0.0,0.0,0.0,0.0037785715129767332,0.006253188888827619,4.077138927734021e-08
15.0,19,1,-15931956.122436123,-25595969.79043625,-15933460.810713708,-4684254.900897043,-1.4043280262363678e-05,-7.763249019780451e-05,-1.405318111123019e-05,-3.082239724790254e-05,0.0,0.0,0.0,0.0,0.0,0.0,0.0,0.0,0.0,0.0,0.0003436421647900742,0.008755581096314437,3.713055777040797e-09
15.0,20,1,-17149577.65397201,-23284001.770890344,-10226573.726844748,-10365392.284419691,-3.280117898343861e-05,-7.316568967276124e-05,1.2752186857058783e-05,-6.820428123148157e-05,0.0,0.0,0.0,0.0,0.0,0.0,0.0,0.0,0.0,0.0,0.0010309039134269152,0.008755416910821167,1.1137649640190836e-08
15.0,21,1,-17950704.906239994,-18722572.89128901,1048910.666722957,-15275981.40113383,-6.182913821638561e-05,-6.690802955800813e-05,6.318833225371062e-05,-0.0001005159576194606,0.0,0.0,0.0,0.0,0.0,0.0,0.0,0.0,0.0,0.0,0.0017180998872810813,0.00875513094430508,1.8558079578258668e-08
15.0,22,1,-17764731.20795746,-10524002.606988877,18981193.856044047,-17577055.605858073,-0.00010218601821329447,-5.45420240189212e-05,0.00013960216870783544,-0.0001156570258865461,0.0,0.0,0.0,0.0,0.0,0.0,0.0,0.0,0.0,0.0,0.0024051933372208605,0.008754755371170047,2.5971849673259086e-08
15.0,23,1,-14799711.972089346,2141795.466648925,44440965.271585,-15451094.207174083,-0.0001475993218268563,-3.612420287995852e-05,0.0002422043344365209,-0.00010166819988320546,0.0,0.0,0.0,0.0,0.0,0.0,0.0,0.0,0.0,0.0,0.003092147232964874,0.008754349116179835,3.337671926113143e-08
15.0,24,1,-6122738.298671715,22174232.507796142,79315553.28861085,-6226758.508993128,-0.0001909675530516816,-4.77348514512312e-06,0.0003712164055926376,-4.0972070989174784e-05,0.0,0.0,0.0,0.0,0.0,0.0,0.0,0.0,0.0,0.0,0.0037789326198116356,0.008753975444247487,4.077110904702698e-08
15.0,25,1,-540635.2105117403,-8959.192522357916,4960710.197574118,-43824.2910713536,-2.701547349369691e-05,-1.7799755848547627e-05,6.834118024645798e-05,-7.596210452367954e-07,-7.320081471904391e-05,-5.446026701465293e-05,0.00012766108173369687,-1.3850210595675702e-06,-3.6220356816102004e-05,-2.7696138139120223e-05,6.391649495522224e-05,-8.549775506145302e-07,0.00012813189226115848,6.412746420264809e-05,0.0042648583782792975,0.0010018600539413148,1.5328005506110387e-08
15.0,26,1,-170530.08032858418,8217.618211751571,5127772.896365516,-68078.64670632058,-2.28176964626902e-05,-1.9719403021324374e-05,6.901955513334089e-05,-1.18002987624289e-06,-5.610097872584287e-05,-5.0087971119805905e-05,0.00010618894984564877,-2.2564539488501066e-06,-3.246618383085956e-05,-2.8160182257457984e-05,6.0626366088317543e-05,-1.6077391248473569e-06,0.00010628134589004213,6.07281330546547e-05,0.004550323086651484,0.001001902871100667,1.6354414590161205e-08
15.0,27,1,-415033.9991946353,-56140.81333365338,4999915.64798588,51903.28040505925,-2.530888599453739e-05,-1.9088070772947027e-05,6.855024122325826e-05,8.996568603543604e-07,-6.738647028829699e-05,-5.513902376884054e-05,0.00012252549405713755,1.5600364610392298e-06,-3.243932426475791e-05,-2.6118388030875538e-05,5.855771229563345e-05,6.586621520768721e-07,0.00012274557104548532,5.868153503747078e-05,0.004264814787935253,0.0030057426550496678,1.532801512188554e-08
15.0,28,1,-131669.84692209982,52207.77740551811,5157841.162037398,73995.81198833988,-2.2595793716733e-05,-1.9408581561720948e-05,6.90890637718983e-05,1.2825940744645575e-06,-5.319086442658647e-05,-4.751641321632705e-05,0.00010070727764291354,2.2302896258452906e-06,-2.963807926537875e-05,-2.7301853880223135e-05,5.693993314560189e-05,1.3174490691544938e-06,0.00010079512442951187,5.6991301603834305e-05,0.004550281608957131,0.003005710170854506,1.635442443932973e-08
15.0,29,1,-656591.9090318095,-266731.8904864886,4722470.875908503,-23425.176402644658,-2.6577514728778853e-05,-1.981994107399329e-05,6.665957354351991e-05,-4.0603639097917404e-07,-5.476178853823179e-05,-4.261690070798063e-05,9.737868924621245e-05,-7.909435101161519e-07,-3.0215212246230724e-05,-2.3402906108367314e-05,5.361811835459805e-05,-2.466693774777916e-07,9.763700206385645e-05,5.376692437699699e-05,0.004264678214649181,0.005009473414404088,1.5327955478139384e-08
15.0,30,1,-208760.18709104438,249231.22642733343,5162141.008412958,-42792.24174585405,-2.4428958100575108e-05,-1.6490440266256536e-05,6.866666262149429e-05,-7.417321902614701e-07,-4.426625779576234e-05,-3.437013942395191e-05,7.863639721971426e-05,-1.180305363037598e-06,-2.8275257170932132e-05,-2.187788763736836e-05,5.01531448083005e-05,-7.337081712969469e-07,7.885646577060212e-05,5.0301466464428815e-05,0.004550148907297384,0.005009543692513628,1.6354435275378473e-08
15.0,31,1,-361014.6247676343,743110.4325650001,5248816.787219759,-123236.93958574224,-2.878123720937417e-05,-9.643069548941839e-06,6.845584059840734e-05,-2.136106952819531e-06,-5.040502316761757e-05,-2.3840714696981154e-05,7.424573786459874e-05,-2.849621697684772e-06,-3.309591212321422e-05,-1.4940034825560226e-05,4.803594694877446e-05,-2.1034155466717428e-06,7.589339907529214e-05,4.929067618275825e-05,0.004264562613177257,0.007013416860254177,1.5328105224045545e-08
15.0,32,1,-108128.27011861186,-697509.8721637661,4688964.070358714,-104024.20868150641,-1.7407527061027958e-05,-2.7623474829810633e-05,6.574207350724572e-05,-1.803086283812778e-06,-2.3848649824543082e-05,-3.5936500569950056e-05,5.9785150394493135e-05,-1.8752535528479278e-06,-1.8420547852885084e-05,-2.9425933105263443e-05,4.784648095814852e-05,-1.6746417622566625e-06,6.023664300099659e-05,4.836310714034844e-05,0.004550037395917126,0.00701338651912632,1.6354320202826153e-08
15.0,33,1,-541285.009680537,735861.8208989247,5300318.39113334,116392.66995164815,-3.136185431053623e-05,-9.224642580492207e-06,6.989260463690431e-05,2.0174729458285674e-06,-0.00011085643046658955,-4.612400821999259e-05,0.00015698043868658216,6.186279297219435e-06,-4.786003921246402e-05,-1.9174856876840072e-05,6.70348960893041e-05,2.7935919241678812e-06,0.00016155456506452182,6.91628980930891e-05,0.004265001084682315,0.0090171907162989,1.5328094104645236e-08
15.0,34,1,-163566.20170514588,-690909.1476278657,4814876.730182973,105702.65402090175,-1.867675301962238e-05,-2.781736408228285e-05,6.76162577997717e-05,1.8321793363622963e-06,-5.358539691266951e-05,-7.811358916442519e-05,0.00013169898607709473,4.5319525495865946e-06,-2.6762125947487884e-05,-4.031384754081677e-05,6.707597348830466e-05,2.434144431415294e-06,0.0001325771842290036,6.761879611456483e-05,0.004550460827254483,0.009017113020069262,1.635432692558566e-08
16.0,1,1,-63880409.02619665,-132916731.70012158,-63880408.372860715,363573.96071200917,-8.46256381567123e-06,-0.0004627215670100972,-8.462559516720774e-06,2.39231666148502e-06,0.0,0.0,0.0,0.0,0.0,0.0,0.0,0.0,0.0,0.0,0.0003436721941944726,0.0012506651980704487,3.712524338314807e-09
16.0,2,1,-60134580.52909446,-116406731.2067509,-52004001.15609419,686945.2412442706,-3.4583945512177075e-05,-0.0004048546969711564,1.8915266762164717e-05,4.5200996873873e-06,0.0,0.0,0.0,0.0,0.0,0.0,0.0,0.0,0.0,0.0,0.001030988917383748,0.0012506670716046172,1.1136423056144924e-08
16.0,3,1,-52829214.19825746,-85431823.41260841,-29848879.571294386,980185.3923912202,-8.200256027672088e-05,-0.0002965277289071501,6.920804156869614e-05,6.449619881934229e-06,0.0,0.0,0.0,0.0,0.0,0.0,0.0,0.0,0.0,0.0,0.0017182269019430352,0.0012506773483053153,1.8557119549322198e-08
16.0,4,1,-42028753.147480845,-39961258.012575984,2950762.9373913556,927137.4936049458,-0.00015166718351861255,-0.00013806306553093851,0.00014429803231984657,6.100564707920543e-06,0.0,0.0,0.0,0.0,0.0,0.0,0.0,0.0,0.0,0.0,0.0024053382782888676,0.0012506858131118084,2.5972565756937266e-08
16.0,5,1,-27615299.505132943,19606886.367942896,46170203.51408651,643683.9291340203,-0.00024200429953927116,6.871768350556784e-05,0.0002435043103271928,4.2354402537018536e-06,0.0,0.0,0.0,0.0,0.0,0.0,0.0,0.0,0.0,0.0,0.003092275676439489,0.0012506962050420917,3.3380780109377387e-08
16.0,6,1,-9595067.507679008,92170649.83719075,99208907.61091883,222207.157965207,-0.0003503550383064082,0.0003192633818228349,0.0003655751179739656,1.4621230994110621e-06,0.0,0.0,0.0,0.0,0.0,0.0,0.0,0.0,0.0,0.0,0.0037789937835191944,0.00125071952454627,4.077987590339436e-08
16.0,7,1,-71140438.71661288,-129922436.6547794,-71140478.22510287,-913294.4668608267,-3.8022788072850355e-05,-0.00042480833450598616,-3.802304803871454e-05,-6.00947759194424e-06,0.0,0.0,0.0,0.0,0.0,0.0,0.0,0.0,0.0,0.0,0.000343660123270988,0.003752021699352066,3.712395323213976e-09
16.0,8,1,-65998891.87480286,-114546965.68939453,-58563141.78450625,-1692501.4178298498,-5.648048956525105e-05,-0.0003759268152652643,-7.553253971099326e-06,-1.113665932932041e-05,0.0,0.0,0.0,0.0,0.0,0.0,0.0,0.0,0.0,0.0,0.0010309553502368387,0.003752029225298938,1.1136028826737208e-08
16.0,9,1,-56839364.90447648,-85556019.94107637,-35379586.97093674,-1895156.2148059534,-9.311856560140168e-05,-0.00028207415574222895,4.808677320128981e-05,-1.2470127893423173e-05,0.0,0.0,0.0,0.0,0.0,0.0,0.0,0.0,0.0,0.0,0.001718177465262718,0.0037520367296215665,1.8556398466420557e-08
16.0,10,1,-44230084.95482487,-41601941.45476678,-1139660.0377290845,-1127206.715943627,-0.00015361869441598089,-0.00013632551018559865,0.00012991630153850938,-7.4170201909090655e-06,0.0,0.0,0.0,0.0,0.0,0.0,0.0,0.0,0.0,0.0,0.0024052788101668185,0.0037520553677497645,2.5971405469559125e-08
16.0,11,1,-28648160.58611563,17894886.744463746,43929093.31853851,18493.070675418683,-0.00024092269143012168,6.533056000509056e-05,0.0002366356392625025,1.2168440504425494e-07,0.0,0.0,0.0,0.0,0.0,0.0,0.0,0.0,0.0,0.0,0.003092207658154292,0.0037520810603039944,3.337897248731666e-08
16.0,12,1,-10044540.291684695,93893000.21565875,99855742.27545463,259844.34364123555,-0.0003563457145943826,0.0003275633019439373,0.0003667981446973941,1.70977578115933e-06,0.0,0.0,0.0,0.0,0.0,0.0,0.0,0.0,0.0,0.0,0.0037789122457652447,0.0037520979566037374,4.0777204875591756e-08
16.0,13,1,-87915713.81043509,-90336759.87022552,-87915706.46770746,-6340704.573218731,-0.00015793967223824137,-0.00017387015531166236,-0.00015793962392309348,-4.172183609177925e-05,0.0,0.0,0.0,0.0,0.0,0.0,0.0,0.0,0.0,0.0,0.00034361763934799295,0.0062537348043861605,3.7124350173466087e-09
16.0,14,1,-81132601.15870664,-81021792.94902092,-75528774.47933573,-13753030.967485957,-0.00015831310925672963,-0.0001575839912369977,-0.00012143992970646912,-9.049494376605759e-05,0.0,0.0,0.0,0.0,0.0,0.0,0.0,0.0,0.0,0.0,0.0010308351815286549,0.006253680637858096,1.113605341965424e-08
16.0,15,1,-69140759.75669357,-62501753.49022962,-52552423.86261826,-19432727.668340653,-0.00016391819856596818,-0.0001202335373326354,-5.476694838295267e-05,-0.00012786734805768149,0.0,0.0,0.0,0.0,0.0,0.0,0.0,0.0,0.0,0.0,0.0017179966302942789,0.006253602204019935,1.8556171367325865e-08
16.0,16,1,-52200383.30995698,-33072499.857666537,-18421590.75200177,-21176862.683888257,-0.00017964125338650898,-5.3779780270437855e-05,4.2623201644836315e-05,-0.0001393437564599847,0.0,0.0,0.0,0.0,0.0,0.0,0.0,0.0,0.0,0.0,0.0024050632894627782,0.006253511899801712,2.5970594788214878e-08
16.0,17,1,-31578354.191430323,10447130.829412889,27020881.250097934,-17317924.351368785,-0.00021709123004277873,5.943646139436963e-05,0.00016849173916247723,-0.0001139519422320066,0.0,0.0,0.0,0.0,0.0,0.0,0.0,0.0,0.0,0.0,0.0030919915162128477,0.006253443768628029,3.3377281984510956e-08
16.0,18,1,-10277062.608954512,71297304.6518012,83022445.41503778,-6675951.2352414215,-0.00029521051815037814,0.00024154881842539436,0.00031870024464749117,-4.392775912788855e-05,0.0,0.0,0.0,0.0,0.0,0.0,0.0,0.0,0.0,0.0,0.0037787259333270278,0.00625344303276535,4.077421903074048e-08
16.0,19,1,-17321043.41321913,-27855173.018184885,-17322815.597992655,-5097992.304350089,-1.5223995052535143e-05,-8.453856785320979e-05,-1.523565602834493e-05,-3.354478936262359e-05,0.0,0.0,0.0,0.0,0.0,0.0,0.0,0.0,0.0,0.0,0.00034366798336216207,0.008756035993674265,3.7138753083300568e-09
16.0,20,1,-18638273.040014777,-25337026.351423364,-11087140.47182385,-11280217.618999675,-3.564118161934329e-05,-7.971897840841178e-05,1.4045270679353011e-05,-7.422383193301786e-05,0.0,0.0,0.0,0.0,0.0,0.0,0.0,0.0,0.0,0.0,0.0010309792291094554,0.008755857531694076,1.1139969075486659e-08
16.0,21,1,-19489359.470308024,-20297002.95473833,1230813.5303863212,-16604614.495787296,-6.732221806106393e-05,-7.263651218861536e-05,6.901652028350483e-05,-0.0001092583633822804,0.0,0.0,0.0,0.0,0.0,0.0,0.0,0.0,0.0,0.0,0.0017182188544575228,0.008755546181667535,1.8561526797992677e-08
16.0,22,1,-19259592.394569565,-11373358.02811462,20737302.566131793,-19077680.211542726,-0.00011109299434291494,-5.920157221164143e-05,0.00015208657449849997,-0.00012553113579195113,0.0,0.0,0.0,0.0,0.0,0.0,0.0,0.0,0.0,0.0,0.0024053467308457555,0.008755139632238576,2.597584234658657e-08
16.0,23,1,-16010325.1094926,2409968.999054972,48349404.519766554,-16737466.563656654,-0.000160251435707201,-3.9045900472957995e-05,0.0002632355852533242,-0.00011013252998886078,0.0,0.0,0.0,0.0,0.0,0.0,0.0,0.0,0.0,0.0,0.0030923232891541647,0.008754696645322874,3.3380523274556654e-08
16.0,24,1,-6589617.468613349,23983636.95642351,85973510.26426657,-6733702.493318155,-0.00020668037995175706,-5.508365835014529e-06,0.00040238500053059277,-4.430776240603346e-05,0.0,0.0,0.0,0.0,0.0,0.0,0.0,0.0,0.0,0.0,0.00377911733722758,0.00875429564916736,4.07739082179072e-08
16.0,25,1,-545688.0151117749,-11773.08475144906,5010544.623960165,-46955.36939773601,-2.7270926358325218e-05,-1.8016400898746215e-05,6.903710605225512e-05,-8.138930695607575e-07,-8.862851711393206e-05,-6.583039779557435e-05,0.00015445891490950645,-1.7418869014945836e-06,-4.308927286422825e-05,-3.275849193362238e-05,7.584776479785065e-05,-1.0138660664940926e-06,0.0001550350821571069,7.610564229526312e-05,0.0042650265273532495,0.001001845887761984,1.5328008936945944e-08
16.0,26,1,-171925.00318946294,10829.761940553552,5175139.304046063,-68314.16973789316,-2.303620963980599e-05,-1.9868460377552348e-05,6.964623835227648e-05,-1.1841122754568146e-06,-6.841252348166445e-05,-6.117886003558192e-05,0.00012959138351724636,-2.712732978121559e-06,-3.858466382921414e-05,-3.367203077751842e-05,7.225669460673255e-05,-1.8344958152672367e-06,0.00012970031589375517,7.23666796489199e-05,0.004550485343206828,0.0010018871426020278,1.6354418827798103e-08
16.0,27,1,-419585.09457044606,-46712.19843012118,5055216.05681576,53255.62667399628,-2.5628483361148517e-05,-1.916535316138287e-05,6.926806992954576e-05,9.230975290159355e-07,-8.215355013721306e-05,-6.708126879901459e-05,0.00014923481893622768,1.963501172632837e-06,-3.9007334041728226e-05,-3.142998530539752e-05,7.043731934712576e-05,8.381131545743371e-07,0.0001495086982355502,7.058507194551078e-05,0.0042649824206659175,0.0030056897141136174,1.5328020041396776e-08
16.0,28,1,-133424.83030184126,43352.63981729862,5199684.203544359,72775.67402112512,-2.275114511080451e-05,-1.968700229540609e-05,6.968941147586295e-05,1.2614450163661687e-06,-6.549406574162865e-05,-5.863541057198565e-05,0.0001241294763136143,2.7177936190177986e-06,-3.5709187072970714e-05,-3.2788606522177966e-05,6.849779359514868e-05,1.5580120148988916e-06,0.0001242340603568743,6.85574211788169e-05,0.00455044354035972,0.0030056586717367864,1.6354427163577682e-08
16.0,29,1,-659101.9553287344,-277265.63911937317,4766071.738085036,-21493.594554976586,-2.6743250466912464e-05,-2.0124754319283525e-05,6.72930935522596e-05,-3.725556389529275e-07,-6.847673974815599e-05,-5.3626430047490916e-05,0.0001221031697956469,-9.433713917743999e-07,-3.6604814511192384e-05,-2.8532085523340645e-05,6.513690003453302e-05,-3.1769641047085645e-07,0.00012241139802743285,6.530896093408966e-05,0.004264835567113932,0.005009391509641909,1.532795797615231e-08
16.0,30,1,-208845.4887028411,259045.64397306344,5209745.0153519055,-38903.0476339612,-2.4659769153337757e-05,-1.654965618695542e-05,6.926246625027786e-05,-6.743194923219938e-07,-5.648391644442071e-05,-4.367445076906969e-05,0.00010015836721349042,-1.422636739898279e-06,-3.4644245397451155e-05,-2.6728170369684295e-05,6.137241576713546e-05,-8.600460249109529e-07,0.00010044587790082486,6.15558945953561e-05,0.004550300623116038,0.0050094629542883455,1.6354440276183775e-08
16.0,31,1,-369579.8509973984,692880.1862678481,5271477.851395979,-120848.54392174614,-2.878516349728728e-05,-1.0369189518023013e-05,6.899317001086458e-05,-2.0947080946435997e-06,-6.473758506486219e-05,-3.135846620100108e-05,9.60960512658633e-05,-3.6248236467711778e-06,-4.033590853755131e-05,-1.873758018353356e-05,5.907348872108488e-05,-2.4950134914340846e-06,9.811316475635167e-05,6.05148443386919e-05,0.0042647050084817315,0.007013300639313316,1.532810227006183e-08
16.0,32,1,-111925.45680036861,-650534.9952774749,4752469.253966266,-103094.97872990381,-1.7900076458760074e-05,-2.7235975125696586e-05,6.641609852786159e-05,-1.7869796313183325e-06,-3.170386760991859e-05,-4.6725939003735035e-05,7.842980661365363e-05,-2.436848220257029e-06,-2.302392206449294e-05,-3.574885021442576e-05,5.87727722789187e-05,-2.003739509107002e-06,7.896933149307715e-05,5.9340987841381134e-05,0.0045501749408701,0.007013274917424253,1.63543295080335e-08
16.0,33,1,-545927.9511025939,700127.1513191159,5347998.33735429,112097.48841175048,-3.1471541302728204e-05,-9.873252860751897e-06,7.06898476971911e-05,1.9430231324703412e-06,-0.0001309553637956434,-5.570082264770546e-05,0.00018665618644334887,7.135641839160926e-06,-5.613777685662826e-05,-2.3119094122226645e-05,7.92568709788549e-05,3.1846713253107284e-06,0.00019186557185392545,8.164650480431753e-05,0.0042651830527857,0.009017052201710184,1.5328094701610308e-08
16.0,34,1,-164992.12550165062,-657533.0238914564,4885609.525296882,102041.82601020735,-1.9112201012310376e-05,-2.764957658440034e-05,6.843156093486419e-05,1.768724984176927e-06,-6.468736483142563e-05,-9.281543336670871e-05,0.00015750279819813436,5.276595241700312e-06,-3.191618865806727e-05,-4.713920731848816e-05,7.905539597655541e-05,2.779756164460917e-06,0.00015847884366677678,7.964364422988939e-05,0.004550636256184776,0.00901695997766133,1.635433588191525e-08
17.0,1,1,-69025540.0352111,-143671361.0727698,-69025539.31133243,380265.2798014729,-9.066597569173996e-06,-0.00050023609999631,-9.06659280605243e-06,2.5021455410936917e-06,0.0,0.0,0.0,0.0,0.0,0.0,0.0,0.0,0.0,0.0,0.00034369860246610633,0.0012507151258119961,3.7132429773735906e-09
17.0,2,1,-64955159.44412847,-125754897.71797433,-56132178.331573464,737231.2016617467,-3.7394217062356805e-05,-0.0004374564949042626,2.06609986582551e-05,4.850981306934293e-06,0.0,0.0,0.0,0.0,0.0,0.0,0.0,0.0,0.0,0.0,0.0010310657993693978,0.0012507170355237859,1.1138480436929473e-08
17.0,3,1,-57026249.806301706,-92187986.45140316,-32115195.64374152,1044577.7907546827,-8.87322213211799e-05,-0.0003200964484459475,7.51825150684661e-05,6.873321863165812e-06,0.0,0.0,0.0,0.0,0.0,0.0,0.0,0.0,0.0,0.0,0.0017183476065265805,0.0012507284670851414,1.8560245564137936e-08
17.0,4,1,-45322550.11859435,-42990263.6868926,3367780.0028285906,994147.3080069128,-0.00016400922637215058,-0.00014866278165155306,0.00015637314582681228,6.541489286685486e-06,0.0,0.0,0.0,0.0,0.0,0.0,0.0,0.0,0.0,0.0,0.002405492377186074,0.0012507366202931104,2.5976333075624075e-08
17.0,5,1,-29738429.07146384,21291486.48288483,49981242.846215695,702378.3239410525,-0.000261303057697298,7.447378665031622e-05,0.0002632523835210333,4.621649371532125e-06,0.0,0.0,0.0,0.0,0.0,0.0,0.0,0.0,0.0,0.0,0.003092449242502846,0.0012507498693732728,3.338462928159217e-08
17.0,6,1,-10301075.303094909,99337646.91726375,106968500.10241514,240354.39308018598,-0.00037746908880656715,0.0003439537034033927,0.00039416471736168895,1.5815319064676237e-06,0.0,0.0,0.0,0.0,0.0,0.0,0.0,0.0,0.0,0.0,0.0037791700932304603,0.0012507716430525376,4.078315204980602e-08
17.0,7,1,-76810236.05631632,-140453956.3130714,-76810281.76750113,-970917.7389993228,-4.0773684114277005e-05,-0.0004595493634037253,-4.077398489387309e-05,-6.388638722615544e-06,0.0,0.0,0.0,0.0,0.0,0.0,0.0,0.0,0.0,0.0,0.00034368563968856854,0.0037521732763414755,3.7131036993192588e-09
17.0,8,1,-71248043.53723048,-123762209.18329185,-63169012.56296896,-1816422.8221527294,-6.088888732706033e-05,-0.0004064320972781441,-7.7288635164195e-06,-1.1952062169764959e-05,0.0,0.0,0.0,0.0,0.0,0.0,0.0,0.0,0.0,0.0,0.001031029688104417,0.0037521814732374035,1.1138054369221054e-08
17.0,9,1,-61335330.919308946,-92306870.81522012,-38046882.06120523,-2029652.8735986568,-0.00010071772505179267,-0.00030451045756688816,5.252026843452976e-05,-1.3355115908279162e-05,0.0,0.0,0.0,0.0,0.0,0.0,0.0,0.0,0.0,0.0,0.0017182944138917186,0.003752189146540126,1.855946677877625e-08
17.0,10,1,-47693444.66296206,-44755443.69088277,-1027313.208499074,-1213246.5673739396,-0.0001661304674137869,-0.00014679842101750527,0.00014093267755657942,-7.983162413320522e-06,0.0,0.0,0.0,0.0,0.0,0.0,0.0,0.0,0.0,0.0,0.002405428279796064,0.0037522101701929983,2.597507928761748e-08
17.0,11,1,-30843630.011230685,19448755.05789697,47571605.65269845,7162.778410389536,-0.0002601103199788942,7.08135737759658e-05,0.0002558619306897595,4.713108194036314e-08,0.0,0.0,0.0,0.0,0.0,0.0,0.0,0.0,0.0,0.0,0.003092375957934393,0.003752235808956122,3.33826807112898e-08
17.0,12,1,-10765760.057494976,101187257.25824812,107655559.19845422,276608.2916627598,-0.0003838004502890645,0.0003528504036485249,0.00039541183041508107,1.8200825591409593e-06,0.0,0.0,0.0,0.0,0.0,0.0,0.0,0.0,0.0,0.0,0.003779082278030377,0.0037522574123756607,4.078028468407904e-08
17.0,13,1,-94965522.83839488,-97744093.62278333,-94965514.97472942,-6855815.586105318,-0.0001703464326079043,-0.0001886294283691802,-0.00017034638086498553,-4.5111266556572986e-05,0.0,0.0,0.0,0.0,0.0,0.0,0.0,0.0,0.0,0.0,0.0003436397059625756,0.006254015812291178,3.713145875975196e-09
17.0,14,1,-87597412.57224739,-87575837.09322545,-81506398.05384615,-14852104.30575921,-0.0001708371313288638,-0.00017069516467689948,-0.00013075825579778367,-9.77268463318956e-05,0.0,0.0,0.0,0.0,0.0,0.0,0.0,0.0,0.0,0.0,0.0010308998956174997,0.006253957383711665,1.1138080464669805e-08
17.0,15,1,-74590016.45700172,-67454660.37808365,-56592194.521862164,-20981708.95747147,-0.0001769560515430942,-0.0001300054085438133,-5.853038320987592e-05,-0.00013805964494016228,0.0,0.0,0.0,0.0,0.0,0.0,0.0,0.0,0.0,0.0,0.001718099134997734,0.00625387332847516,1.8559221645627725e-08
17.0,16,1,-56248793.956293486,-35536137.50968942,-19656499.59791422,-22851432.62700973,-0.00019403960315145366,-5.7750323732798924e-05,4.67376937266819e-05,-0.00015036242668572402,0.0,0.0,0.0,0.0,0.0,0.0,0.0,0.0,0.0,0.0,0.002405195786062563,0.006253775015928913,2.5974209192328286e-08
17.0,17,1,-33975256.33100267,11421591.612362586,29345159.03106305,-18679223.30341633,-0.0002342877476716258,6.442351179571753e-05,0.00018236058541076656,-0.00012290928933647946,0.0,0.0,0.0,0.0,0.0,0.0,0.0,0.0,0.0,0.0,0.0030921428015648704,0.00625370350243319,3.338086121578364e-08
17.0,18,1,-11017663.816417053,76792927.26083222,89494588.73869185,-7203945.874218927,-0.0003178225943613333,0.0002599710949269669,0.0003435480274512833,-4.740196385236054e-05,0.0,0.0,0.0,0.0,0.0,0.0,0.0,0.0,0.0,0.0,0.0037788814435539735,0.006253699175118397,4.0777063032285784e-08
17.0,19,1,-18733638.869145207,-30150568.373232976,-18735704.387882132,-5518387.365328019,-1.6427883383164172e-05,-9.155127952006167e-05,-1.644147449645313e-05,-3.631098886385836e-05,0.0,0.0,0.0,0.0,0.0,0.0,0.0,0.0,0.0,0.0,0.000343694059558465,0.008756494630000049,3.714703135852635e-09
17.0,20,1,-20150952.630101938,-27418141.32179657,-11959975.016973408,-12208622.99920789,-3.853733933525312e-05,-8.63554409266038e-05,1.535929335913261e-05,-8.03327393347879e-05,0.0,0.0,0.0,0.0,0.0,0.0,0.0,0.0,0.0,0.0,0.0010310552864242668,0.008756301669144304,1.1142310950002452e-08
17.0,21,1,-21051097.502059355,-21891334.630947337,1418409.3199279755,-17951724.10043492,-7.29082655188862e-05,-7.843702582696908e-05,7.494108936979044e-05,-0.00011812234458086177,0.0,0.0,0.0,0.0,0.0,0.0,0.0,0.0,0.0,0.0,0.0017183389368076753,0.00875596463235392,1.8565004244995246e-08
17.0,22,1,-20774650.726828165,-12226155.81817232,22523613.032470904,-20596686.846728537,-0.00012014323603273258,-6.389413953377713e-05,0.00016475933950345527,-0.00013552619945147377,0.0,0.0,0.0,0.0,0.0,0.0,0.0,0.0,0.0,0.0,0.0024055014847553734,0.008755526596298755,2.5979865191821885e-08
17.0,23,1,-17235256.350405917,2686039.0880060494,52310238.98538533,-18036865.298295025,-0.00017307040110798796,-4.198827712323722e-05,0.00028453895820151843,-0.00011868257366278125,0.0,0.0,0.0,0.0,0.0,0.0,0.0,0.0,0.0,0.0,0.003092500787083387,0.008755046671486619,3.3384350092351554e-08
17.0,24,1,-7061644.909823164,25809455.598059993,92698608.40350528,-7245123.864773381,-0.00022255096567158896,-6.259124329717762e-06,0.0004338715011301122,-4.7672915030208844e-05,0.0,0.0,0.0,0.0,0.0,0.0,0.0,0.0,0.0,0.0,0.0037793034829086214,0.008754617733540646,4.077672057233371e-08
17.0,25,1,-550696.5484337104,-15132.316570846364,5060109.959644834,-49257.03910956393,-2.7522531218078754e-05,-1.823941786578911e-05,6.973144825528266e-05,-8.53788677899108e-07,-0.00010401968523388673,-7.719824241729517e-05,0.00018121792765118195,-2.11194586586559e-06,-5.016259042255857e-05,-3.7982811911944424e-05,8.814540233450304e-05,-1.1839338820350978e-06,0.0001818981248186278,8.845108885460165e-05,0.004265196073077923,0.0010018306948571085,1.5328012304822267e-08
17.0,26,1,-173321.00079180114,13952.745415560901,5222712.329353214,-68472.11267793708,-2.3257606976299125e-05,-2.0011528708704833e-05,7.027363741288114e-05,-1.1868499530842428e-06,-8.0723828121789e-05,-7.225133574415617e-05,0.00015297516386594514,-3.165678862509099e-06,-4.487275843592213e-05,-3.932738357739929e-05,8.42001420133214e-05,-2.0658412332461602e-06,0.00015310087776087647,8.431869834636477e-05,0.004550648951296142,0.0010018712398348474,1.6354423127921537e-08
17.0,27,1,-424209.06237063766,-39191.89089278295,5109379.134149346,53990.05365287341,-2.5936869804634755e-05,-1.9263238832351934e-05,6.997865893504496e-05,9.358275966498053e-07,-9.688205986451402e-05,-7.893542188781357e-05,0.00017581748175232766,2.366567317374665e-06,-4.578935835370795e-05,-3.688845704015402e-05,8.267781539386199e-05,1.023712751480289e-06,0.00017614717705935625,8.285126954165147e-05,0.004265151031549509,0.0030056372217108444,1.5328024705972925e-08
17.0,28,1,-135190.25156919681,36282.38714283914,5242138.3510265,71621.56538975525,-2.2916219640266646e-05,-1.9944027235924708e-05,7.029080947139213e-05,1.2414404667557577e-06,-7.771810516033175e-05,-6.972617467234185e-05,0.00014744427983267363,3.1911350066933866e-06,-4.1932368157593025e-05,-3.8434843684820166e-05,8.036721184241321e-05,1.798987648243839e-06,0.0001475644462079909,8.043477229226684e-05,0.004550606406521674,0.0030056069093254935,1.6354430095902662e-08
17.0,29,1,-661908.8567073033,-282884.1875149079,4811412.946223621,-19971.153224993508,-2.693956645759891e-05,-2.0369805524930708e-05,6.79313447932038e-05,-3.461666558998874e-07,-8.209735363637991e-05,-6.46006819983602e-05,0.00014669803563474012,-1.0829759369078203e-06,-4.316589277957295e-05,-3.381840027315539e-05,7.698429305272833e-05,-3.849542817585025e-07,0.00014705420295086735,7.717944629915277e-05,0.004264993785700304,0.005009308210954991,1.5327960993983013e-08
17.0,30,1,-209031.05632621306,264250.2071948075,5255097.27242993,-35945.351588318525,-2.4864470669515143e-05,-1.6660928768484114e-05,6.984708702892473e-05,-6.230527608641878e-07,-6.865826519419098e-05,-5.293753270018237e-05,0.00012159579789437335,-1.6438742965524302e-06,-4.117502298471645e-05,-3.169723849794937e-05,7.287226148266585e-05,-9.787363689650863e-07,0.00012195061895448201,7.309184813152417e-05,0.004550453190385847,0.005009381540717828,1.635444466975053e-08
17.0,31,1,-377061.1292650248,655277.0358925911,5298791.863279235,-119035.68867034702,-2.8843757320220974e-05,-1.0949895790822304e-05,6.953769455054622e-05,-2.0632852702860146e-06,-7.894517827261387e-05,-3.900676875326009e-05,0.00011795194702587398,-4.3812236141421465e-06,-4.770528629826076e-05,-2.2704704139956718e-05,7.040999043821747e-05,-2.8873613069114245e-06,0.00012031191376707967,7.202918166174795e-05,0.004264848748190175,0.007013184506996957,1.5328100817332523e-08
17.0,32,1,-115215.06546906056,-615396.6251067996,4809112.591331556,-102352.53398716783,-1.831106473781983e-05,-2.6980878438207306e-05,6.704394798005752e-05,-1.7741105891109089e-06,-3.9709202674388023e-05,-5.7446486946216156e-05,9.715568962060418e-05,-2.992418578282559e-06,-2.7800868971743816e-05,-4.2146027001522674e-05,6.994689597326648e-05,-2.3352497861729032e-06,9.777166410558741e-05,7.05607306047251e-05,0.004550313768092907,0.007013162499388607,1.635433722658971e-08
17.0,33,1,-550691.8726038658,672210.0233375693,5397451.058803536,108953.34081680213,-3.1621202629949306e-05,-1.0424236433631076e-05,7.147994151444566e-05,1.8885245741579037e-06,-0.00015081308884939734,-6.540021527291724e-05,0.00021621330412231464,8.043901993592243e-06,-6.46387904585425e-05,-2.727138173965603e-05,9.191017219819854e-05,3.573527536188336e-06,0.0002220172025000897,9.455431499623671e-05,0.004265366322730976,0.009016911682286858,1.5328096072692203e-08
17.0,34,1,-166409.65837117005,-631487.2847871918,4951794.793825979,99350.12008776097,-1.9500025481104087e-05,-2.7561371005648464e-05,6.921551835697986e-05,1.7220687481878568e-06,-7.588535297252298e-05,-0.00010737210345300208,0.00018325745642552504,5.992757251585247e-06,-3.728051400750822e-05,-5.411253492631243e-05,9.139304893382062e-05,3.122759560942974e-06,0.0001843196405377842,9.20225615161847e-05,0.004550812971337672,0.009016805815103503,1.6354343802952508e-08
18.0,1,1,-74241110.56507131,-154569249.72174963,-74241109.76417702,397519.5396517052,-9.68518483759241e-06,-0.0005382443404885358,-9.685179567707996e-06,2.61567857090822e-06,0.0,0.0,0.0,0.0,0.0,0.0,0.0,0.0,0.0,0.0,0.00034372527386278967,0.0012507654028271766,3.7139684305310433e-09
18.0,2,1,-69839978.16699937,-135221904.43687153,-60312406.213660516,786931.6093196715,-4.025568000715626e-05,-0.00047046875486291494,2.2435743445813427e-05,5.178009989323439e-06,0.0,0.0,0.0,0.0,0.0,0.0,0.0,0.0,0.0,0.0,0.0010311434279896095,0.0012507673521004268,1.1140556429249316e-08
18.0,3,1,-61276287.18428688,-99020337.2550608,-34402454.03375332,1108745.2899595227,-9.557342568510807e-05,-0.00034392927515080045,8.12563964454027e-05,7.295544007933659e-06,0.0,0.0,0.0,0.0,0.0,0.0,0.0,0.0,0.0,0.0,0.0017184694302441947,0.0012507799138863096,1.8563397417505653e-08
18.0,4,1,-48654646.06537011,-46042467.28724679,3801896.697435662,1060823.1292068434,-0.00017653312879494897,-0.0001593449924348975,0.000168630922584313,6.98021619018103e-06,0.0,0.0,0.0,0.0,0.0,0.0,0.0,0.0,0.0,0.0,0.0024056478095047795,0.0012507878403367563,2.598012746892893e-08
18.0,5,1,-31883586.456181243,23006949.129513204,53845962.22536347,761285.1500021708,-0.00028084553222161134,8.033419193225808e-05,0.00028325489810295283,5.0092562870142835e-06,0.0,0.0,0.0,0.0,0.0,0.0,0.0,0.0,0.0,0.0,0.0030926241885761005,0.001250803808050212,3.3388501600898115e-08
18.0,6,1,-11013545.756552637,106575947.79921135,114805654.64496249,259362.1785593047,-0.00040485066064455783,0.00036888820695236914,0.0004230396779974117,1.7066031349202249e-06,0.0,0.0,0.0,0.0,0.0,0.0,0.0,0.0,0.0,0.0,0.0037793476889249134,0.0012508243024741846,4.078644561241298e-08
18.0,7,1,-82553001.1476218,-151128357.18141127,-82553053.54033871,-1029179.6796059574,-4.3548376797744045e-05,-0.0004947742195000787,-4.3548721541821284e-05,-6.772002291807199e-06,0.0,0.0,0.0,0.0,0.0,0.0,0.0,0.0,0.0,0.0,0.00034371141262374156,0.0037523259078824107,3.713818777447002e-09
18.0,8,1,-76564049.87557474,-133094693.26533139,-67829200.34187545,-1940223.7794101401,-6.53604974784869e-05,-0.00043733213098308567,-7.88518754674558e-06,-1.2766672468518722e-05,0.0,0.0,0.0,0.0,0.0,0.0,0.0,0.0,0.0,0.0,0.0010311047555630907,0.0037523347756306027,1.1140098193511313e-08
18.0,9,1,-65887231.913850464,-99133544.50000842,-40737842.20623635,-2164612.138166637,-0.00010843936857338551,-0.000327200105390305,5.70436157027153e-05,-1.4243147869136471e-05,0.0,0.0,0.0,0.0,0.0,0.0,0.0,0.0,0.0,0.0,0.001718412448369366,0.003752342651238769,1.8562560250620063e-08
18.0,10,1,-51198192.529916726,-47931218.96928563,-900361.2074927539,-1299778.9559096089,-0.00017883706597027373,-0.0001573403799413212,0.0001521226641312759,-8.552545529885226e-06,0.0,0.0,0.0,0.0,0.0,0.0,0.0,0.0,0.0,0.0,0.0024055790379683014,0.003752365988944326,2.597877915133575e-08
18.0,11,1,-33063763.986753836,21032096.797033463,51264721.67663431,-4915.099689886348,-0.0002795477931221643,7.640297083515621e-05,0.0002753336425429297,-3.234135595945217e-08,0.0,0.0,0.0,0.0,0.0,0.0,0.0,0.0,0.0,0.0,0.0030925455751146386,0.0037523917385262444,3.338641059517229e-08
18.0,12,1,-11495113.930323243,108552728.14215416,115530047.2362012,292389.86655212264,-0.00041152635474941767,0.00037838844608748364,0.00042429920572631315,1.923925321912967e-06,0.0,0.0,0.0,0.0,0.0,0.0,0.0,0.0,0.0,0.0,0.003779253530735148,0.003752417817912499,4.078338074205105e-08
18.0,13,1,-102108421.1182407,-105257502.51602824,-102108412.9382547,-7377050.177300974,-0.00018290395917343647,-0.00020362491477087845,-0.00018290390534912856,-4.8540990166640404e-05,0.0,0.0,0.0,0.0,0.0,0.0,0.0,0.0,0.0,0.0,0.000343661985832922,0.006254298863415046,3.713863435353341e-09
18.0,14,1,-94144526.42605567,-94218731.74737862,-87557326.19439054,-15965042.139657984,-0.00018351646058228314,-0.00018400473159658803,-0.00014017268305792648,-0.00010504997727894953,0.0,0.0,0.0,0.0,0.0,0.0,0.0,0.0,0.0,0.0,0.0010309652156224318,0.006254236143095301,1.1140125734755247e-08
18.0,15,1,-80103900.3159646,-72463049.06341302,-60671512.675271556,-22548948.71725911,-0.00019016689403270127,-0.00013989009279091204,-6.230178335694113e-05,-0.00014837208255956492,0.0,0.0,0.0,0.0,0.0,0.0,0.0,0.0,0.0,0.0,0.00171820255767733,0.006254146381755353,1.8562297049701206e-08
18.0,16,1,-60340320.305475,-38016288.585691825,-20890826.409824967,-24544765.107329134,-0.00020862835983445846,-6.173623111828515e-05,5.094930999891873e-05,-0.00016150455440622568,0.0,0.0,0.0,0.0,0.0,0.0,0.0,0.0,0.0,0.0,0.002405329382101757,0.006254040077813469,2.5977849313355863e-08
18.0,17,1,-36394090.57115713,12421053.53487441,31708570.11111279,-20054975.958980635,-0.00025169525821644537,6.95083900012421e-05,0.00019642024907289061,-0.00013196174181009257,0.0,0.0,0.0,0.0,0.0,0.0,0.0,0.0,0.0,0.0,0.0030922952402897014,0.006253964969768945,3.33844614630053e-08
18.0,18,1,-11763571.046139814,82338828.03122169,96028743.99665543,-7737018.428003964,-0.0003406386190347449,0.0002785551668942937,0.0003686348139468478,-5.0909581256266084e-05,0.0,0.0,0.0,0.0,0.0,0.0,0.0,0.0,0.0,0.0,0.003779038037600572,0.006253957277411934,4.077992111367559e-08
18.0,19,1,-20169798.531548537,-32482091.778651886,-20172184.10738869,-5945430.920531903,-1.7655236757798574e-05,-9.867012632373861e-05,-1.767093384682677e-05,-3.912093545709992e-05,0.0,0.0,0.0,0.0,0.0,0.0,0.0,0.0,0.0,0.0,0.00034372039353592774,0.008756956997158356,3.7155392621518605e-09
18.0,20,1,-21687685.572982345,-29527568.162982244,-12845131.985231824,-13150653.389028393,-4.1489561630733486e-05,-9.307598907293283e-05,1.669444097666493e-05,-8.653129929980682e-05,0.0,0.0,0.0,0.0,0.0,0.0,0.0,0.0,0.0,0.0,0.0010311320845750424,0.00875674931622813,1.1144675244943623e-08
18.0,21,1,-22635946.549865913,-23505298.535290815,1611887.4989492036,-19317314.54578866,-7.858814331190983e-05,-8.430847937600567e-05,8.096260472929365e-05,-0.00012710792971128937,0.0,0.0,0.0,0.0,0.0,0.0,0.0,0.0,0.0,0.0,0.001718460133350475,0.008756386281556077,1.8568511865433767e-08
18.0,22,1,-22309892.35251847,-13082479.21440319,24340190.53487152,-22134044.308955304,-0.0001293366456489323,-6.862026720013375e-05,0.0001776208997500938,-0.0001456420115529259,0.0,0.0,0.0,0.0,0.0,0.0,0.0,0.0,0.0,0.0,0.0024056575955934724,0.008755916264866735,2.5983918090253316e-08
18.0,23,1,-18474447.643162258,2970274.0665473044,56323590.02129462,-19349219.859898053,-0.0001860565434746015,-4.495027462471261e-05,0.00030611454435752473,-0.0001273178666781292,0.0,0.0,0.0,0.0,0.0,0.0,0.0,0.0,0.0,0.0,0.0030926797235631895,0.008755399166364149,3.338819960506925e-08
18.0,24,1,-7538753.848181583,27651474.228643425,99490729.08251251,-7760955.259232851,-0.00023857845047253425,-7.026749727025774e-06,0.0004656755472114328,-5.106708560575215e-05,0.0,0.0,0.0,0.0,0.0,0.0,0.0,0.0,0.0,0.0,0.0037794910514115164,0.00875494171781836,4.077954598203815e-08
18.0,25,1,-555645.4430701819,-18521.20463040378,5109598.519199915,-50863.27843418734,-2.7772915165880487e-05,-1.8462761699591005e-05,7.042464684680125e-05,-8.816301595259137e-07,-0.0001193647415442766,-8.855666693894375e-05,0.0002079214084832204,-2.48949054586053e-06,-5.744374971520549e-05,-4.337233323759099e-05,0.0001008160829527965,-1.3630765598134795e-06,0.0002087041629728901,0.00010117043245743783,0.004265366974693031,0.0010018146569530932,1.5328015668873998e-08
18.0,26,1,-174706.9056859084,17103.138982177945,5270244.34567317,-68534.03947567054,-2.3478815347766843e-05,-2.015410790685334e-05,7.090033967579051e-05,-1.1879233509116225e-06,-9.302823875097766e-05,-8.329964896067555e-05,0.00017632788771165318,-3.614485917118091e-06,-5.133338371872625e-05,-4.512847522684958e-05,9.64618589455758e-05,-2.3014945937203364e-06,0.00017647060622166097,9.658934382065937e-05,0.0045508138710659875,0.0010018551677928407,1.6354427427740256e-08
18.0,27,1,-428895.3700405627,-33438.418152472936,5162481.33026231,54290.60953509117,-2.6234776582313517e-05,-1.9380189416253286e-05,7.068241955626961e-05,9.410372319415801e-07,-0.00011156687549434348,-9.071024352176957e-05,0.00020227711901611316,2.7660632780419443e-06,-5.2786188888718264e-05,-4.249877146266331e-05,9.52849603513816e-05,1.2140593209814884e-06,0.0002026641129438225,9.548571540317013e-05,0.004265320662035837,0.00300558501396314,1.5328029134289973e-08
18.0,28,1,-136966.85303033725,30864.876897197915,5285154.8876501955,70575.19751378532,-2.309030376526074e-05,-2.018122044651681e-05,7.089313973986853e-05,1.2233034235722788e-06,-8.987166837214567e-05,-8.078503683571245e-05,0.00017065670520785816,3.651456353046297e-06,-4.831218788040037e-05,-4.4240017034586845e-05,9.255220491498725e-05,2.040626698192287e-06,0.00017079155702139987,9.262747425179001e-05,0.004550770249317647,0.0030055548689924233,1.635443322046482e-08
18.0,29,1,-664978.0594742745,-285242.8394245473,4857800.570286722,-18777.266170361585,-2.7156605049772348e-05,-2.057452790224374e-05,6.857155786608489e-05,-3.2547261361960065e-07,-9.563855480736724e-05,-7.552842639921329e-05,0.00017116698120658055,-1.2123972610409601e-06,-4.9906353888657724e-05,-3.925794394256011e-05,8.916429783121782e-05,-4.493837074022536e-07,0.00017157008281680825,8.938281374869567e-05,0.004265152893141234,0.005009223675608795,1.5327964342408773e-08
18.0,30,1,-209311.41743447096,266396.4389976545,5298877.599523479,-33731.73786429545,-2.5051915053210814e-05,-1.680631220838731e-05,7.0423361240727e-05,-5.846834563144545e-07,-8.077884753936655e-05,-6.21674856177352e-05,0.00014294633315710176,-1.849003501238201e-06,-4.7864897281425424e-05,-3.6791651701193364e-05,8.465654898261882e-05,-1.091963948695763e-06,0.0001433675922743624,8.491280568010979e-05,0.00455060662774864,0.005009299475385977,1.6354448651181565e-08
18.0,31,1,-383689.2259448811,627362.1247923104,5329764.12309309,-117719.09540992857,-2.8944361337473342e-05,-1.1419471258028684e-05,7.008883004585147e-05,-2.0404643204387613e-06,-9.30468549257197e-05,-4.67477704468441e-05,0.0001397946253725638,-5.121889756448214e-06,-5.521809469847251e-05,-2.6828802907594104e-05,8.20468976060666e-05,-3.2819655584066413e-06,0.00014247765533666898,8.383820401961898e-05,0.004264993753696682,0.007013068297762617,1.5328100525424336e-08
18.0,32,1,-118106.99080783874,-589340.5413981664,4860591.881714787,-101795.1088551936,-1.865976523870434e-05,-2.6827813448936698e-05,6.76376818850212e-05,-1.764448553490022e-06,-4.782471306376985e-05,-6.810734007182049e-05,0.00011593205313559036,-3.5422132270109894e-06,-3.273864602515906e-05,-4.8632490243444924e-05,8.137113626860398e-05,-2.669757296830803e-06,0.00011661614504494404,8.2026416083188e-05,0.004550453804776008,0.007013049269813236,1.6354343737226437e-08
18.0,33,1,-555551.2224539197,650469.7540930866,5448318.397237028,106719.74992355004,-3.1802502238039384e-05,-1.0898138644557935e-05,7.226457116993703e-05,1.8498089986748666e-06,-0.00017045890424826113,-7.518837425000743e-05,0.00024564727849826865,8.919839328657895e-06,-7.337524238472646e-05,-3.1624154576531805e-05,0.00010499939696125829,3.963029577329785e-06,0.0002520134274468017,0.00010789357137241839,0.00426555090395781,0.009016769362781622,1.532809805657501e-08
18.0,34,1,-167820.5437606722,-611234.2202943263,5014402.9438879825,97423.66080025543,-1.9850282144516922e-05,-2.753611920443359e-05,6.997492497472644e-05,1.6886767872044276e-06,-8.715120803162778e-05,-0.00012180151701359689,0.0002089527250452246,6.686356173587757e-06,-4.2849009110210723e-05,-6.124474545823014e-05,0.00010409375456844083,3.46554200980349e-06,0.00021009219597797985,0.00010476146862560109,0.004550990975883066,0.009016650546784312,1.6354350907310026e-08
19.0,1,1,-79527424.68474627,-165611004.97655553,-79527423.8004612,415229.27566185454,-1.0318405956044956e-05,-0.0005767483642761496,-1.0318400137449279e-05,2.732208633855003e-06,0.0,0.0,0.0,0.0,0.0,0.0,0.0,0.0,0.0,0.0,0.00034375220897769074,0.0012508160288026244,3.714700712921642e-09
19.0,2,1,-74789294.56822586,-144808171.8491888,-64544863.91550126,836079.8987554997,-4.3168676332919015e-05,-0.0005038928888416552,2.423967736200886e-05,5.501405733811188e-06,0.0,0.0,0.0,0.0,0.0,0.0,0.0,0.0,0.0,0.0,0.0010312218049081273,0.0012508180201335319,1.1142651067080417e-08
19.0,3,1,-65579514.56098242,-105929110.67643924,-36710675.785168365,1172639.9225643468,-0.00010252671019557206,-0.00036802705263527796,8.74302489492844e-05,7.715970690473401e-06,0.0,0.0,0.0,0.0,0.0,0.0,0.0,0.0,0.0,0.0,0.001718592375010657,0.0012508316920020492,1.856657513210672e-08
19.0,4,1,-52025149.272665344,-49117774.58147659,4253308.288268231,1127181.682360048,-0.00018923988962005753,-0.00017010936415203548,0.0001810723611308854,7.416855469929115e-06,0.0,0.0,0.0,0.0,0.0,0.0,0.0,0.0,0.0,0.0,0.0024058045767816703,0.0012508394648161046,2.598394891836412e-08
19.0,5,1,-34050832.72281289,24753480.766356282,57764604.172634974,820495.8409003732,-0.00030063273781767057,8.629964494106252e-05,0.0003035128369543763,5.398862633124455e-06,0.0,0.0,0.0,0.0,0.0,0.0,0.0,0.0,0.0,0.0,0.0030928005148529824,0.001250858036995406,3.339239700184284e-08
19.0,6,1,-11732525.807715453,113885651.15882656,122720463.17412813,279202.57401481346,-0.0004325002896846457,0.00039406731475520075,0.0004522003778158851,1.8371529370174724e-06,0.0,0.0,0.0,0.0,0.0,0.0,0.0,0.0,0.0,0.0,0.0037795265698607745,0.0012508774781848175,4.0789756527724176e-08
19.0,7,1,-88368955.14218016,-161946108.70950317,-88369014.70253673,-1087997.6282542264,-4.634688071987773e-05,-0.0005304845511928632,-4.634727262702399e-05,-7.1590243939128096e-06,0.0,0.0,0.0,0.0,0.0,0.0,0.0,0.0,0.0,0.0,0.0003437374426907805,0.0037524795926386087,3.7145405695243365e-09
19.0,8,1,-81947109.64951843,-142544847.40382382,-72543842.64764479,-2063961.5667815446,-6.989541796627176e-05,-0.0004686285323896011,-8.021921093943227e-06,-1.3580867109422563e-05,0.0,0.0,0.0,0.0,0.0,0.0,0.0,0.0,0.0,0.0,0.0010311805537542773,0.0037524891320320276,1.1142160319457054e-08
19.0,9,1,-70495206.7230636,-106036115.28149533,-43452406.00133248,-2300039.3158701933,-0.00011628416998845013,-0.00035014334830293085,6.165745876054077e-05,-1.5134258698425872e-05,0.0,0.0,0.0,0.0,0.0,0.0,0.0,0.0,0.0,0.0,0.001718531570191297,0.0037524972385569533,1.856567888919178e-08
19.0,10,1,-54744391.70311477,-51129324.9955324,-758679.9459903017,-1386854.8708985376,-0.00019173891070796797,-0.00016795177177207602,0.00016348707265391102,-9.125505050512377e-06,0.0,0.0,0.0,0.0,0.0,0.0,0.0,0.0,0.0,0.0,0.0024057310852397384,0.0037525228309774903,2.5982505026165095e-08
19.0,11,1,-35308501.22359321,22645088.641247053,55008703.05832425,-17816.19168357811,-0.00029923549700328875,8.209912430736025e-05,0.00029505170717172814,-1.1723054127794394e-07,0.0,0.0,0.0,0.0,0.0,0.0,0.0,0.0,0.0,0.0,0.0030927165099006544,0.003752548831864431,3.339016207517611e-08
19.0,12,1,-12232451.85650345,115989548.43509212,123479391.44241512,307223.92526429525,-0.00043952318428897865,0.0004041775776297202,0.0004534607446179054,2.0215334282390625e-06,0.0,0.0,0.0,0.0,0.0,0.0,0.0,0.0,0.0,0.0,0.0037794260029872725,0.0037525791968259104,4.078649300333347e-08
19.0,13,1,-109344779.05780166,-112877455.28150672,-109344770.80487895,-7904493.033331791,-0.00019561277807251886,-0.00021885778762449824,-0.00019561272376828755,-5.201156415932318e-05,0.0,0.0,0.0,0.0,0.0,0.0,0.0,0.0,0.0,0.0,0.0003436844791025784,0.006254583956571471,3.7145877062907873e-09
19.0,14,1,-100774243.01863903,-100950618.73727629,-93681763.76752275,-17091858.609176982,-0.00019635205073561266,-0.0001975126029642458,-0.00014968353726326752,-0.00011246442964838454,0.0,0.0,0.0,0.0,0.0,0.0,0.0,0.0,0.0,0.0,0.001031031142394655,0.006254516913666932,1.1142189255123287e-08
19.0,15,1,-85682638.27568199,-77527080.73691878,-64790482.855084844,-24134519.42662744,-0.00020355144090304417,-0.0001498878722979823,-6.608105823551502e-05,-0.00015880513782720853,0.0,0.0,0.0,0.0,0.0,0.0,0.0,0.0,0.0,0.0,0.0017183068985171168,0.006254421366268463,1.8565397579671893e-08
19.0,16,1,-64475129.26518944,-40512721.77490094,-22124491.69057881,-26256922.43056385,-0.00022340884905048915,-6.573620776439089e-05,5.5258346190448756e-05,-0.0001727705495931101,0.0,0.0,0.0,0.0,0.0,0.0,0.0,0.0,0.0,0.0,0.0024054640775775407,0.006254307075017377,2.5981515128230625e-08
19.0,17,1,-38835035.81866743,13445615.16157876,34111162.107783265,-21445246.68351699,-0.0002693148871789291,7.469179627109075e-05,0.00021067109517711644,-0.0001411097231775418,0.0,0.0,0.0,0.0,0.0,0.0,0.0,0.0,0.0,0.0,0.003092448830239499,0.00625422818399275,3.338808263359838e-08
19.0,18,1,-12514992.853858128,87934966.07426992,102624805.1039725,-8275254.47433947,-0.0003636594027309137,0.00029730132701616884,0.0003939604678316119,-5.445117444115371e-05,0.0,0.0,0.0,0.0,0.0,0.0,0.0,0.0,0.0,0.0,0.0037791957129328303,0.006254217312323026,4.0782793168500475e-08
19.0,19,1,-21629657.51685746,-34849731.66280345,-21632390.788281307,-6379123.2357105175,-1.890653411157339e-05,-0.00010589462199189798,-1.89245190375423e-05,-4.1974630890975206e-05,0.0,0.0,0.0,0.0,0.0,0.0,0.0,0.0,0.0,0.0,0.0003437469860845002,0.008757423098086987,3.7163837132015253e-09
19.0,20,1,-23248621.286316033,-31665523.545865398,-13742738.718613077,-14106362.521106405,-4.449805205370418e-05,-9.988126892153897e-05,1.8050655241781272e-05,-9.281986538888014e-05,0.0,0.0,0.0,0.0,0.0,0.0,0.0,0.0,0.0,0.0,0.0010312096249162634,0.00875720047621088,1.1147062014086496e-08
19.0,21,1,-24244027.551732346,-25138726.57174124,1811333.4969586506,-20701420.090148166,-8.436285670050524e-05,-9.024997625216377e-05,8.708141899988152e-05,-0.00013621534419317493,0.0,0.0,0.0,0.0,0.0,0.0,0.0,0.0,0.0,0.0,0.0017185824464624618,0.008756811125751999,1.857204971965807e-08
19.0,22,1,-23865391.02880475,-13942398.206809744,26187170.090950564,-23689760.990625627,-0.00013867369472096624,-7.33804019522391e-05,0.0001906721574470237,-0.00015587862731831662,0.0,0.0,0.0,0.0,0.0,0.0,0.0,0.0,0.0,0.0,0.0024058150645144983,0.00875630864567936,2.5988001031426872e-08
19.0,23,1,-19727901.329412676,3262927.9663660377,60389744.56935802,-20674490.718098577,-0.00019921072925350737,-4.793107248728345e-05,0.00032796338076040375,-0.00013603814892508862,0.0,0.0,0.0,0.0,0.0,0.0,0.0,0.0,0.0,0.0,0.003092860100012558,0.008755754111846441,3.33920717685542e-08
19.0,24,1,-8020903.907309897,29509531.872672275,106349944.84182565,-8281144.781511429,-0.00025476249274545616,-7.812225313173552e-06,0.0004977976920238557,-5.44899326623452e-05,0.0,0.0,0.0,0.0,0.0,0.0,0.0,0.0,0.0,0.0,0.003779680042169584,0.008755267623089305,4.0782384376301604e-08
19.0,25,1,-560529.2810275336,-21650.994622726226,5159106.767019954,-51893.878438868756,-2.8023546836622688e-05,-1.8682989872272683e-05,7.111681132953375e-05,-8.994938929403918e-07,-0.00013465694518761273,-9.989875485625034e-05,0.0002345557000438631,-2.8699173203781998e-06,-6.493656995607853e-05,-4.8929690139128576e-05,0.00011386626009520713,-1.5494757309922163e-06,0.00023543952506311828,0.00011427013178488441,0.0042655392021057024,0.001001797919863334,1.5328019061035387e-08
19.0,26,1,-176077.0904302909,20010.22635742114,5317589.122856885,-68496.9751421456,-2.369809193592778e-05,-2.0299245111607426e-05,7.152545576104996e-05,-1.1872809024638569e-06,-0.00010531916305911879,-9.431982263025565e-05,0.00019963898568937436,-4.058387702830876e-06,-5.796892208524102e-05,-5.107797004307184e-05,0.0001090468921283128,-2.5411455048492543e-06,0.00019979887855272235,0.00010918364897363496,0.004550980073026806,0.0010018389304723924,1.635443169137764e-08
19.0,27,1,-433630.77294786833,-29262.963781797094,5214618.343649609,54288.98712693652,-2.6523165158776158e-05,-1.9514123133230916e-05,7.137981952891344e-05,9.410091102002327e-07,-0.00012620307373571545,-0.0001024129576492456,0.00022861603138496118,3.159890080948711e-06,-5.9998755643729443e-05,-4.826574795559155e-05,0.00010826450359932104,1.4081330857096808e-06,0.00022906133907342967,0.00010849399506851071,0.0042654913481698815,0.003005532958942312,1.5328033350689273e-08
19.0,28,1,-138753.0857748983,26923.508401869098,5328662.097016145,69654.77480059885,-2.327238356533737e-05,-2.040065593294007e-05,7.149614626970739e-05,1.2073494298770466e-06,-0.00010196206136035762,-9.180863261131327e-05,0.0001937706939716709,4.099950088505535e-06,-5.4853070164958755e-05,-5.020376356284408e-05,0.00010505683372780284,2.283261921402132e-06,0.00019391954925320867,0.00010513967891709789,0.004550935105061831,0.0030055025377314073,1.6354436515740298e-08
19.0,29,1,-668275.9084055703,-285483.0978977098,4904755.342180294,-17846.86218613423,-2.7387434422537952e-05,-2.07523590404017e-05,6.921177392095038e-05,-3.093456112263266e-07,-0.00010911003239140831,-8.640243332257638e-05,0.00019551246571398466,-1.333713617325864e-06,-5.683245482394934e-05,-4.484859867809337e-05,0.00010168105350204267,-5.117594139350765e-07,0.00019596211452391007,0.00010192350075371106,0.0042653129106412805,0.005009138028450694,1.5327967891684394e-08
19.0,30,1,-209678.5548549781,266554.29456622293,5341554.000397651,-32111.483708386946,-2.5228147244588538e-05,-1.697344452128772e-05,7.099321704645706e-05,-5.565990509453737e-07,-9.283923112126191e-05,-7.136924419340111e-05,0.00016420847531466306,-2.0419444549245424e-06,-5.47126537234301e-05,-4.201631299621547e-05,9.672896671964562e-05,-1.2015187764054734e-06,0.00016469485841881369,9.70222001228989e-05,0.004550760953065513,0.005009216775985535,1.6354452355322348e-08
19.0,31,1,-389640.8412008798,606899.247152363,5363590.249002542,-116826.5640235765,-2.907716920063136e-05,-1.1803807669175156e-05,7.064550302956132e-05,-2.02499377640866e-06,-0.0001070567343393986,-5.455239781950524e-05,0.00016160913215890383,-5.849430014540603e-06,-6.28859259022463e-05,-3.110040296976781e-05,9.39863288720141e-05,-3.680165396290529e-06,0.00016460034734174845,9.5946310024462e-05,0.004265139963998459,0.007012951875838479,1.532810113132444e-08
19.0,32,1,-120685.6652189577,-570271.064277434,4908148.587454262,-101413.08538740115,-1.896065229562675e-05,-2.675346587930702e-05,6.820580808404242e-05,-1.7578268133816194e-06,-5.6019400347554526e-05,-7.871569355623963e-05,0.0001347350939037942,-4.0866194054244075e-06,-3.782765490073599e-05,-5.522042180253064e-05,9.304807670326664e-05,-3.0078345007335386e-06,0.00013548123062261653,9.374188717644874e-05,0.004550594994540332,0.007012935230364212,1.6354349323653904e-08
19.0,33,1,-560484.1212383527,633620.7836258153,5500292.901427165,105208.04832353133,-3.20087763567233e-05,-1.131095800574439e-05,7.304469203614572e-05,1.8236061709412098e-06,-0.00018991545751312214,-8.503878293562801e-05,0.00027495424044875026,9.7702644780215e-06,-8.235788288246317e-05,-3.61718410734259e-05,0.00011852972395588908,4.355558415249477e-06,0.0002818567213524032,0.00012167151006909812,0.004265736807690063,0.009016625404301003,1.5328100524819128e-08
19.0,34,1,-169225.5342262662,-595568.9543686747,5074173.291984218,96103.07541772752,-2.017075780681239e-05,-2.756071042261415e-05,7.071482184750269e-05,1.665786640573944e-06,-9.846272172701826e-05,-0.0001361176866992605,0.00023458040842627866,7.362018630786908e-06,-4.861729035855819e-05,-6.854525444627304e-05,0.00011716254480483119,3.810065862082012e-06,0.00023579037732497505,0.00011786620917069777,0.004551170275897086,0.009016494180024964,1.6354357364499936e-08
20.0,1,1,-84884861.8594519,-176797459.29125708,-84884860.88547018,433315.4116558012,-1.0966243418030483e-05,-0.0006157511345193083,-1.0966237009230797e-05,2.8512154086951717e-06,0.0,0.0,0.0,0.0,0.0,0.0,0.0,0.0,0.0,0.0,0.0003437794090023879,0.0012508670044364682,3.715439855177084e-09
20.0,2,1,-79803445.80600557,-154514333.16815886,-68829799.6424505,884719.9265784412,-4.6133499189265086e-05,-0.0005377311380322337,2.607309256692734e-05,5.821457116886143e-06,0.0,0.0,0.0,0.0,0.0,0.0,0.0,0.0,0.0,0.0,0.0010313009335202203,0.0012508690394876247,1.1144764429434457e-08
20.0,3,1,-69936194.56609517,-112914666.22021405,-39039896.109334305,1236245.2505356504,-0.00010959276434978945,-0.0003923911078338917,9.370487949569706e-05,8.13449374852458e-06,0.0,0.0,0.0,0.0,0.0,0.0,0.0,0.0,0.0,0.0,0.0017187164454482602,0.0012508838051944501,1.856977879707916e-08
20.0,4,1,-55434227.85641304,-52216130.89498067,4722252.629878074,1193257.1054267723,-0.0002021308116232031,-0.00018095573361697807,0.0001936988299765924,7.851631753708161e-06,0.0,0.0,0.0,0.0,0.0,0.0,0.0,0.0,0.0,0.0,0.002405962683881345,0.0012508914878305976,2.5987797482093953e-08
20.0,5,1,-36240266.18120301,26531319.13895789,61737493.29964848,880100.2918878208,-0.00032066605455901306,9.237097684764562e-05,0.00032402760282498964,5.791059920621861e-06,0.0,0.0,0.0,0.0,0.0,0.0,0.0,0.0,0.0,0.0,0.0030929782252700107,0.0012509125703121043,3.3396315502332824e-08
20.0,6,1,-12458071.587951198,121266991.63527855,130713182.84715605,299859.4417704965,-0.00046041903362200264,0.00041949188238684905,0.00048164782056100297,1.9730751268498667e-06,0.0,0.0,0.0,0.0,0.0,0.0,0.0,0.0,0.0,0.0,0.003779706739104563,0.0012509311510693595,4.0793084801445323e-08
20.0,7,1,-94258536.68720995,-172908034.96736765,-94258603.90846455,-1147293.682857746,-4.91693940122348e-05,-0.0005666830926956727,-4.9169836328090064e-05,-7.5491924332039685e-06,0.0,0.0,0.0,0.0,0.0,0.0,0.0,0.0,0.0,0.0,0.00034376373122676406,0.0037526343327395906,3.715269108226165e-09
20.0,8,1,-87397618.2284827,-152113384.1414359,-77313247.06767017,-2187662.9010556308,-7.449401383202588e-05,-0.0005003237535392579,-8.138851593879469e-06,-1.439482188894605e-05,0.0,0.0,0.0,0.0,0.0,0.0,0.0,0.0,0.0,0.0,0.0010312570859763836,0.003752644545462557,1.114424082601361e-08
20.0,9,1,-75159556.59745736,-113014864.41120473,-46190604.09431971,-2435912.8652719064,-0.00012425314274855818,-0.00037334106816301583,6.636256472208753e-05,-1.6028306653489144e-05,0.0,0.0,0.0,0.0,0.0,0.0,0.0,0.0,0.0,0.0,0.0017186517841067152,0.0037526529075677037,1.85688227856913e-08
20.0,10,1,-58332217.07065734,-54349810.44481307,-602076.5085207969,-1474496.210857431,-0.0002048371039670192,-0.0001786328683689639,0.00017502722093183927,-9.702185067441896e-06,0.0,0.0,0.0,0.0,0.0,0.0,0.0,0.0,0.0,0.0,0.0024058844261471276,0.0037526807053609662,2.5986256964114246e-08
20.0,11,1,-37577855.855610296,24287942.39572011,58803876.317373455,-31590.622614371932,-0.00031917435284473935,8.790259964901476e-05,0.0003150174448534938,-2.078662968025673e-07,0.0,0.0,0.0,0.0,0.0,0.0,0.0,0.0,0.0,0.0,0.003092888766702812,0.003752707078395862,3.3393935187744016e-08
20.0,12,1,-12977670.26398369,123498024.11456949,131503935.1295673,321143.45522126084,-0.00046779144692565453,0.00043021862208522524,0.00048289751656391093,2.1131239353558964e-06,0.0,0.0,0.0,0.0,0.0,0.0,0.0,0.0,0.0,0.0,0.0037795996982760366,0.0037527415718032813,4.078962151037596e-08
20.0,13,1,-116675198.67142877,-120604707.81021045,-116675190.62872659,-8438236.316949492,-0.0002084737538236233,-0.00023432992395680676,-0.00020847370090264298,-5.5523594965527654e-05,0.0,0.0,0.0,0.0,0.0,0.0,0.0,0.0,0.0,0.0,0.0003437071866235938,0.006254871097449178,3.715318720469182e-09
20.0,14,1,-107487067.92816764,-107771923.54457742,-99880108.02159123,-18232610.893466044,-0.00020934512976629173,-0.00021121947972226808,-0.00015929133358101892,-0.00011997057967900657,0.0,0.0,0.0,0.0,0.0,0.0,0.0,0.0,0.0,0.0,0.0010310976787526532,0.006254799699958286,1.1144271108585576e-08
20.0,15,1,-91326611.9294339,-82647067.5099657,-68949296.55967481,-25738541.867735144,-0.00021711080441713746,-0.00015999940213703672,-6.986806928412274e-05,-0.00016935960548969723,0.0,0.0,0.0,0.0,0.0,0.0,0.0,0.0,0.0,0.0,0.0017184121608638274,0.00625469829043864,1.8568523320827307e-08
20.0,16,1,-68653473.62886168,-43025234.92253956,-23357359.341008067,-27988013.71486742,-0.00023838286920790315,-6.974905852030359e-05,5.966556280617364e-05,-0.00018416113024382762,0.0,0.0,0.0,0.0,0.0,0.0,0.0,0.0,0.0,0.0,0.0024055998762255353,0.006254576005274906,2.598520669851765e-08
20.0,17,1,-41298289.462047756,14495409.073934596,36553065.862871975,-22850129.686888874,-0.0002871480377103931,7.997449865637072e-05,0.00022511388032757864,-0.00015035385333972878,0.0,0.0,0.0,0.0,0.0,0.0,0.0,0.0,0.0,0.0,0.003092603573625512,0.006254493162104283,3.339172474055752e-08
20.0,18,1,-13272107.193392374,93581464.14764464,109282857.33230907,-8818740.030873066,-0.0003868861639052887,0.00031621033551873474,0.0004195255026738268,-5.802730940314477e-05,0.0,0.0,0.0,0.0,0.0,0.0,0.0,0.0,0.0,0.0,0.0037793544715259268,0.006254479263598208,4.078567918811211e-08
20.0,19,1,-23113354.442667626,-37253600.19310015,-23116463.97999307,-6819487.171534468,-2.018207081985085e-05,-0.00011322488785769681,-2.020253157545227e-05,-4.48722255886968e-05,0.0,0.0,0.0,0.0,0.0,0.0,0.0,0.0,0.0,0.0,0.0003437738385647073,0.00875789294603971,3.717236531706063e-09
20.0,20,1,-24833920.264230095,-33832291.43716462,-14652911.531668672,-15075843.472977111,-4.756298063039389e-05,-0.00010677226294830301,1.9428056829860277e-05,-9.919905005218939e-05,0.0,0.0,0.0,0.0,0.0,0.0,0.0,0.0,0.0,0.0,0.0010312879105832647,0.008757655162234475,1.1149471360351737e-08
20.0,21,1,-25875481.994872518,-26791536.924001396,2016863.982961908,-22104132.812321953,-9.023342672752021e-05,-9.626106816118819e-05,9.329820980663032e-05,-0.00014544519390507845,0.0,0.0,0.0,0.0,0.0,0.0,0.0,0.0,0.0,0.0,0.001718705881133754,0.008757239171570654,1.857561793459875e-08
20.0,22,1,-25441245.073106024,-14805962.648007262,28064768.62224888,-25263899.92026685,-0.00014815513880483188,-7.817498044768203e-05,0.00020391443131060342,-0.00016623646147535587,0.0,0.0,0.0,0.0,0.0,0.0,0.0,0.0,0.0,0.0,0.00240597389610688,0.008756703753856081,2.5992114084544614e-08
20.0,23,1,-20995647.690678984,3564226.8746485263,64509054.96235009,-22012683.16229725,-0.0002125340237558527,-5.093004911599774e-05,0.0003500869197010786,-0.0001448434552079159,0.0,0.0,0.0,0.0,0.0,0.0,0.0,0.0,0.0,0.0,0.0030930419215199415,0.008756111501143374,3.33959666204036e-08
20.0,24,1,-8508073.092432216,31383546.957519688,113276475.81262444,-8805663.291671796,-0.0002711032014389887,-8.616341510305244e-06,0.0005302391303562839,-5.794126445920041e-05,0.0,0.0,0.0,0.0,0.0,0.0,0.0,0.0,0.0,0.0,0.003779870458718638,0.008755595474153858,4.078523575061081e-08
20.0,25,1,-565348.2918990483,-24374.309378997656,5208672.969810691,-52453.095074642166,-2.8275171867047435e-05,-1.8898289503366532e-05,7.18078633359214e-05,-9.091869812937973e-07,-0.0001498915071856233,-0.00011121812066405609,0.0002611096278496795,-3.249570507959267e-06,-7.264506273943613e-05,-5.465714423581493e-05,0.00012730220697525113,-1.741573880886032e-06,0.00026209309604536613,0.0001277564968341455,0.004265712734239079,0.00100178060055015,1.5328022496464066e-08
20.0,26,1,-177429.25758270384,22535.8157984016,5364664.634002437,-68366.34538710117,-2.3914525233639417e-05,-2.044846396170024e-05,7.214843555383638e-05,-1.1850166533764202e-06,-0.00011759045907831657,-0.00010530909607505692,0.00022289955515337342,-4.496708219373828e-06,-6.478143330391173e-05,-5.7178756380143686e-05,0.00012196018968405536,-2.7844831439307623e-06,0.0002230767246602968,0.00012210653780097555,0.004551147536455833,0.001001822530953315,1.63544358998256e-08
20.0,27,1,-438401.67135866056,-26462.503525518347,5265890.448831043,54079.82971955924,-2.6803067399337563e-05,-1.9662788490229796e-05,7.207132935061732e-05,9.373837151390268e-07,-0.00014078627251530178,-0.0001140495332998537,0.0002548358058151556,3.546705420634159e-06,-6.742816731238304e-05,-5.419400284609231e-05,0.00012162217015847539,1.6051965102595874e-06,0.00025534004277751515,0.000121881683151813,0.004265663122941353,0.0030054809500212826,1.5328037381077038e-08
20.0,28,1,-140546.35125516378,24268.299370904453,5372580.134314224,68864.36105192792,-2.346134508480937e-05,-2.0604557807290834e-05,7.209951399839333e-05,1.1936489249000838e-06,-0.00011399543599135678,-0.00010279410528610489,0.0002167895412774617,4.537775653756442e-06,-6.155924831787207e-05,-5.6325947837121006e-05,0.0001178851961549931,2.5272624171103903e-06,0.0002169518950489573,0.0001179755640285954,0.0045511010068378325,0.0030054499036018447,1.635443995842051e-08
20.0,29,1,-671771.3725446833,-284389.5670165564,4951950.32979709,-17127.843003765873,-2.7627194685051265e-05,-2.0912576722563724e-05,6.985064815553954e-05,-2.9688261206527505e-07,-0.00012251812305497033,-9.721834638173916e-05,0.00021973646943670947,-1.4485652535666503e-06,-6.394926920669614e-05,-5.058951646337183e-05,0.00011453878567006792,-5.727201908564447e-07,0.00022023266793582801,0.00011480594078766142,0.004265473860104414,0.005009051367862988,1.5327971553479515e-08
20.0,30,1,-210123.5090847183,265459.22140344,5383450.176563302,-30963.776886324773,-2.5397284379663224e-05,-1.715385038453513e-05,7.155799283823583e-05,-5.367054660296292e-07,-0.00010483588857401298,-8.054577790205165e-05,0.00018538166647606466,-2.2257742083387327e-06,-6.171811487358441e-05,-4.737496014468371e-05,0.00010909307501826818,-1.3088679516052196e-06,0.00018593162283324672,0.00010942343209264805,0.004550916185414886,0.005009133454905561,1.6354455875337293e-08
20.0,31,1,-395052.4712172635,592181.8033689589,5399628.370930603,-116294.01713580677,-2.9234606980095084e-05,-1.2122546220600573e-05,7.120652761713459e-05,-2.0157629636873167e-06,-0.00012098539674102757,-6.239836023057308e-05,0.00018338375697160063,-6.56604941534319e-06,-7.071843518381662e-05,-3.551242758466367e-05,0.00010623086276848027,-4.0831459979717e-06,0.00018667186928742304,0.00010835779821014239,0.004265287333750046,0.0070128351286688735,1.5328102431887164e-08
20.0,32,1,-123016.40705652814,-556588.8595181389,4952700.726623592,-101192.88650618528,-1.9224666229175524e-05,-2.673992207184345e-05,6.875443075461324e-05,-1.7540100327738783e-06,-6.42693002024819e-05,-8.927722496008686e-05,0.00015354652516256877,-4.626095668281821e-06,-4.306069783164051e-05,-6.191977252896341e-05,0.00010498047036060391,-3.3500281241771617e-06,0.00015435023212635772,0.00010571079856688358,0.004550737295659548,0.007012820379586699,1.6354354199745532e-08
20.0,33,1,-565472.2743746978,620653.8545034397,5553116.139570171,104269.95071215082,-3.223471030129043e-05,-1.1675190734069373e-05,7.382082220708735e-05,1.807345812343947e-06,-0.0002092002407889158,-9.493050690456601e-05,0.0003041307476934819,1.0600471975481394e-05,-9.159629687662223e-05,-4.091045052580669e-05,0.00013250674740242894,4.753101990918616e-06,0.00031154843685385033,0.00013589534434270376,0.004265924046610995,0.0090164799322342,1.5328103375286957e-08
20.0,34,1,-170624.8412188918,-583545.5702356652,5131672.939483076,95263.53535552078,-2.0467507359908215e-05,-2.7624799996198957e-05,7.143898750559261e-05,1.6512346128290267e-06,-0.00010980229399070132,-0.00015033154965971715,0.0002601338436504184,8.023366885629566e-06,-5.458232417665328e-05,-7.602226009077997e-05,0.00013060458426743322,4.157954398767575e-06,0.0002614090321910635,0.00013134255654505888,0.0045513508798074465,0.009016336716126429,1.635436330647324e-08
