time,node,temperature,ur,uz,rf_r,rf_z,reaction_heat
0.5,1,600.3553496870713,-7.760714717380884e-52,1.2776333868843953e-50,-8.469200248759385e-05,0.0008962967409308583,0.0
0.5,2,600.3514745113328,2.4023072495433563e-09,-1.5884077801487237e-37,0.0,0.31666477307420327,0.0
0.5,3,600.3509593509681,2.3751780453581145e-09,6.074350407645437e-09,0.0,0.0,0.0
0.5,4,600.3549517538381,-2.177446425206172e-40,6.074415657238695e-09,0.00024725033366791894,0.0,0.0
0.5,5,600.3412205872692,4.73488982018534e-09,-2.8630001498962115e-37,0.0,0.5718457399179318,0.0
0.5,6,600.3403528783384,4.681368369701521e-09,6.07558076395141e-09,0.0,0.0,0.0
0.5,7,600.320482513036,6.910676788967353e-09,-3.353996033317964e-37,0.0,0.6697840974618066,0.0
0.5,8,600.3187302533282,6.829683574344214e-09,6.083127520964147e-09,0.0,0.0,0.0
0.5,9,600.2818159299312,8.768979318899964e-09,-2.102654228252958e-37,0.0,0.4262937639193576,0.0
0.5,10,600.2778616619593,8.65387107351653e-09,6.102882223005014e-09,0.0,0.0,0.0
0.5,11,600.2113616761636,1.0049296750324998e-08,2.7478975295519745e-37,0.0,-0.5526305942967946,0.0
0.5,12,600.201708853895,9.874641278808555e-09,6.144834061073377e-09,0.0,0.0,0.0
0.5,13,600.0841212085861,1.0220197922537173e-08,7.275542111822517e-48,0.0,-1.5153844183282374,0.0
0.5,14,600.0590143475704,9.897422301484455e-09,6.206482805864867e-09,0.0,0.0,0.0
0.5,15,600.3506029741559,2.2950014806556312e-09,1.2424614128618561e-08,0.0,0.0,0.0
0.5,16,600.3546524708119,1.8542014758446668e-39,1.2451595932909283e-08,-0.0009653154586155475,0.0,0.0
0.5,17,600.339854852476,4.532693127047014e-09,1.2352915781388745e-08,0.0,0.0,0.0
0.5,18,600.3179993002548,6.636458146483769e-09,1.2253950952621253e-08,0.0,0.0,0.0
0.5,19,600.276933231521,8.45060182043366e-09,1.2156661902077655e-08,0.0,0.0,0.0
0.5,20,600.2013436278841,9.696154456611448e-09,1.2103411887217407e-08,0.0,0.0,0.0
0.5,21,600.0630343223509,9.75964496946635e-09,1.2125606797417505e-08,0.0,0.0,0.0
0.5,22,600.3509280876042,2.140775638825523e-09,1.9876668186953522e-08,0.0,0.0,0.0
0.5,23,600.3549248399942,1.897785933541093e-39,2.0004791025647217e-08,-0.00044557408029315734,0.0,0.0
0.5,24,600.3403103068212,4.24313365670384e-09,1.9511340180825634e-08,0.0,0.0,0.0
0.5,25,600.3186657263576,6.2590785435850715e-09,1.895788861216436e-08,0.0,0.0,0.0
0.5,26,600.277759461478,8.072946732686618e-09,1.8320240729125195e-08,0.0,0.0,0.0
0.5,27,600.2015484829005,9.41885862562822e-09,1.7768803540956455e-08,0.0,0.0,0.0
0.5,28,600.0587808405937,9.603386653641595e-09,1.750384443615478e-08,0.0,0.0,0.0
0.5,29,600.3514223738072,2.8368193922822315e-09,2.8429348397189675e-08,0.0,0.0,0.0
0.5,30,600.3553060464316,-6.316139465526389e-52,2.866017726536676e-08,0.001197687314255714,0.0,0.0
0.5,31,600.34114501167,5.601121910613786e-09,2.773221577649062e-08,0.0,0.0,0.0
0.5,32,600.3203559101092,8.199496982908644e-09,2.653258085739341e-08,0.0,0.0,0.0
0.5,33,600.2815835649333,1.0465377311051655e-08,2.4792065771457487e-08,0.0,0.0,0.0
0.5,34,600.2109077699258,1.2125109930760722e-08,2.2520121036037468e-08,0.0,0.0,0.0
0.5,35,600.083189628078,1.271427733745656e-08,1.997725933850868e-08,0.0,0.0,0.0
0.5,36,600.0796788871625,-3.642559305355121e-07,-5.528508255347305e-43,0.0,-5.271844746915706,0.0
0.5,37,600.0375711603597,-3.89491326839295e-07,5.637073875552617e-36,0.0,-11.274148933406611,0.0
0.5,38,600.0257465956873,-3.894913268392927e-07,4.0000000000000284e-07,0.0,0.0,0.0
0.5,39,600.0530018075815,-3.6425593053551007e-07,4.000000000000039e-07,0.0,0.0,0.0
0.5,40,600.0,-4.147267231430795e-07,-6.294525821895469e-43,0.0,-6.002304186490607,-0.05365380763442412
0.5,41,600.0,-4.147267231430767e-07,4.000000000000021e-07,0.0,0.0,-0.08988717015996721
0.5,42,600.0277776543825,-3.894913268392917e-07,8.000000000000039e-07,0.0,0.0,0.0
0.5,43,600.0582547874934,-3.642559305355093e-07,8.000000000000039e-07,0.0,0.0,0.0
0.5,44,600.0,-4.1472672314307523e-07,8.000000000000038e-07,0.0,0.0,-0.08777416175291577
0.5,45,600.0278366541758,-3.8949132683929013e-07,1.2000000000000042e-06,0.0,0.0,0.0
0.5,46,600.0583982811802,-3.6425593053550785e-07,1.200000000000004e-06,0.0,0.0,0.0
0.5,47,600.0,-4.147267231430735e-07,1.200000000000004e-06,0.0,0.0,-0.08775264577258832
0.5,48,600.0255371078703,-3.894913268392892e-07,1.6000000000000029e-06,0.0,0.0,0.0
0.5,49,600.0525538774936,-3.6425593053550705e-07,1.6000000000000042e-06,0.0,0.0,0.0
0.5,50,600.0,-4.1472672314307173e-07,1.6000000000000018e-06,0.0,0.0,-0.08930736046879896
0.5,51,600.0372590797257,-3.8949132683928743e-07,2e-06,0.0,11.27414893340673,0.0
0.5,52,600.0790254305266,-3.6425593053550525e-07,2e-06,0.0,5.2718447469159475,0.0
0.5,53,600.0,-4.147267231430692e-07,2e-06,0.0,6.002304186491447,-0.05321051716900863
0.5,54,600.353412099202,1.205405067300545e-09,-1.2244026106303895e-48,0.0,0.3175901908826361,0.0
0.5,55,600.3512169311505,2.394944930750391e-09,3.024157910612912e-09,0.0,0.0,0.0
0.5,56,600.352955552403,1.1919318879170446e-09,6.0740876328192305e-09,0.0,0.0,0.0
0.5,57,600.3551507204547,5.477090415180616e-51,3.022747749131864e-09,5.5186311323365724e-05,0.0,0.0
0.5,58,600.346347549301,3.5810734600757532e-09,-3.5898059234835535e-48,0.0,0.8897485263868726,0.0
0.5,59,600.3407867328037,4.720042747535059e-09,3.0287820354041414e-09,0.0,0.0,0.0
0.5,60,600.3456561146533,3.5410441413810908e-09,6.074247612764854e-09,0.0,0.0,0.0
0.5,61,600.3308515501526,5.849198038843136e-09,-5.331844419108858e-48,0.0,1.2482891957514086,0.0
0.5,62,600.3196063831822,6.88523300999006e-09,3.0397990513819664e-09,0.0,0.0,0.0
0.5,63,600.3295415658333,5.782527255840085e-09,6.077903498196278e-09,0.0,0.0,0.0
0.5,64,600.3011492214837,7.890854928317401e-09,-5.779659598549603e-48,0.0,1.1097554066660098,0.0
0.5,65,600.2798387959452,8.736389133081229e-09,3.06342207816265e-09,0.0,0.0,0.0
0.5,66,600.2982959576437,7.794166551472179e-09,6.090508646720137e-09,0.0,0.0,0.0
0.5,67,600.2465888030474,9.50481127597405e-09,2.2877629988125987e-49,0.0,-0.06143091534019009,0.0
0.5,68,600.2065352650293,9.978297860752297e-09,3.1089665060910375e-09,0.0,0.0,0.0
0.5,69,600.2397852579271,9.364296059006936e-09,6.120211745661717e-09,0.0,0.0,0.0
0.5,70,600.1477414423748,1.0311011441233717e-08,1.3757723187623333e-47,0.0,-3.421422062835936,0.0
0.5,71,600.0715677780782,1.009141464003444e-08,3.1947966759290437e-09,0.0,0.0,0.0
0.5,72,600.1303616007326,1.007831230247729e-08,6.171975900294952e-09,0.0,0.0,0.0
0.5,73,600.350781162562,2.34373126335071e-09,9.183245064912761e-09,0.0,0.0,0.0
0.5,74,600.3526277224839,1.1506198062098916e-09,1.2442107029215752e-08,0.0,0.0,0.0
0.5,75,600.3548021123249,-2.061260283079186e-50,9.191494601107214e-09,-0.0011066306597500523,0.0,0.0
0.5,76,600.3401038654072,4.623562138319708e-09,9.163723219942178e-09,0.0,0.0,0.0
0.5,77,600.345228913316,3.4233780829373597e-09,1.2391187241135126e-08,0.0,0.0,0.0
0.5,78,600.3183647767914,6.753684976685908e-09,9.1425174081675e-09,0.0,0.0,0.0
0.5,79,600.3289270763654,5.6077259828766475e-09,1.2303089798638873e-08,0.0,0.0,0.0
0.5,80,600.2773974467401,8.57738498837094e-09,9.13245178993776e-09,0.0,0.0,0.0
0.5,81,600.2974662658878,7.593485224892156e-09,1.2202493776444713e-08,0.0,0.0,0.0
0.5,82,600.2015262408895,9.787171488205154e-09,9.139161321688265e-09,0.0,0.0,0.0
0.5,83,600.2391384297025,9.173552673126036e-09,1.2126643411467581e-08,0.0,0.0,0.0
0.5,84,600.0610243349606,9.838573282275666e-09,9.160396856962504e-09,0.0,0.0,0.0
0.5,85,600.1321889751175,9.917941936029908e-09,1.211215651758262e-08,0.0,0.0,0.0
0.5,86,600.35076553088,2.210354788167489e-09,1.5928335350406174e-08,0.0,0.0,0.0
0.5,87,600.3529264637991,1.0729805202916486e-09,1.9971521113765827e-08,0.0,0.0,0.0
0.5,88,600.354788655403,3.298426020926131e-50,1.5993548124353197e-08,0.00040198962255534165,0.0,0.0
0.5,89,600.3400825796487,4.380720393454525e-09,1.5744706949503445e-08,0.0,0.0,0.0
0.5,90,600.3456191972127,3.1985988199194142e-09,1.972042860860876e-08,0.0,0.0,0.0
0.5,91,600.3183325133061,6.4439733781501245e-09,1.54852724754122e-08,0.0,0.0,0.0
0.5,92,600.3294880165894,5.2666251304732905e-09,1.925047267242022e-08,0.0,0.0,0.0
0.5,93,600.2773463464995,8.252613351664464e-09,1.5217523783745585e-08,0.0,0.0,0.0
0.5,94,600.2982125939178,7.201123576475731e-09,1.8635827375876813e-08,0.0,0.0,0.0
0.5,95,600.2014460553924,9.497859830366237e-09,1.5022514878509296e-08,0.0,0.0,0.0
0.5,96,600.2396539721892,8.82651671752875e-09,1.8012487036579623e-08,0.0,0.0,0.0
0.5,97,600.0609075814723,9.629687181510603e-09,1.4983945831180172e-08,0.0,0.0,0.0
0.5,98,600.1301646617471,9.695703469960125e-09,1.75754943370556e-08,0.0,0.0,0.0
0.5,99,600.3511752307056,2.2726538294144495e-09,2.4287045814586777e-08,0.0,0.0,0.0
0.5,100,600.3533642101194,1.4242169990162384e-09,2.860425465455419e-08,0.0,0.0,0.0
0.5,101,600.3551154432129,-1.6022722147867868e-50,2.4472351142253795e-08,0.0007000986192985249,0.0,0.0
0.5,102,600.3407276592457,4.47532345662709e-09,2.3733732683289762e-08,0.0,0.0,0.0
0.5,103,600.3462836927386,4.234857701056307e-09,2.8143288690626936e-08,0.0,0.0,0.0
0.5,104,600.3195108182334,6.528519627135033e-09,2.2826269688808766e-08,0.0,0.0,0.0
0.5,105,600.3307504608897,6.930660187745298e-09,2.7199864977405104e-08,0.0,0.0,0.0
0.5,106,600.2796715132056,8.31331536473334e-09,2.1620399250440586e-08,0.0,0.0,0.0
0.5,107,600.3009697375212,9.384013841710974e-09,2.5729033515629433e-08,0.0,0.0,0.0
0.5,108,600.2062281264132,9.62443672345129e-09,2.0290600288280108e-08,0.0,0.0,0.0
0.5,109,600.2462456674295,1.1377826169182763e-08,2.3698658497592218e-08,0.0,0.0,0.0
0.5,110,600.0709852343359,1.0079114146795384e-08,1.9262667649208513e-08,0.0,0.0,0.0
0.5,111,600.147048699002,1.2549838650424257e-08,2.1192763403155145e-08,0.0,0.0,0.0
0.5,112,600.0586250237611,-3.768736286874037e-07,-2.2880036402238685e-42,0.0,-21.817838427237266,0.0
0.5,113,600.0316588780236,-3.894913268392952e-07,2.0000000000000216e-07,0.0,0.0,0.0
0.5,114,600.0393742016345,-3.768736286874015e-07,4.000000000000034e-07,0.0,0.0,0.0
0.5,115,600.066340347372,-3.6425593053551245e-07,2.0000000000000224e-07,0.0,0.0,0.0
0.5,116,600.0187855801798,-4.021090249911872e-07,-2.4412066951543535e-42,0.0,-23.278757306387824,0.0
0.5,117,600.0,-4.1472672314307713e-07,2.0000000000000184e-07,0.0,0.0,0.0
0.5,118,600.0128732978437,-4.0210902499118467e-07,4.000000000000025e-07,0.0,0.0,0.0
0.5,119,600.0267621250349,-3.8949132683929204e-07,6.00000000000004e-07,0.0,0.0,0.0
0.5,120,600.043016220938,-3.768736286874006e-07,8.000000000000038e-07,0.0,0.0,0.0
0.5,121,600.0556282975374,-3.642559305355095e-07,6.000000000000038e-07,0.0,0.0,0.0
0.5,122,600.0,-4.147267231430742e-07,6.000000000000034e-07,0.0,0.0,0.0
0.5,123,600.0138888271913,-4.0210902499118345e-07,8.00000000000004e-07,0.0,0.0,0.0
0.5,124,600.0278071542791,-3.8949132683929156e-07,1.0000000000000046e-06,0.0,0.0,0.0
0.5,125,600.043117467678,-3.768736286873991e-07,1.200000000000004e-06,0.0,0.0,0.0
0.5,126,600.0583265343369,-3.6425593053550896e-07,1.0000000000000044e-06,0.0,0.0,0.0
0.5,127,600.0,-4.1472672314307364e-07,1.0000000000000044e-06,0.0,0.0,0.0
0.5,128,600.0139183270878,-4.0210902499118186e-07,1.200000000000004e-06,0.0,0.0,0.0
0.5,129,600.026686881023,-3.8949132683929056e-07,1.400000000000004e-06,0.0,0.0,0.0
0.5,130,600.0390454926819,-3.7687362868739825e-07,1.6000000000000037e-06,0.0,0.0,0.0
0.5,131,600.0554760793368,-3.6425593053550774e-07,1.4000000000000035e-06,0.0,0.0,0.0
0.5,132,600.0,-4.1472672314307274e-07,1.4000000000000037e-06,0.0,0.0,0.0
0.5,133,600.0127685539351,-4.0210902499118043e-07,1.6000000000000027e-06,0.0,0.0,0.0
0.5,134,600.031398093798,-3.894913268392862e-07,1.8000000000000018e-06,0.0,0.0,0.0
0.5,135,600.0581422551261,-3.768736286873964e-07,2e-06,0.0,21.81783842723703,0.0
0.5,136,600.0657896540101,-3.642559305355039e-07,1.8000000000000018e-06,0.0,0.0,0.0
0.5,137,600.0,-4.1472672314306877e-07,1.8000000000000018e-06,0.0,0.0,0.0
0.5,138,600.0186295398628,-4.0210902499117826e-07,2e-06,0.0,23.278757306386737,0.0
2.5,1,605.7279846887214,-4.631717727762334e-47,-2.2136486402122212e-45,-0.0005129537235302418,0.03364587230722432,0.0
2.5,2,605.5872490880034,3.814515597686709e-08,-3.287205640183545e-36,0.0,6.537922151047468,0.0
2.5,3,605.5663395000942,3.769978877596625e-08,8.409942657275386e-08,0.0,0.0,0.0
2.5,4,605.7097268164274,1.4723089962298223e-39,8.41150233259481e-08,-1.7170587583242424e-05,0.0,0.0
2.5,5,605.2491734069848,7.39515015909466e-08,-5.541740674387287e-36,0.0,11.069465057229307,0.0
2.5,6,605.221044584237,7.306798361495625e-08,8.407267681513278e-08,0.0,0.0,0.0
2.5,7,604.6694299865944,1.0520537371253125e-07,-5.722540103896502e-36,0.0,11.455202958949476,0.0
2.5,8,604.6257953136047,1.0387576959935652e-07,8.411592153823217e-08,0.0,0.0,0.0
2.5,9,603.8026564968044,1.291397956223476e-07,-2.4494980530164733e-36,0.0,4.944613286561729,0.0
2.5,10,603.7269602670771,1.2727138977995e-07,8.435005743058226e-08,0.0,0.0,0.0
2.5,11,602.5881693356125,1.4256386933887205e-07,6.18652885076221e-36,0.0,-12.4035279304892,0.0
2.5,12,602.4442136192457,1.3981600124103957e-07,8.492682820554966e-08,0.0,0.0,0.0
2.5,13,600.9530325120296,1.4103982687841015e-07,1.4519147003985674e-43,0.0,-22.6876116309547,0.0
2.5,14,600.6566342109633,1.365418243243674e-07,8.583447944874038e-08,0.0,0.0,0.0
2.5,15,605.5499142794895,3.623862572316089e-08,1.7265026951399057e-07,0.0,0.0,0.0
2.5,16,605.6945303062798,1.7063270886122775e-38,1.7314647088120572e-07,-0.005760635437962385,0.0,0.0
2.5,17,605.201883593631,7.037588747205941e-08,1.7132449179256252e-07,0.0,0.0,0.0
2.5,18,604.6030060408626,1.0039969469290797e-07,1.695315463480727e-07,0.0,0.0,0.0
2.5,19,603.7027851588471,1.2357595879839616e-07,1.678408578960393e-07,0.0,0.0,0.0
2.5,20,602.4315309526731,1.364081368100955e-07,1.6689445985770097e-07,0.0,0.0,0.0
2.5,21,600.7008620658918,1.3375779697199503e-07,1.6720559577775977e-07,0.0,0.0,0.0
2.5,22,605.5644054780911,3.360076325215289e-08,2.8090519732343327e-07,0.0,0.0,0.0
2.5,23,605.7078750007361,5.576985925573156e-38,2.832907987576416e-07,-0.014028300641811306,0.0,0.0
2.5,24,605.2189200150606,6.551023400401272e-08,2.742047721194435e-07,0.0,0.0,0.0
2.5,25,604.6233707629144,9.419702532523262e-08,2.6429795321259234e-07,0.0,0.0,0.0
2.5,26,603.724166216938,1.1734248806208778e-07,2.531620948525329e-07,0.0,0.0,0.0
2.5,27,602.4411101994024,1.315592587313366e-07,2.435751063710585e-07,0.0,0.0,0.0
2.5,28,600.6536341148463,1.3100739350572343e-07,2.390166406463138e-07,0.0,0.0,0.0
2.5,29,605.5842045536791,4.657701144332693e-08,4.141802043940169e-07,0.0,0.0,0.0
2.5,30,605.7251215861752,1.5238017589149007e-46,4.1962512562015475e-07,0.0179203914314309,0.0,0.0
2.5,31,605.2456727050287,9.02990808644641e-08,3.9848533740884945e-07,0.0,0.0,0.0
2.5,32,604.6650762552515,1.2859368199029192e-07,3.733697300041053e-07,0.0,0.0,0.0
2.5,33,603.7968429189556,1.5844750161713813e-07,3.4041623835262224e-07,0.0,0.0,0.0
2.5,34,602.5798762414796,1.768637354428901e-07,3.0252703538972816e-07,0.0,0.0,0.0
2.5,35,600.9404117004854,1.8137613653365748e-07,2.64569861872833e-07,0.0,0.0,0.0
2.5,36,600.9038383992549,-7.402873134961601e-07,-3.13357961984977e-42,0.0,-5.676507529617123,0.0
2.5,37,600.429568314642,-7.915739012183516e-07,6.069768653513756e-36,0.0,-12.139544008375285,0.0
2.5,38,600.2895655039363,-7.915739012183477e-07,7.692307692307725e-07,0.0,0.0,0.0
2.5,39,600.590682029736,-7.402873134961567e-07,7.692307692307742e-07,0.0,0.0,0.0
2.5,40,600.0,-8.428604889405475e-07,-3.567767331017949e-42,0.0,-6.4630364787580525,-0.6125619328486104
2.5,41,600.0,-8.428604889405426e-07,7.692307692307714e-07,0.0,0.0,-1.0173630513286307
2.5,42,600.3119488686657,-7.91573901218347e-07,1.538461538461543e-06,0.0,0.0,0.0
2.5,43,600.6488051329999,-7.402873134961558e-07,1.5384615384615434e-06,0.0,0.0,0.0
2.5,44,600.0,-8.42860488940541e-07,1.5384615384615425e-06,0.0,0.0,-0.9887392968956729
2.5,45,600.3126137128289,-7.915739012183447e-07,2.3076923076923123e-06,0.0,0.0,0.0
2.5,46,600.6504140436255,-7.40287313496154e-07,2.307692307692312e-06,0.0,0.0,0.0
2.5,47,600.0,-8.428604889405389e-07,2.307692307692312e-06,0.0,0.0,-0.988347478985091
2.5,48,600.2869320249832,-7.915739012183437e-07,3.07692307692308e-06,0.0,0.0,0.0
2.5,49,600.5851306369323,-7.402873134961533e-07,3.0769230769230812e-06,0.0,0.0,0.0
2.5,50,600.0,-8.42860488940537e-07,3.0769230769230783e-06,0.0,0.0,-1.0097797635543957
2.5,51,600.4252197846748,-7.91573901218344e-07,3.846153846153847e-06,0.0,12.139544008375495,0.0
2.5,52,600.8947667915384,-7.402873134961535e-07,3.846153846153847e-06,0.0,5.676507529617232,0.0
2.5,53,600.0,-8.428604889405363e-07,3.846153846153847e-06,0.0,6.463036478758538,-0.6065234667115982
2.5,54,605.6576168883624,1.9227664094695905e-08,-1.7573442727759882e-43,0.0,6.567316917299749,0.0
2.5,55,605.5767942940488,3.802649062636476e-08,4.189744574671493e-08,0.0,0.0,0.0
2.5,56,605.6380331582608,1.9005363435577763e-08,8.410365701316027e-08,0.0,0.0,0.0
2.5,57,605.7188557525744,1.1924185652403505e-46,4.1881310185711036e-08,-0.0009421847583106924,0.0,0.0
2.5,58,605.4182112474941,5.6457911805468124e-08,-4.069273176541946e-43,0.0,17.62875328002741,0.0
2.5,59,605.235108995611,7.372031723103161e-08,4.195692490174874e-08,0.0,0.0,0.0
2.5,60,605.3936920421656,5.57950881244249e-08,8.407692361795832e-08,0.0,0.0,0.0
2.5,61,604.9593016967897,9.029931583496361e-08,-3.5503686805664335e-43,0.0,22.605218347894766,0.0
2.5,62,604.6476126500995,1.0482875634137013e-07,4.2102716710420964e-08,0.0,0.0,0.0
2.5,63,604.9234199489208,8.919914482746536e-08,8.40743062637836e-08,0.0,0.0,0.0
2.5,64,604.2360432416995,1.182678498414079e-07,-1.6046063617691437e-44,0.0,16.575684272094644,0.0
2.5,65,603.7648083819407,1.285976489015866e-07,4.240854715585247e-08,0.0,0.0,0.0
2.5,66,604.1763777903409,1.1668800179649528e-07,8.41986766531237e-08,0.0,0.0,0.0
2.5,67,603.1954129162084,1.3741009416756772e-07,3.853331266367038e-43,0.0,-6.609417316857944,0.0
2.5,68,602.5161914774292,1.4150617299876115e-07,4.2990396501569855e-08,0.0,0.0,0.0
2.5,69,603.0855869431614,1.3515375093042817e-07,8.458726306618954e-08,0.0,0.0,0.0
2.5,70,601.7706009238211,1.4393269878783782e-07,5.6653255814035405e-43,0.0,-55.717265265109994,0.0
2.5,71,600.8048333614964,1.3931190879262366e-07,4.412768489649287e-08,0.0,0.0,0.0
2.5,72,601.5504239151045,1.4044887942263895e-07,8.531374083204649e-08,0.0,0.0,0.0
2.5,73,605.5581268897918,3.713749630890261e-08,1.2721781786821205e-07,0.0,0.0,0.0
2.5,74,605.6222222928847,1.8259236155523886e-08,1.7297695324880038e-07,0.0,0.0,0.0
2.5,75,605.7021285613537,-5.007633932909906e-46,1.2737347607619283e-07,-0.009830326263870096,0.0,0.0
2.5,76,605.211464088934,7.203926022050906e-08,1.2683614372586782e-07,0.0,0.0,0.0
2.5,77,605.3758989365602,5.3676665338783666e-08,1.7203626080421592e-07,0.0,0.0,0.0
2.5,78,604.6144006772337,1.02508362340592e-07,1.2639818211724478e-07,0.0,0.0,0.0
2.5,79,604.9024448172468,8.606291480102847e-08,1.7042768594195015e-07,0.0,0.0,0.0
2.5,80,603.714872712962,1.2577113148185475e-07,1.2612553739497863e-07,0.0,0.0,0.0
2.5,81,604.1528955998549,1.1306058392709236e-07,1.6863206098059295e-07,0.0,0.0,0.0
2.5,82,602.4378722859594,1.3820913345104578e-07,1.2618496516195396e-07,0.0,0.0,0.0
2.5,83,603.06715805576,1.3158497960773608e-07,1.672808780732759e-07,0.0,0.0,0.0
2.5,84,600.6787481384275,1.3535434745858737e-07,1.2663609677782678e-07,0.0,0.0,0.0
2.5,85,601.5661965092825,1.37325907650764e-07,1.6698663468130617e-07,0.0,0.0,0.0
2.5,86,605.5571598787903,3.477798169226641e-08,2.227944529142826e-07,0.0,0.0,0.0
2.5,87,605.6361402394136,1.6907972979318062e-08,2.8264543423260204e-07,0.0,0.0,0.0
2.5,88,605.701202653508,3.131142771601781e-45,2.2397535939810831e-07,-0.024678289847634857,0.0,0.0
2.5,89,605.2104018043458,6.772408573870514e-08,2.195012071128951e-07,0.0,0.0,0.0
2.5,90,605.3916627465758,4.9819303806997536e-08,2.780104667485892e-07,0.0,0.0,0.0
2.5,91,604.6131884018885,9.697967977987503e-08,2.148635129718444e-07,0.0,0.0,0.0
2.5,92,604.9211453889875,8.034092958098097e-08,2.694986544313922e-07,0.0,0.0,0.0
2.5,93,603.7134756878925,1.1998346998668108e-07,2.1007067151715732e-07,0.0,0.0,0.0
2.5,94,604.1737684899263,1.0657502680308977e-07,2.58659608316763e-07,0.0,0.0,0.0
2.5,95,602.4363205760378,1.3313290738985375e-07,2.06615642271931e-07,0.0,0.0,0.0
2.5,96,603.0826382081702,1.257531853123165e-07,2.478751753330039e-07,0.0,0.0,0.0
2.5,97,600.6772480903691,1.317078243043436e-07,2.0595230298992749e-07,0.0,0.0,0.0
2.5,98,601.5473721571243,1.3341726957332956e-07,2.4030340131716906e-07,0.0,0.0,0.0
2.5,99,605.5743050158851,3.506229175798576e-08,3.4916242787639984e-07,0.0,0.0,0.0
2.5,100,605.6546630699272,2.3472435294878013e-08,4.182577336125809e-07,0.0,0.0,0.0
2.5,101,605.7164982934556,-2.9508247519974237e-45,3.530935987285506e-07,0.0378494698283008,0.0,0.0
2.5,102,605.2322963600446,6.819156059490845e-08,3.3778761906522254e-07,0.0,0.0,0.0
2.5,103,605.4149386293539,6.889980772080896e-08,4.075979825734771e-07,0.0,0.0,0.0
2.5,104,604.644223509083,9.756165473793833e-08,3.2012859265141193e-07,0.0,0.0,0.0
2.5,105,604.9553744801401,1.1021573404811818e-07,3.870313587015584e-07,0.0,0.0,0.0
2.5,106,603.7605045679468,1.211215343736107e-07,2.9835237927048655e-07,0.0,0.0,0.0
2.5,107,604.2309595871036,1.445976185858429e-07,3.5766602710800177e-07,0.0,0.0,0.0
2.5,108,602.510493220441,1.3638757534915824e-07,2.7612754426685054e-07,0.0,0.0,0.0
2.5,109,603.1883595802176,1.690083767815195e-07,3.216364095212883e-07,0.0,0.0,0.0
2.5,110,600.7970229076659,1.4017690495064217e-07,2.59285503689246e-07,0.0,0.0,0.0
2.5,111,601.7601439709824,1.8063098003872257e-07,2.8266608164616115e-07,0.0,0.0,0.0
2.5,112,600.6667033569485,-7.65930607357256e-07,-1.2968509948474442e-41,0.0,-23.49255906760905,0.0
2.5,113,600.3595669092891,-7.915739012183526e-07,3.846153846153875e-07,0.0,0.0,0.0
2.5,114,600.4401237668361,-7.659306073572524e-07,7.692307692307734e-07,0.0,0.0,0.0
2.5,115,600.7472602144954,-7.402873134961599e-07,3.8461538461538754e-07,0.0,0.0,0.0
2.5,116,600.214784157321,-8.172171950794496e-07,-1.3836880025281378e-41,0.0,-25.065616965892133,0.0
2.5,117,600.0,-8.42860488940543e-07,3.846153846153869e-07,0.0,0.0,0.0
2.5,118,600.1447827519681,-8.17217195079445e-07,7.69230769230772e-07,0.0,0.0,0.0
2.5,119,600.300757186301,-7.915739012183482e-07,1.1538461538461587e-06,0.0,0.0,0.0
2.5,120,600.4803770008327,-7.659306073572515e-07,1.538461538461543e-06,0.0,0.0,0.0
2.5,121,600.6197435813679,-7.402873134961559e-07,1.1538461538461583e-06,0.0,0.0,0.0
2.5,122,600.0,-8.42860488940539e-07,1.1538461538461583e-06,0.0,0.0,0.0
2.5,123,600.1559744343328,-8.172171950794439e-07,1.538461538461543e-06,0.0,0.0,0.0
2.5,124,600.3122812907473,-7.915739012183475e-07,1.9230769230769285e-06,0.0,0.0,0.0
2.5,125,600.4815138782271,-7.659306073572496e-07,2.3076923076923123e-06,0.0,0.0,0.0
2.5,126,600.6496095883126,-7.402873134961552e-07,1.923076923076928e-06,0.0,0.0,0.0
2.5,127,600.0,-8.428604889405384e-07,1.923076923076928e-06,0.0,0.0,0.0
2.5,128,600.1563068564144,-8.172171950794416e-07,2.3076923076923123e-06,0.0,0.0,0.0
2.5,129,600.2997728689061,-7.915739012183455e-07,2.692307692307696e-06,0.0,0.0,0.0
2.5,130,600.4360313309578,-7.659306073572486e-07,3.076923076923081e-06,0.0,0.0,0.0
2.5,131,600.6177723402789,-7.402873134961531e-07,2.6923076923076957e-06,0.0,0.0,0.0
2.5,132,600.0,-8.428604889405361e-07,2.6923076923076957e-06,0.0,0.0,0.0
2.5,133,600.1434660124917,-8.172171950794403e-07,3.0769230769230796e-06,0.0,0.0,0.0
2.5,134,600.356075904829,-7.91573901218342e-07,3.4615384615384642e-06,0.0,0.0,0.0
2.5,135,600.6599932881065,-7.65930607357249e-07,3.846153846153847e-06,0.0,23.492559067609314,0.0
2.5,136,600.7399487142353,-7.402873134961501e-07,3.4615384615384634e-06,0.0,0.0,0.0
2.5,137,600.0,-8.428604889405334e-07,3.461538461538464e-06,0.0,0.0,0.0
2.5,138,600.2126098923375,-8.1721719507944e-07,3.846153846153847e-06,0.0,25.065616965891753,0.0
4.5,1,615.807473504882,1.4173975980924737e-46,2.1029621821736851e-47,-0.0009995993069789443,0.10178459639371373,0.0
4.5,2,615.3828861952447,1.0426172450393973e-07,-9.354315854507589e-36,0.0,18.59491354551919,0.0
4.5,3,615.3189477216404,1.0303174665986193e-07,2.2919860566542465e-07,0.0,0.0,0.0
4.5,4,615.7509352533466,6.293112453797832e-39,2.2924968093053565e-07,-0.0017998069042486067,0.0,0.0
4.5,5,614.3731276392456,2.0151408720087747e-07,-1.562454900405334e-35,0.0,31.205641005442438,0.0
4.5,6,614.2892487078658,1.9906608320792623e-07,2.2911112061514138e-07,0.0,0.0,0.0
4.5,7,612.6724668376958,2.854530403619807e-07,-1.5866807367444624e-35,0.0,31.688810528907133,0.0
4.5,8,612.5464734125605,2.817537268982385e-07,2.2918891259876775e-07,0.0,0.0,0.0
4.5,9,610.1943151506912,3.479814062390688e-07,-6.364280451093369e-36,0.0,13.063233357026736,0.0
4.5,10,609.9830414443591,3.4279135907821044e-07,2.2978152071415036e-07,0.0,0.0,0.0
4.5,11,606.8339287215957,3.827654254890528e-07,1.7133531073526345e-35,0.0,-36.02216383212081,0.0
4.5,12,606.4451771675062,3.7506010975115024e-07,2.3146564231860788e-07,0.0,0.0,0.0
4.5,13,602.4829944183133,3.7370928317637626e-07,6.198795042524213e-41,0.0,-59.482863283379515,0.0
4.5,14,601.7069978892284,3.6099793813024815e-07,2.337513087547672e-07,0.0,0.0,0.0
4.5,15,615.267876200131,9.896915312470942e-08,4.705317694049633e-07,0.0,0.0,0.0
4.5,16,615.7032212598975,4.0689201830080253e-38,4.719207610276258e-07,-0.011181189114599376,0.0,0.0
4.5,17,614.2308240611474,1.9158781475454205e-07,4.668354062932688e-07,0.0,0.0,0.0
4.5,18,612.4786915260675,2.721123066381061e-07,4.6180938760499427e-07,0.0,0.0,0.0
4.5,19,609.9128145989298,3.326429103763266e-07,4.5710379559950974e-07,0.0,0.0,0.0
4.5,20,606.4079353029176,3.656220980566389e-07,4.5463831133806886e-07,0.0,0.0,0.0
4.5,21,601.8217225492033,3.526023123563397e-07,4.5540679897437626e-07,0.0,0.0,0.0
4.5,22,615.3123987806458,9.16660056972561e-08,7.66655350289374e-07,0.0,0.0,0.0
4.5,23,615.744602521618,1.6471493905255495e-37,7.733449871406807e-07,-0.041854865278695544,0.0,0.0
4.5,24,614.2822085040675,1.7814381112204235e-07,7.47946998519384e-07,0.0,0.0,0.0
4.5,25,612.5386920950724,2.5504003165233866e-07,7.203236446196755e-07,0.0,0.0,0.0
4.5,26,609.9744262301476,3.155659994446099e-07,6.8954247469431e-07,0.0,0.0,0.0
4.5,27,606.4360589189996,3.521716878161313e-07,6.62896149125822e-07,0.0,0.0,0.0
4.5,28,601.698744673327,3.443008906234302e-07,6.504213234708166e-07,0.0,0.0,0.0
4.5,29,615.3726405494882,1.2796019576739232e-07,1.1349864957649315e-06,0.0,0.0,0.0
4.5,30,615.7977323013224,1.5531316557050248e-46,1.1507461572160702e-06,0.048722597117666584,0.0,0.0
4.5,31,614.361624114333,2.4723077831011124e-07,1.0899273179534531e-06,0.0,0.0,0.0
4.5,32,612.6586434533883,3.504444801685721e-07,1.0183938562518373e-06,0.0,0.0,0.0
4.5,33,610.1765899568489,4.288146065686393e-07,9.261934474690465e-07,0.0,0.0,0.0
4.5,34,606.8096986783493,4.76376426547664e-07,8.208072123758903e-07,0.0,0.0,0.0
4.5,35,602.4476104731017,4.808929164489278e-07,7.207128557098141e-07,0.0,0.0,0.0
4.5,36,602.3551319767342,-6.297788102125693e-07,-8.402630929714585e-41,0.0,-7.8004702171927605,0.0
4.5,37,601.1201644415156,-7.251288643399314e-07,7.162585286914074e-36,0.0,-14.326803897880001,0.0
4.5,38,600.7535957976745,-7.500367828824404e-07,1.136731301038068e-06,0.0,0.0,0.0
4.5,39,601.5358920709467,-6.536953519418215e-07,1.1352137694931231e-06,0.0,0.0,0.0
4.5,40,600.0,-8.24953387028797e-07,-1.2128624450532143e-42,0.0,-8.260574292575114,-1.5969667885154837
4.5,41,600.0,-8.46467301047294e-07,1.1371139988234251e-06,0.0,0.0,-2.649471398423528
4.5,42,600.8115932624231,-7.459817133753175e-07,2.2791210822165363e-06,0.0,0.0,0.0
4.5,43,601.686642049093,-6.45020191916219e-07,2.275967256913674e-06,0.0,0.0,0.0
4.5,44,600.0,-8.486462267321532e-07,2.2804728677285758e-06,0.0,0.0,-2.5732548540461218
4.5,45,600.8134018154041,-7.50501385974354e-07,3.409913491822193e-06,0.0,0.0,0.0
4.5,46,601.6910131071561,-6.511098811853617e-07,3.411941261451915e-06,0.0,0.0,0.0
4.5,47,600.0,-8.509711499900361e-07,3.4080874354433306e-06,0.0,0.0,-2.5721462826521435
4.5,48,600.7463541945007,-7.775215451438542e-07,4.568498665650595e-06,0.0,0.0,0.0
4.5,49,601.5206578817214,-6.705081459601673e-07,4.571960147330146e-06,0.0,0.0,0.0
4.5,50,600.0,-8.732042425648819e-07,4.560483289174845e-06,0.0,0.0,-2.628446333945884
4.5,51,601.1079204013985,-6.358036789279857e-07,5.692307692307693e-06,0.0,13.85723098429354,0.0
4.5,52,602.3295847547611,-5.221546644019863e-07,5.692307692307693e-06,0.0,3.9439256120684787,0.0
4.5,53,600.0,-7.604397287974722e-07,5.692307692307693e-06,0.0,7.589157976327364,-1.5800546437702663
4.5,54,615.5951798500633,5.259871759718165e-08,1.7865062309641206e-45,0.0,18.681544105118373,0.0
4.5,55,615.3509169584426,1.039293708489216e-07,1.1420794021852151e-07,0.0,0.0,0.0
4.5,56,615.5349414874935,5.198434321458186e-08,2.2921508018239097e-07,0.0,0.0,0.0
4.5,57,615.7792043791143,-2.5456576441656387e-46,1.1416845154846314e-07,-0.0034937061305390666,0.0,0.0
4.5,58,614.8780069172451,1.54110171300537e-07,4.479681394616714e-45,0.0,49.84637309686068,0.0
4.5,59,614.3311881735557,2.0088923945285543e-07,1.1435661614845772e-07,0.0,0.0,0.0
4.5,60,614.8040982147531,1.5227422559655276e-07,2.2913108004921925e-07,0.0,0.0,0.0
4.5,61,613.5227972384707,2.4559143572020605e-07,4.8980208699494703e-45,0.0,63.18105484959255,0.0
4.5,62,612.6094701251282,2.843108561873475e-07,1.1473267126666029e-07,0.0,0.0,0.0
4.5,63,613.4178610602132,2.425343063996554e-07,2.2909629696333874e-07,0.0,0.0,0.0
4.5,64,611.4333909941935,3.1982970266126216e-07,5.09431248254735e-44,0.0,44.72028101597951,0.0
4.5,65,610.0886782975251,3.4684836719849245e-07,1.1552931492218656e-07,0.0,0.0,0.0
4.5,66,611.2647574284598,3.1543668627689615e-07,2.2939351070570057e-07,0.0,0.0,0.0
4.5,67,608.5141219361435,3.6964476374623215e-07,-2.6921675954129953e-44,0.0,-19.071831076926863,0.0
4.5,68,606.639552944551,3.7844934858847097e-07,1.1700579720165893e-07,0.0,0.0,0.0
4.5,69,608.2141093059327,3.6333711929225506e-07,2.304837536748473e-07,0.0,0.0,0.0
4.5,70,604.6584615699545,3.838471972427582e-07,-1.555057259927894e-43,0.0,-156.50771106129244,0.0
4.5,71,602.0949961537708,3.715847973219341e-07,1.2012463302314165e-07,0.0,0.0,0.0
4.5,72,604.0760875283673,3.739804993512627e-07,2.3244195379627595e-07,0.0,0.0,0.0
4.5,73,615.2934119608857,1.0146654115929391e-07,3.4667647527134653e-07,0.0,0.0,0.0
4.5,74,615.4855487300142,4.991206468935485e-08,4.7144776821430993e-07,0.0,0.0,0.0
4.5,75,615.727078256622,1.0218613784034625e-45,3.471113437716602e-07,-0.02321490102727891,0.0,0.0
4.5,76,614.2600363845065,1.962364077637779e-07,3.455971662322514e-07,0.0,0.0,0.0
4.5,77,614.7493501306392,1.4639367932875544e-07,4.6882139717290576e-07,0.0,0.0,0.0
4.5,78,612.512582469314,2.778972168033631e-07,3.44364384407317e-07,0.0,0.0,0.0
4.5,79,613.3547577936074,2.338349132783263e-07,4.643246821948755e-07,0.0,0.0,0.0
4.5,80,609.9479280216444,3.390316955326445e-07,3.435851491421367e-07,0.0,0.0,0.0
4.5,81,611.1957530624986,3.054273221695298e-07,4.5930471154672444e-07,0.0,0.0,0.0
4.5,82,606.4265562352119,3.6946713577288656e-07,3.4362916286766746e-07,0.0,0.0,0.0
4.5,83,608.1603749509237,3.5348179173879844e-07,4.55627459096789e-07,0.0,0.0,0.0
4.5,84,601.7643602192159,3.613013085237372e-07,3.449359943761706e-07,0.0,0.0,0.0
4.5,85,604.1148289260605,3.6499980195324084e-07,4.5478935733564613e-07,0.0,0.0,0.0
4.5,86,615.2901374903884,9.491690480150794e-08,6.074955740647755e-07,0.0,0.0,0.0
4.5,87,615.5285006511319,4.6160901321077656e-08,7.715220529185545e-07,0.0,0.0,0.0
4.5,88,615.7239118907578,-1.506302115248502e-45,6.107867807445731e-07,-0.08217087086623598,0.0,0.0
4.5,89,614.2565162826074,1.8425600984321962e-07,5.98322696167731e-07,0.0,0.0,0.0
4.5,90,614.7973036423566,1.3570239097603749e-07,7.585632442812532e-07,0.0,0.0,0.0
4.5,91,612.5086918105699,2.625446143080613e-07,5.854382511270004e-07,0.0,0.0,0.0
4.5,92,613.4104502995699,2.1803228310143555e-07,7.348060188249263e-07,0.0,0.0,0.0
4.5,93,609.9436204145387,3.2290054502918344e-07,5.721088338114821e-07,0.0,0.0,0.0
4.5,94,611.2565591626101,2.8759811373295475e-07,7.047366676216404e-07,0.0,0.0,0.0
4.5,95,606.4219971109586,3.5537689858738603e-07,5.624259870988364e-07,0.0,0.0,0.0
4.5,96,608.2052425745736,3.3744666373496044e-07,6.748326294543552e-07,0.0,0.0,0.0
4.5,97,601.7602336112652,3.5149462507661013e-07,5.606589341901424e-07,0.0,0.0,0.0
4.5,98,604.0674017961633,3.5380214768425985e-07,6.541190926530258e-07,0.0,0.0,0.0
4.5,99,615.342519665067,9.529842280930862e-08,9.549613163282458e-07,0.0,0.0,0.0
4.5,100,615.5851864254053,6.452810788519331e-08,1.1467662773379549e-06,0.0,0.0,0.0
4.5,101,615.7711674114703,6.927078788339318e-46,9.66165243993743e-07,0.11599234150805504,0.0,0.0
4.5,102,614.3219163092003,1.8493018382289746e-07,9.226474586196343e-07,0.0,0.0,0.0
4.5,103,614.8671323319106,1.8896164620234226e-07,1.116035826727628e-06,0.0,0.0,0.0
4.5,104,612.5986677742303,2.635935071527183e-07,8.728960665799501e-07,0.0,0.0,0.0
4.5,105,613.5101337838607,3.0107114504442027e-07,1.0571973889223647e-06,0.0,0.0,0.0
4.5,106,610.0755080934982,3.2584330778449147e-07,8.120599804986332e-07,0.0,0.0,0.0
4.5,107,611.4176167051187,3.9270045575038217e-07,9.742462806075675e-07,0.0,0.0,0.0
4.5,108,606.6228787986745,3.6458691768420447e-07,7.510211669276063e-07,0.0,0.0,0.0
4.5,109,608.4931443175991,4.562655999704707e-07,8.738645332600029e-07,0.0,0.0,0.0
4.5,110,602.0731775732144,3.7544950169910386e-07,7.047848529990994e-07,0.0,0.0,0.0
4.5,111,604.6286545757255,4.82697021944762e-07,7.676496907666485e-07,0.0,0.0,0.0
4.5,112,601.7376482091249,-6.777492552196828e-07,-3.205563756541724e-42,0.0,-27.044455604609333,0.0
4.5,113,600.9368801195951,-7.361570215504526e-07,5.680465431604776e-07,0.0,0.0,0.0
4.5,114,601.1447439343106,-7.025255007658031e-07,1.1359394808523755e-06,0.0,0.0,0.0
4.5,115,601.9455120238405,-6.275271844913081e-07,5.63499398000722e-07,0.0,0.0,0.0
4.5,116,600.5600822207577,-7.752798430028838e-07,-1.4668493132949813e-42,0.0,-30.541916875408592,0.0
4.5,117,600.0,-8.380680235962335e-07,5.724812517106775e-07,0.0,0.0,0.0
4.5,118,600.3767978988373,-7.98774646183296e-07,1.1368976473783437e-06,0.0,0.0,0.0
4.5,119,600.7825945300488,-7.458280302907562e-07,1.7027249976645217e-06,0.0,0.0,0.0
4.5,120,601.249117655758,-6.960546885232225e-07,2.277646071601008e-06,0.0,0.0,0.0
4.5,121,601.6112670600198,-6.382745983977519e-07,1.7042540973226249e-06,0.0,0.0,0.0
4.5,122,600.0,-8.474711065117929e-07,1.7025856759688763e-06,0.0,0.0,0.0
4.5,123,600.4057966312116,-7.97790130598013e-07,2.2798667488402174e-06,0.0,0.0,0.0
4.5,124,600.8124975389136,-7.562710858647487e-07,2.8457546385615637e-06,0.0,0.0,0.0
4.5,125,601.25220746128,-7.009672978098893e-07,3.410784974636029e-06,0.0,0.0,0.0
4.5,126,601.6888275781246,-6.521573732718196e-07,2.8452528015030697e-06,0.0,0.0,0.0
4.5,127,600.0,-8.534999037941519e-07,2.8461456725735157e-06,0.0,0.0,0.0
4.5,128,600.4067009077021,-8.008429986375271e-07,3.4089063101536856e-06,0.0,0.0,0.0
4.5,129,600.7798780049524,-7.62074126928515e-07,3.985973137820233e-06,0.0,0.0,0.0
4.5,130,601.133506038111,-7.255640384209323e-07,4.570292482166508e-06,0.0,0.0,0.0
4.5,131,601.6058354944387,-6.543728798493748e-07,3.979485787402952e-06,0.0,0.0,0.0
4.5,132,600.0,-8.657393653103107e-07,3.9931774731631174e-06,0.0,0.0,0.0
4.5,133,600.3731770972504,-8.266532204767996e-07,4.564533140265194e-06,0.0,0.0,0.0
4.5,134,600.9271372979496,-7.086292281623845e-07,5.120539825674904e-06,0.0,0.0,0.0
4.5,135,601.7187525780798,-5.78081787981997e-07,5.692307692307693e-06,0.0,29.275878429542306,0.0
4.5,136,601.9251213182413,-6.077070904158492e-07,5.148101621762587e-06,0.0,0.0,0.0
4.5,137,600.0,-8.050854614362433e-07,5.096992407931483e-06,0.0,0.0,0.0
4.5,138,600.5539602006993,-6.973472429804721e-07,5.692307692307693e-06,0.0,33.30896103821446,0.0
6.5,1,628.2540457596255,-5.639633586779647e-48,-1.2861481735302672e-48,-0.001399379979500976,0.19381571261642758,0.0
6.5,2,627.4467225168958,1.8620170677234683e-07,-1.7085221031184692e-35,0.0,33.95524263462073,0.0
6.5,3,627.3240792165483,1.8398284903893995e-07,4.019472395770477e-07,0.0,0.0,0.0
6.5,4,628.1446747548932,1.3869394946759888e-38,4.020483291158556e-07,-0.005275414571724802,0.0,0.0
6.5,5,625.5398931939659,3.591556218185383e-07,-2.834682203474924e-35,0.0,56.61298429025889,0.0
6.5,6,625.3817368712862,3.5474132494792584e-07,4.017597436795986e-07,0.0,0.0,0.0
6.5,7,622.3681134555796,5.07186697256699e-07,-2.841049423555982e-35,0.0,56.760100909803015,0.0
6.5,8,622.1358181110909,5.00531344479693e-07,4.0185498616848337e-07,0.0,0.0,0.0
6.5,9,617.8286638098929,6.159910994115599e-07,-1.0819877101583233e-35,0.0,22.161319795248104,0.0
6.5,10,617.4484561793953,6.066799845341558e-07,4.028731015207737e-07,0.0,0.0,0.0
6.5,11,611.8149986691386,6.745718874236025e-07,3.148169974130095e-35,0.0,-65.74827404643479,0.0
6.5,12,611.132057602324,6.608568130184551e-07,4.057853373602342e-07,0.0,0.0,0.0
6.5,13,604.246965739189,6.570517667321869e-07,2.0223891774196783e-40,0.0,-105.51977395105048,0.0
6.5,14,602.9151877017828,6.348300006032516e-07,4.0987387509321426e-07,0.0,0.0,0.0
6.5,15,627.224956380509,1.766244419365789e-07,8.255998785410697e-07,0.0,0.0,0.0
6.5,16,628.0514499715018,6.481998899685301e-38,8.2810761885876e-07,-0.013569341976236757,0.0,0.0
6.5,17,625.2698681170734,3.4120401813952377e-07,8.189154662957942e-07,0.0,0.0,0.0
6.5,18,622.0082983243195,4.830824631347257e-07,8.098534409890723e-07,0.0,0.0,0.0
6.5,19,617.318615858038,5.882541190899666e-07,8.01396725219821e-07,0.0,0.0,0.0
6.5,20,611.0629600467233,6.436627375029516e-07,7.968876689956062e-07,0.0,0.0,0.0
6.5,21,603.1108098233822,6.197213401098173e-07,7.982795734634744e-07,0.0,0.0,0.0
6.5,22,627.3104099903372,1.6354494208294504e-07,1.348092558601183e-06,0.0,0.0,0.0
6.5,23,628.1313667335927,3.0847569739828864e-37,1.360190138401408e-06,-0.07885161449624026,0.0,0.0
6.5,24,625.3672621768634,3.1714246074524836e-07,1.3142932065227364e-06,0.0,0.0,0.0
6.5,25,622.1201790760407,4.525438066488994e-07,1.2644961027614784e-06,0.0,0.0,0.0
6.5,26,617.4316392872261,5.576165057647676e-07,1.209077315960255e-06,0.0,0.0,0.0
6.5,27,611.1148940896649,6.194080597505739e-07,1.1611370242368292e-06,0.0,0.0,0.0
6.5,28,602.9004472570124,6.050091645851236e-07,1.138687521534334e-06,0.0,0.0,0.0
6.5,29,627.4254208922263,2.29308545627778e-07,2.003100910798212e-06,0.0,0.0,0.0
6.5,30,628.2336411536517,-1.4327945320331965e-47,2.0322195435053357e-06,0.08519003880586941,0.0,0.0
6.5,31,625.5163661151514,4.4209202965965466e-07,1.9201914074328373e-06,0.0,0.0,0.0
6.5,32,622.3405159857905,6.246546743805231e-07,1.7894849372537515e-06,0.0,0.0,0.0
6.5,33,617.7942921127628,7.614355223597424e-07,1.6225136494847663e-06,0.0,0.0,0.0
6.5,34,611.769457717022,8.425402575256649e-07,1.4341375969380134e-06,0.0,0.0,0.0
6.5,35,604.1824803070143,8.50018018983688e-07,1.2559658106693028e-06,0.0,0.0,0.0
6.5,36,604.0286362428617,-3.484149114339996e-07,-2.7180401105561933e-40,0.0,-8.15607470869286,0.0
6.5,37,601.9171012237845,-5.018228671416996e-07,7.367800191167627e-36,0.0,-14.983198744936377,0.0
6.5,38,601.2879757153388,-5.493627647582296e-07,1.5079384318707318e-06,0.0,0.0,0.0
6.5,39,602.6234202777591,-3.9743959335723625e-07,1.5062400929876858e-06,0.0,0.0,0.0
6.5,40,600.0,-6.65612702434707e-07,1.4674035034618382e-44,0.0,-8.986709092006963,-2.732662117490523
6.5,41,600.0,-7.035215971494481e-07,1.5087268177715067e-06,0.0,0.0,-4.530308948775936
6.5,42,601.38677355679,-5.392628309668547e-07,3.0221094197770356e-06,0.0,0.0,0.0
6.5,43,602.8804078227614,-3.7953655365516766e-07,3.0168288018897012e-06,0.0,0.0,0.0
6.5,44,600.0,-7.043469945062876e-07,3.0248081780048904e-06,0.0,0.0,-4.397966715421835
6.5,45,601.3899790916088,-5.470676644118122e-07,4.512113246145216e-06,0.0,0.0,0.0
6.5,46,602.8881455847791,-3.8934164118754743e-07,4.514798846291337e-06,0.0,0.0,0.0
6.5,47,600.0,-7.100531904188877e-07,4.509872025461886e-06,0.0,0.0,-4.395941933804544
6.5,48,601.2750312306363,-5.938519016813243e-07,6.040385576038507e-06,0.0,0.0,0.0
6.5,49,602.5962368372079,-4.2454752584497105e-07,6.048476334607071e-06,0.0,0.0,0.0
6.5,50,600.0,-7.474421153282666e-07,6.027274244059532e-06,0.0,0.0,-4.492430491555336
6.5,51,601.8947122131981,-3.440555644053294e-07,7.53846153846154e-06,0.0,14.97645212505356,0.0
6.5,52,603.9819046660997,-1.5322999966868667e-07,7.53846153846154e-06,0.0,3.67368774034163,0.0
6.5,53,600.0,-5.565322406448004e-07,7.53846153846154e-06,0.0,8.783274089982006,-2.7018939356357414
6.5,54,627.8503841382606,9.399042267938928e-08,-5.924699506460848e-47,0.0,34.11996621748916,0.0
6.5,55,627.385400866722,1.8560343593252995e-07,2.0030171018284987e-07,0.0,0.0,0.0
6.5,56,627.7343769857207,9.288136897142506e-08,4.019825911961349e-07,0.0,0.0,0.0
6.5,57,628.1993602572593,9.574290946340525e-48,2.0023675685588442e-07,-0.0071946004008707,0.0,0.0
6.5,58,626.4933078554309,2.7498547472497385e-07,-1.6883936181523639e-46,0.0,90.65399074578437,0.0
6.5,59,625.460815032626,3.5803257679450183e-07,2.0055481478645614e-07,0.0,0.0,0.0
6.5,60,626.3529080439173,2.716722002631116e-07,4.018127234091129e-07,0.0,0.0,0.0
6.5,61,623.9540033247728,4.370942469876253e-07,-5.5416733679587466e-46,0.0,113.85808777631517,0.0
6.5,62,622.2519657833352,5.051694926107878e-07,2.0120242816495098e-07,0.0,0.0,0.0
6.5,63,623.7587774911885,4.31586198123435e-07,4.017134951849571e-07,0.0,0.0,0.0
6.5,64,620.0983886327363,5.672668617417438e-07,8.705114152889208e-46,0.0,78.96089385659774,0.0
6.5,65,617.6385599946441,6.138638948284205e-07,2.0257900397210738e-07,0.0,0.0,0.0
6.5,66,619.792137145243,5.593721524555486e-07,4.0220285782155687e-07,0.0,0.0,0.0
6.5,67,614.8218312395157,6.52877457378005e-07,-7.53555694336841e-45,0.0,-37.03121547216801,0.0
6.5,68,611.4735281357314,6.671864003903782e-07,2.0515444339491564e-07,0.0,0.0,0.0
6.5,69,614.2902568908596,6.416014796360353e-07,4.0408227547945373e-07,0.0,0.0,0.0
6.5,70,608.0309822041638,6.754896515418416e-07,5.594379431174977e-45,0.0,-278.97959816381115,0.0
6.5,71,603.581076720486,6.53130131171614e-07,2.1059002560994802e-07,0.0,0.0,0.0
6.5,72,607.0236226520534,6.580811178016004e-07,4.07523016452365e-07,0.0,0.0,0.0
6.5,73,627.2745177985287,1.8114840021696886e-07,6.080353209420253e-07,0.0,0.0,0.0
6.5,74,627.6382031760054,8.91310258569799e-08,8.272574993242789e-07,0.0,0.0,0.0
6.5,75,628.0980623631975,-4.769039206794998e-47,6.08824207975814e-07,-0.037381252037409524,0.0,0.0
6.5,76,625.3258024941798,3.496118306332277e-07,6.060713654491013e-07,0.0,0.0,0.0
6.5,77,626.2474122487912,2.610324640018157e-07,8.225088535663006e-07,0.0,0.0,0.0
6.5,78,622.0720582177053,4.935500093045459e-07,6.038136766178955e-07,0.0,0.0,0.0
6.5,79,623.6390832206964,4.158471384333648e-07,8.143897954932693e-07,0.0,0.0,0.0
6.5,80,617.3835360187167,5.997146673211627e-07,6.023584023441624e-07,0.0,0.0,0.0
6.5,81,619.6634570911788,5.412262702381113e-07,8.05347415372763e-07,0.0,0.0,0.0
6.5,82,611.0975088245236,6.509796317481392e-07,6.024472135349203e-07,0.0,0.0,0.0
6.5,83,614.1907879523807,6.23671667223714e-07,7.986898707383303e-07,0.0,0.0,0.0
6.5,84,603.0129987625825,6.346609356780942e-07,6.048282647704355e-07,0.0,0.0,0.0
6.5,85,607.0868849350527,6.418187125710097e-07,7.971673359118741e-07,0.0,0.0,0.0
6.5,86,627.267683185423,1.6933140741507708e-07,1.0668400860502657e-06,0.0,0.0,0.0
6.5,87,627.720888361965,8.240098466185204e-08,1.3568809982852345e-06,0.0,0.0,0.0
6.5,88,628.0914083525472,6.990370338500967e-47,1.0727866442533344e-06,-0.16480409395904227,0.0,0.0
6.5,89,625.3185651469685,3.2798649278120503e-07,1.0502901406403103e-06,0.0,0.0,0.0
6.5,90,626.3388360836003,2.4186517772315603e-07,1.3334601026139455e-06,0.0,0.0,0.0
6.5,91,622.0642387001801,4.658265489139458e-07,1.0270471013394547e-06,0.0,0.0,0.0
6.5,92,623.743720626452,3.875456415894357e-07,1.2905913389532404e-06,0.0,0.0,0.0
6.5,93,617.375127572632,5.706087753234311e-07,1.0030095431209287e-06,0.0,0.0,0.0
6.5,94,619.7759091816333,5.092839883629534e-07,1.236431898396951e-06,0.0,0.0,0.0
6.5,95,611.0889270681942,6.255667292305977e-07,9.856075015325494e-07,0.0,0.0,0.0
6.5,96,614.2732666884455,5.948586588157403e-07,1.1826504858131067e-06,0.0,0.0,0.0
6.5,97,603.0056285401972,6.168331498817668e-07,9.824154917287423e-07,0.0,0.0,0.0
6.5,98,607.0076706733387,6.217533557047944e-07,1.14531638005777e-06,0.0,0.0,0.0
6.5,99,627.3679154412818,1.6966796185745002e-07,1.68271272300419e-06,0.0,0.0,0.0
6.5,100,627.8295310229389,1.1568732504980414e-07,2.024839782970593e-06,0.0,0.0,0.0
6.5,101,628.1825039436221,-2.812329283179529e-47,1.7032180836945777e-06,0.22328565860995764,0.0,0.0
6.5,102,625.4418141460073,3.2873794984626653e-07,1.6237449969313652e-06,0.0,0.0,0.0
6.5,103,626.4708935036888,3.3825821021094215e-07,1.9681622956348658e-06,0.0,0.0,0.0
6.5,104,622.2303475309157,4.674816677538435e-07,1.5334029509481915e-06,0.0,0.0,0.0
6.5,105,623.928441050471,5.375097265100224e-07,1.8602406410050794e-06,0.0,0.0,0.0
6.5,106,617.6129656999944,5.761688249303857e-07,1.423702855461773e-06,0.0,0.0,0.0
6.5,107,620.0674040492767,6.986320884915069e-07,1.7093167598768652e-06,0.0,0.0,0.0
6.5,108,611.4421759033435,6.427647493334402e-07,1.3142933406970472e-06,0.0,0.0,0.0
6.5,109,614.7818749148923,8.085261794518945e-07,1.5287196456285659e-06,0.0,0.0,0.0
6.5,110,603.5414637820134,6.601361494832876e-07,1.2315061125917666e-06,0.0,0.0,0.0
6.5,111,607.9759690120181,8.532221740778113e-07,1.3397247325211213e-06,0.0,0.0,0.0
6.5,112,602.972868733323,-4.259607907668798e-07,-3.198030492024865e-44,0.0,-28.390309470267216,0.0
6.5,113,601.6025384695616,-5.244201478926724e-07,7.564328549954893e-07,0.0,0.0,0.0
6.5,114,601.9556979965489,-4.7492995843345634e-07,1.5070486117408508e-06,0.0,0.0,0.0
6.5,115,603.3260282603104,-3.434805216980317e-07,7.475624882791802e-07,0.0,0.0,0.0
6.5,116,600.9585506118922,-5.844246151624202e-07,-8.887282695645056e-44,0.0,-33.14632635668698,0.0
6.5,117,600.0,-6.885319105969676e-07,7.641968503258243e-07,0.0,0.0,0.0
6.5,118,600.6439878576693,-6.276576475746422e-07,1.5083171696356175e-06,0.0,0.0,0.0
6.5,119,601.3373746360644,-5.392492040183756e-07,2.256637074687295e-06,0.0,0.0,0.0
6.5,120,602.1335906897757,-4.607100982383724e-07,3.0196454266722148e-06,0.0,0.0,0.0
6.5,121,602.7519140502602,-3.602335363307187e-07,2.259131566276343e-06,0.0,0.0,0.0
6.5,122,600.0,-7.030707259901224e-07,2.2559647485690237e-06,0.0,0.0,0.0
6.5,123,600.693386778395,-6.229088068981965e-07,3.023553141001477e-06,0.0,0.0,0.0
6.5,124,601.3883763241994,-5.596302732610849e-07,3.768230540642973e-06,0.0,0.0,0.0
6.5,125,602.139062338194,-4.6883445440590645e-07,4.5132687414565944e-06,0.0,0.0,0.0
6.5,126,602.8842767037702,-3.8780926979151976e-07,3.7677515412926567e-06,0.0,0.0,0.0
6.5,127,600.0,-7.143433980723961e-07,3.7686257913451933e-06,0.0,0.0,0.0
6.5,128,600.6949895458044,-6.290533946243663e-07,4.510916339572954e-06,0.0,0.0,0.0
6.5,129,601.3325051611225,-5.670191725915681e-07,5.272437068466502e-06,0.0,0.0,0.0
6.5,130,601.935634033922,-5.122307442945757e-07,6.0444061386059895e-06,0.0,0.0,0.0
6.5,131,602.7421912109935,-3.903944963046035e-07,5.260977146645594e-06,0.0,0.0,0.0
6.5,132,600.0,-7.307423586093075e-07,5.284020746351533e-06,0.0,0.0,0.0
6.5,133,600.6375156153181,-6.731317181245187e-07,6.033775177582511e-06,0.0,0.0,0.0
6.5,134,601.5848717219171,-4.773160061578123e-07,6.765516507888561e-06,0.0,0.0,0.0
6.5,135,602.9383084396488,-2.474976455387518e-07,7.53846153846154e-06,0.0,30.43756507495516,0.0
6.5,136,603.2890707516538,-3.080876725908746e-07,6.812480585029415e-06,0.0,0.0,0.0
6.5,137,600.0,-6.330911602240826e-07,6.725973247066398e-06,0.0,0.0,0.0
6.5,138,600.947356106599,-4.4934692808614427e-07,7.53846153846154e-06,0.0,35.794099036989714,0.0
8.5,1,641.9262820292556,-8.929677487384075e-47,1.4717133077384784e-47,-0.0016199334589572824,0.3000721899119349,0.0
8.5,2,640.6774486160514,2.763275547979545e-07,-2.5722267843046457e-35,0.0,51.11371337229499,0.0
8.5,3,640.4867363884481,2.7302861907005314e-07,5.879389888146664e-07,0.0,0.0,0.0
8.5,4,641.7552443195142,2.333472090575187e-38,5.88098637046486e-07,-0.01000549293291858,0.0,0.0
8.5,5,637.7415967474127,5.322508798313139e-07,-4.247857948811636e-35,0.0,84.83474138067754,0.0
8.5,6,637.4984786106423,5.256912663888347e-07,5.876272694911853e-07,0.0,0.0,0.0
8.5,7,632.8994963487747,7.500064375962112e-07,-4.217185173139828e-35,0.0,84.30190735199258,0.0
8.5,8,632.5478116935136,7.40137859551062e-07,5.87720411174607e-07,0.0,0.0,0.0
8.5,9,626.0539528734295,9.08662809602784e-07,-1.544856404955716e-35,0.0,31.588709184294377,0.0
8.5,10,625.48780209562,8.949004064039603e-07,5.89169116042899e-07,0.0,0.0,0.0
8.5,11,617.127751412889,9.918445939197641e-07,4.765585105026754e-35,0.0,-98.6751239868541,0.0
8.5,12,616.1275881585067,9.717391988066355e-07,5.933494730077784e-07,0.0,0.0,0.0
8.5,13,606.1075660949042,9.654578064694963e-07,3.324651766252867e-40,0.0,-156.45035465843284,0.0
8.5,14,604.1885794278099,9.333120588924841e-07,5.994475158239303e-07,0.0,0.0,0.0
8.5,15,640.3313215048976,2.620275069993706e-07,1.2080019550452317e-06,0.0,0.0,0.0
8.5,16,641.6084072936092,8.758913856569781e-38,1.2117441455680242e-06,-0.013251779510409317,0.0,0.0
8.5,17,637.3247191047114,5.054596664204334e-07,1.198010930451506e-06,0.0,0.0,0.0
8.5,18,632.3521921205121,7.14065558888497e-07,1.184497265735991e-06,0.0,0.0,0.0
8.5,19,625.2911473463021,8.673168451392617e-07,1.1719044545645746e-06,0.0,0.0,0.0
8.5,20,616.0230658572311,9.459977293357916e-07,1.1651275067510242e-06,0.0,0.0,0.0
8.5,21,604.469447455354,9.109512384047227e-07,1.167194033774684e-06,0.0,0.0,0.0
8.5,22,640.4639149588289,2.4259709158404896e-07,1.9755164463323513e-06,0.0,0.0,0.0
8.5,23,641.7329208887243,4.725953550795002e-37,1.9935994745195114e-06,-0.12137800078231642,0.0,0.0
8.5,24,637.4745657064323,4.6973465679382463e-07,1.9250212461708266e-06,0.0,0.0,0.0
8.5,25,632.5223865646592,6.687516875314226e-07,1.8507589172785123e-06,0.0,0.0,0.0
8.5,26,625.4610259164868,8.217778509232514e-07,1.7681817833143978e-06,0.0,0.0,0.0
8.5,27,616.1009695491375,9.097931833011741e-07,1.6968918466521634e-06,0.0,0.0,0.0
8.5,28,604.166593015614,8.890927315702406e-07,1.6633917138324154e-06,0.0,0.0,0.0
8.5,29,640.641967814759,3.40995661281043e-07,2.943368919572867e-06,0.0,0.0,0.0
8.5,30,641.8921211363954,-7.130815661906868e-47,2.987549826111205e-06,0.12427605705590003,0.0,0.0
8.5,31,637.7028491664554,6.564330817154187e-07,2.8179145945083705e-06,0.0,0.0,0.0
8.5,32,632.8547989875387,9.25412858068581e-07,2.621124382818259e-06,0.0,0.0,0.0
8.5,33,625.9994007001314,1.1251335355659843e-06,2.3711977750282853e-06,0.0,0.0,0.0
8.5,34,617.0570259652212,1.2412339597391878e-06,2.092050067326888e-06,0.0,0.0,0.0
8.5,35,606.009527111706,1.252366566369106e-06,1.8285371968465846e-06,0.0,0.0,0.0
8.5,36,605.7939022429932,-4.098934852389402e-08,-4.473099554969378e-40,0.0,-8.325953016880884,0.0
8.5,37,602.75790702563,-2.5638086223432063e-07,7.863805138611037e-36,0.0,-16.048549369698534,0.0
8.5,38,601.8514094900373,-3.250880989324491e-07,1.8763092758560835e-06,0.0,0.0,0.0
8.5,39,603.7698007732228,-1.124870625319448e-07,1.874161669059258e-06,0.0,0.0,0.0
8.5,40,600.0,-4.846838902151636e-07,-2.8521250918571607e-43,0.0,-9.756841266795716,-3.9307649977029877
8.5,41,600.0,-5.395198327970664e-07,1.8779483785407981e-06,0.0,0.0,-6.513788498390772
8.5,42,601.9931207316255,-3.118605383763467e-07,3.762182217045458e-06,0.0,0.0,0.0
8.5,43,604.1385803447325,-8.968966131758653e-08,3.7558760821299325e-06,0.0,0.0,0.0
8.5,44,600.0,-5.396363625947974e-07,3.7658180877027317e-06,0.0,0.0,-6.321804711255606
8.5,45,601.9979057896529,-3.238373472374997e-07,5.6175070254492e-06,0.0,0.0,0.0
8.5,46,604.1501149516453,-1.034902418973879e-07,5.619253014844762e-06,0.0,0.0,0.0
8.5,47,600.0,-5.503272468222964e-07,5.615506367065819e-06,0.0,0.0,-6.3187668730164175
8.5,48,601.8320590375424,-3.889404896831201e-07,7.520813128385763e-06,0.0,0.0,0.0
8.5,49,603.7292178310886,-1.4976479371062238e-07,7.534662917867399e-06,0.0,0.0,0.0
8.5,50,600.0,-6.048038946414175e-07,7.501247851551174e-06,0.0,0.0,-6.456799757261768
8.5,51,602.7237865360304,-2.003395481414419e-08,9.384615384615385e-06,0.0,16.323960597594205,0.0
8.5,52,605.7226542619417,2.502337955913419e-07,9.384615384615385e-06,0.0,2.922746243976614,0.0
8.5,53,600.0,-3.199869877878872e-07,9.384615384615385e-06,0.0,10.024747659334546,-3.8840756946233923
8.5,54,641.3018653226535,1.3953988142890107e-07,-1.8486965424678822e-45,0.0,51.36869806261614,0.0
8.5,55,640.5820925022497,2.754414494420985e-07,2.9301086567514467e-07,0.0,0.0,0.0
8.5,56,641.1209903539811,1.378900240647419e-07,5.87997477526958e-07,0.0,0.0,0.0
8.5,57,641.8407631743848,9.399233859860741e-47,2.9292051547693584e-07,-0.011709294520689362,0.0,0.0
8.5,58,639.2095226817321,4.078397152161232e-07,-4.241631555698825e-45,0.0,136.08395647336766,0.0
8.5,59,637.6200376790275,5.305822944183743e-07,2.933730245940002e-07,0.0,0.0,0.0
8.5,60,638.9926074995452,4.0291259568345626e-07,5.877246766253782e-07,0.0,0.0,0.0
8.5,61,635.3205465480937,6.471096136931454e-07,1.0948223228425743e-44,0.0,169.82284526012128,0.0
8.5,62,632.7236540211442,7.470758620655454e-07,2.943079651881009e-07,0.0,0.0,0.0
8.5,63,635.023145152078,6.389312768773778e-07,5.875372066897047e-07,0.0,0.0,0.0
8.5,64,629.4767246111021,8.37873301384357e-07,-9.739877233318758e-44,0.0,116.15618751824371,0.0
8.5,65,625.7708774845248,9.053695747047653e-07,2.963042815365593e-07,0.0,0.0,0.0
8.5,66,629.0178068945668,8.261836433981386e-07,5.882090284360126e-07,0.0,0.0,0.0
8.5,67,621.5908521431593,9.614800138218969e-07,2.5340117989833084e-43,0.0,-58.23137512608793,0.0
8.5,68,616.6276697856979,9.81637077334096e-07,3.0006580825001114e-07,0.0,0.0,0.0
8.5,69,620.8076951270634,9.448822129599879e-07,5.908978929445056e-07,0.0,0.0,0.0
8.5,70,611.6176587538966,9.92660617990999e-07,-6.22303241781028e-43,0.0,-412.2182461497831,0.0
8.5,71,605.1480727613571,9.588025083854555e-07,3.0793177956575133e-07,0.0,0.0,0.0
8.5,72,610.1580837931583,9.67316468849501e-07,5.959329665928133e-07,0.0,0.0,0.0
8.5,73,640.4090289466728,2.687943948244525e-07,8.894291901838715e-07,0.0,0.0,0.0
8.5,74,640.9698643992533,1.3228633217834253e-07,1.2104796185773043e-06,0.0,0.0,0.0
8.5,75,641.6818258065616,-6.5066046266357066e-46,8.906121018210982e-07,-0.051002637669297024,0.0,0.0
8.5,76,637.4115988576768,5.180171518808644e-07,8.864795123028174e-07,0.0,0.0,0.0
8.5,77,638.8280203048046,3.870172879629353e-07,1.2033837849738372e-06,0.0,0.0,0.0
8.5,78,632.4500019070128,7.297311598858607e-07,8.830713766781235e-07,0.0,0.0,0.0
8.5,79,634.8384556126118,6.154193075194163e-07,1.1912633460841874e-06,0.0,0.0,0.0
8.5,80,625.3894747209611,8.842616956688406e-07,8.808485835124099e-07,0.0,0.0,0.0
8.5,81,628.8216697334071,7.990436011282128e-07,1.1777841680633794e-06,0.0,0.0,0.0
8.5,82,616.075327007869,9.57472427269499e-07,8.80990193912791e-07,0.0,0.0,0.0
8.5,83,620.6571066017666,9.180347184713551e-07,1.16782712147232e-06,0.0,0.0,0.0
8.5,84,604.329013441582,9.312767407863231e-07,8.845407024421387e-07,0.0,0.0,0.0
8.5,85,610.2462566562926,9.431020508198433e-07,1.1655475116272556e-06,0.0,0.0,0.0
8.5,86,640.3976182318632,2.511647591988671e-07,1.5619148929362366e-06,0.0,0.0,0.0
8.5,87,641.0984179237767,1.2227557977207515e-07,1.9886402084470806e-06,0.0,0.0,0.0
8.5,88,641.6706640911667,1.3231604097027367e-45,1.570797357249745e-06,-0.26362821662356806,0.0,0.0
8.5,89,637.3996424055719,4.857471272823699e-07,1.537222216020408e-06,0.0,0.0,0.0
8.5,90,638.9692403326305,3.585232849544564e-07,1.9536417149643e-06,0.0,0.0,0.0
8.5,91,632.4372893425857,6.883542167691046e-07,1.5025474416277067e-06,0.0,0.0,0.0
8.5,92,634.9984761355457,5.733829087853044e-07,1.889661427296569e-06,0.0,0.0,0.0
8.5,93,625.3760866313944,8.408526500760765e-07,1.4667018247766192e-06,0.0,0.0,0.0
8.5,94,628.991706240573,7.516016871814597e-07,1.8089343724457269e-06,0.0,0.0,0.0
8.5,95,616.0620177031843,9.195839502162082e-07,1.4407918564944575e-06,0.0,0.0,0.0
8.5,96,620.7809977328122,8.751449395311573e-07,1.728921782614674e-06,0.0,0.0,0.0
8.5,97,604.318020235484,9.045912508892166e-07,1.4360473538294877e-06,0.0,0.0,0.0
8.5,98,610.1337812823758,9.132055788621696e-07,1.6732619705093104e-06,0.0,0.0,0.0
8.5,99,640.5529413867939,2.5125020198792e-07,2.4696532886249915e-06,0.0,0.0,0.0
8.5,100,641.2670444755772,1.72087246282491e-07,2.9763264567241903e-06,0.0,0.0,0.0
8.5,101,641.8125210125598,-7.899901966686503e-46,2.500567911028255e-06,0.3483192984344624,0.0,0.0
8.5,102,637.5887074364439,4.862836360522994e-07,2.380938804557296e-06,0.0,0.0,0.0
8.5,103,639.1724084906072,5.026310665738192e-07,2.890430320198017e-06,0.0,0.0,0.0
8.5,104,632.688592776099,6.904290345238718e-07,2.2454772280838155e-06,0.0,0.0,0.0
8.5,105,635.2788240769971,7.972106120696437e-07,2.7275004532206635e-06,0.0,0.0,0.0
8.5,106,625.7302133083092,8.492238951825338e-07,2.0818193726161653e-06,0.0,0.0,0.0
8.5,107,629.4270998438351,1.0336581669678122e-06,2.500908604018924e-06,0.0,0.0,0.0
8.5,108,616.5789977571794,9.457100973953386e-07,1.9192608280115376e-06,0.0,0.0,0.0
8.5,109,621.5282133326764,1.192867617687394e-06,2.2318993651345066e-06,0.0,0.0,0.0
8.5,110,605.08806006366,9.692909062981194e-07,1.7965493388020721e-06,0.0,0.0,0.0
8.5,111,611.5332765384636,1.2567792918902193e-06,1.9526580851763246e-06,0.0,0.0,0.0
8.5,112,604.2759046343115,-1.5011490910047132e-07,-1.0719773805962262e-42,0.0,-30.33226765823361,0.0
8.5,113,602.3046582578336,-2.890032443332322e-07,9.420292754287574e-07,0.0,0.0,0.0
8.5,114,602.8106051316299,-2.2114255090051246e-07,1.8751787856958438e-06,0.0,0.0,0.0
8.5,115,604.781851508108,-3.493505108555823e-08,9.296452709318189e-07,0.0,0.0,0.0
8.5,116,601.378953512815,-3.717244229193533e-07,-1.797536717130961e-42,0.0,-35.17935039637982,0.0
8.5,117,600.0,-5.177037041882596e-07,9.527446445595574e-07,0.0,0.0,0.0
8.5,118,600.9257047450187,-4.3419826041056476e-07,1.877127770786304e-06,0.0,0.0,0.0
8.5,119,601.9222651108314,-3.098730690066915e-07,2.8093098539737194e-06,0.0,0.0,0.0
8.5,120,603.0658505381789,-2.0286528363910574e-07,3.759269217656816e-06,0.0,0.0,0.0
8.5,121,603.9541905589776,-5.778420184271183e-08,2.81176938747195e-06,0.0,0.0,0.0
8.5,122,600.0,-5.3871320081354e-07,2.808581224481288e-06,0.0,0.0,0.0
8.5,123,600.9965603658127,-4.274977242863694e-07,3.7640833500461134e-06,0.0,0.0,0.0
8.5,124,601.9955132606392,-3.400666109010757e-07,4.6901822322300376e-06,0.0,0.0,0.0
8.5,125,603.074010370649,-2.1477003061337204e-07,5.618138138766064e-06,0.0,0.0,0.0
8.5,126,604.1443476481888,-9.777527472758561e-08,4.689764335106332e-06,0.0,0.0,0.0
8.5,127,600.0,-5.569846472576067e-07,4.690683572607818e-06,0.0,0.0,0.0
8.5,128,600.9989528948265,-4.3795734994133657e-07,5.616461108965398e-06,0.0,0.0,0.0
8.5,129,601.9149824135977,-3.511342098530845e-07,6.561657545179548e-06,0.0,0.0,0.0
8.5,130,602.7806384343155,-2.738834659186013e-07,7.527674718005114e-06,0.0,0.0,0.0
8.5,131,603.9396663913669,-1.0355076995608133e-07,6.545968424888545e-06,0.0,0.0,0.0
8.5,132,600.0,-5.780108710462815e-07,6.5776522479665e-06,0.0,0.0,0.0
8.5,133,600.9160295187712,-5.006172111173229e-07,7.5109049762742445e-06,0.0,0.0,0.0
8.5,134,602.2779227867863,-2.1966795048549566e-07,8.419726047546525e-06,0.0,0.0,0.0
8.5,135,604.2232203989861,1.1654632641861293e-07,9.384615384615385e-06,0.0,32.375560491933875,0.0
8.5,136,604.7259360465151,1.7342569433813347e-08,8.486694855941865e-06,0.0,0.0,0.0
8.5,137,600.0,-4.360406372624761e-07,8.362439967264536e-06,0.0,0.0,0.0
8.5,138,601.3618932680151,-1.687817587487363e-07,9.384615384615385e-06,0.0,38.000215842733176,0.0
10.5,1,656.3091189007895,9.292798444059524e-49,-1.506753982130356e-48,-0.001729737086138279,0.41544852825932604,0.0
10.5,2,654.5811292937627,3.7110038648697486e-07,-3.490922772670131e-35,0.0,69.36277141743126,0.0
10.5,3,654.3164943299919,3.666652992955414e-07,7.813872166628726e-07,0.0,0.0,0.0
10.5,4,656.0708593492169,3.4032502990705517e-38,7.816114189402689e-07,-0.01557056842765387,0.0,0.0
10.5,5,650.5324605083514,7.140545853447398e-07,-5.745439069077945e-35,0.0,114.74191964284717,0.0
10.5,6,650.19779989564,7.052396458529993e-07,7.809350666014196e-07,0.0,0.0,0.0
10.5,7,643.8957035968753,1.0045794444334092e-06,-5.664625568995623e-35,0.0,113.28130497513816,0.0
10.5,8,643.4167668707287,9.913390501536993e-07,7.81011806220495e-07,0.0,0.0,0.0
10.5,9,634.5955801493773,1.2148577039010338e-06,-2.0159764553590239e-35,0.0,41.16120374362725,0.0
10.5,10,633.8337095252376,1.1964353186589824e-06,7.828960657209209e-07,0.0,0.0,0.0
10.5,11,622.6068373316873,1.3228994034863256e-06,6.48945408735329e-35,0.0,-133.60549710331887,0.0
10.5,12,621.2773234811824,1.296137176352972e-06,7.883783999879129e-07,0.0,0.0,0.0
10.5,13,608.0096439146096,1.2870202400445362e-06,4.550680415130994e-40,0.0,-210.0140691643534,0.0
10.5,14,605.4900321289398,1.2446361512044162e-06,7.965772179365399e-07,0.0,0.0,0.0
10.5,15,654.0995613394372,3.5181211392170045e-07,1.6058268689537906e-06,0.0,0.0,0.0
10.5,16,655.8652300602696,1.0907546128205937e-37,1.610872541382657e-06,-0.01091765695636801,0.0,0.0
10.5,17,649.9569003711626,6.779312132234453e-07,1.592340041835525e-06,0.0,0.0,0.0
10.5,18,643.1480314208176,9.561522661972673e-07,1.5741276220960437e-06,0.0,0.0,0.0
10.5,19,633.5661970500383,1.1591604177044796e-06,1.5571732860659171e-06,0.0,0.0,0.0
10.5,20,621.1356481098574,1.2613412613828752e-06,1.5479919564855094e-06,0.0,0.0,0.0
10.5,21,605.858089729354,1.214624981739778e-06,1.5507678936923174e-06,0.0,0.0,0.0
10.5,22,654.2828437748132,3.2569393846286686e-07,2.62904807620728e-06,0.0,0.0,0.0
10.5,23,656.0378315929324,6.4943537240194955e-37,2.653461256997589e-06,-0.16738050923142245,0.0,0.0
10.5,24,650.1628071393891,6.299264941774003e-07,2.5609034795165338e-06,0.0,0.0,0.0
10.5,25,643.3799935611527,8.952849985663482e-07,2.4608127565020533e-06,0.0,0.0,0.0
10.5,26,633.7955762077593,1.0979115930328383e-06,2.3495843696798535e-06,0.0,0.0,0.0
10.5,27,621.2401609828812,1.2125041529997653e-06,2.2536984483122303e-06,0.0,0.0,0.0
10.5,28,605.4602575802054,1.18524989713622e-06,2.2085532630393115e-06,0.0,0.0,0.0
10.5,29,654.5288783313114,4.5863103120410234e-07,3.9249711876716026e-06,0.0,0.0,0.0
10.5,30,656.2586308067765,3.39890225459353e-48,3.985269433607449e-06,0.16473365892841588,0.0,0.0
10.5,31,650.4758524233533,8.819030343174432e-07,3.7540925426273224e-06,0.0,0.0,0.0
10.5,32,643.8311737531702,1.2411880503417866e-06,3.487020516613413e-06,0.0,0.0,0.0
10.5,33,634.5179558228458,1.5061607863606e-06,3.1492824110723056e-06,0.0,0.0,0.0
10.5,34,622.5077683824195,1.6579057621568762e-06,2.774771083907308e-06,0.0,0.0,0.0
10.5,35,607.8744353761393,1.6727814156127357e-06,2.4217485716237226e-06,0.0,0.0,0.0
10.5,36,607.598571491133,2.7988200196748595e-07,-6.154518796012059e-40,0.0,-8.621407420577857,0.0
10.5,37,603.6175485311448,3.465508213638307e-10,8.435499950040383e-36,0.0,-17.208745441254354,0.0
10.5,38,602.427369685112,-8.845727200324937e-08,2.244317737941209e-06,0.0,0.0,0.0
10.5,39,604.9415689787828,1.8722039061998676e-07,2.2413283661499437e-06,0.0,0.0,0.0
10.5,40,600.0,-2.9235690125801385e-07,-1.0044416845551734e-44,0.0,-10.52295374370442,-5.155689269459141
10.5,41,600.0,-3.638362233779855e-07,2.247000379437616e-06,0.0,0.0,-8.54146858893795
10.5,42,602.612893900429,-7.364596418145873e-08,4.5018304399325975e-06,0.0,0.0,0.0
10.5,43,605.4244988246422,2.1310654156747066e-07,4.494899619225381e-06,0.0,0.0,0.0
10.5,44,600.0,-3.641571562424407e-07,4.506099625426251e-06,0.0,0.0,-8.288383690832777
10.5,45,602.6194063549814,-9.014632791883216e-08,6.7239980662651746e-06,0.0,0.0,0.0
10.5,46,605.4401751763179,1.9503317610363808e-07,6.72413884956726e-06,0.0,0.0,0.0
10.5,47,600.0,-3.804768529296374e-07,6.722883654003727e-06,0.0,0.0,-8.284277793616207
10.5,48,602.4010866020355,-1.72529566404317e-07,9.003658115119967e-06,0.0,0.0,0.0
10.5,49,604.886504927768,1.396364516753293e-07,9.024255657848414e-06,0.0,0.0,0.0
10.5,50,600.0,-4.5199257684642566e-07,8.976889124115836e-06,0.0,0.0,-8.463629600957493
10.5,51,603.5704059645711,3.2073885557921275e-07,1.1230769230769232e-05,0.0,17.618902700990695,0.0
10.5,52,607.5000895228271,6.725549657411512e-07,1.1230769230769232e-05,0.0,2.326669061173954,0.0
10.5,53,600.0,-6.69584396493478e-08,1.1230769230769232e-05,0.0,11.165374206060822,-5.091423961737549
10.5,54,655.4451240972761,1.8745432371149173e-07,-3.3838404185712204e-46,0.0,69.71583301027091,0.0
10.5,55,654.4488118118772,3.6991252285222907e-07,3.894444167854822e-07,0.0,0.0,0.0
10.5,56,655.1936768396044,1.8523530019474522e-07,7.81471925123091e-07,0.0,0.0,0.0
10.5,57,656.1899891250032,-2.297512312302917e-48,3.893291751969188e-07,-0.01673219747844497,0.0,0.0
10.5,58,652.5567949010571,5.474725911678897e-07,-8.456777972888777e-46,0.0,184.29457454870894,0.0
10.5,59,650.3651302019957,7.118132421462074e-07,3.899169970225265e-07,0.0,0.0,0.0
10.5,60,652.2571471128159,5.408477004394903e-07,7.810847492220202e-07,0.0,0.0,0.0
10.5,61,647.2140820526133,8.675066772780054e-07,-2.5514158645595723e-46,0.0,228.91180977489844,0.0
10.5,62,643.6562352338019,1.0007049548835303e-06,3.911457558338212e-07,0.0,0.0,0.0
10.5,63,646.8072833831843,8.565230426018446e-07,7.807926774827315e-07,0.0,0.0,0.0
10.5,64,639.2456418731263,1.1212953663966406e-06,-5.960806459148311e-45,0.0,154.98272518146763,0.0
10.5,65,634.2146448373074,1.2103086170897557e-06,3.937783456839165e-07,0.0,0.0,0.0
10.5,66,638.6252381979832,1.1056274274083695e-06,7.816408578055251e-07,0.0,0.0,0.0
10.5,67,628.6012087405322,1.2839083211882528e-06,1.448306411551201e-44,0.0,-81.37182397260571,0.0
10.5,68,621.9420804064348,1.3098871690541854e-06,3.9876314590897666e-07,0.0,0.0,0.0
10.5,69,627.55551650321,1.2617518647184233e-06,7.851568449849224e-07,0.0,0.0,0.0
10.5,70,615.3082406231484,1.323434392759002e-06,-2.2707877144882263e-44,0.0,-551.8825715349891,0.0
10.5,71,606.7498380217746,1.2772555564227128e-06,4.0913207545580777e-07,0.0,0.0,0.0
10.5,72,613.3836778050611,1.2898616118903196e-06,7.918435275715862e-07,0.0,0.0,0.0
10.5,73,654.2080278347146,3.609519131455337e-07,1.1821116970516348e-06,0.0,0.0,0.0
10.5,74,654.9823956998534,1.77672560933968e-07,1.6091716173202433e-06,0.0,0.0,0.0
10.5,75,655.9680447047433,4.4076784010090025e-49,1.1837124360933005e-06,-0.06412530133776834,0.0,0.0
10.5,76,650.0773501334013,6.948742300532986e-07,1.1781151112202922e-06,0.0,0.0,0.0
10.5,77,652.0282308552999,5.193978777593948e-07,1.5995946591523214e-06,0.0,0.0,0.0
10.5,78,643.2823991457731,9.77318228892184e-07,1.1734802940469072e-06,0.0,0.0,0.0
10.5,79,646.5524658959902,8.247966540756004e-07,1.5832474149404926e-06,0.0,0.0,0.0
10.5,80,633.699953287638,1.1818652921885272e-06,1.170431178052234e-06,0.0,0.0,0.0
10.5,81,638.357114235428,1.0689746145392469e-06,1.5650861687119546e-06,0.0,0.0,0.0
10.5,82,621.2064857955199,1.2773537350145159e-06,1.170624152878012e-06,0.0,0.0,0.0
10.5,83,627.3509225799478,1.2254610417464e-06,1.5516406005482188e-06,0.0,0.0,0.0
10.5,84,605.6740609291469,1.2402396172263975e-06,1.1754136706535078e-06,0.0,0.0,0.0
10.5,85,613.4968689196057,1.257241215024239e-06,1.548560699801782e-06,0.0,0.0,0.0
10.5,86,654.1912025571252,3.37181752157135e-07,2.0772049457392178e-06,0.0,0.0,0.0
10.5,87,655.1603376838727,1.6420357456000736e-07,2.646753134603259e-06,0.0,0.0,0.0
10.5,88,655.951530826601,2.0168157433918245e-47,2.089190869762128e-06,-0.3729794019018884,0.0,0.0
10.5,89,650.0598537552759,6.513575010465487e-07,2.0439130655353624e-06,0.0,0.0,0.0
10.5,90,652.2228254571012,4.810755927790443e-07,2.599513613333193e-06,0.0,0.0,0.0
10.5,91,643.2640124909851,9.21514676912548e-07,1.9971684922380033e-06,0.0,0.0,0.0
10.5,92,646.7714003502709,7.682931176745289e-07,2.5132326020383636e-06,0.0,0.0,0.0
10.5,93,633.6808866288989,1.1233510742006791e-06,1.948862740297905e-06,0.0,0.0,0.0
10.5,94,638.5877848844559,1.0052039033181996e-06,2.4044696305898743e-06,0.0,0.0,0.0
10.5,95,621.1879045463693,1.226293375525234e-06,1.9139891315578e-06,0.0,0.0,0.0
10.5,96,627.5178685953202,1.1677179407945706e-06,2.296814678764467e-06,0.0,0.0,0.0
10.5,97,605.6591736547797,1.2041793848102946e-06,1.907609927864808e-06,0.0,0.0,0.0
10.5,98,613.3502092815434,1.2169711661345249e-06,2.221827306651603e-06,0.0,0.0,0.0
10.5,99,654.4058610530623,3.3687896592946306e-07,3.2903741542453362e-06,0.0,0.0,0.0
10.5,100,655.393754569044,2.3150639145551793e-07,3.969925437116546e-06,0.0,0.0,0.0
10.5,101,656.1482311998545,-2.1334060478948176e-47,3.3323712408748194e-06,0.48470171348073343,0.0,0.0
10.5,102,650.3193297813712,6.514914199218911e-07,3.1700403835986454e-06,0.0,0.0,0.0
10.5,103,652.5023653773324,6.756474277192686e-07,3.852794093473423e-06,0.0,0.0,0.0
10.5,104,643.6055836571614,9.239021309346978e-07,2.9867459389319663e-06,0.0,0.0,0.0
10.5,105,647.1535130882618,1.0701373572405409e-06,3.631237325439484e-06,0.0,0.0,0.0
10.5,106,634.1567660153025,1.1346747007077236e-06,2.766108967613814e-06,0.0,0.0,0.0
10.5,107,639.174564788008,1.3850272026525733e-06,3.32435272125018e-06,0.0,0.0,0.0
10.5,108,621.8739646826504,1.2619087763690453e-06,2.5476111610325063e-06,0.0,0.0,0.0
10.5,109,628.5128621026327,1.5950179791337953e-06,2.962098416089128e-06,0.0,0.0,0.0
10.5,110,606.6673464781724,1.2914064115910042e-06,2.38295946159704e-06,0.0,0.0,0.0
10.5,111,615.1911018792794,1.6784328992737976e-06,2.5882633403924522e-06,0.0,0.0,0.0
10.5,112,605.608060011139,1.380696030258153e-07,-3.7699152796319377e-44,0.0,-32.502586915410824,0.0
10.5,113,603.0224591081285,-4.11058139541503e-08,1.126987459814547e-06,0.0,0.0,0.0
10.5,114,603.6844693319474,4.621655531827416e-08,2.2427499868121077e-06,0.0,0.0,0.0
10.5,115,606.270070234958,2.8634013498713116e-07,1.111583960971865e-06,0.0,0.0,0.0
10.5,116,601.8087742655725,-1.476999833577024e-07,-3.1960997165108604e-44,0.0,-37.28531798756874,0.0
10.5,117,600.0,-3.356567941949043e-07,1.140368094417439e-06,0.0,0.0,0.0
10.5,118,601.213684842556,-2.287096105886391e-07,2.2456762658688433e-06,0.0,0.0,0.0
10.5,119,602.5201317927705,-6.852948912539083e-08,3.3618687377765483e-06,0.0,0.0,0.0
10.5,120,604.0186963625356,6.684541791885053e-08,4.4986644405696834e-06,0.0,0.0,0.0
10.5,121,605.1830339017125,2.5702533563399266e-07,3.3639406350922955e-06,0.0,0.0,0.0
10.5,122,600.0,-3.6356138096360097e-07,3.36141877675594e-06,0.0,0.0,0.0
10.5,123,601.3064469502144,-2.2130841170652598e-07,4.504026343992179e-06,0.0,0.0,0.0
10.5,124,602.6161501277052,-1.082996808364211e-07,5.6122992722250435e-06,0.0,0.0,0.0
10.5,125,604.0297907656495,5.085502817100503e-08,6.723774755473423e-06,0.0,0.0,0.0
10.5,126,605.4323370004801,2.0505874899897406e-07,5.611969763168715e-06,0.0,0.0,0.0
10.5,127,600.0,-3.8915335792003905e-07,5.61286601630979e-06,0.0,0.0,0.0
10.5,128,601.3097031774907,-2.365713032250064e-07,6.7234308434041085e-06,0.0,0.0,0.0
10.5,129,602.5102464785084,-1.242744008519775e-07,7.851873914639061e-06,0.0,0.0,0.0
10.5,130,603.6437957649017,-2.2490961132181798e-08,9.013865538505267e-06,0.0,0.0,0.0
10.5,131,605.1633400520429,1.947634911516021e-07,7.832152158011928e-06,0.0,0.0,0.0
10.5,132,600.0,-4.1535424499714795e-07,7.872095261782324e-06,0.0,0.0,0.0
10.5,133,601.2005433010178,-3.1728702887674334e-07,8.990080690968152e-06,0.0,0.0,0.0
10.5,134,602.9857462833033,5.1838095597686926e-08,1.0076400038909779e-05,0.0,0.0,0.0
10.5,135,605.5352477436992,4.984130001892785e-07,1.1230769230769232e-05,0.0,34.65687199871853,0.0
10.5,136,606.1932972252976,3.5637228687283187e-07,1.0163526689093581e-05,0.0,0.0,0.0
10.5,137,600.0,-2.2592167331239203e-07,1.0000856919060754e-05,0.0,0.0,0.0
10.5,138,601.7852029822857,1.2843104746061358e-07,1.1230769230769232e-05,0.0,40.37956449419004,0.0
12.5,1,671.1758643549863,-4.510650787887448e-44,-3.3732139213344337e-42,-0.0017472388443303469,0.5375872327646649,0.0
12.5,2,668.9408205673408,4.690024126168661e-07,-4.448710341767487e-35,0.0,88.38659285203235,0.0
12.5,3,668.5980870790697,4.633934173876636e-07,9.796631387766452e-07,0.0,0.0,0.0
12.5,4,670.8664182248581,4.5675802675266555e-38,9.799565005945285e-07,-0.02179192563234003,0.0,0.0
12.5,5,663.7175747137824,9.016841898560752e-07,-7.302342175742985e-35,0.0,145.83351184582807,0.0
12.5,6,663.2866833810001,8.905398062419206e-07,9.790582009836327e-07,0.0,0.0,0.0
12.5,7,655.1956175095416,1.2669349837178725e-06,-7.16092843328703e-35,0.0,143.2438094137496,0.0
12.5,8,654.583894673259,1.2502159602086746e-06,9.791064768856831e-07,0.0,0.0,0.0
12.5,9,643.3352248596672,1.5298722155906336e-06,-2.4907014531131935e-35,0.0,50.7924286898413,0.0
12.5,10,642.3709888403627,1.5066489975060862e-06,9.814275355044586e-07,0.0,0.0,0.0
12.5,11,628.1815852508691,1.6628033276646743e-06,8.287600244714641e-35,0.0,-169.9746851891748,0.0
12.5,12,626.5152242550893,1.629201791694188e-06,9.882338920068036e-07,0.0,0.0,0.0
12.5,13,609.9298000300911,1.6168313101632448e-06,1.0704678559392635e-39,0.0,-265.27707970526507,0.0
12.5,14,606.803793600161,1.564001389126444e-06,9.985855381133892e-07,0.0,0.0,0.0
12.5,15,668.3158962483402,4.445425818529135e-07,2.0136552566621665e-06,0.0,0.0,0.0
12.5,16,670.5982721670215,1.293304140167961e-37,2.0200524400775537e-06,-0.006916262831486705,0.0,0.0
12.5,17,662.9749330931803,8.558890262355635e-07,1.9965411381121355e-06,0.0,0.0,0.0
12.5,18,654.2386067355117,1.2055745365603687e-06,1.9734582473890245e-06,0.0,0.0,0.0
12.5,19,642.0300100362591,1.4593137832739326e-06,1.9519872570166793e-06,0.0,0.0,0.0
12.5,20,626.3354868408061,1.5849967934729751e-06,1.940307589517324e-06,0.0,0.0,0.0
12.5,21,607.2599694720869,1.5260502020531474e-06,1.9438174645819122e-06,0.0,0.0,0.0
12.5,22,668.5521315910119,4.1150400987641634e-07,3.299644612942814e-06,0.0,0.0,0.0
12.5,23,670.8211985409947,8.35574508804852e-37,3.3306287059280756e-06,-0.2159398825388371,0.0,0.0
12.5,24,663.23916856229,7.951786902495927e-07,3.2131871070361835e-06,0.0,0.0,0.0
12.5,25,654.5344076205462,1.128615075092364e-06,3.086321797926896e-06,0.0,0.0,0.0
12.5,26,642.3202835690538,1.3817911679060437e-06,2.9454130097678606e-06,0.0,0.0,0.0
12.5,27,626.4665868181138,1.5230447095906555e-06,2.8240678453349252e-06,0.0,0.0,0.0
12.5,28,606.7657924035267,1.488899413068935e-06,2.7668806749175706e-06,0.0,0.0,0.0
12.5,29,668.8695026241732,5.803105511319e-07,4.9339446851391325e-06,0.0,0.0,0.0
12.5,30,671.106771041514,4.797694178893806e-43,5.0111221990767996e-06,0.20604419138629654,0.0,0.0
12.5,31,663.6407612332563,1.114891147232792e-06,4.7155763287730166e-06,0.0,0.0,0.0
12.5,32,655.1088232323026,1.567009732204342e-06,4.375238108560355e-06,0.0,0.0,0.0
12.5,33,643.2319494045463,1.8986207072076905e-06,3.946300614823296e-06,0.0,0.0,0.0
12.5,34,628.0513464133124,2.0862825794119704e-06,3.473274941525396e-06,0.0,0.0,0.0
12.5,35,609.75419400878,2.1047676494530254e-06,3.0279911217742253e-06,0.0,0.0,0.0
12.5,36,609.4204308725241,6.091120765998481e-07,-1.0573728798379633e-39,0.0,-8.996992854663228,0.0
12.5,37,604.4854093213935,2.640533441574982e-07,9.00542405181841e-36,0.0,-18.345893876945823,0.0
12.5,38,603.0088488496523,1.5586080079106256e-07,2.612268194112594e-06,0.0,0.0,0.0
12.5,39,606.1245308504417,4.960993877752342e-07,2.608155765574431e-06,0.0,0.0,0.0
12.5,40,600.0,-9.28574072112912e-08,-1.074747929051338e-40,0.0,-11.254545268252253,-6.39234596980657
12.5,41,600.0,-1.8072758273451785e-07,2.6161146149929336e-06,0.0,0.0,-10.58857407701823
12.5,42,603.2385741457251,1.712888131176027e-07,5.241397379394974e-06,0.0,0.0,0.0
12.5,43,606.7226198993662,5.240773743833005e-07,5.234026616474229e-06,0.0,0.0,0.0
12.5,44,600.0,-1.8199489504127353e-07,5.246114274058132e-06,0.0,0.0,-10.2738082749593
12.5,45,603.2469474858354,1.5003310232062206e-07,7.831184264212582e-06,0.0,0.0,0.0
12.5,46,606.7427470923842,5.015344311886817e-07,7.829337439800132e-06,0.0,0.0,0.0
12.5,47,600.0,-2.0438772120347728e-07,7.831415158212763e-06,0.0,0.0,-10.268601776579494
12.5,48,602.9751890237618,5.106260727239906e-08,1.0487841500236798e-05,0.0,0.0,0.0
12.5,49,606.0540765316663,4.3808653692510054e-07,1.0515914213262905e-05,0.0,0.0,0.0
12.5,50,600.0,-2.926553078108309e-07,1.0453361908443023e-05,0.0,0.0,-10.488387103218017
12.5,51,604.4240913780416,6.72290687086697e-07,1.3076923076923078e-05,0.0,18.842866122035648,0.0
12.5,52,609.2922824914644,1.1070091845204662e-06,1.3076923076923078e-05,0.0,1.8896801920106663,0.0
12.5,53,600.0,1.9674356593756628e-07,1.3076923076923078e-05,0.0,12.227310264821858,-6.309040464919067
12.5,54,670.0583424611635,2.3696411314844042e-07,-2.2482676772656986e-40,0.0,88.84351555862615,0.0
12.5,55,668.7694538232053,4.675034358339046e-07,4.882902063818388e-07,0.0,0.0,0.0
12.5,56,669.7322526519639,2.3415679376279665e-07,9.797764848389327e-07,0.0,0.0,0.0
12.5,57,671.0211412899222,3.8149026456321574e-43,4.881506589095067e-07,-0.022136974586012374,0.0,0.0
12.5,58,666.3291976405616,6.916573646598928e-07,-5.040537330529777e-40,0.0,234.46728568984963,0.0
12.5,59,663.5021290473912,8.988525797319049e-07,4.888734375380287e-07,0.0,0.0,0.0
12.5,60,665.9423852300349,6.832780900957151e-07,9.792662716564965e-07,0.0,0.0,0.0
12.5,61,659.4565961116621,1.0948175364421105e-06,-4.072593125372895e-40,0.0,290.1692463939057,0.0
12.5,62,654.8897560914004,1.2620947278337205e-06,4.903989336761276e-07,0.0,0.0,0.0
12.5,63,658.9352890271296,1.0809375821450068e-06,9.788566726024776e-07,0.0,0.0,0.0
12.5,64,649.2654211846044,1.4131438802298706e-06,-4.923209272301118e-41,0.0,194.87125369792142,0.0
12.5,65,642.8531068500149,1.5240125152235431e-06,4.936756916148987e-07,0.0,0.0,0.0
12.5,66,648.4774417568108,1.393373954367391e-06,9.798749010002218e-07,0.0,0.0,0.0
12.5,67,635.7584050552682,1.6152868455341162e-06,5.366560504038913e-40,0.0,-105.91503758743278,0.0
12.5,68,627.3484047529791,1.6469670083532399e-06,4.999022515596878e-07,0.0,0.0,0.0
12.5,69,634.443106547726,1.587410155203237e-06,9.842284470072292e-07,0.0,0.0,0.0
12.5,70,619.0556926404802,1.6628351880403755e-06,3.758883203883618e-40,0.0,-695.9872028056923,0.0
12.5,71,608.366796815126,1.6037716780329707e-06,5.128181932246698e-07,0.0,0.0,0.0
12.5,72,616.6595089276252,1.620833914229511e-06,9.92600469539114e-07,0.0,0.0,0.0
12.5,73,668.4569916637049,4.561458866917734e-07,1.4821052105776064e-06,0.0,0.0,0.0
12.5,74,669.4570842076809,2.245616097215422e-07,2.017899957982368e-06,0.0,0.0,0.0
12.5,75,670.7323451959398,-7.528422527637488e-43,1.4841404402355625e-06,-0.07673794328790695,0.0,0.0
12.5,76,663.1308082370902,8.773823303795618e-07,1.4770183918209434e-06,0.0,0.0,0.0
12.5,77,665.6454146707603,6.560663696048574e-07,2.005748679916856e-06,0.0,0.0,0.0
12.5,78,654.4112507043853,1.2324490621430443e-06,1.4711026387858223e-06,0.0,0.0,0.0
12.5,79,658.606769914346,1.040690790047206e-06,1.9850179410739564e-06,0.0,0.0,0.0
12.5,80,642.2004994383109,1.4879776282808356e-06,1.4671841007550278e-06,0.0,0.0,0.0
12.5,81,648.1343083858853,1.346849322014076e-06,1.9620047192122168e-06,0.0,0.0,0.0
12.5,82,626.4253555479477,1.6057943559136628e-06,1.4674246050099974e-06,0.0,0.0,0.0
12.5,83,634.1827484385326,1.5413099904305244e-06,1.9449404603444926e-06,0.0,0.0,0.0
12.5,84,607.031881536124,1.5569999786236087e-06,1.473503389401895e-06,0.0,0.0,0.0
12.5,85,616.7977281564465,1.5794853275444703e-06,1.9410302226059566e-06,0.0,0.0,0.0
12.5,86,668.4340139196761,4.260066048651238e-07,2.605648733475278e-06,0.0,0.0,0.0
12.5,87,669.6866650660033,2.075113362949775e-07,3.322102194386577e-06,0.0,0.0,0.0
12.5,88,670.7097353540081,3.917720150798628e-42,2.62085474421513e-06,-0.49030673762581256,0.0,0.0
12.5,89,663.1070508277352,8.22198847150637e-07,2.5634406717199e-06,0.0,0.0,0.0
12.5,90,665.895650076651,6.075682116095367e-07,3.2621594856631063e-06,0.0,0.0,0.0
12.5,91,654.386507178029,1.1616791226112032e-06,2.504184339618768e-06,0.0,0.0,0.0
12.5,92,658.8867880914181,9.692127724802636e-07,3.152751225476347e-06,0.0,0.0,0.0
12.5,93,642.1751468026564,1.4137975100852894e-06,2.4429675756121913e-06,0.0,0.0,0.0
12.5,94,648.4273455948,1.2661736473944714e-06,3.014937461411283e-06,0.0,0.0,0.0
12.5,95,626.4010368294599,1.5410755731614955e-06,2.3988179835172156e-06,0.0,0.0,0.0
12.5,96,634.3934351935839,1.468170149049661e-06,2.878665096870399e-06,0.0,0.0,0.0
12.5,97,607.0128809378068,1.5112023728297054e-06,2.390748812715939e-06,0.0,0.0,0.0
12.5,98,616.6161896108202,1.5284587574571884e-06,2.783666168306028e-06,0.0,0.0,0.0
12.5,99,668.7108171075924,4.2520227597642926e-07,4.1333402881464345e-06,0.0,0.0,0.0
12.5,100,669.9881368328436,2.929807973509994e-07,4.991456534724796e-06,0.0,0.0,0.0
12.5,101,670.9639847912543,-3.894961833765564e-42,4.1868991067277026e-06,0.6295327739470893,0.0,0.0
12.5,102,663.4399648977732,8.217736108011373e-07,3.9800592617225985e-06,0.0,0.0,0.0
12.5,103,666.2551319287147,8.545217943266351e-07,4.8416383492447735e-06,0.0,0.0,0.0
12.5,104,654.8216154264244,1.1642833732654603e-06,3.747025088579165e-06,0.0,0.0,0.0
12.5,105,659.3747922327794,1.3519568759326706e-06,4.55886914614739e-06,0.0,0.0,0.0
12.5,106,642.7761164868,1.4281638794588239e-06,3.4673105474245686e-06,0.0,0.0,0.0
12.5,107,649.1703863184244,1.7472559582140055e-06,4.1684316379286734e-06,0.0,0.0,0.0
12.5,108,627.2589666157131,1.5865657035948981e-06,3.190970585817636e-06,0.0,0.0,0.0
12.5,109,635.6416479089294,2.0088406593707255e-06,3.7095911689388227e-06,0.0,0.0,0.0
12.5,110,608.2599932061534,1.6217137740656625e-06,2.983003976699888e-06,0.0,0.0,0.0
12.5,111,618.9027702110462,2.111765966167273e-06,3.2382343625962804e-06,0.0,0.0,0.0
12.5,112,606.9529200969588,4.3390352583199516e-07,-3.082612301291665e-43,0.0,-34.663898464592066,0.0
12.5,113,603.7471290855228,2.1462159030130322e-07,1.3116664262736667e-06,0.0,0.0,0.0
12.5,114,604.5666898500469,3.220109414878601e-07,2.6101235565702274e-06,0.0,0.0,0.0
12.5,115,607.7724808614829,6.155826711390597e-07,1.2935504618949534e-06,0.0,0.0,0.0
12.5,116,602.2427046606967,8.338620628433179e-08,-4.459118800950396e-40,0.0,-39.40433538222002,0.0
12.5,117,600.0,-1.4658964634408472e-07,1.3275215175306014e-06,0.0,0.0,0.0
12.5,118,601.5044244248261,-1.5660357380989776e-08,2.6142285518661626e-06,0.0,0.0,0.0
12.5,119,603.1237114976886,1.8029698612472048e-07,3.914381706717603e-06,0.0,0.0,0.0
12.5,120,604.9805970225457,3.439911779304829e-07,5.238066601143183e-06,0.0,0.0,0.0
12.5,121,606.423575374904,5.794850521194741e-07,3.915887856702877e-06,0.0,0.0,0.0
12.5,122,600.0,-1.8161507775025977e-07,3.914429131698175e-06,0.0,0.0,0.0
12.5,123,601.6192870728626,-8.427771433374287e-09,5.243791059060365e-06,0.0,0.0,0.0
12.5,124,603.2427608157802,1.310905695198249e-07,6.534611154619992e-06,0.0,0.0,0.0
12.5,125,604.9948472891098,3.237069210760842e-07,7.829920258379998e-06,0.0,0.0,0.0
12.5,126,606.7326834958752,5.15747991498707e-07,6.5343930163504e-06,0.0,0.0,0.0
12.5,127,600.0,-2.1464567572064937e-07,6.5352047564167246e-06,0.0,0.0,0.0
12.5,128,601.6234737429177,-2.8825987462158833e-08,7.831326236723373e-06,0.0,0.0,0.0
12.5,129,603.1110682547986,1.0938924661502077e-07,9.14284203733181e-06,0.0,0.0,0.0
12.5,130,604.514632777714,2.3700268650869947e-07,1.0501761676760062e-05,0.0,0.0,0.0
12.5,131,606.3984118120252,5.000944042766336e-07,9.119163710951617e-06,0.0,0.0,0.0
12.5,132,600.0,-2.4644376188998044e-07,9.167142065530979e-06,0.0,0.0,0.0
12.5,133,601.4875945118808,-1.2711867159487374e-07,1.0470343241417185e-05,0.0,0.0,0.0
12.5,134,603.6996402009017,3.321199934138503e-07,1.1734465552696904e-05,0.0,0.0,0.0
12.5,135,606.8581869347531,8.917466834238423e-07,1.3076923076923078e-05,0.0,36.94386563481108,0.0
12.5,136,607.6731795115654,7.040248175318399e-07,1.1841850701948015e-05,0.0,0.0,0.0
12.5,137,600.0,-7.55101222994049e-09,1.1640362256601739e-05,0.0,0.0,0.0
12.5,138,602.2120456890209,4.363867770528318e-07,1.3076923076923078e-05,0.0,42.77071738784149,0.0
14.5,1,686.4281084438101,8.454982165014826e-44,-1.641223834142213e-42,-0.0016778866424723704,0.6654668082868631,0.0
14.5,2,683.6623371583729,5.693814433407667e-07,-5.43865472161416e-35,0.0,108.0480560474006,0.0
14.5,3,683.2380945520705,5.625690877861485e-07,1.1816030555971013e-06,0.0,0.0,0.0
14.5,4,686.0442385929113,5.814409399699927e-38,1.1819695488554014e-06,-0.028594021000151456,0.0,0.0
14.5,5,677.2123116724372,1.0939017641223046e-06,-8.907632022055437e-35,0.0,177.89188676865126,0.0
14.5,6,676.6813633072425,1.0803701264241055e-06,1.1808346583061735e-06,0.0,0.0,0.0
14.5,7,666.7292871187573,1.535368962042178e-06,-8.696273037279022e-35,0.0,173.99177917655456,0.0
14.5,8,665.9802823939083,1.5150881322872014e-06,1.1808433241038084e-06,0.0,0.0,0.0
14.5,9,652.2214788330833,1.851691131065737e-06,-2.9668378223285406e-35,0.0,60.44232141423979,0.0
14.5,10,651.049617272477,1.8235578135438582e-06,1.1836001905672826e-06,0.0,0.0,0.0
14.5,11,633.8212733774096,2.0094408749577393e-06,1.0146289396808943e-34,0.0,-207.53262379869668,0.0
14.5,12,631.8126321990543,1.968859685683048e-06,1.1917459811118854e-06,0.0,0.0,0.0
14.5,13,611.8579280502067,1.9528045847959406e-06,9.750538992929596e-40,0.0,-321.8397004563839,0.0
14.5,14,608.1230472530839,1.8893784390434895e-06,1.2042875260653244e-06,0.0,0.0,0.0
14.5,15,682.8875787327015,5.396030322542706e-07,2.42908884278546e-06,0.0,0.0,0.0
14.5,16,685.7105113468593,1.4836975173998537e-37,2.4368764011063943e-06,-0.001397859696414927,0.0,0.0
14.5,17,676.2957554734124,1.0381628857341773e-06,2.408241015522338e-06,0.0,0.0,0.0
14.5,18,665.5557086366957,1.4607182565316968e-06,2.3801487585629423e-06,0.0,0.0,0.0
14.5,19,650.6332107281792,1.7658662127784183e-06,2.354036483774192e-06,0.0,0.0,0.0
14.5,20,631.5942888276528,1.914960920522285e-06,2.3397835584007566e-06,0.0,0.0,0.0
14.5,21,608.6678341630982,1.843251635640948e-06,2.344046907436821e-06,0.0,0.0,0.0
14.5,22,683.1784512726451,4.99456731713756e-07,3.983309637001974e-06,0.0,0.0,0.0
14.5,23,685.9854321911849,1.029541074350647e-36,4.021060170323554e-06,-0.26666012730976485,0.0,0.0
14.5,24,676.6199778555194,9.644039569436807e-07,3.878001830137316e-06,0.0,0.0,0.0
14.5,25,665.9168059263499,1.367232599916301e-06,3.723597633010933e-06,0.0,0.0,0.0
14.5,26,650.9852121519923,1.6716131027537472e-06,3.5521818857121606e-06,0.0,0.0,0.0
14.5,27,631.7516660191834,1.839496705465525e-06,3.404684011340444e-06,0.0,0.0,0.0
14.5,28,608.0764364806378,1.7981052750290223e-06,3.335140897140922e-06,0.0,0.0,0.0
14.5,29,683.5697913770518,7.05213720801475e-07,5.964134290958987e-06,0.0,0.0,0.0
14.5,30,686.3382684885074,2.7588827279623624e-43,6.058825729752875e-06,0.24798204002343482,0.0,0.0
14.5,31,677.1130833520757,1.3538420500226633e-06,5.696564028867769e-06,0.0,0.0,0.0
14.5,32,666.6179317330401,1.9007373516368302e-06,5.280502505805974e-06,0.0,0.0,0.0
14.5,33,652.0901149640239,2.2999762750758497e-06,4.757614035171006e-06,0.0,0.0,0.0
14.5,34,633.657196277101,2.5236592390363205e-06,4.183554858247306e-06,0.0,0.0,0.0
14.5,35,611.6388815891086,2.545532140092452e-06,3.6438822222154315e-06,0.0,0.0,0.0
14.5,36,611.2498868332884,9.445600603501005e-07,-1.1035896536775252e-39,0.0,-9.409736050954724,0.0
14.5,37,605.356904509948,5.32990810750119e-07,9.551123976700546e-36,0.0,-19.430099393316894,0.0
14.5,38,603.5928143747468,4.058873813525314e-07,2.9802385017077647e-06,0.0,0.0,0.0
14.5,39,607.3125421017731,8.11717450517655e-07,2.974821705713074e-06,0.0,0.0,0.0
14.5,40,600.0,1.119786946961483e-07,-6.751085178468873e-41,0.0,-11.94488987255782,-7.634215472831835
14.5,41,600.0,7.921498086007688e-09,2.985334281924266e-06,0.0,0.0,-12.644390132019186
14.5,42,603.8669100809869,4.2125834243038683e-07,5.9809804067575035e-06,0.0,0.0,0.0
14.5,43,608.0262216798485,8.411437045720342e-07,5.973266141589825e-06,0.0,0.0,0.0
14.5,44,600.0,5.122486611981517e-09,5.986032335667901e-06,0.0,0.0,-12.267744102980869
14.5,45,603.8772707021147,3.9507238439902464e-07,8.938797365388377e-06,0.0,0.0,0.0
14.5,46,608.0510908790338,8.139655303490575e-07,8.934710946155838e-06,0.0,0.0,0.0
14.5,47,600.0,-2.3669494179098304e-08,8.940701516166742e-06,0.0,0.0,-12.261416807454344
14.5,48,603.5513767287143,2.799703986130758e-07,1.1972794554169548e-05,0.0,0.0,0.0
14.5,49,607.2258787024629,7.431126534540903e-07,1.2008874137712092e-05,0.0,0.0,0.0
14.5,50,600.0,-1.2841314841656274e-07,1.1930220672485353e-05,0.0,0.0,-12.520480159624759
14.5,51,605.2803225989928,1.0320791791544389e-06,1.4923076923076925e-05,0.0,19.99151594093258,0.0
14.5,52,611.0897734957916,1.5507137762164383e-06,1.4923076923076925e-05,0.0,1.5581659414943412,0.0
14.5,53,600.0,4.6850052572992095e-07,1.4923076923076925e-05,0.0,13.220277038902385,-7.530497700730383
14.5,54,685.0452228010915,2.877385019801338e-07,-1.278138722670675e-40,0.0,108.61374619749895,0.0
14.5,55,683.4502158552217,5.675641063701519e-07,5.889673692280933e-07,0.0,0.0,0.0
14.5,56,684.6411665724909,2.843279374788678e-07,1.181747152690356e-06,0.0,0.0,0.0
14.5,57,686.2361735183606,-1.8325991918221402e-43,5.888041327588445e-07,-0.02787208764871929,0.0,0.0
14.5,58,680.4373244154051,8.394374576331486e-07,-3.008026793909336e-40,0.0,286.2466882238112,0.0
14.5,59,676.9468374898398,1.0904667030321394e-06,5.896610104321882e-07,0.0,0.0,0.0
14.5,60,679.9597289296564,8.292595667873278e-07,1.181106467275496e-06,0.0,0.0,0.0
14.5,61,671.9707993955973,1.3275532685136451e-06,-2.5134220408760804e-40,0.0,353.17988143738603,0.0
14.5,62,666.3547847563327,1.5295456407885838e-06,5.914846752403307e-07,0.0,0.0,0.0
14.5,63,671.3308228505755,1.3107060080616858e-06,1.180567892831898e-06,0.0,0.0,0.0
14.5,64,659.4753829759203,1.7115366751974237e-06,-4.094756497500153e-42,0.0,235.57470773932414,0.0
14.5,65,651.6355480527802,1.8444811786220004e-06,5.95409974108539e-07,0.0,0.0,0.0
14.5,66,658.5149498331926,1.6875685570313232e-06,1.1817494423984227e-06,0.0,0.0,0.0
14.5,67,643.0213761052464,1.953525405582594e-06,3.4135599888783674e-40,0.0,-131.63573396100384,0.0
14.5,68,632.8169527882319,1.9907554206335634e-06,6.028891969394766e-07,0.0,0.0,0.0
14.5,69,641.4311247357657,1.919803376152837e-06,1.1869468150286036e-06,0.0,0.0,0.0
14.5,70,622.8396007138082,2.0087378310153064e-06,1.864126830989357e-40,0.0,-843.6579503888156,0.0
14.5,71,609.9904876516453,1.9363400848791657e-06,6.183820979793557e-07,0.0,0.0,0.0
14.5,72,619.9678397260691,1.9581569693825423e-06,1.197027823859507e-06,0.0,0.0,0.0
14.5,73,683.062836642386,5.53743221380132e-07,1.787648932637266e-06,0.0,0.0,0.0
14.5,74,684.2990450397804,2.7264109821009514e-07,2.4342601812400314e-06,0.0,0.0,0.0
14.5,75,685.8773749698853,-7.112923329260422e-44,1.79013223392496e-06,-0.08882795575643454,0.0,0.0
14.5,76,676.4885593903275,1.0643400772575316e-06,1.7814363130187098e-06,0.0,0.0,0.0
14.5,77,679.591667103057,7.961187764991503e-07,2.419459116170476e-06,0.0,0.0,0.0
14.5,78,665.767995515302,1.4934688247843946e-06,1.7741949189451383e-06,0.0,0.0,0.0
14.5,79,670.9257320550541,1.2616924388510147e-06,2.3942181011770093e-06,0.0,0.0,0.0
14.5,80,650.8414140003281,1.8006522764272526e-06,1.7693708470497644e-06,0.0,0.0,0.0
14.5,81,658.0944596824374,1.630883458287306e-06,2.3662157732522623e-06,0.0,0.0,0.0
14.5,82,631.7034605133535,1.9407334090155637e-06,1.7696543493679215e-06,0.0,0.0,0.0
14.5,83,641.1137497779159,1.8635997769813358e-06,2.3454284004518007e-06,0.0,0.0,0.0
14.5,84,608.395440708091,1.8796153431062237e-06,1.7770631271607654e-06,0.0,0.0,0.0
14.5,85,620.1310614953754,1.9078205187562233e-06,2.3406635038094337e-06,0.0,0.0,0.0
14.5,86,683.0330150026733,5.170496809241822e-07,3.14412285586593e-06,0.0,0.0,0.0
14.5,87,684.5819417319151,2.5191014940217436e-07,4.010658439892607e-06,0.0,0.0,0.0
14.5,88,685.8479717690221,2.4363377417827508e-42,3.162643376719515e-06,-0.6145126892012944,0.0,0.0
14.5,89,676.4578666644659,9.971494657273325e-07,3.0927425085981023e-06,0.0,0.0,0.0
14.5,90,679.8992145640823,7.371641563780709e-07,3.9376379051499926e-06,0.0,0.0,0.0
14.5,91,665.7362572815227,1.4072948694956464e-06,3.0206179771132845e-06,0.0,0.0,0.0
14.5,92,671.2683918909347,1.1748307277181776e-06,3.804433837392703e-06,0.0,0.0,0.0
14.5,93,650.8092114400857,1.7103511565401635e-06,2.94612691918561e-06,0.0,0.0,0.0
14.5,94,658.4510090391711,1.5328374749255166e-06,3.6367522310656456e-06,0.0,0.0,0.0
14.5,95,631.6729774234182,1.8619616333800154e-06,2.8924504655737353e-06,0.0,0.0,0.0
14.5,96,641.3684390855879,1.7746207042598984e-06,3.4710794501577145e-06,0.0,0.0,0.0
14.5,97,608.372135321868,1.8237866047753211e-06,2.8826490247317697e-06,0.0,0.0,0.0
14.5,98,619.9140512499106,1.845718474955239e-06,3.355523564743782e-06,0.0,0.0,0.0
14.5,99,683.3741213248485,5.156398492780505e-07,4.993461242644808e-06,0.0,0.0,0.0
14.5,100,684.9540299327796,3.560950620663016e-07,6.034670366735953e-06,0.0,0.0,0.0
14.5,101,686.1618503398462,-2.482628971168733e-42,5.058976921598961e-06,0.7815605872154567,0.0,0.0
14.5,102,676.8665306037976,9.96020037906318e-07,4.806141418159037e-06,0.0,0.0,0.0
14.5,103,680.3414373645637,1.0380540652470486e-06,5.850958853715501e-06,0.0,0.0,0.0
14.5,104,666.267368829695,1.4100223369316564e-06,4.521810713376318e-06,0.0,0.0,0.0
14.5,105,671.8655075425579,1.6408028159216082e-06,5.50484021447124e-06,0.0,0.0,0.0
14.5,106,651.537663558008,1.7278262664699432e-06,4.181321762248916e-06,0.0,0.0,0.0
14.5,107,659.354023348532,2.117984075952656e-06,5.0281818228977625e-06,0.0,0.0,0.0
14.5,108,632.7044311481422,1.917636788384963e-06,3.845623541929377e-06,0.0,0.0,0.0
14.5,109,642.8736556205624,2.431692219167654e-06,4.470062851388024e-06,0.0,0.0,0.0
14.5,110,609.8576590348732,1.958184228580967e-06,3.5932510662961796e-06,0.0,0.0,0.0
14.5,111,622.6480389331048,2.5540150349416513e-06,3.8988806843561095e-06,0.0,0.0,0.0
14.5,112,608.3033956716182,7.354470541873943e-07,-2.952789358738813e-41,0.0,-36.74791157317331,0.0
14.5,113,604.4748594423475,4.761773361742187e-07,1.4962179953473067e-06,0.0,0.0,0.0
14.5,114,605.45267823826,6.040307592042533e-07,2.977427728890914e-06,0.0,0.0,0.0
14.5,115,609.2812144675308,9.508033959668697e-07,1.475582489924761e-06,0.0,0.0,0.0
14.5,116,602.678452254974,3.19744582487042e-07,-2.590264642238143e-40,0.0,-41.48982138689977,0.0
14.5,117,600.0,4.770701050586695e-08,1.5144145435161257e-06,0.0,0.0,0.0
14.5,118,601.7964071873735,2.0301503248839446e-07,2.9828439002336575e-06,0.0,0.0,0.0
14.5,119,603.7298622278669,4.347085518365579e-07,4.466876154690819e-06,0.0,0.0,0.0
14.5,120,605.9465658804177,6.266917873599232e-07,5.97752938495855e-06,0.0,0.0,0.0
14.5,121,607.6693818908109,9.07678104563801e-07,4.467704124320553e-06,0.0,0.0,0.0
14.5,122,600.0,5.416868303629838e-09,4.467568984728481e-06,0.0,0.0,0.0
14.5,123,601.9334550404935,2.094390859170417e-07,5.983514509584892e-06,0.0,0.0,0.0
14.5,124,603.8720903915508,3.7613859149890956e-07,7.4570719323066534e-06,0.0,0.0,0.0
14.5,125,605.9641807905743,6.019484709604982e-07,8.936372039387006e-06,0.0,0.0,0.0
14.5,126,608.0386562794412,8.322544629829695e-07,7.456982596167506e-06,0.0,0.0,0.0
14.5,127,600.0,-3.5106097922942324e-08,7.457660915973763e-06,0.0,0.0,0.0
14.5,128,601.9386353510574,1.8365987101906475e-07,8.939811570813276e-06,0.0,0.0,0.0
14.5,129,603.7143237154146,3.4810897947995096e-07,1.0434306181206237e-05,0.0,0.0,0.0
14.5,130,605.3886277155887,5.024279116363325e-07,1.1990692885643228e-05,0.0,0.0,0.0
14.5,131,607.6384847907484,8.106499194583554e-07,1.0406702938048347e-05,0.0,0.0,0.0
14.5,132,600.0,-7.285242037411445e-08,1.0462586526635858e-05,0.0,0.0,0.0
14.5,133,601.7756883643572,6.81462689466725e-08,1.1951184842750895e-05,0.0,0.0,0.0
14.5,134,604.4158496638536,6.189802636847382e-07,1.339332413405067e-05,0.0,0.0,0.0
14.5,135,608.1850480473922,1.2938334373400493e-06,1.4923076923076925e-05,0.0,39.15161796706104,0.0
14.5,136,609.1578260991273,1.0582333373511026e-06,1.352110299381159e-05,0.0,0.0,0.0
14.5,137,600.0,2.169740473848715e-07,1.3280422460903753e-05,0.0,0.0,0.0
14.5,138,602.6401612994964,7.525002220813016e-07,1.4923076923076925e-05,0.0,45.11235614820146,0.0
16.5,1,702.0242727184317,-9.82103569261708e-44,-1.8834827871263312e-42,-0.0015237034090634094,0.7986750315786615,0.0
16.5,2,698.7058105377198,6.719626498843934e-07,-6.457899125291725e-35,0.0,128.29007487254583,0.0
16.5,3,698.1969489931598,6.639210092711906e-07,1.3867023285295857e-06,0.0,0.0,0.0
16.5,4,701.5630320288559,7.138949967357199e-38,1.3871456752093323e-06,-0.035949405659814526,0.0,0.0
16.5,5,690.9806771928979,1.2901846194523132e-06,-1.055676046611297e-34,0.0,210.82582091361152,0.0
16.5,6,690.3461892074231,1.2742148038485363e-06,1.3857604490739662e-06,0.0,0.0,0.0
16.5,7,678.4667029666987,1.809159513445327e-06,-1.0266481410008584e-34,0.0,205.44083792786967,0.0
16.5,8,677.5763692297863,1.785243803959355e-06,1.3857185997953486e-06,0.0,0.0,0.0
16.5,9,661.2320725276172,2.1794577290508664e-06,-3.443280898626213e-35,0.0,70.09136203597447,0.0
16.5,10,659.8479267375325,2.146318924552812e-06,1.3889090110979961e-06,0.0,0.0,0.0
16.5,11,639.5124924169089,2.361908999796778e-06,1.2059830616635452e-34,0.0,-246.1733468678927,0.0
16.5,12,637.1570228987254,2.314227174894894e-06,1.3984063271328654e-06,0.0,0.0,0.0
16.5,13,613.7896059263563,2.2940506101673373e-06,1.0277793570166784e-39,0.0,-379.53081918652794,0.0
16.5,14,609.4448120279161,2.2199051665378816e-06,1.4131689848416668e-06,0.0,0.0,0.0
16.5,15,697.7753263270662,6.367341233798254e-07,2.8510877180028043e-06,0.0,0.0,0.0
16.5,16,701.1609483153248,1.6618285773880218e-37,2.8603006473336872e-06,0.005587112177573295,0.0,0.0
16.5,17,689.883987298938,1.2242588211594841e-06,2.8264103348163337e-06,0.0,0.0,0.0
16.5,18,677.0700642752004,1.720899790298271e-06,2.793183668748586e-06,0.0,0.0,0.0
16.5,19,659.35443769068,2.078006174523633e-06,2.7623183448125403e-06,0.0,0.0,0.0
16.5,20,636.8997128456195,2.2503810517923003e-06,2.745425496615865e-06,0.0,0.0,0.0
16.5,21,610.0785106461292,2.1653923533404257e-06,2.750459455942708e-06,0.0,0.0,0.0
16.5,22,698.1222655699522,5.89311938034571e-07,4.678313878502198e-06,0.0,0.0,0.0
16.5,23,701.4892761204823,1.2307299394020896e-36,4.723007319445456e-06,-0.3193797470870814,0.0,0.0
16.5,24,690.2696122747684,1.1371436078179522e-06,4.553671606588011e-06,0.0,0.0,0.0
16.5,25,677.4976608177587,1.6104987001183506e-06,4.371041251168219e-06,0.0,0.0,0.0
16.5,26,659.7687379100475,1.96661144144198e-06,4.168378125884458e-06,0.0,0.0,0.0
16.5,27,637.0829206213527,2.1610424419518773e-06,3.994106914146825e-06,0.0,0.0,0.0
16.5,28,609.3892419965149,2.1120434309190333e-06,3.91192832788438e-06,0.0,0.0,0.0
16.5,29,698.5899143855556,8.32994960059322e-07,7.012889941956544e-06,0.0,0.0,0.0
16.5,30,701.9115804486512,2.613595057192569e-43,7.125677450126915e-06,0.2904469236953847,0.0,0.0
16.5,31,690.8568689046346,1.5980991807680285e-06,6.694551732844969e-06,0.0,0.0,0.0
16.5,32,678.3285397717002,2.241464029821649e-06,6.200529409092814e-06,0.0,0.0,0.0
16.5,33,661.0702315439668,2.709148244958838e-06,5.581206099658742e-06,0.0,0.0,0.0
16.5,34,639.3119726840208,2.968879331103269e-06,4.903864404754031e-06,0.0,0.0,0.0
16.5,35,613.5241731968324,2.993878234478699e-06,4.267947017038011e-06,0.0,0.0,0.0
16.5,36,613.0827420230947,1.2853169181973768e-06,-1.2345473671780534e-39,0.0,-9.833734713080377,0.0
16.5,37,606.2300282938656,8.064671015516186e-07,1.0066428275735324e-35,0.0,-20.455309374328323,0.0
16.5,38,604.1779399403052,6.607759636418996e-07,3.3482414738855776e-06,0.0,0.0,0.0
16.5,39,608.5029153145258,1.1329704333915835e-06,3.341404672050697e-06,0.0,0.0,0.0
16.5,40,600.0,3.213563961152057e-07,-4.3492719617722865e-41,0.0,-12.594237350511811,-8.878445849846832
16.5,41,600.0,2.0127589919920072e-07,3.3546528171582474e-06,0.0,0.0,-14.704230463870424
16.5,42,604.4964798573825,6.755815184836359e-07,6.72060576201883e-06,0.0,0.0,0.0
16.5,43,609.332364597838,1.1633837553589247e-06,6.712600363383641e-06,0.0,0.0,0.0
16.5,44,600.0,1.964689841447064e-07,6.725924495358671e-06,0.0,0.0,-14.265671329424858
16.5,45,604.5089499530309,6.443249853433555e-07,1.0046631174973042e-05,0.0,0.0,0.0
16.5,46,609.3622562527347,1.1314132859125623e-06,1.0040123232648645e-05,0.0,0.0,0.0
16.5,47,600.0,1.6103454893675003e-07,1.0050453239645565e-05,0.0,0.0,-14.258210199808428
16.5,48,604.1283486073827,5.133726770472387e-07,1.3458178546948335e-05,0.0,0.0,0.0
16.5,49,608.3992772666288,1.0535571964351104e-06,1.3502671665317906e-05,0.0,0.0,0.0
16.5,50,600.0,4.0018811114125525e-08,1.3407190132733858e-05,0.0,0.0,-14.555291827481948
16.5,51,606.1371271391547,1.3990125668432572e-06,1.676923076923077e-05,0.0,21.066627477587723,0.0
16.5,52,612.8884337451236,2.0024340852732532e-06,1.676923076923077e-05,0.0,1.2910495820666417,0.0
16.5,53,600.0,7.470766160603605e-07,1.676923076923077e-05,0.0,14.147291275385962,-8.752992829082523
16.5,54,700.3650416280757,3.3963819169774116e-07,-1.0199875413128293e-40,0.0,128.96907360602748,0.0
16.5,55,698.4513797654398,6.69820603075256e-07,6.912241053497589e-07,0.0,0.0,0.0
16.5,56,699.8799905110079,3.3561121516310555e-07,1.3868791744882534e-06,0.0,0.0,0.0
16.5,57,701.7936523736438,2.3344022198683238e-43,6.910378318937643e-07,-0.03391652583980062,0.0,0.0
16.5,58,694.8432438653089,9.904094386322428e-07,-2.1418644166669465e-40,0.0,339.48421745591054,0.0
16.5,59,690.6634332001605,1.2861347126117075e-06,6.920276502967321e-07,0.0,0.0,0.0
16.5,60,694.2715691002915,9.783939353158418e-07,1.3861010661752213e-06,0.0,0.0,0.0
16.5,61,684.7236900797984,1.5650842823560226e-06,-1.7728225143428788e-40,0.0,417.76827926925114,0.0
16.5,62,678.0215360982424,1.8023378304611788e-06,6.941501894709117e-07,0.0,0.0,0.0
16.5,63,683.9612792186048,1.5452072078614736e-06,1.3854225859160174e-06,0.0,0.0,0.0
16.5,64,669.849387747158,2.015675013610609e-06,-3.143660469911058e-41,0.0,276.9858823443773,0.0
16.5,65,660.5399996325748,2.1708644657458976e-06,6.987268870992987e-07,0.0,0.0,0.0
16.5,66,668.7121479836594,1.9874244368896835e-06,1.3867603138015758e-06,0.0,0.0,0.0
16.5,67,650.3722824722631,2.2977333976987733e-06,2.5228460917223465e-40,0.0,-158.44310876426687,0.0
16.5,68,638.3347576578171,2.3403490991547285e-06,7.074665228814708e-07,0.0,0.0,0.0
16.5,69,648.5024748181289,2.2580573909310906e-06,1.39280560941881e-06,0.0,0.0,0.0
16.5,70,626.6510491716326,2.360235409685969e-06,1.6550576275683739e-40,0.0,-994.5214146951785,0.0
16.5,71,611.6172089771362,2.274103541649936e-06,7.255597782784817e-07,0.0,0.0,0.0
16.5,72,623.3009174633207,2.3009468039051215e-06,1.4046149353874474e-06,0.0,0.0,0.0
16.5,73,697.986137660113,6.53477256939783e-07,2.0979791855806663e-06,0.0,0.0,0.0
16.5,74,699.4681373211955,3.217795808986214e-07,2.8572097739745107e-06,0.0,0.0,0.0
16.5,75,701.3619901720904,-3.198840970235492e-43,2.100922825466006e-06,-0.10038026039424008,0.0,0.0
16.5,76,690.1150882531806,1.2552402716632856e-06,2.0906084513188907e-06,0.0,0.0,0.0
16.5,77,693.8296568130021,9.391740592316965e-07,2.8396909310613027e-06,0.0,0.0,0.0
16.5,78,677.3232167524934,1.7596766887664898e-06,2.082000639517303e-06,0.0,0.0,0.0
16.5,79,683.4770257870692,1.4872057666039846e-06,2.8098254758880805e-06,0.0,0.0,0.0
16.5,80,659.6011822141063,2.1190620775474206e-06,2.0762377930116585e-06,0.0,0.0,0.0
16.5,81,668.2122509829402,1.9203202256746474e-06,2.7767107392000943e-06,0.0,0.0,0.0
16.5,82,637.0283678721725,2.2812929971284373e-06,2.076559460187413e-06,0.0,0.0,0.0
16.5,83,648.1270752681498,2.1914876737513785e-06,2.752106780810146e-06,0.0,0.0,0.0
16.5,84,609.7616613370226,2.207256384626235e-06,2.0853345115785575e-06,0.0,0.0,0.0
16.5,85,623.4891117458744,2.2413912349431953e-06,2.7464652600206253e-06,0.0,0.0,0.0
16.5,86,697.9487959485092,6.100627542359116e-07,3.6912740318671822e-06,0.0,0.0,0.0
16.5,87,699.8057708452172,2.9727855536415913e-07,4.710678869532701e-06,0.0,0.0,0.0
16.5,88,701.3251122179036,1.9794690913862854e-42,3.7131941250315863e-06,-0.7451685883430139,0.0,0.0
16.5,89,690.0767997868531,1.1757359361385354e-06,3.630491028582849e-06,0.0,0.0,0.0
16.5,90,694.1959389223603,8.69510757306503e-07,4.624242776732682e-06,0.0,0.0,0.0
16.5,91,677.2838625464796,1.6577044069052414e-06,3.545178082495485e-06,0.0,0.0,0.0
16.5,92,683.8836365462637,1.3845929470283675e-06,4.466641139656247e-06,0.0,0.0,0.0
16.5,93,659.5615878003638,2.012229705908304e-06,3.4570865421623063e-06,0.0,0.0,0.0
16.5,94,668.6331993639031,1.804485817010526e-06,4.268358598733351e-06,0.0,0.0,0.0
16.5,95,636.9913167334862,2.1881129281485727e-06,3.3936580700172472e-06,0.0,0.0,0.0
16.5,96,648.4258292657001,2.0862691200459313e-06,4.0725844471627e-06,0.0,0.0,0.0
16.5,97,609.733876321322,2.1411327778214177e-06,3.382088084979196e-06,0.0,0.0,0.0
16.5,98,623.2360813089338,2.167919355279941e-06,3.9359851937026385e-06,0.0,0.0,0.0
16.5,99,698.356089977754,6.079463821015758e-07,5.868540239945505e-06,0.0,0.0,0.0
16.5,100,700.2507474171034,4.2067429945829776e-07,7.096877947601778e-06,0.0,0.0,0.0
16.5,101,701.7004282845667,-2.0984545047468943e-42,5.94637292932369e-06,0.9402841948407652,0.0,0.0
16.5,102,690.5632405897015,1.173760662483853e-06,5.6461886871252325e-06,0.0,0.0,0.0
16.5,103,694.723391645095,1.2257382063778907e-06,6.878167880132938e-06,0.0,0.0,0.0
16.5,104,677.9131002947295,1.660461141017816e-06,5.309151454629703e-06,0.0,0.0,0.0
16.5,105,684.5927043381673,1.935885916710369e-06,6.4667489202371335e-06,0.0,0.0,0.0
16.5,106,660.4194847270071,2.0328685238724083e-06,4.906361013093548e-06,0.0,0.0,0.0
16.5,107,669.6993856578335,2.4962094390786804e-06,5.901449520534584e-06,0.0,0.0,0.0
16.5,108,638.1974466526867,2.2542521561944964e-06,4.509953319539302e-06,0.0,0.0,0.0
16.5,109,650.1911021139938,2.862445192646916e-06,5.241634728309899e-06,0.0,0.0,0.0
16.5,110,611.4567075966736,2.299955064413977e-06,4.2122062130801535e-06,0.0,0.0,0.0
16.5,111,626.4180729404266,3.0039972731263618e-06,4.568593016585274e-06,0.0,0.0,0.0
16.5,112,609.6563851584801,1.0419028688073414e-06,-4.501978190414613e-41,0.0,-38.73399168356546,0.0
16.5,113,605.2039841170854,7.426926915754517e-07,1.6807206039815508e-06,0.0,0.0,0.0
16.5,114,606.3404276274155,8.912984396499565e-07,3.3447081419657303e-06,0.0,0.0,0.0
16.5,115,610.7928286688102,1.2911719677507948e-06,1.6576875523286153e-06,0.0,0.0,0.0
16.5,116,603.1150141469329,5.606335799237691e-07,-2.0168860279897533e-40,0.0,-43.514893896790724,0.0
16.5,117,600.0,2.4647410790346004e-07,1.7011629252705017e-06,0.0,0.0,0.0
16.5,118,602.0889699701527,4.264741841073445e-07,3.351524720945743e-06,0.0,0.0,0.0
16.5,119,604.3372098988439,6.938976894363554e-07,5.01935750735098e-06,0.0,0.0,0.0
16.5,120,606.9144222276102,9.141470312187547e-07,6.717057680159226e-06,0.0,0.0,0.0
16.5,121,608.9176399561819,1.240829572484689e-06,5.0194260226183556e-06,0.0,0.0,0.0
16.5,122,600.0,1.9680883366147058e-07,5.020801587716785e-06,0.0,0.0,0.0
16.5,123,602.2482399286913,4.315895391566802e-07,6.723246932515918e-06,0.0,0.0,0.0
16.5,124,604.5027149052066,6.25988895535013e-07,8.379624324790622e-06,0.0,0.0,0.0
16.5,125,606.9356031028829,8.848011046647652e-07,1.0042958534475925e-05,0.0,0.0,0.0
16.5,126,609.3473104252864,1.1537248120592733e-06,8.379677666283403e-06,0.0,0.0,0.0
16.5,127,600.0,1.4876510480813402e-07,8.380181283822565e-06,0.0,0.0,0.0
16.5,128,602.2544749765154,4.0024220687839847e-07,1.0048637919772446e-05,0.0,0.0,0.0
16.5,129,604.3186492802067,5.911477600407931e-07,1.1726049705996173e-05,0.0,0.0,0.0
16.5,130,606.2638129370057,7.727941873304985e-07,1.3480256062253035e-05,0.0,0.0,0.0
16.5,131,608.8807667596818,1.1257180004428531e-06,1.1694526874175567e-05,0.0,0.0,0.0
16.5,132,600.0,1.0474459726166229e-07,1.1758255278714962e-05,0.0,0.0,0.0
16.5,133,602.0641743036914,2.677398502867677e-07,1.3432298074210838e-05,0.0,0.0,0.0
16.5,134,605.1327378732688,9.114629658679929e-07,1.5052577716272815e-05,0.0,0.0,0.0
16.5,135,609.5127804421393,1.7035107072249587e-06,1.676923076923077e-05,0.0,41.26027454293079,0.0
16.5,136,610.6438555058762,1.4181461289196299e-06,1.5200940042823927e-05,0.0,0.0,0.0
16.5,137,600.0,4.467424938275807e-07,1.4920651553179234e-05,0.0,0.0,0.0
16.5,138,603.0685635695775,1.0756060813291323e-06,1.676923076923077e-05,0.0,47.38139019026741,0.0
18.5,1,717.9480680522341,5.234164845314499e-44,-1.8742580788945458e-42,-0.0012831542708559573,0.9370826985595718,0.0
18.5,2,714.0554883606434,7.766378334376218e-07,-7.505374092078285e-35,0.0,149.09143357398355,0.0
18.5,3,713.4590202323476,7.673425342315559e-07,1.5947499442360917e-06,0.0,0.0,0.0
18.5,4,717.4066316906534,8.539931538152045e-38,1.5952737715335427e-06,-0.04385047355805474,0.0,0.0
18.5,5,705.0081863286346,1.4903250880580816e-06,-1.2247978539690646e-34,0.0,244.60037498130268,0.0
18.5,6,704.2668089179067,1.4718691806442984e-06,1.59362480558022e-06,0.0,0.0,0.0
18.5,7,690.3955053051062,2.0880164532055567e-06,-1.1869860813271366e-34,0.0,237.5570721633399,0.0
18.5,8,689.3599342358939,2.06039699716303e-06,1.5935216040858308e-06,0.0,0.0,0.0
18.5,9,670.3575523295718,2.5128230591032137e-06,-3.9194429808766336e-35,0.0,79.72917798600061,0.0
18.5,10,668.7567189463117,2.4745891898578314e-06,1.5971426515503994e-06,0.0,0.0,0.0
18.5,11,645.2493781536826,2.7198353026461597e-06,1.4026049995165117e-34,0.0,-285.85640978242463,0.0
18.5,12,642.5429100943421,2.664940488248257e-06,1.6080019872158797e-06,0.0,0.0,0.0
18.5,13,615.7228828795986,2.640199972812706e-06,1.1172902764703777e-39,0.0,-438.2790549538142,0.0
18.5,14,610.7677725150211,2.5552249112130093e-06,1.625014772107349e-06,0.0,0.0,0.0
18.5,15,712.9636457562087,7.358338830246487e-07,3.279218008734148e-06,0.0,0.0,0.0
18.5,16,716.9335350301556,1.827432584603318e-37,3.2898897707963257e-06,0.014036819861444755,0.0,0.0
18.5,17,703.725455126836,1.4139809622239048e-06,3.250619353600432e-06,0.0,0.0,0.0
18.5,18,688.7696351070085,1.9858448458801422e-06,3.2121386464774817e-06,0.0,0.0,0.0
18.5,19,668.184596674146,2.395403583317318e-06,3.1764135688401447e-06,0.0,0.0,0.0
18.5,20,642.2463744825011,2.590906674553344e-06,3.156817546206803e-06,0.0,0.0,0.0
18.5,21,611.4905940601518,2.4921269302228123e-06,3.16263813532409e-06,0.0,0.0,0.0
18.5,22,713.367942038567,6.809753364563925e-07,5.383940069026923e-06,0.0,0.0,0.0
18.5,23,717.31655787418,1.4389390624298281e-36,5.435745501828636e-06,-0.37404848663104406,0.0,0.0
18.5,24,704.1737257784457,1.3132156129153661e-06,5.239499854326936e-06,0.0,0.0,0.0
18.5,25,689.264761204098,1.8581563266603397e-06,5.027986203502084e-06,0.0,0.0,0.0
18.5,26,668.6616679503677,2.2664735449379263e-06,4.793369368751498e-06,0.0,0.0,0.0
18.5,27,642.4548810395175,2.4873438290941667e-06,4.5917333759553135e-06,0.0,0.0,0.0
18.5,28,610.702917957126,2.430370662464545e-06,4.496653156955517e-06,0.0,0.0,0.0
18.5,29,713.9140972254022,9.635190375437387e-07,8.079125691011257e-06,0.0,0.0,0.0
18.5,30,717.8104001338675,4.102453294342521e-43,8.210572898260267e-06,0.33339167374096745,0.0,0.0
18.5,31,704.8576076199772,1.8474029180870586e-06,7.708506389130486e-06,0.0,0.0,0.0
18.5,32,690.2282674572936,2.5888264893841404e-06,7.134367971647317e-06,0.0,0.0,0.0
18.5,33,670.1628442795605,3.1256982540873937e-06,6.416229817444092e-06,0.0,0.0,0.0
18.5,34,645.0098274503837,3.4214669753383307e-06,5.6334654160404656e-06,0.0,0.0,0.0
18.5,35,615.4081766468566,3.4493084311495843e-06,4.8995623133661025e-06,0.0,0.0,0.0
18.5,36,614.9171451183093,1.6310051775289638e-06,-1.397429010901009e-39,0.0,-10.25370716581514,0.0
18.5,37,607.1038960283638,1.0842325876509017e-06,1.055019508886322e-35,0.0,-21.421193320218638,0.0
18.5,38,604.7636405978932,9.201702749685141e-07,3.716269090792695e-06,0.0,0.0,0.0
18.5,39,609.6944652289469,1.4593457438209252e-06,3.7079363510272295e-06,0.0,0.0,0.0
18.5,40,600.0,5.349412410188278e-07,-2.909872087724079e-41,0.0,-13.204406248329319,-10.123779308222511
18.5,41,600.0,3.989694991485891e-07,3.7240503559578846e-06,0.0,0.0,-16.766027328376968
18.5,42,605.1266546217466,9.34002119589294e-07,7.460275240761289e-06,0.0,0.0,0.0
18.5,43,610.6397485652967,1.490389236033295e-06,7.452006506563614e-06,0.0,0.0,0.0
18.5,44,600.0,3.917520872770847e-07,7.465819766628638e-06,0.0,0.0,-16.265591363105536
18.5,45,605.1413535933665,8.975584893397021e-07,1.1154531016519138e-05,0.0,0.0,0.0
18.5,46,610.6749358437906,1.4534700098058511e-06,1.1145459242462764e-05,0.0,0.0,0.0
18.5,47,600.0,3.494910001864511e-07,1.116046421014603e-05,0.0,0.0,-16.256988796984196
18.5,48,604.7055377069048,7.509069984414162e-07,1.4943785467925293e-05,0.0,0.0,0.0
18.5,49,609.57312524387,1.3688604757344024e-06,1.4997023737244323e-05,0.0,0.0,0.0
18.5,50,600.0,2.1232727327667728e-07,1.4884095926601437e-05,0.0,0.0,-16.590801681361967
18.5,51,606.9936399562737,1.7726298097650052e-06,1.8615384615384616e-05,0.0,22.071962180273797,0.0
18.5,52,614.6864518782407,2.4616562192927894e-06,1.8615384615384616e-05,0.0,1.0620168205083977,0.0
18.5,53,600.0,1.0318679574410593e-06,1.8615384615384616e-05,0.0,15.009823183498822,-9.975298660958398
18.5,54,716.0017782064388,3.9260849395444134e-07,-1.0218284011253714e-40,0.0,149.88817236631922,0.0
18.5,55,713.7572542964955,7.741651322348119e-07,7.949551982080414e-07,0.0,0.0,0.0
18.5,56,715.4328259615005,3.879527198669489e-07,1.5949614912960053e-06,0.0,0.0,0.0
18.5,57,717.6773498714438,-1.0473472527808984e-44,7.947465446225758e-07,-0.040265729426932934,0.0,0.0
18.5,58,709.5318373446389,1.1444138461919144e-06,-2.2372718561486874e-40,0.0,394.1236134317718,0.0
18.5,59,704.6374976232706,1.4856497402072838e-06,7.95868054778164e-07,0.0,0.0,0.0
18.5,60,708.8629145751272,1.1305240219250328e-06,1.594039190468472e-06,0.0,0.0,0.0
18.5,61,697.7018458168704,1.8071590230467528e-06,-1.6614028848714331e-40,0.0,483.8656088115592,0.0
18.5,62,689.8777197705001,2.0801819312711935e-06,7.982898734209782e-07,0.0,0.0,0.0
18.5,63,696.8133715769004,1.7841932771337442e-06,1.5932100661541159e-06,0.0,0.0,0.0
18.5,64,680.376528817339,2.3252357210820572e-06,1.9347720826045872e-41,0.0,319.05933832504104,0.0
18.5,65,669.5571356379418,2.5028162489780724e-06,8.035201309111801e-07,0.0,0.0,0.0
18.5,66,679.0583265911027,2.2926233389282054e-06,1.5946965947260314e-06,0.0,0.0,0.0
18.5,67,657.8034652416272,2.6475456989250104e-06,2.4433304306103094e-40,0.0,-186.30565355186468,0.0
18.5,68,643.8961441240124,2.6953761558437385e-06,8.135266011698026e-07,0.0,0.0,0.0
18.5,69,655.6498145203269,2.6018142407234815e-06,1.6015928411389534e-06,0.0,0.0,0.0
18.5,70,630.4861305166406,2.7169522238168697e-06,1.4362978860239787e-40,0.0,-1148.428494526365,0.0
18.5,71,613.2453276973099,2.6167071017505856e-06,8.34240608069776e-07,0.0,0.0,0.0
18.5,72,626.6553413046815,2.6488382101713233e-06,1.6151480111376382e-06,0.0,0.0,0.0
18.5,73,713.2113329942781,7.552431611234476e-07,2.412776721554762e-06,0.0,0.0,0.0
18.5,74,714.9485903931821,3.719255132348437e-07,3.286313844561996e-06,0.0,0.0,0.0
18.5,75,717.1700833604045,-1.6287187864831994e-43,2.416192493191933e-06,-0.11138072384818387,0.0,0.0
18.5,76,703.9961320223713,1.449881801497157e-06,2.404216779245917e-06,0.0,0.0,0.0
18.5,77,708.3445504415224,1.0850818397764277e-06,3.2660121567304564e-06,0.0,0.0,0.0
18.5,78,689.0647846714512,2.0307913694908836e-06,2.3942033603733257e-06,0.0,0.0,0.0
18.5,79,696.2475451169223,1.7169932435541628e-06,3.2314130251704766e-06,0.0,0.0,0.0
18.5,80,668.4706578102289,2.4428704782804164e-06,2.387469747834952e-06,0.0,0.0,0.0
18.5,81,678.4771158905772,2.2148539553764923e-06,3.1930679954697103e-06,0.0,0.0,0.0
18.5,82,642.3946422884217,2.6271115428098765e-06,2.3878246131066377e-06,0.0,0.0,0.0
18.5,83,655.2154855783235,2.5246288483712338e-06,3.1645583560679882e-06,0.0,0.0,0.0
18.5,84,611.1291832875864,2.5395791958424994e-06,2.39800022551901e-06,0.0,0.0,0.0
18.5,85,626.8684842713265,2.579844685121142e-06,3.158019134481519e-06,0.0,0.0,0.0
18.5,86,713.1657938973879,7.049481844641183e-07,4.2465392225714915e-06,0.0,0.0,0.0
18.5,87,715.3422499563735,3.4356899275600363e-07,5.421440860413183e-06,0.0,0.0,0.0
18.5,88,717.1250464521678,1.9717601358383136e-42,4.271940306041038e-06,-0.882148587816709,0.0,0.0
18.5,89,703.9495904526409,1.3577703713509028e-06,4.176133256930523e-06,0.0,0.0,0.0
18.5,90,708.7708339085063,1.0044688261672508e-06,5.321265824655689e-06,0.0,0.0,0.0
18.5,91,689.0171981555533,1.912643453173552e-06,4.077325810829867e-06,0.0,0.0,0.0
18.5,92,696.719243491272,1.5982780791712478e-06,5.138690903980527e-06,0.0,0.0,0.0
18.5,93,668.4231323122568,2.3191141879260847e-06,3.975322016468393e-06,0.0,0.0,0.0
18.5,94,678.9632145772329,2.0808310630609535e-06,4.909107368827175e-06,0.0,0.0,0.0
18.5,95,642.3506277610093,2.5191833648452963e-06,3.901926300652786e-06,0.0,0.0,0.0
18.5,96,655.5582744949427,2.40278642552192e-06,4.682563585268951e-06,0.0,0.0,0.0
18.5,97,611.096756008639,2.4629092151309215e-06,3.8885543064686646e-06,0.0,0.0,0.0
18.5,98,626.5788994983218,2.494716123556874e-06,4.5244581258759575e-06,0.0,0.0,0.0
18.5,99,713.6410196319846,7.020241058151198e-07,6.757671937200202e-06,0.0,0.0,0.0
18.5,100,715.8622486796348,4.866502186764405e-07,8.176979503103014e-06,0.0,0.0,0.0
18.5,101,717.5634790040237,-2.150400584447081e-42,6.848168856000213e-06,1.1055486619268795,0.0,0.0
18.5,102,704.5156666992115,1.3548068911927185e-06,6.499332597430309e-06,0.0,0.0,0.0
18.5,103,709.3858524226896,1.41737513101834e-06,7.922201820816454e-06,0.0,0.0,0.0
18.5,104,689.7465143306958,1.915333404926366e-06,6.1082348395477416e-06,0.0,0.0,0.0
18.5,105,697.5429375386354,2.2368919907795165e-06,7.443600147288841e-06,0.0,0.0,0.0
18.5,106,669.4122561149641,2.3429663489760845e-06,5.641682250603467e-06,0.0,0.0,0.0
18.5,107,680.195555868427,2.8815277446441077e-06,6.787334065808964e-06,0.0,0.0,0.0
18.5,108,643.7323542449506,2.596053610592819e-06,5.183280137800441e-06,0.0,0.0,0.0
18.5,109,657.5863358649722,3.3006384489195846e-06,6.023514855136858e-06,0.0,0.0,0.0
18.5,110,613.0555473019913,2.6466707058895967e-06,4.839239438403646e-06,0.0,0.0,0.0
18.5,111,630.2090020486202,3.4612231030937746e-06,5.246690796484977e-06,0.0,0.0,0.0
18.5,112,611.0105205733366,1.3529593348545632e-06,-5.823629448962222e-41,0.0,-40.61470670198842,0.0
18.5,113,605.9337683131284,1.0137961467569757e-06,1.8652172964269366e-06,0.0,0.0,0.0
18.5,114,607.22905291342,1.183378189018759e-06,3.7119764571566166e-06,0.0,0.0,0.0
18.5,115,612.3058051736282,1.636355270991487e-06,1.8398642080674036e-06,0.0,0.0,0.0
18.5,116,603.551948014182,8.057623634001521e-07,-1.8415411558575376e-40,0.0,-45.462468507354735,0.0
18.5,117,600.0,4.494003650328446e-07,1.8878347433061637e-06,0.0,0.0,0.0
18.5,118,602.3818202989466,6.543549178706075e-07,3.720256688145423e-06,0.0,0.0,0.0
18.5,119,604.94514760982,9.57528711404956e-07,5.571820627365915e-06,0.0,0.0,0.0
18.5,120,607.8832015935217,1.2060252705678724e-06,7.456641720414335e-06,0.0,0.0,0.0
18.5,121,610.1671068971218,1.5786450224841599e-06,5.571065569069439e-06,0.0,0.0,0.0
18.5,122,600.0,3.922618833587927e-07,5.574096470073359e-06,0.0,0.0,0.0
18.5,123,602.5633273108733,6.57749689946437e-07,7.463004716543806e-06,0.0,0.0,0.0
18.5,124,605.1340041075566,8.802712709494151e-07,9.302217520642057e-06,0.0,0.0,0.0
18.5,125,607.9081447185786,1.1719458566838597e-06,1.1149544149696288e-05,0.0,0.0,0.0
18.5,126,610.6573422045437,1.4798099969846856e-06,9.302426064001086e-06,0.0,0.0,0.0
18.5,127,600.0,3.366791623167067e-07,9.302716622868644e-06,0.0,0.0,0.0
18.5,128,602.5706767966833,6.206889181071112e-07,1.1157624315648253e-05,0.0,0.0,0.0
18.5,129,604.9234456501356,8.382005421854618e-07,1.3017907236070897e-05,0.0,0.0,0.0
18.5,130,607.1393314753874,1.0476390033716214e-06,1.4970204815561172e-05,0.0,0.0,0.0
18.5,131,610.1240305438303,1.4450350765340012e-06,1.2982450429445589e-05,0.0,0.0,0.0
18.5,132,600.0,2.860610969914419e-07,1.3054016673760258e-05,0.0,0.0,0.0
18.5,133,602.3527688534525,4.713236734114822e-07,1.4913491403841251e-05,0.0,0.0,0.0
18.5,134,605.8495888315892,1.2091611613026123e-06,1.671195498372884e-05,0.0,0.0,0.0
18.5,135,610.8400459172573,2.120292245822739e-06,1.8615384615384616e-05,0.0,43.26474703293835,0.0
18.5,136,612.1297885610554,1.783430491471615e-06,1.6881141813236274e-05,0.0,0.0,0.0
18.5,137,600.0,6.813709729022422e-07,1.6560770160494323e-05,0.0,0.0,0.0
18.5,138,603.496819978137,1.4051717050611455e-06,1.8615384615384616e-05,0.0,49.56567120176868,0.0
20.0,1,730.9493477649722,5.141763387878527e-48,-8.12119064131429e-48,-0.0011165454650989837,1.049164622079992,0.0
20.0,2,726.5917468953064,8.621086102413342e-07,-8.358275773512037e-35,0.0,166.02965542195653,0.0
20.0,3,725.924799401006,8.517931265320286e-07,1.7651425622174627e-06,0.0,0.0,0.0
20.0,4,730.3434958903338,9.663143740833142e-38,1.7657315236092666e-06,-0.05014498034168763,0.0,0.0
20.0,5,716.4725668217272,1.6538007924792102e-06,-1.362648000241478e-34,0.0,272.1306281491595,0.0
20.0,6,715.6448790052707,1.633321690887679e-06,1.7638696890366941e-06,0.0,0.0,0.0
20.0,7,700.1556820598939,2.3159037633895915e-06,-1.3179676328796667e-34,0.0,263.7913704280302,0.0
20.0,8,699.0022586197806,2.285268694087595e-06,1.7637186164050492e-06,0.0,0.0,0.0
20.0,9,677.8355848356599,2.7854131143709525e-06,-4.3131898765006324e-35,0.0,87.70350557063784,0.0
20.0,10,676.058049316936,2.7430270967762416e-06,1.767692689728736e-06,0.0,0.0,0.0
20.0,11,649.9585134347687,3.012717793611777e-06,1.5625216325686498e-34,0.0,-318.18038029752483,0.0
20.0,12,646.9649261650029,2.9519326782671273e-06,1.7796697998590379e-06,0.0,0.0,0.0
20.0,13,617.3072549777722,2.9234646718188415e-06,1.0737249712930701e-39,0.0,-486.3153361850675,0.0
20.0,14,611.8528268855708,2.8296231746502316e-06,1.7985130152158567e-06,0.0,0.0,0.0
20.0,15,725.3702156299405,8.167612312503139e-07,3.6298469515498723e-06,0.0,0.0,0.0
20.0,16,729.8134362341368,1.969473256870498e-37,3.6417089507985626e-06,0.020396438775825032,0.0,0.0
20.0,17,715.0398904121809,1.5689663477889791e-06,3.598050113071228e-06,0.0,0.0,0.0
20.0,18,698.3443474838107,2.202393894309387e-06,3.5552821106716376e-06,0.0,0.0,0.0
20.0,19,675.4226919475797,2.6549828203039907e-06,3.515589987334877e-06,0.0,0.0,0.0
20.0,20,646.6373184620521,2.8696041533079445e-06,3.493794248735679e-06,0.0,0.0,0.0
20.0,21,612.6489554037871,2.7595165449770105e-06,3.500257103568457e-06,0.0,0.0,0.0
20.0,22,725.8203043262187,7.558259522722495e-07,5.96165032844353e-06,0.0,0.0,0.0
20.0,23,730.2400705739109,1.607893394515617e-36,6.019255835202661e-06,-0.4183687467900363,0.0,0.0
20.0,24,715.5382861531987,1.4570450824846092e-06,5.801062126469604e-06,0.0,0.0,0.0
20.0,25,698.8936049221242,2.060573960709888e-06,5.5659815618592074e-06,0.0,0.0,0.0
20.0,26,675.9500150150409,2.5117218010907064e-06,5.305288481049898e-06,0.0,0.0,0.0
20.0,27,646.8655199432966,2.7544176828942684e-06,5.081316842007846e-06,0.0,0.0,0.0
20.0,28,611.7804449650134,2.690863795348454e-06,4.97571466175452e-06,0.0,0.0,0.0
20.0,29,726.4294536070871,1.070053286384411e-06,8.951521632988714e-06,0.0,0.0,0.0
20.0,30,730.7912136699246,6.961175327885338e-48,9.098137645839122e-06,0.3686534500298427,0.0,0.0
20.0,31,716.2999997367344,2.0509578478999543e-06,8.53837666615613e-06,0.0,0.0,0.0
20.0,32,699.964493260488,2.872596457516272e-06,7.899002323915042e-06,0.0,0.0,0.0
20.0,33,677.6136940129687,3.4661985192767064e-06,7.1002934045893425e-06,0.0,0.0,0.0
20.0,34,649.6865515499226,3.7916699735198596e-06,6.231372204375404e-06,0.0,0.0,0.0
20.0,35,616.9514984244149,3.821785273555365e-06,5.4173470009667314e-06,0.0,0.0,0.0
20.0,36,616.4204409350452,1.9138189194799614e-06,-1.4897511389006575e-39,0.0,-10.55614087203954,0.0
20.0,37,607.8198274662279,1.3147242756554906e-06,1.085587490007135e-35,0.0,-22.028041903022704,0.0
20.0,38,605.2438239642745,1.1359858149994267e-06,3.9925813110196225e-06,0.0,0.0,0.0
20.0,39,610.6716779551336,1.7266647422385132e-06,3.983000248156638e-06,0.0,0.0,0.0
20.0,40,600.0,7.161089258398945e-07,-3.111874999059434e-44,0.0,-13.628571781887896,-11.144120577888273
20.0,41,600.0,5.675280485454788e-07,4.001444062811151e-06,0.0,0.0,-18.455991845742624
20.0,42,605.6434098041042,1.1490014552941949e-06,8.015139693593306e-06,0.0,0.0,0.0
20.0,43,611.7121550738462,1.7582374634842257e-06,8.00657169034523e-06,0.0,0.0,0.0
20.0,44,600.0,5.582377418995336e-07,8.020880926911725e-06,0.0,0.0,-17.90535518144312
20.0,45,605.6599658531276,1.1082812682984737e-06,1.198483489924529e-05,0.0,0.0,0.0
20.0,46,611.7517450485906,1.7171568230109422e-06,1.197384678973031e-05,0.0,0.0,0.0
20.0,47,600.0,5.10552331324962e-07,1.199234199021688e-05,0.0,0.0,-17.895870739636017
20.0,48,605.1787559851728,9.488320432941516e-07,1.6056797889048e-05,0.0,0.0,0.0
20.0,49,610.5358625360301,1.6267407099860948e-06,1.6116977701855602e-05,0.0,0.0,0.0
20.0,50,600.0,3.605482907195759e-07,1.599015894321703e-05,0.0,0.0,-18.259136163168165
20.0,51,607.6951157642957,2.0810476904010316e-06,2e-05,0.0,22.65392062575902,0.0
20.0,52,616.1594197104477,2.8371992280907654e-06,2e-05,0.0,0.6852721654354003,0.0
20.0,53,600.0,1.2705565968143428e-06,2e-05,0.0,15.614099946634543,-10.976528514371402
20.0,54,728.7705473301394,4.3585637855420606e-07,-1.768188891332072e-45,0.0,166.92177111789968,0.0
20.0,55,726.2582731481561,8.593669425800667e-07,8.799091779534692e-07,0.0,0.0,0.0
20.0,56,728.1341476456698,4.306889512028232e-07,1.7653821097000675e-06,0.0,0.0,0.0
20.0,57,730.6464218276531,-4.493315765378864e-48,8.796817493569234e-07,-0.045369911608970526,0.0,0.0
20.0,58,721.5321568585168,1.2701815565047596e-06,-4.67223208269785e-45,0.0,438.6434776538273,0.0
20.0,59,716.058722913499,1.6486169345853281e-06,8.809122982785231e-07,0.0,0.0,0.0
20.0,60,720.7848392031383,1.2547666073827858e-06,1.7643432771784956e-06,0.0,0.0,0.0
20.0,61,708.3141244408107,2.0049329505645152e-06,-5.907649229037647e-45,0.0,537.8006103541433,0.0
20.0,62,699.5789703398373,2.307241584482612e-06,8.835801003218037e-07,0.0,0.0,0.0
20.0,63,707.3235688125258,1.9794532305162507e-06,1.7633932364426776e-06,0.0,0.0,0.0
20.0,64,688.995633447777,2.5782843556956957e-06,-6.080288548568644e-45,0.0,353.5127909676374,0.0
20.0,65,676.946817076298,2.7742651650582056e-06,8.893460692133458e-07,0.0,0.0,0.0
20.0,66,687.5301539683583,2.5421193403915986e-06,1.7650031375793874e-06,0.0,0.0,0.0
20.0,67,663.8970491352143,2.933690096558859e-06,9.819995703052405e-46,0.0,-208.8327301960685,0.0
20.0,68,648.4617197998858,2.985852868766774e-06,9.003869365216786e-07,0.0,0.0,0.0
20.0,69,661.5114877409694,2.8830187800758e-06,1.7725977682137315e-06,0.0,0.0,0.0
20.0,70,633.6328842062705,3.0088764889768818e-06,9.084288136417034e-45,0.0,-1274.2752828774796,0.0
20.0,71,614.5800409316715,2.8971224845538067e-06,9.232451411350389e-07,0.0,0.0,0.0
20.0,72,629.4088765252868,2.9335443004551715e-06,1.7875788272837925e-06,0.0,0.0,0.0
20.0,73,725.6475075154733,8.383446891058731e-07,2.670598535491779e-06,0.0,0.0,0.0
20.0,74,727.5918259320387,4.1287161399707937e-07,3.6377369703870415e-06,0.0,0.0,0.0
20.0,75,730.0784660622353,2.838584854655438e-47,2.674399340230332e-06,-0.12071232708582402,0.0,0.0
20.0,76,715.3423847087258,1.6088800251168135e-06,2.6610690603837875e-06,0.0,0.0,0.0
20.0,77,720.2050530210606,1.204250967739408e-06,3.6151654902248484e-06,0.0,0.0,0.0
20.0,78,698.6733030517956,2.2523717999793053e-06,2.649910427775045e-06,0.0,0.0,0.0
20.0,79,706.6921189479958,1.9047530474442717e-06,3.5767045705100644e-06,0.0,0.0,0.0
20.0,80,675.7403706322579,2.707688626681423e-06,2.642387023952627e-06,0.0,0.0,0.0
20.0,81,686.8835197156952,2.4556574967093063e-06,3.5340911750110424e-06,0.0,0.0,0.0
20.0,82,646.8011223135275,2.910090044967629e-06,2.6427664846242526e-06,0.0,0.0,0.0
20.0,83,661.0300052048159,2.7971871944018324e-06,3.5023974829275973e-06,0.0,0.0,0.0
20.0,84,612.2508911446789,2.811629041080243e-06,2.6540833413736095e-06,0.0,0.0,0.0
20.0,85,629.6431369329196,2.856858073741298e-06,3.4951273928164293e-06,0.0,0.0,0.0
20.0,86,725.5952599780796,7.824348227379239e-07,4.7012353621860975e-06,0.0,0.0,0.0
20.0,87,728.0301874500648,3.8136554589073515e-07,6.0033404919623796e-06,0.0,0.0,0.0
20.0,88,730.0267534040238,-2.882562372630618e-47,4.7294756004522595e-06,-0.992577322022,0.0,0.0
20.0,89,715.2890882826898,1.5064807647078836e-06,4.622978741487614e-06,0.0,0.0,0.0
20.0,90,720.6792952397086,1.1146919015389413e-06,5.891959980341046e-06,0.0,0.0,0.0
20.0,91,698.6189762029674,2.1210239309114357e-06,4.5131620992413435e-06,0.0,0.0,0.0
20.0,92,707.2159455376615,1.7728789550121545e-06,5.689011649992175e-06,0.0,0.0,0.0
20.0,93,675.6863534813103,2.570118381710205e-06,4.399807821322785e-06,0.0,0.0,0.0
20.0,94,687.4218099685825,2.306769126009996e-06,5.433885674785104e-06,0.0,0.0,0.0
20.0,95,646.7514192026744,2.790121942869015e-06,4.318276567487669e-06,0.0,0.0,0.0
20.0,96,661.4077674791688,2.661758959368736e-06,5.1822261281302695e-06,0.0,0.0,0.0
20.0,97,612.2147001844003,2.7263592060200415e-06,4.3034375121255615e-06,0.0,0.0,0.0
20.0,98,629.322982454155,2.7621897094465293e-06,5.006576891905241e-06,0.0,0.0,0.0
20.0,99,726.1248789666529,7.788791903977931e-07,7.485368854591506e-06,0.0,0.0,0.0
20.0,100,728.6103336385058,5.404961479166487e-07,9.06064916582144e-06,0.0,0.0,0.0
20.0,101,730.5156421219177,2.869863461101014e-48,7.586174712413797e-06,1.2392399444829563,0.0,0.0
20.0,102,715.9191429449666,1.5027468984938654e-06,7.197721692584134e-06,0.0,0.0,0.0
20.0,103,721.3647266719107,1.5738180136670898e-06,8.776543832006097e-06,0.0,0.0,0.0
20.0,104,699.4290490913061,2.123676975282684e-06,6.762565211018112e-06,0.0,0.0,0.0
20.0,105,708.1322464986113,2.4827268908505827e-06,8.243269265371654e-06,0.0,0.0,0.0
20.0,106,676.7818545140049,2.5965711562828614e-06,6.243989058533515e-06,0.0,0.0,0.0
20.0,107,688.7890936367284,3.1964026680908256e-06,7.51288436714329e-06,0.0,0.0,0.0
20.0,108,648.2760357466095,2.8756956681368287e-06,5.734958838625677e-06,0.0,0.0,0.0
20.0,109,663.6501227814456,3.658953516929255e-06,6.664168739871852e-06,0.0,0.0,0.0
20.0,110,614.3659716947142,2.930439443074361e-06,5.353100128990489e-06,0.0,0.0,0.0
20.0,111,633.3190249871687,3.835217242462316e-06,5.802465237039857e-06,0.0,0.0,0.0
20.0,112,612.1201342006366,1.6090857127935414e-06,-5.006037246994829e-44,0.0,-41.75432710848494,0.0
20.0,113,606.5318257152512,1.2390268899804558e-06,2.0038227195894554e-06,0.0,0.0,0.0
20.0,114,607.9577509597041,1.4243087595791323e-06,3.9876594005816415e-06,0.0,0.0,0.0
20.0,115,613.5460594450894,1.918759538431082e-06,1.976587615699241e-06,0.0,0.0,0.0
20.0,116,603.9099137331141,1.011161925952607e-06,-3.0482939394871037e-44,0.0,-46.76178404498853,0.0
20.0,117,600.0,6.220814057185564e-07,2.0281934431201617e-06,0.0,0.0,0.0
20.0,118,602.6219119821374,8.460185909289827e-07,3.997126206380128e-06,0.0,0.0,0.0
20.0,119,605.4436168841894,1.176650327350244e-06,5.986201173368907e-06,0.0,0.0,0.0
20.0,120,608.6777824389752,1.4467906991591773e-06,8.011390600939507e-06,0.0,0.0,0.0
20.0,121,611.19191651449,1.8548686906545637e-06,5.98484011327143e-06,0.0,0.0,0.0
20.0,122,600.0,5.589782430549033e-07,5.989138887181061e-06,0.0,0.0,0.0
20.0,123,602.8217049020521,8.479461311897014e-07,8.017950373743683e-06,0.0,0.0,0.0
20.0,124,605.6516878286159,1.0918708862686667e-06,9.993941962284944e-06,0.0,0.0,0.0
20.0,125,608.7058554508591,1.4087642260914078e-06,1.1978871870532493e-05,0.0,0.0,0.0
20.0,126,611.7319500612184,1.7465455543019512e-06,9.994229653849133e-06,0.0,0.0,0.0
20.0,127,600.0,4.974105480737027e-07,9.994430299509628e-06,0.0,0.0,0.0
20.0,128,602.8299829265638,8.062729880420777e-07,1.1988740720258506e-05,0.0,0.0,0.0
20.0,129,605.4193609191502,1.0439762338611663e-06,1.3985860175603969e-05,0.0,0.0,0.0
20.0,130,607.8573092606014,1.2742795285860923e-06,1.6086648423193562e-05,0.0,0.0,0.0
20.0,131,611.1438037923103,1.7062579041401349e-06,1.3947166635570003e-05,0.0,0.0,0.0
20.0,132,600.0,4.4139933540722993e-07,1.40251654435303e-05,0.0,0.0,0.0
20.0,133,602.5893779925864,6.433287098560447e-07,1.6022969721288952e-05,0.0,0.0,0.0
20.0,134,606.4369358747342,1.4559197236137516e-06,1.7954734958430644e-05,0.0,0.0,0.0
20.0,135,611.9272677373717,2.4625832128826202e-06,2e-05,0.0,44.61457732040496,0.0
20.0,136,613.3476411232389,2.0823743256399784e-06,1.8140974548188004e-05,0.0,0.0,0.0
20.0,137,600.0,8.794461304042279e-07,1.7787966902054093e-05,0.0,0.0,0.0
20.0,138,603.8475578821478,1.6790245474261261e-06,2e-05,0.0,51.18175092295956,0.0
