time,node,temperature,ur,uz,rf_r,rf_z,reaction_heat
0.5,1,600.3553496870713,-1.7852051469867679e-51,1.2664055419376289e-50,-8.4692002487441576e-05,0.00089629674093091144,0.0
0.5,2,600.3514745113328,2.4023072495433542e-09,-1.5884077801487095e-37,0.0,0.31666477307420138,0.0
0.5,3,600.3509593509681,2.3751780453581129e-09,6.074350407645438e-09,0.0,0.0,0.0
0.5,4,600.3549517538381,-2.1774464252163698e-40,6.0744156572386911e-09,0.00024725033366680124,0.0,0.0
0.5,5,600.3412205872692,4.7348898201853422e-09,-2.8630001498962036e-37,0.0,0.57184573991793108,0.0
0.5,6,600.3403528783384,4.681368369701523e-09,6.0755807639514098e-09,0.0,0.0,0.0
0.5,7,600.320482513036,6.9106767889673522e-09,-3.3539960333179572e-37,0.0,0.66978409746180878,0.0
0.5,8,600.3187302533282,6.8296835743442123e-09,6.0831275209641497e-09,0.0,0.0,0.0
0.5,9,600.2818159299312,8.7689793188999626e-09,-2.1026542282529561e-37,0.0,0.42629376391936047,0.0
0.5,10,600.2778616619593,8.6538710735165301e-09,6.1028822230050159e-09,0.0,0.0,0.0
0.5,11,600.2113616761636,1.0049296750324995e-08,2.7478975295520476e-37,0.0,-0.55263059429677708,0.0
0.5,12,600.201708853895,9.8746412788085547e-09,6.1448340610733806e-09,0.0,0.0,0.0
0.5,13,600.0841212085861,1.0220197922537174e-08,7.2774070846226243e-48,0.0,-1.5153844183282354,0.0
0.5,14,600.0590143475704,9.8974223014844549e-09,6.2064828058648689e-09,0.0,0.0,0.0
0.5,15,600.3506029741559,2.2950014806556329e-09,1.2424614128618563e-08,0.0,0.0,0.0
0.5,16,600.3546524708119,1.8542014758457546e-39,1.2451595932909285e-08,-0.00096531545861808948,0.0,0.0
0.5,17,600.339854852476,4.5326931270470174e-09,1.2352915781388745e-08,0.0,0.0,0.0
0.5,18,600.3179993002548,6.6364581464837697e-09,1.2253950952621251e-08,0.0,0.0,0.0
0.5,19,600.276933231521,8.4506018204336618e-09,1.2156661902077657e-08,0.0,0.0,0.0
0.5,20,600.2013436278841,9.6961544566114446e-09,1.2103411887217409e-08,0.0,0.0,0.0
0.5,21,600.0630343223509,9.7596449694663502e-09,1.2125606797417507e-08,0.0,0.0,0.0
0.5,22,600.3509280876042,2.1407756388255215e-09,1.9876668186953525e-08,0.0,0.0,0.0
0.5,23,600.3549248399942,1.8977859335426339e-39,2.000479102564722e-08,-0.00044557408029453232,0.0,0.0
0.5,24,600.3403103068212,4.2431336567038389e-09,1.9511340180825634e-08,0.0,0.0,0.0
0.5,25,600.3186657263576,6.2590785435850698e-09,1.8957888612164357e-08,0.0,0.0,0.0
0.5,26,600.277759461478,8.072946732686621e-09,1.8320240729125198e-08,0.0,0.0,0.0
0.5,27,600.2015484829005,9.4188586256282171e-09,1.7768803540956455e-08,0.0,0.0,0.0
0.5,28,600.0587808405937,9.6033866536415998e-09,1.750384443615478e-08,0.0,0.0,0.0
0.5,29,600.3514223738072,2.8368193922822303e-09,2.8429348397189678e-08,0.0,0.0,0.0
0.5,30,600.3553060464316,-1.2204780283886963e-51,2.866017726536677e-08,0.0011976873142551206,0.0,0.0
0.5,31,600.34114501167,5.6011219106137835e-09,2.7732215776490619e-08,0.0,0.0,0.0
0.5,32,600.3203559101092,8.1994969829086461e-09,2.65325808573934e-08,0.0,0.0,0.0
0.5,33,600.2815835649333,1.0465377311051662e-08,2.4792065771457493e-08,0.0,0.0,0.0
0.5,34,600.2109077699258,1.2125109930760717e-08,2.2520121036037468e-08,0.0,0.0,0.0
0.5,35,600.083189628078,1.2714277337456569e-08,1.9977259338508688e-08,0.0,0.0,0.0
0.5,36,600.0796788871625,-3.642559305355114e-07,-5.528516287005259e-43,0.0,-5.2718447469158001,0.0
0.5,37,600.0375711603597,-3.8949132683929347e-07,5.6370738755535438e-36,0.0,-11.274148933406472,0.0
0.5,38,600.0257465956873,-3.8949132683929162e-07,4.0000000000000199e-07,0.0,0.0,0.0
0.5,39,600.0530018075815,-3.642559305355097e-07,4.0000000000000258e-07,0.0,0.0,0.0
0.5,40,600.0,-4.1472672314307809e-07,-6.2945113689202989e-43,0.0,-6.0023041864905204,-0.05365380763442412
0.5,41,600.0,-4.147267231430757e-07,4.0000000000000131e-07,0.0,0.0,-0.08988717015996721
0.5,42,600.0277776543825,-3.8949132683929098e-07,8.0000000000000229e-07,0.0,0.0,0.0
0.5,43,600.0582547874934,-3.6425593053550896e-07,8.0000000000000272e-07,0.0,0.0,0.0
0.5,44,600.0,-4.1472672314307486e-07,8.0000000000000187e-07,0.0,0.0,-0.08777416175291577
0.5,45,600.0278366541758,-3.8949132683929088e-07,1.2000000000000021e-06,0.0,0.0,0.0
0.5,46,600.0583982811802,-3.6425593053550875e-07,1.2000000000000012e-06,0.0,0.0,0.0
0.5,47,600.0,-4.1472672314307454e-07,1.2000000000000021e-06,0.0,0.0,-0.08775264577258832
0.5,48,600.0255371078703,-3.8949132683928987e-07,1.600000000000002e-06,0.0,0.0,0.0
0.5,49,600.0525538774936,-3.6425593053550822e-07,1.6000000000000035e-06,0.0,0.0,0.0
0.5,50,600.0,-4.1472672314307258e-07,1.5999999999999999e-06,0.0,0.0,-0.08930736046879896
0.5,51,600.0372590797257,-3.8949132683928823e-07,1.9999999999999999e-06,0.0,11.274148933406931,0.0
0.5,52,600.0790254305266,-3.6425593053550674e-07,1.9999999999999999e-06,0.0,5.2718447469160559,0.0
0.5,53,600.0,-4.1472672314306993e-07,1.9999999999999999e-06,0.0,6.0023041864916404,-0.05321051716900863
0.5,54,600.353412099202,1.2054050673005439e-09,-1.2247880802471012e-48,0.0,0.31759019088263574,0.0
0.5,55,600.3512169311505,2.3949449307503924e-09,3.0241579106129115e-09,0.0,0.0,0.0
0.5,56,600.352955552403,1.1919318879170438e-09,6.074087632819228e-09,0.0,0.0,0.0
0.5,57,600.3551507204547,7.4409346811586659e-51,3.0227477491318647e-09,5.5186311323310728e-05,0.0,0.0
0.5,58,600.346347549301,3.5810734600757536e-09,-3.589935527245655e-48,0.0,0.88974852638687529,0.0
0.5,59,600.3407867328037,4.7200427475350578e-09,3.0287820354041406e-09,0.0,0.0,0.0
0.5,60,600.3456561146533,3.5410441413810908e-09,6.074247612764855e-09,0.0,0.0,0.0
0.5,61,600.3308515501526,5.8491980388431378e-09,-5.3317046246564191e-48,0.0,1.2482891957514062,0.0
0.5,62,600.3196063831822,6.8852330099900595e-09,3.0397990513819672e-09,0.0,0.0,0.0
0.5,63,600.3295415658333,5.782527255840084e-09,6.0779034981962795e-09,0.0,0.0,0.0
0.5,64,600.3011492214837,7.8908549283173994e-09,-5.7780031092272487e-48,0.0,1.10975540666601,0.0
0.5,65,600.2798387959452,8.736389133081227e-09,3.063422078162651e-09,0.0,0.0,0.0
0.5,66,600.2982959576437,7.7941665514721775e-09,6.090508646720139e-09,0.0,0.0,0.0
0.5,67,600.2465888030474,9.5048112759740502e-09,2.3526261772608158e-49,0.0,-0.06143091534018965,0.0
0.5,68,600.2065352650293,9.978297860752294e-09,3.1089665060910404e-09,0.0,0.0,0.0
0.5,69,600.2397852579271,9.3642960590069344e-09,6.1202117456617198e-09,0.0,0.0,0.0
0.5,70,600.1477414423748,1.0311011441233717e-08,1.376550571434655e-47,0.0,-3.4214220628359517,0.0
0.5,71,600.0715677780782,1.0091414640034437e-08,3.1947966759290458e-09,0.0,0.0,0.0
0.5,72,600.1303616007326,1.007831230247729e-08,6.1719759002949523e-09,0.0,0.0,0.0
0.5,73,600.350781162562,2.3437312633507093e-09,9.1832450649127609e-09,0.0,0.0,0.0
0.5,74,600.3526277224839,1.1506198062098928e-09,1.2442107029215755e-08,0.0,0.0,0.0
0.5,75,600.3548021123249,-2.2613996711215579e-50,9.1914946011072175e-09,-0.0011066306597474749,0.0,0.0
0.5,76,600.3401038654072,4.6235621383197068e-09,9.1637232199421777e-09,0.0,0.0,0.0
0.5,77,600.345228913316,3.4233780829373621e-09,1.2391187241135128e-08,0.0,0.0,0.0
0.5,78,600.3183647767914,6.7536849766859071e-09,9.1425174081675032e-09,0.0,0.0,0.0
0.5,79,600.3289270763654,5.6077259828766491e-09,1.2303089798638873e-08,0.0,0.0,0.0
0.5,80,600.2773974467401,8.5773849883709407e-09,9.1324517899377618e-09,0.0,0.0,0.0
0.5,81,600.2974662658878,7.5934852248921573e-09,1.2202493776444714e-08,0.0,0.0,0.0
0.5,82,600.2015262408895,9.7871714882051542e-09,9.1391613216882688e-09,0.0,0.0,0.0
0.5,83,600.2391384297025,9.1735526731260348e-09,1.2126643411467584e-08,0.0,0.0,0.0
0.5,84,600.0610243349606,9.8385732822756644e-09,9.1603968569625039e-09,0.0,0.0,0.0
0.5,85,600.1321889751175,9.9179419360299058e-09,1.211215651758262e-08,0.0,0.0,0.0
0.5,86,600.35076553088,2.2103547881674888e-09,1.5928335350406174e-08,0.0,0.0,0.0
0.5,87,600.3529264637991,1.0729805202916475e-09,1.997152111376583e-08,0.0,0.0,0.0
0.5,88,600.354788655403,3.0096542156547069e-50,1.5993548124353194e-08,0.00040198962255698356,0.0,0.0
0.5,89,600.3400825796487,4.3807203934545238e-09,1.5744706949503445e-08,0.0,0.0,0.0
0.5,90,600.3456191972127,3.1985988199194126e-09,1.9720428608608765e-08,0.0,0.0,0.0
0.5,91,600.3183325133061,6.4439733781501253e-09,1.54852724754122e-08,0.0,0.0,0.0
0.5,92,600.3294880165894,5.2666251304732896e-09,1.9250472672420221e-08,0.0,0.0,0.0
0.5,93,600.2773463464995,8.2526133516644623e-09,1.5217523783745585e-08,0.0,0.0,0.0
0.5,94,600.2982125939178,7.2011235764757311e-09,1.8635827375876813e-08,0.0,0.0,0.0
0.5,95,600.2014460553924,9.4978598303662371e-09,1.5022514878509296e-08,0.0,0.0,0.0
0.5,96,600.2396539721892,8.8265167175287496e-09,1.8012487036579623e-08,0.0,0.0,0.0
0.5,97,600.0609075814723,9.6296871815106029e-09,1.4983945831180172e-08,0.0,0.0,0.0
0.5,98,600.1301646617471,9.6957034699601248e-09,1.7575494337055604e-08,0.0,0.0,0.0
0.5,99,600.3511752307056,2.2726538294144507e-09,2.4287045814586783e-08,0.0,0.0,0.0
0.5,100,600.3533642101194,1.424216999016238e-09,2.86042546545542e-08,0.0,0.0,0.0
0.5,101,600.3551154432129,-1.5100999075039005e-50,2.4472351142253795e-08,0.00070009861929960738,0.0,0.0
0.5,102,600.3407276592457,4.4753234566270907e-09,2.3733732683289759e-08,0.0,0.0,0.0
0.5,103,600.3462836927386,4.2348577010563052e-09,2.8143288690626942e-08,0.0,0.0,0.0
0.5,104,600.3195108182334,6.5285196271350322e-09,2.2826269688808763e-08,0.0,0.0,0.0
0.5,105,600.3307504608897,6.9306601877452987e-09,2.71998649774051e-08,0.0,0.0,0.0
0.5,106,600.2796715132056,8.3133153647333343e-09,2.1620399250440586e-08,0.0,0.0,0.0
0.5,107,600.3009697375212,9.3840138417109787e-09,2.5729033515629433e-08,0.0,0.0,0.0
0.5,108,600.2062281264132,9.624436723451286e-09,2.0290600288280111e-08,0.0,0.0,0.0
0.5,109,600.2462456674295,1.1377826169182766e-08,2.3698658497592221e-08,0.0,0.0,0.0
0.5,110,600.0709852343359,1.007911414679538e-08,1.926266764920852e-08,0.0,0.0,0.0
0.5,111,600.147048699002,1.2549838650424258e-08,2.1192763403155149e-08,0.0,0.0,0.0
0.5,112,600.0586250237611,-3.7687362868740254e-07,-2.2880055833238128e-42,0.0,-21.817838427237117,0.0
0.5,113,600.0316588780236,-3.8949132683929421e-07,2.0000000000000161e-07,0.0,0.0,0.0
0.5,114,600.0393742016345,-3.7687362868740074e-07,4.0000000000000231e-07,0.0,0.0,0.0
0.5,115,600.066340347372,-3.6425593053551113e-07,2.0000000000000169e-07,0.0,0.0,0.0
0.5,116,600.0187855801798,-4.0210902499118578e-07,-2.441205436282175e-42,0.0,-23.278757306387735,0.0
0.5,117,600.0,-4.1472672314307613e-07,2.0000000000000137e-07,0.0,0.0,0.0
0.5,118,600.0128732978437,-4.0210902499118361e-07,4.0000000000000173e-07,0.0,0.0,0.0
0.5,119,600.0267621250349,-3.8949132683929183e-07,6.0000000000000241e-07,0.0,0.0,0.0
0.5,120,600.043016220938,-3.7687362868740005e-07,8.000000000000024e-07,0.0,0.0,0.0
0.5,121,600.0556282975374,-3.6425593053550891e-07,6.0000000000000251e-07,0.0,0.0,0.0
0.5,122,600.0,-4.1472672314307374e-07,6.0000000000000251e-07,0.0,0.0,0.0
0.5,123,600.0138888271913,-4.0210902499118292e-07,8.0000000000000208e-07,0.0,0.0,0.0
0.5,124,600.0278071542791,-3.8949132683929125e-07,1.0000000000000025e-06,0.0,0.0,0.0
0.5,125,600.043117467678,-3.7687362868739989e-07,1.2000000000000016e-06,0.0,0.0,0.0
0.5,126,600.0583265343369,-3.6425593053550864e-07,1.0000000000000025e-06,0.0,0.0,0.0
0.5,127,600.0,-4.1472672314307316e-07,1.0000000000000025e-06,0.0,0.0,0.0
0.5,128,600.0139183270878,-4.0210902499118265e-07,1.2000000000000021e-06,0.0,0.0,0.0
0.5,129,600.026686881023,-3.8949132683929183e-07,1.4000000000000023e-06,0.0,0.0,0.0
0.5,130,600.0390454926819,-3.7687362868739915e-07,1.6000000000000029e-06,0.0,0.0,0.0
0.5,131,600.0554760793368,-3.6425593053550875e-07,1.4000000000000025e-06,0.0,0.0,0.0
0.5,132,600.0,-4.1472672314307374e-07,1.4000000000000021e-06,0.0,0.0,0.0
0.5,133,600.0127685539351,-4.0210902499118122e-07,1.6000000000000014e-06,0.0,0.0,0.0
0.5,134,600.031398093798,-3.8949132683928738e-07,1.8000000000000016e-06,0.0,0.0,0.0
0.5,135,600.0581422551261,-3.7687362868739761e-07,1.9999999999999999e-06,0.0,21.817838427236833,0.0
0.5,136,600.0657896540101,-3.6425593053550462e-07,1.8000000000000014e-06,0.0,0.0,0.0
0.5,137,600.0,-4.1472672314307009e-07,1.8000000000000018e-06,0.0,0.0,0.0
0.5,138,600.0186295398628,-4.0210902499117911e-07,1.9999999999999999e-06,0.0,23.278757306386343,0.0
2.5,1,605.7279846887214,-4.632657737168451e-47,-2.2136540771798997e-45,-0.00051295372353419438,0.033645872307225717,0.0
2.5,2,605.5872490880034,3.8145155976867072e-08,-3.2872056401835557e-36,0.0,6.5379221510474608,0.0
2.5,3,605.5663395000942,3.7699788775966246e-08,8.4099426572753833e-08,0.0,0.0,0.0
2.5,4,605.7097268164274,1.4723089962199695e-39,8.4115023325948098e-08,-1.7170587568215165e-05,0.0,0.0
2.5,5,605.2491734069848,7.3951501590946607e-08,-5.5417406743872998e-36,0.0,11.069465057229316,0.0
2.5,6,605.221044584237,7.306798361495625e-08,8.4072676815132777e-08,0.0,0.0,0.0
2.5,7,604.6694299865944,1.0520537371253122e-07,-5.7225401038964874e-36,0.0,11.455202958949519,0.0
2.5,8,604.6257953136047,1.0387576959935648e-07,8.4115921538232159e-08,0.0,0.0,0.0
2.5,9,603.8026564968044,1.2913979562234761e-07,-2.4494980530164646e-36,0.0,4.9446132865616645,0.0
2.5,10,603.7269602670771,1.2727138977994999e-07,8.4350057430582243e-08,0.0,0.0,0.0
2.5,11,602.5881693356125,1.4256386933887203e-07,6.1865288507621277e-36,0.0,-12.403527930489222,0.0
2.5,12,602.4442136192457,1.3981600124103955e-07,8.4926828205549646e-08,0.0,0.0,0.0
2.5,13,600.9530325120296,1.4103982687841015e-07,1.4519137269410041e-43,0.0,-22.687611630954613,0.0
2.5,14,600.6566342109633,1.3654182432436743e-07,8.5834479448740403e-08,0.0,0.0,0.0
2.5,15,605.5499142794895,3.6238625723160891e-08,1.7265026951399057e-07,0.0,0.0,0.0
2.5,16,605.6945303062798,1.7063270886113958e-38,1.7314647088120572e-07,-0.0057606354379512292,0.0,0.0
2.5,17,605.201883593631,7.037588747205941e-08,1.7132449179256252e-07,0.0,0.0,0.0
2.5,18,604.6030060408626,1.0039969469290797e-07,1.6953154634807276e-07,0.0,0.0,0.0
2.5,19,603.7027851588471,1.2357595879839616e-07,1.6784085789603924e-07,0.0,0.0,0.0
2.5,20,602.4315309526731,1.3640813681009554e-07,1.6689445985770097e-07,0.0,0.0,0.0
2.5,21,600.7008620658918,1.3375779697199514e-07,1.6720559577775977e-07,0.0,0.0,0.0
2.5,22,605.5644054780911,3.3600763252152879e-08,2.8090519732343322e-07,0.0,0.0,0.0
2.5,23,605.7078750007361,5.5769859255734377e-38,2.8329079875764151e-07,-0.014028300641815823,0.0,0.0
2.5,24,605.2189200150606,6.5510234004012737e-08,2.7420477211944351e-07,0.0,0.0,0.0
2.5,25,604.6233707629144,9.4197025325232625e-08,2.642979532125924e-07,0.0,0.0,0.0
2.5,26,603.724166216938,1.1734248806208777e-07,2.5316209485253289e-07,0.0,0.0,0.0
2.5,27,602.4411101994024,1.3155925873133664e-07,2.435751063710585e-07,0.0,0.0,0.0
2.5,28,600.6536341148463,1.3100739350572354e-07,2.3901664064631374e-07,0.0,0.0,0.0
2.5,29,605.5842045536791,4.6577011443326921e-08,4.1418020439401688e-07,0.0,0.0,0.0
2.5,30,605.7251215861752,1.523762796207618e-46,4.196251256201547e-07,0.01792039143142788,0.0,0.0
2.5,31,605.2456727050287,9.0299080864464137e-08,3.9848533740884945e-07,0.0,0.0,0.0
2.5,32,604.6650762552515,1.2859368199029192e-07,3.7336973000410524e-07,0.0,0.0,0.0
2.5,33,603.7968429189556,1.584475016171381e-07,3.4041623835262234e-07,0.0,0.0,0.0
2.5,34,602.5798762414796,1.7686373544289011e-07,3.0252703538972821e-07,0.0,0.0,0.0
2.5,35,600.9404117004854,1.8137613653365758e-07,2.6456986187283295e-07,0.0,0.0,0.0
2.5,36,600.9038383992549,-7.4028731349615978e-07,-3.1335798570576382e-42,0.0,-5.6765075296171537,0.0
2.5,37,600.429568314642,-7.915739012183516e-07,6.0697686535138483e-36,0.0,-12.139544008375427,0.0
2.5,38,600.2895655039363,-7.9157390121834779e-07,7.6923076923077254e-07,0.0,0.0,0.0
2.5,39,600.590682029736,-7.4028731349615671e-07,7.6923076923077381e-07,0.0,0.0,0.0
2.5,40,600.0,-8.428604889405467e-07,-3.5677685805354507e-42,0.0,-6.4630364787583305,-0.6125619328486104
2.5,41,600.0,-8.4286048894054225e-07,7.6923076923077158e-07,0.0,0.0,-1.0173630513286307
2.5,42,600.3119488686657,-7.9157390121834694e-07,1.538461538461543e-06,0.0,0.0,0.0
2.5,43,600.6488051329999,-7.4028731349615597e-07,1.5384615384615425e-06,0.0,0.0,0.0
2.5,44,600.0,-8.4286048894054077e-07,1.5384615384615421e-06,0.0,0.0,-0.9887392968956729
2.5,45,600.3126137128289,-7.9157390121834556e-07,2.3076923076923123e-06,0.0,0.0,0.0
2.5,46,600.6504140436255,-7.4028731349615459e-07,2.3076923076923123e-06,0.0,0.0,0.0
2.5,47,600.0,-8.4286048894053918e-07,2.3076923076923115e-06,0.0,0.0,-0.988347478985091
2.5,48,600.2869320249832,-7.9157390121834493e-07,3.07692307692308e-06,0.0,0.0,0.0
2.5,49,600.5851306369323,-7.4028731349615427e-07,3.0769230769230821e-06,0.0,0.0,0.0
2.5,50,600.0,-8.4286048894053696e-07,3.0769230769230783e-06,0.0,0.0,-1.0097797635543957
2.5,51,600.4252197846748,-7.9157390121834228e-07,3.8461538461538468e-06,0.0,12.139544008375202,0.0
2.5,52,600.8947667915384,-7.4028731349615226e-07,3.8461538461538468e-06,0.0,5.6765075296171315,0.0
2.5,53,600.0,-8.4286048894053336e-07,3.8461538461538468e-06,0.0,6.4630364787588759,-0.6065234667115982
2.5,54,605.6576168883624,1.9227664094695892e-08,-1.7573440361340629e-43,0.0,6.5673169172997374,0.0
2.5,55,605.5767942940488,3.8026490626364774e-08,4.1897445746714932e-08,0.0,0.0,0.0
2.5,56,605.6380331582608,1.900536343557776e-08,8.4103657013160255e-08,0.0,0.0,0.0
2.5,57,605.7188557525744,1.192591272185084e-46,4.1881310185711023e-08,-0.00094218475830164759,0.0,0.0
2.5,58,605.4182112474941,5.6457911805468124e-08,-4.0692730813678823e-43,0.0,17.628753280027404,0.0
2.5,59,605.235108995611,7.3720317231031624e-08,4.195692490174874e-08,0.0,0.0,0.0
2.5,60,605.3936920421656,5.5795088124424897e-08,8.4076923617958304e-08,0.0,0.0,0.0
2.5,61,604.9593016967897,9.0299315834963612e-08,-3.550369126021339e-43,0.0,22.605218347894809,0.0
2.5,62,604.6476126500995,1.048287563413701e-07,4.2102716710420964e-08,0.0,0.0,0.0
2.5,63,604.9234199489208,8.9199144827465331e-08,8.4074306263783597e-08,0.0,0.0,0.0
2.5,64,604.2360432416995,1.1826784984140787e-07,-1.6046039321005732e-44,0.0,16.575684272094655,0.0
2.5,65,603.7648083819407,1.2859764890158657e-07,4.2408547155852465e-08,0.0,0.0,0.0
2.5,66,604.1763777903409,1.1668800179649525e-07,8.4198676653123681e-08,0.0,0.0,0.0
2.5,67,603.1954129162084,1.3741009416756769e-07,3.8533319155842821e-43,0.0,-6.6094173168578916,0.0
2.5,68,602.5161914774292,1.4150617299876112e-07,4.2990396501569875e-08,0.0,0.0,0.0
2.5,69,603.0855869431614,1.3515375093042815e-07,8.458726306618954e-08,0.0,0.0,0.0
2.5,70,601.7706009238211,1.4393269878783782e-07,5.6653272551616733e-43,0.0,-55.717265265110328,0.0
2.5,71,600.8048333614964,1.3931190879262369e-07,4.4127684896492864e-08,0.0,0.0,0.0
2.5,72,601.5504239151045,1.4044887942263895e-07,8.5313740832046501e-08,0.0,0.0,0.0
2.5,73,605.5581268897918,3.7137496308902622e-08,1.2721781786821202e-07,0.0,0.0,0.0
2.5,74,605.6222222928847,1.8259236155523882e-08,1.7297695324880035e-07,0.0,0.0,0.0
2.5,75,605.7021285613537,-5.0074948407449538e-46,1.2737347607619283e-07,-0.009830326263898629,0.0,0.0
2.5,76,605.211464088934,7.2039260220509071e-08,1.2683614372586782e-07,0.0,0.0,0.0
2.5,77,605.3758989365602,5.3676665338783666e-08,1.7203626080421594e-07,0.0,0.0,0.0
2.5,78,604.6144006772337,1.0250836234059201e-07,1.2639818211724478e-07,0.0,0.0,0.0
2.5,79,604.9024448172468,8.6062914801028484e-08,1.7042768594195018e-07,0.0,0.0,0.0
2.5,80,603.714872712962,1.2577113148185475e-07,1.261255373949786e-07,0.0,0.0,0.0
2.5,81,604.1528955998549,1.1306058392709236e-07,1.6863206098059297e-07,0.0,0.0,0.0
2.5,82,602.4378722859594,1.3820913345104581e-07,1.2618496516195396e-07,0.0,0.0,0.0
2.5,83,603.06715805576,1.3158497960773611e-07,1.672808780732759e-07,0.0,0.0,0.0
2.5,84,600.6787481384275,1.3535434745858737e-07,1.2663609677782676e-07,0.0,0.0,0.0
2.5,85,601.5661965092825,1.3732590765076406e-07,1.6698663468130614e-07,0.0,0.0,0.0
2.5,86,605.5571598787903,3.4777981692266415e-08,2.2279445291428257e-07,0.0,0.0,0.0
2.5,87,605.6361402394136,1.6907972979318059e-08,2.8264543423260198e-07,0.0,0.0,0.0
2.5,88,605.701202653508,3.1311420505295104e-45,2.2397535939810829e-07,-0.024678289847627363,0.0,0.0
2.5,89,605.2104018043458,6.7724085738705145e-08,2.1950120711289513e-07,0.0,0.0,0.0
2.5,90,605.3916627465758,4.9819303806997549e-08,2.7801046674858923e-07,0.0,0.0,0.0
2.5,91,604.6131884018885,9.6979679779875026e-08,2.148635129718444e-07,0.0,0.0,0.0
2.5,92,604.9211453889875,8.0340929580980956e-08,2.6949865443139225e-07,0.0,0.0,0.0
2.5,93,603.7134756878925,1.1998346998668108e-07,2.1007067151715737e-07,0.0,0.0,0.0
2.5,94,604.1737684899263,1.0657502680308977e-07,2.5865960831676297e-07,0.0,0.0,0.0
2.5,95,602.4363205760378,1.3313290738985375e-07,2.0661564227193098e-07,0.0,0.0,0.0
2.5,96,603.0826382081702,1.2575318531231652e-07,2.478751753330039e-07,0.0,0.0,0.0
2.5,97,600.6772480903691,1.317078243043436e-07,2.0595230298992749e-07,0.0,0.0,0.0
2.5,98,601.5473721571243,1.3341726957332964e-07,2.4030340131716906e-07,0.0,0.0,0.0
2.5,99,605.5743050158851,3.5062291757985766e-08,3.4916242787639984e-07,0.0,0.0,0.0
2.5,100,605.6546630699272,2.3472435294878003e-08,4.1825773361258081e-07,0.0,0.0,0.0
2.5,101,605.7164982934556,-2.9508073083257873e-45,3.5309359872855048e-07,0.037849469828308488,0.0,0.0
2.5,102,605.2322963600446,6.8191560594908454e-08,3.3778761906522254e-07,0.0,0.0,0.0
2.5,103,605.4149386293539,6.8899807720808974e-08,4.0759798257347715e-07,0.0,0.0,0.0
2.5,104,604.644223509083,9.7561654737938359e-08,3.2012859265141198e-07,0.0,0.0,0.0
2.5,105,604.9553744801401,1.1021573404811821e-07,3.8703135870155842e-07,0.0,0.0,0.0
2.5,106,603.7605045679468,1.2112153437361074e-07,2.9835237927048655e-07,0.0,0.0,0.0
2.5,107,604.2309595871036,1.4459761858584287e-07,3.5766602710800188e-07,0.0,0.0,0.0
2.5,108,602.510493220441,1.3638757534915821e-07,2.7612754426685059e-07,0.0,0.0,0.0
2.5,109,603.1883595802176,1.6900837678151954e-07,3.2163640952128833e-07,0.0,0.0,0.0
2.5,110,600.7970229076659,1.4017690495064214e-07,2.5928550368924599e-07,0.0,0.0,0.0
2.5,111,601.7601439709824,1.8063098003872262e-07,2.8266608164616115e-07,0.0,0.0,0.0
2.5,112,600.6667033569485,-7.6593060735725585e-07,-1.2968509079825911e-41,0.0,-23.492559067609104,0.0
2.5,113,600.3595669092891,-7.9157390121835223e-07,3.8461538461538754e-07,0.0,0.0,0.0
2.5,114,600.4401237668361,-7.6593060735725235e-07,7.6923076923077317e-07,0.0,0.0,0.0
2.5,115,600.7472602144954,-7.4028731349615978e-07,3.8461538461538764e-07,0.0,0.0,0.0
2.5,116,600.214784157321,-8.1721719507944915e-07,-1.3836878571297376e-41,0.0,-25.065616965891959,0.0
2.5,117,600.0,-8.428604889405431e-07,3.8461538461538696e-07,0.0,0.0,0.0
2.5,118,600.1447827519681,-8.1721719507944491e-07,7.6923076923077222e-07,0.0,0.0,0.0
2.5,119,600.300757186301,-7.9157390121834757e-07,1.1538461538461578e-06,0.0,0.0,0.0
2.5,120,600.4803770008327,-7.6593060735725151e-07,1.5384615384615425e-06,0.0,0.0,0.0
2.5,121,600.6197435813679,-7.4028731349615533e-07,1.1538461538461583e-06,0.0,0.0,0.0
2.5,122,600.0,-8.4286048894053844e-07,1.1538461538461578e-06,0.0,0.0,0.0
2.5,123,600.1559744343328,-8.1721719507944385e-07,1.5384615384615425e-06,0.0,0.0,0.0
2.5,124,600.3122812907473,-7.9157390121834831e-07,1.9230769230769276e-06,0.0,0.0,0.0
2.5,125,600.4815138782271,-7.6593060735725024e-07,2.3076923076923123e-06,0.0,0.0,0.0
2.5,126,600.6496095883126,-7.4028731349615607e-07,1.9230769230769276e-06,0.0,0.0,0.0
2.5,127,600.0,-8.4286048894053918e-07,1.9230769230769281e-06,0.0,0.0,0.0
2.5,128,600.1563068564144,-8.1721719507944237e-07,2.3076923076923119e-06,0.0,0.0,0.0
2.5,129,600.2997728689061,-7.9157390121834609e-07,2.6923076923076966e-06,0.0,0.0,0.0
2.5,130,600.4360313309578,-7.6593060735724981e-07,3.0769230769230817e-06,0.0,0.0,0.0
2.5,131,600.6177723402789,-7.4028731349615364e-07,2.6923076923076966e-06,0.0,0.0,0.0
2.5,132,600.0,-8.4286048894053706e-07,2.6923076923076966e-06,0.0,0.0,0.0
2.5,133,600.1434660124917,-8.1721719507944089e-07,3.0769230769230796e-06,0.0,0.0,0.0
2.5,134,600.356075904829,-7.9157390121834164e-07,3.4615384615384647e-06,0.0,0.0,0.0
2.5,135,600.6599932881065,-7.6593060735724748e-07,3.8461538461538468e-06,0.0,23.492559067609722,0.0
2.5,136,600.7399487142353,-7.4028731349614951e-07,3.4615384615384642e-06,0.0,0.0,0.0
2.5,137,600.0,-8.4286048894053367e-07,3.4615384615384642e-06,0.0,0.0,0.0
2.5,138,600.2126098923375,-8.1721719507943771e-07,3.8461538461538468e-06,0.0,25.065616965891099,0.0
4.5,1,615.807473504882,1.417498000285098e-46,2.1058345740290466e-47,-0.00099959930697853319,0.10178459639369966,0.0
4.5,2,615.3828861952449,1.0426172450393991e-07,-9.3543158545077387e-36,0.0,18.594913545519468,0.0
4.5,3,615.3189477216404,1.0303174665986163e-07,2.2919860566542393e-07,0.0,0.0,0.0
4.5,4,615.7509352533466,6.2931124538031687e-39,2.2924968093053496e-07,-0.0017998069042099215,0.0,0.0
4.5,5,614.3731276392456,2.0151408720087769e-07,-1.5624549004053178e-35,0.0,31.205641005442324,0.0
4.5,6,614.2892487078659,1.9906608320792623e-07,2.2911112061514042e-07,0.0,0.0,0.0
4.5,7,612.6724668376958,2.8545304036198003e-07,-1.5866807367445071e-35,0.0,31.688810528907791,0.0
4.5,8,612.5464734125605,2.8175372689823816e-07,2.2918891259876698e-07,0.0,0.0,0.0
4.5,9,610.1943151506911,3.4798140623907038e-07,-6.3642804510919761e-36,0.0,13.063233357024259,0.0
4.5,10,609.9830414443591,3.4279135907821218e-07,2.297815207141503e-07,0.0,0.0,0.0
4.5,11,606.8339287215957,3.8276542548904639e-07,1.713353107352959e-35,0.0,-36.022163832118771,0.0
4.5,12,606.4451771675061,3.750601097511431e-07,2.3146564231860664e-07,0.0,0.0,0.0
4.5,13,602.4829944183133,3.7370928317638256e-07,6.1987987048968475e-41,0.0,-59.48286328338888,0.0
4.5,14,601.7069978892284,3.6099793813025551e-07,2.3375130875476598e-07,0.0,0.0,0.0
4.5,15,615.267876200131,9.896915312470918e-08,4.7053176940496219e-07,0.0,0.0,0.0
4.5,16,615.7032212598975,4.0689201830073352e-38,4.7192076102762472e-07,-0.011181189114614739,0.0,0.0
4.5,17,614.2308240611474,1.9158781475454216e-07,4.668354062932675e-07,0.0,0.0,0.0
4.5,18,612.4786915260673,2.7211230663810594e-07,4.6180938760499342e-07,0.0,0.0,0.0
4.5,19,609.9128145989297,3.3264291037632638e-07,4.5710379559950926e-07,0.0,0.0,0.0
4.5,20,606.4079353029176,3.6562209805662892e-07,4.54638311338065e-07,0.0,0.0,0.0
4.5,21,601.8217225492033,3.5260231235635294e-07,4.5540679897437435e-07,0.0,0.0,0.0
4.5,22,615.3123987806457,9.1666005697255142e-08,7.6665535028937476e-07,0.0,0.0,0.0
4.5,23,615.744602521618,1.6471493905257575e-37,7.733449871406819e-07,-0.041854865278710005,0.0,0.0
4.5,24,614.2822085040676,1.7814381112204092e-07,7.4794699851938428e-07,0.0,0.0,0.0
4.5,25,612.5386920950724,2.5504003165233596e-07,7.2032364461967545e-07,0.0,0.0,0.0
4.5,26,609.9744262301476,3.155659994446059e-07,6.8954247469430755e-07,0.0,0.0,0.0
4.5,27,606.4360589189996,3.5217168781612174e-07,6.6289614912581758e-07,0.0,0.0,0.0
4.5,28,601.698744673327,3.4430089062346176e-07,6.504213234708149e-07,0.0,0.0,0.0
4.5,29,615.3726405494882,1.2796019576739251e-07,1.1349864957649349e-06,0.0,0.0,0.0
4.5,30,615.7977323013225,1.5527628716506817e-46,1.150746157216074e-06,0.0487225971176663,0.0,0.0
4.5,31,614.361624114333,2.4723077831011204e-07,1.0899273179534569e-06,0.0,0.0,0.0
4.5,32,612.6586434533883,3.5044448016857322e-07,1.0183938562518407e-06,0.0,0.0,0.0
4.5,33,610.1765899568489,4.2881460656864304e-07,9.2619344746904796e-07,0.0,0.0,0.0
4.5,34,606.8096986783493,4.7637642654766751e-07,8.2080721237589845e-07,0.0,0.0,0.0
4.5,35,602.4476104731017,4.8089291644899147e-07,7.2071285570977865e-07,0.0,0.0,0.0
4.5,36,602.3551319767342,-6.2977881021260473e-07,-8.4026227805937367e-41,0.0,-7.8004702172004006,0.0
4.5,37,601.1201644415156,-7.2512886433988355e-07,7.1625852869065877e-36,0.0,-14.326803897881302,0.0
4.5,38,600.7535957976745,-7.5003678288245146e-07,1.1367313010381408e-06,0.0,0.0,0.0
4.5,39,601.5358920709467,-6.5369535194189625e-07,1.1352137694931797e-06,0.0,0.0,0.0
4.5,40,600.0,-8.2495338702880848e-07,-1.2128656036030246e-42,0.0,-8.2605742925715209,-1.5969667885154837
4.5,41,600.0,-8.4646730104737681e-07,1.1371139988235039e-06,0.0,0.0,-2.649471398423528
4.5,42,600.8115932624231,-7.4598171337525061e-07,2.2791210822166553e-06,0.0,0.0,0.0
4.5,43,601.686642049093,-6.45020191916216e-07,2.2759672569137793e-06,0.0,0.0,0.0
4.5,44,600.0,-8.4864622673219422e-07,2.2804728677286977e-06,0.0,0.0,-2.5732548540461218
4.5,45,600.8134018154041,-7.5050138597435248e-07,3.4099134918223704e-06,0.0,0.0,0.0
4.5,46,601.6910131071561,-6.5110988118536972e-07,3.4119412614520542e-06,0.0,0.0,0.0
4.5,47,600.0,-8.5097114999022232e-07,3.4080874354435792e-06,0.0,0.0,-2.5721462826521435
4.5,48,600.7463541945007,-7.7752154514319186e-07,4.5684986656504435e-06,0.0,0.0,0.0
4.5,49,601.5206578817214,-6.7050814595977259e-07,4.5719601473302183e-06,0.0,0.0,0.0
4.5,50,600.0,-8.7320424256427672e-07,4.5604832891746299e-06,0.0,0.0,-2.628446333945884
4.5,51,601.1079204013985,-6.3580367892826469e-07,5.6923076923076933e-06,0.0,13.857230984305021,0.0
4.5,52,602.3295847547611,-5.2215466440277034e-07,5.6923076923076933e-06,0.0,3.9439256121659843,0.0
4.5,53,600.0,-7.6043972879734543e-07,5.6923076923076933e-06,0.0,7.5891579763363799,-1.5800546437702663
4.5,54,615.5951798500635,5.2598717597181587e-08,1.7865089526673398e-45,0.0,18.681544105118515,0.0
4.5,55,615.3509169584427,1.0392937084892152e-07,1.1420794021852127e-07,0.0,0.0,0.0
4.5,56,615.5349414874935,5.1984343214581673e-08,2.2921508018239031e-07,0.0,0.0,0.0
4.5,57,615.7792043791143,-2.5458223377807942e-46,1.1416845154846301e-07,-0.0034937061305468694,0.0,0.0
4.5,58,614.8780069172452,1.5411017130053738e-07,4.4796983053969551e-45,0.0,49.846373096861065,0.0
4.5,59,614.3311881735558,2.0088923945285556e-07,1.1435661614845733e-07,0.0,0.0,0.0
4.5,60,614.8040982147531,1.5227422559655247e-07,2.2913108004921837e-07,0.0,0.0,0.0
4.5,61,613.5227972384707,2.4559143572020584e-07,4.8988839137840891e-45,0.0,63.181054849592364,0.0
4.5,62,612.6094701251282,2.8431085618734772e-07,1.1473267126665989e-07,0.0,0.0,0.0
4.5,63,613.4178610602132,2.4253430639965539e-07,2.2909629696333789e-07,0.0,0.0,0.0
4.5,64,611.4333909941934,3.198297026612628e-07,5.0943549506195332e-44,0.0,44.720281015981406,0.0
4.5,65,610.0886782975251,3.4684836719849038e-07,1.155293149221859e-07,0.0,0.0,0.0
4.5,66,611.2647574284598,3.1543668627689689e-07,2.293935107057002e-07,0.0,0.0,0.0
4.5,67,608.5141219361434,3.6964476374622955e-07,-2.691903612018245e-44,0.0,-19.071831076934995,0.0
4.5,68,606.6395529445509,3.7844934858847214e-07,1.1700579720165871e-07,0.0,0.0,0.0
4.5,69,608.2141093059327,3.6333711929225236e-07,2.304837536748466e-07,0.0,0.0,0.0
4.5,70,604.6584615699545,3.8384719724275814e-07,-1.5554322949428737e-43,0.0,-156.50771106127763,0.0
4.5,71,602.0949961537708,3.7158479732192904e-07,1.2012463302314146e-07,0.0,0.0,0.0
4.5,72,604.0760875283672,3.7398049935126279e-07,2.3244195379627468e-07,0.0,0.0,0.0
4.5,73,615.2934119608857,1.0146654115929354e-07,3.4667647527134542e-07,0.0,0.0,0.0
4.5,74,615.4855487300142,4.9912064689354718e-08,4.7144776821430877e-07,0.0,0.0,0.0
4.5,75,615.727078256622,1.0218873835778059e-45,3.4711134377165908e-07,-0.023214901027348911,0.0,0.0
4.5,76,614.2600363845066,1.9623640776377782e-07,3.4559716623225041e-07,0.0,0.0,0.0
4.5,77,614.7493501306392,1.4639367932875523e-07,4.6882139717290449e-07,0.0,0.0,0.0
4.5,78,612.5125824693139,2.7789721680336303e-07,3.4436438440731587e-07,0.0,0.0,0.0
4.5,79,613.3547577936074,2.338349132783264e-07,4.6432468219487444e-07,0.0,0.0,0.0
4.5,80,609.9479280216444,3.3903169553264285e-07,3.4358514914213509e-07,0.0,0.0,0.0
4.5,81,611.1957530624985,3.054273221695296e-07,4.593047115467238e-07,0.0,0.0,0.0
4.5,82,606.4265562352118,3.6946713577288942e-07,3.4362916286766687e-07,0.0,0.0,0.0
4.5,83,608.1603749509236,3.5348179173879336e-07,4.5562745909678686e-07,0.0,0.0,0.0
4.5,84,601.7643602192159,3.6130130852373171e-07,3.4493599437616986e-07,0.0,0.0,0.0
4.5,85,604.1148289260605,3.6499980195324243e-07,4.5478935733564401e-07,0.0,0.0,0.0
4.5,86,615.2901374903884,9.4916904801507188e-08,6.0749557406477488e-07,0.0,0.0,0.0
4.5,87,615.5285006511319,4.6160901321077206e-08,7.7152205291855566e-07,0.0,0.0,0.0
4.5,88,615.7239118907578,-1.5063525032022637e-45,6.1078678074457282e-07,-0.08217087086616981,0.0,0.0
4.5,89,614.2565162826074,1.8425600984321872e-07,5.983226961677299e-07,0.0,0.0,0.0
4.5,90,614.7973036423566,1.3570239097603619e-07,7.585632442812538e-07,0.0,0.0,0.0
4.5,91,612.5086918105699,2.6254461430806035e-07,5.8543825112699892e-07,0.0,0.0,0.0
4.5,92,613.41045029957,2.1803228310143365e-07,7.3480601882492661e-07,0.0,0.0,0.0
4.5,93,609.9436204145386,3.2290054502918212e-07,5.721088338114806e-07,0.0,0.0,0.0
4.5,94,611.2565591626101,2.8759811373295142e-07,7.047366676216392e-07,0.0,0.0,0.0
4.5,95,606.4219971109586,3.5537689858738868e-07,5.6242598709883778e-07,0.0,0.0,0.0
4.5,96,608.2052425745736,3.3744666373495351e-07,6.7483262945435215e-07,0.0,0.0,0.0
4.5,97,601.7602336112652,3.5149462507659796e-07,5.6065893419014173e-07,0.0,0.0,0.0
4.5,98,604.0674017961633,3.5380214768427087e-07,6.5411909265302008e-07,0.0,0.0,0.0
4.5,99,615.3425196650669,9.5298422809308224e-08,9.5496131632824838e-07,0.0,0.0,0.0
4.5,100,615.5851864254054,6.4528107885193487e-08,1.1467662773379582e-06,0.0,0.0,0.0
4.5,101,615.7711674114703,6.9279086675016445e-46,9.6616524399374581e-07,0.11599234150805718,0.0,0.0
4.5,102,614.3219163092003,1.8493018382289691e-07,9.2264745861963706e-07,0.0,0.0,0.0
4.5,103,614.8671323319106,1.889616462023426e-07,1.1160358267276315e-06,0.0,0.0,0.0
4.5,104,612.5986677742303,2.6359350715271746e-07,8.7289606657995251e-07,0.0,0.0,0.0
4.5,105,613.5101337838607,3.0107114504442133e-07,1.0571973889223681e-06,0.0,0.0,0.0
4.5,106,610.0755080934982,3.2584330778448898e-07,8.1205998049863571e-07,0.0,0.0,0.0
4.5,107,611.4176167051187,3.9270045575038445e-07,9.7424628060757005e-07,0.0,0.0,0.0
4.5,108,606.6228787986745,3.6458691768420055e-07,7.5102116692760484e-07,0.0,0.0,0.0
4.5,109,608.4931443175991,4.5626559997047478e-07,8.7386453326000714e-07,0.0,0.0,0.0
4.5,110,602.0731775732144,3.7544950169907226e-07,7.0478485299909443e-07,0.0,0.0,0.0
4.5,111,604.6286545757255,4.8269702194479394e-07,7.6764969076664339e-07,0.0,0.0,0.0
4.5,112,601.7376482091249,-6.7774925521967571e-07,-3.2056376193762196e-42,0.0,-27.044455604598809,0.0
4.5,113,600.9368801195951,-7.3615702155046733e-07,5.6804654316049449e-07,0.0,0.0,0.0
4.5,114,601.1447439343106,-7.025255007658475e-07,1.1359394808524405e-06,0.0,0.0,0.0
4.5,115,601.9455120238405,-6.275271844912724e-07,5.6349939800072964e-07,0.0,0.0,0.0
4.5,116,600.5600822207577,-7.752798430028643e-07,-1.4668605233132436e-42,0.0,-30.541916875414675,0.0
4.5,117,600.0,-8.3806802359623074e-07,5.7248125171070859e-07,0.0,0.0,0.0
4.5,118,600.3767978988373,-7.9877464618334453e-07,1.1368976473784197e-06,0.0,0.0,0.0
4.5,119,600.7825945300488,-7.4582803029079314e-07,1.7027249976646015e-06,0.0,0.0,0.0
4.5,120,601.249117655758,-6.9605468852318509e-07,2.2776460716011189e-06,0.0,0.0,0.0
4.5,121,601.6112670600198,-6.3827459839774885e-07,1.7042540973227286e-06,0.0,0.0,0.0
4.5,122,600.0,-8.4747110651179292e-07,1.7025856759689382e-06,0.0,0.0,0.0
4.5,123,600.4057966312116,-7.9779013059799753e-07,2.2798667488403368e-06,0.0,0.0,0.0
4.5,124,600.8124975389136,-7.5627108586475256e-07,2.8457546385616501e-06,0.0,0.0,0.0
4.5,125,601.25220746128,-7.0096729780989839e-07,3.4107849746361899e-06,0.0,0.0,0.0
4.5,126,601.6888275781246,-6.5215737327179417e-07,2.8452528015031489e-06,0.0,0.0,0.0
4.5,127,600.0,-8.5349990379410189e-07,2.8461456725736194e-06,0.0,0.0,0.0
4.5,128,600.4067009077021,-8.0084299863762537e-07,3.4089063101539007e-06,0.0,0.0,0.0
4.5,129,600.7798780049524,-7.620741269285527e-07,3.9859731378204851e-06,0.0,0.0,0.0
4.5,130,601.133506038111,-7.2556403842039471e-07,4.5702924821664654e-06,0.0,0.0,0.0
4.5,131,601.6058354944387,-6.5437287984938285e-07,3.9794857874033029e-06,0.0,0.0,0.0
4.5,132,600.0,-8.6573936531021247e-07,3.9931774731632165e-06,0.0,0.0,0.0
4.5,133,600.3731770972504,-8.266532204761585e-07,4.5645331402650083e-06,0.0,0.0,0.0
4.5,134,600.9271372979496,-7.0862922816192042e-07,5.1205398256751262e-06,0.0,0.0,0.0
4.5,135,601.7187525780798,-5.7808178798253865e-07,5.6923076923076933e-06,0.0,29.275878429472758,0.0
4.5,136,601.9251213182413,-6.0770709041514335e-07,5.1481016217625852e-06,0.0,0.0,0.0
4.5,137,600.0,-8.050854614359323e-07,5.0969924079318436e-06,0.0,0.0,0.0
4.5,138,600.5539602006993,-6.9734724298055587e-07,5.6923076923076933e-06,0.0,33.308961038167034,0.0
6.5,1,628.2540457596255,-5.6538382448024305e-48,-1.3065650767165559e-48,-0.001399379979501493,0.19381571261641828,0.0
6.5,2,627.4467225168958,1.862017067723472e-07,-1.7085221031184847e-35,0.0,33.955242634620788,0.0
6.5,3,627.3240792165483,1.8398284903894011e-07,4.019472395770455e-07,0.0,0.0,0.0
6.5,4,628.1446747548931,1.3869394946737864e-38,4.020483291158532e-07,-0.0052754145717323966,0.0,0.0
6.5,5,625.5398931939659,3.5915562181853886e-07,-2.8346822034749467e-35,0.0,56.61298429025868,0.0
6.5,6,625.3817368712862,3.5474132494792616e-07,4.0175974367959623e-07,0.0,0.0,0.0
6.5,7,622.3681134555796,5.0718669725669907e-07,-2.8410494235559993e-35,0.0,56.760100909803555,0.0
6.5,8,622.1358181110909,5.0053134447969233e-07,4.0185498616848131e-07,0.0,0.0,0.0
6.5,9,617.8286638098929,6.1599109941156475e-07,-1.0819877101580504e-35,0.0,22.161319795243262,0.0
6.5,10,617.4484561793954,6.0667998453415854e-07,4.0287310152077246e-07,0.0,0.0,0.0
6.5,11,611.8149986691386,6.7457188742359488e-07,3.1481699741308291e-35,0.0,-65.748274046432243,0.0
6.5,12,611.132057602324,6.6085681301844735e-07,4.0578533736022846e-07,0.0,0.0,0.0
6.5,13,604.246965739189,6.5705176673218054e-07,2.022388472171508e-40,0.0,-105.51977395103361,0.0
6.5,14,602.9151877017828,6.3483000060325562e-07,4.0987387509321299e-07,0.0,0.0,0.0
6.5,15,627.224956380509,1.7662444193657851e-07,8.2559987854106788e-07,0.0,0.0,0.0
6.5,16,628.0514499715018,6.4819988996827398e-38,8.2810761885875828e-07,-0.013569341976285128,0.0,0.0
6.5,17,625.2698681170734,3.4120401813952345e-07,8.1891546629579248e-07,0.0,0.0,0.0
6.5,18,622.0082983243194,4.8308246313472493e-07,8.09853440989071e-07,0.0,0.0,0.0
6.5,19,617.3186158580379,5.8825411908996713e-07,8.0139672521982056e-07,0.0,0.0,0.0
6.5,20,611.0629600467233,6.4366273750294403e-07,7.9688766899559998e-07,0.0,0.0,0.0
6.5,21,603.1108098233822,6.197213401098465e-07,7.9827957346347352e-07,0.0,0.0,0.0
6.5,22,627.3104099903373,1.6354494208294531e-07,1.3480925586011831e-06,0.0,0.0,0.0
6.5,23,628.1313667335927,3.0847569739825857e-37,1.3601901384014082e-06,-0.078851614496253108,0.0,0.0
6.5,24,625.3672621768634,3.1714246074524883e-07,1.3142932065227362e-06,0.0,0.0,0.0
6.5,25,622.1201790760407,4.5254380664889848e-07,1.2644961027614788e-06,0.0,0.0,0.0
6.5,26,617.431639287226,5.5761650576476679e-07,1.2090773159602545e-06,0.0,0.0,0.0
6.5,27,611.1148940896649,6.1940805975056782e-07,1.1611370242368288e-06,0.0,0.0,0.0
6.5,28,602.9004472570124,6.0500916458517623e-07,1.1386875215343318e-06,0.0,0.0,0.0
6.5,29,627.4254208922264,2.2930854562777894e-07,2.0031009107982138e-06,0.0,0.0,0.0
6.5,30,628.2336411536518,-1.4339373758610349e-47,2.0322195435053374e-06,0.085190038805894333,0.0,0.0
6.5,31,625.5163661151514,4.420920296596563e-07,1.9201914074328378e-06,0.0,0.0,0.0
6.5,32,622.3405159857905,6.2465467438052366e-07,1.789484937253751e-06,0.0,0.0,0.0
6.5,33,617.7942921127628,7.6143552235974371e-07,1.6225136494847639e-06,0.0,0.0,0.0
6.5,34,611.769457717022,8.4254025752565828e-07,1.4341375969380242e-06,0.0,0.0,0.0
6.5,35,604.1824803070143,8.5001801898375025e-07,1.2559658106692721e-06,0.0,0.0,0.0
6.5,36,604.0286362428617,-3.4841491143410228e-07,-2.7180413998230829e-40,0.0,-8.1560747086322678,0.0
6.5,37,601.9171012237845,-5.0182286714207522e-07,7.367800191184922e-36,0.0,-14.983198744931521,0.0
6.5,38,601.2879757153388,-5.4936276475861606e-07,1.5079384318704409e-06,0.0,0.0,0.0
6.5,39,602.6234202777591,-3.9743959335748263e-07,1.5062400929875816e-06,0.0,0.0,0.0
6.5,40,600.0,-6.6561270243524825e-07,1.4657535799334661e-44,0.0,-8.9867090920030677,-2.732662117490523
6.5,41,600.0,-7.0352159714979906e-07,1.508726817771098e-06,0.0,0.0,-4.530308948775936
6.5,42,601.38677355679,-5.3926283096704833e-07,3.0221094197770966e-06,0.0,0.0,0.0
6.5,43,602.8804078227614,-3.7953655365517941e-07,3.0168288018896635e-06,0.0,0.0,0.0
6.5,44,600.0,-7.0434699450647391e-07,3.0248081780050026e-06,0.0,0.0,-4.397966715421835
6.5,45,601.3899790916088,-5.4706766441089614e-07,4.5121132461451539e-06,0.0,0.0,0.0
6.5,46,602.8881455847791,-3.8934164118633135e-07,4.5147988462912233e-06,0.0,0.0,0.0
6.5,47,600.0,-7.1005319041839289e-07,4.5098720254619289e-06,0.0,0.0,-4.395941933804544
6.5,48,601.2750312306363,-5.9385190168177264e-07,6.0403855760381097e-06,0.0,0.0,0.0
6.5,49,602.5962368372079,-4.2454752584561824e-07,6.0484763346069539e-06,0.0,0.0,0.0
6.5,50,600.0,-7.4744211532838157e-07,6.0272742440590348e-06,0.0,0.0,-4.492430491555398
6.5,51,601.8947122131982,-3.4405556440466398e-07,7.5384615384615397e-06,0.0,14.976452125037605,0.0
6.5,52,603.9819046660997,-1.5322999966853134e-07,7.5384615384615397e-06,0.0,3.6736877403937021,0.0
6.5,53,600.0,-5.5653224064369511e-07,7.5384615384615397e-06,0.0,8.7832740899805124,-2.701893935635862
6.5,54,627.8503841382606,9.3990422679389383e-08,-5.9519550691810627e-47,0.0,34.119966217489171,0.0
6.5,55,627.385400866722,1.8560343593253016e-07,2.0030171018284865e-07,0.0,0.0,0.0
6.5,56,627.7343769857207,9.2881368971425024e-08,4.0198259119613263e-07,0.0,0.0,0.0
6.5,57,628.1993602572593,9.6033884496568779e-48,2.0023675685588321e-07,-0.0071946004008916209,0.0,0.0
6.5,58,626.4933078554309,2.7498547472497438e-07,-1.6945796551766002e-46,0.0,90.653990745784284,0.0
6.5,59,625.460815032626,3.5803257679450236e-07,2.0055481478645487e-07,0.0,0.0,0.0
6.5,60,626.3529080439173,2.7167220026311187e-07,4.0181272340911051e-07,0.0,0.0,0.0
6.5,61,623.9540033247728,4.3709424698762565e-07,-5.5449708200620499e-46,0.0,113.85808777631453,0.0
6.5,62,622.2519657833352,5.051694926107885e-07,2.0120242816494968e-07,0.0,0.0,0.0
6.5,63,623.7587774911885,4.3158619812343492e-07,4.0171349518495482e-07,0.0,0.0,0.0
6.5,64,620.0983886327363,5.6726686174174635e-07,8.6875358479434772e-46,0.0,78.960893856600791,0.0
6.5,65,617.6385599946441,6.1386389482841935e-07,2.0257900397210574e-07,0.0,0.0,0.0
6.5,66,619.7921371452431,5.5937215245554965e-07,4.0220285782155523e-07,0.0,0.0,0.0
6.5,67,614.8218312395157,6.5287745737800359e-07,-7.5344475336027948e-45,0.0,-37.031215472180392,0.0
6.5,68,611.4735281357314,6.6718640039038441e-07,2.0515444339491559e-07,0.0,0.0,0.0
6.5,69,614.2902568908597,6.416014796360328e-07,4.0408227547945024e-07,0.0,0.0,0.0
6.5,70,608.0309822041638,6.7548965154183456e-07,5.6589797114759972e-45,0.0,-278.97959816381615,0.0
6.5,71,603.581076720486,6.5313013117162039e-07,2.1059002560994707e-07,0.0,0.0,0.0
6.5,72,607.0236226520534,6.5808111780159884e-07,4.0752301645236135e-07,0.0,0.0,0.0
6.5,73,627.2745177985287,1.8114840021696852e-07,6.0803532094202266e-07,0.0,0.0,0.0
6.5,74,627.6382031760054,8.9131025856979685e-08,8.2725749932427724e-07,0.0,0.0,0.0
6.5,75,628.0980623631974,-4.763227726903434e-47,6.0882420797581143e-07,-0.037381252037405444,0.0,0.0
6.5,76,625.3258024941798,3.4961183063322747e-07,6.0607136544909878e-07,0.0,0.0,0.0
6.5,77,626.2474122487912,2.6103246400181524e-07,8.225088535662989e-07,0.0,0.0,0.0
6.5,78,622.0720582177051,4.9355000930454577e-07,6.0381367661789306e-07,0.0,0.0,0.0
6.5,79,623.6390832206964,4.1584713843336429e-07,8.1438979549326807e-07,0.0,0.0,0.0
6.5,80,617.3835360187167,5.9971466732116133e-07,6.023584023441601e-07,0.0,0.0,0.0
6.5,81,619.6634570911787,5.4122627023811134e-07,8.0534741537276225e-07,0.0,0.0,0.0
6.5,82,611.0975088245236,6.5097963174814366e-07,6.0244721353492185e-07,0.0,0.0,0.0
6.5,83,614.1907879523806,6.236716672237106e-07,7.9868987073832714e-07,0.0,0.0,0.0
6.5,84,603.0129987625825,6.3466093567808788e-07,6.0482826477043486e-07,0.0,0.0,0.0
6.5,85,607.0868849350527,6.4181871257102064e-07,7.9716733591187115e-07,0.0,0.0,0.0
6.5,86,627.2676831854232,1.6933140741507681e-07,1.0668400860502649e-06,0.0,0.0,0.0
6.5,87,627.7208883619651,8.2400984661851897e-08,1.3568809982852347e-06,0.0,0.0,0.0
6.5,88,628.0914083525472,6.9952192982053179e-47,1.072786644253334e-06,-0.16480409395896667,0.0,0.0
6.5,89,625.3185651469685,3.279864927812044e-07,1.0502901406403098e-06,0.0,0.0,0.0
6.5,90,626.3388360836004,2.4186517772315666e-07,1.3334601026139455e-06,0.0,0.0,0.0
6.5,91,622.0642387001801,4.6582654891394496e-07,1.0270471013394543e-06,0.0,0.0,0.0
6.5,92,623.743720626452,3.8754564158943537e-07,1.2905913389532404e-06,0.0,0.0,0.0
6.5,93,617.375127572632,5.7060877532342963e-07,1.0030095431209283e-06,0.0,0.0,0.0
6.5,94,619.7759091816333,5.0928398836295243e-07,1.236431898396951e-06,0.0,0.0,0.0
6.5,95,611.0889270681942,6.2556672923059858e-07,9.856075015325522e-07,0.0,0.0,0.0
6.5,96,614.2732666884453,5.9485865881573653e-07,1.1826504858131067e-06,0.0,0.0,0.0
6.5,97,603.0056285401972,6.1683314988174228e-07,9.8241549172874277e-07,0.0,0.0,0.0
6.5,98,607.0076706733387,6.2175335570481782e-07,1.1453163800577664e-06,0.0,0.0,0.0
6.5,99,627.3679154412819,1.6966796185745021e-07,1.6827127230041906e-06,0.0,0.0,0.0
6.5,100,627.8295310229391,1.1568732504980459e-07,2.0248397829705949e-06,0.0,0.0,0.0
6.5,101,628.1825039436222,-2.8101867525990249e-47,1.7032180836945788e-06,0.22328565860991723,0.0,0.0
6.5,102,625.4418141460073,3.2873794984626658e-07,1.6237449969313654e-06,0.0,0.0,0.0
6.5,103,626.4708935036888,3.3825821021094363e-07,1.9681622956348666e-06,0.0,0.0,0.0
6.5,104,622.2303475309157,4.6748166775384361e-07,1.5334029509481912e-06,0.0,0.0,0.0
6.5,105,623.928441050471,5.3750972651002348e-07,1.8602406410050792e-06,0.0,0.0,0.0
6.5,106,617.6129656999944,5.7616882493038583e-07,1.4237028554617737e-06,0.0,0.0,0.0
6.5,107,620.0674040492767,6.9863208849150771e-07,1.709316759876864e-06,0.0,0.0,0.0
6.5,108,611.4421759033435,6.4276474933344229e-07,1.3142933406970444e-06,0.0,0.0,0.0
6.5,109,614.7818749148923,8.0852617945189267e-07,1.5287196456285688e-06,0.0,0.0,0.0
6.5,110,603.5414637820134,6.6013614948325653e-07,1.2315061125917653e-06,0.0,0.0,0.0
6.5,111,607.9759690120181,8.5322217407783757e-07,1.3397247325211201e-06,0.0,0.0,0.0
6.5,112,602.972868733323,-4.2596079076712009e-07,-3.1890409626868441e-44,0.0,-28.390309470313337,0.0
6.5,113,601.6025384695616,-5.2442014789328236e-07,7.564328549955025e-07,0.0,0.0,0.0
6.5,114,601.9556979965489,-4.7492995843377027e-07,1.50704861174065e-06,0.0,0.0,0.0
6.5,115,603.3260282603104,-3.4348052169884478e-07,7.475624882791678e-07,0.0,0.0,0.0
6.5,116,600.9585506118922,-5.8442461516288031e-07,-8.8803536052855989e-44,0.0,-33.146326356711448,0.0
6.5,117,600.0,-6.8853191059742746e-07,7.6419685032582471e-07,0.0,0.0,0.0
6.5,118,600.6439878576693,-6.2765764757500857e-07,1.5083171696352649e-06,0.0,0.0,0.0
6.5,119,601.3373746360644,-5.392492040183148e-07,2.2566370746871624e-06,0.0,0.0,0.0
6.5,120,602.1335906897757,-4.607100982384819e-07,3.0196454266722275e-06,0.0,0.0,0.0
6.5,121,602.7519140502602,-3.6023353633069321e-07,2.2591315662762315e-06,0.0,0.0,0.0
6.5,122,600.0,-7.0307072599015938e-07,2.2559647485688704e-06,0.0,0.0,0.0
6.5,123,600.693386778395,-6.2290880689839149e-07,3.0235531410015644e-06,0.0,0.0,0.0
6.5,124,601.3883763241994,-5.5963027326089009e-07,3.768230540642779e-06,0.0,0.0,0.0
6.5,125,602.139062338194,-4.6883445440482691e-07,4.5132687414565097e-06,0.0,0.0,0.0
6.5,126,602.8842767037702,-3.8780926979144681e-07,3.767751541292702e-06,0.0,0.0,0.0
6.5,127,600.0,-7.1434339807209846e-07,3.7686257913448138e-06,0.0,0.0,0.0
6.5,128,600.6949895458044,-6.2905339462365137e-07,4.5109163395729462e-06,0.0,0.0,0.0
6.5,129,601.3325051611225,-5.6701917259176953e-07,5.2724370684668032e-06,0.0,0.0,0.0
6.5,130,601.935634033922,-5.1223074429514119e-07,6.0444061386057278e-06,0.0,0.0,0.0
6.5,131,602.7421912109935,-3.903944963048769e-07,5.260977146645584e-06,0.0,0.0,0.0
6.5,132,600.0,-7.3074235860939189e-07,5.284020746352028e-06,0.0,0.0,0.0
6.5,133,600.6375156153181,-6.7313171812481468e-07,6.0337751775820613e-06,0.0,0.0,0.0
6.5,134,601.5848717219172,-4.773160061571279e-07,6.7655165078886237e-06,0.0,0.0,0.0
6.5,135,602.938308439649,-2.4749764553832278e-07,7.5384615384615397e-06,0.0,30.437565074936611,0.0
6.5,136,603.2890707516538,-3.0808767258989982e-07,6.8124805850297086e-06,0.0,0.0,0.0
6.5,137,600.0,-6.3309116022372685e-07,6.7259732470662029e-06,0.0,0.0,0.0
6.5,138,600.947356106599,-4.4934692808524313e-07,7.5384615384615397e-06,0.0,35.794099036973464,0.0
8.5,1,641.9262820292556,-8.9270923847234025e-47,1.4720447396389818e-47,-0.0016199334589666846,0.30007218991193241,0.0
8.5,2,640.6774486160513,2.7632755479795385e-07,-2.5722267843046291e-35,0.0,51.113713372294725,0.0
8.5,3,640.4867363884481,2.7302861907005277e-07,5.879389888146676e-07,0.0,0.0,0.0
8.5,4,641.7552443195142,2.3334720905756448e-38,5.8809863704648703e-07,-0.010005492932931207,0.0,0.0
8.5,5,637.7415967474128,5.3225087983131242e-07,-4.2478579488116532e-35,0.0,84.834741380677372,0.0
8.5,6,637.4984786106423,5.2569126638883363e-07,5.8762726949118617e-07,0.0,0.0,0.0
8.5,7,632.8994963487747,7.500064375962091e-07,-4.217185173139878e-35,0.0,84.301907351992725,0.0
8.5,8,632.5478116935137,7.4013785955106028e-07,5.8772041117460783e-07,0.0,0.0,0.0
8.5,9,626.0539528734295,9.0866280960278291e-07,-1.5448564049558649e-35,0.0,31.588709184292838,0.0
8.5,10,625.4878020956199,8.9490040640395816e-07,5.8916911604289989e-07,0.0,0.0,0.0
8.5,11,617.127751412889,9.9184459391975968e-07,4.7655851050267242e-35,0.0,-98.675123986854246,0.0
8.5,12,616.1275881585068,9.7173919880662931e-07,5.9334947300777819e-07,0.0,0.0,0.0
8.5,13,606.1075660949042,9.6545780646949676e-07,3.324651967033297e-40,0.0,-156.45035465843674,0.0
8.5,14,604.1885794278099,9.3331205889248382e-07,5.9944751582392972e-07,0.0,0.0,0.0
8.5,15,640.3313215048975,2.6202750699937058e-07,1.2080019550452334e-06,0.0,0.0,0.0
8.5,16,641.6084072936093,8.7589138565712355e-38,1.2117441455680255e-06,-0.01325177951042851,0.0,0.0
8.5,17,637.3247191047114,5.0545966642043336e-07,1.1980109304515074e-06,0.0,0.0,0.0
8.5,18,632.3521921205122,7.1406555888849857e-07,1.1844972657359924e-06,0.0,0.0,0.0
8.5,19,625.2911473463021,8.673168451392653e-07,1.1719044545645761e-06,0.0,0.0,0.0
8.5,20,616.023065857231,9.4599772933579324e-07,1.1651275067510248e-06,0.0,0.0,0.0
8.5,21,604.469447455354,9.1095123840473604e-07,1.1671940337746852e-06,0.0,0.0,0.0
8.5,22,640.4639149588289,2.4259709158404891e-07,1.9755164463323517e-06,0.0,0.0,0.0
8.5,23,641.7329208887243,4.7259535507947144e-37,1.9935994745195118e-06,-0.12137800078231659,0.0,0.0
8.5,24,637.4745657064324,4.6973465679382479e-07,1.9250212461708266e-06,0.0,0.0,0.0
8.5,25,632.5223865646592,6.6875168753142279e-07,1.850758917278513e-06,0.0,0.0,0.0
8.5,26,625.4610259164868,8.2177785092325239e-07,1.7681817833143983e-06,0.0,0.0,0.0
8.5,27,616.1009695491375,9.0979318330117305e-07,1.6968918466521642e-06,0.0,0.0,0.0
8.5,28,604.166593015614,8.8909273157025507e-07,1.6633917138324165e-06,0.0,0.0,0.0
8.5,29,640.641967814759,3.409956612810426e-07,2.9433689195728671e-06,0.0,0.0,0.0
8.5,30,641.8921211363955,-7.1280446694077434e-47,2.9875498261112051e-06,0.12427605705593736,0.0,0.0
8.5,31,637.7028491664554,6.5643308171541749e-07,2.8179145945083701e-06,0.0,0.0,0.0
8.5,32,632.8547989875389,9.2541285806858036e-07,2.62112438281826e-06,0.0,0.0,0.0
8.5,33,625.9994007001314,1.1251335355659847e-06,2.3711977750282845e-06,0.0,0.0,0.0
8.5,34,617.0570259652213,1.2412339597391857e-06,2.0920500673268917e-06,0.0,0.0,0.0
8.5,35,606.009527111706,1.2523665663691223e-06,1.8285371968465774e-06,0.0,0.0,0.0
8.5,36,605.7939022429932,-4.0989348524047177e-08,-4.473099325720795e-40,0.0,-8.3259530168891711,0.0
8.5,37,602.75790702563,-2.5638086223467273e-07,7.8638051386099336e-36,0.0,-16.048549369713111,0.0
8.5,38,601.8514094900373,-3.2508809893179034e-07,1.8763092758562457e-06,0.0,0.0,0.0
8.5,39,603.7698007732228,-1.1248706253110904e-07,1.8741616690594987e-06,0.0,0.0,0.0
8.5,40,600.0,-4.8468389021553886e-07,-2.8520818614966665e-43,0.0,-9.7568412668059228,-3.9307649977029877
8.5,41,600.0,-5.3951983279658941e-07,1.8779483785408794e-06,0.0,0.0,-6.513788498390772
8.5,42,601.9931207316255,-3.1186053837666013e-07,3.7621822170459532e-06,0.0,0.0,0.0
8.5,43,604.1385803447325,-8.968966131775265e-08,3.7558760821302256e-06,0.0,0.0,0.0
8.5,44,600.0,-5.3963636259513537e-07,3.7658180877033966e-06,0.0,0.0,-6.321804711255606
8.5,45,601.9979057896529,-3.2383734723755667e-07,5.617507025449259e-06,0.0,0.0,0.0
8.5,46,604.1501149516453,-1.034902418973384e-07,5.6192530148448668e-06,0.0,0.0,0.0
8.5,47,600.0,-5.5032724682246464e-07,5.6155063670658523e-06,0.0,0.0,-6.3187668730164175
8.5,48,601.8320590375424,-3.8894048968333463e-07,7.5208131283855705e-06,0.0,0.0,0.0
8.5,49,603.7292178310886,-1.4976479371096394e-07,7.5346629178673788e-06,0.0,0.0,0.0
8.5,50,600.0,-6.0480389464141332e-07,7.5012478515508309e-06,0.0,0.0,-6.456799757261768
8.5,51,602.7237865360304,-2.0033954813601243e-08,9.3846153846153853e-06,0.0,16.323960597581927,0.0
8.5,52,605.7226542619417,2.5023379559152105e-07,9.3846153846153853e-06,0.0,2.9227462439739966,0.0
8.5,53,600.0,-3.1998698778700957e-07,9.3846153846153853e-06,0.0,10.024747659322392,-3.8840756946233923
8.5,54,641.3018653226534,1.3953988142890073e-07,-1.8487506488460831e-45,0.0,51.368698062616019,0.0
8.5,55,640.5820925022497,2.7544144944209789e-07,2.930108656751451e-07,0.0,0.0,0.0
8.5,56,641.1209903539811,1.3789002406474165e-07,5.8799747752695919e-07,0.0,0.0,0.0
8.5,57,641.8407631743848,9.3940402524734394e-47,2.9292051547693632e-07,-0.011709294520669718,0.0,0.0
8.5,58,639.2095226817321,4.0783971521612215e-07,-4.2414733310397595e-45,0.0,136.08395647336732,0.0
8.5,59,637.6200376790275,5.3058229441837317e-07,2.9337302459400064e-07,0.0,0.0,0.0
8.5,60,638.9926074995452,4.0291259568345563e-07,5.8772467662537929e-07,0.0,0.0,0.0
8.5,61,635.3205465480937,6.4710961369314374e-07,1.0947905274766852e-44,0.0,169.82284526012091,0.0
8.5,62,632.7236540211443,7.4707586206554353e-07,2.9430796518810105e-07,0.0,0.0,0.0
8.5,63,635.0231451520781,6.3893127687737641e-07,5.8753720668970553e-07,0.0,0.0,0.0
8.5,64,629.4767246111021,8.3787330138435547e-07,-9.7398114628350216e-44,0.0,116.1561875182442,0.0
8.5,65,625.7708774845247,9.053695747047617e-07,2.9630428153655899e-07,0.0,0.0,0.0
8.5,66,629.0178068945668,8.2618364339813713e-07,5.8820902843601356e-07,0.0,0.0,0.0
8.5,67,621.5908521431593,9.6148001382189391e-07,2.5340344634180567e-43,0.0,-58.231375126089688,0.0
8.5,68,616.6276697856979,9.8163707733409413e-07,3.0006580825001051e-07,0.0,0.0,0.0
8.5,69,620.8076951270634,9.4488221295998342e-07,5.9089789294450601e-07,0.0,0.0,0.0
8.5,70,611.6176587538966,9.9266061799099701e-07,-6.2232133139353306e-43,0.0,-412.21824614977544,0.0
8.5,71,605.1480727613571,9.5880250838545148e-07,3.0793177956575101e-07,0.0,0.0,0.0
8.5,72,610.1580837931583,9.6731646884949787e-07,5.9593296659281308e-07,0.0,0.0,0.0
8.5,73,640.4090289466728,2.6879439482445213e-07,8.8942919018387298e-07,0.0,0.0,0.0
8.5,74,640.9698643992533,1.3228633217834269e-07,1.210479618577306e-06,0.0,0.0,0.0
8.5,75,641.6818258065617,-6.5063940818258624e-46,8.9061210182109993e-07,-0.051002637669306822,0.0,0.0
8.5,76,637.4115988576768,5.180171518808641e-07,8.8647951230281884e-07,0.0,0.0,0.0
8.5,77,638.8280203048045,3.8701728796293499e-07,1.2033837849738387e-06,0.0,0.0,0.0
8.5,78,632.450001907013,7.2973115988586086e-07,8.8307137667812451e-07,0.0,0.0,0.0
8.5,79,634.8384556126118,6.1541930751941682e-07,1.1912633460841889e-06,0.0,0.0,0.0
8.5,80,625.3894747209611,8.8426169566884094e-07,8.8084858351241147e-07,0.0,0.0,0.0
8.5,81,628.8216697334071,7.9904360112821577e-07,1.1777841680633809e-06,0.0,0.0,0.0
8.5,82,616.075327007869,9.5747242726950129e-07,8.8099019391279342e-07,0.0,0.0,0.0
8.5,83,620.6571066017666,9.1803471847135783e-07,1.1678271214723209e-06,0.0,0.0,0.0
8.5,84,604.329013441582,9.3127674078632143e-07,8.8454070244213893e-07,0.0,0.0,0.0
8.5,85,610.2462566562925,9.4310205081985096e-07,1.1655475116272567e-06,0.0,0.0,0.0
8.5,86,640.3976182318631,2.5116475919886696e-07,1.5619148929362374e-06,0.0,0.0,0.0
8.5,87,641.0984179237767,1.2227557977207499e-07,1.988640208447081e-06,0.0,0.0,0.0
8.5,88,641.6706640911668,1.3231850487537303e-45,1.5707973572497461e-06,-0.26362821662353264,0.0,0.0
8.5,89,637.399642405572,4.8574712728237011e-07,1.5372222160204088e-06,0.0,0.0,0.0
8.5,90,638.9692403326306,3.5852328495445638e-07,1.9536417149643001e-06,0.0,0.0,0.0
8.5,91,632.4372893425857,6.8835421676910559e-07,1.502547441627708e-06,0.0,0.0,0.0
8.5,92,634.9984761355458,5.733829087853046e-07,1.8896614272965691e-06,0.0,0.0,0.0
8.5,93,625.3760866313944,8.4085265007607864e-07,1.4667018247766201e-06,0.0,0.0,0.0
8.5,94,628.991706240573,7.5160168718145999e-07,1.8089343724457273e-06,0.0,0.0,0.0
8.5,95,616.0620177031842,9.1958395021621158e-07,1.4407918564944592e-06,0.0,0.0,0.0
8.5,96,620.7809977328122,8.7514493953115748e-07,1.7289217826146746e-06,0.0,0.0,0.0
8.5,97,604.318020235484,9.0459125088921223e-07,1.4360473538294897e-06,0.0,0.0,0.0
8.5,98,610.1337812823758,9.1320557886217632e-07,1.6732619705093108e-06,0.0,0.0,0.0
8.5,99,640.5529413867939,2.5125020198792001e-07,2.4696532886249911e-06,0.0,0.0,0.0
8.5,100,641.2670444755772,1.7208724628249082e-07,2.9763264567241903e-06,0.0,0.0,0.0
8.5,101,641.81252101256,-7.9005456782986186e-46,2.5005679110282549e-06,0.34831929843440224,0.0,0.0
8.5,102,637.5887074364439,4.8628363605229925e-07,2.3809388045572953e-06,0.0,0.0,0.0
8.5,103,639.1724084906072,5.0263106657381844e-07,2.8904303201980166e-06,0.0,0.0,0.0
8.5,104,632.6885927760991,6.9042903452387173e-07,2.2454772280838155e-06,0.0,0.0,0.0
8.5,105,635.2788240769971,7.9721061206964265e-07,2.7275004532206635e-06,0.0,0.0,0.0
8.5,106,625.7302133083092,8.4922389518253372e-07,2.0818193726161657e-06,0.0,0.0,0.0
8.5,107,629.4270998438351,1.0336581669678127e-06,2.5009086040189248e-06,0.0,0.0,0.0
8.5,108,616.5789977571794,9.457100973953395e-07,1.9192608280115376e-06,0.0,0.0,0.0
8.5,109,621.5282133326764,1.1928676176873933e-06,2.2318993651345074e-06,0.0,0.0,0.0
8.5,110,605.08806006366,9.6929090629811115e-07,1.7965493388020726e-06,0.0,0.0,0.0
8.5,111,611.5332765384637,1.256779291890226e-06,1.9526580851763254e-06,0.0,0.0,0.0
8.5,112,604.2759046343115,-1.5011490910073941e-07,-1.0719885147420002e-42,0.0,-30.332267658224872,0.0
8.5,113,602.3046582578336,-2.890032443332284e-07,9.4202927542882466e-07,0.0,0.0,0.0
8.5,114,602.8106051316299,-2.211425508997524e-07,1.8751787856960424e-06,0.0,0.0,0.0
8.5,115,604.781851508108,-3.4935051085600846e-08,9.2964527093210731e-07,0.0,0.0,0.0
8.5,116,601.378953512815,-3.717244229197296e-07,-1.7975491767569171e-42,0.0,-35.179350396355254,0.0
8.5,117,600.0,-5.1770370418823245e-07,9.5274464455943006e-07,0.0,0.0,0.0
8.5,118,600.9257047450187,-4.3419826040998613e-07,1.8771277707864239e-06,0.0,0.0,0.0
8.5,119,601.9222651108314,-3.0987306900617712e-07,2.8093098539740803e-06,0.0,0.0,0.0
8.5,120,603.0658505381789,-2.0286528363935318e-07,3.7592692176572148e-06,0.0,0.0,0.0
8.5,121,603.9541905589776,-5.7784201842194825e-08,2.8117693874721268e-06,0.0,0.0,0.0
8.5,122,600.0,-5.3871320081310319e-07,2.8085812244818167e-06,0.0,0.0,0.0
8.5,123,600.9965603658127,-4.2749772428670163e-07,3.7640833500466974e-06,0.0,0.0,0.0
8.5,124,601.9955132606392,-3.4006661090164136e-07,4.6901822322303052e-06,0.0,0.0,0.0
8.5,125,603.074010370649,-2.1477003061337162e-07,5.6181381387661469e-06,0.0,0.0,0.0
8.5,126,604.1443476481888,-9.7775274728328614e-08,4.6897643351066426e-06,0.0,0.0,0.0
8.5,127,600.0,-5.569846472579908e-07,4.6906835726080459e-06,0.0,0.0,0.0
8.5,128,600.9989528948265,-4.3795734994144594e-07,5.6164611089654425e-06,0.0,0.0,0.0
8.5,129,601.9149824135977,-3.5113420985350175e-07,6.5616575451797233e-06,0.0,0.0,0.0
8.5,130,602.7806384343155,-2.7388346591888621e-07,7.5276747180050042e-06,0.0,0.0,0.0
8.5,131,603.9396663913669,-1.0355076995656768e-07,6.5459684248887014e-06,0.0,0.0,0.0
8.5,132,600.0,-5.7801087104663399e-07,6.5776522479666897e-06,0.0,0.0,0.0
8.5,133,600.9160295187712,-5.0061721111743412e-07,7.5109049762739768e-06,0.0,0.0,0.0
8.5,134,602.2779227867863,-2.1966795048478187e-07,8.4197260475466253e-06,0.0,0.0,0.0
8.5,135,604.2232203989861,1.165463264189843e-07,9.3846153846153853e-06,0.0,32.375560491947027,0.0
8.5,136,604.7259360465151,1.7342569434729784e-08,8.4866948559421463e-06,0.0,0.0,0.0
8.5,137,600.0,-4.3604063726200287e-07,8.3624399672644627e-06,0.0,0.0,0.0
8.5,138,601.3618932680151,-1.6878175874801689e-07,9.3846153846153853e-06,0.0,38.000215842747309,0.0
10.5,1,656.3091189007895,9.5874165074916556e-49,-1.4703849546393492e-48,-0.0017297370861442257,0.41544852825928735,0.0
10.5,2,654.5811292937627,3.7110038648697523e-07,-3.4909227726701338e-35,0.0,69.362771417431446,0.0
10.5,3,654.316494329992,3.6666529929554264e-07,7.8138721666287236e-07,0.0,0.0,0.0
10.5,4,656.0708593492169,3.4032502990762684e-38,7.816114189402687e-07,-0.015570568427655793,0.0,0.0
10.5,5,650.5324605083515,7.1405458534473921e-07,-5.7454390690779222e-35,0.0,114.74191964284657,0.0
10.5,6,650.19779989564,7.0523964585300068e-07,7.809350666014196e-07,0.0,0.0,0.0
10.5,7,643.8957035968754,1.0045794444334095e-06,-5.6646255689956376e-35,0.0,113.28130497513723,0.0
10.5,8,643.4167668707287,9.913390501537021e-07,7.8101180622049503e-07,0.0,0.0,0.0
10.5,9,634.5955801493773,1.2148577039010271e-06,-2.0159764553593427e-35,0.0,41.161203743634388,0.0
10.5,10,633.8337095252376,1.1964353186589786e-06,7.8289606572092115e-07,0.0,0.0,0.0
10.5,11,622.6068373316873,1.3228994034863461e-06,6.4894540873530534e-35,0.0,-133.60549710333228,0.0
10.5,12,621.2773234811824,1.2961371763529922e-06,7.8837839998791775e-07,0.0,0.0,0.0
10.5,13,608.0096439146096,1.2870202400445089e-06,4.550680512874974e-40,0.0,-210.01406916431904,0.0
10.5,14,605.4900321289398,1.2446361512043758e-06,7.9657721793653687e-07,0.0,0.0,0.0
10.5,15,654.0995613394372,3.5181211392170087e-07,1.6058268689537887e-06,0.0,0.0,0.0
10.5,16,655.8652300602695,1.0907546128210263e-37,1.6108725413826549e-06,-0.010917656956345653,0.0,0.0
10.5,17,649.9569003711628,6.7793121322344606e-07,1.5923400418355231e-06,0.0,0.0,0.0
10.5,18,643.1480314208176,9.5615226619726985e-07,1.5741276220960412e-06,0.0,0.0,0.0
10.5,19,633.5661970500383,1.1591604177044772e-06,1.5571732860659146e-06,0.0,0.0,0.0
10.5,20,621.1356481098574,1.2613412613828917e-06,1.5479919564855113e-06,0.0,0.0,0.0
10.5,21,605.858089729354,1.2146249817397116e-06,1.5507678936923196e-06,0.0,0.0,0.0
10.5,22,654.2828437748132,3.256939384628676e-07,2.6290480762072779e-06,0.0,0.0,0.0
10.5,23,656.0378315929325,6.494353724019351e-37,2.6534612569975869e-06,-0.16738050923143916,0.0,0.0
10.5,24,650.1628071393891,6.2992649417740043e-07,2.5609034795165321e-06,0.0,0.0,0.0
10.5,25,643.3799935611526,8.952849985663486e-07,2.4608127565020516e-06,0.0,0.0,0.0
10.5,26,633.7955762077593,1.097911593032836e-06,2.3495843696798535e-06,0.0,0.0,0.0
10.5,27,621.2401609828812,1.2125041529997814e-06,2.2536984483122269e-06,0.0,0.0,0.0
10.5,28,605.4602575802054,1.1852498971361446e-06,2.2085532630393132e-06,0.0,0.0,0.0
10.5,29,654.5288783313114,4.586310312041026e-07,3.9249711876715983e-06,0.0,0.0,0.0
10.5,30,656.2586308067765,3.3816342615261336e-48,3.9852694336074456e-06,0.16473365892839478,0.0,0.0
10.5,31,650.4758524233533,8.8190303431744261e-07,3.7540925426273186e-06,0.0,0.0,0.0
10.5,32,643.8311737531702,1.2411880503417864e-06,3.4870205166134074e-06,0.0,0.0,0.0
10.5,33,634.5179558228458,1.5061607863605946e-06,3.1492824110723064e-06,0.0,0.0,0.0
10.5,34,622.5077683824195,1.657905762156894e-06,2.7747710839072895e-06,0.0,0.0,0.0
10.5,35,607.8744353761392,1.6727814156126555e-06,2.4217485716237544e-06,0.0,0.0,0.0
10.5,36,607.598571491133,2.7988200196723687e-07,-6.1545182450421601e-40,0.0,-8.6214074206016207,0.0
10.5,37,603.6175485311448,3.4655082111554419e-10,8.4354999500328966e-36,0.0,-17.208745441259431,0.0
10.5,38,602.427369685112,-8.8457272002723677e-08,2.2443177379413307e-06,0.0,0.0,0.0
10.5,39,604.9415689787829,1.8722039062038005e-07,2.2413283661499009e-06,0.0,0.0,0.0
10.5,40,600.0,-2.9235690125849888e-07,-1.0047706639014788e-44,0.0,-10.522953743695167,-5.155689269459141
10.5,41,600.0,-3.6383622337788503e-07,2.2470003794379487e-06,0.0,0.0,-8.541468588937887
10.5,42,602.6128939004288,-7.364596418275498e-08,4.5018304399321807e-06,0.0,0.0,0.0
10.5,43,605.4244988246422,2.1310654156569046e-07,4.494899619225301e-06,0.0,0.0,0.0
10.5,44,600.0,-3.6415715624347206e-07,4.5060996254256694e-06,0.0,0.0,-8.28838369083251
10.5,45,602.6194063549814,-9.014632791872845e-08,6.723998066265255e-06,0.0,0.0,0.0
10.5,46,605.4401751763179,1.9503317610327942e-07,6.7241388495672651e-06,0.0,0.0,0.0
10.5,47,600.0,-3.8047685292936624e-07,6.7228836540037437e-06,0.0,0.0,-8.284277793616088
10.5,48,602.4010866020355,-1.7252956640403134e-07,9.0036581151203325e-06,0.0,0.0,0.0
10.5,49,604.886504927768,1.396364516754428e-07,9.0242556578485209e-06,0.0,0.0,0.0
10.5,50,600.0,-4.5199257684634456e-07,8.9768891241161955e-06,0.0,0.0,-8.463629600957493
10.5,51,603.5704059645711,3.2073885557870585e-07,1.1230769230769232e-05,0.0,17.618902700979493,0.0
10.5,52,607.5000895228271,6.7255496574041917e-07,1.1230769230769232e-05,0.0,2.3266690611079062,0.0
10.5,53,600.0,-6.6958439649954388e-08,1.1230769230769232e-05,0.0,11.165374206029682,-5.091423961737549
10.5,54,655.4451240972761,1.8745432371149173e-07,-3.382214211773033e-46,0.0,69.71583301027097,0.0
10.5,55,654.4488118118774,3.6991252285222944e-07,3.8944441678548277e-07,0.0,0.0,0.0
10.5,56,655.1936768396044,1.8523530019474559e-07,7.81471925123091e-07,0.0,0.0,0.0
10.5,57,656.1899891250032,-2.3618638070636781e-48,3.8932917519691926e-07,-0.016732197478439403,0.0,0.0
10.5,58,652.5567949010572,5.4747259116788981e-07,-8.4579730655376202e-46,0.0,184.29457454870837,0.0
10.5,59,650.3651302019957,7.1181324214620792e-07,3.8991699702252716e-07,0.0,0.0,0.0
10.5,60,652.257147112816,5.4084770043949183e-07,7.8108474922202012e-07,0.0,0.0,0.0
10.5,61,647.2140820526135,8.6750667727800514e-07,-2.5570076022945412e-46,0.0,228.91180977489822,0.0
10.5,62,643.656235233802,1.0007049548835295e-06,3.9114575583382189e-07,0.0,0.0,0.0
10.5,63,646.8072833831843,8.5652304260184668e-07,7.807926774827314e-07,0.0,0.0,0.0
10.5,64,639.2456418731263,1.1212953663966377e-06,-5.959245338529737e-45,0.0,154.98272518146123,0.0
10.5,65,634.2146448373074,1.2103086170897574e-06,3.9377834568391664e-07,0.0,0.0,0.0
10.5,66,638.6252381979832,1.1056274274083689e-06,7.816408578055253e-07,0.0,0.0,0.0
10.5,67,628.6012087405322,1.2839083211882593e-06,1.4473725906623575e-44,0.0,-81.371823972577033,0.0
10.5,68,621.9420804064348,1.3098871690541736e-06,3.9876314590897412e-07,0.0,0.0,0.0
10.5,69,627.55551650321,1.2617518647184316e-06,7.8515684498492489e-07,0.0,0.0,0.0
10.5,70,615.3082406231484,1.3234343927589986e-06,-2.2710841119575092e-44,0.0,-551.88257153503685,0.0
10.5,71,606.7498380217746,1.2772555564227255e-06,4.0913207545580645e-07,0.0,0.0,0.0
10.5,72,613.3836778050611,1.2898616118903095e-06,7.918435275715878e-07,0.0,0.0,0.0
10.5,73,654.2080278347146,3.6095191314553425e-07,1.1821116970516333e-06,0.0,0.0,0.0
10.5,74,654.9823956998533,1.7767256093396807e-07,1.6091716173202416e-06,0.0,0.0,0.0
10.5,75,655.9680447047432,3.6064946046083859e-49,1.183712436093299e-06,-0.064125301337812024,0.0,0.0
10.5,76,650.0773501334013,6.9487423005330073e-07,1.1781151112202903e-06,0.0,0.0,0.0
10.5,77,652.0282308553,5.1939787775939509e-07,1.5995946591523195e-06,0.0,0.0,0.0
10.5,78,643.2823991457731,9.7731822889218636e-07,1.1734802940469052e-06,0.0,0.0,0.0
10.5,79,646.5524658959903,8.2479665407560199e-07,1.5832474149404907e-06,0.0,0.0,0.0
10.5,80,633.699953287638,1.1818652921885342e-06,1.1704311780522328e-06,0.0,0.0,0.0
10.5,81,638.357114235428,1.0689746145392471e-06,1.565086168711952e-06,0.0,0.0,0.0
10.5,82,621.2064857955199,1.2773537350145152e-06,1.1706241528780079e-06,0.0,0.0,0.0
10.5,83,627.3509225799478,1.2254610417464073e-06,1.5516406005482184e-06,0.0,0.0,0.0
10.5,84,605.6740609291469,1.2402396172264352e-06,1.1754136706535067e-06,0.0,0.0,0.0
10.5,85,613.4968689196057,1.2572412150242147e-06,1.5485606998017829e-06,0.0,0.0,0.0
10.5,86,654.1912025571252,3.3718175215713478e-07,2.0772049457392165e-06,0.0,0.0,0.0
10.5,87,655.1603376838729,1.6420357456000768e-07,2.6467531346032567e-06,0.0,0.0,0.0
10.5,88,655.951530826601,2.0149096905780631e-47,2.089190869762126e-06,-0.37297940190192214,0.0,0.0
10.5,89,650.059853755276,6.5135750104654903e-07,2.0439130655353607e-06,0.0,0.0,0.0
10.5,90,652.2228254571012,4.8107559277904491e-07,2.599513613333191e-06,0.0,0.0,0.0
10.5,91,643.2640124909851,9.2151467691254752e-07,1.9971684922380029e-06,0.0,0.0,0.0
10.5,92,646.7714003502708,7.6829311767452922e-07,2.5132326020383619e-06,0.0,0.0,0.0
10.5,93,633.6808866288989,1.123351074200681e-06,1.9488627402979041e-06,0.0,0.0,0.0
10.5,94,638.5877848844559,1.0052039033181981e-06,2.4044696305898735e-06,0.0,0.0,0.0
10.5,95,621.1879045463693,1.2262933755252276e-06,1.913989131557799e-06,0.0,0.0,0.0
10.5,96,627.5178685953202,1.167717940794578e-06,2.296814678764464e-06,0.0,0.0,0.0
10.5,97,605.6591736547797,1.2041793848103319e-06,1.9076099278648078e-06,0.0,0.0,0.0
10.5,98,613.3502092815434,1.2169711661344948e-06,2.2218273066516053e-06,0.0,0.0,0.0
10.5,99,654.4058610530623,3.36878965929463e-07,3.2903741542453329e-06,0.0,0.0,0.0
10.5,100,655.393754569044,2.3150639145551791e-07,3.9699254371165421e-06,0.0,0.0,0.0
10.5,101,656.1482311998545,-2.1295914736797759e-47,3.3323712408748168e-06,0.48470171348079871,0.0,0.0
10.5,102,650.3193297813712,6.514914199218911e-07,3.1700403835986416e-06,0.0,0.0,0.0
10.5,103,652.5023653773324,6.7564742771926875e-07,3.8527940934734188e-06,0.0,0.0,0.0
10.5,104,643.6055836571613,9.2390213093469679e-07,2.9867459389319638e-06,0.0,0.0,0.0
10.5,105,647.1535130882618,1.0701373572405404e-06,3.6312373254394799e-06,0.0,0.0,0.0
10.5,106,634.1567660153025,1.1346747007077249e-06,2.7661089676138102e-06,0.0,0.0,0.0
10.5,107,639.174564788008,1.3850272026525712e-06,3.3243527212501778e-06,0.0,0.0,0.0
10.5,108,621.8739646826504,1.2619087763690364e-06,2.5476111610325075e-06,0.0,0.0,0.0
10.5,109,628.5128621026327,1.5950179791338006e-06,2.962098416089122e-06,0.0,0.0,0.0
10.5,110,606.6673464781722,1.2914064115910432e-06,2.3829594615970381e-06,0.0,0.0,0.0
10.5,111,615.1911018792794,1.6784328992737682e-06,2.5882633403924476e-06,0.0,0.0,0.0
10.5,112,605.608060011139,1.380696030255524e-07,-3.7746650537460517e-44,0.0,-32.502586915382224,0.0
10.5,113,603.0224591081285,-4.1105813954105781e-08,1.1269874598146266e-06,0.0,0.0,0.0
10.5,114,603.6844693319474,4.6216555318750194e-08,2.2427499868121513e-06,0.0,0.0,0.0
10.5,115,606.270070234958,2.8634013498722369e-07,1.111583960972142e-06,0.0,0.0,0.0
10.5,116,601.8087742655725,-1.4769998335807989e-07,-3.1971575516096555e-44,0.0,-37.285317987580299,0.0
10.5,117,600.0,-3.3565679419474854e-07,1.1403680944173331e-06,0.0,0.0,0.0
10.5,118,601.213684842556,-2.2870961058831298e-07,2.2456762658690763e-06,0.0,0.0,0.0
10.5,119,602.5201317927704,-6.8529489126290275e-08,3.3618687377768045e-06,0.0,0.0,0.0
10.5,120,604.0186963625355,6.6845417917297233e-08,4.4986644405694302e-06,0.0,0.0,0.0
10.5,121,605.1830339017126,2.5702533563310645e-07,3.363940635092154e-06,0.0,0.0,0.0
10.5,122,600.0,-3.6356138096424535e-07,3.3614187767564678e-06,0.0,0.0,0.0
10.5,123,601.3064469502144,-2.2130841170770237e-07,4.5040263439916731e-06,0.0,0.0,0.0
10.5,124,602.6161501277052,-1.0829968083665668e-07,5.6122992722248969e-06,0.0,0.0,0.0
10.5,125,604.0297907656495,5.0855028170884328e-08,6.7237747554734685e-06,0.0,0.0,0.0
10.5,126,605.4323370004801,2.0505874899901471e-07,5.611969763168775e-06,0.0,0.0,0.0
10.5,127,600.0,-3.891533579204667e-07,5.6128660163094402e-06,0.0,0.0,0.0
10.5,128,601.3097031774907,-2.3657130322481223e-07,6.7234308434041567e-06,0.0,0.0,0.0
10.5,129,602.5102464785084,-1.2427440085186679e-07,7.8518739146389341e-06,0.0,0.0,0.0
10.5,130,603.6437957649017,-2.2490961131979463e-08,9.0138655385055071e-06,0.0,0.0,0.0
10.5,131,605.1633400520429,1.9476349115192869e-07,7.8321521580119529e-06,0.0,0.0,0.0
10.5,132,600.0,-4.1535424499710428e-07,7.8720952617822019e-06,0.0,0.0,0.0
10.5,133,601.2005433010178,-3.172870288765589e-07,8.9900806909685218e-06,0.0,0.0,0.0
10.5,134,602.9857462833033,5.183809559750672e-08,1.0076400038909957e-05,0.0,0.0,0.0
10.5,135,605.5352477436992,4.9841300018865383e-07,1.1230769230769232e-05,0.0,34.65687199875574,0.0
10.5,136,606.1932972252976,3.5637228687267887e-07,1.0163526689093693e-05,0.0,0.0,0.0
10.5,137,600.0,-2.2592167331240974e-07,1.0000856919061049e-05,0.0,0.0,0.0
10.5,138,601.7852029822857,1.2843104746005327e-07,1.1230769230769232e-05,0.0,40.379564494263242,0.0
12.5,1,671.1758643549863,-4.5106531425440165e-44,-3.3732139408846556e-42,-0.0017472388442666478,0.53758723276464104,0.0
12.5,2,668.9408205673407,4.6900241261686619e-07,-4.4487103417675219e-35,0.0,88.386592852032692,0.0
12.5,3,668.5980870790698,4.6339341738766292e-07,9.7966313877664602e-07,0.0,0.0,0.0
12.5,4,670.8664182248581,4.5675802675272177e-38,9.7995650059452915e-07,-0.021791925632222653,0.0,0.0
12.5,5,663.7175747137825,9.0168418985607472e-07,-7.3023421757429587e-35,0.0,145.83351184582722,0.0
12.5,6,663.2866833810002,8.9053980624191967e-07,9.7905820098363381e-07,0.0,0.0,0.0
12.5,7,655.1956175095416,1.2669349837178692e-06,-7.1609284332870316e-35,0.0,143.24380941374903,0.0
12.5,8,654.583894673259,1.2502159602086716e-06,9.7910647688568376e-07,0.0,0.0,0.0
12.5,9,643.3352248596672,1.5298722155906319e-06,-2.4907014531127589e-35,0.0,50.792428689836996,0.0
12.5,10,642.3709888403627,1.5066489975060857e-06,9.814275355044586e-07,0.0,0.0,0.0
12.5,11,628.1815852508691,1.6628033276646565e-06,8.2876002447131621e-35,0.0,-169.97468518916332,0.0
12.5,12,626.5152242550893,1.6292017916941759e-06,9.8823389200680171e-07,0.0,0.0,0.0
12.5,13,609.9298000300911,1.6168313101632603e-06,1.0704679151999002e-39,0.0,-265.27707970529286,0.0
12.5,14,606.803793600161,1.5640013891264729e-06,9.9858553811339115e-07,0.0,0.0,0.0
12.5,15,668.3158962483402,4.4454258185291313e-07,2.0136552566621716e-06,0.0,0.0,0.0
12.5,16,670.5982721670216,1.2933041401679229e-37,2.0200524400775584e-06,-0.0069162628314367314,0.0,0.0
12.5,17,662.9749330931803,8.5588902623556244e-07,1.9965411381121406e-06,0.0,0.0,0.0
12.5,18,654.2386067355117,1.2055745365603658e-06,1.97345824738903e-06,0.0,0.0,0.0
12.5,19,642.0300100362592,1.4593137832739339e-06,1.9519872570166848e-06,0.0,0.0,0.0
12.5,20,626.3354868408061,1.5849967934729684e-06,1.9403075895173302e-06,0.0,0.0,0.0
12.5,21,607.2599694720869,1.5260502020531861e-06,1.9438174645819169e-06,0.0,0.0,0.0
12.5,22,668.5521315910119,4.115040098764155e-07,3.2996446129428224e-06,0.0,0.0,0.0
12.5,23,670.8211985409946,8.3557450880481889e-37,3.3306287059280836e-06,-0.21593988253880336,0.0,0.0
12.5,24,663.23916856229,7.9517869024959077e-07,3.2131871070361911e-06,0.0,0.0,0.0
12.5,25,654.5344076205462,1.1286150750923603e-06,3.0863217979269049e-06,0.0,0.0,0.0
12.5,26,642.3202835690538,1.3817911679060439e-06,2.9454130097678683e-06,0.0,0.0,0.0
12.5,27,626.4665868181137,1.5230447095906417e-06,2.8240678453349371e-06,0.0,0.0,0.0
12.5,28,606.7657924035267,1.488899413068959e-06,2.7668806749175786e-06,0.0,0.0,0.0
12.5,29,668.869502624173,5.8031055113189926e-07,4.9339446851391409e-06,0.0,0.0,0.0
12.5,30,671.106771041514,4.7976948585801404e-43,5.0111221990768089e-06,0.2060441913862992,0.0,0.0
12.5,31,663.6407612332563,1.1148911472327908e-06,4.7155763287730259e-06,0.0,0.0,0.0
12.5,32,655.1088232323026,1.5670097322043388e-06,4.3752381085603646e-06,0.0,0.0,0.0
12.5,33,643.2319494045463,1.8986207072076912e-06,3.9463006148233022e-06,0.0,0.0,0.0
12.5,34,628.0513464133124,2.0862825794119552e-06,3.4732749415254102e-06,0.0,0.0,0.0
12.5,35,609.75419400878,2.1047676494530466e-06,3.0279911217742262e-06,0.0,0.0,0.0
12.5,36,609.4204308725241,6.0911207660042353e-07,-1.0573728417987664e-39,0.0,-8.9969928546639721,0.0
12.5,37,604.4854093213935,2.6405334415800944e-07,9.0054240517914759e-36,0.0,-18.345893876932791,0.0
12.5,38,603.0088488496523,1.5586080079126214e-07,2.6122681941125093e-06,0.0,0.0,0.0
12.5,39,606.1245308504417,4.9609938777545708e-07,2.6081557655743851e-06,0.0,0.0,0.0
12.5,40,600.0,-9.2857407210856401e-08,-1.0747477924985087e-40,0.0,-11.25454526825586,-6.39234596980657
12.5,41,600.0,-1.8072758273423084e-07,2.6161146149927329e-06,0.0,0.0,-10.588574077018292
12.5,42,603.2385741457252,1.7128881311838665e-07,5.2413973793951572e-06,0.0,0.0,0.0
12.5,43,606.7226198993662,5.2407737438433407e-07,5.234026616474209e-06,0.0,0.0,0.0
12.5,44,600.0,-1.8199489504078215e-07,5.2461142740584262e-06,0.0,0.0,-10.273808274959567
12.5,45,603.2469474858354,1.5003310232113674e-07,7.8311842642125614e-06,0.0,0.0,0.0
12.5,46,606.7427470923842,5.0153443118931869e-07,7.8293374398003154e-06,0.0,0.0,0.0
12.5,47,600.0,-2.0438772120304794e-07,7.8314151582126292e-06,0.0,0.0,-10.268601776579612
12.5,48,602.9751890237618,5.1062607272838592e-08,1.0487841500236829e-05,0.0,0.0,0.0
12.5,49,606.0540765316663,4.3808653692547355e-07,1.0515914213262927e-05,0.0,0.0,0.0
12.5,50,600.0,-2.9265530781024487e-07,1.0453361908443094e-05,0.0,0.0,-10.488387103218017
12.5,51,604.4240913780416,6.722906870871058e-07,1.3076923076923078e-05,0.0,18.84286612204934,0.0
12.5,52,609.2922824914644,1.1070091845207288e-06,1.3076923076923078e-05,0.0,1.8896801920092217,0.0
12.5,53,600.0,1.9674356593814163e-07,1.3076923076923078e-05,0.0,12.227310264833273,-6.309040464919067
12.5,54,670.0583424611634,2.3696411314844029e-07,-2.2482676784475651e-40,0.0,88.84351555862645,0.0
12.5,55,668.7694538232053,4.6750343583390419e-07,4.8829020638183874e-07,0.0,0.0,0.0
12.5,56,669.732252651964,2.3415679376279604e-07,9.7977648483893378e-07,0.0,0.0,0.0
12.5,57,671.0211412899222,3.8149031494680196e-43,4.8815065890950681e-07,-0.022136974586203888,0.0,0.0
12.5,58,666.3291976405616,6.9165736465989288e-07,-5.0405373398133233e-40,0.0,234.46728568985003,0.0
12.5,59,663.5021290473913,8.9885257973190361e-07,4.8887343753802854e-07,0.0,0.0,0.0
12.5,60,665.942385230035,6.8327809009571432e-07,9.7926627165649736e-07,0.0,0.0,0.0
12.5,61,659.4565961116621,1.0948175364421086e-06,-4.0725931286994648e-40,0.0,290.16924639390425,0.0
12.5,62,654.8897560914004,1.2620947278337186e-06,4.9039893367612758e-07,0.0,0.0,0.0
12.5,63,658.9352890271297,1.0809375821450049e-06,9.7885667260247803e-07,0.0,0.0,0.0
12.5,64,649.2654211846044,1.413143880229868e-06,-4.9232095109062892e-41,0.0,194.87125369792261,0.0
12.5,65,642.8531068500149,1.5240125152235387e-06,4.9367569161489938e-07,0.0,0.0,0.0
12.5,66,648.4774417568108,1.3933739543673891e-06,9.7987490100022197e-07,0.0,0.0,0.0
12.5,67,635.7584050552682,1.6152868455341062e-06,5.3665607116101304e-40,0.0,-105.91503758744912,0.0
12.5,68,627.3484047529791,1.6469670083532424e-06,4.9990225155968971e-07,0.0,0.0,0.0
12.5,69,634.443106547726,1.5874101552032309e-06,9.8422844700722815e-07,0.0,0.0,0.0
12.5,70,619.0556926404802,1.6628351880403744e-06,3.7588825574833683e-40,0.0,-695.98720280565476,0.0
12.5,71,608.366796815126,1.6037716780329561e-06,5.1281819322466947e-07,0.0,0.0,0.0
12.5,72,616.6595089276252,1.620833914229519e-06,9.9260046953911354e-07,0.0,0.0,0.0
12.5,73,668.456991663705,4.5614588669177268e-07,1.4821052105776089e-06,0.0,0.0,0.0
12.5,74,669.457084207681,2.2456160972154195e-07,2.0178999579823731e-06,0.0,0.0,0.0
12.5,75,670.7323451959398,-7.5284218536970907e-43,1.4841404402355646e-06,-0.076737943287977173,0.0,0.0
12.5,76,663.1308082370903,8.7738233037956067e-07,1.4770183918209464e-06,0.0,0.0,0.0
12.5,77,665.6454146707603,6.5606636960485652e-07,2.0057486799168613e-06,0.0,0.0,0.0
12.5,78,654.4112507043853,1.2324490621430428e-06,1.4711026387858249e-06,0.0,0.0,0.0
12.5,79,658.606769914346,1.040690790047204e-06,1.9850179410739615e-06,0.0,0.0,0.0
12.5,80,642.200499438311,1.4879776282808314e-06,1.4671841007550306e-06,0.0,0.0,0.0
12.5,81,648.1343083858854,1.3468493220140753e-06,1.9620047192122227e-06,0.0,0.0,0.0
12.5,82,626.4253555479477,1.6057943559136619e-06,1.4674246050100008e-06,0.0,0.0,0.0
12.5,83,634.1827484385326,1.5413099904305223e-06,1.9449404603444981e-06,0.0,0.0,0.0
12.5,84,607.031881536124,1.5569999786235829e-06,1.4735033894018971e-06,0.0,0.0,0.0
12.5,85,616.7977281564465,1.5794853275444869e-06,1.941030222605963e-06,0.0,0.0,0.0
12.5,86,668.4340139196761,4.2600660486512293e-07,2.6056487334752847e-06,0.0,0.0,0.0
12.5,87,669.6866650660032,2.0751133629497688e-07,3.322102194386585e-06,0.0,0.0,0.0
12.5,88,670.7097353540081,3.9177201966466081e-42,2.620854744215137e-06,-0.49030673762585564,0.0,0.0
12.5,89,663.1070508277352,8.2219884715063538e-07,2.5634406717199066e-06,0.0,0.0,0.0
12.5,90,665.895650076651,6.075682116095355e-07,3.2621594856631139e-06,0.0,0.0,0.0
12.5,91,654.386507178029,1.1616791226112013e-06,2.5041843396187751e-06,0.0,0.0,0.0
12.5,92,658.8867880914181,9.6921277248026041e-07,3.1527512254763553e-06,0.0,0.0,0.0
12.5,93,642.1751468026565,1.4137975100852869e-06,2.4429675756121973e-06,0.0,0.0,0.0
12.5,94,648.4273455948,1.2661736473944692e-06,3.0149374614112912e-06,0.0,0.0,0.0
12.5,95,626.4010368294598,1.5410755731614978e-06,2.3988179835172224e-06,0.0,0.0,0.0
12.5,96,634.3934351935837,1.4681701490496546e-06,2.878665096870409e-06,0.0,0.0,0.0
12.5,97,607.0128809378068,1.511202372829684e-06,2.3907488127159473e-06,0.0,0.0,0.0
12.5,98,616.6161896108201,1.5284587574571933e-06,2.783666168306037e-06,0.0,0.0,0.0
12.5,99,668.7108171075924,4.2520227597642831e-07,4.1333402881464439e-06,0.0,0.0,0.0
12.5,100,669.9881368328436,2.9298079735099891e-07,4.9914565347248049e-06,0.0,0.0,0.0
12.5,101,670.9639847912542,-3.8949619353239807e-42,4.1868991067277119e-06,0.62953277394706708,0.0,0.0
12.5,102,663.4399648977732,8.2177361080113509e-07,3.9800592617226069e-06,0.0,0.0,0.0
12.5,103,666.2551319287146,8.5452179432663422e-07,4.841638349244782e-06,0.0,0.0,0.0
12.5,104,654.8216154264244,1.1642833732654577e-06,3.7470250885791738e-06,0.0,0.0,0.0
12.5,105,659.3747922327794,1.3519568759326685e-06,4.5588691461473983e-06,0.0,0.0,0.0
12.5,106,642.7761164868,1.4281638794588201e-06,3.4673105474245787e-06,0.0,0.0,0.0
12.5,107,649.1703863184244,1.7472559582140047e-06,4.1684316379286819e-06,0.0,0.0,0.0
12.5,108,627.258966615713,1.5865657035949004e-06,3.1909705858176438e-06,0.0,0.0,0.0
12.5,109,635.6416479089294,2.0088406593707187e-06,3.7095911689388312e-06,0.0,0.0,0.0
12.5,110,608.2599932061534,1.6217137740656455e-06,2.9830039766998975e-06,0.0,0.0,0.0
12.5,111,618.9027702110462,2.1117659661672753e-06,3.2382343625962922e-06,0.0,0.0,0.0
12.5,112,606.9529200969588,4.3390352583254314e-07,-3.0827625674939861e-43,0.0,-34.663898464596016,0.0
12.5,113,603.7471290855228,2.1462159030153859e-07,1.3116664262736919e-06,0.0,0.0,0.0
12.5,114,604.5666898500469,3.220109414880646e-07,2.6101235565701596e-06,0.0,0.0,0.0
12.5,115,607.7724808614829,6.1558267113928802e-07,1.2935504618949119e-06,0.0,0.0,0.0
12.5,116,602.2427046606967,8.338620628480777e-08,-4.459119190848795e-40,0.0,-39.40433538221599,0.0
12.5,117,600.0,-1.4658964634384472e-07,1.3275215175306937e-06,0.0,0.0,0.0
12.5,118,601.5044244248261,-1.5660357380750515e-08,2.6142285518660169e-06,0.0,0.0,0.0
12.5,119,603.1237114976888,1.8029698612548509e-07,3.9143817067173773e-06,0.0,0.0,0.0
12.5,120,604.9805970225457,3.439911779313973e-07,5.2380666011432673e-06,0.0,0.0,0.0
12.5,121,606.423575374904,5.7948505212027085e-07,3.9158878567028434e-06,0.0,0.0,0.0
12.5,122,600.0,-1.8161507774958087e-07,3.9144291316978646e-06,0.0,0.0,0.0
12.5,123,601.6192870728626,-8.4277714327337712e-09,5.2437910590606064e-06,0.0,0.0,0.0
12.5,124,603.2427608157803,1.3109056952003105e-07,6.5346111546202175e-06,0.0,0.0,0.0
12.5,125,604.9948472891098,3.2370692107665556e-07,7.8299202583800813e-06,0.0,0.0,0.0
12.5,126,606.7326834958752,5.1574799149884535e-07,6.5343930163505274e-06,0.0,0.0,0.0
12.5,127,600.0,-2.1464567572030955e-07,6.53520475641701e-06,0.0,0.0,0.0
12.5,128,601.6234737429177,-2.8825987461690265e-08,7.8313262367232931e-06,0.0,0.0,0.0
12.5,129,603.1110682547986,1.0938924661559511e-07,9.1428420373320097e-06,0.0,0.0,0.0
12.5,130,604.514632777714,2.370026865091061e-07,1.0501761676760089e-05,0.0,0.0,0.0
12.5,131,606.3984118120252,5.0009440427723856e-07,9.1191637109517946e-06,0.0,0.0,0.0
12.5,132,600.0,-2.4644376188949546e-07,9.1671420655311603e-06,0.0,0.0,0.0
12.5,133,601.4875945118808,-1.2711867159436057e-07,1.0470343241417239e-05,0.0,0.0,0.0
12.5,134,603.6996402009017,3.3211999341451586e-07,1.1734465552696965e-05,0.0,0.0,0.0
12.5,135,606.8581869347531,8.9174668342417781e-07,1.3076923076923078e-05,0.0,36.943865634810713,0.0
12.5,136,607.6731795115654,7.0402481753261355e-07,1.1841850701948105e-05,0.0,0.0,0.0
12.5,137,600.0,-7.5510122293927247e-09,1.1640362256601766e-05,0.0,0.0,0.0
12.5,138,602.2120456890209,4.3638677705332391e-07,1.3076923076923078e-05,0.0,42.770717387809789,0.0
14.5,1,686.42810844381,8.4549796574591587e-44,-1.6412238189014692e-42,-0.0016778866425509464,0.66546680828679783,0.0
14.5,2,683.6623371583729,5.6938144334076826e-07,-5.4386547216142037e-35,0.0,108.04805604740127,0.0
14.5,3,683.2380945520705,5.6256908778614918e-07,1.1816030555970981e-06,0.0,0.0,0.0
14.5,4,686.0442385929113,5.8144093996967971e-38,1.1819695488553984e-06,-0.028594021000180683,0.0,0.0
14.5,5,677.2123116724373,1.0939017641223061e-06,-8.9076320220554255e-35,0.0,177.89188676865018,0.0
14.5,6,676.6813633072425,1.0803701264241061e-06,1.1808346583061706e-06,0.0,0.0,0.0
14.5,7,666.7292871187572,1.5353689620421791e-06,-8.696273037278896e-35,0.0,173.99177917655308,0.0
14.5,8,665.9802823939084,1.5150881322872031e-06,1.1808433241038052e-06,0.0,0.0,0.0
14.5,9,652.2214788330833,1.8516911310657364e-06,-2.9668378223288234e-35,0.0,60.442321414241434,0.0
14.5,10,651.0496172724771,1.8235578135438597e-06,1.1836001905672792e-06,0.0,0.0,0.0
14.5,11,633.8212733774095,2.0094408749577444e-06,1.0146289396808627e-34,0.0,-207.53262379869631,0.0
14.5,12,631.8126321990544,1.9688596856830559e-06,1.1917459811118837e-06,0.0,0.0,0.0
14.5,13,611.8579280502067,1.9528045847959432e-06,9.7505392483950927e-40,0.0,-321.83970045638426,0.0
14.5,14,608.1230472530839,1.8893784390434931e-06,1.2042875260653208e-06,0.0,0.0,0.0
14.5,15,682.8875787327015,5.3960303225427143e-07,2.4290888427854563e-06,0.0,0.0,0.0
14.5,16,685.7105113468593,1.4836975173989765e-37,2.4368764011063901e-06,-0.001397859696377457,0.0,0.0
14.5,17,676.2957554734123,1.0381628857341785e-06,2.4082410155223342e-06,0.0,0.0,0.0
14.5,18,665.5557086366957,1.4607182565316982e-06,2.3801487585629389e-06,0.0,0.0,0.0
14.5,19,650.6332107281792,1.7658662127784194e-06,2.3540364837741891e-06,0.0,0.0,0.0
14.5,20,631.5942888276528,1.9149609205222898e-06,2.3397835584007557e-06,0.0,0.0,0.0
14.5,21,608.6678341630983,1.8432516356409363e-06,2.3440469074368178e-06,0.0,0.0,0.0
14.5,22,683.1784512726451,4.9945673171375687e-07,3.9833096370019674e-06,0.0,0.0,0.0
14.5,23,685.9854321911848,1.0295410743506599e-36,4.0210601703235476e-06,-0.26666012730967403,0.0,0.0
14.5,24,676.6199778555194,9.6440395694368151e-07,3.8780018301373092e-06,0.0,0.0,0.0
14.5,25,665.9168059263498,1.3672325999163016e-06,3.7235976330109272e-06,0.0,0.0,0.0
14.5,26,650.9852121519923,1.6716131027537493e-06,3.5521818857121543e-06,0.0,0.0,0.0
14.5,27,631.7516660191833,1.8394967054655301e-06,3.4046840113404373e-06,0.0,0.0,0.0
14.5,28,608.0764364806377,1.7981052750290066e-06,3.3351408971409197e-06,0.0,0.0,0.0
14.5,29,683.569791377052,7.0521372080147533e-07,5.9641342909589784e-06,0.0,0.0,0.0
14.5,30,686.3382684885074,2.7588820752736945e-43,6.0588257297528674e-06,0.24798204002349861,0.0,0.0
14.5,31,677.1130833520757,1.3538420500226631e-06,5.6965640288677609e-06,0.0,0.0,0.0
14.5,32,666.61793173304,1.9007373516368279e-06,5.2805025058059652e-06,0.0,0.0,0.0
14.5,33,652.0901149640239,2.2999762750758467e-06,4.7576140351709992e-06,0.0,0.0,0.0
14.5,34,633.657196277101,2.5236592390363218e-06,4.1835548582472951e-06,0.0,0.0,0.0
14.5,35,611.6388815891086,2.5455321400924339e-06,3.6438822222154315e-06,0.0,0.0,0.0
14.5,36,611.2498868332884,9.4456006034970781e-07,-1.1035896023902272e-39,0.0,-9.4097360509760826,0.0
14.5,37,605.356904509948,5.3299081074985872e-07,9.5511239766857231e-36,0.0,-19.430099393315405,0.0
14.5,38,603.5928143747468,4.0588738135194464e-07,2.9802385017076707e-06,0.0,0.0,0.0
14.5,39,607.3125421017731,8.1171745051694249e-07,2.9748217057129876e-06,0.0,0.0,0.0
14.5,40,600.0,1.1197869469578759e-07,-6.7510854205317506e-41,0.0,-11.944889872555832,-7.634215472831835
14.5,41,600.0,7.9214980853989091e-09,2.9853342819241474e-06,0.0,0.0,-12.644390132019186
14.5,42,603.8669100809869,4.2125834243086551e-07,5.9809804067572808e-06,0.0,0.0,0.0
14.5,43,608.0262216798485,8.411437045724198e-07,5.9732661415897161e-06,0.0,0.0,0.0
14.5,44,600.0,5.1224866122413176e-09,5.9860323356676119e-06,0.0,0.0,-12.26774410298093
14.5,45,603.8772707021149,3.9507238439812351e-07,8.9387973653884192e-06,0.0,0.0,0.0
14.5,46,608.051090879034,8.1396553034789534e-07,8.9347109461557328e-06,0.0,0.0,0.0
14.5,47,600.0,-2.366949417977736e-08,8.9407015161668771e-06,0.0,0.0,-12.261416807454548
14.5,48,603.5513767287143,2.7997039861344069e-07,1.1972794554169354e-05,0.0,0.0,0.0
14.5,49,607.2258787024628,7.4311265345430652e-07,1.2008874137712062e-05,0.0,0.0,0.0
14.5,50,600.0,-1.2841314841631143e-07,1.1930220672484957e-05,0.0,0.0,-12.520480159624842
14.5,51,605.2803225989929,1.0320791791548152e-06,1.4923076923076925e-05,0.0,19.991515940942719,0.0
14.5,52,611.0897734957915,1.5507137762167018e-06,1.4923076923076925e-05,0.0,1.5581659414910383,0.0
14.5,53,600.0,4.6850052573025764e-07,1.4923076923076925e-05,0.0,13.220277038899265,-7.530497700730503
14.5,54,685.0452228010914,2.877385019801343e-07,-1.2781387211572253e-40,0.0,108.61374619749931,0.0
14.5,55,683.4502158552217,5.6756410637015276e-07,5.8896736922809168e-07,0.0,0.0,0.0
14.5,56,684.6411665724909,2.84327937478868e-07,1.1817471526903532e-06,0.0,0.0,0.0
14.5,57,686.2361735183606,-1.8325987012501828e-43,5.8880413275884288e-07,-0.027872087648658339,0.0,0.0
14.5,58,680.4373244154051,8.3943745763315066e-07,-3.0080267954184784e-40,0.0,286.24668822381125,0.0
14.5,59,676.9468374898399,1.0904667030321407e-06,5.8966101043218613e-07,0.0,0.0,0.0
14.5,60,679.9597289296564,8.2925956678732847e-07,1.1811064672754929e-06,0.0,0.0,0.0
14.5,61,671.9707993955973,1.3275532685136462e-06,-2.5134220553981936e-40,0.0,353.17988143738552,0.0
14.5,62,666.3547847563327,1.5295456407885848e-06,5.9148467524032852e-07,0.0,0.0,0.0
14.5,63,671.3308228505755,1.3107060080616869e-06,1.1805678928318943e-06,0.0,0.0,0.0
14.5,64,659.4753829759202,1.7115366751974239e-06,-4.0947539902208243e-42,0.0,235.57470773932135,0.0
14.5,65,651.6355480527802,1.8444811786220028e-06,5.9540997410853723e-07,0.0,0.0,0.0
14.5,66,658.5149498331928,1.6875685570313249e-06,1.1817494423984191e-06,0.0,0.0,0.0
14.5,67,643.0213761052464,1.9535254055825962e-06,3.4135599730081255e-40,0.0,-131.63573396099878,0.0
14.5,68,632.8169527882319,1.9907554206335638e-06,6.0288919693947449e-07,0.0,0.0,0.0
14.5,69,641.4311247357657,1.9198033761528422e-06,1.186946815028601e-06,0.0,0.0,0.0
14.5,70,622.8396007138081,2.0087378310153102e-06,1.8641266403556277e-40,0.0,-843.65795038881731,0.0
14.5,71,609.9904876516453,1.9363400848791687e-06,6.1838209797935309e-07,0.0,0.0,0.0
14.5,72,619.9678397260691,1.9581569693825478e-06,1.1970278238595042e-06,0.0,0.0,0.0
14.5,73,683.062836642386,5.5374322138013236e-07,1.7876489326372622e-06,0.0,0.0,0.0
14.5,74,684.2990450397804,2.7264109821009556e-07,2.4342601812400275e-06,0.0,0.0,0.0
14.5,75,685.8773749698853,-7.1129161507442371e-44,1.7901322339249557e-06,-0.088827955756457411,0.0,0.0
14.5,76,676.4885593903274,1.0643400772575325e-06,1.7814363130187064e-06,0.0,0.0,0.0
14.5,77,679.5916671030569,7.9611877649915124e-07,2.4194591161704724e-06,0.0,0.0,0.0
14.5,78,665.7679955153021,1.4934688247843959e-06,1.7741949189451347e-06,0.0,0.0,0.0
14.5,79,670.9257320550541,1.2616924388510157e-06,2.394218101177006e-06,0.0,0.0,0.0
14.5,80,650.8414140003281,1.8006522764272553e-06,1.7693708470497606e-06,0.0,0.0,0.0
14.5,81,658.0944596824374,1.6308834582873077e-06,2.3662157732522598e-06,0.0,0.0,0.0
14.5,82,631.7034605133535,1.9407334090155654e-06,1.769654349367916e-06,0.0,0.0,0.0
14.5,83,641.1137497779159,1.8635997769813388e-06,2.3454284004517982e-06,0.0,0.0,0.0
14.5,84,608.3954407080911,1.8796153431062311e-06,1.7770631271607621e-06,0.0,0.0,0.0
14.5,85,620.1310614953755,1.9078205187562203e-06,2.3406635038094325e-06,0.0,0.0,0.0
14.5,86,683.0330150026733,5.1704968092418261e-07,3.1441228558659249e-06,0.0,0.0,0.0
14.5,87,684.581941731915,2.5191014940217463e-07,4.0106584398926e-06,0.0,0.0,0.0
14.5,88,685.847971769022,2.4363377123000061e-42,3.1626433767195098e-06,-0.61451268920135571,0.0,0.0
14.5,89,676.4578666644659,9.9714946572733377e-07,3.0927425085980968e-06,0.0,0.0,0.0
14.5,90,679.8992145640823,7.3716415637807179e-07,3.9376379051499849e-06,0.0,0.0,0.0
14.5,91,665.7362572815227,1.4072948694956481e-06,3.0206179771132803e-06,0.0,0.0,0.0
14.5,92,671.2683918909347,1.1748307277181784e-06,3.8044338373926965e-06,0.0,0.0,0.0
14.5,93,650.8092114400857,1.7103511565401678e-06,2.9461269191856048e-06,0.0,0.0,0.0
14.5,94,658.451009039171,1.5328374749255175e-06,3.6367522310656388e-06,0.0,0.0,0.0
14.5,95,631.672977423418,1.8619616333800211e-06,2.8924504655737323e-06,0.0,0.0,0.0
14.5,96,641.3684390855879,1.7746207042599024e-06,3.4710794501577077e-06,0.0,0.0,0.0
14.5,97,608.372135321868,1.8237866047753374e-06,2.8826490247317663e-06,0.0,0.0,0.0
14.5,98,619.9140512499105,1.8457184749552338e-06,3.3555235647437773e-06,0.0,0.0,0.0
14.5,99,683.3741213248486,5.1563984927805044e-07,4.9934612426448008e-06,0.0,0.0,0.0
14.5,100,684.9540299327797,3.5609506206630156e-07,6.0346703667359449e-06,0.0,0.0,0.0
14.5,101,686.1618503398461,-2.4826288470051224e-42,5.0589769215989529e-06,0.78156058721533794,0.0,0.0
14.5,102,676.8665306037976,9.9602003790631786e-07,4.8061414181590285e-06,0.0,0.0,0.0
14.5,103,680.3414373645637,1.038054065247049e-06,5.8509588537154922e-06,0.0,0.0,0.0
14.5,104,666.2673688296949,1.410022336931656e-06,4.5218107133763112e-06,0.0,0.0,0.0
14.5,105,671.8655075425579,1.640802815921607e-06,5.5048402144712305e-06,0.0,0.0,0.0
14.5,106,651.537663558008,1.7278262664699428e-06,4.1813217622489092e-06,0.0,0.0,0.0
14.5,107,659.3540233485319,2.1179840759526535e-06,5.0281818228977549e-06,0.0,0.0,0.0
14.5,108,632.7044311481421,1.9176367883849596e-06,3.845623541929372e-06,0.0,0.0,0.0
14.5,109,642.8736556205624,2.431692219167653e-06,4.4700628513880163e-06,0.0,0.0,0.0
14.5,110,609.8576590348731,1.9581842285809724e-06,3.5932510662961737e-06,0.0,0.0,0.0
14.5,111,622.6480389331048,2.5540150349416429e-06,3.8988806843561018e-06,0.0,0.0,0.0
14.5,112,608.3033956716182,7.3544705418707664e-07,-2.9527927992408629e-41,0.0,-36.747911573158319,0.0
14.5,113,604.4748594423475,4.7617733617366657e-07,1.4962179953472747e-06,0.0,0.0,0.0
14.5,114,605.45267823826,6.0403075920359278e-07,2.977427728890824e-06,0.0,0.0,0.0
14.5,115,609.2812144675308,9.5080339596631276e-07,1.4755824899246587e-06,0.0,0.0,0.0
14.5,116,602.678452254974,3.1974458248673925e-07,-2.5902646815337077e-40,0.0,-41.489821386905646,0.0
14.5,117,600.0,4.7707010505409341e-08,1.5144145435161622e-06,0.0,0.0,0.0
14.5,118,601.7964071873735,2.030150324877878e-07,2.9828439002335516e-06,0.0,0.0,0.0
14.5,119,603.7298622278669,4.3470855183635318e-07,4.466876154690608e-06,0.0,0.0,0.0
14.5,120,605.9465658804177,6.2669178736037211e-07,5.977529384958382e-06,0.0,0.0,0.0
14.5,121,607.6693818908109,9.0767810456361656e-07,4.4677041243205636e-06,0.0,0.0,0.0
14.5,122,600.0,5.4168683035292265e-09,4.467568984728076e-06,0.0,0.0,0.0
14.5,123,601.9334550404935,2.09439085917424e-07,5.9835145095846336e-06,0.0,0.0,0.0
14.5,124,603.872090391551,3.7613859149886477e-07,7.457071932306772e-06,0.0,0.0,0.0
14.5,125,605.9641807905743,6.0194847095945028e-07,8.9363720393869827e-06,0.0,0.0,0.0
14.5,126,608.0386562794413,8.3225446298303737e-07,7.4569825961673109e-06,0.0,0.0,0.0
14.5,127,600.0,-3.5106097923053471e-08,7.4576609159741315e-06,0.0,0.0,0.0
14.5,128,601.9386353510574,1.8365987101826192e-07,8.9398115708133708e-06,0.0,0.0,0.0
14.5,129,603.7143237154146,3.4810897947925554e-07,1.0434306181206005e-05,0.0,0.0,0.0
14.5,130,605.3886277155885,5.0242791163663269e-07,1.1990692885643113e-05,0.0,0.0,0.0
14.5,131,607.6384847907484,8.1064991945768943e-07,1.0406702938048417e-05,0.0,0.0,0.0
14.5,132,600.0,-7.2852420374710737e-08,1.0462586526635403e-05,0.0,0.0,0.0
14.5,133,601.7756883643572,6.8146268946987758e-08,1.1951184842750597e-05,0.0,0.0,0.0
14.5,134,604.4158496638536,6.1898026368540202e-07,1.3393324134050587e-05,0.0,0.0,0.0
14.5,135,608.1850480473922,1.2938334373403644e-06,1.4923076923076925e-05,0.0,39.151617967059089,0.0
14.5,136,609.1578260991271,1.0582333373519138e-06,1.3521102993811508e-05,0.0,0.0,0.0
14.5,137,600.0,2.1697404738546056e-07,1.3280422460903674e-05,0.0,0.0,0.0
14.5,138,602.6401612994965,7.5250022208165509e-07,1.4923076923076925e-05,0.0,45.112356148208789,0.0
16.5,1,702.0242727184317,-9.8210304105028531e-44,-1.8834827049052946e-42,-0.0015237034091182683,0.79867503157861086,0.0
16.5,2,698.7058105377199,6.7196264988439442e-07,-6.4578991252917682e-35,0.0,128.29007487254648,0.0
16.5,3,698.1969489931599,6.6392100927119124e-07,1.3867023285295864e-06,0.0,0.0,0.0
16.5,4,701.5630320288558,7.1389499673625488e-38,1.387145675209333e-06,-0.035949405659801689,0.0,0.0
16.5,5,690.980677192898,1.2901846194523128e-06,-1.0556760466112841e-34,0.0,210.82582091360945,0.0
16.5,6,690.346189207423,1.2742148038485365e-06,1.3857604490739669e-06,0.0,0.0,0.0
16.5,7,678.4667029666986,1.8091595134453246e-06,-1.0266481410008434e-34,0.0,205.44083792786793,0.0
16.5,8,677.5763692297863,1.7852438039593555e-06,1.3857185997953486e-06,0.0,0.0,0.0
16.5,9,661.2320725276172,2.1794577290508613e-06,-3.4432808986262332e-35,0.0,70.091362035973532,0.0
16.5,10,659.8479267375326,2.146318924552812e-06,1.3889090110979953e-06,0.0,0.0,0.0
16.5,11,639.5124924169088,2.3619089997967759e-06,1.205983061663554e-34,0.0,-246.17334686789113,0.0
16.5,12,637.1570228987254,2.3142271748949012e-06,1.3984063271328626e-06,0.0,0.0,0.0
16.5,13,613.7896059263562,2.294050610167311e-06,1.0277793091899901e-39,0.0,-379.53081918649315,0.0
16.5,14,609.4448120279162,2.2199051665378723e-06,1.4131689848416647e-06,0.0,0.0,0.0
16.5,15,697.7753263270662,6.3673412337982629e-07,2.8510877180028056e-06,0.0,0.0,0.0
16.5,16,701.1609483153248,1.6618285773878307e-37,2.8603006473336885e-06,0.005587112177546899,0.0,0.0
16.5,17,689.8839872989381,1.2242588211594854e-06,2.8264103348163349e-06,0.0,0.0,0.0
16.5,18,677.0700642752004,1.7208997902982735e-06,2.7931836687485864e-06,0.0,0.0,0.0
16.5,19,659.35443769068,2.0780061745236341e-06,2.7623183448125408e-06,0.0,0.0,0.0
16.5,20,636.8997128456195,2.25038105179231e-06,2.7454254966158655e-06,0.0,0.0,0.0
16.5,21,610.0785106461292,2.1653923533404193e-06,2.7504594559427068e-06,0.0,0.0,0.0
16.5,22,698.1222655699523,5.8931193803457283e-07,4.6783138785021977e-06,0.0,0.0,0.0
16.5,23,701.4892761204824,1.230729939402101e-36,4.7230073194454558e-06,-0.31937974708695815,0.0,0.0
16.5,24,690.2696122747685,1.1371436078179543e-06,4.5536716065880101e-06,0.0,0.0,0.0
16.5,25,677.4976608177587,1.6104987001183547e-06,4.3710412511682199e-06,0.0,0.0,0.0
16.5,26,659.7687379100475,1.9666114414419859e-06,4.1683781258844599e-06,0.0,0.0,0.0
16.5,27,637.0829206213529,2.1610424419518895e-06,3.9941069141468263e-06,0.0,0.0,0.0
16.5,28,609.3892419965149,2.1120434309190266e-06,3.9119283278843826e-06,0.0,0.0,0.0
16.5,29,698.5899143855556,8.3299496005932221e-07,7.01288994195654e-06,0.0,0.0,0.0
16.5,30,701.9115804486513,2.6135946270869303e-43,7.1256774501269139e-06,0.2904469236954631,0.0,0.0
16.5,31,690.8568689046346,1.5980991807680276e-06,6.6945517328449663e-06,0.0,0.0,0.0
16.5,32,678.3285397717003,2.2414640298216485e-06,6.2005294090928132e-06,0.0,0.0,0.0
16.5,33,661.0702315439669,2.7091482449588363e-06,5.581206099658742e-06,0.0,0.0,0.0
16.5,34,639.3119726840209,2.9688793311032704e-06,4.9038644047540285e-06,0.0,0.0,0.0
16.5,35,613.5241731968324,2.9938782344786751e-06,4.267947017038025e-06,0.0,0.0,0.0
16.5,36,613.0827420230947,1.2853169181985898e-06,-1.2345474411586435e-39,0.0,-9.83373471302267,0.0
16.5,37,606.2300282938656,8.0646710155256873e-07,1.0066428275723292e-35,0.0,-20.45530937431219,0.0
16.5,38,604.1779399403052,6.607759636408982e-07,3.3482414738856551e-06,0.0,0.0,0.0
16.5,39,608.5029153145258,1.1329704333906571e-06,3.341404672050824e-06,0.0,0.0,0.0
16.5,40,600.0,3.2135639611569985e-07,-4.3492736663003008e-41,0.0,-12.594237350504931,-8.878445849846832
16.5,41,600.0,2.0127589919831412e-07,3.3546528171583317e-06,0.0,0.0,-14.704230463870424
16.5,42,604.4964798573825,6.7558151848414044e-07,6.7206057620189676e-06,0.0,0.0,0.0
16.5,43,609.332364597838,1.163383755359406e-06,6.7126003633838352e-06,0.0,0.0,0.0
16.5,44,600.0,1.964689841451148e-07,6.7259244953587869e-06,0.0,0.0,-14.265671329424858
16.5,45,604.5089499530309,6.4432498534244337e-07,1.0046631174973394e-05,0.0,0.0,0.0
16.5,46,609.3622562527347,1.1314132859115189e-06,1.0040123232648814e-05,0.0,0.0,0.0
16.5,47,600.0,1.6103454893605766e-07,1.0050453239646061e-05,0.0,0.0,-14.258210199808428
16.5,48,604.1283486073827,5.1337267704658175e-07,1.3458178546948509e-05,0.0,0.0,0.0
16.5,49,608.3992772666288,1.053557196434329e-06,1.3502671665318193e-05,0.0,0.0,0.0
16.5,50,600.0,4.0018811113608068e-08,1.3407190132733858e-05,0.0,0.0,-14.555291827481948
16.5,51,606.1371271391547,1.3990125668435677e-06,1.6769230769230769e-05,0.0,21.066627477580912,0.0
16.5,52,612.8884337451235,2.0024340852735751e-06,1.6769230769230769e-05,0.0,1.2910495820237446,0.0
16.5,53,600.0,7.4707661606056762e-07,1.6769230769230769e-05,0.0,14.147291275379468,-8.752992829082523
16.5,54,700.3650416280758,3.3963819169774137e-07,-1.0199875381456064e-40,0.0,128.96907360602782,0.0
16.5,55,698.4513797654399,6.6982060307525625e-07,6.9122410534975974e-07,0.0,0.0,0.0
16.5,56,699.8799905110079,3.3561121516310566e-07,1.3868791744882544e-06,0.0,0.0,0.0
16.5,57,701.7936523736437,2.3344011289340481e-43,6.9103783189376528e-07,-0.03391652583979024,0.0,0.0
16.5,58,694.843243865309,9.9040943863224383e-07,-2.1418644116328267e-40,0.0,339.48421745591003,0.0
16.5,59,690.6634332001605,1.2861347126117073e-06,6.920276502967323e-07,0.0,0.0,0.0
16.5,60,694.2715691002915,9.7839393531584243e-07,1.3861010661752219e-06,0.0,0.0,0.0
16.5,61,684.7236900797984,1.5650842823560209e-06,-1.7728225014658127e-40,0.0,417.76827926924909,0.0
16.5,62,678.0215360982424,1.8023378304611771e-06,6.9415018947091189e-07,0.0,0.0,0.0
16.5,63,683.9612792186047,1.5452072078614738e-06,1.3854225859160172e-06,0.0,0.0,0.0
16.5,64,669.8493877471578,2.0156750136106052e-06,-3.1436600404169279e-41,0.0,276.98588234437364,0.0
16.5,65,660.5399996325749,2.1708644657458968e-06,6.9872688709929915e-07,0.0,0.0,0.0
16.5,66,668.7121479836594,1.9874244368896835e-06,1.3867603138015752e-06,0.0,0.0,0.0
16.5,67,650.372282472263,2.2977333976987691e-06,2.5228460447077138e-40,0.0,-158.44310876426252,0.0
16.5,68,638.3347576578171,2.340349099154726e-06,7.0746652288147151e-07,0.0,0.0,0.0
16.5,69,648.502474818129,2.2580573909310944e-06,1.3928056094188084e-06,0.0,0.0,0.0
16.5,70,626.6510491716325,2.3602354096859551e-06,1.6550580627090462e-40,0.0,-994.52141469520961,0.0
16.5,71,611.6172089771362,2.2741035416499449e-06,7.2555977827847911e-07,0.0,0.0,0.0
16.5,72,623.3009174633207,2.3009468039051198e-06,1.4046149353874449e-06,0.0,0.0,0.0
16.5,73,697.9861376601131,6.5347725693978311e-07,2.0979791855806668e-06,0.0,0.0,0.0
16.5,74,699.4681373211955,3.2177958089862188e-07,2.857209773974512e-06,0.0,0.0,0.0
16.5,75,701.3619901720904,-3.1988404593102504e-43,2.1009228254660059e-06,-0.10038026039438142,0.0,0.0
16.5,76,690.1150882531806,1.2552402716632867e-06,2.0906084513188912e-06,0.0,0.0,0.0
16.5,77,693.8296568130022,9.3917405923169725e-07,2.8396909310613035e-06,0.0,0.0,0.0
16.5,78,677.3232167524934,1.7596766887664911e-06,2.0820006395173025e-06,0.0,0.0,0.0
16.5,79,683.4770257870694,1.4872057666039865e-06,2.8098254758880818e-06,0.0,0.0,0.0
16.5,80,659.6011822141063,2.1190620775474231e-06,2.0762377930116576e-06,0.0,0.0,0.0
16.5,81,668.2122509829402,1.9203202256746495e-06,2.776710739200096e-06,0.0,0.0,0.0
16.5,82,637.0283678721725,2.2812929971284364e-06,2.0765594601874116e-06,0.0,0.0,0.0
16.5,83,648.1270752681498,2.1914876737513845e-06,2.7521067808101458e-06,0.0,0.0,0.0
16.5,84,609.7616613370227,2.2072563846262422e-06,2.0853345115785558e-06,0.0,0.0,0.0
16.5,85,623.4891117458744,2.2413912349431979e-06,2.7464652600206257e-06,0.0,0.0,0.0
16.5,86,697.9487959485093,6.1006275423591253e-07,3.6912740318671831e-06,0.0,0.0,0.0
16.5,87,699.8057708452174,2.9727855536415998e-07,4.7106788695327007e-06,0.0,0.0,0.0
16.5,88,701.3251122179036,1.9794690069670023e-42,3.7131941250315876e-06,-0.74516858834302058,0.0,0.0
16.5,89,690.0767997868534,1.1757359361385377e-06,3.63049102858285e-06,0.0,0.0,0.0
16.5,90,694.1959389223605,8.6951075730650486e-07,4.6242427767326808e-06,0.0,0.0,0.0
16.5,91,677.2838625464796,1.6577044069052448e-06,3.5451780824954866e-06,0.0,0.0,0.0
16.5,92,683.8836365462637,1.3845929470283705e-06,4.4666411396562472e-06,0.0,0.0,0.0
16.5,93,659.5615878003638,2.0122297059083095e-06,3.4570865421623059e-06,0.0,0.0,0.0
16.5,94,668.6331993639031,1.8044858170105307e-06,4.2683585987333523e-06,0.0,0.0,0.0
16.5,95,636.9913167334862,2.1881129281485774e-06,3.3936580700172481e-06,0.0,0.0,0.0
16.5,96,648.4258292657003,2.0862691200459401e-06,4.0725844471627013e-06,0.0,0.0,0.0
16.5,97,609.733876321322,2.1411327778214309e-06,3.3820880849791961e-06,0.0,0.0,0.0
16.5,98,623.2360813089339,2.167919355279944e-06,3.935985193702641e-06,0.0,0.0,0.0
16.5,99,698.356089977754,6.0794638210157624e-07,5.8685402399455054e-06,0.0,0.0,0.0
16.5,100,700.2507474171034,4.2067429945829787e-07,7.0968779476017749e-06,0.0,0.0,0.0
16.5,101,701.7004282845669,-2.0984544183165093e-42,5.9463729293236868e-06,0.94028419484061465,0.0,0.0
16.5,102,690.5632405897015,1.1737606624838539e-06,5.6461886871252308e-06,0.0,0.0,0.0
16.5,103,694.723391645095,1.2257382063778905e-06,6.8781678801329342e-06,0.0,0.0,0.0
16.5,104,677.9131002947295,1.6604611410178178e-06,5.3091514546297023e-06,0.0,0.0,0.0
16.5,105,684.5927043381674,1.9358859167103685e-06,6.466748920237131e-06,0.0,0.0,0.0
16.5,106,660.4194847270072,2.0328685238724125e-06,4.9063610130935481e-06,0.0,0.0,0.0
16.5,107,669.6993856578335,2.49620943907868e-06,5.9014495205345828e-06,0.0,0.0,0.0
16.5,108,638.197446652687,2.2542521561944998e-06,4.509953319539304e-06,0.0,0.0,0.0
16.5,109,650.1911021139939,2.8624451926469158e-06,5.2416347283098986e-06,0.0,0.0,0.0
16.5,110,611.4567075966736,2.2999550644139925e-06,4.2122062130801569e-06,0.0,0.0,0.0
16.5,111,626.4180729404267,3.0039972731263508e-06,4.5685930165852767e-06,0.0,0.0,0.0
16.5,112,609.6563851584801,1.0419028688084478e-06,-4.5019738562356398e-41,0.0,-38.733991683604771,0.0
16.5,113,605.2039841170854,7.4269269157524523e-07,1.6807206039818409e-06,0.0,0.0,0.0
16.5,114,606.3404276274155,8.9129843964896932e-07,3.3447081419658333e-06,0.0,0.0,0.0
16.5,115,610.7928286688102,1.2911719677505077e-06,1.6576875523284938e-06,0.0,0.0,0.0
16.5,116,603.1150141469329,5.6063357992451139e-07,-2.0168852843070396e-40,0.0,-43.514893896835495,0.0
16.5,117,600.0,2.4647410790333558e-07,1.7011629252711221e-06,0.0,0.0,0.0
16.5,118,602.0889699701527,4.2647418410638153e-07,3.3515247209458253e-06,0.0,0.0,0.0
16.5,119,604.3372098988439,6.9389768943614417e-07,5.0193575073511213e-06,0.0,0.0,0.0
16.5,120,606.9144222276102,9.1414703121926749e-07,6.7170576801593915e-06,0.0,0.0,0.0
16.5,121,608.9176399561819,1.2408295724844575e-06,5.0194260226188053e-06,0.0,0.0,0.0
16.5,122,600.0,1.9680883366126409e-07,5.0208015877166282e-06,0.0,0.0,0.0
16.5,123,602.2482399286913,4.3158953915715297e-07,6.7232469325160437e-06,0.0,0.0,0.0
16.5,124,604.5027149052066,6.2598889553502283e-07,8.3796243247909864e-06,0.0,0.0,0.0
16.5,125,606.9356031028829,8.8480110466377754e-07,1.0042958534476193e-05,0.0,0.0,0.0
16.5,126,609.3473104252864,1.1537248120593377e-06,8.3796776662834779e-06,0.0,0.0,0.0
16.5,127,600.0,1.4876510480805699e-07,8.3801812838231761e-06,0.0,0.0,0.0
16.5,128,602.2544749765154,4.0024220687758759e-07,1.0048637919772876e-05,0.0,0.0,0.0
16.5,129,604.3186492802067,5.911477600396697e-07,1.1726049705996395e-05,0.0,0.0,0.0
16.5,130,606.2638129370057,7.7279418732977811e-07,1.3480256062253264e-05,0.0,0.0,0.0
16.5,131,608.8807667596818,1.1257180004416859e-06,1.1694526874175875e-05,0.0,0.0,0.0
16.5,132,600.0,1.0474459726060617e-07,1.1758255278715132e-05,0.0,0.0,0.0
16.5,133,602.0641743036914,2.6773985028617942e-07,1.3432298074210924e-05,0.0,0.0,0.0
16.5,134,605.1327378732688,9.1146296586808679e-07,1.5052577716272772e-05,0.0,0.0,0.0
16.5,135,609.5127804421392,1.7035107072252831e-06,1.6769230769230769e-05,0.0,41.260274542964041,0.0
16.5,136,610.6438555058762,1.4181461289197034e-06,1.5200940042824093e-05,0.0,0.0,0.0
16.5,137,600.0,4.4674249382768055e-07,1.4920651553179027e-05,0.0,0.0,0.0
16.5,138,603.0685635695775,1.0756060813293985e-06,1.6769230769230769e-05,0.0,47.381390190293494,0.0
18.5,1,717.9480680522341,5.2341595538314827e-44,-1.8742580478312436e-42,-0.0012831542708904714,0.93708269855952286,0.0
18.5,2,714.0554883606435,7.7663783343762309e-07,-7.5053740920783571e-35,0.0,149.0914335739842,0.0
18.5,3,713.4590202323477,7.6734253423155559e-07,1.5947499442360917e-06,0.0,0.0,0.0
18.5,4,717.4066316906534,8.5399315381472688e-38,1.5952737715335425e-06,-0.043850473558075448,0.0,0.0
18.5,5,705.0081863286346,1.4903250880580812e-06,-1.2247978539690561e-34,0.0,244.6003749813004,0.0
18.5,6,704.2668089179067,1.4718691806442974e-06,1.5936248055802201e-06,0.0,0.0,0.0
18.5,7,690.3955053051062,2.0880164532055546e-06,-1.1869860813271296e-34,0.0,237.55707216333931,0.0
18.5,8,689.3599342358939,2.0603969971630278e-06,1.593521604085831e-06,0.0,0.0,0.0
18.5,9,670.3575523295718,2.512823059103212e-06,-3.9194429808763316e-35,0.0,79.72917798599812,0.0
18.5,10,668.7567189463117,2.4745891898578293e-06,1.5971426515503984e-06,0.0,0.0,0.0
18.5,11,645.2493781536825,2.7198353026461508e-06,1.4026049995164303e-34,0.0,-285.85640978241696,0.0
18.5,12,642.5429100943421,2.6649404882482501e-06,1.6080019872158776e-06,0.0,0.0,0.0
18.5,13,615.7228828795985,2.6401999728127176e-06,1.1172903049106964e-39,0.0,-438.27905495383362,0.0
18.5,14,610.7677725150211,2.5552249112130275e-06,1.6250147721073499e-06,0.0,0.0,0.0
18.5,15,712.9636457562087,7.3583388302464823e-07,3.2792180087341518e-06,0.0,0.0,0.0
18.5,16,716.9335350301554,1.827432584602855e-37,3.2898897707963304e-06,0.014036819861392297,0.0,0.0
18.5,17,703.7254551268361,1.413980962223904e-06,3.2506193536004359e-06,0.0,0.0,0.0
18.5,18,688.7696351070085,1.985844845880141e-06,3.2121386464774847e-06,0.0,0.0,0.0
18.5,19,668.184596674146,2.3954035833173184e-06,3.1764135688401473e-06,0.0,0.0,0.0
18.5,20,642.2463744825011,2.5909066745533458e-06,3.1568175462068085e-06,0.0,0.0,0.0
18.5,21,611.4905940601519,2.4921269302228386e-06,3.1626381353240926e-06,0.0,0.0,0.0
18.5,22,713.367942038567,6.8097533645639217e-07,5.3839400690269304e-06,0.0,0.0,0.0
18.5,23,717.31655787418,1.4389390624297947e-36,5.435745501828644e-06,-0.37404848663109269,0.0,0.0
18.5,24,704.1737257784457,1.3132156129153653e-06,5.2394998543269421e-06,0.0,0.0,0.0
18.5,25,689.2647612040979,1.8581563266603387e-06,5.0279862035020915e-06,0.0,0.0,0.0
18.5,26,668.6616679503676,2.2664735449379285e-06,4.7933693687515067e-06,0.0,0.0,0.0
18.5,27,642.4548810395175,2.4873438290941612e-06,4.5917333759553253e-06,0.0,0.0,0.0
18.5,28,610.7029179571259,2.4303706624645439e-06,4.4966531569555239e-06,0.0,0.0,0.0
18.5,29,713.9140972254023,9.6351903754373934e-07,8.0791256910112609e-06,0.0,0.0,0.0
18.5,30,717.8104001338673,4.1024532896940749e-43,8.2105728982602724e-06,0.33339167374096251,0.0,0.0
18.5,31,704.8576076199773,1.84740291808706e-06,7.7085063891304907e-06,0.0,0.0,0.0
18.5,32,690.2282674572934,2.5888264893841408e-06,7.1343679716473219e-06,0.0,0.0,0.0
18.5,33,670.1628442795604,3.125698254087395e-06,6.4162298174440923e-06,0.0,0.0,0.0
18.5,34,645.0098274503837,3.4214669753383189e-06,5.6334654160404681e-06,0.0,0.0,0.0
18.5,35,615.4081766468566,3.4493084311495631e-06,4.8995623133661228e-06,0.0,0.0,0.0
18.5,36,614.9171451183093,1.631005177529242e-06,-1.3974289890948696e-39,0.0,-10.253707165817724,0.0
18.5,37,607.1038960283638,1.0842325876510315e-06,1.0550195088871729e-35,0.0,-21.421193320233073,0.0
18.5,38,604.7636405978932,9.2017027496803568e-07,3.7162690907925774e-06,0.0,0.0,0.0
18.5,39,609.6944652289469,1.4593457438206612e-06,3.7079363510272452e-06,0.0,0.0,0.0
18.5,40,600.0,5.3494124101899688e-07,-2.9098715943709836e-41,0.0,-13.204406248354823,-10.123779308222511
18.5,41,600.0,3.9896949914831008e-07,3.7240503559575848e-06,0.0,0.0,-16.766027328376968
18.5,42,605.1266546217466,9.3400211959028533e-07,7.4602752407615075e-06,0.0,0.0,0.0
18.5,43,610.6397485652967,1.490389236034641e-06,7.4520065065636586e-06,0.0,0.0,0.0
18.5,44,600.0,3.9175208727789917e-07,7.4658197666289377e-06,0.0,0.0,-16.265591363105596
18.5,45,605.1413535933666,8.9755848933994129e-07,1.1154531016519161e-05,0.0,0.0,0.0
18.5,46,610.6749358437908,1.4534700098064244e-06,1.1145459242462957e-05,0.0,0.0,0.0
18.5,47,600.0,3.4949100018670455e-07,1.116046421014596e-05,0.0,0.0,-16.25698879698446
18.5,48,604.7055377069049,7.5090699844070389e-07,1.4943785467925962e-05,0.0,0.0,0.0
18.5,49,609.57312524387,1.3688604757338196e-06,1.4997023737244708e-05,0.0,0.0,0.0
18.5,50,600.0,2.1232727327626626e-07,1.4884095926602292e-05,0.0,0.0,-16.590801681362258
18.5,51,606.9936399562738,1.7726298097643083e-06,1.8615384615384616e-05,0.0,22.07196218026974,0.0
18.5,52,614.6864518782407,2.4616562192922731e-06,1.8615384615384616e-05,0.0,1.0620168204369107,0.0
18.5,53,600.0,1.0318679574404414e-06,1.8615384615384616e-05,0.0,15.009823183500645,-9.975298660958543
18.5,54,716.0017782064388,3.9260849395444181e-07,-1.0218284040002672e-40,0.0,149.88817236631976,0.0
18.5,55,713.7572542964956,7.7416513223481212e-07,7.9495519820804084e-07,0.0,0.0,0.0
18.5,56,715.4328259615006,3.879527198669487e-07,1.5949614912960058e-06,0.0,0.0,0.0
18.5,57,717.6773498714438,-1.0473362997925053e-44,7.9474654462257541e-07,-0.040265729426955596,0.0,0.0
18.5,58,709.531837344639,1.1444138461919157e-06,-2.2372718609787398e-40,0.0,394.12361343177145,0.0
18.5,59,704.6374976232706,1.485649740207283e-06,7.9586805477816295e-07,0.0,0.0,0.0
18.5,60,708.8629145751272,1.1305240219250322e-06,1.5940391904684719e-06,0.0,0.0,0.0
18.5,61,697.7018458168704,1.8071590230467504e-06,-1.6614028798857049e-40,0.0,483.86560881155771,0.0
18.5,62,689.8777197705001,2.0801819312711918e-06,7.9828987342097744e-07,0.0,0.0,0.0
18.5,63,696.8133715769004,1.7841932771337428e-06,1.5932100661541155e-06,0.0,0.0,0.0
18.5,64,680.376528817339,2.3252357210820551e-06,1.9347719789239195e-41,0.0,319.05933832504178,0.0
18.5,65,669.5571356379418,2.5028162489780703e-06,8.0352013091118021e-07,0.0,0.0,0.0
18.5,66,679.0583265911027,2.2926233389282029e-06,1.5946965947260306e-06,0.0,0.0,0.0
18.5,67,657.8034652416272,2.647545698925004e-06,2.4433305318622876e-40,0.0,-186.3056535518711,0.0
18.5,68,643.8961441240124,2.6953761558437402e-06,8.135266011698037e-07,0.0,0.0,0.0
18.5,69,655.6498145203269,2.6018142407234773e-06,1.6015928411389518e-06,0.0,0.0,0.0
18.5,70,630.4861305166405,2.7169522238168714e-06,1.4362975580301891e-40,0.0,-1148.4284945263416,0.0
18.5,71,613.2453276973098,2.6167071017505776e-06,8.3424060806977573e-07,0.0,0.0,0.0
18.5,72,626.6553413046815,2.6488382101713279e-06,1.6151480111376373e-06,0.0,0.0,0.0
18.5,73,713.2113329942782,7.5524316112344686e-07,2.4127767215547631e-06,0.0,0.0,0.0
18.5,74,714.948590393182,3.7192551323484348e-07,3.2863138445619996e-06,0.0,0.0,0.0
18.5,75,717.1700833604044,-1.6287181532868028e-43,2.4161924931919339e-06,-0.11138072384808251,0.0,0.0
18.5,76,703.9961320223714,1.4498818014971561e-06,2.4042167792459188e-06,0.0,0.0,0.0
18.5,77,708.3445504415224,1.0850818397764267e-06,3.2660121567304598e-06,0.0,0.0,0.0
18.5,78,689.0647846714512,2.0307913694908827e-06,2.3942033603733266e-06,0.0,0.0,0.0
18.5,79,696.2475451169223,1.7169932435541615e-06,3.2314130251704809e-06,0.0,0.0,0.0
18.5,80,668.4706578102289,2.4428704782804143e-06,2.3874697478349543e-06,0.0,0.0,0.0
18.5,81,678.4771158905772,2.2148539553764919e-06,3.1930679954697145e-06,0.0,0.0,0.0
18.5,82,642.3946422884217,2.6271115428098736e-06,2.3878246131066394e-06,0.0,0.0,0.0
18.5,83,655.2154855783235,2.524628848371235e-06,3.1645583560679916e-06,0.0,0.0,0.0
18.5,84,611.1291832875866,2.5395791958424821e-06,2.3980002255190101e-06,0.0,0.0,0.0
18.5,85,626.8684842713265,2.5798446851211567e-06,3.1580191344815241e-06,0.0,0.0,0.0
18.5,86,713.1657938973879,7.0494818446411773e-07,4.2465392225714975e-06,0.0,0.0,0.0
18.5,87,715.3422499563735,3.4356899275600342e-07,5.421440860413191e-06,0.0,0.0,0.0
18.5,88,717.1250464521677,1.9717601301807606e-42,4.2719403060410438e-06,-0.8821485878166655,0.0,0.0
18.5,89,703.9495904526409,1.3577703713509018e-06,4.1761332569305284e-06,0.0,0.0,0.0
18.5,90,708.7708339085063,1.0044688261672503e-06,5.3212658246556949e-06,0.0,0.0,0.0
18.5,91,689.0171981555532,1.9126434531735512e-06,4.0773258108298739e-06,0.0,0.0,0.0
18.5,92,696.7192434912719,1.5982780791712466e-06,5.138690903980534e-06,0.0,0.0,0.0
18.5,93,668.4231323122567,2.3191141879260822e-06,3.9753220164683966e-06,0.0,0.0,0.0
18.5,94,678.9632145772327,2.0808310630609539e-06,4.9091073688271825e-06,0.0,0.0,0.0
18.5,95,642.3506277610093,2.519183364845295e-06,3.9019263006527896e-06,0.0,0.0,0.0
18.5,96,655.5582744949426,2.4027864255219187e-06,4.6825635852689611e-06,0.0,0.0,0.0
18.5,97,611.096756008639,2.46290921513091e-06,3.8885543064686705e-06,0.0,0.0,0.0
18.5,98,626.5788994983218,2.494716123556871e-06,4.5244581258759677e-06,0.0,0.0,0.0
18.5,99,713.6410196319846,7.020241058151195e-07,6.7576719372002105e-06,0.0,0.0,0.0
18.5,100,715.8622486796348,4.8665021867644049e-07,8.1769795031030192e-06,0.0,0.0,0.0
18.5,101,717.5634790040237,-2.1504005937951148e-42,6.848168856000219e-06,1.1055486619269199,0.0,0.0
18.5,102,704.5156666992116,1.3548068911927178e-06,6.4993325974303149e-06,0.0,0.0,0.0
18.5,103,709.3858524226898,1.4173751310183413e-06,7.9222018208164588e-06,0.0,0.0,0.0
18.5,104,689.7465143306956,1.9153334049263662e-06,6.1082348395477475e-06,0.0,0.0,0.0
18.5,105,697.5429375386354,2.2368919907795177e-06,7.443600147288845e-06,0.0,0.0,0.0
18.5,106,669.4122561149641,2.3429663489760845e-06,5.6416822506034732e-06,0.0,0.0,0.0
18.5,107,680.1955558684269,2.8815277446441085e-06,6.787334065808966e-06,0.0,0.0,0.0
18.5,108,643.7323542449506,2.5960536105928257e-06,5.1832801378004472e-06,0.0,0.0,0.0
18.5,109,657.586335864972,3.3006384489195795e-06,6.0235148551368579e-06,0.0,0.0,0.0
18.5,110,613.0555473019913,2.6466707058896073e-06,4.8392394384036539e-06,0.0,0.0,0.0
18.5,111,630.2090020486202,3.4612231030937586e-06,5.2466907964849858e-06,0.0,0.0,0.0
18.5,112,611.0105205733366,1.3529593348547762e-06,-5.8236305231654451e-41,0.0,-40.6147067019904,0.0
18.5,113,605.9337683131284,1.0137961467566689e-06,1.8652172964268777e-06,0.0,0.0,0.0
18.5,114,607.22905291342,1.1833781890183763e-06,3.7119764571565616e-06,0.0,0.0,0.0
18.5,115,612.3058051736282,1.6363552709910519e-06,1.8398642080672255e-06,0.0,0.0,0.0
18.5,116,603.551948014182,8.057623634003095e-07,-1.8415413121312436e-40,0.0,-45.462468507304457,0.0
18.5,117,600.0,4.4940036503254601e-07,1.8878347433062317e-06,0.0,0.0,0.0
18.5,118,602.3818202989466,6.5435491787021929e-07,3.72025668814521e-06,0.0,0.0,0.0
18.5,119,604.94514760982,9.575287114056335e-07,5.5718206273657913e-06,0.0,0.0,0.0
18.5,120,607.8832015935217,1.2060252705690513e-06,7.4566417204144723e-06,0.0,0.0,0.0
18.5,121,610.1671068971218,1.5786450224847913e-06,5.5710655690696285e-06,0.0,0.0,0.0
18.5,122,600.0,3.9226188335932064e-07,5.5740964700730056e-06,0.0,0.0,0.0
18.5,123,602.5633273108733,6.5774968994734823e-07,7.4630047165440706e-06,0.0,0.0,0.0
18.5,124,605.1340041075566,8.8027127094969232e-07,9.3022175206422285e-06,0.0,0.0,0.0
18.5,125,607.9081447185787,1.1719458566842633e-06,1.1149544149696395e-05,0.0,0.0,0.0
18.5,126,610.6573422045437,1.4798099969848148e-06,9.3024260640010984e-06,0.0,0.0,0.0
18.5,127,600.0,3.3667916231705433e-07,9.3027166228689612e-06,0.0,0.0,0.0
18.5,128,602.5706767966833,6.2068891810735452e-07,1.1157624315648226e-05,0.0,0.0,0.0
18.5,129,604.9234456501358,8.3820054218571953e-07,1.3017907236071412e-05,0.0,0.0,0.0
18.5,130,607.1393314753875,1.0476390033709715e-06,1.497020481556171e-05,0.0,0.0,0.0
18.5,131,610.1240305438304,1.445035076534249e-06,1.2982450429445943e-05,0.0,0.0,0.0
18.5,132,600.0,2.8606109699144943e-07,1.3054016673760895e-05,0.0,0.0,0.0
18.5,133,602.3527688534525,4.713236734109194e-07,1.4913491403842023e-05,0.0,0.0,0.0
18.5,134,605.8495888315894,1.2091611613018927e-06,1.6711954983729045e-05,0.0,0.0,0.0
18.5,135,610.8400459172574,2.1202922458221352e-06,1.8615384615384616e-05,0.0,43.264747032993732,0.0
18.5,136,612.1297885610554,1.783430491470629e-06,1.6881141813236545e-05,0.0,0.0,0.0
18.5,137,600.0,6.813709729016473e-07,1.6560770160494489e-05,0.0,0.0,0.0
18.5,138,603.496819978137,1.4051717050604897e-06,1.8615384615384616e-05,0.0,49.565671201781285,0.0
20.0,1,730.9493477649722,5.1311901324896828e-48,-8.123576758447865e-48,-0.0011165454651251849,1.0491646220800179,0.0
20.0,2,726.5917468953065,8.6210861024133437e-07,-8.3582757735120914e-35,0.0,166.02965542195705,0.0
20.0,3,725.924799401006,8.5179312653202795e-07,1.7651425622174641e-06,0.0,0.0,0.0
20.0,4,730.3434958903338,9.6631437408305657e-38,1.765731523609268e-06,-0.050144980341655626,0.0,0.0
20.0,5,716.4725668217274,1.6538007924792081e-06,-1.3626480002414685e-34,0.0,272.13062814915742,0.0
20.0,6,715.6448790052707,1.6333216908876772e-06,1.7638696890366962e-06,0.0,0.0,0.0
20.0,7,700.1556820598939,2.3159037633895902e-06,-1.3179676328796675e-34,0.0,263.79137042802893,0.0
20.0,8,699.0022586197807,2.2852686940875947e-06,1.7637186164050511e-06,0.0,0.0,0.0
20.0,9,677.8355848356598,2.7854131143709403e-06,-4.3131898765008409e-35,0.0,87.703505570645987,0.0
20.0,10,676.058049316936,2.7430270967762306e-06,1.7676926897287375e-06,0.0,0.0,0.0
20.0,11,649.9585134347686,3.0127177936118013e-06,1.5625216325685391e-34,0.0,-318.18038029754018,0.0
20.0,12,646.9649261650029,2.9519326782671481e-06,1.7796697998590448e-06,0.0,0.0,0.0
20.0,13,617.3072549777721,2.9234646718188e-06,1.0737249289712031e-39,0.0,-486.31533618501879,0.0
20.0,14,611.852826885571,2.8296231746501719e-06,1.7985130152158559e-06,0.0,0.0,0.0
20.0,15,725.3702156299405,8.1676123125031447e-07,3.6298469515498766e-06,0.0,0.0,0.0
20.0,16,729.8134362341368,1.9694732568710003e-37,3.6417089507985677e-06,0.020396438775824255,0.0,0.0
20.0,17,715.0398904121809,1.5689663477889783e-06,3.5980501130712322e-06,0.0,0.0,0.0
20.0,18,698.3443474838107,2.2023938943093885e-06,3.5552821106716397e-06,0.0,0.0,0.0
20.0,19,675.4226919475797,2.6549828203039852e-06,3.5155899873348783e-06,0.0,0.0,0.0
20.0,20,646.6373184620521,2.8696041533079691e-06,3.4937942487356877e-06,0.0,0.0,0.0
20.0,21,612.6489554037871,2.7595165449769245e-06,3.5002571035684621e-06,0.0,0.0,0.0
20.0,22,725.8203043262187,7.5582595227224978e-07,5.9616503284435355e-06,0.0,0.0,0.0
20.0,23,730.2400705739109,1.6078933945156123e-36,6.0192558352026671e-06,-0.41836874678995639,0.0,0.0
20.0,24,715.5382861531987,1.4570450824846083e-06,5.8010621264696089e-06,0.0,0.0,0.0
20.0,25,698.893604922124,2.0605739607098901e-06,5.5659815618592134e-06,0.0,0.0,0.0
20.0,26,675.9500150150409,2.5117218010907077e-06,5.3052884810499071e-06,0.0,0.0,0.0
20.0,27,646.8655199432966,2.7544176828942947e-06,5.0813168420078527e-06,0.0,0.0,0.0
20.0,28,611.7804449650135,2.6908637953483436e-06,4.9757146617545295e-06,0.0,0.0,0.0
20.0,29,726.429453607087,1.0700532863844103e-06,8.9515216329887122e-06,0.0,0.0,0.0
20.0,30,730.7912136699244,6.953828002727295e-48,9.0981376458391202e-06,0.36865345002986932,0.0,0.0
20.0,31,716.2999997367344,2.0509578478999513e-06,8.5383766661561312e-06,0.0,0.0,0.0
20.0,32,699.9644932604881,2.8725964575162704e-06,7.8990023239150473e-06,0.0,0.0,0.0
20.0,33,677.6136940129687,3.4661985192766979e-06,7.1002934045893509e-06,0.0,0.0,0.0
20.0,34,649.6865515499226,3.7916699735198757e-06,6.2313722043753835e-06,0.0,0.0,0.0
20.0,35,616.9514984244148,3.8217852735552181e-06,5.4173470009668068e-06,0.0,0.0,0.0
20.0,36,616.4204409350453,1.9138189194803637e-06,-1.4897511949339367e-39,0.0,-10.556140872054259,0.0
20.0,37,607.819827466228,1.314724275655753e-06,1.0855874900090061e-35,0.0,-22.028041903036868,0.0
20.0,38,605.2438239642745,1.1359858150001545e-06,3.9925813110197615e-06,0.0,0.0,0.0
20.0,39,610.6716779551336,1.7266647422394009e-06,3.9830002481567899e-06,0.0,0.0,0.0
20.0,40,600.0,7.1610892584007234e-07,-3.1126787691510287e-44,0.0,-13.628571781896024,-11.144120577888366
20.0,41,600.0,5.6752804854595854e-07,4.0014440628113461e-06,0.0,0.0,-18.455991845742687
20.0,42,605.6434098041042,1.1490014552945466e-06,8.015139693593292e-06,0.0,0.0,0.0
20.0,43,611.7121550738462,1.7582374634844004e-06,8.0065716903454549e-06,0.0,0.0,0.0
20.0,44,600.0,5.5823774190011831e-07,8.0208809269116016e-06,0.0,0.0,-17.90535518144312
20.0,45,605.6599658531276,1.1082812682985997e-06,1.1984834899245573e-05,0.0,0.0,0.0
20.0,46,611.7517450485907,1.7171568230108795e-06,1.1973846789730504e-05,0.0,0.0,0.0
20.0,47,600.0,5.1055233132549445e-07,1.199234199021711e-05,0.0,0.0,-17.895870739636017
20.0,48,605.1787559851728,9.4883204329380821e-07,1.6056797889048967e-05,0.0,0.0,0.0
20.0,49,610.5358625360301,1.6267407099859411e-06,1.6116977701855978e-05,0.0,0.0,0.0
20.0,50,600.0,3.6054829071915736e-07,1.5990158943218194e-05,0.0,0.0,-18.259136163168108
20.0,51,607.6951157642956,2.0810476904000448e-06,2.0000000000000002e-05,0.0,22.653920625745258,0.0
20.0,52,616.1594197104477,2.8371992280902919e-06,2.0000000000000002e-05,0.0,0.68527216529135182,0.0
20.0,53,600.0,1.2705565968129063e-06,2.0000000000000002e-05,0.0,15.614099946613969,-10.976528514371282
20.0,54,728.7705473301394,4.3585637855420606e-07,-1.7681794438331306e-45,0.0,166.92177111789988,0.0
20.0,55,726.2582731481563,8.5936694258006608e-07,8.7990917795347002e-07,0.0,0.0,0.0
20.0,56,728.1341476456698,4.3068895120282295e-07,1.7653821097000694e-06,0.0,0.0,0.0
20.0,57,730.6464218276531,-4.4719092555492569e-48,8.7968174935692401e-07,-0.045369911609062313,0.0,0.0
20.0,58,721.5321568585169,1.2701815565047592e-06,-4.6722994774290227e-45,0.0,438.64347765382644,0.0
20.0,59,716.058722913499,1.648616934585326e-06,8.8091229827852311e-07,0.0,0.0,0.0
20.0,60,720.7848392031383,1.2547666073827845e-06,1.7643432771784973e-06,0.0,0.0,0.0
20.0,61,708.3141244408107,2.0049329505645127e-06,-5.9081763195599094e-45,0.0,537.80061035414326,0.0
20.0,62,699.5789703398373,2.3072415844826078e-06,8.8358010032180393e-07,0.0,0.0,0.0
20.0,63,707.3235688125258,1.9794532305162499e-06,1.7633932364426793e-06,0.0,0.0,0.0
20.0,64,688.9956334477769,2.578284355695689e-06,-6.0773298077307669e-45,0.0,353.51279096762858,0.0
20.0,65,676.946817076298,2.7742651650582051e-06,8.8934606921334604e-07,0.0,0.0,0.0
20.0,66,687.5301539683584,2.5421193403915923e-06,1.7650031375793886e-06,0.0,0.0,0.0
20.0,67,663.8970491352143,2.9336900965588635e-06,9.7481683195039965e-46,0.0,-208.83273019603047,0.0
20.0,68,648.4617197998857,2.9858528687667552e-06,9.0038693652167672e-07,0.0,0.0,0.0
20.0,69,661.5114877409694,2.8830187800758053e-06,1.7725977682137354e-06,0.0,0.0,0.0
20.0,70,633.6328842062703,3.0088764889768733e-06,9.1269269701085692e-45,0.0,-1274.2752828775472,0.0
20.0,71,614.5800409316715,2.8971224845538211e-06,9.2324514113503872e-07,0.0,0.0,0.0
20.0,72,629.4088765252869,2.9335443004551507e-06,1.7875788272837963e-06,0.0,0.0,0.0
20.0,73,725.6475075154733,8.3834468910587233e-07,2.6705985354917816e-06,0.0,0.0,0.0
20.0,74,727.5918259320387,4.1287161399707969e-07,3.6377369703870458e-06,0.0,0.0,0.0
20.0,75,730.0784660622353,2.839703687724593e-47,2.674399340230334e-06,-0.12071232708580415,0.0,0.0
20.0,76,715.3423847087258,1.6088800251168131e-06,2.6610690603837904e-06,0.0,0.0,0.0
20.0,77,720.2050530210606,1.2042509677394078e-06,3.6151654902248526e-06,0.0,0.0,0.0
20.0,78,698.6733030517958,2.2523717999793045e-06,2.6499104277750471e-06,0.0,0.0,0.0
20.0,79,706.6921189479958,1.9047530474442715e-06,3.5767045705100683e-06,0.0,0.0,0.0
20.0,80,675.7403706322579,2.7076886266814274e-06,2.6423870239526304e-06,0.0,0.0,0.0
20.0,81,686.8835197156952,2.4556574967093041e-06,3.5340911750110458e-06,0.0,0.0,0.0
20.0,82,646.8011223135275,2.9100900449676189e-06,2.6427664846242513e-06,0.0,0.0,0.0
20.0,83,661.0300052048159,2.7971871944018422e-06,3.5023974829276024e-06,0.0,0.0,0.0
20.0,84,612.250891144679,2.811629041080281e-06,2.6540833413736107e-06,0.0,0.0,0.0
20.0,85,629.6431369329196,2.8568580737412681e-06,3.4951273928164356e-06,0.0,0.0,0.0
20.0,86,725.5952599780796,7.824348227379238e-07,4.7012353621861026e-06,0.0,0.0,0.0
20.0,87,728.0301874500648,3.8136554589073526e-07,6.0033404919623855e-06,0.0,0.0,0.0
20.0,88,730.0267534040238,-2.8933841781172253e-47,4.7294756004522654e-06,-0.99257732202202931,0.0,0.0
20.0,89,715.2890882826898,1.5064807647078832e-06,4.6229787414876186e-06,0.0,0.0,0.0
20.0,90,720.6792952397086,1.1146919015389413e-06,5.8919599803410499e-06,0.0,0.0,0.0
20.0,91,698.6189762029674,2.1210239309114349e-06,4.5131620992413511e-06,0.0,0.0,0.0
20.0,92,707.2159455376614,1.7728789550121547e-06,5.68901164999218e-06,0.0,0.0,0.0
20.0,93,675.6863534813103,2.5701183817102069e-06,4.3998078213227891e-06,0.0,0.0,0.0
20.0,94,687.4218099685825,2.3067691260099972e-06,5.4338856747851115e-06,0.0,0.0,0.0
20.0,95,646.7514192026744,2.7901219428690045e-06,4.3182765674876716e-06,0.0,0.0,0.0
20.0,96,661.4077674791688,2.6617589593687503e-06,5.1822261281302754e-06,0.0,0.0,0.0
20.0,97,612.2147001844003,2.7263592060200911e-06,4.3034375121255649e-06,0.0,0.0,0.0
20.0,98,629.3229824541551,2.7621897094464866e-06,5.0065768919052552e-06,0.0,0.0,0.0
20.0,99,726.1248789666529,7.7887919039779269e-07,7.4853688545915113e-06,0.0,0.0,0.0
20.0,100,728.6103336385057,5.404961479166482e-07,9.0606491658214395e-06,0.0,0.0,0.0
20.0,101,730.5156421219176,2.8911312852701527e-48,7.5861747124137985e-06,1.2392399444828817,0.0,0.0
20.0,102,715.9191429449666,1.5027468984938648e-06,7.1977216925841377e-06,0.0,0.0,0.0
20.0,103,721.3647266719106,1.5738180136670881e-06,8.7765438320060973e-06,0.0,0.0,0.0
20.0,104,699.4290490913061,2.1236769752826834e-06,6.7625652110181167e-06,0.0,0.0,0.0
20.0,105,708.1322464986113,2.4827268908505802e-06,8.2432692653716562e-06,0.0,0.0,0.0
20.0,106,676.7818545140049,2.5965711562828652e-06,6.2439890585335179e-06,0.0,0.0,0.0
20.0,107,688.7890936367285,3.1964026680908214e-06,7.5128843671432954e-06,0.0,0.0,0.0
20.0,108,648.2760357466095,2.8756956681368231e-06,5.734958838625689e-06,0.0,0.0,0.0
20.0,109,663.6501227814456,3.6589535169292578e-06,6.66416873987185e-06,0.0,0.0,0.0
20.0,110,614.3659716947142,2.9304394430744326e-06,5.3531001289904992e-06,0.0,0.0,0.0
20.0,111,633.3190249871686,3.8352172424622545e-06,5.802465237039863e-06,0.0,0.0,0.0
20.0,112,612.1201342006367,1.6090857127938654e-06,-5.0021397369592527e-44,0.0,-41.754327108465368,0.0
20.0,113,606.5318257152512,1.2390268899808332e-06,2.0038227195894677e-06,0.0,0.0,0.0
20.0,114,607.9577509597041,1.4243087595799452e-06,3.9876594005817872e-06,0.0,0.0,0.0
20.0,115,613.5460594450894,1.9187595384314542e-06,1.9765876156993781e-06,0.0,0.0,0.0
20.0,116,603.9099137331141,1.0111619259528221e-06,-3.0444214313676694e-44,0.0,-46.761784044965715,0.0
20.0,117,600.0,6.2208140571894763e-07,2.0281934431200669e-06,0.0,0.0,0.0
20.0,118,602.6219119821374,8.4601859092958935e-07,3.9971262063802956e-06,0.0,0.0,0.0
20.0,119,605.4436168841894,1.1766503273506365e-06,5.9862011733693473e-06,0.0,0.0,0.0
20.0,120,608.6777824389752,1.4467906991594375e-06,8.0113906009396135e-06,0.0,0.0,0.0
20.0,121,611.19191651449,1.8548686906549932e-06,5.9848401132717222e-06,0.0,0.0,0.0
20.0,122,600.0,5.5897824305531287e-07,5.9891388871815413e-06,0.0,0.0,0.0
20.0,123,602.8217049020521,8.4794613119016791e-07,8.0179503737436132e-06,0.0,0.0,0.0
20.0,124,605.6516878286159,1.09187088626928e-06,9.9939419622851406e-06,0.0,0.0,0.0
20.0,125,608.7058554508592,1.40876422609144e-06,1.197887187053273e-05,0.0,0.0,0.0
20.0,126,611.7319500612184,1.7465455543027442e-06,9.9942296538492647e-06,0.0,0.0,0.0
20.0,127,600.0,4.9741054807404575e-07,9.9944302995098803e-06,0.0,0.0,0.0
20.0,128,602.8299829265638,8.0627298804240784e-07,1.1988740720258761e-05,0.0,0.0,0.0
20.0,129,605.4193609191502,1.0439762338616012e-06,1.3985860175604113e-05,0.0,0.0,0.0
20.0,130,607.8573092606014,1.274279528585847e-06,1.6086648423194246e-05,0.0,0.0,0.0
20.0,131,611.1438037923103,1.7062579041406977e-06,1.3947166635570209e-05,0.0,0.0,0.0
20.0,132,600.0,4.4139933540739346e-07,1.4025165443530544e-05,0.0,0.0,0.0
20.0,133,602.5893779925864,6.4332870985566623e-07,1.6022969721290026e-05,0.0,0.0,0.0
20.0,134,606.4369358747342,1.4559197236125554e-06,1.7954734958430735e-05,0.0,0.0,0.0
20.0,135,611.9272677373717,2.4625832128818837e-06,2.0000000000000002e-05,0.0,44.61457732048359,0.0
20.0,136,613.3476411232389,2.0823743256383453e-06,1.8140974548188062e-05,0.0,0.0,0.0
20.0,137,600.0,8.7944613040347074e-07,1.778796690205432e-05,0.0,0.0,0.0
20.0,138,603.8475578821478,1.6790245474249085e-06,2.0000000000000002e-05,0.0,51.181750923053656,0.0
