time,element,point,stress_rr,stress_zz,stress_hoop,stress_rz,elastic_rr,elastic_zz,elastic_hoop,elastic_rz,plastic_rr,plastic_zz,plastic_hoop,plastic_rz,creep_rr,creep_zz,creep_hoop,creep_rz,equiv_plastic,equiv_creep,r,z,volume
1.0,1,1,-656501.38947623107,-1323677.7296855852,-651836.06432588724,10.241718343477094,-1.6119515284302863e-07,-4.5512154714205803e-06,-1.3049731335376559e-07,6.7390506700079278e-11,0.0,0.0,0.0,0.0,0.0,0.0,0.0,0.0,0.0,0.0,0.00014511148826174323,0.00052831618217488111,3.9130569941151553e-10
1.0,1,2,-643243.30631802254,-1284577.4445048228,-625832.07363409386,-659.5946641507918,-1.97769492930624e-07,-4.4177481221997701e-06,-8.320358187037344e-08,-4.3401328901122102e-09,0.0,0.0,0.0,0.0,0.0,0.0,0.0,0.0,0.0,0.0,0.00054156340153489388,0.00052831618392423763,1.4603723874261858e-09
1.0,1,3,-670041.90730303514,-1313459.1296773187,-665356.08798275376,-890.808627536161,-2.2368149261226195e-07,-4.457366815835046e-06,-1.9284880148480987e-07,-5.8615207691879392e-09,0.0,0.0,0.0,0.0,0.0,0.0,0.0,0.0,0.0,0.0,0.00014511147686307871,0.0019717029108879333,3.9130566826829244e-10
1.0,1,4,-656808.45945283526,-1275106.5868282611,-639320.74148120801,-3063.4346554380895,-2.5924711853521473e-07,-4.3276487966655174e-06,-1.4417793428190785e-07,-2.0157400032782628e-08,0.0,0.0,0.0,0.0,0.0,0.0,0.0,0.0,0.0,0.0,0.00054156335879497865,0.0019717029119994782,1.4603722615594447e-09
1.0,2,1,-631786.95231003838,-1234838.5724111162,-587851.53916987486,-621.07229550727163,-2.7908438525222609e-07,-4.2471640455173174e-06,1.0010633210049601e-08,-4.086655704437847e-09,0.0,0.0,0.0,0.0,0.0,0.0,0.0,0.0,0.0,0.0,0.0008317862921385726,0.00052831618645313811,2.242982875056549e-09
1.0,2,2,-605277.85041624529,-1137367.9880217712,-517004.63297229121,-1130.0671998929004,-4.1248051091060753e-07,-3.9136336163549687e-06,1.6835725987061013e-07,-7.4358421752952837e-09,0.0,0.0,0.0,0.0,0.0,0.0,0.0,0.0,0.0,0.0,0.0012282379826016457,0.00052831619211656997,3.312047269771554e-09
1.0,2,3,-644110.55479589023,-1225810.7114771293,-600513.31329973426,-4729.5681032718676,-3.3496081483200713e-07,-4.1625478457945594e-06,-4.8090965787299928e-08,-3.1120558119528885e-08,0.0,0.0,0.0,0.0,0.0,0.0,0.0,0.0,0.0,0.0,0.00083178622685662479,0.0019717029136291113,2.2429826720460657e-09
1.0,2,4,-617729.79562332307,-1130528.6961329381,-529355.78431418701,-6331.4715655282644,-4.6603149901015707e-07,-3.8402482643634253e-06,1.1546949540395762e-07,-4.1661082901175979e-08,0.0,0.0,0.0,0.0,0.0,0.0,0.0,0.0,0.0,0.0,0.0012282378865737717,0.0019717029188496553,3.312046908955676e-09
1.0,3,1,-581736.9811092671,-1036912.3888958753,-440901.91695346142,-894.87541550432309,-5.7373830230438334e-07,-3.5687924855402649e-06,3.5295641984081767e-07,-5.8882802340184457e-09,0.0,0.0,0.0,0.0,0.0,0.0,0.0,0.0,0.0,0.0,0.0015184606346780969,0.00052831619830894763,4.094655118414939e-09
1.0,3,2,-537740.2406999676,-859119.36447076628,-308554.55525956844,-1474.3744284109716,-8.4377641032590869e-07,-2.9584510447377644e-06,6.6426539987191718e-07,-9.7013837389441928e-09,0.0,0.0,0.0,0.0,0.0,0.0,0.0,0.0,0.0,0.0,0.0019149118659826734,0.0005283162104871039,5.1637144038676566e-09
1.0,3,3,-592462.14279151114,-1031151.8070370086,-451841.87163674505,-7035.4976171517965,-6.1918070165302441e-07,-3.5057586923883985e-06,3.0610068254533596e-07,-4.6293574320858821e-08,0.0,0.0,0.0,0.0,0.0,0.0,0.0,0.0,0.0,0.0,0.0015184605162020459,0.0019717029259655357,4.094654615720281e-09
1.0,3,4,-548052.19088372833,-856203.20232134953,-318117.82411267259,-7441.7384927054163,-8.8483373265288659e-07,-2.9124673879124341e-06,6.2813440070065996e-07,-4.8966639282001639e-08,0.0,0.0,0.0,0.0,0.0,0.0,0.0,0.0,0.0,0.0,0.0019149117157972221,0.0019717029436332263,5.163713587484618e-09
1.0,4,1,-499435.66831423884,-688253.11097789835,-178244.11029941338,-600.69110868695418,-1.1281127319530416e-06,-2.3705315046799213e-06,9.8532771978451004e-07,-3.9525474951601584e-09,0.0,0.0,0.0,0.0,0.0,0.0,0.0,0.0,0.0,0.0,0.0022051340762030518,0.00052831622322449057,5.9463170587601166e-09
1.0,4,2,-432998.74285120936,-398524.188984129,40377.551097932796,-730.02754833952679,-1.5991220263958563e-06,-1.3722794619504679e-06,1.5156939877894983e-06,-4.8035812680740859e-09,0.0,0.0,0.0,0.0,0.0,0.0,0.0,0.0,0.0,0.0,0.0026015845143316689,0.00052831624709627446,7.015366979067637e-09
1.0,4,3,-508135.94257201767,-686914.79869937978,-185370.86212737439,-6976.0039122877042,-1.1624683687538169e-06,-2.3388332420718594e-06,9.6132586057193593e-07,-4.590210574285309e-08,0.0,0.0,0.0,0.0,0.0,0.0,0.0,0.0,0.0,0.0,0.0022051339011928475,0.001971702964206777,5.946315912617658e-09
1.0,4,4,-439797.84253095486,-399671.59917508624,37393.721679939306,-6946.7830994320666,-1.6265901662124417e-06,-1.3625594849308268e-06,1.5133303262952415e-06,-4.5709832794262996e-08,0.0,0.0,0.0,0.0,0.0,0.0,0.0,0.0,0.0,0.0,0.0026015843002487838,0.0019717030074149437,7.015365155850352e-09
1.0,5,1,-375437.40725054377,-127055.72809956933,249345.08444562781,256.47598889740522,-2.0704042192794911e-06,-4.3605277046607938e-07,2.0406645760813177e-06,1.6876120069449261e-09,0.0,0.0,0.0,0.0,0.0,0.0,0.0,0.0,0.0,0.0,0.0028918059933641747,0.000528316271325964,7.797960487696308e-09
1.0,5,2,-279335.87456417014,324892.44026654516,594685.13734225591,-2831.011149777446,-2.8496119454427562e-06,1.1262103661433502e-06,2.901446312901527e-06,-1.8628053365535593e-08,0.0,0.0,0.0,0.0,0.0,0.0,0.0,0.0,0.0,0.0,0.0032882551539330229,0.00052831631507541945,8.866994298087536e-09
1.0,5,3,-382191.8401540636,-129826.90492580336,250979.20238622226,-4216.6702912502806,-2.1023798307577797e-06,-4.4181855695582726e-07,2.0638856291573009e-06,-2.7745690516426845e-08,0.0,0.0,0.0,0.0,0.0,0.0,0.0,0.0,0.0,0.0,0.0028918057440384657,0.0019717030534789873,7.797957814263523e-09
1.0,5,4,-281012.2523319145,323207.5346533499,607545.6086518222,-2173.0013695187686,-2.8756512280817441e-06,1.1001149702812951e-06,2.9710594971912433e-06,-1.4298349011433498e-08,0.0,0.0,0.0,0.0,0.0,0.0,0.0,0.0,0.0,0.0,0.0032882548386060587,0.0019717031414364225,8.866990050391991e-09
1.0,6,1,-195880.91881228302,744699.40646100265,920641.7808185243,1134.1940205144979,-3.6106436699630677e-06,2.5783748703351517e-06,3.7360756936076448e-06,7.4629966549853962e-09,0.0,0.0,0.0,0.0,0.0,0.0,0.0,0.0,0.0,0.0,0.0035784754751029685,0.00052831636286953306,9.649572370970442e-09
1.0,6,2,-57630.791182330111,1439090.5075713834,1456593.2778412364,-2924.5130300487635,-4.8633343368635896e-06,4.9850918089358442e-06,5.1002600373114776e-06,-1.9243295737720864e-08,0.0,0.0,0.0,0.0,0.0,0.0,0.0,0.0,0.0,0.0,0.0039749226381357921,0.00052831645053757646,1.0718579420049405e-08
1.0,6,3,-199538.51021881361,741304.60405986942,944113.94084858277,1670.8576456680123,-3.6606538520494229e-06,2.5300938399043118e-06,3.8645792759740461e-06,1.0994243308495521e-08,0.0,0.0,0.0,0.0,0.0,0.0,0.0,0.0,0.0,0.0,0.0035784750932862102,0.0019717032292271364,9.64956585372012e-09
1.0,6,4,-57180.655236487859,1436294.5002153059,1503347.9857050094,-2315.4575377408,-4.9305384039365374e-06,4.8965281189362655e-06,5.3377400534585143e-06,-1.5235710598334464e-08,0.0,0.0,0.0,0.0,0.0,0.0,0.0,0.0,0.0,0.0,0.0039749221132105352,0.0019717033842591098,1.0718568413086561e-08
1.0,7,1,-691988.50938818103,-1296889.6841272956,-687441.5234200909,-1873.0862341519323,-3.2469923901603426e-07,-4.3049489687994083e-06,-2.9478007134600146e-07,-1.2324907420719714e-08,0.0,0.0,0.0,0.0,0.0,0.0,0.0,0.0,0.0,0.0,0.00014511146053603152,0.003028335408816116,3.9130563607211294e-10
1.0,7,2,-677676.63972780912,-1259580.9544246511,-660707.05490088591,-7059.0454176296926,-3.5432814390469668e-07,-4.1832585346099179e-06,-2.4266827574354207e-07,-4.6448518848003375e-08,0.0,0.0,0.0,0.0,0.0,0.0,0.0,0.0,0.0,0.0,0.00054156329921324403,0.0030283354033713069,1.4603721392325454e-09
1.0,7,3,-729959.5522250887,-1223474.905605451,-725812.36008121609,-6793.7320434631592,-5.6992388134050974e-07,-3.8172549065832927e-06,-5.4263535703382789e-07,-4.4702756845987584e-08,0.0,0.0,0.0,0.0,0.0,0.0,0.0,0.0,0.0,0.0,0.00014511142272466513,0.0044717227410823596,3.913056190411802e-10
1.0,7,4,-713009.30772065208,-1188990.0348802411,-697531.77347233449,-19574.014002807398,-5.8434208140619056e-07,-3.7162952661162865e-06,-4.8249990605226142e-07,-1.2879701213847268e-07,0.0,0.0,0.0,0.0,0.0,0.0,0.0,0.0,0.0,0.0,0.00054156316199155874,0.0044717227025179536,1.460372075663146e-09
1.0,8,1,-665013.36263197719,-1212530.4881028351,-622096.48533286538,-10007.784062030023,-4.2635619513147929e-07,-4.0290188807297246e-06,-1.4396314250332322e-07,-6.5851219128157553e-08,0.0,0.0,0.0,0.0,0.0,0.0,0.0,0.0,0.0,0.0,0.00083178613647114162,0.0030283353960061446,2.2429824654336517e-09
1.0,8,2,-635946.71478137665,-1119853.9885182339,-549700.47608747636,-13366.988798765266,-5.4183751982986093e-07,-3.7259473810183823e-06,2.5662730776003024e-08,-8.7954786295875438e-08,0.0,0.0,0.0,0.0,0.0,0.0,0.0,0.0,0.0,0.0,0.0012282377574757567,0.0030283353854936535,3.3120465869698437e-09
1.0,8,3,-699852.36565356806,-1148019.909364257,-659531.48514802277,-31050.756191292356,-6.4333062493843836e-07,-3.5922730625547712e-06,-3.780192312119501e-07,-2.0431397573870368e-07,0.0,0.0,0.0,0.0,0.0,0.0,0.0,0.0,0.0,0.0,0.00083178592967046694,0.0044717226484933745,2.2429823353770974e-09
1.0,8,4,-665699.67171908612,-1065772.6041644595,-586095.67484672833,-40353.09733929472,-7.1854647775775389e-07,-3.3510263732483107e-06,-1.9475217833763938e-07,-2.6552338049255923e-07,0.0,0.0,0.0,0.0,0.0,0.0,0.0,0.0,0.0,0.0,0.0012282374664769641,0.0044717225484907711,3.312046349397738e-09
1.0,9,1,-610678.86268553091,-1023995.4717303772,-472158.52740984043,-14790.434996109925,-6.8947099478611047e-07,-3.4090942823011985e-06,2.2199281132793222e-07,-9.73210622744033e-08,0.0,0.0,0.0,0.0,0.0,0.0,0.0,0.0,0.0,0.0,0.0015184603610189367,0.0030283353780242049,4.094654157106165e-09
1.0,9,2,-562750.88751088351,-852333.05548195413,-336465.9212044708,-15216.957843984808,-9.3545205438986609e-07,-2.8409027196395111e-06,5.5350302390632984e-07,-1.0012758261342003e-07,0.0,0.0,0.0,0.0,0.0,0.0,0.0,0.0,0.0,0.0,0.0019149115284626372,0.0030283353754616089,5.16371295090725e-09
1.0,9,3,-636098.29179217049,-979626.58949082042,-507616.67619817209,-48078.443175005814,-8.3064709917224415e-07,-3.0910632980293611e-06,1.4761931436265509e-08,-3.1635615609153826e-07,0.0,0.0,0.0,0.0,0.0,0.0,0.0,0.0,0.0,0.0,0.0015184600186288521,0.0044717224584386751,4.094653808493325e-09
1.0,9,4,-583660.40135482035,-825180.90992522903,-371675.80179592519,-50747.004084663407,-1.0272684022546781e-06,-2.6164733486479672e-06,3.6759026284285212e-07,-3.3391528687708521e-07,0.0,0.0,0.0,0.0,0.0,0.0,0.0,0.0,0.0,0.0,0.0019149111320905391,0.0044717223278353743,5.163712349135083e-09
1.0,10,1,-523137.5758166085,-686703.90379265836,-203263.63193654406,-14785.803954059704,-1.2095391726309026e-06,-2.285805610713311e-06,8.9523137809992154e-07,-9.7290590017712851e-08,0.0,0.0,0.0,0.0,0.0,0.0,0.0,0.0,0.0,0.0,0.0022051336923999357,0.0030283353791549228,5.946315044996955e-09
1.0,10,2,-451719.00490400224,-402185.39761239948,22206.535264523583,-11105.01388097571,-1.6582284220103673e-06,-1.3322972860316211e-06,1.4602016322985325e-06,-7.3070991336820163e-08,0.0,0.0,0.0,0.0,0.0,0.0,0.0,0.0,0.0,0.0,0.0026015840626112973,0.0030283354004453787,7.015363969209847e-09
1.0,10,3,-533380.67991254642,-669334.68406997807,-234550.80061482693,-52211.573078579,-1.2387643337607398e-06,-2.133341681116641e-06,7.2753627201825408e-07,-3.4355215085704979e-07,0.0,0.0,0.0,0.0,0.0,0.0,0.0,0.0,0.0,0.0,0.0022051332724485773,0.0044717222319463762,5.946314374854262e-09
1.0,10,4,-462127.63639511273,-405997.92682597262,-10748.728569615632,-47840.651078741008,-1.6521784664505339e-06,-1.2828449774855919e-06,1.3178947470412363e-06,-3.1479148409811581e-07,0.0,0.0,0.0,0.0,0.0,0.0,0.0,0.0,0.0,0.0,0.002601583628704628,0.0044717221166418169,7.015362845063069e-09
1.0,11,1,-392787.12499707827,-134577.20710429101,237950.69405793422,-10555.677843407246,-2.1272657343721477e-06,-4.2824447463760718e-07,2.0229891150098344e-06,-6.945636020961967e-08,0.0,0.0,0.0,0.0,0.0,0.0,0.0,0.0,0.0,0.0,0.0028918054862156744,0.0030283354257833006,7.797956278161137e-09
1.0,11,2,-291686.98203600559,314299.96595757653,596941.65573519177,-5544.4190843679035,-2.8981966724546016e-06,1.0891974453431682e-06,2.9489797640798768e-06,-3.6482277575140805e-08,0.0,0.0,0.0,0.0,0.0,0.0,0.0,0.0,0.0,0.0,0.0032882545487163801,0.0030283354810033566,8.86698780011958e-09
1.0,11,3,-388539.6124268627,-143629.19837450029,211321.22064588632,-41301.483991826812,-2.0496514573231037e-06,-4.3814093285855844e-07,1.8974328242955852e-06,-2.7176376466622041e-07,0.0,0.0,0.0,0.0,0.0,0.0,0.0,0.0,0.0,0.0,0.0028918050583281885,0.0044717220514140553,7.797955302900618e-09
1.0,11,4,-292732.23777873541,290898.90596350358,567621.97231749457,-29816.23711954628,-2.820124176577654e-06,1.0201687492462782e-06,2.8410065258555391e-06,-1.961908402466145e-07,0.0,0.0,0.0,0.0,0.0,0.0,0.0,0.0,0.0,0.0,0.0032882541442696284,0.0044717219972886819,8.86698652325623e-09
1.0,12,1,-202962.77910149988,737003.76853422006,941002.63140046247,-6334.8996201816171,-3.6660640074042972e-06,2.5189158760387392e-06,3.8612283936986137e-06,-4.168363950079504e-08,0.0,0.0,0.0,0.0,0.0,0.0,0.0,0.0,0.0,0.0,0.0035784747782823907,0.0030283355306884464,9.6495632100431e-09
1.0,12,2,-58130.693588869763,1439123.4698365973,1509366.3543050466,3849.774494861897,-4.9492673900881455e-06,4.902665005251427e-06,5.3648631850538229e-06,2.533151617619128e-08,0.0,0.0,0.0,0.0,0.0,0.0,0.0,0.0,0.0,0.0,0.0039749217533129296,0.0030283356126186967,1.071856478523194e-08
1.0,12,3,-201349.04544791923,710462.19892273645,911055.21766412375,-17235.21867949939,-3.568742745446835e-06,2.4309752425120787e-06,3.7508773058304075e-06,-1.1340773891110599e-07,0.0,0.0,0.0,0.0,0.0,0.0,0.0,0.0,0.0,0.0,0.0035784743972111076,0.0044717219934238195,9.64956234749957e-09
1.0,12,4,-63868.330879971618,1409281.7797134768,1471602.9565657463,-9828.9304145386504,-4.8711395377210304e-06,4.8221881899838597e-06,5.2322615336717937e-06,-6.467436212766432e-08,0.0,0.0,0.0,0.0,0.0,0.0,0.0,0.0,0.0,0.0,0.0039749214173141617,0.004471722031365595,1.071856488454332e-08
1.0,13,1,-773672.26862066239,-1110719.5959374122,-769860.2040146729,-11213.200913583803,-8.9704525917901704e-07,-3.1148166729232309e-06,-8.7196187407160716e-07,-7.3782862011381418e-08,0.0,0.0,0.0,0.0,0.0,0.0,0.0,0.0,0.0,0.0,0.00014511137487391496,0.005528356117551125,3.9130563653816986e-10
1.0,13,2,-756108.19994145876,-1081629.0839550251,-741881.37608970993,-40533.533742511361,-8.9939447283661241e-07,-3.0413218896458788e-06,-8.0578197189210517e-07,-2.6671065202572473e-07,0.0,0.0,0.0,0.0,0.0,0.0,0.0,0.0,0.0,0.0,0.00054156298667281852,0.0055283560319828885,1.4603721272190715e-09
1.0,13,3,-769357.13278458558,-792946.87091857032,-766060.86082935426,-20442.94528910282,-1.3835534477612073e-06,-1.5387739246828266e-06,-1.3618639782957848e-06,-1.3451458000229654e-07,0.0,0.0,0.0,0.0,0.0,0.0,0.0,0.0,0.0,0.0,0.00014511130545967306,0.0069717459516436854,3.913058847371381e-10
1.0,13,4,-752844.5427636886,-775965.22374951956,-740542.67993643158,-76338.714286104048,-1.3681402259946405e-06,-1.5202743068814075e-06,-1.2871939685912886e-06,-5.0230874000256459e-07,0.0,0.0,0.0,0.0,0.0,0.0,0.0,0.0,0.0,0.0,0.00054156273263692128,0.0069717457385943555,1.4603730149621636e-09
1.0,14,1,-737727.40190084884,-1047187.8104786474,-702680.24266621075,-60290.192958999469,-9.2384548553536811e-07,-2.960094973977283e-06,-6.9323517777144924e-07,-3.967094696702165e-07,0.0,0.0,0.0,0.0,0.0,0.0,0.0,0.0,0.0,0.0,0.0008317856670872481,0.0055283559089015976,2.242982413964039e-09
1.0,14,2,-701312.65050762938,-981344.26762244361,-630213.84742711601,-83128.033548542036,-9.6030143075984302e-07,-2.8029094713753203e-06,-4.9247130649006429e-07,-5.469824607494066e-07,0.0,0.0,0.0,0.0,0.0,0.0,0.0,0.0,0.0,0.0,0.0012282371001704926,0.0055283556736478116,3.3120463728720965e-09
1.0,14,3,-736876.43076578155,-759062.4397414655,-706405.99520716921,-113628.03780647684,-1.3689420266100648e-06,-1.5149259656700655e-06,-1.1684465606343955e-06,-7.4767248876661765e-07,0.0,0.0,0.0,0.0,0.0,0.0,0.0,0.0,0.0,0.0,0.00083178528286097708,0.0069717454304292024,2.24298368059148e-09
1.0,14,4,-699346.96147302398,-725225.40771884436,-639942.63473821012,-160968.02881728316,-1.3397693002829737e-06,-1.5100494765804719e-06,-9.4888883036789845e-07,-1.0591696296177231e-06,0.0,0.0,0.0,0.0,0.0,0.0,0.0,0.0,0.0,0.0,0.0012282365581189759,0.0069717448296481889,3.3120480363558326e-09
1.0,15,1,-666478.84260261641,-909453.34166699962,-551607.7816226281,-95137.610492198131,-1.0239176382154702e-06,-2.6226898420591116e-06,-2.6806605696714701e-07,-6.2600547703866365e-07,0.0,0.0,0.0,0.0,0.0,0.0,0.0,0.0,0.0,0.0,0.0015184595883057737,0.0055283554590361125,4.094653769903461e-09
1.0,15,2,-607176.68282034702,-775938.69836272951,-415014.91439920559,-106237.31212460021,-1.1541767059378776e-06,-2.2646307682067541e-06,1.1024773027323287e-07,-6.990415137798694e-07,0.0,0.0,0.0,0.0,0.0,0.0,0.0,0.0,0.0,0.0,0.0019149106380588674,0.0055283551384271304,5.163712171727316e-09
1.0,15,3,-668146.79237693269,-687960.91903929645,-570050.38595700113,-188539.96947189333,-1.3530760999905132e-06,-1.4834530534288665e-06,-7.0760174574736394e-07,-1.240592999125058e-06,0.0,0.0,0.0,0.0,0.0,0.0,0.0,0.0,0.0,0.0,0.0015184589462569962,0.0069717442652626627,4.094655492370615e-09
1.0,15,4,-602008.15227850294,-608300.19453372108,-441478.8828862356,-214869.69960196246,-1.3513898190689831e-06,-1.392791457108318e-06,-2.9510722646786426e-07,-1.4138426233809129e-06,0.0,0.0,0.0,0.0,0.0,0.0,0.0,0.0,0.0,0.0,0.001914909898808394,0.0069717433875991315,5.163713861227655e-09
1.0,16,1,-556885.02169695485,-641059.48810183769,-280629.15224052325,-107096.95442832401,-1.3281570567438443e-06,-1.8820250456879729e-06,4.8960656427947601e-07,-7.0469796013837195e-07,0.0,0.0,0.0,0.0,0.0,0.0,0.0,0.0,0.0,0.0,0.0022051327461863521,0.005528354892879961,5.946313909992178e-09
1.0,16,2,-472042.44182818837,-396404.28432047472,-52505.82392202795,-102535.94151204583,-1.6509342381177872e-06,-1.1532351617170314e-06,1.1096167077047476e-06,-6.7468649514926151e-07,0.0,0.0,0.0,0.0,0.0,0.0,0.0,0.0,0.0,0.0,0.0026015830846586661,0.0055283545833781905,7.01536228416264e-09
1.0,16,3,-559217.34195153508,-526638.94408508227,-320376.75763526181,-225577.123811631,-1.4578019010395317e-06,-1.243436043078272e-06,1.1376914376154621e-07,-1.484297474680532e-06,0.0,0.0,0.0,0.0,0.0,0.0,0.0,0.0,0.0,0.0,0.0022051319632171509,0.0069717426768461299,5.9463150720133146e-09
1.0,16,4,-455819.12596314016,-351908.96098424005,-98006.430315313686,-217723.05147728405,-1.5682293115624059e-06,-8.8450042600124283e-07,7.8617822580029228e-07,-1.432617678720529e-06,0.0,0.0,0.0,0.0,0.0,0.0,0.0,0.0,0.0,0.0,0.0026015823008979024,0.0069717417134066992,7.0153629473069375e-09
1.0,17,1,-403893.79205200344,-159090.80594642091,164351.21224642557,-91113.85243304231,-2.0277804022140242e-06,-4.169767536392916e-07,1.7112717260696381e-06,-5.9952914900941838e-07,0.0,0.0,0.0,0.0,0.0,0.0,0.0,0.0,0.0,0.0,0.0028918045172719089,0.00552835438613309,7.797954164850292e-09
1.0,17,2,-291792.06717356632,260485.4840574023,527260.38515352481,-72256.542446577514,-2.7035988092210964e-06,9.3038747787867705e-07,2.6857663270911629e-06,-4.7544804929848001e-07,0.0,0.0,0.0,0.0,0.0,0.0,0.0,0.0,0.0,0.0,0.0032882536302466236,0.0055283542002323499,8.866985355133804e-09
1.0,17,3,-407710.25161642791,-183229.05448255688,99743.192903288174,-205642.37845450718,-1.9066435967868951e-06,-4.2955731964602351e-07,1.4324000681528368e-06,-1.3531268502306572e-06,0.0,0.0,0.0,0.0,0.0,0.0,0.0,0.0,0.0,0.0,0.0028918037682160455,0.006971741022884918,7.79795330097754e-09
1.0,17,4,-265444.07356118027,166685.58031365823,464389.86602652742,-150296.87905290729,-2.3243195730233947e-06,5.1909354947304252e-07,2.4779877494637219e-06,-9.8895346416812984e-07,0.0,0.0,0.0,0.0,0.0,0.0,0.0,0.0,0.0,0.0,0.0032882529867120833,0.0069717402365924693,8.86698355000325e-09
1.0,18,1,-195806.99941806134,662311.61829545582,871452.76128801808,-48753.595043273555,-3.4023827168321948e-06,2.2440377877227469e-06,3.6201865086138069e-06,-3.2079865538474e-07,0.0,0.0,0.0,0.0,0.0,0.0,0.0,0.0,0.0,0.0,0.003578473925355043,0.00552835413155552,9.64956085399312e-09
1.0,18,2,-52017.633259856724,1350609.7781239566,1437014.7578900061,-12205.107999855309,-4.6645349332013444e-06,4.5647534337041468e-06,5.1332982005647523e-06,-8.0309610639047922e-08,0.0,0.0,0.0,0.0,0.0,0.0,0.0,0.0,0.0,0.0,0.0039749210189055752,0.0055283541634295625,1.0718563238223629e-08
1.0,18,3,-206428.18055890128,501021.29432125186,788632.62956766388,-117725.90957153372,-3.0697941025389931e-06,1.5852234421724142e-06,3.4777060280938055e-06,-7.7463648498069185e-07,0.0,0.0,0.0,0.0,0.0,0.0,0.0,0.0,0.0,0.0,0.0035784733902485236,0.0069717397815488667,9.649556126970433e-09
1.0,18,4,-49837.035424150643,1140317.5766378595,1361972.162023752,-24918.981202721803,-4.2028029642060992e-06,3.6284143831619273e-06,5.0869015550011005e-06,-1.6396689631390945e-07,0.0,0.0,0.0,0.0,0.0,0.0,0.0,0.0,0.0,0.0,0.0039749206296385113,0.0069717394724424274,1.0718555996699312e-08
1.0,19,1,-674018.18846506393,-429941.13973667019,-670348.47669699742,-26872.599848676389,-1.6316333483601246e-06,-2.5606367727293967e-08,-1.6074866449262472e-06,-1.7682170700429063e-07,0.0,0.0,0.0,0.0,0.0,0.0,0.0,0.0,0.0,0.0,0.00014511127125535988,0.0080283825151133154,3.913062952955963e-10
1.0,19,2,-664238.53693586856,-419483.24905396125,-650542.99546644569,-91816.282521444926,-1.6305512183370996e-06,-2.0061424074149965e-08,-1.5404345554682972e-06,-6.0415113899110761e-07,0.0,0.0,0.0,0.0,0.0,0.0,0.0,0.0,0.0,0.0,0.00054156260134900866,0.0080283821672314792,1.460374500177428e-09
1.0,19,3,143873.27287756966,-66363.118607010139,149079.01170292852,-11709.550739558292,5.8867525329629709e-07,-7.946802026722377e-07,6.2292901476715859e-07,-7.7048843866293554e-08,0.0,0.0,0.0,0.0,0.0,0.0,0.0,0.0,0.0,0.0,0.00014511159716760076,0.0094717751495338037,3.9130775418101033e-10
1.0,19,4,135232.23095269798,-63952.455031623365,154660.14208188758,-42436.614663898021,5.3284300922407225e-07,-7.77792224552762e-07,6.6067866445414008e-07,-2.7923292448844897e-07,0.0,0.0,0.0,0.0,0.0,0.0,0.0,0.0,0.0,0.0,0.00054156380271561241,0.0094717746270564993,1.4603798428663905e-09
1.0,20,1,-656939.41652056761,-412506.06129424449,-623588.05330416339,-143186.24446720761,-1.6476683815373533e-06,-3.9296904148147313e-08,-1.4282164115734138e-06,-9.4216548859422603e-07,0.0,0.0,0.0,0.0,0.0,0.0,0.0,0.0,0.0,0.0,0.00083178507679257732,0.0080283816617730992,2.2429858634988426e-09
1.0,20,2,-639583.74847777968,-404917.61618330958,-574454.60932757286,-203015.29572556348,-1.6505106260817039e-06,-1.0640747558409069e-07,-1.2219608904733437e-06,-1.3358406458742076e-06,0.0,0.0,0.0,0.0,0.0,0.0,0.0,0.0,0.0,0.0,0.0012282362404476949,0.0080283806566779428,3.312050895066086e-09
1.0,20,3,124931.37723784233,-61228.274424277275,170081.97663291765,-63425.097512180611,4.5266803669955986e-07,-7.7226247123718714e-07,7.4975898071915539e-07,-4.1733714163014842e-07,0.0,0.0,0.0,0.0,0.0,0.0,0.0,0.0,0.0,0.0,0.00083178690468665116,0.00947177386827611,2.2429939474140216e-09
1.0,20,4,99376.046946538205,-64725.881454337854,191400.40302288916,-94007.111334331552,2.9673449065437998e-07,-7.830561982233845e-07,9.022547536367692e-07,-6.1856679257990154e-07,0.0,0.0,0.0,0.0,0.0,0.0,0.0,0.0,0.0,0.0,0.0012282388793795583,0.0094717723326783014,3.3120623806827417e-09
1.0,21,1,-620517.00913587806,-390448.54213219101,-517594.95833086804,-248470.71166525717,-1.667876314947757e-06,-1.5402580206349605e-07,-9.9064922065079121e-07,-1.634937282757392e-06,0.0,0.0,0.0,0.0,0.0,0.0,0.0,0.0,0.0,0.0,0.001518458542435909,0.0080283796988013349,4.09465869806826e-09
1.0,21,2,-589416.63316474867,-366942.92114223726,-420785.38991975039,-295796.1147670651,-1.7024724343458029e-06,-2.3859540923767776e-07,-5.9287885379371404e-07,-1.9463384351672883e-06,0.0,0.0,0.0,0.0,0.0,0.0,0.0,0.0,0.0,0.0,0.001914909370745272,0.0080283781510964644,5.163716811592403e-09
1.0,21,3,75058.744362388752,-64559.90289640738,219638.03128808583,-115299.14162307399,1.3027027895309187e-07,-7.8842042000978652e-07,1.0816019869241783e-06,-7.5866835187982678e-07,0.0,0.0,0.0,0.0,0.0,0.0,0.0,0.0,0.0,0.0,0.0015184617346630973,0.0094717708466613877,4.094672317282807e-09
1.0,21,4,36814.43871647169,-66297.570301751606,268488.55925904133,-144793.66482725323,-1.3538956897015921e-07,-8.1386658831006857e-07,1.3890261441999486e-06,-9.5274231456332622e-07,0.0,0.0,0.0,0.0,0.0,0.0,0.0,0.0,0.0,0.0,0.0019149132440855691,0.0094717683553986066,5.163732799407483e-09
1.0,22,1,-543245.88360003044,-323344.41528850456,-311815.25686727022,-325683.26428864512,-1.7126771359940282e-06,-2.657254745041876e-07,-1.8986361209246572e-07,-2.1429958790192849e-06,0.0,0.0,0.0,0.0,0.0,0.0,0.0,0.0,0.0,0.0,0.0022051313536164512,0.0080283768623820931,5.946318049700678e-09
1.0,22,2,-491449.33754525916,-253939.84198413941,-139448.22841216327,-344844.49014010042,-1.8356935365001377e-06,-2.7288105570796957e-07,4.8047376159563346e-07,-2.2690767451218608e-06,0.0,0.0,0.0,0.0,0.0,0.0,0.0,0.0,0.0,0.0,0.0026015816003669106,0.0080283750026155527,7.015363983831062e-09
1.0,22,3,1256.9194322403055,-64436.405434397835,321807.45654819941,-164695.50654589589,-4.0036166359860492e-07,-8.3262374122108398e-07,1.708860870624406e-06,-1.0836964330719948e-06,0.0,0.0,0.0,0.0,0.0,0.0,0.0,0.0,0.0,0.0,0.0022051356585405706,0.0094717662021301385,5.946334727084307e-09
1.0,22,4,-38365.735817338398,-54462.300118333602,420464.84802598186,-185215.77972850716,-7.701127047807763e-07,-8.7602809788132457e-07,2.2489925369082709e-06,-1.2187198306135771e-06,0.0,0.0,0.0,0.0,0.0,0.0,0.0,0.0,0.0,0.0,0.0026015864025813605,0.0094717628985062276,7.015381262968857e-09
1.0,23,1,-400303.17141292809,-141178.12076742033,56093.949766926467,-338937.66495491168,-1.86708286688386e-06,-1.6204003363641921e-07,1.136010190479583e-06,-2.2302098354033186e-06,0.0,0.0,0.0,0.0,0.0,0.0,0.0,0.0,0.0,0.0,0.0028918030443928337,0.0080283736092504592,7.797954462504427e-09
1.0,23,2,-318195.48626691086,44329.586984744557,355408.96308933449,-303118.18537173019,-2.2225643404515994e-06,1.6285064154429379e-07,2.209752936312495e-06,-1.9945176597459844e-06,0.0,0.0,0.0,0.0,0.0,0.0,0.0,0.0,0.0,0.0,0.0032882523125681807,0.0080283718411200342,8.866980596716658e-09
1.0,23,3,-76424.135129347502,-44043.805655257544,519594.93439360237,-195894.31208864733,-1.1334914590533223e-06,-9.204288911138103e-07,2.7883140184076878e-06,-1.2889845735432993e-06,0.0,0.0,0.0,0.0,0.0,0.0,0.0,0.0,0.0,0.0,0.0028918081292705596,0.0094717602331011418,7.79796963514682e-09
1.0,23,4,-91697.147043609002,-1458.3054660293856,709499.82565063995,-182991.41096870645,-1.5771913371097299e-06,-9.8341975952925581e-07,3.6946847432184284e-06,-1.2040834841740884e-06,0.0,0.0,0.0,0.0,0.0,0.0,0.0,0.0,0.0,0.0,0.003288257723647514,0.00947175645507407,8.86699359547387e-09
1.0,24,1,-186594.69501660304,297203.54916693841,683108.07182722865,-224360.02389228423,-2.4818658362537987e-06,7.0152661047390365e-07,3.2407783695786126e-06,-1.4762889572112301e-06,0.0,0.0,0.0,0.0,0.0,0.0,0.0,0.0,0.0,0.0,0.0035784728325892381,0.0080283707200436219,9.649553334149131e-09
1.0,24,2,-61222.788402355392,754288.95206652605,1201613.1544914013,-83750.677864345329,-3.396439270373302e-06,1.9696279819119372e-06,4.9130212338676163e-06,-5.5107946034739228e-07,0.0,0.0,0.0,0.0,0.0,0.0,0.0,0.0,0.0,0.0,0.0039749203867913401,0.0080283696790259939,1.0718548622907564e-08
1.0,24,3,-102524.69382335502,39327.046832189546,896322.61227380135,-161746.21455255162,-1.9909499305042412e-06,-1.057565476990757e-06,4.5814653436150478e-06,-1.0642900917557896e-06,0.0,0.0,0.0,0.0,0.0,0.0,0.0,0.0,0.0,0.0,0.0035784784482357822,0.0094717536264437262,9.649560651442188e-09
1.0,24,4,-37203.347888899851,169795.40321709239,1255446.1184050243,-53932.782105072096,-2.4378983436074438e-06,-1.0758465613300144e-06,6.0677351446065772e-06,-3.5487770625137439e-07,0.0,0.0,0.0,0.0,0.0,0.0,0.0,0.0,0.0,0.0,0.0039749264063504413,0.0094717501052839735,1.0718550196278991e-08
1.0,25,1,0.0,0.0,0.0,0.0,0.0,0.0,0.0,0.0,0.0,0.0,0.0,0.0,0.0,0.0,0.0,0.0,0.0,0.0,0.0041813332490731811,0.00042349503027199088,3.757841763057791e-09
1.0,25,2,0.0,0.0,0.0,0.0,0.0,0.0,0.0,0.0,0.0,0.0,0.0,0.0,0.0,0.0,0.0,0.0,0.0,0.0,0.0043461667509268201,0.00042349503027199088,3.905980689165557e-09
1.0,25,3,0.0,0.0,0.0,0.0,0.0,0.0,0.0,0.0,0.0,0.0,0.0,0.0,0.0,0.0,0.0,0.0,0.0,0.0,0.0041813332490731794,0.0015805049697280092,3.757841763057791e-09
1.0,25,4,0.0,0.0,0.0,0.0,0.0,0.0,0.0,0.0,0.0,0.0,0.0,0.0,0.0,0.0,0.0,0.0,0.0,0.0,0.0043461667509268193,0.0015805049697280092,3.9059806891655735e-09
1.0,26,1,0.0,0.0,0.0,0.0,0.0,0.0,0.0,0.0,0.0,0.0,0.0,0.0,0.0,0.0,0.0,0.0,0.0,0.0,0.0044668332490731804,0.00042349503027199088,4.014425909655213e-09
1.0,26,2,0.0,0.0,0.0,0.0,0.0,0.0,0.0,0.0,0.0,0.0,0.0,0.0,0.0,0.0,0.0,0.0,0.0,0.0,0.0046316667509268186,0.00042349503027199088,4.162564835763061e-09
1.0,26,3,0.0,0.0,0.0,0.0,0.0,0.0,0.0,0.0,0.0,0.0,0.0,0.0,0.0,0.0,0.0,0.0,0.0,0.0,0.0044668332490731787,0.0015805049697280092,4.014425909655213e-09
1.0,26,4,0.0,0.0,0.0,0.0,0.0,0.0,0.0,0.0,0.0,0.0,0.0,0.0,0.0,0.0,0.0,0.0,0.0,0.0,0.0046316667509268186,0.0015805049697280092,4.162564835763092e-09
1.0,27,1,0.0,0.0,0.0,0.0,0.0,0.0,0.0,0.0,0.0,0.0,0.0,0.0,0.0,0.0,0.0,0.0,0.0,0.0,0.0041813332490731811,0.0024274950302719906,3.75784176305779e-09
1.0,27,2,0.0,0.0,0.0,0.0,0.0,0.0,0.0,0.0,0.0,0.0,0.0,0.0,0.0,0.0,0.0,0.0,0.0,0.0,0.0043461667509268201,0.0024274950302719911,3.905980689165556e-09
1.0,27,3,0.0,0.0,0.0,0.0,0.0,0.0,0.0,0.0,0.0,0.0,0.0,0.0,0.0,0.0,0.0,0.0,0.0,0.0,0.0041813332490731794,0.0035845049697280093,3.7578417630577884e-09
1.0,27,4,0.0,0.0,0.0,0.0,0.0,0.0,0.0,0.0,0.0,0.0,0.0,0.0,0.0,0.0,0.0,0.0,0.0,0.0,0.0043461667509268193,0.0035845049697280093,3.9059806891655735e-09
1.0,28,1,0.0,0.0,0.0,0.0,0.0,0.0,0.0,0.0,0.0,0.0,0.0,0.0,0.0,0.0,0.0,0.0,0.0,0.0,0.0044668332490731804,0.0024274950302719906,4.0144259096552124e-09
1.0,28,2,0.0,0.0,0.0,0.0,0.0,0.0,0.0,0.0,0.0,0.0,0.0,0.0,0.0,0.0,0.0,0.0,0.0,0.0,0.0046316667509268186,0.0024274950302719911,4.16256483576306e-09
1.0,28,3,0.0,0.0,0.0,0.0,0.0,0.0,0.0,0.0,0.0,0.0,0.0,0.0,0.0,0.0,0.0,0.0,0.0,0.0,0.0044668332490731787,0.0035845049697280093,4.014425909655211e-09
1.0,28,4,0.0,0.0,0.0,0.0,0.0,0.0,0.0,0.0,0.0,0.0,0.0,0.0,0.0,0.0,0.0,0.0,0.0,0.0,0.0046316667509268186,0.0035845049697280093,4.162564835763092e-09
1.0,29,1,0.0,0.0,0.0,0.0,0.0,0.0,0.0,0.0,0.0,0.0,0.0,0.0,0.0,0.0,0.0,0.0,0.0,0.0,0.0041813332490731811,0.0044314950302719903,3.75784176305779e-09
1.0,29,2,0.0,0.0,0.0,0.0,0.0,0.0,0.0,0.0,0.0,0.0,0.0,0.0,0.0,0.0,0.0,0.0,0.0,0.0,0.0043461667509268201,0.0044314950302719912,3.905980689165555e-09
1.0,29,3,0.0,0.0,0.0,0.0,0.0,0.0,0.0,0.0,0.0,0.0,0.0,0.0,0.0,0.0,0.0,0.0,0.0,0.0,0.0041813332490731794,0.0055885049697280082,3.757841763057787e-09
1.0,29,4,0.0,0.0,0.0,0.0,0.0,0.0,0.0,0.0,0.0,0.0,0.0,0.0,0.0,0.0,0.0,0.0,0.0,0.0,0.0043461667509268193,0.0055885049697280082,3.905980689165574e-09
1.0,30,1,0.0,0.0,0.0,0.0,0.0,0.0,0.0,0.0,0.0,0.0,0.0,0.0,0.0,0.0,0.0,0.0,0.0,0.0,0.0044668332490731804,0.0044314950302719903,4.0144259096552124e-09
1.0,30,2,0.0,0.0,0.0,0.0,0.0,0.0,0.0,0.0,0.0,0.0,0.0,0.0,0.0,0.0,0.0,0.0,0.0,0.0,0.0046316667509268186,0.0044314950302719912,4.1625648357630595e-09
1.0,30,3,0.0,0.0,0.0,0.0,0.0,0.0,0.0,0.0,0.0,0.0,0.0,0.0,0.0,0.0,0.0,0.0,0.0,0.0,0.0044668332490731787,0.0055885049697280082,4.014425909655209e-09
1.0,30,4,0.0,0.0,0.0,0.0,0.0,0.0,0.0,0.0,0.0,0.0,0.0,0.0,0.0,0.0,0.0,0.0,0.0,0.0,0.0046316667509268186,0.0055885049697280082,4.162564835763093e-09
1.0,31,1,0.0,0.0,0.0,0.0,0.0,0.0,0.0,0.0,0.0,0.0,0.0,0.0,0.0,0.0,0.0,0.0,0.0,0.0,0.0041813332490731811,0.0064354950302719901,3.757841763057785e-09
1.0,31,2,0.0,0.0,0.0,0.0,0.0,0.0,0.0,0.0,0.0,0.0,0.0,0.0,0.0,0.0,0.0,0.0,0.0,0.0,0.0043461667509268201,0.0064354950302719909,3.905980689165552e-09
1.0,31,3,0.0,0.0,0.0,0.0,0.0,0.0,0.0,0.0,0.0,0.0,0.0,0.0,0.0,0.0,0.0,0.0,0.0,0.0,0.0041813332490731794,0.0075925049697280079,3.757841763057797e-09
1.0,31,4,0.0,0.0,0.0,0.0,0.0,0.0,0.0,0.0,0.0,0.0,0.0,0.0,0.0,0.0,0.0,0.0,0.0,0.0,0.0043461667509268193,0.0075925049697280079,3.905980689165581e-09
1.0,32,1,0.0,0.0,0.0,0.0,0.0,0.0,0.0,0.0,0.0,0.0,0.0,0.0,0.0,0.0,0.0,0.0,0.0,0.0,0.0044668332490731804,0.0064354950302719901,4.0144259096552075e-09
1.0,32,2,0.0,0.0,0.0,0.0,0.0,0.0,0.0,0.0,0.0,0.0,0.0,0.0,0.0,0.0,0.0,0.0,0.0,0.0,0.0046316667509268186,0.0064354950302719909,4.162564835763056e-09
1.0,32,3,0.0,0.0,0.0,0.0,0.0,0.0,0.0,0.0,0.0,0.0,0.0,0.0,0.0,0.0,0.0,0.0,0.0,0.0,0.0044668332490731787,0.0075925049697280079,4.01442590965522e-09
1.0,32,4,0.0,0.0,0.0,0.0,0.0,0.0,0.0,0.0,0.0,0.0,0.0,0.0,0.0,0.0,0.0,0.0,0.0,0.0,0.0046316667509268186,0.0075925049697280079,4.1625648357631e-09
1.0,33,1,0.0,0.0,0.0,0.0,0.0,0.0,0.0,0.0,0.0,0.0,0.0,0.0,0.0,0.0,0.0,0.0,0.0,0.0,0.0041813332490731811,0.0084394950302719915,3.757841763057785e-09
1.0,33,2,0.0,0.0,0.0,0.0,0.0,0.0,0.0,0.0,0.0,0.0,0.0,0.0,0.0,0.0,0.0,0.0,0.0,0.0,0.0043461667509268201,0.0084394950302719915,3.9059806891655544e-09
1.0,33,3,0.0,0.0,0.0,0.0,0.0,0.0,0.0,0.0,0.0,0.0,0.0,0.0,0.0,0.0,0.0,0.0,0.0,0.0,0.0041813332490731794,0.0095965049697280085,3.757841763057793e-09
1.0,33,4,0.0,0.0,0.0,0.0,0.0,0.0,0.0,0.0,0.0,0.0,0.0,0.0,0.0,0.0,0.0,0.0,0.0,0.0,0.0043461667509268193,0.0095965049697280085,3.9059806891655784e-09
1.0,34,1,0.0,0.0,0.0,0.0,0.0,0.0,0.0,0.0,0.0,0.0,0.0,0.0,0.0,0.0,0.0,0.0,0.0,0.0,0.0044668332490731804,0.0084394950302719915,4.0144259096552075e-09
1.0,34,2,0.0,0.0,0.0,0.0,0.0,0.0,0.0,0.0,0.0,0.0,0.0,0.0,0.0,0.0,0.0,0.0,0.0,0.0,0.0046316667509268186,0.0084394950302719915,4.162564835763058e-09
1.0,34,3,0.0,0.0,0.0,0.0,0.0,0.0,0.0,0.0,0.0,0.0,0.0,0.0,0.0,0.0,0.0,0.0,0.0,0.0,0.0044668332490731787,0.0095965049697280085,4.014425909655216e-09
1.0,34,4,0.0,0.0,0.0,0.0,0.0,0.0,0.0,0.0,0.0,0.0,0.0,0.0,0.0,0.0,0.0,0.0,0.0,0.0,0.0046316667509268186,0.0095965049697280085,4.1625648357630976e-09
2.0,1,1,-2550604.6056662095,-5128881.7789024292,-2530842.6781159542,-3.9029323276500314,-6.5065838624199763e-07,-1.7615722186136332e-05,-5.206249029613202e-07,-2.5681294715937208e-11,0.0,0.0,0.0,0.0,0.0,0.0,0.0,0.0,0.0,0.0,0.00014511618887667302,0.00052832658109149369,3.913387286082591e-10
2.0,1,2,-2494764.9615521161,-4963842.455534799,-2421012.4046282144,-2498.9383643331344,-8.0575412870301767e-07,-1.7052284039109072e-05,-3.2046230414374678e-07,-1.6443014437312025e-08,0.0,0.0,0.0,0.0,0.0,0.0,0.0,0.0,0.0,0.0,0.00054158079748750014,0.0005283265872966323,1.4604944732861421e-09
2.0,1,3,-2597444.9422970903,-5090203.4151278092,-2577625.4340561368,-3470.7317445050553,-8.720551297748154e-07,-1.7274405881000946e-05,-7.4164276554934305e-07,-2.2837414878843264e-08,0.0,0.0,0.0,0.0,0.0,0.0,0.0,0.0,0.0,0.0,0.00014511614652063223,0.0019717419102587277,3.9133860585507377e-10
2.0,1,4,-2541285.0480653774,-4927624.5424119737,-2467317.597318307,-11629.694853769972,-1.0224166595530411e-06,-1.6724530532353649e-05,-5.3571083363731905e-07,-7.6523392137806406e-08,0.0,0.0,0.0,0.0,0.0,0.0,0.0,0.0,0.0,0.0,0.0005415806388520579,0.0019717419133371355,1.4604939808838823e-09
2.0,2,1,-2446437.6008121916,-4755938.0875259656,-2262324.9061457398,-2351.1154565483312,-1.1433324740596629e-06,-1.6339845676636297e-05,6.8129056845590217e-08,-1.5470339704088019e-08,0.0,0.0,0.0,0.0,0.0,0.0,0.0,0.0,0.0,0.0,0.00083181281256747676,0.00052832659640347107,2.2431681002092465e-09
2.0,2,2,-2336167.0341957584,-4350699.3271177066,-1967636.1158566717,-4222.2733691741669,-1.697865171079272e-06,-1.4953487658505695e-05,7.2706827159191508e-07,-2.7782558769166015e-08,0.0,0.0,0.0,0.0,0.0,0.0,0.0,0.0,0.0,0.0,0.0012282764894384565,0.00052832661686355858,3.3123142637173977e-09
2.0,2,3,-2488768.2603900163,-4721545.0425071502,-2305725.2654516087,-18094.548454499898,-1.340754215375244e-06,-1.6032425441705979e-05,-1.3633130868052102e-07,-1.1906212883060932e-07,0.0,0.0,0.0,0.0,0.0,0.0,0.0,0.0,0.0,0.0,0.00083181257008765322,0.00197174191802695,2.2431673025299648e-09
2.0,2,4,-2378223.4122337545,-4324113.7189526083,-2009442.692946122,-24298.569415545579,-1.8840979303687806e-06,-1.4688056148578832e-05,5.4247920254384263e-07,-1.5988458675428989e-07,0.0,0.0,0.0,0.0,0.0,0.0,0.0,0.0,0.0,0.0,0.0012282761326616834,0.0019717419344226134,3.3123128625043245e-09
2.0,3,1,-2238405.457593054,-3939926.3919187775,-1657301.0858873343,-3365.909836763165,-2.3484078730316129e-06,-1.3544415620894872e-05,1.4752588927920212e-06,-2.2147686725901624e-08,0.0,0.0,0.0,0.0,0.0,0.0,0.0,0.0,0.0,0.0,0.0015185075140850318,0.00052832663916498588,4.094977063571453e-09
2.0,3,2,-2058437.0107510784,-3220073.9621198466,-1122327.7335758847,-5420.125507128294,-3.431190374556135e-06,-1.1074761514562632e-05,2.7284086692566383e-06,-3.5664425836904174e-08,0.0,0.0,0.0,0.0,0.0,0.0,0.0,0.0,0.0,0.0,0.0019149693158831648,0.00052832668299143475,5.164102578097712e-09
2.0,3,3,-2274132.7816613638,-3917394.2101650652,-1693833.9919642881,-27263.310694879372,-2.5049233489424393e-06,-1.3317583548496794e-05,1.313442687264317e-06,-1.7939258437230626e-07,0.0,0.0,0.0,0.0,0.0,0.0,0.0,0.0,0.0,0.0,0.0015185070740404974,0.0019717419578197696,4.0949751167637465e-09
2.0,3,4,-2091942.149859882,-3207791.0243800688,-1153348.224775414,-29145.034951510934,-3.5691107356337487e-06,-1.0911396329976575e-05,2.6068372914220528e-06,-1.9177432998094193e-07,0.0,0.0,0.0,0.0,0.0,0.0,0.0,0.0,0.0,0.0,0.0019149687585059362,0.0019717420178781927,5.164099455870091e-09
2.0,4,1,-1902815.5139328789,-2543775.9747749865,-609308.75355645991,-2637.6650737361242,-4.5322036989007103e-06,-8.7497235312417764e-06,3.979070784376128e-06,-1.7355836185183697e-08,0.0,0.0,0.0,0.0,0.0,0.0,0.0,0.0,0.0,0.0,0.0022051985595290882,0.00052832672835158333,5.946744941578285e-09
2.0,4,2,-1637625.2888164497,-1413481.9203751464,239754.30621882621,-3502.6039322899055,-6.3336368137152611e-06,-4.8587734493714863e-06,6.0195209216168514e-06,-2.3047133874467577e-08,0.0,0.0,0.0,0.0,0.0,0.0,0.0,0.0,0.0,0.0,0.002601657235598168,0.00052832681293279787,7.0158344160086314e-09
2.0,4,3,-1930395.4808838428,-2537126.3241728535,-631352.50829139259,-27598.043871006059,-4.6457808491257039e-06,-8.638069797967398e-06,3.9019219105326185e-06,-1.8159512867121987e-07,0.0,0.0,0.0,0.0,0.0,0.0,0.0,0.0,0.0,0.0,0.0022051979106221132,0.0019717420892349496,5.9467405980004235e-09
2.0,4,4,-1657968.0699566887,-1415285.4560202779,232970.5071525746,-27486.460359042874,-6.4217827305724722e-06,-4.8249311308708882e-06,6.0205931068064793e-06,-1.8086090916250211e-07,0.0,0.0,0.0,0.0,0.0,0.0,0.0,0.0,0.0,0.0,0.0026016564430672443,0.0019717422408517468,7.0158276083768715e-09
2.0,5,1,-1410458.4189816196,-383440.68513305893,1025903.1699586397,-488.08256827879228,-8.0673828209325155e-06,-1.309606132208986e-06,7.9638764342943896e-06,-3.2115832992744534e-09,0.0,0.0,0.0,0.0,0.0,0.0,0.0,0.0,0.0,0.0,0.0028918836501414516,0.00052832689828667852,7.798442761158725e-09
2.0,5,2,-1039212.214491247,1300218.2300174264,2302082.0730921379,-11395.156992580934,-1.0887695551369345e-05,4.5057567734977233e-06,1.1098020860929325e-05,-7.4980133011182549e-08,0.0,0.0,0.0,0.0,0.0,0.0,0.0,0.0,0.0,0.0,0.0032883375178754913,0.00052832705207823548,8.867473936746655e-09
2.0,5,3,-1431542.3189270822,-391387.91029320005,1034873.9429341452,-17915.40077976558,-8.1744195262081049e-06,-1.3302035173971595e-06,8.0545994768387728e-06,-1.1788333713085751e-07,0.0,0.0,0.0,0.0,0.0,0.0,0.0,0.0,0.0,0.0,0.0028918827284459044,0.0019717424034484013,7.79843289430606e-09
2.0,5,4,-1042619.3450363628,1295951.2694858154,2349908.9757138076,-10942.921186720296,-1.0973555912597217e-05,4.4142387309587131e-06,1.1349280437938902e-05,-7.2004421408619539e-08,0.0,0.0,0.0,0.0,0.0,0.0,0.0,0.0,0.0,0.0,0.0032883363569939069,0.001971742715392041,8.867458516333248e-09
2.0,6,1,-722063.83833270962,2814477.8139602412,3463284.2075589616,2608.8031492192199,-1.3529183185663885e-05,9.7412608864237249e-06,1.4010406956303306e-05,1.7165924721862467e-08,0.0,0.0,0.0,0.0,0.0,0.0,0.0,0.0,0.0,0.0,0.0035785596720573315,0.00052832722056520573,9.65002862337444e-09
2.0,6,2,-210367.22777255159,5265766.4006803343,5331745.8217074648,-10945.203253808068,-1.7795905450235478e-05,1.8237053824984507e-05,1.8671198415343025e-05,-7.2019437410057082e-08,0.0,0.0,0.0,0.0,0.0,0.0,0.0,0.0,0.0,0.0,0.0039750064207378947,0.00052832753104738747,1.0718969693106259e-08
2.0,6,3,-733612.64445819636,2801296.2004463016,3545306.3701726324,2742.6621258430241,-1.3695695283868896e-05,9.5640049156026982e-06,1.4459591832401956e-05,1.8046716788047096e-08,0.0,0.0,0.0,0.0,0.0,0.0,0.0,0.0,0.0,0.0,0.0035785582734423789,0.0019717430272704912,9.650005322120355e-09
2.0,6,4,-208141.9047553204,5248160.8931402173,5489361.0321419574,-9496.5149479919437,-1.800599416572244e-05,1.7896478244430202e-05,1.948357515906165e-05,-6.2487068357786986e-08,0.0,0.0,0.0,0.0,0.0,0.0,0.0,0.0,0.0,0.0,0.003975004525414552,0.0019717435821689742,1.0718931042194878e-08
2.0,7,1,-2676772.7222036426,-5027205.5224906011,-2657447.3065709202,-7095.4794818877053,-1.2421121411010098e-06,-1.6707959966989195e-05,-1.1149509062376943e-06,-4.66882549908211e-08,0.0,0.0,0.0,0.0,0.0,0.0,0.0,0.0,0.0,0.0,0.00014511608558139235,0.0030283955390473143,3.913384818798742e-10
2.0,7,2,-2616737.0038397,-4868454.9720869446,-2544613.5325253797,-26836.276155414613,-1.3710367819110288e-06,-1.6187341012977892e-05,-8.964643406628029e-07,-1.7658269710262815e-07,0.0,0.0,0.0,0.0,0.0,0.0,0.0,0.0,0.0,0.0,0.00054158041623425415,0.0030283955176469549,1.460493509027802e-09
2.0,7,3,-2816472.4031952918,-4748321.9427278619,-2798554.4515419365,-25539.56253337246,-2.1582973130301769e-06,-1.4869867283154489e-05,-2.0403971911510993e-06,-1.6805032146959078e-07,0.0,0.0,0.0,0.0,0.0,0.0,0.0,0.0,0.0,0.0,0.00014511594308145757,0.0044718130994939338,3.913384141323774e-10
2.0,7,4,-2747798.3217088981,-4601099.0166892577,-2680927.5735058468,-74253.136536594015,-2.2333895960362234e-06,-1.4428108169006993e-05,-1.7933800728601469e-06,-4.885856384107886e-07,0.0,0.0,0.0,0.0,0.0,0.0,0.0,0.0,0.0,0.0,0.00054157989812043147,0.0044718129534936819,1.460493247160823e-09
2.0,8,1,-2564138.036406809,-4670461.9663442066,-2383595.8970008502,-38101.616750034424,-1.6752787579488548e-06,-1.5534890216936934e-05,-4.8731148065764454e-07,-2.507086382152265e-07,0.0,0.0,0.0,0.0,0.0,0.0,0.0,0.0,0.0,0.0,0.00083181223226236486,0.0030283954884859632,2.243166509741557e-09
2.0,8,2,-2443803.4325260618,-4282345.5444063945,-2082674.7470680508,-51034.83591293879,-2.1622851021006851e-06,-1.4259892198273276e-05,2.1394164821302716e-07,-3.3580922030713723e-07,0.0,0.0,0.0,0.0,0.0,0.0,0.0,0.0,0.0,0.0,0.0012282756496117481,0.0030283954455780282,3.312311627765523e-09
2.0,8,3,-2690851.3240340711,-4425004.3580696033,-2520923.8746375339,-117508.50677338499,-2.4796900124930807e-06,-1.3890416976446878e-05,-1.3615673954638626e-06,-7.7320597456887318e-07,0.0,0.0,0.0,0.0,0.0,0.0,0.0,0.0,0.0,0.0,0.00083181145211849977,0.0044718127486070933,2.2431660048469142e-09
2.0,8,4,-2554070.9331397782,-4077797.2595556434,-2217383.5731413313,-152968.78415389039,-2.8239689500376703e-06,-1.2850088177854064e-05,-6.0856612124789077e-07,-1.0065345997325986e-06,0.0,0.0,0.0,0.0,0.0,0.0,0.0,0.0,0.0,0.0,0.0012282745521568308,0.0044718123690995863,3.312310675997477e-09
2.0,9,1,-2340061.1107504484,-3888522.4399938458,-1767099.2830736102,-56679.270741714805,-2.7644232313056623e-06,-1.2953298777727215e-05,1.0056655948079338e-06,-3.7294960148048341e-07,0.0,0.0,0.0,0.0,0.0,0.0,0.0,0.0,0.0,0.0,0.0015185064925082625,0.0030283954139737126,4.0949733618602325e-09
2.0,9,2,-2144986.9236111827,-3190587.8017158527,-1219353.0652327221,-58808.583096872069,-3.7572280482771652e-06,-1.0637281826205893e-05,2.333442739853105e-06,-3.8696047677741822e-07,0.0,0.0,0.0,0.0,0.0,0.0,0.0,0.0,0.0,0.0,0.0019149680546750932,0.0030283953976988662,5.164097029575527e-09
2.0,9,3,-2430967.2064104779,-3719265.1465666303,-1896867.2549525141,-181681.54066076854,-3.2813468376521398e-06,-1.1758347283879625e-05,2.3303084294126113e-07,-1.1954645375478569e-06,0.0,0.0,0.0,0.0,0.0,0.0,0.0,0.0,0.0,0.0,0.0015185052016633586,0.004471812027783734,4.094972023092145e-09
2.0,9,4,-2221539.6760730911,-3087333.4912835998,-1349358.027534469,-191993.65043037964,-4.0977257806329061e-06,-9.7946490847180518e-06,1.6412294667512255e-06,-1.2633182198318979e-06,0.0,0.0,0.0,0.0,0.0,0.0,0.0,0.0,0.0,0.0,0.0019149665611226249,0.0044718115327565949,5.164094688963193e-09
2.0,10,1,-1984464.0537269716,-2533629.4563310728,-695860.87397917232,-57706.86493469611,-4.8197255467446706e-06,-8.4332338958796562e-06,3.6592833759958492e-06,-3.7971117127030041e-07,0.0,0.0,0.0,0.0,0.0,0.0,0.0,0.0,0.0,0.0,0.0022051971248788866,0.0030283954055690307,5.946737310795509e-09
2.0,10,2,-1701118.7377460413,-1422752.4654290266,177767.29399016011,-45032.304841788195,-6.5385171178567979e-06,-4.7068670460108411e-06,5.8245529709674086e-06,-2.9631256585896624e-07,0.0,0.0,0.0,0.0,0.0,0.0,0.0,0.0,0.0,0.0,0.0026016555478177955,0.0030283954755479089,7.01582312587726e-09
2.0,10,3,-2021138.8456247179,-2466801.6278524124,-811270.30862123088,-196965.4789087559,-4.9263405684952343e-06,-7.8588016755534609e-06,3.0345944049877109e-06,-1.2960328512196138e-06,0.0,0.0,0.0,0.0,0.0,0.0,0.0,0.0,0.0,0.0,0.0022051955412322193,0.0044718111690496536,5.9467347106782805e-09
2.0,10,4,-1738218.0713278719,-1434052.9198818083,56312.300398538588,-179967.69157277112,-6.5142601778557924e-06,-4.5128534813406942e-06,5.2937496681039868e-06,-1.1841874105488338e-06,0.0,0.0,0.0,0.0,0.0,0.0,0.0,0.0,0.0,0.0,0.0026016539097292674,0.0044718107326548488,7.015818853081772e-09
2.0,11,1,-1468059.6511543463,-407333.05653033231,987773.60806698073,-42570.108736120004,-8.2573943271996357e-06,-1.2778133345736238e-06,7.9019885184766957e-06,-2.8011131548366962e-07,0.0,0.0,0.0,0.0,0.0,0.0,0.0,0.0,0.0,0.0,0.0028918817580866878,0.0030283955633782357,7.79842718585226e-09
2.0,11,2,-1079617.7215385237,1263107.608995989,2310580.4599895184,-23517.406503830156,-1.1044515756689719e-05,4.3706169182273732e-06,1.1262988277764795e-05,-1.5474453479520242e-07,0.0,0.0,0.0,0.0,0.0,0.0,0.0,0.0,0.0,0.0,0.0032883352715299061,0.0030283957612826503,8.867450249355777e-09
2.0,11,3,-1455362.2921739998,-440736.10941538366,887273.06018593395,-156255.23248351706,-7.9823398430874676e-06,-1.3060995605357748e-06,7.4322007754408956e-06,-1.0281594297415423e-06,0.0,0.0,0.0,0.0,0.0,0.0,0.0,0.0,0.0,0.0,0.0028918801382454623,0.0044718104841301159,7.798423332972772e-09
2.0,11,4,-1084932.2645559448,1175436.0067967866,2199973.5078714211,-113068.96177135118,-1.0757808355955492e-05,4.1154148695454808e-06,1.0856871626616575e-05,-7.4399376845549074e-07,0.0,0.0,0.0,0.0,0.0,0.0,0.0,0.0,0.0,0.0,0.0032883337328870272,0.0044718102787761806,8.867445283675659e-09
2.0,12,1,-744808.37932057143,2783462.4023917792,3531593.5820570914,-24969.846114766111,-1.3701830352032074e-05,9.5141913916351969e-06,1.4436894553832947e-05,-1.64301587435161e-07,0.0,0.0,0.0,0.0,0.0,0.0,0.0,0.0,0.0,0.0,0.0035785570997556916,0.0030283959427089115,9.649995725322497e-09
2.0,12,2,-211075.33185482258,5252657.8924417961,5505584.5268552722,13262.272908572251,-1.805339968176348e-05,1.7897964934108265e-05,1.9562222188548945e-05,8.7265755738405412e-08,0.0,0.0,0.0,0.0,0.0,0.0,0.0,0.0,0.0,0.0,0.003975003198860288,0.0030283962484765449,1.071891813248351e-08
2.0,12,3,-738788.96133498615,2682679.8048092518,3419238.5938875061,-66563.562174205086,-1.3334975876615809e-05,9.1782886046132769e-06,1.4024845436748192e-05,-4.3798823910626948e-07,0.0,0.0,0.0,0.0,0.0,0.0,0.0,0.0,0.0,0.0,0.003578555646598253,0.0044718102645824251,9.649992220724328e-09
2.0,12,4,-233483.8206842863,5134937.8607077058,5363984.1789841568,-37448.839952246395,-1.7755715926134574e-05,1.7568498737424733e-05,1.9075623511683778e-05,-2.4641336688578129e-07,0.0,0.0,0.0,0.0,0.0,0.0,0.0,0.0,0.0,0.0,0.0039750019108388537,0.0044718104098583024,1.0718917803668791e-08
2.0,13,1,-2981053.2034930168,-4323349.5617731214,-2964492.245264736,-42101.358963398998,-3.3904759623452682e-06,-1.2222785999828357e-05,-3.281504857203182e-06,-2.7702694197916538e-07,0.0,0.0,0.0,0.0,0.0,0.0,0.0,0.0,0.0,0.0,0.00014511576269633244,0.0055284700223468819,3.913384798738896e-10
2.0,13,2,-2908811.0278088199,-4195621.1925113043,-2847004.6003804104,-152613.50062746936,-3.4167063862751886e-06,-1.1883917270017535e-05,-3.0100200937962592e-06,-1.0041968341287484e-06,0.0,0.0,0.0,0.0,0.0,0.0,0.0,0.0,0.0,0.0,0.00054157923812580937,0.0055284696997101347,1.460493449017732e-09
2.0,13,3,-2964233.3563660937,-3126173.0506991935,-2949972.3183211125,-77772.0366038254,-5.2208570987783846e-06,-6.2864202874901823e-06,-5.1270194684424071e-06,-5.1174000085317113e-07,0.0,0.0,0.0,0.0,0.0,0.0,0.0,0.0,0.0,0.0,0.00014511550231918817,0.0069718970079620185,3.9133942464168044e-10
2.0,13,4,-2892257.9790408774,-3043157.212960172,-2839034.8301874474,-287710.56525701878,-5.1674264670311482e-06,-6.1603434262201073e-06,-4.8172181475755785e-06,-1.8931355193911834e-06,0.0,0.0,0.0,0.0,0.0,0.0,0.0,0.0,0.0,0.0,0.00054157828877729377,0.006971896201471213,1.4604968497313542e-09
2.0,14,1,-2835264.6555100768,-4045334.1720089731,-2684081.4775576806,-226819.46539940516,-3.543846551235071e-06,-1.1506103969797809e-05,-2.5490612403083029e-06,-1.492472082328086e-06,0.0,0.0,0.0,0.0,0.0,0.0,0.0,0.0,0.0,0.0,0.00083181046260308962,0.0055284692354976859,2.2431662883137163e-09
2.0,14,2,-2687437.9905015435,-3757978.025462762,-2383010.9806840373,-312870.89968124457,-3.7344273227957756e-06,-1.077858075284059e-05,-1.7312975981965834e-06,-2.0586905199025893e-06,0.0,0.0,0.0,0.0,0.0,0.0,0.0,0.0,0.0,0.0,0.0012282731703450211,0.0055284683491120873,3.312310780344966e-09
2.0,14,3,-2832656.2792541855,-2962766.6413102886,-2697925.8640680853,-428618.61995953374,-5.2193872377730952e-06,-6.0755134201022577e-06,-4.3328611058485562e-06,-2.8203105193337319e-06,0.0,0.0,0.0,0.0,0.0,0.0,0.0,0.0,0.0,0.0,0.00083180902698081556,0.0069718950361780593,2.243171099782641e-09
2.0,14,4,-2673575.7201058096,-2795591.0268753865,-2416494.2932808138,-604985.45010294649,-5.1327837946822508e-06,-5.9356445132260667e-06,-3.4411880061737782e-06,-3.9808042616773877e-06,0.0,0.0,0.0,0.0,0.0,0.0,0.0,0.0,0.0,0.0,0.0012282711497004918,0.0069718927676046096,3.3123171698860513e-09
2.0,15,1,-2547790.2045394438,-3454539.9168524574,-2063613.4313430865,-358315.53879897262,-4.0202687325482606e-06,-9.9866818395678885e-06,-8.3438556491622765e-07,-2.3577162452972402e-06,0.0,0.0,0.0,0.0,0.0,0.0,0.0,0.0,0.0,0.0,0.0015185035770810011,0.0055284675401751446,4.094971851126858e-09
2.0,15,2,-2310800.9933173745,-2900906.5415688287,-1513165.2315100455,-400202.17149067536,-4.579771565122253e-06,-8.4626660726168188e-06,6.6867174756997456e-07,-2.6333302884086439e-06,0.0,0.0,0.0,0.0,0.0,0.0,0.0,0.0,0.0,0.0,0.001914964693483496,0.005528466332242893,5.164094013472403e-09
2.0,15,3,-2555281.1918276702,-2627276.156334511,-2133458.0405829996,-708121.03701579431,-5.2544459280086827e-06,-5.728172794463697e-06,-2.4788495928187524e-06,-4.6594364235639261e-06,0.0,0.0,0.0,0.0,0.0,0.0,0.0,0.0,0.0,0.0,0.0015185011874281271,0.0069718906387285185,4.0949783710979266e-09
2.0,15,4,-2284494.1704864199,-2273037.2898523645,-1609175.0035188869,-803844.78584441158,-5.2885754289055221e-06,-5.2131891543334393e-06,-8.4497531025915393e-07,-5.2892986908562279e-06,0.0,0.0,0.0,0.0,0.0,0.0,0.0,0.0,0.0,0.0,0.0019149619486175762,0.0069718873339091473,5.164100560689291e-09
2.0,16,1,-2108470.2900538216,-2359277.4075814364,-984678.56429918797,-403928.50205502368,-5.2589010146977199e-06,-6.9092118480294281e-06,2.1356485407677683e-06,-2.6578495435220557e-06,0.0,0.0,0.0,0.0,0.0,0.0,0.0,0.0,0.0,0.0,0.0022051935523187921,0.0055284654067754464,5.946732981101538e-09
2.0,16,2,-1776186.1772529641,-1400889.6074232103,-102461.98400416225,-386696.28321517492,-6.5056353718095701e-06,-4.0361839423297923e-06,4.5074698197675435e-06,-2.5444615435558509e-06,0.0,0.0,0.0,0.0,0.0,0.0,0.0,0.0,0.0,0.0,0.0026016518553462643,0.0055284642403194764,7.015816670587885e-09
2.0,16,3,-2121936.2066296572,-1935222.5349067338,-1135315.6104712563,-842942.00789241912,-5.7582307634510621e-06,-4.5296548035142257e-06,7.3373275927121677e-07,-5.5465584119321178e-06,0.0,0.0,0.0,0.0,0.0,0.0,0.0,0.0,0.0,0.0,0.0022051906489794458,0.0069718846626693823,5.946737347678574e-09
2.0,16,4,-1716393.9175177724,-1233196.6896006307,-272037.41277744493,-812460.08602612175,-6.2036997058315023e-06,-3.0242619461367092e-06,3.3001660953598515e-06,-5.345987366051881e-06,0.0,0.0,0.0,0.0,0.0,0.0,0.0,0.0,0.0,0.0,0.0026016489475640375,0.0069718810443006336,7.015819304748022e-09
2.0,17,1,-1506800.9390337116,-498862.43912488245,712419.02848082897,-343208.6601029812,-7.8714241063509526e-06,-1.2391887769508583e-06,6.7310432798947239e-06,-2.2583129834776163e-06,0.0,0.0,0.0,0.0,0.0,0.0,0.0,0.0,0.0,0.0,0.0028918781000040108,0.0055284634971310706,7.798419166235603e-09
2.0,17,2,-1077378.9355634716,1059387.3127392891,2049314.5053248717,-269978.01232439146,-1.029864355035873e-05,3.7612783634734328e-06,1.0274999290686566e-05,-1.7764553210944957e-06,0.0,0.0,0.0,0.0,0.0,0.0,0.0,0.0,0.0,0.0,0.0032883318061196331,0.0055284627963503932,8.867440947065276e-09
2.0,17,3,-1528640.8025960359,-589253.3544160974,468532.70753806247,-765939.06443292683,-7.4524653909128841e-06,-1.2712959818888884e-06,5.6889363057694826e-06,-5.0398790439686585e-06,0.0,0.0,0.0,0.0,0.0,0.0,0.0,0.0,0.0,0.0,0.0028918753187281358,0.0069718784583849662,7.798415936142765e-09
2.0,17,4,-993486.74677870958,706264.53596211097,1807954.2090619677,-565603.19170110975,-8.9398993510315914e-06,2.2444640894030068e-06,9.4935821384000632e-06,-3.7216690013933019e-06,0.0,0.0,0.0,0.0,0.0,0.0,0.0,0.0,0.0,0.0,0.0032883294032088873,0.0069718755099101651,8.86743396438252e-09
2.0,18,1,-718093.49001692794,2499175.3219727767,3270013.5462689968,-181513.94364125846,-1.2705785861906643e-05,8.4638429209856135e-06,1.3535958436854744e-05,-1.1943617491594806e-06,0.0,0.0,0.0,0.0,0.0,0.0,0.0,0.0,0.0,0.0,0.0035785538817889634,0.0055284625368006209,9.649986556475878e-09
2.0,18,2,-186785.2026561778,4917069.2651586421,5235953.3050653003,-44151.511337083779,-1.6975701674234719e-05,1.6607660723986796e-05,1.8705917706572611e-05,-2.9051694459801126e-07,0.0,0.0,0.0,0.0,0.0,0.0,0.0,0.0,0.0,0.0,0.003975000423640223,0.0055284626531738454,1.07189117600672e-08
2.0,18,3,-759746.16983247432,1898449.0996329749,2958416.4022395778,-440800.97604318359,-1.1472578342121004e-05,6.0183465309616514e-06,1.2992931382113097e-05,-2.900470422364148e-06,0.0,0.0,0.0,0.0,0.0,0.0,0.0,0.0,0.0,0.0,0.0035785518753529851,0.0069718738054802259,9.649969106559713e-09
2.0,18,4,-184133.91939791758,4127557.8128273683,4948768.286050912,-96784.629237967034,-1.5261264833217271e-05,1.3109666764825109e-05,1.851323167863603e-05,-6.3684286038582301e-07,0.0,0.0,0.0,0.0,0.0,0.0,0.0,0.0,0.0,0.0,0.0039749989633720137,0.00697187265023551,1.0718884959880446e-08
2.0,19,1,-2630638.1273742039,-1725773.3176022083,-2614996.0356087335,-105637.24058151155,-6.2947750587977316e-06,-3.4076461049800072e-07,-6.1918500949809357e-06,-6.950930430263461e-07,0.0,0.0,0.0,0.0,0.0,0.0,0.0,0.0,0.0,0.0,0.00014511535412642493,0.0080285660573623067,3.913409656535165e-10
2.0,19,2,-2587512.3751286846,-1675322.9123502099,-2529135.1275151568,-360028.90991660906,-6.294518172656143e-06,-2.9231150757378119e-07,-5.910395883359129e-06,-2.3689902272512875e-06,0.0,0.0,0.0,0.0,0.0,0.0,0.0,0.0,0.0,0.0,0.00054157772226870048,0.0080285647230915677,1.460502383850634e-09
2.0,19,3,502976.34496368025,-278625.61014684255,524691.04622469691,-48683.365644510035,2.1260983358153915e-06,-3.0168425288118486e-06,2.2689810701128806e-06,-3.2033654594087597e-07,0.0,0.0,0.0,0.0,0.0,0.0,0.0,0.0,0.0,0.0,0.00014511659178783465,0.0094720041271123857,3.9134660470482083e-10
2.0,19,4,471076.09216048621,-264813.67354026873,552114.21285538212,-173206.41067433672,1.9014456086845521e-06,-2.9407090496264153e-06,2.4346764428569666e-06,-1.1396981822371356e-06,0.0,0.0,0.0,0.0,0.0,0.0,0.0,0.0,0.0,0.0,0.00054158228215748952,0.0094720020753416949,1.4605230007860046e-09
2.0,20,1,-2544072.778666086,-1633281.9969864935,-2407644.6968975849,-559760.78777200659,-6.3356997169935853e-06,-3.426963735418664e-07,-5.4380029389568505e-06,-3.6832259835398032e-06,0.0,0.0,0.0,0.0,0.0,0.0,0.0,0.0,0.0,0.0,0.00083180815080136886,0.0080285627866445806,2.2431793249685674e-09
2.0,20,2,-2466845.9470411153,-1582823.2740656491,-2194976.2065838752,-789590.98167721054,-6.3653065557793279e-06,-5.4843736760076112e-07,-4.5764036635706869e-06,-5.1955086594360448e-06,0.0,0.0,0.0,0.0,0.0,0.0,0.0,0.0,0.0,0.0,0.0012282698302683041,0.0080285589467103263,3.3123277774563968e-09
2.0,20,3,429111.43777365476,-252602.00796894723,617411.70100307232,-258432.17910481003,1.5691578738743562e-06,-2.9165165991119652e-06,2.8081736059239236e-06,-1.7004837385096499e-06,0.0,0.0,0.0,0.0,0.0,0.0,0.0,0.0,0.0,0.0,0.00083181507962321836,0.0094719991008751364,2.243210344035198e-09
2.0,20,4,332451.80019837513,-258905.52879917191,712902.96271294379,-378578.96630255319,9.4494305540811599e-07,-2.9461881693957436e-06,3.4483117047539777e-06,-2.4910495982707995e-06,0.0,0.0,0.0,0.0,0.0,0.0,0.0,0.0,0.0,0.0,0.0012282798119428718,0.0094719931141838652,3.312371642275721e-09
2.0,21,1,-2369469.8528166101,-1502701.7206020211,-1950122.0921962974,-960457.56300729467,-6.3918876398617064e-06,-6.8855332988971193e-07,-3.6325793749800498e-06,-6.319810764587999e-06,0.0,0.0,0.0,0.0,0.0,0.0,0.0,0.0,0.0,0.0,0.0015184995433476785,0.0080285552977570895,4.0949904985463276e-09
2.0,21,2,-2236347.1718622069,-1380213.3121455261,-1547844.3999490784,-1134333.0336357686,-6.5554046742015597e-06,-9.2204387726579899e-07,-2.0250564350131738e-06,-7.4639113613233572e-06,0.0,0.0,0.0,0.0,0.0,0.0,0.0,0.0,0.0,0.0,0.0019149598597093856,0.0080285494280710953,5.164111467128553e-09
2.0,21,3,236560.98106244684,-255746.53519955219,829809.60720363446,-461195.40822995408,2.7578525154578424e-07,-2.9635982054581699e-06,4.1793612115547991e-06,-3.0346657861530975e-06,0.0,0.0,0.0,0.0,0.0,0.0,0.0,0.0,0.0,0.0,0.0015185115930293775,0.0094719873445485402,4.095041990994679e-09
2.0,21,4,94723.354639168479,-250478.71768686571,1035356.2065899719,-569975.29087905679,-7.6648965927106511e-07,-3.0379192951763704e-06,5.4228745065652207e-06,-3.7504374139841936e-06,0.0,0.0,0.0,0.0,0.0,0.0,0.0,0.0,0.0,0.0,0.001914974435451284,0.0094719777463692992,5.164171431227581e-09
2.0,22,1,-2035242.2686630613,-1185993.2634742151,-1107010.1344735033,-1238746.2912427576,-6.5532659745579101e-06,-9.6520752041530306e-07,-4.4549853159062091e-07,-8.150950596377345e-06,0.0,0.0,0.0,0.0,0.0,0.0,0.0,0.0,0.0,0.0,0.0022051882867527408,0.0080285445618633981,5.946748731153602e-09
2.0,22,2,-1823482.7090675915,-887427.12386813271,-427488.46648905892,-1297615.7402649587,-7.0398469125735945e-06,-8.8060116196115577e-07,2.1457952035931496e-06,-8.5383115709434281e-06,0.0,0.0,0.0,0.0,0.0,0.0,0.0,0.0,0.0,0.0,0.0026016463113732679,0.0080285375760410938,7.015823348829761e-09
2.0,22,3,-40014.701802304015,-239302.63899802195,1246365.6521921051,-640977.35914795485,-1.7912330698581711e-06,-3.1025476966059959e-06,6.6731496594250406e-06,-4.2176310231935424e-06,0.0,0.0,0.0,0.0,0.0,0.0,0.0,0.0,0.0,0.0,0.0022052044473964772,0.0094719695061821086,5.946810415366511e-09
2.0,22,4,-181043.12619926454,-187802.92116335128,1634680.7773803633,-706510.79189696035,-3.1912826438192008e-06,-3.2357620946828931e-06,8.7561806417347491e-06,-4.6488410106819985e-06,0.0,0.0,0.0,0.0,0.0,0.0,0.0,0.0,0.0,0.0,0.0026016642789890546,0.0094719569862944473,7.015886430529573e-09
2.0,23,1,-1468763.0441818354,-450817.62838168326,311498.26807924581,-1265532.6269660955,-7.1236906316313255e-06,-4.2560979566632488e-07,4.5904288030465882e-06,-8.3272046854369077e-06,0.0,0.0,0.0,0.0,0.0,0.0,0.0,0.0,0.0,0.0,0.0028918726469961474,0.0080285323639693647,7.79842061401596e-09
2.0,23,2,-1150055.6029729128,248325.91273781296,1420187.3548568839,-1116151.902764708,-8.3865289776641844e-06,8.1482139571239073e-07,8.5256696848558761e-06,-7.344279520191778e-06,0.0,0.0,0.0,0.0,0.0,0.0,0.0,0.0,0.0,0.0,0.0032883269871857501,0.008028525774020738,8.867423814474501e-09
2.0,23,3,-316130.34656527941,-143960.25114452885,2006366.7421662265,-734819.40027784463,-4.5232539886406787e-06,-3.3903747607721397e-06,1.0758776855212628e-05,-4.8351116538282173e-06,0.0,0.0,0.0,0.0,0.0,0.0,0.0,0.0,0.0,0.0,0.0028918916324880903,0.0094719469790379741,7.798475158481185e-09
2.0,23,4,-360435.94336295757,21721.762104644673,2706152.6454973249,-670817.35255005583,-6.1122212808259001e-06,-3.597623578849075e-06,1.4065931633874756e-05,-4.413978179779367e-06,0.0,0.0,0.0,0.0,0.0,0.0,0.0,0.0,0.0,0.0,0.0032883471337036515,0.0094719329407987538,8.867469582151664e-09
2.0,24,1,-672109.36042678868,1138870.0461584514,2578621.8403853318,-824266.42555768893,-9.2341839828731192e-06,2.6820605124577582e-06,1.215562731847063e-05,-5.423673080169593e-06,0.0,0.0,0.0,0.0,0.0,0.0,0.0,0.0,0.0,0.0,0.0035785499249830041,0.0080285215989290455,9.649958893678496e-09
2.0,24,2,-217406.39735195413,2697341.8872154532,4368339.6837843275,-304190.9763271641,-1.2250808868939421e-05,6.928234843514118e-06,1.7923400344937304e-05,-2.0015766242327396e-06,0.0,0.0,0.0,0.0,0.0,0.0,0.0,0.0,0.0,0.0,0.003974998189723758,0.0080285176954198074,1.0718857356654451e-08
2.0,24,3,-385914.78792372765,163726.0565114487,3364208.020682035,-578106.63184288912,-7.5037097815843423e-06,-3.8870730252008818e-06,1.7172098299041576e-05,-3.8039416375262102e-06,0.0,0.0,0.0,0.0,0.0,0.0,0.0,0.0,0.0,0.0,0.0035785707975499927,0.0094719225439158384,9.6499842384908e-09
2.0,24,4,-137881.34828396933,592649.15984613961,4599095.3216672502,-189119.99916289005,-8.8923630222110015e-06,-4.0854722787148853e-06,2.2276943466068022e-05,-1.2444095944918165e-06,0.0,0.0,0.0,0.0,0.0,0.0,0.0,0.0,0.0,0.0,0.0039750204813147364,0.0094719096464540627,1.0718862302928218e-08
2.0,25,1,0.0,0.0,0.0,0.0,0.0,0.0,0.0,0.0,0.0,0.0,0.0,0.0,0.0,0.0,0.0,0.0,0.0,0.0,0.0041813332490731811,0.00042349503027199088,3.757841763057791e-09
2.0,25,2,0.0,0.0,0.0,0.0,0.0,0.0,0.0,0.0,0.0,0.0,0.0,0.0,0.0,0.0,0.0,0.0,0.0,0.0,0.0043461667509268201,0.00042349503027199088,3.905980689165557e-09
2.0,25,3,0.0,0.0,0.0,0.0,0.0,0.0,0.0,0.0,0.0,0.0,0.0,0.0,0.0,0.0,0.0,0.0,0.0,0.0,0.0041813332490731794,0.0015805049697280092,3.757841763057791e-09
2.0,25,4,0.0,0.0,0.0,0.0,0.0,0.0,0.0,0.0,0.0,0.0,0.0,0.0,0.0,0.0,0.0,0.0,0.0,0.0,0.0043461667509268193,0.0015805049697280092,3.9059806891655735e-09
2.0,26,1,0.0,0.0,0.0,0.0,0.0,0.0,0.0,0.0,0.0,0.0,0.0,0.0,0.0,0.0,0.0,0.0,0.0,0.0,0.0044668332490731804,0.00042349503027199088,4.014425909655213e-09
2.0,26,2,0.0,0.0,0.0,0.0,0.0,0.0,0.0,0.0,0.0,0.0,0.0,0.0,0.0,0.0,0.0,0.0,0.0,0.0,0.0046316667509268186,0.00042349503027199088,4.162564835763061e-09
2.0,26,3,0.0,0.0,0.0,0.0,0.0,0.0,0.0,0.0,0.0,0.0,0.0,0.0,0.0,0.0,0.0,0.0,0.0,0.0,0.0044668332490731787,0.0015805049697280092,4.014425909655213e-09
2.0,26,4,0.0,0.0,0.0,0.0,0.0,0.0,0.0,0.0,0.0,0.0,0.0,0.0,0.0,0.0,0.0,0.0,0.0,0.0,0.0046316667509268186,0.0015805049697280092,4.162564835763092e-09
2.0,27,1,0.0,0.0,0.0,0.0,0.0,0.0,0.0,0.0,0.0,0.0,0.0,0.0,0.0,0.0,0.0,0.0,0.0,0.0,0.0041813332490731811,0.0024274950302719906,3.75784176305779e-09
2.0,27,2,0.0,0.0,0.0,0.0,0.0,0.0,0.0,0.0,0.0,0.0,0.0,0.0,0.0,0.0,0.0,0.0,0.0,0.0,0.0043461667509268201,0.0024274950302719911,3.905980689165556e-09
2.0,27,3,0.0,0.0,0.0,0.0,0.0,0.0,0.0,0.0,0.0,0.0,0.0,0.0,0.0,0.0,0.0,0.0,0.0,0.0,0.0041813332490731794,0.0035845049697280093,3.7578417630577884e-09
2.0,27,4,0.0,0.0,0.0,0.0,0.0,0.0,0.0,0.0,0.0,0.0,0.0,0.0,0.0,0.0,0.0,0.0,0.0,0.0,0.0043461667509268193,0.0035845049697280093,3.9059806891655735e-09
2.0,28,1,0.0,0.0,0.0,0.0,0.0,0.0,0.0,0.0,0.0,0.0,0.0,0.0,0.0,0.0,0.0,0.0,0.0,0.0,0.0044668332490731804,0.0024274950302719906,4.0144259096552124e-09
2.0,28,2,0.0,0.0,0.0,0.0,0.0,0.0,0.0,0.0,0.0,0.0,0.0,0.0,0.0,0.0,0.0,0.0,0.0,0.0,0.0046316667509268186,0.0024274950302719911,4.16256483576306e-09
2.0,28,3,0.0,0.0,0.0,0.0,0.0,0.0,0.0,0.0,0.0,0.0,0.0,0.0,0.0,0.0,0.0,0.0,0.0,0.0,0.0044668332490731787,0.0035845049697280093,4.014425909655211e-09
2.0,28,4,0.0,0.0,0.0,0.0,0.0,0.0,0.0,0.0,0.0,0.0,0.0,0.0,0.0,0.0,0.0,0.0,0.0,0.0,0.0046316667509268186,0.0035845049697280093,4.162564835763092e-09
2.0,29,1,0.0,0.0,0.0,0.0,0.0,0.0,0.0,0.0,0.0,0.0,0.0,0.0,0.0,0.0,0.0,0.0,0.0,0.0,0.0041813332490731811,0.0044314950302719903,3.75784176305779e-09
2.0,29,2,0.0,0.0,0.0,0.0,0.0,0.0,0.0,0.0,0.0,0.0,0.0,0.0,0.0,0.0,0.0,0.0,0.0,0.0,0.0043461667509268201,0.0044314950302719912,3.905980689165555e-09
2.0,29,3,0.0,0.0,0.0,0.0,0.0,0.0,0.0,0.0,0.0,0.0,0.0,0.0,0.0,0.0,0.0,0.0,0.0,0.0,0.0041813332490731794,0.0055885049697280082,3.757841763057787e-09
2.0,29,4,0.0,0.0,0.0,0.0,0.0,0.0,0.0,0.0,0.0,0.0,0.0,0.0,0.0,0.0,0.0,0.0,0.0,0.0,0.0043461667509268193,0.0055885049697280082,3.905980689165574e-09
2.0,30,1,0.0,0.0,0.0,0.0,0.0,0.0,0.0,0.0,0.0,0.0,0.0,0.0,0.0,0.0,0.0,0.0,0.0,0.0,0.0044668332490731804,0.0044314950302719903,4.0144259096552124e-09
2.0,30,2,0.0,0.0,0.0,0.0,0.0,0.0,0.0,0.0,0.0,0.0,0.0,0.0,0.0,0.0,0.0,0.0,0.0,0.0,0.0046316667509268186,0.0044314950302719912,4.1625648357630595e-09
2.0,30,3,0.0,0.0,0.0,0.0,0.0,0.0,0.0,0.0,0.0,0.0,0.0,0.0,0.0,0.0,0.0,0.0,0.0,0.0,0.0044668332490731787,0.0055885049697280082,4.014425909655209e-09
2.0,30,4,0.0,0.0,0.0,0.0,0.0,0.0,0.0,0.0,0.0,0.0,0.0,0.0,0.0,0.0,0.0,0.0,0.0,0.0,0.0046316667509268186,0.0055885049697280082,4.162564835763093e-09
2.0,31,1,0.0,0.0,0.0,0.0,0.0,0.0,0.0,0.0,0.0,0.0,0.0,0.0,0.0,0.0,0.0,0.0,0.0,0.0,0.0041813332490731811,0.0064354950302719901,3.757841763057785e-09
2.0,31,2,0.0,0.0,0.0,0.0,0.0,0.0,0.0,0.0,0.0,0.0,0.0,0.0,0.0,0.0,0.0,0.0,0.0,0.0,0.0043461667509268201,0.0064354950302719909,3.905980689165552e-09
2.0,31,3,0.0,0.0,0.0,0.0,0.0,0.0,0.0,0.0,0.0,0.0,0.0,0.0,0.0,0.0,0.0,0.0,0.0,0.0,0.0041813332490731794,0.0075925049697280079,3.757841763057797e-09
2.0,31,4,0.0,0.0,0.0,0.0,0.0,0.0,0.0,0.0,0.0,0.0,0.0,0.0,0.0,0.0,0.0,0.0,0.0,0.0,0.0043461667509268193,0.0075925049697280079,3.905980689165581e-09
2.0,32,1,0.0,0.0,0.0,0.0,0.0,0.0,0.0,0.0,0.0,0.0,0.0,0.0,0.0,0.0,0.0,0.0,0.0,0.0,0.0044668332490731804,0.0064354950302719901,4.0144259096552075e-09
2.0,32,2,0.0,0.0,0.0,0.0,0.0,0.0,0.0,0.0,0.0,0.0,0.0,0.0,0.0,0.0,0.0,0.0,0.0,0.0,0.0046316667509268186,0.0064354950302719909,4.162564835763056e-09
2.0,32,3,0.0,0.0,0.0,0.0,0.0,0.0,0.0,0.0,0.0,0.0,0.0,0.0,0.0,0.0,0.0,0.0,0.0,0.0,0.0044668332490731787,0.0075925049697280079,4.01442590965522e-09
2.0,32,4,0.0,0.0,0.0,0.0,0.0,0.0,0.0,0.0,0.0,0.0,0.0,0.0,0.0,0.0,0.0,0.0,0.0,0.0,0.0046316667509268186,0.0075925049697280079,4.1625648357631e-09
2.0,33,1,0.0,0.0,0.0,0.0,0.0,0.0,0.0,0.0,0.0,0.0,0.0,0.0,0.0,0.0,0.0,0.0,0.0,0.0,0.0041813332490731811,0.0084394950302719915,3.757841763057785e-09
2.0,33,2,0.0,0.0,0.0,0.0,0.0,0.0,0.0,0.0,0.0,0.0,0.0,0.0,0.0,0.0,0.0,0.0,0.0,0.0,0.0043461667509268201,0.0084394950302719915,3.9059806891655544e-09
2.0,33,3,0.0,0.0,0.0,0.0,0.0,0.0,0.0,0.0,0.0,0.0,0.0,0.0,0.0,0.0,0.0,0.0,0.0,0.0,0.0041813332490731794,0.0095965049697280085,3.757841763057793e-09
2.0,33,4,0.0,0.0,0.0,0.0,0.0,0.0,0.0,0.0,0.0,0.0,0.0,0.0,0.0,0.0,0.0,0.0,0.0,0.0,0.0043461667509268193,0.0095965049697280085,3.9059806891655784e-09
2.0,34,1,0.0,0.0,0.0,0.0,0.0,0.0,0.0,0.0,0.0,0.0,0.0,0.0,0.0,0.0,0.0,0.0,0.0,0.0,0.0044668332490731804,0.0084394950302719915,4.0144259096552075e-09
2.0,34,2,0.0,0.0,0.0,0.0,0.0,0.0,0.0,0.0,0.0,0.0,0.0,0.0,0.0,0.0,0.0,0.0,0.0,0.0,0.0046316667509268186,0.0084394950302719915,4.162564835763058e-09
2.0,34,3,0.0,0.0,0.0,0.0,0.0,0.0,0.0,0.0,0.0,0.0,0.0,0.0,0.0,0.0,0.0,0.0,0.0,0.0,0.0044668332490731787,0.0095965049697280085,4.014425909655216e-09
2.0,34,4,0.0,0.0,0.0,0.0,0.0,0.0,0.0,0.0,0.0,0.0,0.0,0.0,0.0,0.0,0.0,0.0,0.0,0.0,0.0046316667509268186,0.0095965049697280085,4.1625648357630976e-09
3.0,1,1,-5435422.5363298142,-10904517.567512535,-5390142.436586583,-109.60536997518827,-1.4315498751724635e-06,-3.7418195180354768e-05,-1.1336068188620004e-06,-7.2120333443673872e-10,0.0,0.0,0.0,0.0,0.0,0.0,0.0,0.0,0.0,0.0,0.00014512288069774585,0.00052834078135839072,3.9138529287101547e-10
3.0,1,2,-5308001.1765507655,-10527365.329442976,-5139013.3376796944,-5254.5402362657305,-1.7871275887000129e-06,-3.6130543714730745e-05,-6.7518760892835981e-07,-3.4574874754628505e-08,0.0,0.0,0.0,0.0,0.0,0.0,0.0,0.0,0.0,0.0,0.0005416055232399619,0.0005283407934165759,1.4606662536508137e-09
3.0,1,3,-5524508.3376775635,-10823524.800467696,-5479147.4882196896,-7454.5914449652919,-1.8643194722617459e-06,-3.673184779742082e-05,-1.5658450828289354e-06,-4.9051211707871619e-08,0.0,0.0,0.0,0.0,0.0,0.0,0.0,0.0,0.0,0.0,0.00014512279371543327,0.0019717951516334212,3.913850267070077e-10
3.0,1,4,-5395694.8695754474,-10450838.9430381,-5226405.6704526991,-24392.206902449929,-2.2084278585617742e-06,-3.5471275861946032e-05,-1.0945049283340871e-06,-1.6050072141812051e-07,0.0,0.0,0.0,0.0,0.0,0.0,0.0,0.0,0.0,0.0,0.00054160519783160496,0.001971795155767655,1.4606651934069505e-09
3.0,2,1,-5197639.1812900957,-10056254.966745114,-4779589.4747854006,-4982.6487301818779,-2.5475616888322657e-06,-3.4517253557126286e-05,2.0320537996862807e-07,-3.2785828644596756e-08,0.0,0.0,0.0,0.0,0.0,0.0,0.0,0.0,0.0,0.0,0.00083185045605015302,0.00052834081139601621,2.2434281195353063e-09
3.0,2,2,-4948679.2203312265,-9142143.1629550681,-4114617.2328923666,-8803.012173328847,-3.7977146762171839e-06,-3.139070741868206e-05,1.6904132011305115e-06,-5.7923820100503813e-08,0.0,0.0,0.0,0.0,0.0,0.0,0.0,0.0,0.0,0.0,0.0012283309867940266,0.00052834085194929071,3.3126873844080823e-09
3.0,2,3,-5277595.0806732681,-9983829.0520838723,-4861407.4653185261,-38201.871665730541,-2.9325017058705513e-06,-3.3899521237752323e-05,-1.9398719683635006e-07,-2.5136831556050694e-07,0.0,0.0,0.0,0.0,0.0,0.0,0.0,0.0,0.0,0.0,0.00083184995834305331,0.0019717951625784899,2.243426397115649e-09
3.0,2,4,-5026733.5263318196,-9085135.8098798543,-4192447.6953938631,-51433.84620420733,-4.1550856933266268e-06,-3.0859372719072691e-05,1.3345150742451313e-06,-3.3843470802368423e-07,0.0,0.0,0.0,0.0,0.0,0.0,0.0,0.0,0.0,0.0,0.001228330254415586,0.00197179519007933,3.312684393196421e-09
3.0,3,1,-4728330.1115682526,-8228655.7433625758,-3426193.6074094884,-7129.2839498502872,-5.2269885836214053e-06,-2.8259131240828042e-05,3.3410696137432662e-06,-4.6910688390014887e-08,0.0,0.0,0.0,0.0,0.0,0.0,0.0,0.0,0.0,0.0,0.0015185736883283731,0.00052834089605539045,4.095425109946679e-09
3.0,3,2,-4327907.0340857934,-6641626.9079474257,-2248588.9038400101,-11196.968166917301,-7.592994187804817e-06,-2.2817270957814354e-05,6.0889191092124325e-06,-7.3676050538315829e-08,0.0,0.0,0.0,0.0,0.0,0.0,0.0,0.0,0.0,0.0,0.0019150500548017894,0.00052834098275506805,5.164638939169827e-09
3.0,3,3,-4793742.2332432084,-8180121.7903852519,-3493323.8187442692,-58169.369119964715,-5.5246671037913969e-06,-2.7807044589786053e-05,3.0320860636116248e-06,-3.8275444880936783e-07,0.0,0.0,0.0,0.0,0.0,0.0,0.0,0.0,0.0,0.0,0.0015185727853709687,0.0019717952319089137,4.095420967623071e-09
3.0,3,4,-4387590.5627762619,-6613565.1745539028,-2303883.8334999727,-62710.230330634775,-7.848383381156191e-06,-2.2495296326653056e-05,5.8624068974817956e-06,-4.126333155755768e-07,0.0,0.0,0.0,0.0,0.0,0.0,0.0,0.0,0.0,0.0,0.0019150489122102749,0.0019717953438905867,5.164632378509999e-09
3.0,4,1,-3983715.3554580188,-5179418.2569204848,-1144789.9446673766,-6326.7475710208892,-9.9263278187812719e-06,-1.7794052910404302e-05,8.7538013842211534e-06,-4.1629999017317449e-08,0.0,0.0,0.0,0.0,0.0,0.0,0.0,0.0,0.0,0.0,0.0022052888455670137,0.00052834107173801363,5.947332727016698e-09
3.0,4,2,-3406069.9542525625,-2766886.0998060117,659824.47750320006,-8735.5128258552759,-1.370119240802437e-05,-9.4953626457660622e-06,1.3052392952928544e-05,-5.7479674394127717e-08,0.0,0.0,0.0,0.0,0.0,0.0,0.0,0.0,0.0,0.0,0.0026017584813698932,0.00052834123705406343,7.016470608928455e-09
3.0,4,3,-4031588.6534087127,-5162663.9853798375,-1182093.2337356191,-59877.576018527769,-1.013322686084114e-05,-1.7575702545211141e-05,8.6164530006078115e-06,-3.9399445020191269e-07,0.0,0.0,0.0,0.0,0.0,0.0,0.0,0.0,0.0,0.0,0.0022052875168189828,0.0019717954801031241,5.947323678536754e-09
3.0,4,4,-3438953.712883506,-2766302.7949265717,653189.79823759664,-59641.816919750287,-1.3856050029648953e-05,-9.4300069894923211e-06,1.3070254273527908e-05,-3.9244315533195687e-07,0.0,0.0,0.0,0.0,0.0,0.0,0.0,0.0,0.0,0.0,0.0026017568617504134,0.0019717957735128459,7.016456626843827e-09
3.0,5,1,-2916165.1813675626,-620588.11489780853,2285001.6012152554,-3637.4872636124683,-1.7210599215219378e-05,-2.1057021178483962e-06,1.7013078214175562e-05,-2.3934666194570041e-08,0.0,0.0,0.0,0.0,0.0,0.0,0.0,0.0,0.0,0.0,0.0028919912780067019,0.00052834140318259754,7.799094830734574e-09
3.0,5,2,-2130106.4182797698,2829962.4975393279,4880408.622132129,-24877.448009427171,-2.283291846047975e-05,9.8043350056099121e-06,2.3296270505430544e-05,-1.6369360790203078e-07,0.0,0.0,0.0,0.0,0.0,0.0,0.0,0.0,0.0,0.0,0.003288450969978323,0.00052834170219914116,8.86811648954419e-09
3.0,5,3,-2952228.6639355212,-632992.65556630585,2307900.837243231,-40977.161287354029,-1.7407498246727145e-05,-2.1469253116577115e-06,1.720415387102904e-05,-2.696297212707895e-07,0.0,0.0,0.0,0.0,0.0,0.0,0.0,0.0,0.0,0.0,0.0028919893978663503,0.0019717960904442502,7.799074782148881e-09
3.0,5,4,-2132226.2565815076,2824072.8562134891,4977439.3939933516,-27640.306347028007,-2.298752063823435e-05,9.624927523956733e-06,2.3794079342548227e-05,-1.8187321576344428e-07,0.0,0.0,0.0,0.0,0.0,0.0,0.0,0.0,0.0,0.0,0.0032884486126269876,0.0019717967019482014,8.868085626768709e-09
3.0,6,1,-1468133.5548473611,5847464.0885848096,7167250.9631631374,2572.0891868405251,-2.7903917555998561e-05,2.023271493778512e-05,2.8916912572510518e-05,1.6924346849410656e-08,0.0,0.0,0.0,0.0,0.0,0.0,0.0,0.0,0.0,0.0,0.0035786751331650544,0.00052834203084169249,9.650637522796676e-09
3.0,6,2,-423999.2658365611,10636846.195590366,10773767.972542429,-22472.912237007378,-3.5948766714832616e-05,3.6831596421356557e-05,3.7732541713701129e-05,-1.4787176251950855e-07,0.0,0.0,0.0,0.0,0.0,0.0,0.0,0.0,0.0,0.0,0.0039751208001536451,0.00052834263923338585,1.0719491094702788e-08
3.0,6,3,-1488252.9121976271,5819027.3395427922,7325277.5884447563,-518.92886886149654,-2.8209266347208463e-05,1.9872637709243497e-05,2.9783764347018417e-05,-3.4145519571086477e-09,0.0,0.0,0.0,0.0,0.0,0.0,0.0,0.0,0.0,0.0,0.0035786723072527352,0.0019717973147280517,9.650591507796692e-09
3.0,6,4,-418509.50721833389,10588481.851628479,11068069.215870278,-20922.152258264116,-3.6309898222739698e-05,3.6116104918472311e-05,3.9271789775183359e-05,-1.3766776185937786e-07,0.0,0.0,0.0,0.0,0.0,0.0,0.0,0.0,0.0,0.0,0.0039751170201682406,0.0019717984129738846,1.0719415974348512e-08
3.0,7,1,-5682617.1632264042,-10691363.698618324,-5638228.8611215157,-14806.882241407868,-2.6123295717430734e-06,-3.5569881774621904e-05,-2.3202545438929078e-06,-9.7429285148463759e-08,0.0,0.0,0.0,0.0,0.0,0.0,0.0,0.0,0.0,0.0,0.00014512266816676164,0.0030284776135608257,3.913847634665718e-10
3.0,7,2,-5546135.0152273616,-10326440.530247988,-5380475.4163155351,-56179.388756560147,-2.913747880566442e-06,-3.4368158169402164e-05,-1.8237077197266193e-06,-3.6966037801816577e-07,0.0,0.0,0.0,0.0,0.0,0.0,0.0,0.0,0.0,0.0,0.00054160473874705409,0.0030284775674054775,1.4606641903560558e-09
3.0,7,3,-5965505.8155040499,-10108695.439903468,-5923855.2963688066,-52801.513077646843,-4.4960989142100575e-06,-3.1758286642758225e-05,-4.2220384983001521e-06,-3.4743395605091619e-07,0.0,0.0,0.0,0.0,0.0,0.0,0.0,0.0,0.0,0.0,0.00014512237253469187,0.0044719365292713959,3.913846147529234e-10
3.0,7,4,-5813533.1439720914,-9769320.3759766128,-5658091.0728394538,-154889.2896614146,-4.6923556307310694e-06,-3.072143561732082e-05,-3.6695468026783179e-06,-1.019171525972108e-06,0.0,0.0,0.0,0.0,0.0,0.0,0.0,0.0,0.0,0.0,0.00054160366209017098,0.0044719362253326043,1.4606636003683225e-09
3.0,8,1,-5427465.5954919429,-9875548.5281281564,-5016385.6829978405,-79870.333232934747,-3.6080719238806391e-06,-3.2876457620626927e-05,-9.0316609966944237e-07,-5.255467926727106e-07,0.0,0.0,0.0,0.0,0.0,0.0,0.0,0.0,0.0,0.0,0.00083184926149243942,0.0030284775041184799,2.243424720636114e-09
3.0,8,2,-5156988.7560658092,-8995365.8958825003,-4337948.5962310024,-107249.42062842583,-4.7183068827897078e-06,-2.9974828462783542e-05,6.7097736892331766e-07,-7.0570118773504189e-07,0.0,0.0,0.0,0.0,0.0,0.0,0.0,0.0,0.0,0.0,0.0012283292570874258,0.0030284774086564948,3.3126817847338436e-09
3.0,8,3,-5681324.7311294209,-9361987.379631795,-5293787.0729414197,-244590.36674162079,-5.250500020581425e-06,-2.9469260247727047e-05,-2.7005022297043775e-06,-1.6094046131598647e-06,0.0,0.0,0.0,0.0,0.0,0.0,0.0,0.0,0.0,0.0,0.00083184764157156837,0.0044719357979824022,2.2434236377724214e-09
3.0,8,4,-5381757.2500558319,-8569567.5819707345,-4612346.7501200186,-318869.76995233982,-6.0813616055757659e-06,-2.7057153589575833e-05,-1.0186405159981161e-06,-2.098163086286396e-06,0.0,0.0,0.0,0.0,0.0,0.0,0.0,0.0,0.0,0.0,0.0012283269788881796,0.0044719350060108461,3.312679696782012e-09
3.0,9,1,-4925234.1058324324,-8116485.8859713748,-3639147.6567245601,-119496.40922951903,-6.0522695317025852e-06,-2.7050706245016821e-05,2.4101793034272123e-06,-7.8628637273023526e-07,0.0,0.0,0.0,0.0,0.0,0.0,0.0,0.0,0.0,0.0,0.001518571583252189,0.0030284773363840728,4.0954172723910135e-09
3.0,9,2,-4493171.8250789912,-6573088.9581282167,-2435098.3125412511,-124886.38128266767,-8.2329232377371947e-06,-2.1918777973201098e-05,5.3092004747611317e-06,-8.2175238883995322e-07,0.0,0.0,0.0,0.0,0.0,0.0,0.0,0.0,0.0,0.0,0.0019150474543868977,0.0030284772899694659,5.164627289554328e-09
3.0,9,3,-5104546.6085144347,-7761561.5278415317,-3900880.113892111,-377729.08511952934,-7.0960752486330162e-06,-2.4579233417805317e-05,8.2405028598187154e-07,-2.485457380086503e-06,0.0,0.0,0.0,0.0,0.0,0.0,0.0,0.0,0.0,0.0,0.0015185689042745195,0.0044719342944123516,4.095414436278684e-09
3.0,9,4,-4647497.7236227784,-6357021.4733006591,-2699513.6914547319,-399543.88271632185,-8.9281630578003721e-06,-2.0176829330680832e-05,3.889571873865372e-06,-2.6289987482733975e-06,0.0,0.0,0.0,0.0,0.0,0.0,0.0,0.0,0.0,0.0,0.0019150443560757599,0.0044719332623684776,5.16462229190829e-09
3.0,10,1,-4138949.5120288702,-5150513.4442674024,-1310611.2218113407,-123506.13889895828,-1.0486170587739936e-05,-1.7142261261869479e-05,8.1242953618914072e-06,-8.1267039395514541e-07,0.0,0.0,0.0,0.0,0.0,0.0,0.0,0.0,0.0,0.0,0.0022052858874396647,0.0030284772948484234,5.9473168287607865e-09
3.0,10,2,-3524975.0291184937,-2778308.9159453432,542237.76212610025,-99255.964907398433,-1.4091882722558068e-05,-9.1788196978787322e-06,1.2670377443831365e-05,-6.5310424909068165e-07,0.0,0.0,0.0,0.0,0.0,0.0,0.0,0.0,0.0,0.0,0.002601755004513638,0.0030284774208905736,7.016447320145044e-09
3.0,10,3,-4211339.3521445589,-5009328.792818361,-1545262.717587187,-408986.39811536204,-1.0700442174282026e-05,-1.5951212693915649e-05,6.8423420811054787e-06,-2.691130499599082e-06,0.0,0.0,0.0,0.0,0.0,0.0,0.0,0.0,0.0,0.0,0.0022052825999040798,0.0044719325035503426,5.947311288376981e-09
3.0,10,4,-3597963.3153132983,-2796306.6684104921,295305.43202289706,-372828.87415144069,-1.4038234623074089e-05,-8.7633338864536301e-06,1.1579473734398076e-05,-2.4532139919164796e-06,0.0,0.0,0.0,0.0,0.0,0.0,0.0,0.0,0.0,0.0,0.0026017516006520878,0.0044719315947042617,7.016438381586318e-09
3.0,11,1,-3021795.3705415414,-662813.66094259871,2213536.9517681133,-93422.518574622634,-1.755911965221202e-05,-2.0370200030509786e-06,1.688936702858551e-05,-6.1472017222101687e-07,0.0,0.0,0.0,0.0,0.0,0.0,0.0,0.0,0.0,0.0,0.0028919873871757276,0.0030284775888183586,7.799063099693938e-09
3.0,11,2,-2203120.6429616259,2756968.6168663413,4896689.1589374142,-53554.111726794035,-2.3108382500578062e-05,9.529004829089961e-06,2.3608365995917619e-05,-3.5238605516230473e-07,0.0,0.0,0.0,0.0,0.0,0.0,0.0,0.0,0.0,0.0,0.0032884463743927421,0.0030284779804202249,8.868068890361381e-09
3.0,11,3,-3000969.717698833,-730823.46520045795,2004969.0756978239,-325333.49135575315,-1.701799865308e-05,-2.0804363116406946e-06,1.5921078607469996e-05,-2.1406943731208558e-06,0.0,0.0,0.0,0.0,0.0,0.0,0.0,0.0,0.0,0.0,0.0028919840134682046,0.0044719310742207963,7.799054790324053e-09
3.0,11,4,-2216282.6275589471,2575953.4824990444,4667143.7685587434,-235892.07176590461,-2.2525506794466038e-05,9.0074068097155446e-06,2.2767438891988359e-05,-1.5521698322196521e-06,0.0,0.0,0.0,0.0,0.0,0.0,0.0,0.0,0.0,0.0,0.003288443156935909,0.0044719306454941727,8.868058318681979e-09
3.0,12,1,-1508491.0320966863,5778892.224902356,7293028.5019313488,-53825.151898430748,-2.819608990888069e-05,1.9754891922173015e-05,2.971790862502379e-05,-3.5416949949167429e-07,0.0,0.0,0.0,0.0,0.0,0.0,0.0,0.0,0.0,0.0,0.0035786698982173386,0.0030284783459953342,9.650572280437805e-09
3.0,12,2,-423485.69154210296,10586949.494168095,11090311.137278322,25171.484569687651,-3.636750025539585e-05,3.6081163266577248e-05,3.9393282878242539e-05,1.6562836846854474e-07,0.0,0.0,0.0,0.0,0.0,0.0,0.0,0.0,0.0,0.0,0.0039751143233864566,0.0030284789743477715,1.0719390561026583e-08
3.0,12,3,-1495891.8241620497,5568326.8433124516,7060870.8810342308,-140999.02849989384,-2.7433591525278005e-05,1.9048967306704213e-05,2.8869907074913517e-05,-9.2777360752930137e-07,0.0,0.0,0.0,0.0,0.0,0.0,0.0,0.0,0.0,0.0,0.0035786668538602827,0.0044719306164495345,9.650564564715604e-09
3.0,12,4,-471119.33305777423,10333196.047048209,10797798.212373607,-78354.140078131721,-3.5742567595175339e-05,3.5349827605922029e-05,3.8406909853763144e-05,-5.1557024171410672e-07,0.0,0.0,0.0,0.0,0.0,0.0,0.0,0.0,0.0,0.0,0.0039751116139264105,0.0044719309215502613,1.071938864789055e-08
3.0,13,1,-6306761.2628725888,-9226865.9523117803,-6268102.7192639085,-87074.290123955216,-7.0517558132733533e-06,-2.6266044669783235e-05,-6.79738259632824e-06,-5.7294882901562526e-07,0.0,0.0,0.0,0.0,0.0,0.0,0.0,0.0,0.0,0.0,0.00014512199810942021,0.0055286257898339384,3.913847505891837e-10
3.0,13,2,-6145126.8773498721,-8926576.4407895021,-6000850.783975482,-316364.12390181358,-7.1402993716206901e-06,-2.5442237499053452e-05,-6.1909626772171951e-06,-2.0816759352739334e-06,0.0,0.0,0.0,0.0,0.0,0.0,0.0,0.0,0.0,0.0,0.00054160229384813763,0.0055286251202259062,1.4606640316134461e-09
3.0,13,3,-6270837.5791411903,-6745281.7756020948,-6237615.5125215203,-162675.45734138202,-1.0841210180470643e-05,-1.3963052993183394e-05,-1.0622608982113204e-05,-1.0704045093062936e-06,0.0,0.0,0.0,0.0,0.0,0.0,0.0,0.0,0.0,0.0,0.00014512146075285,0.0069721042477625351,3.913867292764203e-10
3.0,13,4,-6102625.930540951,-6535597.6541260798,-5978638.2485336969,-596450.857981949,-1.0740636926502309e-05,-1.3589590867692452e-05,-9.9247979788945747e-06,-3.9246466455212245e-06,0.0,0.0,0.0,0.0,0.0,0.0,0.0,0.0,0.0,0.0,0.00054160034133948277,0.0069721025683311989,1.4606711958679163e-09
3.0,14,1,-5983933.3873135401,-8574980.4782100804,-5633330.1756418776,-469830.95728335663,-7.4705361034816078e-06,-2.4519625961580841e-05,-5.1635669706820659e-06,-3.0914876989244865e-06,0.0,0.0,0.0,0.0,0.0,0.0,0.0,0.0,0.0,0.0,0.00083184558848776557,0.0055286241566321701,2.2434242018056457e-09
3.0,14,2,-5656860.9676697934,-7903328.0877480181,-4954866.1840882283,-648280.08518558007,-7.9683578888476965e-06,-2.2750111538962417e-05,-3.3492322128809969e-06,-4.2656829605211164e-06,0.0,0.0,0.0,0.0,0.0,0.0,0.0,0.0,0.0,0.0,0.0012283241095676735,0.005528622318464088,3.312679939754847e-09
3.0,14,3,-5980184.3447123626,-6336173.6370771602,-5661816.7017807206,-889367.73357028037,-1.0944096988166363e-05,-1.3286506531926728e-05,-8.8492378976761555e-06,-5.8520396868924443e-06,0.0,0.0,0.0,0.0,0.0,0.0,0.0,0.0,0.0,0.0,0.00083184263594104934,0.0069721001443478819,2.2434342584330283e-09
3.0,14,4,-5616455.4900055714,-5912476.8838543221,-5018451.5068560801,-1251355.4782637651,-1.0811410592705425e-05,-1.2759231364230198e-05,-6.8765443835817667e-06,-8.2339190469755743e-06,0.0,0.0,0.0,0.0,0.0,0.0,0.0,0.0,0.0,0.0,0.0012283199616671451,0.0069720954310856448,3.3126934283559316e-09
3.0,15,1,-5350767.5022148024,-7212038.071521108,-4248445.1869284911,-742822.00275523891,-8.646273962723643e-06,-2.0893434308759134e-05,-1.3929931281397178e-06,-4.8877687781294716e-06,0.0,0.0,0.0,0.0,0.0,0.0,0.0,0.0,0.0,0.0,0.0015185655289145354,0.0055286206404037194,4.095414032908867e-09
3.0,15,2,-4833518.8275946928,-5969038.6260032691,-3040107.8802978015,-829725.71875505161,-9.9331426580177718e-06,-1.7404862931546204e-05,1.867501375195773e-06,-5.4595952294082391e-06,0.0,0.0,0.0,0.0,0.0,0.0,0.0,0.0,0.0,0.0,0.001915040471830152,0.0055286181357882599,5.164620878260982e-09
3.0,15,3,-5369475.9313310059,-5510099.0501464764,-4394273.095221105,-1463834.580321773,-1.1198471666974253e-05,-1.2123771788780043e-05,-4.7816370053711016e-06,-9.6320315385172662e-06,0.0,0.0,0.0,0.0,0.0,0.0,0.0,0.0,0.0,0.0,0.0015185606297941172,0.006972091012431833,4.095427614497618e-09
3.0,15,4,-4767399.9211242031,-4673943.9432057356,-3232803.5691041443,-1656230.677955552,-1.1344338536171401e-05,-1.0729398201467885e-05,-1.2466945398794235e-06,-1.0897997860947532e-05,0.0,0.0,0.0,0.0,0.0,0.0,0.0,0.0,0.0,0.0,0.0019150348551860239,0.006972084163304729,5.1646347913212786e-09
3.0,16,1,-4389880.3756620288,-4784716.8225125968,-1904378.1549085095,-838221.10231254622,-1.1380631813984794e-05,-1.3978655634261534e-05,4.9739727985733608e-06,-5.515494853216554e-06,0.0,0.0,0.0,0.0,0.0,0.0,0.0,0.0,0.0,0.0,0.0022052784649614441,0.0055286162163522539,5.9473077440739845e-09
3.0,16,2,-3677362.1590223894,-2732771.2661488513,-36275.719217493664,-802242.34357208991,-1.4011716558233121e-05,-7.7963084831252404e-06,9.9466322156830925e-06,-5.2787546207043514e-06,0.0,0.0,0.0,0.0,0.0,0.0,0.0,0.0,0.0,0.0,0.0026017473333647631,0.0055286137973161757,7.0164337419279405e-09
3.0,16,3,-4426950.5962822428,-3918198.3691568635,-2218609.8534695772,-1734950.0432201133,-1.2438595989661437e-05,-9.0910063351764425e-06,2.092286098045902e-06,-1.1415971284388345e-05,0.0,0.0,0.0,0.0,0.0,0.0,0.0,0.0,0.0,0.0,0.0022052725304474289,0.0069720786368209957,5.947316783384818e-09
3.0,16,4,-3556854.209416314,-2385432.285976815,-385099.45970111154,-1670555.9452081765,-1.3406830888910445e-05,-5.6988746326785404e-06,7.4633153642155847e-06,-1.0992258119469801e-05,0.0,0.0,0.0,0.0,0.0,0.0,0.0,0.0,0.0,0.0,0.0026017413859807056,0.006972071155630661,7.01643943357661e-09
3.0,17,1,-3096344.1562146815,-851234.76934041199,1646154.0486424626,-711253.93721535674,-1.6737693242370646e-05,-1.9648734767379533e-06,1.4467944945589359e-05,-4.6800509068770474e-06,0.0,0.0,0.0,0.0,0.0,0.0,0.0,0.0,0.0,0.0,0.0028919797885149224,0.005528612256448082,7.799046362486905e-09
3.0,17,2,-2193660.8962430307,2332724.7405820214,4357237.1092262156,-555607.95621697092,-2.1538444203912168e-05,8.2451732863966758e-06,2.1566464672075469e-05,-3.6559003519076688e-06,0.0,0.0,0.0,0.0,0.0,0.0,0.0,0.0,0.0,0.0,0.0032884391800071374,0.0055286108028860265,8.868049438919281e-09
3.0,17,3,-3154767.4538296564,-1037562.8075134822,1139702.4149890551,-1572192.600141881,-1.5935217848959686e-05,-2.0040112761992599e-06,1.2322393887867433e-05,-1.0345027308933577e-05,0.0,0.0,0.0,0.0,0.0,0.0,0.0,0.0,0.0,0.0,0.0028919740955426834,0.0069720658224814228,7.799039724095566e-09
3.0,17,4,-2047175.856214541,1601126.4058093149,3848829.4320524009,-1171315.3661836251,-1.8846809504894217e-05,5.1590193792227571e-06,1.994890529190226e-05,-7.7072551094882531e-06,0.0,0.0,0.0,0.0,0.0,0.0,0.0,0.0,0.0,0.0,0.0032884342374861165,0.0069720597352473362,8.868034643468727e-09
3.0,18,1,-1453520.258949562,5184180.843327879,6751391.4480343536,-372402.2443398952,-2.6125805515100136e-05,1.755026773788542e-05,2.7862513516854028e-05,-2.4504067677565105e-06,0.0,0.0,0.0,0.0,0.0,0.0,0.0,0.0,0.0,0.0,0.0035786632179712996,0.005528610263386192,9.650552751492266e-09
3.0,18,2,-370979.30356726423,9887099.0375060178,10536269.095818698,-88338.803143865007,-3.4123818168489377e-05,3.3374337315772823e-05,3.7645876299470266e-05,-5.8126932468663175e-07,0.0,0.0,0.0,0.0,0.0,0.0,0.0,0.0,0.0,0.0,0.0039751085547424393,0.0055286104981835263,1.0719376391049427e-08
3.0,18,3,-1542320.9713754626,3951364.5216731895,6106449.2795749884,-908964.41929510236,-2.3602950662849432e-05,1.2545499881410695e-05,2.6725957588404532e-05,-5.9809858789617735e-06,0.0,0.0,0.0,0.0,0.0,0.0,0.0,0.0,0.0,0.0,0.0035786590762123369,0.0069720562196397742,9.650517229345958e-09
3.0,18,4,-375191.77983025368,8255304.8376182932,9933219.296521239,-205716.50342171476,-3.0613827031091722e-05,2.6174840711719703e-05,3.7215517851301088e-05,-1.353614592514883e-06,0.0,0.0,0.0,0.0,0.0,0.0,0.0,0.0,0.0,0.0,0.003975105539671891,0.0069720538408051614,1.0719321676788167e-08
3.0,19,1,-5627895.8133153953,-3780640.1015225714,-5591863.3496457962,-227247.66160741422,-1.3330923613730957e-05,-1.1759810301341745e-06,-1.3093830002784992e-05,-1.4952896133767855e-06,0.0,0.0,0.0,0.0,0.0,0.0,0.0,0.0,0.0,0.0,0.0001451211171476134,0.0080288188760410054,3.913899138733756e-10
3.0,19,2,-5526109.3859453145,-3653767.681238913,-5391632.9072791692,-773079.50029288582,-1.3338813999868002e-05,-1.0188055828998819e-06,-1.2453958770244765e-05,-5.0868631119271886e-06,0.0,0.0,0.0,0.0,0.0,0.0,0.0,0.0,0.0,0.0,0.0005415990316258066,0.0080288160656586029,1.460682554432942e-09
3.0,19,3,968454.64897019765,-632850.38226144749,1017599.5977648862,-109814.14241934856,4.2343694843555551e-06,-6.3022176211486694e-06,4.5577432474246052e-06,-7.2257705711931345e-07,0.0,0.0,0.0,0.0,0.0,0.0,0.0,0.0,0.0,0.0,0.00014512370205941227,0.0094723213252651574,3.9140187952423504e-10
3.0,19,4,903900.27567919367,-594681.15105485148,1087302.3959229726,-384604.57953781402,3.7411598115043368e-06,-6.1195059764056798e-06,4.9479457627084019e-06,-2.5306981333588159e-06,0.0,0.0,0.0,0.0,0.0,0.0,0.0,0.0,0.0,0.0,0.00054160855096166492,0.0094723169114649258,1.4607262354255e-09
3.0,20,1,-5405079.3207432432,-3535464.1551777758,-5100928.3559271526,-1198722.0296678529,-1.3379896436170427e-05,-1.0778286467496513e-06,-1.1378583087680556e-05,-7.8875909552144721e-06,0.0,0.0,0.0,0.0,0.0,0.0,0.0,0.0,0.0,0.0,0.00083184063227542096,0.0080288119907846699,2.243451320796964e-09
3.0,20,2,-5221914.95097588,-3387372.2874018182,-4606372.590302947,-1683261.4338856204,-1.3479457848105868e-05,-1.4081671217885445e-06,-9.4291891148779738e-06,-1.1075860234967382e-05,0.0,0.0,0.0,0.0,0.0,0.0,0.0,0.0,0.0,0.0,0.0012283169978434207,0.0080288039302862726,3.3127151251514495e-09
3.0,20,3,811056.76224346797,-565358.53348926501,1236885.8517886263,-572990.33964572754,2.9942706483043488e-06,-6.0625419976170336e-06,5.7962260575114906e-06,-3.7702764348688872e-06,0.0,0.0,0.0,0.0,0.0,0.0,0.0,0.0,0.0,0.0,0.00083185507990677623,0.0094723105230557839,2.2435167053170457e-09
3.0,20,4,610460.38156022923,-564547.85812005203,1464724.6525950746,-831051.27196681977,1.6300225725306104e-06,-6.1015316445656409e-06,7.2510814759398938e-06,-5.4683173695416738e-06,0.0,0.0,0.0,0.0,0.0,0.0,0.0,0.0,0.0,0.0,0.0012283377708253557,0.0094722977281186879,3.3128071880296665e-09
3.0,21,1,-4971411.588617675,-3172008.031931805,-4040532.3605002547,-2036571.1609062804,-1.3461244123045721e-05,-1.6211687200526955e-06,-7.3360588020330946e-06,-1.3400638238763323e-05,0.0,0.0,0.0,0.0,0.0,0.0,0.0,0.0,0.0,0.0,0.0015185569940675046,0.0080287962902008004,4.095452867341861e-09
3.0,21,2,-4664907.4579999074,-2853330.586495711,-3135793.9595139911,-2388278.0727140475,-1.3861720507304208e-05,-1.9415446928065955e-06,-3.8001536872668779e-06,-1.5714869718458431e-05,0.0,0.0,0.0,0.0,0.0,0.0,0.0,0.0,0.0,0.0,0.001915030342711846,0.0080287840489070457,5.164657042475276e-09
3.0,21,3,404055.53926201258,-552858.67680665408,1727297.2727120672,-1006434.2660177071,1.6466471477951012e-07,-6.1318308269523167e-06,8.8715953208808692e-06,-6.6223374703965121e-06,0.0,0.0,0.0,0.0,0.0,0.0,0.0,0.0,0.0,0.0,0.0015185820245152506,0.0094722854428665858,4.09555995940711e-09
3.0,21,4,114844.15921140299,-519270.48277412052,2194050.1810696749,-1226896.5200343556,-2.0719311272499602e-06,-6.2444054715147046e-06,1.1609244496577466e-05,-8.0729791018260587e-06,0.0,0.0,0.0,0.0,0.0,0.0,0.0,0.0,0.0,0.0,0.0019150605365603724,0.0094722651459463025,5.164780830861873e-09
3.0,22,1,-4197926.2168628033,-2395691.5449670996,-2166854.038209443,-2589582.6986690103,-1.378080906289508e-05,-1.9221049218213477e-06,-4.1635412735596822e-07,-1.7039454157242088e-05,0.0,0.0,0.0,0.0,0.0,0.0,0.0,0.0,0.0,0.0,0.002205267514976625,0.0080287739393403671,5.947340697799033e-09
3.0,22,2,-3728113.5266210181,-1710614.7435610234,-705254.22739532078,-2686760.5305650719,-1.4823494658994066e-05,-1.5483526664593018e-06,5.0669195299110209e-06,-1.7678884291118171e-05,0.0,0.0,0.0,0.0,0.0,0.0,0.0,0.0,0.0,0.0,0.002601735929382923,0.0080287594932312648,7.016448097361864e-09
3.0,22,3,-165187.06369835651,-488225.99490705365,2649819.6485706898,-1365978.0510882461,-4.2412532912803285e-06,-6.3668494586335538e-06,1.4281490875449998e-05,-8.9881355761606591e-06,0.0,0.0,0.0,0.0,0.0,0.0,0.0,0.0,0.0,0.0,0.0022053009193204972,0.0094722478264844638,5.947466433943873e-09
3.0,22,4,-441807.56216598209,-356525.70427772077,3483545.7414684622,-1479663.3593759497,-7.1497294695912828e-06,-6.5885748446865225e-06,1.8679095268323363e-05,-9.7361849046937491e-06,0.0,0.0,0.0,0.0,0.0,0.0,0.0,0.0,0.0,0.0,0.0026017729574371968,0.0094722217386418762,7.016575131718235e-09
3.0,23,1,-2973278.7411255753,-786819.88506868109,827762.66479877313,-2602530.2193049425,-1.4931083297601421e-05,-5.4418402474705911e-07,1.0079769153380792e-05,-1.7124648843026522e-05,0.0,0.0,0.0,0.0,0.0,0.0,0.0,0.0,0.0,0.0,0.0028919686601552208,0.008028748755103822,7.799049946980104e-09
3.0,23,2,-2296244.3438752154,657065.10185034852,3086244.4130005506,-2267175.7943233224,-1.7395650752840498e-05,2.0371254000337112e-06,1.8021125267402045e-05,-1.4918016726647462e-05,0.0,0.0,0.0,0.0,0.0,0.0,0.0,0.0,0.0,0.0,0.0032884294546612256,0.0080287352212894039,8.86801532453465e-09
3.0,23,3,-706008.14968720218,-257871.34175337013,4249031.7584136184,-1516252.0960984374,-9.836074206759202e-06,-6.8873340105545868e-06,2.2768088388544195e-05,-9.9769387923277173e-06,0.0,0.0,0.0,0.0,0.0,0.0,0.0,0.0,0.0,0.0,0.0028920077119791859,0.0094722010605271245,7.799158242039987e-09
3.0,23,4,-773767.14273703331,92194.288422253449,5667009.7682278045,-1356313.6935790021,-1.2968378123192261e-05,-7.2703519061641513e-06,2.9411933950956377e-05,-8.9245441037498328e-06,0.0,0.0,0.0,0.0,0.0,0.0,0.0,0.0,0.0,0.0,0.0032884707886380411,0.0094721723173761506,8.868104417482417e-09
3.0,24,1,-1338325.8684257763,2391377.0443108315,5350945.4476751052,-1670689.7581193917,-1.8924498879466661e-05,5.6169462863402192e-06,2.5090906380477134e-05,-1.0993138608425598e-05,0.0,0.0,0.0,0.0,0.0,0.0,0.0,0.0,0.0,0.0,0.0035786553057030822,0.0080287266534086518,9.650496569255126e-09
3.0,24,2,-427114.98357599601,5334277.2363221087,8772575.587621022,-610265.38547644636,-2.4424402379710127e-05,1.3485558427219399e-05,3.6109561578766253e-05,-4.015546236435017e-06,0.0,0.0,0.0,0.0,0.0,0.0,0.0,0.0,0.0,0.0,0.0039751041906416597,0.0080287185952791461,1.0719264799636714e-08
3.0,24,3,-799181.21082313638,365669.37045747321,6948852.3948751045,-1142482.7398192852,-1.5552850443341152e-05,-7.8881336185147475e-06,3.5429210682153271e-05,-7.5175364280108971e-06,0.0,0.0,0.0,0.0,0.0,0.0,0.0,0.0,0.0,0.0,0.003578698062385957,0.0094721512338966467,9.650545138699872e-09
3.0,24,4,-281731.98082077317,1145128.9063715423,9300210.2204042282,-367092.03507295507,-1.7912295724409581e-05,-8.5235510866841492e-06,4.5136883959650923e-05,-2.4154655907800444e-06,0.0,0.0,0.0,0.0,0.0,0.0,0.0,0.0,0.0,0.0,0.0039751497050709668,0.0094721251584009396,1.0719273351127153e-08
3.0,25,1,0.0,0.0,0.0,0.0,0.0,0.0,0.0,0.0,0.0,0.0,0.0,0.0,0.0,0.0,0.0,0.0,0.0,0.0,0.0041813332490731811,0.00042349503027199088,3.757841763057791e-09
3.0,25,2,0.0,0.0,0.0,0.0,0.0,0.0,0.0,0.0,0.0,0.0,0.0,0.0,0.0,0.0,0.0,0.0,0.0,0.0,0.0043461667509268201,0.00042349503027199088,3.905980689165557e-09
3.0,25,3,0.0,0.0,0.0,0.0,0.0,0.0,0.0,0.0,0.0,0.0,0.0,0.0,0.0,0.0,0.0,0.0,0.0,0.0,0.0041813332490731794,0.0015805049697280092,3.757841763057791e-09
3.0,25,4,0.0,0.0,0.0,0.0,0.0,0.0,0.0,0.0,0.0,0.0,0.0,0.0,0.0,0.0,0.0,0.0,0.0,0.0,0.0043461667509268193,0.0015805049697280092,3.9059806891655735e-09
3.0,26,1,0.0,0.0,0.0,0.0,0.0,0.0,0.0,0.0,0.0,0.0,0.0,0.0,0.0,0.0,0.0,0.0,0.0,0.0,0.0044668332490731804,0.00042349503027199088,4.014425909655213e-09
3.0,26,2,0.0,0.0,0.0,0.0,0.0,0.0,0.0,0.0,0.0,0.0,0.0,0.0,0.0,0.0,0.0,0.0,0.0,0.0,0.0046316667509268186,0.00042349503027199088,4.162564835763061e-09
3.0,26,3,0.0,0.0,0.0,0.0,0.0,0.0,0.0,0.0,0.0,0.0,0.0,0.0,0.0,0.0,0.0,0.0,0.0,0.0,0.0044668332490731787,0.0015805049697280092,4.014425909655213e-09
3.0,26,4,0.0,0.0,0.0,0.0,0.0,0.0,0.0,0.0,0.0,0.0,0.0,0.0,0.0,0.0,0.0,0.0,0.0,0.0,0.0046316667509268186,0.0015805049697280092,4.162564835763092e-09
3.0,27,1,0.0,0.0,0.0,0.0,0.0,0.0,0.0,0.0,0.0,0.0,0.0,0.0,0.0,0.0,0.0,0.0,0.0,0.0,0.0041813332490731811,0.0024274950302719906,3.75784176305779e-09
3.0,27,2,0.0,0.0,0.0,0.0,0.0,0.0,0.0,0.0,0.0,0.0,0.0,0.0,0.0,0.0,0.0,0.0,0.0,0.0,0.0043461667509268201,0.0024274950302719911,3.905980689165556e-09
3.0,27,3,0.0,0.0,0.0,0.0,0.0,0.0,0.0,0.0,0.0,0.0,0.0,0.0,0.0,0.0,0.0,0.0,0.0,0.0,0.0041813332490731794,0.0035845049697280093,3.7578417630577884e-09
3.0,27,4,0.0,0.0,0.0,0.0,0.0,0.0,0.0,0.0,0.0,0.0,0.0,0.0,0.0,0.0,0.0,0.0,0.0,0.0,0.0043461667509268193,0.0035845049697280093,3.9059806891655735e-09
3.0,28,1,0.0,0.0,0.0,0.0,0.0,0.0,0.0,0.0,0.0,0.0,0.0,0.0,0.0,0.0,0.0,0.0,0.0,0.0,0.0044668332490731804,0.0024274950302719906,4.0144259096552124e-09
3.0,28,2,0.0,0.0,0.0,0.0,0.0,0.0,0.0,0.0,0.0,0.0,0.0,0.0,0.0,0.0,0.0,0.0,0.0,0.0,0.0046316667509268186,0.0024274950302719911,4.16256483576306e-09
3.0,28,3,0.0,0.0,0.0,0.0,0.0,0.0,0.0,0.0,0.0,0.0,0.0,0.0,0.0,0.0,0.0,0.0,0.0,0.0,0.0044668332490731787,0.0035845049697280093,4.014425909655211e-09
3.0,28,4,0.0,0.0,0.0,0.0,0.0,0.0,0.0,0.0,0.0,0.0,0.0,0.0,0.0,0.0,0.0,0.0,0.0,0.0,0.0046316667509268186,0.0035845049697280093,4.162564835763092e-09
3.0,29,1,0.0,0.0,0.0,0.0,0.0,0.0,0.0,0.0,0.0,0.0,0.0,0.0,0.0,0.0,0.0,0.0,0.0,0.0,0.0041813332490731811,0.0044314950302719903,3.75784176305779e-09
3.0,29,2,0.0,0.0,0.0,0.0,0.0,0.0,0.0,0.0,0.0,0.0,0.0,0.0,0.0,0.0,0.0,0.0,0.0,0.0,0.0043461667509268201,0.0044314950302719912,3.905980689165555e-09
3.0,29,3,0.0,0.0,0.0,0.0,0.0,0.0,0.0,0.0,0.0,0.0,0.0,0.0,0.0,0.0,0.0,0.0,0.0,0.0,0.0041813332490731794,0.0055885049697280082,3.757841763057787e-09
3.0,29,4,0.0,0.0,0.0,0.0,0.0,0.0,0.0,0.0,0.0,0.0,0.0,0.0,0.0,0.0,0.0,0.0,0.0,0.0,0.0043461667509268193,0.0055885049697280082,3.905980689165574e-09
3.0,30,1,0.0,0.0,0.0,0.0,0.0,0.0,0.0,0.0,0.0,0.0,0.0,0.0,0.0,0.0,0.0,0.0,0.0,0.0,0.0044668332490731804,0.0044314950302719903,4.0144259096552124e-09
3.0,30,2,0.0,0.0,0.0,0.0,0.0,0.0,0.0,0.0,0.0,0.0,0.0,0.0,0.0,0.0,0.0,0.0,0.0,0.0,0.0046316667509268186,0.0044314950302719912,4.1625648357630595e-09
3.0,30,3,0.0,0.0,0.0,0.0,0.0,0.0,0.0,0.0,0.0,0.0,0.0,0.0,0.0,0.0,0.0,0.0,0.0,0.0,0.0044668332490731787,0.0055885049697280082,4.014425909655209e-09
3.0,30,4,0.0,0.0,0.0,0.0,0.0,0.0,0.0,0.0,0.0,0.0,0.0,0.0,0.0,0.0,0.0,0.0,0.0,0.0,0.0046316667509268186,0.0055885049697280082,4.162564835763093e-09
3.0,31,1,0.0,0.0,0.0,0.0,0.0,0.0,0.0,0.0,0.0,0.0,0.0,0.0,0.0,0.0,0.0,0.0,0.0,0.0,0.0041813332490731811,0.0064354950302719901,3.757841763057785e-09
3.0,31,2,0.0,0.0,0.0,0.0,0.0,0.0,0.0,0.0,0.0,0.0,0.0,0.0,0.0,0.0,0.0,0.0,0.0,0.0,0.0043461667509268201,0.0064354950302719909,3.905980689165552e-09
3.0,31,3,0.0,0.0,0.0,0.0,0.0,0.0,0.0,0.0,0.0,0.0,0.0,0.0,0.0,0.0,0.0,0.0,0.0,0.0,0.0041813332490731794,0.0075925049697280079,3.757841763057797e-09
3.0,31,4,0.0,0.0,0.0,0.0,0.0,0.0,0.0,0.0,0.0,0.0,0.0,0.0,0.0,0.0,0.0,0.0,0.0,0.0,0.0043461667509268193,0.0075925049697280079,3.905980689165581e-09
3.0,32,1,0.0,0.0,0.0,0.0,0.0,0.0,0.0,0.0,0.0,0.0,0.0,0.0,0.0,0.0,0.0,0.0,0.0,0.0,0.0044668332490731804,0.0064354950302719901,4.0144259096552075e-09
3.0,32,2,0.0,0.0,0.0,0.0,0.0,0.0,0.0,0.0,0.0,0.0,0.0,0.0,0.0,0.0,0.0,0.0,0.0,0.0,0.0046316667509268186,0.0064354950302719909,4.162564835763056e-09
3.0,32,3,0.0,0.0,0.0,0.0,0.0,0.0,0.0,0.0,0.0,0.0,0.0,0.0,0.0,0.0,0.0,0.0,0.0,0.0,0.0044668332490731787,0.0075925049697280079,4.01442590965522e-09
3.0,32,4,0.0,0.0,0.0,0.0,0.0,0.0,0.0,0.0,0.0,0.0,0.0,0.0,0.0,0.0,0.0,0.0,0.0,0.0,0.0046316667509268186,0.0075925049697280079,4.1625648357631e-09
3.0,33,1,0.0,0.0,0.0,0.0,0.0,0.0,0.0,0.0,0.0,0.0,0.0,0.0,0.0,0.0,0.0,0.0,0.0,0.0,0.0041813332490731811,0.0084394950302719915,3.757841763057785e-09
3.0,33,2,0.0,0.0,0.0,0.0,0.0,0.0,0.0,0.0,0.0,0.0,0.0,0.0,0.0,0.0,0.0,0.0,0.0,0.0,0.0043461667509268201,0.0084394950302719915,3.9059806891655544e-09
3.0,33,3,0.0,0.0,0.0,0.0,0.0,0.0,0.0,0.0,0.0,0.0,0.0,0.0,0.0,0.0,0.0,0.0,0.0,0.0,0.0041813332490731794,0.0095965049697280085,3.757841763057793e-09
3.0,33,4,0.0,0.0,0.0,0.0,0.0,0.0,0.0,0.0,0.0,0.0,0.0,0.0,0.0,0.0,0.0,0.0,0.0,0.0,0.0043461667509268193,0.0095965049697280085,3.9059806891655784e-09
3.0,34,1,0.0,0.0,0.0,0.0,0.0,0.0,0.0,0.0,0.0,0.0,0.0,0.0,0.0,0.0,0.0,0.0,0.0,0.0,0.0044668332490731804,0.0084394950302719915,4.0144259096552075e-09
3.0,34,2,0.0,0.0,0.0,0.0,0.0,0.0,0.0,0.0,0.0,0.0,0.0,0.0,0.0,0.0,0.0,0.0,0.0,0.0,0.0046316667509268186,0.0084394950302719915,4.162564835763058e-09
3.0,34,3,0.0,0.0,0.0,0.0,0.0,0.0,0.0,0.0,0.0,0.0,0.0,0.0,0.0,0.0,0.0,0.0,0.0,0.0,0.0044668332490731787,0.0095965049697280085,4.014425909655216e-09
3.0,34,4,0.0,0.0,0.0,0.0,0.0,0.0,0.0,0.0,0.0,0.0,0.0,0.0,0.0,0.0,0.0,0.0,0.0,0.0,0.0046316667509268186,0.0095965049697280085,4.1625648357630976e-09
4.0,1,1,-9002565.5096090082,-18032612.538736802,-8923826.4293281715,-323.20491900518937,-2.4216539785023868e-06,-6.1839363430163258e-05,-1.9035508302544796e-06,-2.1266883670541458e-09,0.0,0.0,0.0,0.0,0.0,0.0,0.0,0.0,0.0,0.0,0.00014513086307660643,0.00052835731912834075,3.9144053567746697e-10
4.0,1,2,-8781506.1162391696,-17377818.751300152,-8487647.2449548617,-8686.4677414325561,-3.0400943071129236e-06,-5.9603831445814187e-05,-1.1065029340621783e-06,-5.7156957738626219e-08,0.0,0.0,0.0,0.0,0.0,0.0,0.0,0.0,0.0,0.0,0.00054163498807160873,0.00052835733768800551,1.4608697973544194e-09
4.0,1,3,-9137899.1782764588,-17899466.934805159,-9059076.1083863433,-12465.020294879372,-3.0949978831397198e-06,-6.0746113721098569e-05,-2.5763420832627637e-06,-8.2019833540306269e-08,0.0,0.0,0.0,0.0,0.0,0.0,0.0,0.0,0.0,0.0,0.00014513072232665743,0.0019718571445604032,3.9144008788727606e-10
4.0,1,4,-8913812.4578780625,-17251257.931799524,-8619640.1391053479,-40109.365896456846,-3.6930433373606201e-06,-5.8553434555763823e-05,-1.7573894798361545e-06,-2.6391962759868603e-07,0.0,0.0,0.0,0.0,0.0,0.0,0.0,0.0,0.0,0.0,0.00054163446196858886,0.0019718571484911079,1.4608680227606624e-09
4.0,2,1,-8590015.9623518717,-16564774.027881494,-7867579.6052961601,-8335.8755556680444,-4.3469610713386725e-06,-5.6820869142523572e-05,4.0667015808791717e-07,-5.4850061156295731e-08,0.0,0.0,0.0,0.0,0.0,0.0,0.0,0.0,0.0,0.0,0.00083189527617230522,0.00052835736572368563,2.2437357724404276e-09
4.0,2,2,-8161313.6531792115,-14992126.845001448,-6723318.7956369603,-14513.216876549966,-6.4961641536873745e-06,-5.1442914955877677e-05,2.9658420089406373e-06,-9.5496967047698779e-08,0.0,0.0,0.0,0.0,0.0,0.0,0.0,0.0,0.0,0.0,0.0012283957563744494,0.00052835742919666879,3.313127615322165e-09
4.0,2,3,-8710874.9658978693,-16445276.841190018,-7991101.7189754564,-63082.103239363467,-4.9448967044278937e-06,-5.5837261043850233e-05,-2.0878873967842208e-07,-4.1508023931501161e-07,0.0,0.0,0.0,0.0,0.0,0.0,0.0,0.0,0.0,0.0,0.00083189447119626312,0.0019718571559746629,2.243732886247825e-09
4.0,2,4,-8277686.3369325912,-14896891.719892582,-6839740.4298875071,-85071.591083574618,-7.0445528880104122e-06,-5.0598924307887152e-05,2.4171311803462393e-06,-5.5977106932992092e-07,0.0,0.0,0.0,0.0,0.0,0.0,0.0,0.0,0.0,0.0,0.0012283945719468593,0.0019718571927833514,3.313122646965215e-09
4.0,3,1,-7782387.0199538041,-13436042.41144643,-5552721.0864237929,-11963.534813897391,-8.9096887731340686e-06,-4.6110741249155545e-05,5.7615130694934082e-06,-7.8720059075444836e-08,0.0,0.0,0.0,0.0,0.0,0.0,0.0,0.0,0.0,0.0,0.0015186522097034288,0.00052835749817421458,4.095952400185075e-09
4.0,3,2,-7099939.5604305603,-10749051.314783461,-3561264.2417571852,-18414.924032762632,-1.2889399222818581e-05,-3.6900554566460661e-05,1.0395084374052226e-05,-1.2117020013557811e-07,0.0,0.0,0.0,0.0,0.0,0.0,0.0,0.0,0.0,0.0,0.001915145603769053,0.00052835763391481357,5.1652674385672575e-09
4.0,3,3,-7878954.8302921616,-13354780.048040913,-5652223.8716167789,-96688.862249993195,-9.3637079584016479e-06,-4.5394637891188445e-05,5.2881817496823657e-06,-6.3621271360495516e-07,0.0,0.0,0.0,0.0,0.0,0.0,0.0,0.0,0.0,0.0,0.0015186507499648327,0.001971857252762511,4.095945539984554e-09
4.0,3,4,-7186089.5842005098,-10700314.513837628,-3641343.5740638189,-104769.33607398646,-1.3270628142118266e-05,-3.6394228179130495e-05,1.0053800604581162e-05,-6.8938223136683085e-07,0.0,0.0,0.0,0.0,0.0,0.0,0.0,0.0,0.0,0.0,0.0019151437583553891,0.0019718574199895714,5.1652566787889345e-09
4.0,4,1,-6515795.8287616931,-8306261.3456584364,-1723693.6830330789,-11446.663492320024,-1.6731650198475863e-05,-2.851291329965645e-05,1.4800381920418409e-05,-7.5319045779465756e-08,0.0,0.0,0.0,0.0,0.0,0.0,0.0,0.0,0.0,0.0,0.0022053954547799383,0.00052835777257939577,5.948019128673203e-09
4.0,4,2,-5545720.026189398,-4312180.7987102251,1254598.3332694666,-15942.228814675582,-2.2897619835550587e-05,-1.4780931718737636e-05,2.1848474969688737e-05,-1.0489986560056532e-07,0.0,0.0,0.0,0.0,0.0,0.0,0.0,0.0,0.0,0.0,0.0026018776379394862,0.00052835802978802582,7.0172096093149924e-09
4.0,4,3,-6583538.7916290462,-8275743.2149218973,-1775537.6246154709,-100568.74626930249,-1.7036670231676183e-05,-2.8171375336943151e-05,1.4599977447273133e-05,-6.6174235045201029e-07,0.0,0.0,0.0,0.0,0.0,0.0,0.0,0.0,0.0,0.0,0.0022053933108662051,0.0019718576277131519,5.9480043833085436e-09
4.0,4,4,-5589313.905441571,-4306839.1549596759,1251105.8652129071,-100170.66458832337,-2.3118510929407958e-05,-1.4679827071237091e-05,2.1891451161498505e-05,-6.5912297299116775e-07,0.0,0.0,0.0,0.0,0.0,0.0,0.0,0.0,0.0,0.0,0.00260187502952315,0.001971858080658737,7.017187061095119e-09
4.0,5,1,-4728703.6641181894,-815981.05352637358,3886899.2219981784,-8765.9177801274382,-2.8495569026776396e-05,-2.7498542490822491e-06,2.81950979638693e-05,-5.7679738993238543e-08,0.0,0.0,0.0,0.0,0.0,0.0,0.0,0.0,0.0,0.0,0.0028921176166664267,0.00052835828777608187,7.799849516023965e-09
4.0,5,2,-3433908.9726487156,4740230.8208290087,8042619.840697987,-41707.199948071509,-3.7366448908456219e-05,1.6419390932627192e-05,3.8149110683365065e-05,-2.7443337565831053e-07,0.0,0.0,0.0,0.0,0.0,0.0,0.0,0.0,0.0,0.0,0.0032885836897140609,0.00052835875215957511,8.868856577556776e-09
4.0,5,3,-4779250.6742337896,-832255.05982569233,3927807.2898087534,-70980.927854546288,-2.8787225894542188e-05,-2.8159947517369033e-06,2.8505215508857751e-05,-4.6705450528291459e-07,0.0,0.0,0.0,0.0,0.0,0.0,0.0,0.0,0.0,0.0,0.0028921145938433012,0.0019718585731277292,7.799817430510325e-09
4.0,5,4,-3432338.1749084694,4732910.2239496065,8196762.2691806052,-50279.013636980977,-3.7590573413688084e-05,1.6136761050798061e-05,3.8928907508418027e-05,-3.3083590973133481e-07,0.0,0.0,0.0,0.0,0.0,0.0,0.0,0.0,0.0,0.0,0.0032885799137878733,0.0019718595281653759,8.86880770207332e-09
4.0,6,1,-2354039.2652853811,9510606.6670664158,11627652.224264562,1289.6520808356486,-4.5168645374729852e-05,3.290072486014497e-05,4.6830884626508775e-05,8.4859106918985669e-09,0.0,0.0,0.0,0.0,0.0,0.0,0.0,0.0,0.0,0.0,0.0035788098754105544,0.0005283592639297594,9.651337484882652e-09
4.0,6,2,-675840.73317537643,16981077.740303852,17203819.039026998,-36173.707052310652,-5.7391340577219618e-05,5.87911829782737e-05,6.0256820723871989e-05,-2.3802299240420408e-07,0.0,0.0,0.0,0.0,0.0,0.0,0.0,0.0,0.0,0.0,0.0039752539570922351,0.00052836021456533801,1.0720090969066638e-08
4.0,6,3,-2382810.6253221221,9462714.9439537767,11870793.570975257,-7351.076850740028,-4.5620996580198485e-05,3.2322561665636926e-05,4.8167719031438273e-05,-4.837008567786939e-08,0.0,0.0,0.0,0.0,0.0,0.0,0.0,0.0,0.0,0.0,0.0035788053661379143,0.0019718604873131106,9.651265252976921e-09
4.0,6,4,-666062.60757138859,16890667.113104332,17647858.542519499,-35149.878904994119,-5.7901183573742599e-05,5.7622097988303654e-05,6.2604417593855436e-05,-2.3128620319486127e-07,0.0,0.0,0.0,0.0,0.0,0.0,0.0,0.0,0.0,0.0,0.0039752479789058118,0.0019718622155520723,1.0719974274268101e-08
4.0,7,1,-9387469.285282502,-17682292.305626441,-9310171.6080127396,-24204.70966034344,-4.2892534428625989e-06,-5.8869188916725723e-05,-3.7806347264275685e-06,-1.5926698956505984e-07,0.0,0.0,0.0,0.0,0.0,0.0,0.0,0.0,0.0,0.0,0.00014513051884586968,0.0030285731669940129,3.914396514694934e-10
4.0,7,2,-9151365.2405453827,-17046540.983854804,-8862885.776743019,-92028.110261474096,-4.8199319209823583e-06,-5.6770188311958339e-05,-2.9217370491627993e-06,-6.0554496552049954e-07,0.0,0.0,0.0,0.0,0.0,0.0,0.0,0.0,0.0,0.0,0.00054163371742162604,0.0030285730897749298,1.4608663590667623e-09
4.0,7,3,-9838837.386503119,-16730165.613677504,-9765791.1024508253,-85576.443785635944,-7.3305753210328373e-06,-5.2675515055840283e-05,-6.8499307719687458e-06,-5.6309300010948449e-07,0.0,0.0,0.0,0.0,0.0,0.0,0.0,0.0,0.0,0.0,0.00014513003809260881,0.0044720802857064678,3.914393983073994e-10
4.0,7,4,-9580276.3227333836,-16137767.986787124,-9307663.227294812,-252746.35977199339,-7.6976002954174573e-06,-5.0845895444891059e-05,-5.903806127431659e-06,-1.6630710472997164e-06,0.0,0.0,0.0,0.0,0.0,0.0,0.0,0.0,0.0,0.0,0.00054163196462408514,0.004472079790505781,1.4608653399004567e-09
4.0,8,1,-8947038.5659913849,-16266086.627349705,-8235540.3443685137,-130964.84543422906,-6.02262221464214e-06,-5.4181958458379885e-05,-1.3409639163636443e-06,-8.617486829572272e-07,0.0,0.0,0.0,0.0,0.0,0.0,0.0,0.0,0.0,0.0,0.00083189334088490342,0.0030285729834534105,2.243730116957509e-09
4.0,8,2,-8482838.3842691276,-14747064.832789781,-7069060.5079966644,-176156.68953787506,-7.9447138829030537e-06,-4.9163323914168955e-05,1.3579445429697555e-06,-1.1591110171592179e-06,0.0,0.0,0.0,0.0,0.0,0.0,0.0,0.0,0.0,0.0,0.001228392953369117,0.003028572820475767,3.313118342890502e-09
4.0,8,3,-9349021.5188918859,-15426078.762047295,-8677479.193694368,-398522.16021182353,-8.6614860243876032e-06,-4.8648522684350187e-05,-4.24273752458793e-06,-2.6222758141937986e-06,0.0,0.0,0.0,0.0,0.0,0.0,0.0,0.0,0.0,0.0,0.00083189070501466682,0.0044720790930967503,2.243728305248829e-09
4.0,8,4,-8843125.1350540314,-14052902.830534698,-7508878.0552520659,-520068.55365968135,-1.0148011875727071e-05,-4.4428349111989855e-05,-1.3686660906301363e-06,-3.4220510830807031e-06,0.0,0.0,0.0,0.0,0.0,0.0,0.0,0.0,0.0,0.0,0.001228389247048855,0.0044720778002842803,3.313114808631912e-09
4.0,9,1,-8086523.9072959665,-13246829.399811564,-5882353.8826167369,-196697.30940644725,-1.0208509950243119e-05,-4.4163320090995746e-05,4.2949288121462149e-06,-1.2942682958944229e-06,0.0,0.0,0.0,0.0,0.0,0.0,0.0,0.0,0.0,0.0,0.0015186487976602788,0.0030285726949816094,4.095939463093184e-09
4.0,9,2,-7352601.221405887,-10629215.31921684,-3848435.5002743718,-206553.64032136204,-1.3888317812233324e-05,-3.5448438575829384e-05,9.16909263281205e-06,-1.3591229533145622e-06,0.0,0.0,0.0,0.0,0.0,0.0,0.0,0.0,0.0,0.0,0.0019151413882140308,0.0030285726047389301,5.165248335754848e-09
4.0,9,3,-8367405.1071477793,-12665424.746264074,-6299140.0605503656,-615042.05299196858,-1.1873013140972085e-05,-4.0153982366357301e-05,1.7361708656389035e-06,-4.0469767086871531e-06,0.0,0.0,0.0,0.0,0.0,0.0,0.0,0.0,0.0,0.0,0.0015186444399639637,0.0044720766392695264,4.095934769023371e-09
4.0,9,4,-7598093.7935068281,-10275600.146477444,-4272085.4057937479,-650925.33473187522,-1.5005125794945657e-05,-3.2623117597492307e-05,6.8800093962064117e-06,-4.2830887025357386e-06,0.0,0.0,0.0,0.0,0.0,0.0,0.0,0.0,0.0,0.0,0.00191513634978912,0.0044720749555054364,5.165240041188562e-09
4.0,10,1,-6752414.9287719,-8250649.2087027226,-1978712.2379721203,-205241.03937245911,-1.7599683558113248e-05,-2.7458065120058058e-05,1.3811280147349299e-05,-1.3504860390707809e-06,0.0,0.0,0.0,0.0,0.0,0.0,0.0,0.0,0.0,0.0,0.002205390660380958,0.0030285725994659328,5.947993214335209e-09
4.0,10,2,-5724998.6635449445,-4322760.3057083553,1074437.5907538161,-167876.42750252748,-2.3492643428096547e-05,-1.4265915033531793e-05,2.1247647125189293e-05,-1.1046268929666307e-06,0.0,0.0,0.0,0.0,0.0,0.0,0.0,0.0,0.0,0.0,0.0026018720088368842,0.0030285727827181483,7.017171935495271e-09
4.0,10,3,-6865807.9841874149,-8018203.6474868506,-2354760.1873787865,-665482.39545801003,-1.7939757061849366e-05,-2.5522520526359656e-05,1.1742937441151407e-05,-4.3788741621137055e-06,0.0,0.0,0.0,0.0,0.0,0.0,0.0,0.0,0.0,0.0,0.0022053853116577038,0.0044720737167933226,5.947984032200666e-09
4.0,10,4,-5839179.1539698634,-4346242.2663183734,678455.52550945058,-605781.74217145727,-2.3400792719371217e-05,-1.3577267998624419e-05,1.9485243471602668e-05,-3.9860438634881883e-06,0.0,0.0,0.0,0.0,0.0,0.0,0.0,0.0,0.0,0.0,0.0026018664673076019,0.0044720722347895928,7.0171573105062995e-09
4.0,11,1,-4885593.0323042441,-877563.21787752584,3777664.434518103,-157573.09092813206,-2.9010125083813338e-05,-2.6372889048855227e-06,2.7994109047877712e-05,-1.0368309383071089e-06,0.0,0.0,0.0,0.0,0.0,0.0,0.0,0.0,0.0,0.0,0.0028921113270590588,0.0030285730396015951,7.799798628071629e-09
4.0,11,2,-3541203.7062521391,4624568.2258960251,8065983.9585572416,-92319.288593605801,-3.7757090982696852e-05,1.5973688330838062e-05,3.8618203851748865e-05,-6.0746091894592617e-07,0.0,0.0,0.0,0.0,0.0,0.0,0.0,0.0,0.0,0.0,0.0032885762903900649,0.003028573654959957,8.868780974882207e-09
4.0,11,3,-4857130.1848705802,-986774.83191030519,3438636.6681050472,-530403.03386611363,-2.815959262554059e-05,-2.6926544030619837e-06,2.6426553267039032e-05,-3.4900519628390275e-06,0.0,0.0,0.0,0.0,0.0,0.0,0.0,0.0,0.0,0.0,0.0028921058266696484,0.0044720713830229729,7.799784781059195e-09
4.0,11,4,-3564494.9004425248,4331030.2392633371,7692730.4277026495,-385093.43017601728,-3.6820016356018885e-05,1.5132539063245692e-05,3.7252526303176362e-05,-2.5339147705581934e-06,0.0,0.0,0.0,0.0,0.0,0.0,0.0,0.0,0.0,0.0,0.0032885710318340889,0.0044720706825690871,8.868763504863192e-09
4.0,12,1,-2412580.8637984879,9393786.581062533,11813951.32696816,-89786.532207203258,-4.5571130213680937e-05,3.2114767573504591e-05,4.8039451601563605e-05,-5.9079538192339741e-07,0.0,0.0,0.0,0.0,0.0,0.0,0.0,0.0,0.0,0.0,0.0035788014791093654,0.0030285742372146499,9.651234757261801e-09
4.0,12,2,-673018.6042499952,16876674.251061544,17671894.507501483,38265.965859962023,-5.7951831659779558e-05,5.7525147328170377e-05,6.2757696615545151e-05,2.517900553585501e-07,0.0,0.0,0.0,0.0,0.0,0.0,0.0,0.0,0.0,0.0,0.0039752436559144606,0.0030285752516498979,1.0719934432592736e-08
4.0,12,3,-2391708.2603989644,9049589.9313144628,11437436.310085634,-232430.51616231308,-4.4328042763406978e-05,3.0955699338067373e-05,4.6667728510381685e-05,-1.52939279634802e-06,0.0,0.0,0.0,0.0,0.0,0.0,0.0,0.0,0.0,0.0,0.0035787964980949537,0.004472070635382676,9.65122174769764e-09
4.0,12,4,-751379.43938408699,16453649.876129434,17197560.16576203,-128041.70155423194,-5.6925809063108943e-05,5.6283283832970002e-05,6.1178213538752506e-05,-8.4251439622684612e-07,0.0,0.0,0.0,0.0,0.0,0.0,0.0,0.0,0.0,0.0,0.0039752392122090786,0.0044720711349646386,1.0719930033014974e-08
4.0,13,1,-10393689.425801361,-15295836.593970595,-10325709.413245304,-141320.57690038404,-1.1486404437605693e-05,-4.3742532804159241e-05,-1.1039095954986824e-05,-9.2988939600452702e-07,0.0,0.0,0.0,0.0,0.0,0.0,0.0,0.0,0.0,0.0,0.00014512942887351708,0.0055288073187350472,3.914396183817139e-10
4.0,13,2,-10116983.350253467,-14765737.321922885,-9863277.208830053,-514192.87508528167,-1.1671073792677695e-05,-4.2259874926262458e-05,-1.000168738211163e-05,-3.3833891180611534e-06,0.0,0.0,0.0,0.0,0.0,0.0,0.0,0.0,0.0,0.0,0.00054162974032041463,0.0055288062296026102,1.4608660532041026e-09
4.0,13,3,-10334177.394704772,-11264566.893941445,-10275787.372814931,-265986.24481166241,-1.7637127232048784e-05,-2.3759090137026092e-05,-1.7252920888013628e-05,-1.7501894908607388e-06,0.0,0.0,0.0,0.0,0.0,0.0,0.0,0.0,0.0,0.0,0.00014512855896657958,0.00697234619677615,3.9144285884669357e-10
4.0,13,4,-10038434.841462288,-10878805.814656438,-9820516.6722028162,-968807.89856746793,-1.7487244678073819e-05,-2.3016885681691322e-05,-1.6053343124346492e-05,-6.3747559725739388e-06,0.0,0.0,0.0,0.0,0.0,0.0,0.0,0.0,0.0,0.0,0.00054162658716554938,0.0069723434592163956,1.4608778355182983e-09
4.0,14,1,-9844325.4350154269,-14147093.154813584,-9230853.1213501282,-763184.84078905743,-1.2284472058738466e-05,-4.0596683655010345e-05,-8.2478242348208025e-06,-5.0217562523919976e-06,0.0,0.0,0.0,0.0,0.0,0.0,0.0,0.0,0.0,0.0,0.0008318873657004297,0.0055288046622362329,2.2437291951650208e-09
4.0,14,2,-9288682.1522349212,-12966824.713674037,-8064748.6352539891,-1053223.6990518584,-1.3213524869868324e-05,-3.74157029241377e-05,-5.1600423281337956e-06,-6.9302119397612272e-06,0.0,0.0,0.0,0.0,0.0,0.0,0.0,0.0,0.0,0.0,0.0012283845780718815,0.0055288016743897748,3.3131152300033032e-09
4.0,14,3,-9840853.9182836823,-10515783.288976463,-9277123.4106461927,-1445636.9468159636,-1.7931477006014618e-05,-2.2372512265173113e-05,-1.4222130265759929e-05,-9.5122911100490404e-06,0.0,0.0,0.0,0.0,0.0,0.0,0.0,0.0,0.0,0.0,0.000831882597108283,0.006972339511314098,2.243745639423043e-09
4.0,14,4,-9210414.0572588257,-9736477.8619221486,-8161634.1074944492,-2029759.9852009451,-1.7773053374615905e-05,-2.1234553209300567e-05,-1.0872081305166303e-05,-1.3355820702622219e-05,0.0,0.0,0.0,0.0,0.0,0.0,0.0,0.0,0.0,0.0,0.0012283778865186548,0.0069723318409645315,3.3131374389821954e-09
4.0,15,1,-8771518.9298297223,-11771689.848832995,-6865964.1206258731,-1207146.3083673099,-1.4410101377403602e-05,-3.4151226024445124e-05,-1.8715507328422731e-06,-7.9430227090568979e-06,0.0,0.0,0.0,0.0,0.0,0.0,0.0,0.0,0.0,0.0,0.0015186389459842416,0.0055287989463561095,4.0959340646525496e-09
4.0,15,2,-7901079.6126230014,-9643767.3023034334,-4826615.3441444142,-1348338.57177196,-1.6642193481727412e-05,-2.810907847982464e-05,3.5877814048616956e-06,-8.8720678022594962e-06,0.0,0.0,0.0,0.0,0.0,0.0,0.0,0.0,0.0,0.0,0.0019151300242127441,0.0055287948759946068,5.165237730247462e-09
4.0,15,3,-8806708.4968710262,-9020752.5669669788,-7104540.3436925923,-2373541.0258505614,-1.8555579685513009e-05,-1.9963989666744377e-05,-7.3553132375989126e-06,-1.5617899950096693e-05,0.0,0.0,0.0,0.0,0.0,0.0,0.0,0.0,0.0,0.0,0.0015186310486221422,0.0069723246551720939,4.095956217056285e-09
4.0,15,4,-7782099.9052365394,-7546515.5199004831,-5133254.6824556813,-2679865.7323421929,-1.8876462606459955e-05,-1.7326317350948708e-05,-1.4470610405619126e-06,-1.7633516518811628e-05,0.0,0.0,0.0,0.0,0.0,0.0,0.0,0.0,0.0,0.0,0.0019151209803006559,0.006972313527915607,5.1652607212721206e-09
4.0,16,1,-7152791.827225076,-7651550.4305989603,-2937785.9312400301,-1362836.8780090248,-1.9032807684419773e-05,-2.2314639294619934e-05,8.7019311111618243e-06,-8.9674666572993819e-06,0.0,0.0,0.0,0.0,0.0,0.0,0.0,0.0,0.0,0.0,0.002205378580122287,0.0055287917562237181,5.947978321412123e-09
4.0,16,2,-5968396.0318926387,-4248474.1821010159,137335.6501378892,-1303895.3849811133,-2.334638127896145e-05,-1.2029295507332576e-05,1.6829333188799417e-05,-8.5796316331757253e-06,0.0,0.0,0.0,0.0,0.0,0.0,0.0,0.0,0.0,0.0,0.0026018595252205691,0.005528787824796373,7.017149660682751e-09
4.0,16,3,-7223872.9062326998,-6257251.4788600262,-3450881.9078595852,-2805114.3339550244,-2.0780513780146507e-05,-1.4420144788034321e-05,4.0457669891485771e-06,-1.8457652317424059e-05,0.0,0.0,0.0,0.0,0.0,0.0,0.0,0.0,0.0,0.0,0.0022053690305819718,0.0069723045603396327,5.947993005483926e-09
4.0,16,4,-5777670.5670538712,-3684993.1366080567,-427213.71635416104,-2699695.7394474763,-2.2391066007589053e-05,-8.621248515255591e-06,1.2814940070015041e-05,-1.7763997965564393e-05,0.0,0.0,0.0,0.0,0.0,0.0,0.0,0.0,0.0,0.0,0.0026018499495295291,0.006972292426424366,7.0171591419140055e-09
4.0,17,1,-5000245.9609528743,-1182491.3439266444,2859482.0172578427,-1155148.6011407974,-2.7650875068627661e-05,-2.5300496885950734e-06,2.4066135027998853e-05,-7.6008777955064465e-06,0.0,0.0,0.0,0.0,0.0,0.0,0.0,0.0,0.0,0.0,0.0028920989631002346,0.0055287853210143224,7.799771307141902e-09
4.0,17,2,-3520536.2589928256,3932958.8434404638,7191700.5154138422,-898251.59642153222,-3.517964308195393e-05,1.3864354692057114e-05,3.5306874893641939e-05,-5.9104955044536821e-06,0.0,0.0,0.0,0.0,0.0,0.0,0.0,0.0,0.0,0.0,0.0032885645890796209,0.0055287829583837217,8.868749191409648e-09
4.0,17,3,-5109021.5363531224,-1483983.5296939132,2035749.0456801741,-2537674.19347675,-2.6416897197023902e-05,-2.5641471132063074e-06,2.0595693232755185e-05,-1.6697896193077014e-05,0.0,0.0,0.0,0.0,0.0,0.0,0.0,0.0,0.0,0.0,0.0028920897920175714,0.0069722837908616098,7.799760601988582e-09
4.0,17,4,-3311895.4914167263,2744789.3288427433,6357074.8219585139,-1901617.9852311451,-3.0940422815349618e-05,8.9125633019576899e-06,3.2681401846659465e-05,-1.2512646342820934e-05,0.0,0.0,0.0,0.0,0.0,0.0,0.0,0.0,0.0,0.0,0.0032885566013137503,0.006972273928272453,8.868724815773049e-09
4.0,18,1,-2323689.3521301253,8421483.9829836842,10934378.428248158,-600857.46465470304,-4.2200709370396932e-05,2.8502531174651924e-05,4.5037376624492162e-05,-3.9536421174279455e-06,0.0,0.0,0.0,0.0,0.0,0.0,0.0,0.0,0.0,0.0,0.0035787906148237935,0.0055287820802666209,9.651202475110345e-09
4.0,18,2,-585531.63623486087,15734675.855440006,16776582.128911782,-140213.04856901281,-5.429544579645013e-05,5.3091519498770489e-05,5.9947262778214777e-05,-9.2260185958410422e-07,0.0,0.0,0.0,0.0,0.0,0.0,0.0,0.0,0.0,0.0,0.0039752342667212677,0.0055287824549314843,1.0719910397113099e-08
4.0,18,3,-2469982.8439437645,6432149.3034881325,9887984.5473726764,-1471630.0995711146,-3.8135725704078902e-05,2.0440303826022982e-05,4.3179699730783279e-05,-9.683326055177934e-06,0.0,0.0,0.0,0.0,0.0,0.0,0.0,0.0,0.0,0.0,0.0035787839057681067,0.0069722682355213084,9.651145476157384e-09
4.0,18,4,-602494.8750404669,13088722.143133754,15788875.089871801,-339531.60477972898,-4.8639078003351113e-05,4.1449129976235255e-05,5.9216136365771617e-05,-2.2341179594506164e-06,0.0,0.0,0.0,0.0,0.0,0.0,0.0,0.0,0.0,0.0,0.0039752293826844764,0.0069722643870403726,1.0719822391089487e-08
4.0,19,1,-9345586.9092883207,-6378144.4993945081,-9282695.2375623584,-378581.34106692241,-2.1983807762049749e-05,-2.458036704948467e-06,-2.1569980562092924e-05,-2.4910652242203495e-06,0.0,0.0,0.0,0.0,0.0,0.0,0.0,0.0,0.0,0.0,0.00014512795927498729,0.0080291147102435605,3.914480228126562e-10
4.0,19,2,-9165374.9037591554,-6144682.6093077818,-8930654.8056927398,-1286631.7890474147,-2.2007841403094945e-05,-2.1316861056049164e-06,-2.0463383157817937e-05,-8.4660371719319888e-06,0.0,0.0,0.0,0.0,0.0,0.0,0.0,0.0,0.0,0.0,0.00054162430525962128,0.0080291100938569733,1.460896163036526e-09
4.0,19,3,1487916.8008478624,-1092929.0472682491,1572690.9616961367,-188922.30946388229,6.6815601794432491e-06,-1.0300405501160763e-05,7.2393741578248939e-06,-1.2431087962723454e-06,0.0,0.0,0.0,0.0,0.0,0.0,0.0,0.0,0.0,0.0,0.00014513218179679427,0.0094726937322635006,3.9146778693999693e-10
4.0,19,4,1385284.007748517,-1019218.6181057529,1701641.3379936931,-654533.5206398865,5.8481921413196393e-06,-9.9734351368014563e-06,7.9298233743328985e-06,-4.3068305658104528e-06,0.0,0.0,0.0,0.0,0.0,0.0,0.0,0.0,0.0,0.0,0.00054163985080746442,0.0094726863739910891,1.4609682334347303e-09
4.0,20,1,-8932203.6376406569,-5915060.5532367639,-8412406.0747530907,-1991264.8492584296,-2.2023620915979313e-05,-2.1708194206016943e-06,-1.8603352952179132e-05,-1.3102522708120466e-05,0.0,0.0,0.0,0.0,0.0,0.0,0.0,0.0,0.0,0.0,0.00083187912934067716,0.0080291034044858538,2.243773386277878e-09
4.0,20,2,-8607332.9921807982,-5621930.6023561312,-7545444.4538460094,-2787386.3871489256,-2.2232212372104609e-05,-2.5882646470582979e-06,-1.5244985789861699e-05,-1.8341002427439928e-05,0.0,0.0,0.0,0.0,0.0,0.0,0.0,0.0,0.0,0.0,0.0012283728139081452,0.0080290901947769836,3.3131723740613258e-09
4.0,20,3,1227907.472052746,-966566.01309449575,1961734.4255228695,-974097.68816833571,4.5671712686268989e-06,-9.8724642636419497e-06,9.3957526224603109e-06,-6.4095627881476486e-06,0.0,0.0,0.0,0.0,0.0,0.0,0.0,0.0,0.0,0.0,0.00083190270346956779,0.0094726757361943189,2.2438808767065524e-09
4.0,20,4,902402.10067525785,-948221.4860566128,2367628.353147733,-1403228.1529842659,2.2693476533723197e-06,-9.9077555473233904e-06,1.1910536394641206e-05,-9.2332412466364689e-06,0.0,0.0,0.0,0.0,0.0,0.0,0.0,0.0,0.0,0.0,0.0012284066632392888,0.0094726545039975716,3.313323254707314e-09
4.0,21,1,-8144247.6371759791,-5214591.4324588962,-6559094.8225008566,-3360153.377737544,-2.2118813903043487e-05,-2.8416760760050761e-06,-1.1688508382481182e-05,-2.210980922551304e-05,0.0,0.0,0.0,0.0,0.0,0.0,0.0,0.0,0.0,0.0,0.0015186248872567846,0.0080290776958240277,4.095997397570663e-09
4.0,21,2,-7610870.7673664214,-4622072.6244667657,-5008490.7602937026,-3921075.2835416473,-2.2838063688910564e-05,-3.1717719086308308e-06,-5.7144032423720783e-06,-2.5800675365704039e-05,0.0,0.0,0.0,0.0,0.0,0.0,0.0,0.0,0.0,0.0,0.0019151134482558332,0.0080290577238294539,5.165296510469742e-09
4.0,21,3,558940.26160878409,-922900.03944645775,2817762.9641351765,-1692333.4104456764,-1.9918211296425466e-07,-9.9496912939077469e-06,1.4663871269659408e-05,-1.1135553840732551e-05,0.0,0.0,0.0,0.0,0.0,0.0,0.0,0.0,0.0,0.0,0.0015186656218397908,0.0094726341714861731,4.096171791570733e-09
4.0,21,4,95309.07898637373,-842002.54823514493,3622526.8025478688,-2043964.1833656204,-3.9166829268822342e-06,-1.0084193433999828e-05,1.9292409694152401e-05,-1.3449284326545782e-05,0.0,0.0,0.0,0.0,0.0,0.0,0.0,0.0,0.0,0.0,0.0019151624909729903,0.0094726007407595451,5.165497026628404e-09
4.0,22,1,-6796463.6912714979,-3817706.4891884262,-3374051.24131581,-4231212.5612101005,-2.2619341242160798e-05,-3.0191188524541827e-06,-9.986732145236814e-08,-2.7841378652762458e-05,0.0,0.0,0.0,0.0,0.0,0.0,0.0,0.0,0.0,0.0,0.0022053607535448415,0.0080290412729378258,5.94803222700833e-09
4.0,22,2,-5998656.780764116,-2634059.8144983007,-943978.26855482627,-4361073.0914506409,-2.4339983732596635e-05,-2.2009356945675769e-06,8.9198008777404858e-06,-2.8695860941745218e-05,0.0,0.0,0.0,0.0,0.0,0.0,0.0,0.0,0.0,0.0,0.0026018410972291238,0.0080290178390326067,7.017173560266552e-09
4.0,22,3,-359529.24331368646,-782567.4764556624,4382930.8052971698,-2259918.3592537157,-7.4862202761380163e-06,-1.0269811850212216e-05,2.3719166843721423e-05,-1.4870262803889448e-05,0.0,0.0,0.0,0.0,0.0,0.0,0.0,0.0,0.0,0.0,0.002205414929592254,0.0094725723361160537,5.9482341084628525e-09
4.0,22,4,-790783.10057703359,-541848.5585073675,5766909.2628092049,-2419399.8411906101,-1.220951141568207e-05,-1.0571522128863668e-05,3.0940104335399375e-05,-1.5919650955034215e-05,0.0,0.0,0.0,0.0,0.0,0.0,0.0,0.0,0.0,0.0,0.0026019010252440137,0.0094725298053756971,7.017375778914846e-09
4.0,23,1,-4752369.7368365321,-1116173.158799544,1543978.0858173096,-4205001.4106505141,-2.4437780468870728e-05,-5.1160698538734873e-07,1.6992188204191546e-05,-2.7668909282080379e-05,0.0,0.0,0.0,0.0,0.0,0.0,0.0,0.0,0.0,0.0,0.0028920810779953093,0.0080290004643220978,7.799777757516732e-09
4.0,23,2,-3635379.2589681083,1216423.9493373134,5163030.6287271716,-3632743.1046171421,-2.8256434528182426e-05,3.6684305824672489e-06,2.963710253285251e-05,-2.3903449628380794e-05,0.0,0.0,0.0,0.0,0.0,0.0,0.0,0.0,0.0,0.0,0.0032885490788579132,0.0080289786125271375,8.868695247967726e-09
4.0,23,3,-1201738.8419674356,-373796.76341305766,7002816.2200645851,-2454154.7940575411,-1.648254495134659e-05,-1.1034686074458783e-05,3.7503427356824106e-05,-1.6148338544898619e-05,0.0,0.0,0.0,0.0,0.0,0.0,0.0,0.0,0.0,0.0,0.0028921441983956468,0.0094724962891305428,7.799948455349694e-09
4.0,23,4,-1285423.8683914607,198565.53873574641,9265592.101768475,-2165365.0978479958,-2.138048841395397e-05,-1.1615838115056946e-05,4.8045196669698395e-05,-1.4248102343839812e-05,0.0,0.0,0.0,0.0,0.0,0.0,0.0,0.0,0.0,0.0,0.0032886157689439874,0.0094724499874087945,8.868833718924934e-09
4.0,24,1,-2115582.987397165,3913157.540836256,8694789.8245897889,-2672823.4028274668,-3.0498471774358977e-05,9.1706409014169375e-06,4.0633781328515174e-05,-1.7587177990604731e-05,0.0,0.0,0.0,0.0,0.0,0.0,0.0,0.0,0.0,0.0,0.0035787780772869593,0.008028964786732963,9.651112407163147e-09
4.0,24,2,-668740.2042947486,8391022.6778039057,13949248.920563297,-969550.63079107634,-3.8641330146893925e-05,2.0971909617315219e-05,5.7545038294672018e-05,-6.379643150605282e-06,0.0,0.0,0.0,0.0,0.0,0.0,0.0,0.0,0.0,0.0,0.0039752274674541288,0.0080289517325659275,1.0719730386998874e-08
4.0,24,3,-1297252.3777641999,620335.07861633506,11259212.941882499,-1796002.1883858384,-2.5255947761209152e-05,-1.2638222298225236e-05,5.7365594042066111e-05,-1.1817694399578817e-05,0.0,0.0,0.0,0.0,0.0,0.0,0.0,0.0,0.0,0.0,0.0035788469869979939,0.0094724162439301183,9.651187056524108e-09
4.0,24,4,-453295.94398236088,1771686.6305929814,14858640.403989172,-569834.41658608499,-2.8542396434551607e-05,-1.3902011093845848e-05,7.2210144735101076e-05,-3.7495104611364388e-06,0.0,0.0,0.0,0.0,0.0,0.0,0.0,0.0,0.0,0.0,0.0039753006593938843,0.0094723745931814315,1.0719742503844674e-08
4.0,25,1,0.0,0.0,0.0,0.0,0.0,0.0,0.0,0.0,0.0,0.0,0.0,0.0,0.0,0.0,0.0,0.0,0.0,0.0,0.0041813332490731811,0.00042349503027199088,3.757841763057791e-09
4.0,25,2,0.0,0.0,0.0,0.0,0.0,0.0,0.0,0.0,0.0,0.0,0.0,0.0,0.0,0.0,0.0,0.0,0.0,0.0,0.0043461667509268201,0.00042349503027199088,3.905980689165557e-09
4.0,25,3,0.0,0.0,0.0,0.0,0.0,0.0,0.0,0.0,0.0,0.0,0.0,0.0,0.0,0.0,0.0,0.0,0.0,0.0,0.0041813332490731794,0.0015805049697280092,3.757841763057791e-09
4.0,25,4,0.0,0.0,0.0,0.0,0.0,0.0,0.0,0.0,0.0,0.0,0.0,0.0,0.0,0.0,0.0,0.0,0.0,0.0,0.0043461667509268193,0.0015805049697280092,3.9059806891655735e-09
4.0,26,1,0.0,0.0,0.0,0.0,0.0,0.0,0.0,0.0,0.0,0.0,0.0,0.0,0.0,0.0,0.0,0.0,0.0,0.0,0.0044668332490731804,0.00042349503027199088,4.014425909655213e-09
4.0,26,2,0.0,0.0,0.0,0.0,0.0,0.0,0.0,0.0,0.0,0.0,0.0,0.0,0.0,0.0,0.0,0.0,0.0,0.0,0.0046316667509268186,0.00042349503027199088,4.162564835763061e-09
4.0,26,3,0.0,0.0,0.0,0.0,0.0,0.0,0.0,0.0,0.0,0.0,0.0,0.0,0.0,0.0,0.0,0.0,0.0,0.0,0.0044668332490731787,0.0015805049697280092,4.014425909655213e-09
4.0,26,4,0.0,0.0,0.0,0.0,0.0,0.0,0.0,0.0,0.0,0.0,0.0,0.0,0.0,0.0,0.0,0.0,0.0,0.0,0.0046316667509268186,0.0015805049697280092,4.162564835763092e-09
4.0,27,1,0.0,0.0,0.0,0.0,0.0,0.0,0.0,0.0,0.0,0.0,0.0,0.0,0.0,0.0,0.0,0.0,0.0,0.0,0.0041813332490731811,0.0024274950302719906,3.75784176305779e-09
4.0,27,2,0.0,0.0,0.0,0.0,0.0,0.0,0.0,0.0,0.0,0.0,0.0,0.0,0.0,0.0,0.0,0.0,0.0,0.0,0.0043461667509268201,0.0024274950302719911,3.905980689165556e-09
4.0,27,3,0.0,0.0,0.0,0.0,0.0,0.0,0.0,0.0,0.0,0.0,0.0,0.0,0.0,0.0,0.0,0.0,0.0,0.0,0.0041813332490731794,0.0035845049697280093,3.7578417630577884e-09
4.0,27,4,0.0,0.0,0.0,0.0,0.0,0.0,0.0,0.0,0.0,0.0,0.0,0.0,0.0,0.0,0.0,0.0,0.0,0.0,0.0043461667509268193,0.0035845049697280093,3.9059806891655735e-09
4.0,28,1,0.0,0.0,0.0,0.0,0.0,0.0,0.0,0.0,0.0,0.0,0.0,0.0,0.0,0.0,0.0,0.0,0.0,0.0,0.0044668332490731804,0.0024274950302719906,4.0144259096552124e-09
4.0,28,2,0.0,0.0,0.0,0.0,0.0,0.0,0.0,0.0,0.0,0.0,0.0,0.0,0.0,0.0,0.0,0.0,0.0,0.0,0.0046316667509268186,0.0024274950302719911,4.16256483576306e-09
4.0,28,3,0.0,0.0,0.0,0.0,0.0,0.0,0.0,0.0,0.0,0.0,0.0,0.0,0.0,0.0,0.0,0.0,0.0,0.0,0.0044668332490731787,0.0035845049697280093,4.014425909655211e-09
4.0,28,4,0.0,0.0,0.0,0.0,0.0,0.0,0.0,0.0,0.0,0.0,0.0,0.0,0.0,0.0,0.0,0.0,0.0,0.0,0.0046316667509268186,0.0035845049697280093,4.162564835763092e-09
4.0,29,1,0.0,0.0,0.0,0.0,0.0,0.0,0.0,0.0,0.0,0.0,0.0,0.0,0.0,0.0,0.0,0.0,0.0,0.0,0.0041813332490731811,0.0044314950302719903,3.75784176305779e-09
4.0,29,2,0.0,0.0,0.0,0.0,0.0,0.0,0.0,0.0,0.0,0.0,0.0,0.0,0.0,0.0,0.0,0.0,0.0,0.0,0.0043461667509268201,0.0044314950302719912,3.905980689165555e-09
4.0,29,3,0.0,0.0,0.0,0.0,0.0,0.0,0.0,0.0,0.0,0.0,0.0,0.0,0.0,0.0,0.0,0.0,0.0,0.0,0.0041813332490731794,0.0055885049697280082,3.757841763057787e-09
4.0,29,4,0.0,0.0,0.0,0.0,0.0,0.0,0.0,0.0,0.0,0.0,0.0,0.0,0.0,0.0,0.0,0.0,0.0,0.0,0.0043461667509268193,0.0055885049697280082,3.905980689165574e-09
4.0,30,1,0.0,0.0,0.0,0.0,0.0,0.0,0.0,0.0,0.0,0.0,0.0,0.0,0.0,0.0,0.0,0.0,0.0,0.0,0.0044668332490731804,0.0044314950302719903,4.0144259096552124e-09
4.0,30,2,0.0,0.0,0.0,0.0,0.0,0.0,0.0,0.0,0.0,0.0,0.0,0.0,0.0,0.0,0.0,0.0,0.0,0.0,0.0046316667509268186,0.0044314950302719912,4.1625648357630595e-09
4.0,30,3,0.0,0.0,0.0,0.0,0.0,0.0,0.0,0.0,0.0,0.0,0.0,0.0,0.0,0.0,0.0,0.0,0.0,0.0,0.0044668332490731787,0.0055885049697280082,4.014425909655209e-09
4.0,30,4,0.0,0.0,0.0,0.0,0.0,0.0,0.0,0.0,0.0,0.0,0.0,0.0,0.0,0.0,0.0,0.0,0.0,0.0,0.0046316667509268186,0.0055885049697280082,4.162564835763093e-09
4.0,31,1,0.0,0.0,0.0,0.0,0.0,0.0,0.0,0.0,0.0,0.0,0.0,0.0,0.0,0.0,0.0,0.0,0.0,0.0,0.0041813332490731811,0.0064354950302719901,3.757841763057785e-09
4.0,31,2,0.0,0.0,0.0,0.0,0.0,0.0,0.0,0.0,0.0,0.0,0.0,0.0,0.0,0.0,0.0,0.0,0.0,0.0,0.0043461667509268201,0.0064354950302719909,3.905980689165552e-09
4.0,31,3,0.0,0.0,0.0,0.0,0.0,0.0,0.0,0.0,0.0,0.0,0.0,0.0,0.0,0.0,0.0,0.0,0.0,0.0,0.0041813332490731794,0.0075925049697280079,3.757841763057797e-09
4.0,31,4,0.0,0.0,0.0,0.0,0.0,0.0,0.0,0.0,0.0,0.0,0.0,0.0,0.0,0.0,0.0,0.0,0.0,0.0,0.0043461667509268193,0.0075925049697280079,3.905980689165581e-09
4.0,32,1,0.0,0.0,0.0,0.0,0.0,0.0,0.0,0.0,0.0,0.0,0.0,0.0,0.0,0.0,0.0,0.0,0.0,0.0,0.0044668332490731804,0.0064354950302719901,4.0144259096552075e-09
4.0,32,2,0.0,0.0,0.0,0.0,0.0,0.0,0.0,0.0,0.0,0.0,0.0,0.0,0.0,0.0,0.0,0.0,0.0,0.0,0.0046316667509268186,0.0064354950302719909,4.162564835763056e-09
4.0,32,3,0.0,0.0,0.0,0.0,0.0,0.0,0.0,0.0,0.0,0.0,0.0,0.0,0.0,0.0,0.0,0.0,0.0,0.0,0.0044668332490731787,0.0075925049697280079,4.01442590965522e-09
4.0,32,4,0.0,0.0,0.0,0.0,0.0,0.0,0.0,0.0,0.0,0.0,0.0,0.0,0.0,0.0,0.0,0.0,0.0,0.0,0.0046316667509268186,0.0075925049697280079,4.1625648357631e-09
4.0,33,1,0.0,0.0,0.0,0.0,0.0,0.0,0.0,0.0,0.0,0.0,0.0,0.0,0.0,0.0,0.0,0.0,0.0,0.0,0.0041813332490731811,0.0084394950302719915,3.757841763057785e-09
4.0,33,2,0.0,0.0,0.0,0.0,0.0,0.0,0.0,0.0,0.0,0.0,0.0,0.0,0.0,0.0,0.0,0.0,0.0,0.0,0.0043461667509268201,0.0084394950302719915,3.9059806891655544e-09
4.0,33,3,0.0,0.0,0.0,0.0,0.0,0.0,0.0,0.0,0.0,0.0,0.0,0.0,0.0,0.0,0.0,0.0,0.0,0.0,0.0041813332490731794,0.0095965049697280085,3.757841763057793e-09
4.0,33,4,0.0,0.0,0.0,0.0,0.0,0.0,0.0,0.0,0.0,0.0,0.0,0.0,0.0,0.0,0.0,0.0,0.0,0.0,0.0043461667509268193,0.0095965049697280085,3.9059806891655784e-09
4.0,34,1,0.0,0.0,0.0,0.0,0.0,0.0,0.0,0.0,0.0,0.0,0.0,0.0,0.0,0.0,0.0,0.0,0.0,0.0,0.0044668332490731804,0.0084394950302719915,4.0144259096552075e-09
4.0,34,2,0.0,0.0,0.0,0.0,0.0,0.0,0.0,0.0,0.0,0.0,0.0,0.0,0.0,0.0,0.0,0.0,0.0,0.0,0.0046316667509268186,0.0084394950302719915,4.162564835763058e-09
4.0,34,3,0.0,0.0,0.0,0.0,0.0,0.0,0.0,0.0,0.0,0.0,0.0,0.0,0.0,0.0,0.0,0.0,0.0,0.0,0.0044668332490731787,0.0095965049697280085,4.014425909655216e-09
4.0,34,4,0.0,0.0,0.0,0.0,0.0,0.0,0.0,0.0,0.0,0.0,0.0,0.0,0.0,0.0,0.0,0.0,0.0,0.0,0.0046316667509268186,0.0095965049697280085,4.1625648357630976e-09
5.0,1,1,-13024577.241691163,-26060715.107772339,-12906828.157704715,-625.89730658300186,-3.5541678490020603e-06,-8.9331955007816225e-05,-2.7793788763712283e-06,-4.1184042773161523e-09,0.0,0.0,0.0,0.0,0.0,0.0,0.0,0.0,0.0,0.0,0.00014513968036408952,0.00052837532687697989,3.915013636703737e-10
5.0,1,2,-12694470.449351689,-25082511.346130591,-12255023.49175244,-12590.010095801514,-4.4790472029032604e-06,-8.599235630370842e-05,-1.5874862219002007e-06,-8.2842266430373953e-08,0.0,0.0,0.0,0.0,0.0,0.0,0.0,0.0,0.0,0.0,0.00054166751472944355,0.00052837535225457922,1.4610937472456167e-09
5.0,1,3,-13208063.787887814,-25868703.373038556,-13090245.333759815,-18183.119128639803,-4.4851799826976454e-06,-8.7792188452989517e-05,-3.7099345545354125e-06,-1.196449238664499e-07,0.0,0.0,0.0,0.0,0.0,0.0,0.0,0.0,0.0,0.0,0.00014513947981561383,0.0019719246386495169,3.915007077406568e-10
5.0,1,4,-12872903.978006419,-24899257.367303144,-12433198.141623734,-57831.618582722003,-5.3792401859276303e-06,-8.4512645487500086e-05,-2.4859757825295447e-06,-3.8053205027431078e-07,0.0,0.0,0.0,0.0,0.0,0.0,0.0,0.0,0.0,0.0,0.00054166676559842949,0.0019719246413018184,1.4610911574114284e-09
5.0,2,1,-12408530.565391514,-23872941.910767045,-11332799.241548711,-12211.759109990118,-6.4175818062986736e-06,-8.1853408458869677e-05,6.6073030458697361e-07,-8.0353374943734978e-08,0.0,0.0,0.0,0.0,0.0,0.0,0.0,0.0,0.0,0.0,0.00083194472774996862,0.00052837539098997367,2.2440739666985247e-09
5.0,2,2,-11771654.116770981,-21538351.317831248,-9633927.0677866451,-21021.19015163917,-9.6060707345786346e-06,-7.3870938317555174e-05,4.4601732477382952e-06,-1.3831943119778572e-07,0.0,0.0,0.0,0.0,0.0,0.0,0.0,0.0,0.0,0.0,0.0012284671396063066,0.00052837547897042992,3.3136107083947677e-09
5.0,2,3,-12571788.802147152,-23700207.002939682,-11499525.353893699,-91205.194093532278,-7.2433668869390109e-06,-8.0468358648153862e-05,-1.878733974313044e-07,-6.0013017713544234e-07,0.0,0.0,0.0,0.0,0.0,0.0,0.0,0.0,0.0,0.0,0.00083194358125030312,0.0019719246481906751,2.2440697527386833e-09
5.0,2,4,-11927175.693768727,-21399515.668905914,-9789993.362776313,-123128.83007325063,-1.0356454198785713e-05,-7.2684451235188399e-05,3.7062055391443641e-06,-8.101877018819891e-07,0.0,0.0,0.0,0.0,0.0,0.0,0.0,0.0,0.0,0.0,0.0012284654529025603,0.0019719246924651186,3.3136035012707005e-09
5.0,3,1,-11209282.549458761,-19244111.572305519,-7910223.7191781858,-17578.9849055411,-1.3142562986749551e-05,-6.6011737957081228e-05,8.5652441164966418e-06,-1.1566972067846044e-07,0.0,0.0,0.0,0.0,0.0,0.0,0.0,0.0,0.0,0.0,0.0015187386641340502,0.00052837557456475752,4.096530129900447e-09
5.0,3,2,-10202698.731261725,-15299346.868035795,-4989059.1940979278,-26658.043690232811,-1.8957812078137349e-05,-5.2493756818110718e-05,1.5347936076400448e-05,-1.7540992748173189e-07,0.0,0.0,0.0,0.0,0.0,0.0,0.0,0.0,0.0,0.0,0.0019152506364589024,0.00052837576292609771,5.16595424647404e-09
5.0,3,3,-11337385.867042677,-19125510.164367229,-8042730.7391196508,-140390.36299584236,-1.376110870770412e-05,-6.500696658409966e-05,7.9177220340293968e-06,-9.2376858851264258e-07,0.0,0.0,0.0,0.0,0.0,0.0,0.0,0.0,0.0,0.0,0.001518736586054063,0.0019719247697672091,4.09652020150886e-09
5.0,3,4,-10314910.332999732,-15226530.020097017,-5093805.5852688001,-152616.99100352006,-1.9468421408520666e-05,-5.1786878949620804e-05,1.4886447831548865e-05,-1.004219800803162e-06,0.0,0.0,0.0,0.0,0.0,0.0,0.0,0.0,0.0,0.0,0.0019152480113787313,0.0019719249933132961,5.165938786775916e-09
5.0,4,1,-9343643.3927258626,-11745932.992257047,-2322666.2494582348,-17614.75520824876,-2.4489830161719172e-05,-4.0296895726634353e-05,2.1708199440981826e-05,-1.1590508927027683e-07,0.0,0.0,0.0,0.0,0.0,0.0,0.0,0.0,0.0,0.0,0.0022055124875882404,0.00052837595480774414,5.9487676610394395e-09
5.0,4,2,-7927362.8949197521,-5972700.3795329137,1972574.4092674479,-24550.568319674687,-3.3316615441579322e-05,-2.0454936090333927e-05,3.1824972019972445e-05,-1.6154273954345942e-07,0.0,0.0,0.0,0.0,0.0,0.0,0.0,0.0,0.0,0.0,0.0026020081865182907,0.00052837631048936187,7.018012946866466e-09
5.0,4,3,-9430496.0983090363,-11699115.190416135,-2388266.2527071703,-147007.89156976089,-2.489441781141036e-05,-3.9821931437475065e-05,2.1443454572649919e-05,-9.673119265290266e-07,0.0,0.0,0.0,0.0,0.0,0.0,0.0,0.0,0.0,0.0,0.0022055094404006305,0.0019719252759359289,5.948746572656093e-09
5.0,4,4,-7980050.8113137912,-5960946.9382943213,1974318.6490085209,-146413.56806088236,-3.3601381359497379e-05,-2.031567787502928e-05,3.1898369689423414e-05,-9.6340127784060591e-07,0.0,0.0,0.0,0.0,0.0,0.0,0.0,0.0,0.0,0.0,0.0026020044846509324,0.0019719258984706805,7.0179809420289395e-09
5.0,5,1,-6740309.7978879623,-974951.3615018893,5720159.6954670008,-15317.364242043435,-4.1198978157104692e-05,-3.2629196456843261e-06,4.0790911109170973e-05,-1.007882567126458e-07,0.0,0.0,0.0,0.0,0.0,0.0,0.0,0.0,0.0,0.0,0.0028922558194956227,0.00052837666692581893,7.800668126465903e-09
5.0,5,2,-4874937.4688028581,6903459.1537532778,11588755.17957229,-60763.582631452991,-5.3592385990668686e-05,2.390946378575069e-05,5.4738711635639777e-05,-3.9982437371496068e-07,0.0,0.0,0.0,0.0,0.0,0.0,0.0,0.0,0.0,0.0,0.0032887285784951779,0.00052837730876145283,8.869657084318397e-09
5.0,5,3,-6804671.5486653959,-994666.30754581932,5781686.2599428492,-105784.04357181142,-4.1586849268114287e-05,-3.3570147815474708e-06,4.1231385112527966e-05,-6.9605900670251912e-07,0.0,0.0,0.0,0.0,0.0,0.0,0.0,0.0,0.0,0.0,0.002892251535394812,0.0019719265789921664,7.800622831140786e-09
5.0,5,4,-4867929.6247685291,6894745.8556344109,11804757.913346117,-77044.584753581701,-5.3884864078831877e-05,2.3513540582219461e-05,5.5821419921962491e-05,-5.0695336767856753e-07,0.0,0.0,0.0,0.0,0.0,0.0,0.0,0.0,0.0,0.0,0.0032887232422876209,0.0019719279041813089,8.869588597120252e-09
5.0,6,1,-3329565.3745307736,13583363.899438836,16578684.441190017,-912.02316946916676,-6.4303863250847457e-05,4.6983211371872568e-05,6.6692420536595352e-05,-6.0011124551071179e-09,0.0,0.0,0.0,0.0,0.0,0.0,0.0,0.0,0.0,0.0,0.003578956761820116,0.00052837801758385205,9.652093713912643e-09
5.0,6,2,-952003.18016130105,23946231.068074621,24264557.390017375,-51259.557775038535,-8.0933061664591855e-05,8.2897319688800486e-05,8.4991906887183839e-05,-3.3728789015975353e-07,0.0,0.0,0.0,0.0,0.0,0.0,0.0,0.0,0.0,0.0,0.003975398907215209,0.00052837933757021629,1.0720739356708388e-08
5.0,6,3,-3366891.484511476,13513111.416323069,16912124.544163883,-16778.181627701601,-6.4906330240126754e-05,4.6164088847364531e-05,6.8529595228557097e-05,-1.1040043511027652e-07,0.0,0.0,0.0,0.0,0.0,0.0,0.0,0.0,0.0,0.0,0.003578950407030896,0.0019719292375256457,9.651993113190484e-09
5.0,6,4,-937245.67460726574,23806070.502181806,24865427.770184472,-51232.901859567661,-8.1587195643375039e-05,8.1223824799897019e-05,8.8194395623354595e-05,-3.3711249423595519e-07,0.0,0.0,0.0,0.0,0.0,0.0,0.0,0.0,0.0,0.0,0.0039753905349635601,0.0019719316494591242,1.0720578003725597e-08
5.0,7,1,-13556840.84000925,-25555799.154533274,-13441147.960631328,-34725.786495779495,-6.169027758086171e-06,-8.5122173467654279e-05,-5.4077686117794396e-06,-2.2849567514222906e-07,0.0,0.0,0.0,0.0,0.0,0.0,0.0,0.0,0.0,0.0,0.00014513918963039507,0.0030286771910328514,3.915000749847782e-10
5.0,7,2,-13204993.636566993,-24604020.220767837,-12773220.579814849,-132209.2067156416,-6.9689277179143127e-06,-8.1974522641955875e-05,-4.1278610044852138e-06,-8.6993658018892165e-07,0.0,0.0,0.0,0.0,0.0,0.0,0.0,0.0,0.0,0.0,0.00054166570331248875,0.0030286770784129433,1.461088744817678e-09
5.0,7,3,-14192404.689096857,-24191020.448759407,-14082588.255847704,-121915.71089154622,-1.0489721692205048e-05,-7.6280613390784625e-05,-9.7671295614256188e-06,-8.022053776663741e-07,0.0,0.0,0.0,0.0,0.0,0.0,0.0,0.0,0.0,0.0,0.00014513850284390709,0.0044722368202909871,3.914997006348365e-10
5.0,7,4,-13811202.002633335,-23302954.010595296,-13401360.042836145,-361880.07182562945,-1.1063193808744993e-05,-7.3518922021134704e-05,-8.3664337132794894e-06,-2.3811708726126415e-06,0.0,0.0,0.0,0.0,0.0,0.0,0.0,0.0,0.0,0.0,0.00054166319741789351,0.0044722361120450591,1.4610872247343653e-09
5.0,8,1,-12901414.632291891,-23440791.317309886,-11840988.702147836,-188278.9235620992,-8.7618607307162506e-06,-7.8110959318134651e-05,-1.7842581103683821e-06,-1.2388753170386127e-06,0.0,0.0,0.0,0.0,0.0,0.0,0.0,0.0,0.0,0.0,0.00083194196846862365,0.0030286769229154872,2.244065749223865e-09
5.0,8,2,-12213453.846496431,-21181431.111922629,-10110238.183914179,-253539.07557601584,-1.1626431745059988e-05,-7.0635722151564395e-05,2.212727314731223e-06,-1.6682871172901841e-06,0.0,0.0,0.0,0.0,0.0,0.0,0.0,0.0,0.0,0.0,0.0012284631426885825,0.0030286766819774768,3.3135972849426247e-09
5.0,8,3,-13464382.088539848,-22235924.492084105,-12462677.163070045,-570006.94591840694,-1.2498119827555687e-05,-7.0214868842876878e-05,-5.9069014179643831e-06,-3.7506457041431171e-06,0.0,0.0,0.0,0.0,0.0,0.0,0.0,0.0,0.0,0.0,0.00083193820142271147,0.0044722351133374364,2.2440631035650868e-09
5.0,8,4,-12722436.144750856,-20187959.679568414,-10731687.080571273,-744367.41153203836,-1.4759138842733565e-05,-6.3882283701833099e-05,-1.6600100004319242e-06,-4.8979375678808124e-06,0.0,0.0,0.0,0.0,0.0,0.0,0.0,0.0,0.0,0.0,0.0012284578464938356,0.0044722332616808757,3.3135920907821095e-09
5.0,9,1,-11627423.799167678,-18966676.818844285,-8364421.5320654521,-283519.45379929111,-1.4953983601401004e-05,-6.324626847087308e-05,6.5165713161316392e-06,-1.8655580059993354e-06,0.0,0.0,0.0,0.0,0.0,0.0,0.0,0.0,0.0,0.0,0.0015187337983414519,0.0030286764944089397,4.096511449213308e-09
5.0,9,2,-10547467.600143807,-15119749.76253606,-5383432.1723889858,-298684.0384967823,-2.0342310543537462e-05,-5.0427927172078476e-05,1.3637042571089256e-05,-1.9653409733088273e-06,0.0,0.0,0.0,0.0,0.0,0.0,0.0,0.0,0.0,0.0,0.001915244624954312,0.0030286763502940552,5.165926798980486e-09
5.0,9,3,-12017781.687949961,-18131881.293155938,-8950722.5332682282,-879337.97156817128,-1.7298394393999619e-05,-5.7529169796254948e-05,2.8828548438061786e-06,-5.786043852918567e-06,0.0,0.0,0.0,0.0,0.0,0.0,0.0,0.0,0.0,0.0,0.0015187275719374584,0.0044722315992949957,4.096504652675492e-09
5.0,9,4,-10892444.616524268,-14612253.865142541,-5982086.3149498384,-930971.87684791221,-2.1923165598075383e-05,-4.6399510453983608e-05,1.0386992026284361e-05,-6.1257949496592619e-06,0.0,0.0,0.0,0.0,0.0,0.0,0.0,0.0,0.0,0.0,0.0019152374272314882,0.0044722291885066117,5.165914779307509e-09
5.0,10,1,-9665838.0641720053,-11658041.317016827,-2672777.292458876,-297689.38848061475,-2.5686496917888417e-05,-3.8795194321607346e-05,2.0327842959983981e-05,-1.958796176202445e-06,0.0,0.0,0.0,0.0,0.0,0.0,0.0,0.0,0.0,0.0,0.0022055056524560891,0.0030286763292649652,5.948730590782105e-09
5.0,10,2,-8169511.5177826639,-5980271.3303615544,1725557.744301999,-246251.78697948309,-3.4125110122939213e-05,-1.9719909689708326e-05,3.0984445621577853e-05,-1.6203367583249986e-06,0.0,0.0,0.0,0.0,0.0,0.0,0.0,0.0,0.0,0.0,0.0026020001688932398,0.0030286765690748039,7.017959354747183e-09
5.0,10,3,-9823387.8423850499,-11323139.61215454,-3204365.903866061,-951070.78756740177,-2.6163480496612706e-05,-3.6031847141695938e-05,1.7389683858842247e-05,-6.2580457821935033e-06,0.0,0.0,0.0,0.0,0.0,0.0,0.0,0.0,0.0,0.0,0.0022054980089561953,0.004472227414177873,5.948717299717382e-09
5.0,10,4,-8328100.2165255174,-6008250.66686753,1165354.4389764238,-864940.32726294314,-3.3988725042559642e-05,-1.8724115005810074e-05,2.8478206590643133e-05,-5.6913073533901653e-06,0.0,0.0,0.0,0.0,0.0,0.0,0.0,0.0,0.0,0.0,0.0026019922465511055,0.0044722252928235335,7.017938374636594e-09
5.0,11,1,-6949887.663942432,-1056472.5983889382,5570258.9084004238,-230707.54077564011,-4.1881220689530304e-05,-3.1025495581883212e-06,4.0501343756485683e-05,-1.5180556183037118e-06,0.0,0.0,0.0,0.0,0.0,0.0,0.0,0.0,0.0,0.0,0.0028922468720142275,0.003028676919668326,7.800596176938663e-09
5.0,11,2,-5017115.3291907348,6740561.6217142334,11618258.608194083,-137051.20984159937,-5.4092512609208807e-05,2.3273001727745872e-05,5.5368247898783284e-05,-9.0179696075772388e-07,0.0,0.0,0.0,0.0,0.0,0.0,0.0,0.0,0.0,0.0,0.0032887180833475861,0.00302867777705439,8.869550920305957e-09
5.0,11,3,-6914191.6020693509,-1211174.7008033032,5086148.4835501006,-759069.47919823951,-4.0693416587086684e-05,-3.167565376756099e-06,3.8268821176289287e-05,-4.9946771731244155e-06,0.0,0.0,0.0,0.0,0.0,0.0,0.0,0.0,0.0,0.0,0.0028922390011018847,0.0044722240706660879,7.800576080073557e-09
5.0,11,4,-5052012.2706445111,6321915.6433164952,11085069.461291734,-551607.1084685754,-5.2763097818503551e-05,2.2077347855359865e-05,5.3418899977636925e-05,-3.6295747737232262e-06,0.0,0.0,0.0,0.0,0.0,0.0,0.0,0.0,0.0,0.0,0.0032887105466680605,0.0044722230665210526,8.869525707915495e-09
5.0,12,1,-3406382.8830482252,13410921.087968985,16826461.943206009,-130511.13500837921,-6.4806979604497606e-05,4.5850880524795617e-05,6.8325139352255233e-05,-8.5876326835513518e-07,0.0,0.0,0.0,0.0,0.0,0.0,0.0,0.0,0.0,0.0,0.0035789448858380194,0.003028678596428227,9.651950325958276e-09
5.0,12,2,-946103.70604366437,23774936.470982105,24887983.222659677,51980.146170223103,-8.1617931646172319e-05,8.10465127186572e-05,8.8370360344695647e-05,3.42029361800068e-07,0.0,0.0,0.0,0.0,0.0,0.0,0.0,0.0,0.0,0.0,0.00397538442245517,0.0030286800376858815,1.0720522549087509e-08
5.0,12,3,-3376074.6387922913,12917345.75606256,16289538.114832766,-335083.46715338016,-6.3027249709976063e-05,4.4183456488168853e-05,6.6372482208876799e-05,-2.2048492138692415e-06,0.0,0.0,0.0,0.0,0.0,0.0,0.0,0.0,0.0,0.0,0.0035789377422865533,0.0044722229988384925,9.651931308093081e-09
5.0,12,4,-1058739.2608981561,23160507.483768091,24211731.338188484,-183464.28590528952,-8.0141833643182159e-05,7.9220809936721726e-05,8.6137862898807928e-05,-1.207195001256805e-06,0.0,0.0,0.0,0.0,0.0,0.0,0.0,0.0,0.0,0.0,0.0039753780399634413,0.0044722237153997334,1.0720515032686952e-08
5.0,13,1,-14984995.227796469,-22141656.997500669,-14882617.535028875,-201615.82911830206,-1.6426622377585654e-05,-6.351745682223932e-05,-1.5752977159174886e-05,-1.3266321555984275e-06,0.0,0.0,0.0,0.0,0.0,0.0,0.0,0.0,0.0,0.0,0.00014513763215767461,0.0055290050530429173,3.9150001418307504e-10
5.0,13,2,-14575516.201224899,-21341497.157346606,-14193434.683233237,-734267.4280179044,-1.6732388698008339e-05,-6.1252543389289188e-05,-1.4218292309623204e-05,-4.8314796763578111e-06,0.0,0.0,0.0,0.0,0.0,0.0,0.0,0.0,0.0,0.0,0.00054166002041398215,0.0055290034969842526,1.4610882548343475e-09
5.0,13,3,-14898978.812663034,-16388284.806774743,-14811047.831719063,-381379.21639948391,-2.5199948494494955e-05,-3.499958193574999e-05,-2.4621362639883631e-05,-2.5094752439086041e-06,0.0,0.0,0.0,0.0,0.0,0.0,0.0,0.0,0.0,0.0,0.00014513639387656778,0.0069726100278212719,3.9150466753925934e-10
5.0,13,4,-14453796.471140921,-15790972.903753823,-14125625.70563316,-1382448.6885215812,-2.5000756552873169e-05,-3.3799377479466067e-05,-2.28413929158321e-05,-9.0965123704720039e-06,0.0,0.0,0.0,0.0,0.0,0.0,0.0,0.0,0.0,0.0,0.00054165553977194181,0.0069726061109567083,1.461105225076351e-09
5.0,14,1,-14175014.299546231,-20409742.823185485,-13254406.183525961,-1089363.564845978,-1.7685716067127073e-05,-5.871022975267336e-05,-1.1628114663713691e-05,-7.1680122566865348e-06,0.0,0.0,0.0,0.0,0.0,0.0,0.0,0.0,0.0,0.0,0.00083193343030265286,0.0055290012576752852,2.244064348087342e-09
5.0,14,2,-13357084.189698769,-18634083.375426363,-11524687.807478238,-1503493.5678230277,-1.9134562479504566e-05,-5.3857217121592145e-05,-7.0773942844934842e-06,-9.8929876762755226e-06,0.0,0.0,0.0,0.0,0.0,0.0,0.0,0.0,0.0,0.0,0.001228451173860423,0.005528996991065762,3.313592717783503e-09
5.0,14,3,-14173168.234476026,-15232582.12606382,-13320617.016884221,-2063995.5857501549,-2.5751786526522224e-05,-3.27227299331699e-05,-2.0141999514768148e-05,-1.3581090954236019e-05,0.0,0.0,0.0,0.0,0.0,0.0,0.0,0.0,0.0,0.0,0.00083192665334712247,0.0069726004658890398,2.2440879355861967e-09
5.0,14,4,-13233117.791146617,-14027041.097236624,-11656689.120336331,-2893825.3268630821,-2.5585295211967813e-05,-3.0809310566040064e-05,-1.5212394558036136e-05,-1.9041370650759081e-05,0.0,0.0,0.0,0.0,0.0,0.0,0.0,0.0,0.0,0.0,0.0012284416709849085,0.0069725895039639916,3.3136247276316625e-09
5.0,15,1,-12598404.147401193,-16855206.952449642,-9761932.4147775229,-1723482.2504587311,-2.0936940536787041e-05,-4.8946702994005844e-05,-2.2729565361232983e-06,-1.1340513208018451e-05,0.0,0.0,0.0,0.0,0.0,0.0,0.0,0.0,0.0,0.0,0.0015187197190564081,0.0055289930951099506,4.096503601555317e-09
5.0,15,2,-11325469.001255946,-13709033.878040925,-6774787.0837498959,-1924965.4539431289,-2.4262907886650244e-05,-3.994676477589539e-05,5.6805791305395818e-06,-1.2666272686945788e-05,0.0,0.0,0.0,0.0,0.0,0.0,0.0,0.0,0.0,0.0,0.0019152283830651308,0.005528987283640421,5.165911468707964e-09
5.0,15,3,-12654149.465890126,-12942522.08674138,-10104419.497816633,-3383127.6660084608,-2.6856579625848977e-05,-2.8754071471050215e-05,-1.0079356435925383e-05,-2.226098004233567e-05,0.0,0.0,0.0,0.0,0.0,0.0,0.0,0.0,0.0,0.0,0.0015187085093047257,0.0069725792397565493,4.096535319060666e-09
5.0,15,4,-11144975.890010588,-10722126.13437451,-7206468.1727038287,-3814436.2175983726,-2.7397700444869161e-05,-2.4615349052783778e-05,-1.4823196649906859e-06,-2.5098990311797291e-05,0.0,0.0,0.0,0.0,0.0,0.0,0.0,0.0,0.0,0.0,0.0019152155548549786,0.0069725633563167506,5.165944677035136e-09
5.0,16,1,-10229793.890780102,-10798185.251732772,-4036140.0034837443,-1946259.4165638839,-2.7710735550658411e-05,-3.1450750705726985e-05,1.3043507027751617e-05,-1.2806386960990356e-05,0.0,0.0,0.0,0.0,0.0,0.0,0.0,0.0,0.0,0.0,0.0022054883870186856,0.005528982829050769,5.948709197873727e-09
5.0,16,2,-8512458.568558719,-5873933.9550784193,390750.88531425036,-1861535.6088157133,-3.3898863592566212e-05,-1.6537371635865837e-05,2.4684254613917931e-05,-1.2248904306007393e-05,0.0,0.0,0.0,0.0,0.0,0.0,0.0,0.0,0.0,0.0,0.0026019823289490035,0.0055289772159648276,7.017927355511493e-09
5.0,16,3,-10342388.787900915,-8821176.6048711445,-4771273.8678698689,-3990556.6833053255,-3.0235872192573777e-05,-2.0226296028237878e-05,6.4220639812305111e-06,-2.625786297614904e-05,0.0,0.0,0.0,0.0,0.0,0.0,0.0,0.0,0.0,0.0,0.0022054748472732305,0.0069725505665906642,5.948730165947526e-09
5.0,16,4,-8245901.5952567626,-5070757.7988070063,-413334.56922297832,-3839583.1401447989,-3.256464203479643e-05,-1.1672195854157043e-05,1.8973648996505858e-05,-2.5264457062152775e-05,0.0,0.0,0.0,0.0,0.0,0.0,0.0,0.0,0.0,0.0,0.0026019687461068014,0.0069725332665107219,7.017941110645928e-09
5.0,17,1,-7107115.6679846803,-1490733.5258949911,4263098.032394385,-1648324.4372559539,-3.9915914260192441e-05,-2.9601197652422847e-06,3.4900091888301799e-05,-1.0845974797144177e-05,0.0,0.0,0.0,0.0,0.0,0.0,0.0,0.0,0.0,0.0,0.0028922292051989859,0.0055289736416213606,7.800557058423423e-09
5.0,17,2,-4982424.4202397158,5750856.6122318562,10372236.31366783,-1277790.3938542912,-5.0386608924120079e-05,2.0238380269542856e-05,5.064705870499157e-05,-8.4078607915612357e-06,0.0,0.0,0.0,0.0,0.0,0.0,0.0,0.0,0.0,0.0,0.003288701368639704,0.0055289702680081914,8.869505386861897e-09
5.0,17,3,-7275665.7022976596,-1919824.9424540633,3086509.5635345876,-3606094.7222792441,-3.8221690212795527e-05,-2.9802580130246628e-06,2.9961423036380665e-05,-2.3728103272597424e-05,0.0,0.0,0.0,0.0,0.0,0.0,0.0,0.0,0.0,0.0,0.0028922161912607819,0.0069725209682379007,7.800541867064645e-09
5.0,17,4,-4713041.1501143277,4055337.6760026347,9172632.2209537625,-2712870.2922793492,-4.4465398187762739e-05,1.3230534488086865e-05,4.6902332593865283e-05,-1.7850686523198116e-05,0.0,0.0,0.0,0.0,0.0,0.0,0.0,0.0,0.0,0.0,0.00328869000910984,0.0069725069171202329,8.869470267904334e-09
5.0,18,1,-3279919.8722599735,12016929.672550961,15571178.776379082,-853599.22078766709,-5.9988810710609344e-05,4.066445929424662e-05,6.4051418397435649e-05,-5.6166828727828495e-06,0.0,0.0,0.0,0.0,0.0,0.0,0.0,0.0,0.0,0.0,0.0035789293679801392,0.005528969012902645,9.651903721977933e-09
5.0,18,2,-819187.71652332135,22139783.717344236,23614512.719669089,-197000.7106015491,-7.6387726953097666e-05,7.4682305081750865e-05,8.4386021917048405e-05,-1.296264675758193e-06,0.0,0.0,0.0,0.0,0.0,0.0,0.0,0.0,0.0,0.0,0.0039753710048043662,0.0055289695409344664,1.0720487269054638e-08
5.0,18,3,-3490334.6219200799,9190722.9015666861,14079223.254674736,-2095568.2521609627,-5.4218188036461844e-05,2.9223170468081069e-05,6.1389502791532046e-05,-1.3788839099219133e-05,0.0,0.0,0.0,0.0,0.0,0.0,0.0,0.0,0.0,0.0,0.0035789198122236424,0.006972498809758065,9.65182306272339e-09
5.0,18,4,-853057.17660592869,18367998.207716104,22197129.804859906,-489711.40255213663,-6.8358188142899736e-05,5.8116356285939232e-05,8.3312042195145454e-05,-3.2223010287930587e-06,0.0,0.0,0.0,0.0,0.0,0.0,0.0,0.0,0.0,0.0,0.0039753640490142574,0.006972493331792071,1.0720362508843705e-08
5.0,19,1,-13544567.226436486,-9343644.2226619795,-13450277.249125868,-549773.39228900173,-3.1708440206757631e-05,-4.066366841921383e-06,-3.1088012156053756e-05,-3.6175089212616313e-06,0.0,0.0,0.0,0.0,0.0,0.0,0.0,0.0,0.0,0.0,0.00014513549628957856,0.0080294377398170084,3.9151202971747064e-10
5.0,19,2,-13271975.460924266,-8981740.1769846007,-12920068.251648981,-1867363.9948301408,-3.1755019987380264e-05,-3.5252718190572741e-06,-2.9439470550348896e-05,-1.2287255085982327e-05,0.0,0.0,0.0,0.0,0.0,0.0,0.0,0.0,0.0,0.0,0.00054165212802467593,0.0080294310999048293,1.4611312617926227e-09
5.0,19,3,2037275.2538200396,-1626180.7141543031,2163371.5045977514,-280455.6803292663,9.3376148201995501e-06,-1.4767925449071625e-05,1.0167328150316893e-05,-1.8453983765665721e-06,0.0,0.0,0.0,0.0,0.0,0.0,0.0,0.0,0.0,0.0,0.000145141547074984,0.0094731011946606585,3.91540573158635e-10
5.0,19,4,1893314.7294143157,-1508695.4749192987,2363863.7477228735,-964430.55716155132,8.1154077760419295e-06,-1.4269819368473249e-05,1.1211620316512239e-05,-6.3459530661230075e-06,0.0,0.0,0.0,0.0,0.0,0.0,0.0,0.0,0.0,0.0,0.00054167440004415147,0.0094730905006395437,1.4612352647209571e-09
5.0,20,1,-12901694.937151765,-8615220.3490296938,-12133154.107020728,-2886234.7205596101,-3.172604304519916e-05,-3.5210402553559235e-06,-2.666904438293694e-05,-1.8991424461282232e-05,0.0,0.0,0.0,0.0,0.0,0.0,0.0,0.0,0.0,0.0,0.00083192149077121003,0.0080294214822480611,2.244127577225903e-09
5.0,20,2,-12409963.602782318,-8142242.8168666922,-10830529.414750196,-4031340.678308357,-3.2072837887956907e-05,-3.9912351166320838e-06,-2.1680160930705545e-05,-2.6526221663268988e-05,0.0,0.0,0.0,0.0,0.0,0.0,0.0,0.0,0.0,0.0,0.0012284341739006817,0.0080294025124708259,3.3136742906905247e-09
5.0,20,3,1662192.461681369,-1428223.6390384976,2752786.264831149,-1434222.839173873,6.2181533596544557e-06,-1.4116784583082266e-05,1.3394260584380008e-05,-9.4371862817640836e-06,0.0,0.0,0.0,0.0,0.0,0.0,0.0,0.0,0.0,0.0,0.00083195524561212038,0.0094730750531243878,2.2442822995042574e-09
5.0,20,4,1198359.7174711679,-1384189.8644521735,3369050.8158167033,-2056434.2283669673,2.8557182841998806e-06,-1.4137457964855703e-05,1.7138865711313506e-05,-1.3531337222654645e-05,0.0,0.0,0.0,0.0,0.0,0.0,0.0,0.0,0.0,0.0,0.0012284825953488756,0.0094730442958476449,3.3138909908020385e-09
5.0,21,1,-11692198.952298352,-7502341.2734768772,-9354897.0901703816,-4847515.8805429582,-3.1826558146929096e-05,-4.2572946202837834e-06,-1.6447111894127041e-05,-3.1896654493972664e-05,0.0,0.0,0.0,0.0,0.0,0.0,0.0,0.0,0.0,0.0,0.0015186994620205387,0.0080293845849440833,4.096594271041568e-09
5.0,21,2,-10894946.717033045,-6580955.4912819881,-7060569.4459612938,-5637314.2366388841,-3.2921124184320839e-05,-4.5350619188788824e-06,-7.6909217406687198e-06,-3.7093527677083857e-05,0.0,0.0,0.0,0.0,0.0,0.0,0.0,0.0,0.0,0.0,0.0019152046063173967,0.0080293559927646849,5.165995428521648e-09
5.0,21,3,700282.96870792378,-1341401.2519539865,4035488.9015830057,-2472961.5231159488,-7.5524364287423214e-07,-1.41895258148296e-05,2.1190411395443809e-05,-1.6272086822102943e-05,0.0,0.0,0.0,0.0,0.0,0.0,0.0,0.0,0.0,0.0,0.0015187576805868607,0.0094730148969036868,4.096843619054537e-09
5.0,21,4,45209.662972626276,-1199203.931842145,5230869.3636315074,-2967822.093811932,-6.143983067364062e-06,-1.4332224521245255e-05,2.7977657762971375e-05,-1.9528269377282511e-05,0.0,0.0,0.0,0.0,0.0,0.0,0.0,0.0,0.0,0.0,0.0019152746041407919,0.0094729667216405678,5.1662810450112464e-09
5.0,22,1,-9677277.3908026144,-5372754.2213217616,-4668566.8986429898,-6063190.8979262058,-3.2521099584468766e-05,-4.1973371292847529e-06,4.3621545394156881e-07,-3.9895796108354434e-05,0.0,0.0,0.0,0.0,0.0,0.0,0.0,0.0,0.0,0.0,0.002205462907797359,0.0080293324840664121,5.948786528631523e-09
5.0,22,2,-8504198.2652765866,-3615044.2247889582,-1147038.0182886147,-6220580.3249114482,-3.4996901382320362e-05,-2.8262677959117739e-06,1.3413213042860485e-05,-4.0931418537917328e-05,0.0,0.0,0.0,0.0,0.0,0.0,0.0,0.0,0.0,0.0,0.0026019561259163471,0.0080292990690238493,7.017962050564842e-09
5.0,22,3,-603365.83550712187,-1105325.3106545126,6335682.4569885191,-3265575.8190613673,-1.1280793468743343e-05,-1.4583686815213174e-05,3.4378144295877983e-05,-2.1487488889423796e-05,0.0,0.0,0.0,0.0,0.0,0.0,0.0,0.0,0.0,0.0,0.0022055401512837908,0.0094729259123293302,5.949072311508652e-09
5.0,22,4,-1200557.5014991183,-735848.9455964556,8338786.5115885958,-3467908.3029778032,-1.8015428861763172e-05,-1.4957646563923648e-05,4.4753454744353979e-05,-2.2818836633593944e-05,0.0,0.0,0.0,0.0,0.0,0.0,0.0,0.0,0.0,0.0,0.0026020414456662568,0.0094728650608435841,7.018246563475176e-09
5.0,23,1,-6706515.9282150334,-1433658.6796813831,2399395.2064982094,-5979007.2221676018,-3.5058443353445748e-05,-3.6304265809433036e-07,2.485845191296738e-05,-3.934186752186282e-05,0.0,0.0,0.0,0.0,0.0,0.0,0.0,0.0,0.0,0.0,0.0028922038703965199,0.0080292743377393463,7.800566878396277e-09
5.0,23,2,-5095909.6660713395,1878923.183023701,7512240.8134299628,-5135645.8714050734,-4.0317587444753486e-05,5.5768127022918793e-06,4.2644042710365084e-05,-3.3792549833845382e-05,0.0,0.0,0.0,0.0,0.0,0.0,0.0,0.0,0.0,0.0,0.0032886795165952107,0.0080292432790682114,8.869429816115154e-09
5.0,23,3,-1768667.6965742679,-488756.65757222101,10094002.742427776,-3493011.4004004668,-2.4019627296943111e-05,-1.5597812660309644e-05,5.4036744191690323e-05,-2.2984015014635069e-05,0.0,0.0,0.0,0.0,0.0,0.0,0.0,0.0,0.0,0.0,0.0028922936523019492,0.0094728173009462763,7.800805378193323e-09
5.0,23,4,-1862169.8032612763,329830.19569042698,13280793.469116271,-3052865.3268671585,-3.0815634406700955e-05,-1.6392274413598756e-05,6.8825063925543291e-05,-2.0087853850785902e-05,0.0,0.0,0.0,0.0,0.0,0.0,0.0,0.0,0.0,0.0,0.0032887742572319423,0.0094727516025241102,8.869621343803031e-09
5.0,24,1,-2962741.842161403,5610090.2259294214,12409431.574277423,-3774354.7449045437,-4.3284553655133825e-05,1.3124681352903793e-05,5.7864347425033641e-05,-2.4835254221471896e-05,0.0,0.0,0.0,0.0,0.0,0.0,0.0,0.0,0.0,0.0,0.0035789117848624352,0.0080292236363489564,9.651776314995693e-09
5.0,24,2,-930130.86156620458,11709869.894796101,19616274.589504156,-1362506.0765240674,-5.4145962593025434e-05,2.9025242383838539e-05,8.1049385275017553e-05,-8.9652899835283632e-06,0.0,0.0,0.0,0.0,0.0,0.0,0.0,0.0,0.0,0.0,0.0039753615860164595,0.0080292050404629431,1.0720231589669623e-08
5.0,24,3,-1850405.1879418399,909888.05339376628,16039709.464224188,-2505020.0988703491,-3.6032390017545566e-05,-1.7869660489557281e-05,8.1684564393706899e-05,-1.6483032250566897e-05,0.0,0.0,0.0,0.0,0.0,0.0,0.0,0.0,0.0,0.0,0.0035790096026358047,0.0094727039370128743,9.651878734326452e-09
5.0,24,4,-642712.16584770195,2443036.6805198062,20964741.641486172,-787646.29664467543,-4.0197850578007958e-05,-1.9893623168909755e-05,0.00010197919547424894,-5.1827126319219642e-06,0.0,0.0,0.0,0.0,0.0,0.0,0.0,0.0,0.0,0.0,0.0039754653226899087,0.0094726451807288139,1.0720247169527421e-08
5.0,25,1,0.0,0.0,0.0,0.0,0.0,0.0,0.0,0.0,0.0,0.0,0.0,0.0,0.0,0.0,0.0,0.0,0.0,0.0,0.0041813332490731811,0.00042349503027199088,3.757841763057791e-09
5.0,25,2,0.0,0.0,0.0,0.0,0.0,0.0,0.0,0.0,0.0,0.0,0.0,0.0,0.0,0.0,0.0,0.0,0.0,0.0,0.0043461667509268201,0.00042349503027199088,3.905980689165557e-09
5.0,25,3,0.0,0.0,0.0,0.0,0.0,0.0,0.0,0.0,0.0,0.0,0.0,0.0,0.0,0.0,0.0,0.0,0.0,0.0,0.0041813332490731794,0.0015805049697280092,3.757841763057791e-09
5.0,25,4,0.0,0.0,0.0,0.0,0.0,0.0,0.0,0.0,0.0,0.0,0.0,0.0,0.0,0.0,0.0,0.0,0.0,0.0,0.0043461667509268193,0.0015805049697280092,3.9059806891655735e-09
5.0,26,1,0.0,0.0,0.0,0.0,0.0,0.0,0.0,0.0,0.0,0.0,0.0,0.0,0.0,0.0,0.0,0.0,0.0,0.0,0.0044668332490731804,0.00042349503027199088,4.014425909655213e-09
5.0,26,2,0.0,0.0,0.0,0.0,0.0,0.0,0.0,0.0,0.0,0.0,0.0,0.0,0.0,0.0,0.0,0.0,0.0,0.0,0.0046316667509268186,0.00042349503027199088,4.162564835763061e-09
5.0,26,3,0.0,0.0,0.0,0.0,0.0,0.0,0.0,0.0,0.0,0.0,0.0,0.0,0.0,0.0,0.0,0.0,0.0,0.0,0.0044668332490731787,0.0015805049697280092,4.014425909655213e-09
5.0,26,4,0.0,0.0,0.0,0.0,0.0,0.0,0.0,0.0,0.0,0.0,0.0,0.0,0.0,0.0,0.0,0.0,0.0,0.0,0.0046316667509268186,0.0015805049697280092,4.162564835763092e-09
5.0,27,1,0.0,0.0,0.0,0.0,0.0,0.0,0.0,0.0,0.0,0.0,0.0,0.0,0.0,0.0,0.0,0.0,0.0,0.0,0.0041813332490731811,0.0024274950302719906,3.75784176305779e-09
5.0,27,2,0.0,0.0,0.0,0.0,0.0,0.0,0.0,0.0,0.0,0.0,0.0,0.0,0.0,0.0,0.0,0.0,0.0,0.0,0.0043461667509268201,0.0024274950302719911,3.905980689165556e-09
5.0,27,3,0.0,0.0,0.0,0.0,0.0,0.0,0.0,0.0,0.0,0.0,0.0,0.0,0.0,0.0,0.0,0.0,0.0,0.0,0.0041813332490731794,0.0035845049697280093,3.7578417630577884e-09
5.0,27,4,0.0,0.0,0.0,0.0,0.0,0.0,0.0,0.0,0.0,0.0,0.0,0.0,0.0,0.0,0.0,0.0,0.0,0.0,0.0043461667509268193,0.0035845049697280093,3.9059806891655735e-09
5.0,28,1,0.0,0.0,0.0,0.0,0.0,0.0,0.0,0.0,0.0,0.0,0.0,0.0,0.0,0.0,0.0,0.0,0.0,0.0,0.0044668332490731804,0.0024274950302719906,4.0144259096552124e-09
5.0,28,2,0.0,0.0,0.0,0.0,0.0,0.0,0.0,0.0,0.0,0.0,0.0,0.0,0.0,0.0,0.0,0.0,0.0,0.0,0.0046316667509268186,0.0024274950302719911,4.16256483576306e-09
5.0,28,3,0.0,0.0,0.0,0.0,0.0,0.0,0.0,0.0,0.0,0.0,0.0,0.0,0.0,0.0,0.0,0.0,0.0,0.0,0.0044668332490731787,0.0035845049697280093,4.014425909655211e-09
5.0,28,4,0.0,0.0,0.0,0.0,0.0,0.0,0.0,0.0,0.0,0.0,0.0,0.0,0.0,0.0,0.0,0.0,0.0,0.0,0.0046316667509268186,0.0035845049697280093,4.162564835763092e-09
5.0,29,1,0.0,0.0,0.0,0.0,0.0,0.0,0.0,0.0,0.0,0.0,0.0,0.0,0.0,0.0,0.0,0.0,0.0,0.0,0.0041813332490731811,0.0044314950302719903,3.75784176305779e-09
5.0,29,2,0.0,0.0,0.0,0.0,0.0,0.0,0.0,0.0,0.0,0.0,0.0,0.0,0.0,0.0,0.0,0.0,0.0,0.0,0.0043461667509268201,0.0044314950302719912,3.905980689165555e-09
5.0,29,3,0.0,0.0,0.0,0.0,0.0,0.0,0.0,0.0,0.0,0.0,0.0,0.0,0.0,0.0,0.0,0.0,0.0,0.0,0.0041813332490731794,0.0055885049697280082,3.757841763057787e-09
5.0,29,4,0.0,0.0,0.0,0.0,0.0,0.0,0.0,0.0,0.0,0.0,0.0,0.0,0.0,0.0,0.0,0.0,0.0,0.0,0.0043461667509268193,0.0055885049697280082,3.905980689165574e-09
5.0,30,1,0.0,0.0,0.0,0.0,0.0,0.0,0.0,0.0,0.0,0.0,0.0,0.0,0.0,0.0,0.0,0.0,0.0,0.0,0.0044668332490731804,0.0044314950302719903,4.0144259096552124e-09
5.0,30,2,0.0,0.0,0.0,0.0,0.0,0.0,0.0,0.0,0.0,0.0,0.0,0.0,0.0,0.0,0.0,0.0,0.0,0.0,0.0046316667509268186,0.0044314950302719912,4.1625648357630595e-09
5.0,30,3,0.0,0.0,0.0,0.0,0.0,0.0,0.0,0.0,0.0,0.0,0.0,0.0,0.0,0.0,0.0,0.0,0.0,0.0,0.0044668332490731787,0.0055885049697280082,4.014425909655209e-09
5.0,30,4,0.0,0.0,0.0,0.0,0.0,0.0,0.0,0.0,0.0,0.0,0.0,0.0,0.0,0.0,0.0,0.0,0.0,0.0,0.0046316667509268186,0.0055885049697280082,4.162564835763093e-09
5.0,31,1,0.0,0.0,0.0,0.0,0.0,0.0,0.0,0.0,0.0,0.0,0.0,0.0,0.0,0.0,0.0,0.0,0.0,0.0,0.0041813332490731811,0.0064354950302719901,3.757841763057785e-09
5.0,31,2,0.0,0.0,0.0,0.0,0.0,0.0,0.0,0.0,0.0,0.0,0.0,0.0,0.0,0.0,0.0,0.0,0.0,0.0,0.0043461667509268201,0.0064354950302719909,3.905980689165552e-09
5.0,31,3,0.0,0.0,0.0,0.0,0.0,0.0,0.0,0.0,0.0,0.0,0.0,0.0,0.0,0.0,0.0,0.0,0.0,0.0,0.0041813332490731794,0.0075925049697280079,3.757841763057797e-09
5.0,31,4,0.0,0.0,0.0,0.0,0.0,0.0,0.0,0.0,0.0,0.0,0.0,0.0,0.0,0.0,0.0,0.0,0.0,0.0,0.0043461667509268193,0.0075925049697280079,3.905980689165581e-09
5.0,32,1,0.0,0.0,0.0,0.0,0.0,0.0,0.0,0.0,0.0,0.0,0.0,0.0,0.0,0.0,0.0,0.0,0.0,0.0,0.0044668332490731804,0.0064354950302719901,4.0144259096552075e-09
5.0,32,2,0.0,0.0,0.0,0.0,0.0,0.0,0.0,0.0,0.0,0.0,0.0,0.0,0.0,0.0,0.0,0.0,0.0,0.0,0.0046316667509268186,0.0064354950302719909,4.162564835763056e-09
5.0,32,3,0.0,0.0,0.0,0.0,0.0,0.0,0.0,0.0,0.0,0.0,0.0,0.0,0.0,0.0,0.0,0.0,0.0,0.0,0.0044668332490731787,0.0075925049697280079,4.01442590965522e-09
5.0,32,4,0.0,0.0,0.0,0.0,0.0,0.0,0.0,0.0,0.0,0.0,0.0,0.0,0.0,0.0,0.0,0.0,0.0,0.0,0.0046316667509268186,0.0075925049697280079,4.1625648357631e-09
5.0,33,1,0.0,0.0,0.0,0.0,0.0,0.0,0.0,0.0,0.0,0.0,0.0,0.0,0.0,0.0,0.0,0.0,0.0,0.0,0.0041813332490731811,0.0084394950302719915,3.757841763057785e-09
5.0,33,2,0.0,0.0,0.0,0.0,0.0,0.0,0.0,0.0,0.0,0.0,0.0,0.0,0.0,0.0,0.0,0.0,0.0,0.0,0.0043461667509268201,0.0084394950302719915,3.9059806891655544e-09
5.0,33,3,0.0,0.0,0.0,0.0,0.0,0.0,0.0,0.0,0.0,0.0,0.0,0.0,0.0,0.0,0.0,0.0,0.0,0.0,0.0041813332490731794,0.0095965049697280085,3.757841763057793e-09
5.0,33,4,0.0,0.0,0.0,0.0,0.0,0.0,0.0,0.0,0.0,0.0,0.0,0.0,0.0,0.0,0.0,0.0,0.0,0.0,0.0043461667509268193,0.0095965049697280085,3.9059806891655784e-09
5.0,34,1,0.0,0.0,0.0,0.0,0.0,0.0,0.0,0.0,0.0,0.0,0.0,0.0,0.0,0.0,0.0,0.0,0.0,0.0,0.0044668332490731804,0.0084394950302719915,4.0144259096552075e-09
5.0,34,2,0.0,0.0,0.0,0.0,0.0,0.0,0.0,0.0,0.0,0.0,0.0,0.0,0.0,0.0,0.0,0.0,0.0,0.0,0.0046316667509268186,0.0084394950302719915,4.162564835763058e-09
5.0,34,3,0.0,0.0,0.0,0.0,0.0,0.0,0.0,0.0,0.0,0.0,0.0,0.0,0.0,0.0,0.0,0.0,0.0,0.0,0.0044668332490731787,0.0095965049697280085,4.014425909655216e-09
5.0,34,4,0.0,0.0,0.0,0.0,0.0,0.0,0.0,0.0,0.0,0.0,0.0,0.0,0.0,0.0,0.0,0.0,0.0,0.0,0.0046316667509268186,0.0095965049697280085,4.1625648357630976e-09
6.0,1,1,-17353955.365023591,-34696228.435968116,-17193338.665319618,-994.01243686838416,-4.7842608050833202e-06,-0.00011889641761189833,-3.7274029210311869e-06,-6.5406018345939672e-09,0.0,0.0,0.0,0.0,0.0,0.0,0.0,0.0,0.0,0.0,0.0001451490491451282,0.00052839428345993408,3.9156586708945343e-10
6.0,1,2,-16904099.075557832,-33362826.447770581,-16304666.7985458,-16816.190459529211,-6.0458560486092681e-06,-0.00011434428215776917,-2.1015916658701104e-06,-1.106505332237022e-07,0.0,0.0,0.0,0.0,0.0,0.0,0.0,0.0,0.0,0.0,0.0005417020619714304,0.00052839431582391277,1.461331108997281e-09
6.0,1,3,-17586546.58838487,-34440788.495580919,-17425889.173153803,-24386.143734276182,-5.9833822253234967e-06,-0.00011688429397467348,-4.9262564331030725e-06,-1.6046082577153727e-07,0.0,0.0,0.0,0.0,0.0,0.0,0.0,0.0,0.0,0.0,0.00014514878478400715,0.001971995682510992,3.915649848065359e-10
6.0,1,4,-17129336.839123212,-33118343.330027737,-16529752.636728015,-76914.838504877684,-7.2026925681419608e-06,-0.00011241035527829375,-3.2574285163815765e-06,-5.0609963736209512e-07,0.0,0.0,0.0,0.0,0.0,0.0,0.0,0.0,0.0,0.0,0.00054170107496864079,0.0019719956830572382,1.4613276348902307e-09
6.0,2,1,-16514462.950303765,-31718959.397217974,-15051571.257501645,-16450.084931426059,-8.6748763170618318e-06,-0.0001087204629377573,9.5095102157611875e-07,-1.0824155884878347e-07,0.0,0.0,0.0,0.0,0.0,0.0,0.0,0.0,0.0,0.0,0.00083199723330492053,0.0005283943656362684,2.2444322049856315e-09
6.0,2,2,-15649757.182069244,-28551010.139751613,-12746065.482412521,-28076.175006983001,-1.2999406427326895e-05,-9.7889650888876851e-05,6.1068849564143422e-06,-1.8474123154594814e-07,0.0,0.0,0.0,0.0,0.0,0.0,0.0,0.0,0.0,0.0,0.0012285428764913311,0.00052839447907816978,3.3141218505038153e-09
6.0,2,3,-16720819.865123183,-31488796.35746282,-15262201.271487186,-121531.84611498669,-9.7375230718748968e-06,-0.00010691080839146972,-1.3981272575004621e-07,-7.9967954743661242e-07,0.0,0.0,0.0,0.0,0.0,0.0,0.0,0.0,0.0,0.0,0.0008319957225173234,0.0019719956883624012,2.2444265511800344e-09
6.0,2,4,-15844655.815194884,-28364903.152115263,-12942178.497685529,-164190.68626147043,-1.3958090069289159e-05,-9.6341317546225268e-05,5.1402106799223857e-06,-1.0803747156004754e-06,0.0,0.0,0.0,0.0,0.0,0.0,0.0,0.0,0.0,0.0,0.0012285406541702754,0.0019719957385707122,3.314112227200441e-09
6.0,3,1,-14886770.094312955,-25453030.580860276,-10420638.273691244,-23737.271926585567,-1.7753453681373367e-05,-8.7279447682854738e-05,1.1633693698317481e-05,-1.5619124927693303e-07,0.0,0.0,0.0,0.0,0.0,0.0,0.0,0.0,0.0,0.0,0.0015188303328407134,0.00052839460234520188,4.097140781151344e-09
6.0,3,2,-13527133.960124791,-20142643.679229598,-6490670.2397931507,-35605.22317025355,-2.5555033808568011e-05,-6.9085087760277649e-05,2.0744897471214183e-05,-2.3428236846026835e-07,0.0,0.0,0.0,0.0,0.0,0.0,0.0,0.0,0.0,0.0,0.0019153618870319327,0.00052839484552055825,5.1666789388153595e-09
6.0,3,3,-15046371.517243728,-25293944.03309783,-10586299.058810331,-187619.6637661253,-1.854107350100375e-05,-8.5970100655323722e-05,1.0806203275488003e-05,-1.2345373875811044e-06,0.0,0.0,0.0,0.0,0.0,0.0,0.0,0.0,0.0,0.0,0.001518827595602781,0.0019719958323476212,4.0971275478153196e-09
6.0,3,4,-13664827.370537711,-20043393.711353496,-6619746.5739012575,-204412.13032903834,-2.6196375201986045e-05,-6.81673417245539e-05,2.0160256439881821e-05,-1.3450318175650721e-06,0.0,0.0,0.0,0.0,0.0,0.0,0.0,0.0,0.0,0.0,0.0019153584314413174,0.001971996112406867,5.166658443915574e-09
6.0,4,1,-12369231.871712666,-15390514.315011729,-2931252.0397594171,-24521.37825580853,-3.2897768518024928e-05,-5.2777806994932745e-05,2.9204138776227462e-05,-1.6135066892322011e-07,0.0,0.0,0.0,0.0,0.0,0.0,0.0,0.0,0.0,0.0,0.0022056363399193179,0.00052839509277958401,5.949556412596922e-09
6.0,4,2,-10470182.854691561,-7705232.913873178,2777003.071335597,-34138.037137222047,-4.4564311122248423e-05,-2.637094051166346e-05,4.2602172271010265e-05,-2.2462828436292105e-07,0.0,0.0,0.0,0.0,0.0,0.0,0.0,0.0,0.0,0.0,0.0026021461646047292,0.00052839555097100848,7.01885768780269e-09
6.0,4,3,-12474413.137868173,-15325632.212184433,-3009868.7905524084,-197377.24159767738,-3.3401974105016648e-05,-5.2162995614017641e-05,2.8874727700321071e-05,-1.298742249712717e-06,0.0,0.0,0.0,0.0,0.0,0.0,0.0,0.0,0.0,0.0,0.0022056323312737384,0.001971996471716152,5.949528551228146e-09
6.0,4,4,-10530628.888529066,-7685880.381968515,2785539.6144359801,-196564.94007592576,-4.4910606029943922e-05,-2.6192160856775493e-05,4.2709782719566069e-05,-1.2933973056995914e-06,0.0,0.0,0.0,0.0,0.0,0.0,0.0,0.0,0.0,0.0,0.0026021413003963767,0.0019719972697538756,7.018815640335518e-09
6.0,5,1,-8884049.8196603432,-1105138.0222021174,7711356.962010229,-22886.647722542366,-5.4858075023198532e-05,-3.672835395923404e-06,5.4339701600193832e-05,-1.5059414201432877e-07,0.0,0.0,0.0,0.0,0.0,0.0,0.0,0.0,0.0,0.0,0.0028924017400959391,0.00052839600989908263,7.801527699153006e-09
6.0,5,2,-6406601.5198425837,9237839.1308526527,15392450.975929495,-81335.411518260196,-7.0948865967928698e-05,3.1991553513645941e-05,7.2488899454251559e-05,-5.351870077901521e-07,0.0,0.0,0.0,0.0,0.0,0.0,0.0,0.0,0.0,0.0,0.0032888813562484132,0.00052839683663533207,8.87049607715048e-09
6.0,5,3,-8961558.055155674,-1127931.8765550414,7795314.0236954642,-143912.34884388521,-5.5342254068260232e-05,-3.7969938130680757e-06,5.4917964210580244e-05,-9.4694325539276461e-07,0.0,0.0,0.0,0.0,0.0,0.0,0.0,0.0,0.0,0.0,0.0028923961168727148,0.0019719981459515919,7.801468429009163e-09
6.0,5,4,-6392852.1445534155,9227802.5145595018,15673377.204849159,-106696.22741966565,-7.1308124679432755e-05,3.147578297753023e-05,7.3887664439636184e-05,-7.0206117642139996e-07,0.0,0.0,0.0,0.0,0.0,0.0,0.0,0.0,0.0,0.0,0.0032888743672236454,0.0019719998578453151,8.870406949474563e-09
6.0,6,1,-4364010.9454816226,17928577.416036807,21855468.846066285,-3806.3090451061476,-8.4678847821531003e-05,6.2006383597260268e-05,8.7845329206854238e-05,-2.504551351679845e-08,0.0,0.0,0.0,0.0,0.0,0.0,0.0,0.0,0.0,0.0,0.0035791115013195001,0.00052839775116747198,9.652885674974614e-09
6.0,6,2,-1244064.0029630549,31318150.115022972,31738625.033060007,-67264.829551065821,-0.00010585002474878638,0.00010840934414756167,0.00011117606910824537,-4.4260257844601307e-07,0.0,0.0,0.0,0.0,0.0,0.0,0.0,0.0,0.0,0.0,0.0039755514624148867,0.00052839945749705742,1.0721418526065708e-08
6.0,6,3,-4409717.0139892101,17833985.113659158,22282309.287457388,-28100.032319812086,-8.5432330223710184e-05,6.093122977621607e-05,9.0201202839808412e-05,-1.8489821266436351e-07,0.0,0.0,0.0,0.0,0.0,0.0,0.0,0.0,0.0,0.0,0.0035791031956535248,0.0019720015828454543,9.652755340906164e-09
6.0,6,4,-1223843.9588811845,31122830.757123515,32500180.797962517,-68591.37195674947,-0.00010664357805144185,0.00010619754157986906,0.00011526050484858971,-4.5133122747541149e-07,0.0,0.0,0.0,0.0,0.0,0.0,0.0,0.0,0.0,0.0,0.0039755405704503203,0.0019720047125610552,1.072121060279898e-08
6.0,7,1,-18039446.474472035,-34024882.818979457,-17881545.708460145,-46004.64386535863,-8.185075299005604e-06,-0.00011336924644586444,-7.1460882586473632e-06,-3.0271055663405979e-07,0.0,0.0,0.0,0.0,0.0,0.0,0.0,0.0,0.0,0.0,0.0001451484020469528,0.0030287866799680761,3.915641399774337e-10
6.0,7,2,-17560682.088241652,-32725662.497427534,-16971385.889265485,-175311.10722577121,-9.2820739902332825e-06,-0.00010906764508267639,-5.4045050009701162e-06,-1.1535470855455744e-06,0.0,0.0,0.0,0.0,0.0,0.0,0.0,0.0,0.0,0.0,0.00054169967342315099,0.0030287865289479795,1.4613244134831906e-09
6.0,7,3,-18869350.845106833,-32218530.793840598,-18719021.913345575,-160617.84190077131,-1.3865420948180014e-05,-0.00010170302501084818,-1.2876256577190929e-05,-1.0568653997070751e-06,0.0,0.0,0.0,0.0,0.0,0.0,0.0,0.0,0.0,0.0,0.000145147495298368,0.0044724016020583918,3.915636329097153e-10
6.0,7,4,-18354445.518096723,-31005122.855507679,-17793407.613810368,-478546.98916795448,-1.4670549448961096e-05,-9.7912006329125206e-05,-1.0978920038756877e-05,-3.1488391887251403e-06,0.0,0.0,0.0,0.0,0.0,0.0,0.0,0.0,0.0,0.0,0.00054169636313687337,0.0044724006662077058,1.4613223430236021e-09
6.0,8,1,-17148440.327197514,-31142813.15528043,-15705495.77489787,-249790.61796951387,-1.1721873526305856e-05,-0.00010380484673509145,-2.2272983721741892e-06,-1.6436222662394013e-06,0.0,0.0,0.0,0.0,0.0,0.0,0.0,0.0,0.0,0.0,0.00083199359459892614,0.0030287863200202992,2.2444212178690256e-09
6.0,8,2,-16216000.376585731,-28072967.733316258,-13357872.802573523,-336645.73339121643,-1.5619273836222802e-05,-9.3638119043509669e-05,3.1872056007775311e-06,-2.2151289257142042e-06,0.0,0.0,0.0,0.0,0.0,0.0,0.0,0.0,0.0,0.0,0.0012285376054245363,0.0030287859938226518,3.3141039525933084e-09
6.0,8,3,-17880610.769319203,-29547349.961074069,-16516756.761235282,-753204.98374759092,-1.6621765225347242e-05,-9.3388909107094259e-05,-7.6476058521550298e-06,-4.9560887930591476e-06,0.0,0.0,0.0,0.0,0.0,0.0,0.0,0.0,0.0,0.0,0.00083198861960954984,0.0044723993452725451,2.244417666761013e-09
6.0,8,4,-16882247.724628497,-26759492.641939308,-14171524.930235341,-984091.45827512466,-1.9740230859106545e-05,-8.4732502415011681e-05,-1.9036748719995608e-06,-6.47532179545032e-06,0.0,0.0,0.0,0.0,0.0,0.0,0.0,0.0,0.0,0.0,0.0012285306116255276,0.0044723968959085149,3.3140969532810005e-09
6.0,9,1,-15422920.57555012,-25079716.596245021,-11004183.123034157,-376848.37443725264,-2.0102041321289491e-05,-8.3643759137461956e-05,8.97325111626554e-06,-2.4796623037971223e-06,0.0,0.0,0.0,0.0,0.0,0.0,0.0,0.0,0.0,0.0,0.0015188239157197577,0.0030287857379496662,4.0971159231986475e-09
6.0,9,2,-13966663.854553696,-19897440.423413053,-6996180.5971783474,-397908.57522265287,-2.7341398060234058e-05,-6.6365907883328634e-05,1.8524381773295717e-05,-2.6182384249650558e-06,0.0,0.0,0.0,0.0,0.0,0.0,0.0,0.0,0.0,0.0,0.0019153539595321569,0.0030287855326994921,5.166642550582122e-09
6.0,9,3,-15927732.960026851,-23973483.095090371,-11769383.933749562,-1161637.8906254349,-2.3164934894567158e-05,-7.610597078328513e-05,4.1970016983374078e-06,-7.6435773203153612e-06,0.0,0.0,0.0,0.0,0.0,0.0,0.0,0.0,0.0,0.0,0.0015188156941040583,0.0044723946973361023,4.097106860025584e-09
6.0,9,4,-14416506.637073487,-19225108.827920333,-7780181.3625258189,-1230147.8150071949,-2.9414174684462516e-05,-6.1054777100234749e-05,1.4252845622061137e-05,-8.0943726227473422e-06,0.0,0.0,0.0,0.0,0.0,0.0,0.0,0.0,0.0,0.0,0.0019153444566456699,0.0044723915090521069,5.166626519095094e-09
6.0,10,1,-12779324.664893031,-15266437.979809292,-3380018.8200249514,-397412.41722975735,-3.4435221580727045e-05,-5.0800427192876039e-05,2.7412210878504909e-05,-2.6149737053718032e-06,0.0,0.0,0.0,0.0,0.0,0.0,0.0,0.0,0.0,0.0,0.0022056273284830103,0.0030287854916947951,5.949507429131775e-09
6.0,10,2,-10776452.451610379,-7708197.532247398,2460527.014182372,-331296.33087324951,-4.5590942839509146e-05,-2.5401825470100738e-05,4.150838204540714e-05,-2.1799298571459818e-06,0.0,0.0,0.0,0.0,0.0,0.0,0.0,0.0,0.0,0.0,0.0026021356021936315,0.0030287857868708792,7.018787167541842e-09
6.0,10,3,-12983024.947378151,-14821554.4165338,-4076457.4405985549,-1256068.4845256831,-3.5056266002621633e-05,-4.7153789909665801e-05,2.3548948191988107e-05,-8.264930628178995e-06,0.0,0.0,0.0,0.0,0.0,0.0,0.0,0.0,0.0,0.0,0.0022056172347597008,0.004472389161727432,5.9494897176880636e-09
6.0,10,4,-10981508.784705864,-7739922.2196893971,1726066.2877239008,-1141568.9886175033,-4.540565155102383e-05,-2.4076011953215481e-05,3.8210192425564017e-05,-7.5115239451031711e-06,0.0,0.0,0.0,0.0,0.0,0.0,0.0,0.0,0.0,0.0,0.0026021251372834405,0.0044723863566014941,7.01875939056002e-09
6.0,11,1,-9146870.0773167275,-1206860.8964341041,7518993.6110689789,-309969.30211638316,-5.5707520075706744e-05,-3.4622596654990773e-06,5.3953862993871212e-05,-2.0395980079258011e-06,0.0,0.0,0.0,0.0,0.0,0.0,0.0,0.0,0.0,0.0,0.0028923899638182648,0.003028786233776273,7.801433444973324e-09
6.0,11,2,-6583759.3174556363,9024713.1973170228,15427356.818225969,-185890.46149436451,-7.155306721183611e-05,3.1150681935367995e-05,7.3280076960948847e-05,-1.2231592366329184e-06,0.0,0.0,0.0,0.0,0.0,0.0,0.0,0.0,0.0,0.0,0.0032888675735628656,0.0030287873445910387,8.870357702684751e-09
6.0,11,3,-9104307.9251401238,-1409914.1219176846,6880011.2854887163,-1003497.6846827683,-5.4164293144142849e-05,-3.5351819189391947e-06,5.1012527261794913e-05,-6.6030147652126148e-06,0.0,0.0,0.0,0.0,0.0,0.0,0.0,0.0,0.0,0.0,0.0028923795601528282,0.0044723847377308437,7.80140662546779e-09
6.0,11,4,-6631287.4554536026,8472522.7566921897,14723345.247533409,-729692.28363705694,-6.9805908723944441e-05,2.957716247197485e-05,7.0707574461710066e-05,-4.8013752263318345e-06,0.0,0.0,0.0,0.0,0.0,0.0,0.0,0.0,0.0,0.0,0.0032888576010945527,0.0044723834083003266,8.870324191095662e-09
6.0,12,1,-4458973.4158099499,17695459.446219958,22164888.555154733,-174464.02055415625,-8.5274216921221759e-05,6.0501951310935024e-05,8.9910794847725844e-05,-1.147973255246348e-06,0.0,0.0,0.0,0.0,0.0,0.0,0.0,0.0,0.0,0.0,0.0035790959377129277,0.0030287884142125195,9.652699606516862e-09
6.0,12,2,-1234527.4687284473,31071162.298383661,32518778.236304097,66033.853746213368,-0.00010664474338844888,0.00010592669527914876,0.00011545200815066525,4.3450275765008395e-07,0.0,0.0,0.0,0.0,0.0,0.0,0.0,0.0,0.0,0.0,0.0039755325619776427,0.0030287903089493318,1.0721138788802802e-08
6.0,12,3,-4418461.2887315024,17041920.611338869,21456829.963401861,-445266.50789163169,-8.2920332351747874e-05,5.8288980550715177e-05,8.7339084087289674e-05,-2.9298536219269364e-06,0.0,0.0,0.0,0.0,0.0,0.0,0.0,0.0,0.0,0.0,0.0035790864815090856,0.0044723833183801832,9.652674105373828e-09
6.0,12,4,-1383801.3840559553,30250400.686753802,31627297.663067408,-242711.0484330621,-0.00010468577031299729,0.0001034672793129309,0.00011252726141707445,-1.5970386986895485e-06,0.0,0.0,0.0,0.0,0.0,0.0,0.0,0.0,0.0,0.0,0.0039755241047778238,0.0044723842667417617,1.0721127715014072e-08
6.0,13,1,-19915779.642328307,-29512432.945803456,-19775465.867274694,-265937.72897841921,-2.1704018086978056e-05,-8.4849996823844538e-05,-2.0780753447125275e-05,-1.7498702566779983e-06,0.0,0.0,0.0,0.0,0.0,0.0,0.0,0.0,0.0,0.0,0.00014514634535446835,0.005529213253426867,3.915640462306747e-10
6.0,13,2,-19361323.592425365,-28414140.126228567,-18837660.432999011,-969162.15245355188,-2.2148773078547249e-05,-8.1716305870972337e-05,-1.8703069489521827e-05,-6.3770869631443714e-06,0.0,0.0,0.0,0.0,0.0,0.0,0.0,0.0,0.0,0.0,0.00054169216902857052,0.0055292111988143244,1.4613237138202022e-09
6.0,13,3,-19801307.14630384,-21922372.189331513,-19680783.694133289,-504855.01466125448,-3.327354943564482e-05,-4.7230157418766899e-05,-3.2480505120362584e-05,-3.3219459964710544e-06,0.0,0.0,0.0,0.0,0.0,0.0,0.0,0.0,0.0,0.0,0.00014514471502631514,0.0069728880194220829,3.9157021447194547e-10
6.0,13,4,-19191438.122924533,-21088486.096209023,-18741624.224794693,-1823505.7774174665,-3.302561630743679e-05,-4.5508191971648727e-05,-3.0065840857742448e-05,-1.199866801540693e-05,0.0,0.0,0.0,0.0,0.0,0.0,0.0,0.0,0.0,0.0,0.00054168627730186159,0.0069728828423124816,1.4613462579379794e-09
6.0,14,1,-18821711.525619421,-27137204.536615983,-17563218.840709217,-1437393.3996375219,-2.3481888691923295e-05,-7.8197832704280675e-05,-1.5201006825214134e-05,-9.4580485696148945e-06,0.0,0.0,0.0,0.0,0.0,0.0,0.0,0.0,0.0,0.0,0.00083198231965883357,0.0055292082420889607,2.244419285412536e-09
6.0,14,2,-17718358.178065963,-24705842.650762133,-15217488.49908239,-1983933.1488730002,-2.5512927673575462e-05,-7.1490575503916259e-05,-9.0572051858635661e-06,-1.305428011958434e-05,0.0,0.0,0.0,0.0,0.0,0.0,0.0,0.0,0.0,0.0,0.0012285217994006203,0.0055292026106714635,3.314097805915461e-09
6.0,14,3,-18822542.729347359,-20312393.784279026,-17650835.765744932,-2723629.4635559428,-3.413081095769895e-05,-4.3934030899149304e-05,-2.6420979137194962e-05,-1.7921481870198101e-05,0.0,0.0,0.0,0.0,0.0,0.0,0.0,0.0,0.0,0.0,0.00083197340752067558,0.0069728753844848952,2.2444505253779167e-09
6.0,14,4,-17543229.044343114,-18630943.989395626,-15385670.586339701,-3814750.2982714307,-3.3969894192053748e-05,-4.1127058530499282e-05,-1.9773159538391296e-05,-2.5101056962626011e-05,0.0,0.0,0.0,0.0,0.0,0.0,0.0,0.0,0.0,0.0,0.0012285093087865682,0.0069728609079188399,3.3141403483849675e-09
6.0,15,1,-16697298.867369225,-22288093.265936207,-12841747.547509279,-2274432.3936969079,-2.7981345851602255e-05,-6.4768772994172998e-05,-2.6118181669238158e-06,-1.4965765150525653e-05,0.0,0.0,0.0,0.0,0.0,0.0,0.0,0.0,0.0,0.0,0.0015188053222558195,0.005529197468173987,4.097105432763106e-09
6.0,15,2,-14988246.309660846,-18032183.712970659,-8827204.2833133042,-2540186.0240026875,-3.2503398514175568e-05,-5.2532506627954139e-05,8.0362580191912574e-06,-1.6714424037937684e-05,0.0,0.0,0.0,0.0,0.0,0.0,0.0,0.0,0.0,0.0,0.0019153325092626794,0.0055291897987561527,5.166622142977736e-09
6.0,15,3,-16776551.963326132,-17139022.565217655,-13295654.369030114,-4458996.1895850981,-3.5795970260519178e-05,-3.8181026820965417e-05,-1.289166409005138e-05,-2.9340194927469941e-05,0.0,0.0,0.0,0.0,0.0,0.0,0.0,0.0,0.0,0.0,0.0015187905931473133,0.00697284735786318,4.097147384047523e-09
6.0,15,4,-14740335.19669831,-14097599.374276986,-9391201.6290372573,-5022537.306024611,-3.6589370398255048e-05,-3.2360168686722727e-05,-1.3920715230453187e-06,-3.3048295473641938e-05,0.0,0.0,0.0,0.0,0.0,0.0,0.0,0.0,0.0,0.0,0.0019153156616576246,0.0069728263999031927,5.166666340395649e-09
6.0,16,1,-13516057.023917323,-14127478.960654661,-5173493.6529417308,-2568803.8705014144,-3.7084748390104309e-05,-4.1107904733836004e-05,1.7809318590915082e-05,-1.6902729467899305e-05,0.0,0.0,0.0,0.0,0.0,0.0,0.0,0.0,0.0,0.0,0.0022056045269283654,0.0055291839197412554,5.949479079320964e-09
6.0,16,2,-11224507.038560608,-7567635.2426793519,702018.46648673527,-2456392.2014710526,-4.5274860686418695e-05,-2.1212644269520044e-05,3.3201677136792807e-05,-1.6163060685679525e-05,0.0,0.0,0.0,0.0,0.0,0.0,0.0,0.0,0.0,0.0,0.0026021120443334659,0.0055291765122192933,7.01874476515936e-09
6.0,16,3,-13675460.349675195,-11531544.670456521,-6146148.4622784471,-5252345.9550161855,-4.0446546598654724e-05,-2.6339581429395847e-05,9.0963256204158735e-06,-3.45604363840065e-05,0.0,0.0,0.0,0.0,0.0,0.0,0.0,0.0,0.0,0.0,0.0022055867500504842,0.0069728095345609423,5.949506761206805e-09
6.0,16,4,-10878583.785632884,-6509191.5177725721,-357415.33233725186,-5052826.5852444014,-4.3543680104990892e-05,-1.4793078982470048e-05,2.5685608317694363e-05,-3.324759893090816e-05,0.0,0.0,0.0,0.0,0.0,0.0,0.0,0.0,0.0,0.0,0.0026020942048520369,0.0069727867269587067,7.01876312273356e-09
6.0,17,1,-9348194.3435864784,-1779028.2780481558,5797461.9637239743,-2174244.8271131432,-5.309009694130019e-05,-3.2849842300580155e-06,4.6568321560802588e-05,-1.4306530962404482e-05,0.0,0.0,0.0,0.0,0.0,0.0,0.0,0.0,0.0,0.0,0.0028923666370218601,0.0055291717955748901,7.801381729635606e-09
6.0,17,2,-6533091.5100159068,7716330.0868693702,13784994.670757839,-1681766.5811217427,-6.6637550667130526e-05,2.7123643440374598e-05,6.705545640236073e-05,-1.1066024103781066e-05,0.0,0.0,0.0,0.0,0.0,0.0,0.0,0.0,0.0,0.0,0.003288845509457509,0.0055291673429692691,8.870297486281142e-09
6.0,17,3,-9583017.5302726235,-2343971.3531908393,4244400.554129607,-4742622.469906983,-5.0917765788846371e-05,-3.2848419436482264e-06,4.0066645206520304e-05,-3.1206455851987945e-05,0.0,0.0,0.0,0.0,0.0,0.0,0.0,0.0,0.0,0.0,0.002892349539973014,0.0069727705267307186,7.801361777580907e-09
6.0,17,4,-6204465.7429701732,5479713.4036124162,12194542.05344158,-3577896.4359884285,-5.8947652336996171e-05,1.7934246447517255e-05,6.2117818963393156e-05,-2.354255854880386e-05,0.0,0.0,0.0,0.0,0.0,0.0,0.0,0.0,0.0,0.0,0.0032888305626629123,0.006972752012659001,8.870250843407413e-09
6.0,18,1,-4292551.5010683052,15850251.377714084,20508711.577554196,-1122420.611674452,-7.8909918974665407e-05,5.362972396772271e-05,8.4282392082670642e-05,-7.3855276248178934e-06,0.0,0.0,0.0,0.0,0.0,0.0,0.0,0.0,0.0,0.0,0.0035790754551279355,0.0055291656851554809,9.652637639415767e-09
6.0,18,2,-1065198.1702557951,28908828.527734719,30842740.872980617,-257015.6813580294,-9.9733470504409199e-05,9.7495625168368382e-05,0.00011022076840008638,-1.6911631833358333e-06,0.0,0.0,0.0,0.0,0.0,0.0,0.0,0.0,0.0,0.0,0.0039755148457285465,0.0055291663751296828,1.0721091333819668e-08
6.0,18,3,-4571459.752163982,12134031.510314194,18541974.259702984,-2760140.267771401,-7.1325387877447052e-05,3.8596744629659346e-05,8.0761007920637583e-05,-1.8161722961935819e-05,0.0,0.0,0.0,0.0,0.0,0.0,0.0,0.0,0.0,0.0,0.0035790628680733103,0.0069727413329903395,9.652531883435344e-09
6.0,18,4,-1118916.8158264458,23936997.967024609,28965580.227100365,-650870.43401967955,-8.9180657625849674e-05,7.5687261645310245e-05,0.00010877533291660871,-4.2827274558494909e-06,0.0,0.0,0.0,0.0,0.0,0.0,0.0,0.0,0.0,0.0,0.0039755056845546619,0.006972734119275615,1.072092753946249e-08
6.0,19,1,-18069203.881456137,-12560537.201030452,-17940355.074194755,-734409.00428507745,-4.2154609612424847e-05,-5.9075828552238481e-06,-4.1306784460644976e-05,-4.8324112481958093e-06,0.0,0.0,0.0,0.0,0.0,0.0,0.0,0.0,0.0,0.0,0.00014514349069076342,0.0080297784116972089,3.9157992089035773e-10
6.0,19,2,-17694483.301899202,-12054714.865214,-17213589.700837582,-2493579.3762691733,-4.2228495295134499e-05,-5.1188189817458804e-06,-3.9064215400149056e-05,-1.6407752295851161e-05,0.0,0.0,0.0,0.0,0.0,0.0,0.0,0.0,0.0,0.0,0.00054168162697243883,0.008029769602191433,1.4613804953354528e-09
6.0,19,3,2604216.5235201721,-2209989.8534951038,2775576.3305296334,-380571.29544695147,1.2127455983886304e-05,-1.9550021976874213e-05,1.325500351400856e-05,-2.5041591240409405e-06,0.0,0.0,0.0,0.0,0.0,0.0,0.0,0.0,0.0,0.0,0.00014515149739702365,0.0094735314790940113,3.916179074370556e-10
6.0,19,4,2416873.8129705489,-2042848.8351128248,3056313.4253684208,-1301750.3699234461,1.0483095012248904e-05,-1.8861880012139698e-05,1.46906076618269e-05,-8.5655174340962754e-06,0.0,0.0,0.0,0.0,0.0,0.0,0.0,0.0,0.0,0.0,0.00054171109424185852,0.0094735171835081886,1.4615188263322999e-09
6.0,20,1,-17169404.618580822,-11533089.195641942,-16129278.001925683,-3850455.3450574521,-4.2140482920747262e-05,-5.0535274378094284e-06,-3.5296449783156448e-05,-2.5335996170478034e-05,0.0,0.0,0.0,0.0,0.0,0.0,0.0,0.0,0.0,0.0,0.00083196639142630376,0.0080297568456004741,2.2445028720517764e-09
6.0,20,2,-16493267.959632805,-10855404.7914568,-14347011.965688474,-5369613.3596453927,-4.2646521321874488e-05,-5.5493816752763804e-06,-2.8524156881720796e-05,-3.5332055906466685e-05,0.0,0.0,0.0,0.0,0.0,0.0,0.0,0.0,0.0,0.0,0.0012284991711180146,0.008029731706233334,3.314205461669963e-09
6.0,20,3,2105719.761280051,-1931382.6535009407,3586787.983698416,-1934810.1084607765,7.9130583846882417e-06,-1.8651075504570683e-05,1.7658487288201088e-05,-1.2731050513671908e-05,0.0,0.0,0.0,0.0,0.0,0.0,0.0,0.0,0.0,0.0,0.0008320110321997881,0.0094734965459730581,2.244708281812286e-09
6.0,20,4,1494706.3447960271,-1855646.3581716605,4436021.9681322351,-2764957.4653852624,3.3965382602424275e-06,-1.8648782525284959e-05,2.2750395061794677e-05,-1.8193420122235025e-05,0.0,0.0,0.0,0.0,0.0,0.0,0.0,0.0,0.0,0.0,0.0012285631640906749,0.0094734555272547663,3.314492688416266e-09
6.0,21,1,-15491297.259594394,-9954303.4917224459,-12334538.850927847,-6445073.4589447603,-4.2240115396584502e-05,-5.8066964039870903e-06,-2.1468645067558626e-05,-4.2408583359856519e-05,0.0,0.0,0.0,0.0,0.0,0.0,0.0,0.0,0.0,0.0,0.0015187784144574542,0.0080297079686979175,4.097225345401657e-09
6.0,21,2,-14404582.691254893,-8665406.5970061962,-9229307.08059985,-7476498.1058903588,-4.3749265845656914e-05,-5.9854871455004889e-06,-9.6959523275467263e-06,-4.919535753675856e-05,0.0,0.0,0.0,0.0,0.0,0.0,0.0,0.0,0.0,0.0,0.0019153010284228725,0.0080296701620945245,5.166733001726846e-09
6.0,21,3,830177.25376983313,-1792614.0517544048,5338535.0963843688,-3318068.5256861434,-1.4516689816661779e-06,-1.8709635772015661e-05,2.8213325622737466e-05,-2.1832890899014822e-05,0.0,0.0,0.0,0.0,0.0,0.0,0.0,0.0,0.0,0.0,0.001518855304904845,0.0094734163734760193,4.097554764272745e-09
6.0,21,4,-27435.505748267286,-1579069.7024287926,6960717.3412951995,-3963925.3656770834,-8.6401807981502568e-06,-1.8849933812308114e-05,3.7341864935395747e-05,-2.6082628906155206e-05,0.0,0.0,0.0,0.0,0.0,0.0,0.0,0.0,0.0,0.0,0.0019153933846690048,0.009473352369798264,5.167109288909873e-09
6.0,22,1,-12745197.029922448,-7013977.7756792735,-6017188.2320012348,-8022301.8846953465,-4.3136742857477031e-05,-5.425320164556949e-06,1.1335550328445469e-06,-5.2786746401295377e-05,0.0,0.0,0.0,0.0,0.0,0.0,0.0,0.0,0.0,0.0,0.0022055708791966205,0.0080296391179247063,5.949581501012962e-09
6.0,22,2,-11164572.942170216,-4630624.5419162344,-1321439.8257506648,-8203098.3756564725,-4.6418603009937382e-05,-3.4252225362661804e-06,1.8349212896103267e-05,-5.3976387311819586e-05,0.0,0.0,0.0,0.0,0.0,0.0,0.0,0.0,0.0,0.0,0.0026020775703469801,0.0080295950611742588,7.018791109761707e-09
6.0,22,3,-882256.58458626643,-1446482.3874934269,8436800.8942057658,-4346417.1335134907,-1.5455986163536825e-05,-1.9168591946665943e-05,4.5863412046914741e-05,-2.8599424738518769e-05,0.0,0.0,0.0,0.0,0.0,0.0,0.0,0.0,0.0,0.0,0.0022056727176685913,0.0094732982711007059,5.949956303456007e-09
6.0,22,4,-1652427.2776910281,-934600.28338272776,11105258.773648491,-4588987.1458095703,-2.4331776803075045e-05,-1.9608475180526426e-05,5.9613797414738983e-05,-3.019553541942697e-05,0.0,0.0,0.0,0.0,0.0,0.0,0.0,0.0,0.0,0.0,0.0026021899366620886,0.0094732178458088023,7.019162564747146e-09
6.0,23,1,-8775307.1604880132,-1739491.9289219938,3351945.0642105481,-7866513.8179467553,-4.6424211756195994e-05,-1.2854753249156611e-07,3.3373107882320557e-05,-5.1761660922089648e-05,0.0,0.0,0.0,0.0,0.0,0.0,0.0,0.0,0.0,0.0,0.0028923333974401485,0.008029562495595003,7.801395273064921e-09
6.0,23,2,-6635096.3088419382,2612911.7637367845,10045554.121985665,-6728752.2061522072,-5.3175857643651157e-05,7.6760354739168328e-06,5.6582822191194462e-05,-4.427518951648152e-05,0.0,0.0,0.0,0.0,0.0,0.0,0.0,0.0,0.0,0.0,0.0032888169530336077,0.0080295216413001323,8.87019912238978e-09
6.0,23,3,-2384130.1789625138,-601948.40524088033,13411929.399052449,-4598649.6460723747,-3.216042086503485e-05,-2.0433664793946498e-05,7.1777651158303602e-05,-3.0259114671156223e-05,0.0,0.0,0.0,0.0,0.0,0.0,0.0,0.0,0.0,0.0,0.0028924515607312946,0.0094731549090663822,7.801705064682782e-09
6.0,23,4,-2482798.5674114954,478558.5529339388,17574107.592565399,-3991599.1967717581,-4.0937205346946435e-05,-2.1451475495073476e-05,9.1037237185701543e-05,-2.6264722714758168e-05,0.0,0.0,0.0,0.0,0.0,0.0,0.0,0.0,0.0,0.0,0.0032889415283844604,0.0094730685998323065,8.870446032839228e-09
6.0,24,1,-3855164.3588164281,7423771.3439298635,16370428.398213293,-4941024.2265922427,-5.6870657386668318e-05,1.7344739537402269e-05,7.6213742954587226e-05,-3.2511939410976953e-05,0.0,0.0,0.0,0.0,0.0,0.0,0.0,0.0,0.0,0.0,0.0035790525552431372,0.0080294958117073795,9.652470618465653e-09
6.0,24,2,-1204143.5481611434,15197323.967774535,25603140.18769449,-1777356.3200928597,-7.048545110644678e-05,3.7436205148409984e-05,0.00010590647587548329,-1.1695004586211016e-05,0.0,0.0,0.0,0.0,0.0,0.0,0.0,0.0,0.0,0.0,0.0039755026925194035,0.0080294713119459151,1.0720755191331113e-08
6.0,24,3,-2440169.078774048,1223056.7764735967,21132050.259704776,-3249656.8909557411,-4.7521914511032068e-05,-2.3417888383502561e-05,0.00010758328873615859,-2.1382742342488776e-05,0.0,0.0,0.0,0.0,0.0,0.0,0.0,0.0,0.0,0.0,0.0035791811033009579,0.0094730061834945624,9.652601848948348e-09
6.0,24,4,-843916.48910362646,3142392.9175925143,27430003.553759098,-1014917.9268833768,-5.2523968870253678e-05,-2.6294052974193075e-05,0.00013351842501178304,-6.6781599588926191e-06,0.0,0.0,0.0,0.0,0.0,0.0,0.0,0.0,0.0,0.0,0.0039756388661104612,0.0094729293184054597,1.0720774114468657e-08
6.0,25,1,0.0,0.0,0.0,0.0,0.0,0.0,0.0,0.0,0.0,0.0,0.0,0.0,0.0,0.0,0.0,0.0,0.0,0.0,0.0041813332490731811,0.00042349503027199088,3.757841763057791e-09
6.0,25,2,0.0,0.0,0.0,0.0,0.0,0.0,0.0,0.0,0.0,0.0,0.0,0.0,0.0,0.0,0.0,0.0,0.0,0.0,0.0043461667509268201,0.00042349503027199088,3.905980689165557e-09
6.0,25,3,0.0,0.0,0.0,0.0,0.0,0.0,0.0,0.0,0.0,0.0,0.0,0.0,0.0,0.0,0.0,0.0,0.0,0.0,0.0041813332490731794,0.0015805049697280092,3.757841763057791e-09
6.0,25,4,0.0,0.0,0.0,0.0,0.0,0.0,0.0,0.0,0.0,0.0,0.0,0.0,0.0,0.0,0.0,0.0,0.0,0.0,0.0043461667509268193,0.0015805049697280092,3.9059806891655735e-09
6.0,26,1,0.0,0.0,0.0,0.0,0.0,0.0,0.0,0.0,0.0,0.0,0.0,0.0,0.0,0.0,0.0,0.0,0.0,0.0,0.0044668332490731804,0.00042349503027199088,4.014425909655213e-09
6.0,26,2,0.0,0.0,0.0,0.0,0.0,0.0,0.0,0.0,0.0,0.0,0.0,0.0,0.0,0.0,0.0,0.0,0.0,0.0,0.0046316667509268186,0.00042349503027199088,4.162564835763061e-09
6.0,26,3,0.0,0.0,0.0,0.0,0.0,0.0,0.0,0.0,0.0,0.0,0.0,0.0,0.0,0.0,0.0,0.0,0.0,0.0,0.0044668332490731787,0.0015805049697280092,4.014425909655213e-09
6.0,26,4,0.0,0.0,0.0,0.0,0.0,0.0,0.0,0.0,0.0,0.0,0.0,0.0,0.0,0.0,0.0,0.0,0.0,0.0,0.0046316667509268186,0.0015805049697280092,4.162564835763092e-09
6.0,27,1,0.0,0.0,0.0,0.0,0.0,0.0,0.0,0.0,0.0,0.0,0.0,0.0,0.0,0.0,0.0,0.0,0.0,0.0,0.0041813332490731811,0.0024274950302719906,3.75784176305779e-09
6.0,27,2,0.0,0.0,0.0,0.0,0.0,0.0,0.0,0.0,0.0,0.0,0.0,0.0,0.0,0.0,0.0,0.0,0.0,0.0,0.0043461667509268201,0.0024274950302719911,3.905980689165556e-09
6.0,27,3,0.0,0.0,0.0,0.0,0.0,0.0,0.0,0.0,0.0,0.0,0.0,0.0,0.0,0.0,0.0,0.0,0.0,0.0,0.0041813332490731794,0.0035845049697280093,3.7578417630577884e-09
6.0,27,4,0.0,0.0,0.0,0.0,0.0,0.0,0.0,0.0,0.0,0.0,0.0,0.0,0.0,0.0,0.0,0.0,0.0,0.0,0.0043461667509268193,0.0035845049697280093,3.9059806891655735e-09
6.0,28,1,0.0,0.0,0.0,0.0,0.0,0.0,0.0,0.0,0.0,0.0,0.0,0.0,0.0,0.0,0.0,0.0,0.0,0.0,0.0044668332490731804,0.0024274950302719906,4.0144259096552124e-09
6.0,28,2,0.0,0.0,0.0,0.0,0.0,0.0,0.0,0.0,0.0,0.0,0.0,0.0,0.0,0.0,0.0,0.0,0.0,0.0,0.0046316667509268186,0.0024274950302719911,4.16256483576306e-09
6.0,28,3,0.0,0.0,0.0,0.0,0.0,0.0,0.0,0.0,0.0,0.0,0.0,0.0,0.0,0.0,0.0,0.0,0.0,0.0,0.0044668332490731787,0.0035845049697280093,4.014425909655211e-09
6.0,28,4,0.0,0.0,0.0,0.0,0.0,0.0,0.0,0.0,0.0,0.0,0.0,0.0,0.0,0.0,0.0,0.0,0.0,0.0,0.0046316667509268186,0.0035845049697280093,4.162564835763092e-09
6.0,29,1,0.0,0.0,0.0,0.0,0.0,0.0,0.0,0.0,0.0,0.0,0.0,0.0,0.0,0.0,0.0,0.0,0.0,0.0,0.0041813332490731811,0.0044314950302719903,3.75784176305779e-09
6.0,29,2,0.0,0.0,0.0,0.0,0.0,0.0,0.0,0.0,0.0,0.0,0.0,0.0,0.0,0.0,0.0,0.0,0.0,0.0,0.0043461667509268201,0.0044314950302719912,3.905980689165555e-09
6.0,29,3,0.0,0.0,0.0,0.0,0.0,0.0,0.0,0.0,0.0,0.0,0.0,0.0,0.0,0.0,0.0,0.0,0.0,0.0,0.0041813332490731794,0.0055885049697280082,3.757841763057787e-09
6.0,29,4,0.0,0.0,0.0,0.0,0.0,0.0,0.0,0.0,0.0,0.0,0.0,0.0,0.0,0.0,0.0,0.0,0.0,0.0,0.0043461667509268193,0.0055885049697280082,3.905980689165574e-09
6.0,30,1,0.0,0.0,0.0,0.0,0.0,0.0,0.0,0.0,0.0,0.0,0.0,0.0,0.0,0.0,0.0,0.0,0.0,0.0,0.0044668332490731804,0.0044314950302719903,4.0144259096552124e-09
6.0,30,2,0.0,0.0,0.0,0.0,0.0,0.0,0.0,0.0,0.0,0.0,0.0,0.0,0.0,0.0,0.0,0.0,0.0,0.0,0.0046316667509268186,0.0044314950302719912,4.1625648357630595e-09
6.0,30,3,0.0,0.0,0.0,0.0,0.0,0.0,0.0,0.0,0.0,0.0,0.0,0.0,0.0,0.0,0.0,0.0,0.0,0.0,0.0044668332490731787,0.0055885049697280082,4.014425909655209e-09
6.0,30,4,0.0,0.0,0.0,0.0,0.0,0.0,0.0,0.0,0.0,0.0,0.0,0.0,0.0,0.0,0.0,0.0,0.0,0.0,0.0046316667509268186,0.0055885049697280082,4.162564835763093e-09
6.0,31,1,0.0,0.0,0.0,0.0,0.0,0.0,0.0,0.0,0.0,0.0,0.0,0.0,0.0,0.0,0.0,0.0,0.0,0.0,0.0041813332490731811,0.0064354950302719901,3.757841763057785e-09
6.0,31,2,0.0,0.0,0.0,0.0,0.0,0.0,0.0,0.0,0.0,0.0,0.0,0.0,0.0,0.0,0.0,0.0,0.0,0.0,0.0043461667509268201,0.0064354950302719909,3.905980689165552e-09
6.0,31,3,0.0,0.0,0.0,0.0,0.0,0.0,0.0,0.0,0.0,0.0,0.0,0.0,0.0,0.0,0.0,0.0,0.0,0.0,0.0041813332490731794,0.0075925049697280079,3.757841763057797e-09
6.0,31,4,0.0,0.0,0.0,0.0,0.0,0.0,0.0,0.0,0.0,0.0,0.0,0.0,0.0,0.0,0.0,0.0,0.0,0.0,0.0043461667509268193,0.0075925049697280079,3.905980689165581e-09
6.0,32,1,0.0,0.0,0.0,0.0,0.0,0.0,0.0,0.0,0.0,0.0,0.0,0.0,0.0,0.0,0.0,0.0,0.0,0.0,0.0044668332490731804,0.0064354950302719901,4.0144259096552075e-09
6.0,32,2,0.0,0.0,0.0,0.0,0.0,0.0,0.0,0.0,0.0,0.0,0.0,0.0,0.0,0.0,0.0,0.0,0.0,0.0,0.0046316667509268186,0.0064354950302719909,4.162564835763056e-09
6.0,32,3,0.0,0.0,0.0,0.0,0.0,0.0,0.0,0.0,0.0,0.0,0.0,0.0,0.0,0.0,0.0,0.0,0.0,0.0,0.0044668332490731787,0.0075925049697280079,4.01442590965522e-09
6.0,32,4,0.0,0.0,0.0,0.0,0.0,0.0,0.0,0.0,0.0,0.0,0.0,0.0,0.0,0.0,0.0,0.0,0.0,0.0,0.0046316667509268186,0.0075925049697280079,4.1625648357631e-09
6.0,33,1,0.0,0.0,0.0,0.0,0.0,0.0,0.0,0.0,0.0,0.0,0.0,0.0,0.0,0.0,0.0,0.0,0.0,0.0,0.0041813332490731811,0.0084394950302719915,3.757841763057785e-09
6.0,33,2,0.0,0.0,0.0,0.0,0.0,0.0,0.0,0.0,0.0,0.0,0.0,0.0,0.0,0.0,0.0,0.0,0.0,0.0,0.0043461667509268201,0.0084394950302719915,3.9059806891655544e-09
6.0,33,3,0.0,0.0,0.0,0.0,0.0,0.0,0.0,0.0,0.0,0.0,0.0,0.0,0.0,0.0,0.0,0.0,0.0,0.0,0.0041813332490731794,0.0095965049697280085,3.757841763057793e-09
6.0,33,4,0.0,0.0,0.0,0.0,0.0,0.0,0.0,0.0,0.0,0.0,0.0,0.0,0.0,0.0,0.0,0.0,0.0,0.0,0.0043461667509268193,0.0095965049697280085,3.9059806891655784e-09
6.0,34,1,0.0,0.0,0.0,0.0,0.0,0.0,0.0,0.0,0.0,0.0,0.0,0.0,0.0,0.0,0.0,0.0,0.0,0.0,0.0044668332490731804,0.0084394950302719915,4.0144259096552075e-09
6.0,34,2,0.0,0.0,0.0,0.0,0.0,0.0,0.0,0.0,0.0,0.0,0.0,0.0,0.0,0.0,0.0,0.0,0.0,0.0,0.0046316667509268186,0.0084394950302719915,4.162564835763058e-09
6.0,34,3,0.0,0.0,0.0,0.0,0.0,0.0,0.0,0.0,0.0,0.0,0.0,0.0,0.0,0.0,0.0,0.0,0.0,0.0,0.0044668332490731787,0.0095965049697280085,4.014425909655216e-09
6.0,34,4,0.0,0.0,0.0,0.0,0.0,0.0,0.0,0.0,0.0,0.0,0.0,0.0,0.0,0.0,0.0,0.0,0.0,0.0,0.0046316667509268186,0.0095965049697280085,4.1625648357630976e-09
7.0,1,1,-21898720.863393072,-43757419.429814816,-21692461.497772593,-1417.0564524963743,-6.0827924513772433e-06,-0.00014991302901843232,-4.7256058255945159e-06,-9.3242314574261428e-09,0.0,0.0,0.0,0.0,0.0,0.0,0.0,0.0,0.0,0.0,0.00014515879610090004,0.00052841387443363491,3.9163288093145906e-10
7.0,1,2,-21321504.188236918,-42046041.280287974,-20551729.479635429,-21234.63944624591,-7.70304314050561e-06,-0.00014407049720620158,-2.6379255579078093e-06,-1.3972392755629809e-07,0.0,0.0,0.0,0.0,0.0,0.0,0.0,0.0,0.0,0.0,0.00054173799349617035,0.00052841391383803664,1.4615776198567054e-09
7.0,1,3,-22180379.676618714,-43436260.858744144,-21974127.095859163,-30840.039283321519,-7.5534854148203484e-06,-0.00014741718359320564,-6.1963434334225167e-06,-2.0292745848425559e-07,0.0,0.0,0.0,0.0,0.0,0.0,0.0,0.0,0.0,0.0,0.00014515846562528431,0.0019720690931420925,3.916317595601241e-10
7.0,1,4,-21593127.479340918,-41737825.827606581,-20823378.13788059,-96689.542776853123,-9.1189351312348811e-06,-0.00014167105026282288,-4.0539844644259153e-06,-6.3621719147169353e-07,0.0,0.0,0.0,0.0,0.0,0.0,0.0,0.0,0.0,0.0,0.00054173676021501498,0.0019720690913544317,1.461573214791272e-09
7.0,2,1,-20821431.007216968,-39940804.318270721,-18947162.703688495,-20985.415116375774,-1.1064167141389284e-05,-0.00013686964352812295,1.2685182958280685e-06,-1.3808403146575259e-07,0.0,0.0,0.0,0.0,0.0,0.0,0.0,0.0,0.0,0.0,0.00083205182952119749,0.00052841397481344582,2.244804097689451e-09
7.0,2,2,-19715007.030817244,-35888576.285691343,-15997930.569832873,-35554.240884475417,-1.6594354322357964e-05,-0.00012301644001942949,7.8640087909191844e-06,-2.3394690501984825e-07,0.0,0.0,0.0,0.0,0.0,0.0,0.0,0.0,0.0,0.0,0.0012286215888150727,0.00052841411395886833,3.314652042497703e-09
7.0,2,3,-21071151.374513697,-39651027.27745951,-19201646.913942508,-152984.9760672462,-1.2368531650153283e-05,-0.00013462411509153677,-6.7192299594870481e-08,-1.00664114252248e-06,0.0,0.0,0.0,0.0,0.0,0.0,0.0,0.0,0.0,0.0,0.00083204994121180442,0.0019720690948900749,2.2447969237416492e-09
7.0,2,4,-19948668.454436097,-35652573.448165037,-16233509.731678791,-206818.01761324535,-1.7763330848027227e-05,-0.00012109502570676367,6.6824135477158384e-06,-1.3608625558951543e-06,0.0,0.0,0.0,0.0,0.0,0.0,0.0,0.0,0.0,0.0,0.0012286188109005569,0.0019720691509797416,3.3146398864244727e-09
7.0,3,1,-18738918.478096377,-31940105.968736425,-13036119.148302749,-30465.43540310139,-2.2632156705559989e-05,-0.00010949597039397153,1.4892262884482094e-05,-2.0046256495240715e-07,0.0,0.0,0.0,0.0,0.0,0.0,0.0,0.0,0.0,0.0,0.0015189255598609954,0.00052841426541467803,4.097773734002788e-09
7.0,3,2,-17005783.127316583,-25187641.663953088,-8041332.5457190331,-45707.001327014979,-3.2527136385300957e-05,-8.6363765556369165e-05,2.6458948441610916e-05,-3.0075206873175857e-07,0.0,0.0,0.0,0.0,0.0,0.0,0.0,0.0,0.0,0.0,0.0019154773701112624,0.00052841456478340456,5.167429168832374e-09
7.0,3,3,-18930434.104718134,-31738590.16278971,-13234777.672786996,-236776.94012491195,-2.3594249343379472e-05,-0.00010787191620549045,1.3883169978727415e-05,-1.5579922660219206e-06,0.0,0.0,0.0,0.0,0.0,0.0,0.0,0.0,0.0,0.0,0.0015189221381993626,0.0019720692611195139,4.0977570236563315e-09
7.0,3,4,-17168563.529820148,-25060223.313865948,-8194168.9120134236,-257935.12988723422,-3.3300877932211328e-05,-8.5227999311232683e-05,2.5750638652956907e-05,-1.6972131546580011e-06,0.0,0.0,0.0,0.0,0.0,0.0,0.0,0.0,0.0,0.0,0.0019154730510650485,0.0019720695982278652,5.1674034050923385e-09
7.0,4,1,-15532305.000712607,-19174715.522718359,-3543868.2986319233,-31468.052875254878,-4.1766162565829592e-05,-6.5733223800627433e-05,3.7117750933861308e-05,-2.070597879191771e-07,0.0,0.0,0.0,0.0,0.0,0.0,0.0,0.0,0.0,0.0,0.0022057648238675972,0.00052841486947092131,5.950372161830428e-09
7.0,4,2,-13124608.914564382,-9483906.3185005449,3644600.9395011812,-41201.515146930411,-5.6396942074002907e-05,-3.2441118991902862e-05,5.3944458765748484e-05,-2.7110596966680211e-07,0.0,0.0,0.0,0.0,0.0,0.0,0.0,0.0,0.0,0.0,0.0026022891709308266,0.00052841543455788356,7.019730040687764e-09
7.0,4,3,-15654165.843371274,-19090488.653071366,-3634323.0295497291,-250652.89102643577,-4.2365626758315026e-05,-6.4976630846141651e-05,3.6724938956630725e-05,-1.6492960229539474e-06,0.0,0.0,0.0,0.0,0.0,0.0,0.0,0.0,0.0,0.0,0.0022057598161785968,0.0019720700351232813,5.950337244703145e-09
7.0,4,4,-13191327.097236052,-9458026.5789149553,3660963.5653737821,-252124.39667653802,-5.6797275924785196e-05,-3.2232158514232392e-05,5.4090796635187496e-05,-1.65897853013162e-06,0.0,0.0,0.0,0.0,0.0,0.0,0.0,0.0,0.0,0.0,0.0026022831013476858,0.001972071011187594,7.01967752444641e-09
7.0,5,1,-11119401.736356344,-1212002.9513288084,9814659.8565179761,-30280.948868101223,-6.9189206591980601e-05,-3.998522586499416e-06,6.8556918689132416e-05,-1.9924864355210604e-07,0.0,0.0,0.0,0.0,0.0,0.0,0.0,0.0,0.0,0.0,0.0028925528687632077,0.00052841599810898149,7.802414434932189e-09
7.0,5,2,-8001330.4022052716,11692073.112039087,19375519.914335355,-108586.46660683352,-8.909344899269797e-05,4.0489146131029909e-05,9.1046226090139322e-05,-7.1449895027296452e-07,0.0,0.0,0.0,0.0,0.0,0.0,0.0,0.0,0.0,0.0,0.0032890394357866573,0.00052841701133071934,8.871360366317106e-09
7.0,5,3,-11207284.355032992,-1238102.8732078802,9923330.6094776895,-184650.22014591045,-6.975908159847126e-05,-4.1618674480620278e-06,6.928036486800903e-05,-1.2149984485600907e-06,0.0,0.0,0.0,0.0,0.0,0.0,0.0,0.0,0.0,0.0,0.0028925458596826305,0.0019720720887488165,7.802340705883179e-09
7.0,5,4,-7976210.58532653,11684274.275475064,19726272.384126499,-131916.64214903233,-8.9509716648803112e-05,3.9856273735271367e-05,9.2772621290197795e-05,-8.6801150534063272e-07,0.0,0.0,0.0,0.0,0.0,0.0,0.0,0.0,0.0,0.0,0.0032890307411118881,0.001972074200911879,8.871250073537706e-09
7.0,6,1,-5437606.7361584399,22462452.599202547,27357690.256319769,-10927.117174704574,-0.00010590385939251746,7.7678531034157833e-05,0.00010988919481798915,-7.1900431009556097e-08,0.0,0.0,0.0,0.0,0.0,0.0,0.0,0.0,0.0,0.0,0.0035792715031961282,0.00052841813635367738,9.653701083613382e-09
7.0,6,2,-1545586.2674312666,38967047.463333704,39494764.528149396,-78333.715461152067,-0.0001316975942836996,0.00013487553566473385,0.00013834791395122111,-5.1543584773438062e-07,0.0,0.0,0.0,0.0,0.0,0.0,0.0,0.0,0.0,0.0,0.0039757090987913518,0.00052842023977016264,1.072211787399607e-08
7.0,6,3,-5497712.3158080895,22342090.333954901,27878219.50772557,-35868.657033819763,-0.00010683665112889557,7.6349250306544884e-05,0.00011277698026995587,-2.3601576328253403e-07,0.0,0.0,0.0,0.0,0.0,0.0,0.0,0.0,0.0,0.0,0.0035792611825248904,0.0019720763311071921,9.653539983769053e-09
7.0,6,4,-1526496.1240684614,38711814.831850976,40416312.721850604,-94220.656934966231,-0.00013265492215519078,0.00013211316393475911,0.0001433287600509566,-6.1997192263207779e-07,0.0,0.0,0.0,0.0,0.0,0.0,0.0,0.0,0.0,0.0,0.0039756955991557446,0.0019720801992925935,1.0721861961582037e-08
7.0,7,1,-22740183.357000109,-42913221.473440982,-22537328.374721203,-57731.942433194497,-1.0289048024904301e-05,-0.0001430276388310852,-8.9542622415090978e-06,-3.7987618121041977e-07,0.0,0.0,0.0,0.0,0.0,0.0,0.0,0.0,0.0,0.0,0.0001451579867738342,0.0030288998054432527,3.9163069171789117e-10
7.0,7,2,-22126575.224537406,-41244014.668902561,-21369505.971613668,-220120.2644514578,-1.170351351067139e-05,-0.0001374962650545941,-6.7219978264331868e-06,-1.4483913400905922e-06,0.0,0.0,0.0,0.0,0.0,0.0,0.0,0.0,0.0,0.0,0.00054173500621201756,0.0030288996146254667,1.4615691413874545e-09
7.0,7,3,-23770657.702767763,-40648359.289195016,-23577078.043433346,-200790.1739074089,-1.7377097528285984e-05,-0.00012843237396697733,-1.6103343369865552e-05,-1.3211993443107504e-06,0.0,0.0,0.0,0.0,0.0,0.0,0.0,0.0,0.0,0.0,0.0001451568515052248,0.0044725718505255491,3.916300426038689e-10
7.0,7,4,-23114574.652354248,-39088255.610585384,-22392121.097171508,-599574.67521591124,-1.8433878063515351e-05,-0.00012354069876867619,-1.368013367041293e-05,-3.9452013629206956e-06,0.0,0.0,0.0,0.0,0.0,0.0,0.0,0.0,0.0,0.0,0.00054173085967832118,0.0044725706786676927,1.4615664796754954e-09
7.0,8,1,-21598627.285961766,-39214991.74009116,-19749203.762710735,-313720.8909436668,-1.4829707535381837e-05,-0.00013074538564355323,-2.6605007523900607e-06,-2.0642834624093276e-06,0.0,0.0,0.0,0.0,0.0,0.0,0.0,0.0,0.0,0.0,0.00083204727857388036,0.0030288993502868384,2.244790198056114e-09
7.0,8,2,-20407177.217511449,-35284674.424506254,-16747247.558202632,-422917.11951223691,-1.9825449354877185e-05,-0.00011771938097690304,4.2568878033748135e-06,-2.7827946463905187e-06,0.0,0.0,0.0,0.0,0.0,0.0,0.0,0.0,0.0,0.0,0.0012286149963714895,0.0030288989355679173,3.314629446567437e-09
7.0,8,3,-22505133.73331489,-37213656.765938528,-20756122.214508098,-943377.93316536921,-2.0933417877468774e-05,-0.00011771549943213232,-9.4249220837200728e-06,-6.2074268002281287e-06,0.0,0.0,0.0,0.0,0.0,0.0,0.0,0.0,0.0,0.0,0.00083204104785218678,0.0044725690236101148,2.2447856852836065e-09
7.0,8,4,-21236865.957069926,-33638763.61473497,-17759977.371870171,-1233094.1101162378,-2.4974319026513511e-05,-0.00010657880561394949,-2.0963921358991084e-06,-8.113759244564844e-06,0.0,0.0,0.0,0.0,0.0,0.0,0.0,0.0,0.0,0.0,0.0012286062369870981,0.0044725659544637888,3.314620529408744e-09
7.0,9,1,-19394306.987875387,-31466855.835861746,-13750753.182809304,-473651.90555688192,-2.5527712689876689e-05,-0.00010496508410962689,1.1606871347458151e-05,-3.1166295385642829e-06,0.0,0.0,0.0,0.0,0.0,0.0,0.0,0.0,0.0,0.0,0.0015189175341356529,0.0030288986090056926,4.097742405082013e-09
7.0,9,2,-17540128.566356406,-24873128.130053021,-8658815.5624062419,-501072.00800519588,-3.4720171797696396e-05,-8.2971308926820108e-05,2.3718867768295682e-05,-3.2970538126741886e-06,0.0,0.0,0.0,0.0,0.0,0.0,0.0,0.0,0.0,0.0,0.001915467456284383,0.0030288983407114182,5.167383450792286e-09
7.0,9,3,-20016307.654084984,-30078012.649167441,-14700532.267779302,-1454754.5205657389,-2.9331437301649066e-05,-9.5537456169291635e-05,5.646364740242322e-06,-9.5722847453225619e-06,0.0,0.0,0.0,0.0,0.0,0.0,0.0,0.0,0.0,0.0,0.0015189072371468676,0.0044725632003195723,4.097730961579142e-09
7.0,9,4,-18100526.438251127,-24031642.363621324,-9636168.746991653,-1540983.6044051249,-3.7307490636487127e-05,-7.6334233425423038e-05,1.8387982972000222e-05,-1.0139672116985722e-05,0.0,0.0,0.0,0.0,0.0,0.0,0.0,0.0,0.0,0.0,0.00191545555483745,0.0044725592059383507,5.1673631505288075e-09
7.0,10,1,-16032422.228935596,-19011979.410721779,-4092739.1619445272,-500348.06947444152,-4.3656655799865208e-05,-6.3262142056018307e-05,3.4906458780936019e-05,-3.2922902971418252e-06,0.0,0.0,0.0,0.0,0.0,0.0,0.0,0.0,0.0,0.0,0.0022057535553183525,0.003028898279294093,5.9503107369919506e-09
7.0,10,2,-13495574.074445723,-9478720.1869444158,3258598.8406157531,-417040.27838237357,-5.765007864502933e-05,-3.1219180065270719e-05,5.2592379136075183e-05,-2.744125031756018e-06,0.0,0.0,0.0,0.0,0.0,0.0,0.0,0.0,0.0,0.0,0.0026022759667429091,0.0030288986319306991,7.019641948710409e-09
7.0,10,3,-16277607.298007954,-18453007.278878711,-4957901.0082997624,-1572346.4574313953,-4.439880139629777e-05,-5.8712933270427359e-05,3.0084865989982108e-05,-1.034603968989858e-05,0.0,0.0,0.0,0.0,0.0,0.0,0.0,0.0,0.0,0.0,0.0022057409149490149,0.0044725562661764983,5.950288472716719e-09
7.0,10,4,-13746892.683696665,-9520388.7339351848,2342863.6778474674,-1430144.1593116974,-5.7393973829864734e-05,-2.9583577840434177e-05,4.8476623029095655e-05,-9.4103485682709687e-06,0.0,0.0,0.0,0.0,0.0,0.0,0.0,0.0,0.0,0.0,0.0026022628678119613,0.004472552755828323,7.019607006768268e-09
7.0,11,1,-11436730.319433067,-1332567.9629987702,9579361.6133554988,-392613.98620723386,-7.0213585564728976e-05,-3.7281972593912958e-06,6.8072299353019811e-05,-2.5834000292435987e-06,0.0,0.0,0.0,0.0,0.0,0.0,0.0,0.0,0.0,0.0,0.002892538154687728,0.0030288991766963197,7.80229704458769e-09
7.0,11,2,-8216969.5852962304,11423949.075253945,19413470.259318724,-244519.55311571222,-8.9807970475105973e-05,3.9429274311314187e-05,9.2000323702460439e-05,-1.6089386595013862e-06,0.0,0.0,0.0,0.0,0.0,0.0,0.0,0.0,0.0,0.0,0.0032890222389583075,0.0030289005448126479,8.871188545631214e-09
7.0,11,3,-11384565.53083249,-1588796.9533096198,8780481.9107839111,-1254749.644007026,-6.8285689886971837e-05,-3.829532646871344e-06,6.4400322278864098e-05,-8.2562526575662302e-06,0.0,0.0,0.0,0.0,0.0,0.0,0.0,0.0,0.0,0.0,0.0028925251314345021,0.0044725507301990944,7.802263209209578e-09
7.0,11,4,-8266765.7816777229,10745810.069369573,18540761.1934672,-904014.88878562488,-8.7606611503670726e-05,3.7496137596220491e-05,8.8786915992782885e-05,-5.9484179682094116e-06,0.0,0.0,0.0,0.0,0.0,0.0,0.0,0.0,0.0,0.0,0.003289009754213082,0.0044725490740648507,8.871146916484217e-09
7.0,12,1,-5542936.9754557516,22165455.000586294,27731405.530786797,-224935.87937392626,-0.00010655172451684824,7.5769494685508403e-05,0.00011239344917422773,-1.4800780862804348e-06,0.0,0.0,0.0,0.0,0.0,0.0,0.0,0.0,0.0,0.0,0.0035792521181099031,0.0030289018716516715,9.65347120039064e-09
7.0,12,2,-1523793.6071836166,38639444.026125595,40435772.742071621,88624.624129077871,-0.00013255781052966967,0.00013171629309750491,0.00014353613604842978,5.8315002676933236e-07,0.0,0.0,0.0,0.0,0.0,0.0,0.0,0.0,0.0,0.0,0.0039756856472475477,0.0030289042374600159,1.0721773784487757e-08
7.0,12,3,-5514865.6073651779,21346009.579863131,26838971.512717757,-557123.94025609794,-0.0001037065981631037,7.3037960568858584e-05,0.00010918165008704202,-3.6658755268851243e-06,0.0,0.0,0.0,0.0,0.0,0.0,0.0,0.0,0.0,0.0,0.0035792402650573346,0.004472548958041285,9.653438401551094e-09
7.0,12,4,-1736405.9693984911,37600413.46748738,39310337.517359577,-313211.28994825709,-0.00013020101640305064,0.00012863525549165837,0.00013988655573981746,-2.0609302878595317e-06,0.0,0.0,0.0,0.0,0.0,0.0,0.0,0.0,0.0,0.0,0.0039756749979787415,0.0044725501475870516,1.0721758121150648e-08
7.0,13,1,-25080768.100290593,-37262896.755521975,-24899944.411201209,-332412.5519303708,-2.7186551458030326e-05,-0.00010734495800945285,-2.5996731583822181e-05,-2.1872745917018397e-06,0.0,0.0,0.0,0.0,0.0,0.0,0.0,0.0,0.0,0.0,0.00014515541205730359,0.0055294283582278721,3.9163055763331217e-10
7.0,13,2,-24372499.259492289,-35845454.528219923,-23697647.949311305,-1212459.2438392618,-2.778439438296211e-05,-0.00010327644005118995,-2.3343872761971207e-05,-7.9779818244623417e-06,0.0,0.0,0.0,0.0,0.0,0.0,0.0,0.0,0.0,0.0,0.00054172561183220204,0.0055294257878409116,1.4615682036380659e-09
7.0,13,3,-24942239.407419011,-27764189.957859114,-24786990.718341514,-633667.50777522975,-4.1680331568698069e-05,-6.0248766190593938e-05,-4.0658795194568127e-05,-4.1695322011610115e-06,0.0,0.0,0.0,0.0,0.0,0.0,0.0,0.0,0.0,0.0,0.0001451533721338543,0.0069731753009410835,3.9163829872543454e-10
7.0,13,4,-24156045.992758855,-26675404.285739765,-23576627.053241722,-2282565.9546118933,-4.1382020448203512e-05,-5.7959398016017922e-05,-3.7569443826180796e-05,-1.5019283981346257e-05,0.0,0.0,0.0,0.0,0.0,0.0,0.0,0.0,0.0,0.0,0.00054171824783599202,0.0069731688137343421,1.4615965430026601e-09
7.0,14,1,-23686363.475377463,-34199687.892865628,-22067361.228718758,-1797534.7713912462,-2.9529879764783964e-05,-9.8707554431856127e-05,-1.8876844981769708e-05,-1.18277787957544e-05,0.0,0.0,0.0,0.0,0.0,0.0,0.0,0.0,0.0,0.0,0.00083203316362699393,0.0055294220887569662,2.244787678429992e-09
7.0,14,2,-22281151.70667699,-31067536.067345738,-19067976.026678704,-2480947.2069071573,-3.2191649424826318e-05,-9.0006058518026693e-05,-1.1048953450437608e-05,-1.6324632621449093e-05,0.0,0.0,0.0,0.0,0.0,0.0,0.0,0.0,0.0,0.0,0.0012285952075942856,0.0055294150457770854,3.314621619730889e-09
7.0,14,3,-23695346.992304966,-25665429.033158779,-22182748.983321205,-3410122.6768792267,-4.2876613695486458e-05,-5.5839753524304543e-05,-3.292371879637331e-05,-2.2438607213865311e-05,0.0,0.0,0.0,0.0,0.0,0.0,0.0,0.0,0.0,0.0,0.00083202202435493091,0.0069731594723749599,2.244826851444236e-09
7.0,14,4,-22053332.024566859,-23470543.188646007,-19277094.882151112,-4772215.7711621728,-4.2725391970974845e-05,-5.2050641430615638e-05,-2.4457751573879236e-05,-3.1401179774247097e-05,0.0,0.0,0.0,0.0,0.0,0.0,0.0,0.0,0.0,0.0,0.001228579604676017,0.0069731413464371181,3.3146751168861813e-09
7.0,15,1,-20984606.622752484,-27970306.609121401,-16044968.681214796,-2844272.5153213544,-3.5378898155031223e-05,-8.1344804065338683e-05,-2.8760804997132483e-06,-1.871531315081451e-05,0.0,0.0,0.0,0.0,0.0,0.0,0.0,0.0,0.0,0.0,0.0015188942539277146,0.0055294086141389372,4.097729104332226e-09
7.0,15,2,-18815160.337860554,-22535181.242990926,-10945798.571845338,-3176586.0079884278,-4.1175853581861461e-05,-6.5653591137619326e-05,1.0604546838518646e-05,-2.0901935932563854e-05,0.0,0.0,0.0,0.0,0.0,0.0,0.0,0.0,0.0,0.0,0.0019154405953790677,0.0055293990242530518,5.167357721962939e-09
7.0,15,3,-21090629.91572576,-21543219.91365926,-16619002.284645505,-5576578.197134601,-4.5156838505307274e-05,-4.8134880691709694e-05,-1.5733528692799189e-05,-3.6693884537145673e-05,0.0,0.0,0.0,0.0,0.0,0.0,0.0,0.0,0.0,0.0,0.0015188758633179816,0.0069731243863523709,4.097781649764553e-09
7.0,15,4,-18493857.005093686,-17624493.104588959,-11649242.750579834,-6274436.3759430749,-4.621678237430173e-05,-4.0496367908980638e-05,-1.179220579600592e-06,-4.1285791353705433e-05,0.0,0.0,0.0,0.0,0.0,0.0,0.0,0.0,0.0,0.0,0.0019154195762229674,0.0069730981686806203,5.167413338745399e-09
7.0,16,1,-16950726.910632633,-17582879.689799033,-6333265.0887813205,-3213639.3395958561,-4.6966125803006193e-05,-5.1125691089921119e-05,2.2896772984775423e-05,-2.1145746854540731e-05,0.0,0.0,0.0,0.0,0.0,0.0,0.0,0.0,0.0,0.0,0.0022057249996366166,0.0055293916715621399,5.9502750834695295e-09
7.0,16,2,-14056232.329021422,-9303425.307281943,1058363.1125349849,-3072246.3489682018,-5.7253963377406924e-05,-2.5980493174361147e-05,4.2200074628034251e-05,-2.0215380976210766e-05,0.0,0.0,0.0,0.0,0.0,0.0,0.0,0.0,0.0,0.0,0.0026022464602445819,0.005529382406200112,7.01958862094254e-09
7.0,16,3,-17157161.94406008,-14353841.109081794,-7554740.5236028843,-6557462.7009185152,-5.117025074065861e-05,-3.2724399646501487e-05,1.2013682205949746e-05,-4.3148104572043828e-05,0.0,0.0,0.0,0.0,0.0,0.0,0.0,0.0,0.0,0.0,0.0022057028350380634,0.0069730770847371351,5.950309697463774e-09
7.0,16,4,-13617324.404555462,-7982765.5833664183,-262156.36072897911,-6303713.1808404019,-5.5059645351106582e-05,-1.7984248307682673e-05,3.2817360377271672e-05,-4.1478432729929843e-05,0.0,0.0,0.0,0.0,0.0,0.0,0.0,0.0,0.0,0.0,0.0026022242295715308,0.0069730485863271673,7.019611976901103e-09
7.0,17,1,-11681595.233581625,-2048339.6084648063,7427618.724832451,-2722141.8368576672,-6.6907237171769002e-05,-3.5204151585003355e-06,5.8831390674595613e-05,-1.7911693286523451e-05,0.0,0.0,0.0,0.0,0.0,0.0,0.0,0.0,0.0,0.0,0.0028925089386051769,0.0055293765061398287,7.80223224127047e-09
7.0,17,2,-8150744.7368059624,9776191.6115441043,17356248.929090045,-2111151.8614140912,-8.3622979738231753e-05,3.433626143391166e-05,8.4213038583363963e-05,-1.3891379248104718e-05,0.0,0.0,0.0,0.0,0.0,0.0,0.0,0.0,0.0,0.0,0.0032889946126936679,0.0055293709358499648,8.871112855471382e-09
7.0,17,3,-11994661.907573,-2756662.6104287701,5481665.6910813767,-5914292.9650625447,-6.4278814405296128e-05,-3.4927790300870782e-06,5.071542119384968e-05,-3.8916047710111542e-05,0.0,0.0,0.0,0.0,0.0,0.0,0.0,0.0,0.0,0.0,0.0028924876339635791,0.0069730283525077669,7.802207208273053e-09
7.0,17,4,-7760251.3138666619,7003950.4227142017,15368875.997382144,-4459945.8145608781,-7.4150322313085523e-05,2.2998125113616542e-05,7.8039335394931598e-05,-2.9346443459810577e-05,0.0,0.0,0.0,0.0,0.0,0.0,0.0,0.0,0.0,0.0,0.0032889759554403566,0.006973005221978538,8.871054873940814e-09
7.0,18,1,-5324927.0489216223,19853189.508403145,25662864.098823704,-1405052.5400157121,-9.8539999944026533e-05,6.7132007003170417e-05,0.00010535966580813773,-9.2452457133033862e-06,0.0,0.0,0.0,0.0,0.0,0.0,0.0,0.0,0.0,0.0,0.0035792264807384048,0.0055293688662652,9.653393523147194e-09
7.0,18,2,-1297252.5906972177,35937117.606558979,38349672.96643813,-302118.4721981879,-0.00012385939205882151,0.00012114276383912425,0.00013701737810712904,-1.9879395470640764e-06,0.0,0.0,0.0,0.0,0.0,0.0,0.0,0.0,0.0,0.0,0.0039756634836339609,0.0055293697364273368,1.0721714150016215e-08
7.0,18,3,-5729842.6679552197,15218054.236771284,23185311.074230447,-3433207.7628242048,-8.9326530531158831e-05,4.8510631101941561e-05,0.00010093518109242284,-2.2590507079383266e-05,0.0,0.0,0.0,0.0,0.0,0.0,0.0,0.0,0.0,0.0,0.0035792107161488384,0.0069729919139248277,9.653260573945158e-09
7.0,18,4,-1437287.0463717692,29708049.735309757,35963357.565154158,-854972.91039496532,-0.00011094725876659183,9.3989057256872608e-05,0.00013514898277724877,-5.6257217503988717e-06,0.0,0.0,0.0,0.0,0.0,0.0,0.0,0.0,0.0,0.0,0.0039756519017195542,0.0069729829141324034,1.0721507819002083e-08
7.0,19,1,-22842467.992970936,-15970924.624075536,-22676844.026022363,-929296.80137867422,-5.3148865497700012e-05,-7.9341101303682604e-06,-5.2059059795178382e-05,-6.1147729530716758e-06,0.0,0.0,0.0,0.0,0.0,0.0,0.0,0.0,0.0,0.0,0.00014515179113735863,0.0080301306741978797,3.9165042825038033e-10
7.0,19,2,-22358147.349278655,-15310084.445054341,-21739991.307457499,-3153990.9506810014,-5.3251617057424561e-05,-6.8753631476285803e-06,-4.9184150302241365e-05,-2.0753260455480987e-05,0.0,0.0,0.0,0.0,0.0,0.0,0.0,0.0,0.0,0.0,0.00054171224647891038,0.0080301195971646464,1.461639234736956e-09
7.0,19,3,3134806.5998998508,-2833693.3779657562,3354311.4655382549,-487282.44826988637,1.485145642113471e-05,-2.442127343322099e-05,1.6295798437035403e-05,-3.2063185096158521e-06,0.0,0.0,0.0,0.0,0.0,0.0,0.0,0.0,0.0,0.0,0.00014516182654974823,0.0094739769811137964,3.9169829413477953e-10
7.0,19,4,2901983.2824806659,-2612979.5320790648,3721055.981262337,-1660653.2661010653,1.2759155622693757e-05,-2.3529299697109263e-05,1.8148653980677151e-05,-1.0927098490945009e-05,0.0,0.0,0.0,0.0,0.0,0.0,0.0,0.0,0.0,0.0,0.00054174917411486511,0.009473958899165854,1.4618134569355984e-09
7.0,20,1,-21663862.062312953,-14620190.741090219,-20336818.22063474,-4866968.0029302323,-5.3087236152039318e-05,-6.7398788583937507e-06,-4.4355287673796681e-05,-3.2024649459280928e-05,0.0,0.0,0.0,0.0,0.0,0.0,0.0,0.0,0.0,0.0,0.00083201298918446169,0.0080301035607447981,2.2448923437320315e-09
7.0,20,2,-20789970.02664426,-13721126.864399318,-18042972.196500972,-6778770.8131612837,-5.3762573616998848e-05,-7.2495856094271179e-06,-3.5687327894655999e-05,-4.4604311950601244e-05,0.0,0.0,0.0,0.0,0.0,0.0,0.0,0.0,0.0,0.0,0.0012285665976220735,0.0080300719801161703,3.3147562003312807e-09
7.0,20,3,2505299.0102202729,-2468448.6834393586,4401599.5335812131,-2467306.8832265604,9.4721167078772357e-06,-2.3255143116403142e-05,2.1949774151592219e-05,-1.6234879291630766e-05,0.0,0.0,0.0,0.0,0.0,0.0,0.0,0.0,0.0,0.0,0.00083206891034003278,0.0094739328076090881,2.2451506622439486e-09
7.0,20,4,1739335.5615475946,-2356512.8958153934,5499086.8504118007,-3517729.8097499884,3.7314109594756488e-06,-2.3219271889972812e-05,2.8470574440202129e-05,-2.3146662148154922e-05,0.0,0.0,0.0,0.0,0.0,0.0,0.0,0.0,0.0,0.0,0.0012286467079424526,0.0094738810196184544,3.315116935405684e-09
7.0,21,1,-19478661.473057855,-12537618.561848419,-15457671.387086341,-8125647.5695960335,-5.3160749245972352e-05,-7.48868689021426e-06,-2.6702634480279794e-05,-5.3466761007941897e-05,0.0,0.0,0.0,0.0,0.0,0.0,0.0,0.0,0.0,0.0,0.0015188602898530974,0.0080300421817935987,4.097879262079023e-09
7.0,21,2,-18082483.635694306,-10854389.177999014,-11492495.530132096,-9408486.7306986488,-5.5104340339624389e-05,-7.5434788079893478e-06,-1.1742218605025031e-05,-6.1907842687997103e-05,0.0,0.0,0.0,0.0,0.0,0.0,0.0,0.0,0.0,0.0,0.0019154009638711867,0.0080299947769542912,5.1674962239004104e-09
7.0,21,3,897693.7071444816,-2272041.0201836741,6650282.9405438807,-4215164.6098044766,-2.4291536984467171e-06,-2.3286008204265979e-05,3.5422883457321324e-05,-2.7735783132513453e-05,0.0,0.0,0.0,0.0,0.0,0.0,0.0,0.0,0.0,0.0,0.0015189564846841298,0.0094738316386738623,4.0982918487475585e-09
7.0,21,4,-172972.34747221973,-1981366.1730064321,8722862.8652880825,-5019558.9654698148,-1.1516426511166103e-05,-2.3415657883181223e-05,4.7018169188796676e-05,-3.3028697992791383e-05,0.0,0.0,0.0,0.0,0.0,0.0,0.0,0.0,0.0,0.0,0.0019155163914867806,0.0094737510695656613,5.167966374843275e-09
7.0,22,1,-15944527.839292362,-8730377.9513229299,-7411594.4919636389,-10077255.828194801,-5.4218322736069032e-05,-6.749216473230163e-06,1.9283786893539642e-06,-6.6308343349521791e-05,0.0,0.0,0.0,0.0,0.0,0.0,0.0,0.0,0.0,0.0,0.0022056827350491357,0.008029955894516683,5.95040347141754e-09
7.0,22,2,-13933662.0699376,-5690185.7182476744,-1483557.761317756,-10277348.339741886,-5.8333795651974629e-05,-4.0917212578549083e-06,2.3587890698743961e-05,-6.7624952075501609e-05,0.0,0.0,0.0,0.0,0.0,0.0,0.0,0.0,0.0,0.0,0.0026022033054594767,0.0080299007911613391,7.019646756701582e-09
7.0,22,3,-1247358.5073633045,-1807935.2572170775,10586595.633832477,-5490535.2899548793,-2.0107075931868858e-05,-2.3795670945906674e-05,5.776034231719939e-05,-3.6127722207903102e-05,0.0,0.0,0.0,0.0,0.0,0.0,0.0,0.0,0.0,0.0,0.0022058099064275844,0.0094736830858510208,5.950869790711891e-09
7.0,22,4,-2198312.5893951617,-1140456.0247095395,13951486.518907417,-5774228.366606039,-3.1232991127808448e-05,-2.4272294932177063e-05,7.5032687004822506e-05,-3.7994422652267733e-05,0.0,0.0,0.0,0.0,0.0,0.0,0.0,0.0,0.0,0.0,0.0026023434437592234,0.0094735822662392541,7.0201071722856e-09
7.0,23,1,-10904259.874006812,-2047079.3732389631,4375453.6435620738,-9832276.6869795285,-5.8200130717144566e-05,8.0116977907866534e-08,4.2340384228458692e-05,-6.4696380600325296e-05,0.0,0.0,0.0,0.0,0.0,0.0,0.0,0.0,0.0,0.0,0.0028924674407843718,0.0080298601227755811,7.802249791514663e-09
7.0,23,2,-8205694.9352878388,3396427.1471381551,12716023.853838485,-8383519.6492558746,-6.6486147257982284e-05,9.8558160443807573e-06,7.1178762374468922e-05,-5.5163559292103651e-05,0.0,0.0,0.0,0.0,0.0,0.0,0.0,0.0,0.0,0.0,0.0032889591083680031,0.0080298091826227231,8.870991677813644e-09
7.0,23,3,-3105510.4877454843,-724800.52460913546,16825770.285736542,-5767778.414500175,-4.0967084661308714e-05,-2.5302013103871554e-05,9.0180742828203009e-05,-3.7951981967411149e-05,0.0,0.0,0.0,0.0,0.0,0.0,0.0,0.0,0.0,0.0,0.0028926146644728257,0.0094735035587566203,7.802631044504676e-09
7.0,23,4,-3210129.10479041,613677.53723008372,21990773.695391685,-4985552.6845989255,-5.1765678471494444e-05,-2.6605030766999598e-05,0.00011405626195370373,-3.2804936664660926e-05,0.0,0.0,0.0,0.0,0.0,0.0,0.0,0.0,0.0,0.0,0.0032891141058589229,0.0094733959051565599,8.871292242032926e-09
7.0,24,1,-4719873.797618404,9333826.6660269815,20528992.160047352,-6146957.7563355826,-7.0782622733289469e-05,2.1690726317497164e-05,9.5354915268151209e-05,-4.0446982036688133e-05,0.0,0.0,0.0,0.0,0.0,0.0,0.0,0.0,0.0,0.0,0.0035791981233308998,0.0080297769849597411,9.653186529360239e-09
7.0,24,2,-1423655.6069261581,18845101.215214305,31849213.830383003,-2162071.319214595,-8.7215295806674536e-05,4.6153124083009719e-05,0.00013172018509081973,-1.4226429280432035e-05,0.0,0.0,0.0,0.0,0.0,0.0,0.0,0.0,0.0,0.0,0.0039756486134141164,0.0080297463916151265,1.0721296310303341e-08
7.0,24,3,-3144410.9569472708,1532771.2039776798,26366591.398629941,-4042274.581584801,-5.9803047696856396e-05,-2.9027189077970225e-05,0.00013437934780284166,-2.659816674682799e-05,0.0,0.0,0.0,0.0,0.0,0.0,0.0,0.0,0.0,0.0,0.0035793578942212782,0.0094733182855778163,9.653342198116035e-09
7.0,24,4,-1140909.2880722061,3923956.0694920011,34090433.973052725,-1270146.1931691291,-6.5767282707581706e-05,-3.2440468654809209e-05,0.00016605495595062035,-8.3575619510528684e-06,0.0,0.0,0.0,0.0,0.0,0.0,0.0,0.0,0.0,0.0,0.0039758175324603202,0.009473223058801215,1.0721313973058214e-08
7.0,25,1,2499.4655149324522,1099.0717404124216,865.65279249447451,-18386.140497325217,2.5467308734138452e-08,1.1938166424579112e-09,-2.852111788119839e-09,-3.186931019536371e-07,0.0,0.0,0.0,0.0,1.2336998083340614e-13,-4.7448867483246628e-14,-7.5921113350159517e-14,-2.2427258688847734e-12,0.0,2.5926658363646386e-12,0.004181333237147233,0.00042349502879515709,3.757841852528297e-09
7.0,25,2,2169.1273632876091,-147.37566685839067,476.20805073010115,6250.7546423016975,2.7606368641681275e-08,-1.2546350547516053e-08,-1.7375661093155222e-09,1.0834641379989609e-07,0.0,0.0,0.0,0.0,1.9490012128024106e-14,-1.4291915760650423e-14,-5.1980963673736861e-15,9.1155737690843768e-14,0.0,1.0717548433178297e-13,0.0043461667433750449,0.00042349501973549587,3.905980741202797e-09
7.0,25,3,-9442.2978992677672,-1586.9794903557117,-2540.3950480764652,19155.589951047834,-1.0938780716984153e-07,2.6771045251300775e-08,1.0245175584141052e-08,3.3203022581816248e-07,0.0,0.0,0.0,0.0,-6.8233585198409208e-13,4.0729314076717396e-13,2.7504271121691817e-13,2.6571152303942467e-12,0.0,3.1440569445223204e-12,0.0041813332919128244,0.0015805049844292026,3.757841491096831e-09
7.0,25,4,-8362.568766348093,1077.6481449369016,-1756.5063684827007,-6112.9651925769167,-1.0878548399045809e-07,5.4844942471815219e-08,5.719597572542106e-09,-1.0595806333799989e-07,0.0,0.0,0.0,0.0,-1.1713791861525678e-13,8.9602972333940308e-14,2.753494628131652e-14,-1.3387402875711618e-13,0.0,1.9723534004944235e-13,0.0043461667757852636,0.0015805049836614998,3.905980500815502e-09
7.0,26,1,-245.8198036045049,-1173.3853616165093,-521.25947599271672,13262.10912324673,3.5009819690435058e-09,-1.2576821036497907e-08,-1.273305685685499e-09,2.2987655813627662e-07,0.0,0.0,0.0,0.0,2.5423416141278161e-14,-3.3384021890751455e-14,7.9606057494732994e-15,8.4081459655626107e-13,0.0,9.715151691435151e-13,0.0044668332433855703,0.00042349502081876221,4.0144258681093374e-09
7.0,26,2,643.912878636855,257.91747139238203,192.17790120743376,-1878.5327485336654,6.7851235580921381e-09,9.4536499187937884e-11,-1.0449493840178316e-09,-3.2561234307916869e-08,0.0,0.0,0.0,0.0,3.6073827033840174e-16,-1.3790658526919987e-16,-2.2283168506920194e-16,-2.4267664162994602e-15,0.0,2.825738223824703e-15,0.0046316667460869609,0.00042349503242058929,4.162564860050423e-09
7.0,26,3,693.2765848821914,3746.4804061399118,1627.1892946924431,-13608.86813729704,-1.2250991004900208e-08,4.0671208563566967e-08,3.9368292984774948e-09,-2.3588704771314871e-07,0.0,0.0,0.0,0.0,-8.9781363201567982e-14,1.1647355741746632e-13,-2.6692194215898321e-14,-9.1932808344804465e-13,0.0,1.0685402834460294e-12,0.0044668332666582197,0.0015805049765275922,4.014426039550183e-09
7.0,26,4,-2471.6019096424775,-3211.4822438997767,-1455.5889122712774,1357.4241788582287,-1.4286407503882154e-08,-2.7110999964342004e-08,3.3244844505519899e-09,2.3528685766875964e-08,0.0,0.0,0.0,0.0,-8.6807654763578131e-17,-7.8459482595464615e-16,8.7140248071822429e-16,1.2801978022873736e-15,0.0,1.762626774486509e-15,0.0046316667663247272,0.0015805049562474401,4.162564677282084e-09
7.0,27,1,14979.255755817547,3120.4775904303897,6491.9344296849686,-20672.778470119305,1.6127376199710585e-07,-4.4278392869604847e-08,1.4160192344141177e-08,-3.5832816014873465e-07,0.0,0.0,0.0,0.0,1.1345858255196826e-12,-8.4930326634854665e-13,-2.8528255917113621e-13,-3.4584085420522859e-12,0.0,4.164225935252806e-12,0.0041813333082804712,0.0024274950352926334,3.757842255919667e-09
7.0,27,2,13053.840796931778,-1452.7920323818989,4958.9971280365826,6736.2215896156913,1.6002639024313828e-07,-9.1421912131632104e-08,1.9715766648954939e-08,1.167611742200053e-07,0.0,0.0,0.0,0.0,2.66399091382171e-13,-2.4656126389154693e-13,-1.9837827490624142e-14,2.3819549722313006e-13,0.0,4.0466336786300075e-13,0.004346166836614743,0.002427495018563779,3.905981034142741e-09
7.0,27,3,-23603.090913527751,-8340.7148365973881,-6833.1435717569875,24800.463177902751,-2.5401244521361923e-07,1.0535406786507136e-08,3.6666642043740733e-08,4.2987469508364758e-07,0.0,0.0,0.0,0.0,-2.6950855733463515e-12,1.1572802737005389e-12,1.537805299645812e-12,6.2598678512390625e-12,0.0,7.717491822655314e-12,0.0041813334023950623,0.003584504955228383,3.757840985897125e-09
7.0,27,4,-20394.07038575894,705.80096714244792,-3990.006511519427,-6640.7324281380606,-2.5878411629927802e-07,1.0694698715101281e-07,2.5552990854206973e-08,-1.1510602875439305e-07,0.0,0.0,0.0,0.0,-7.507871190999668e-13,5.1640083308275867e-13,2.3438628601720822e-13,-3.9882025752012731e-13,0.0,8.956946076666893e-13,0.0043461668619853983,0.0035845049670012777,3.905980195902199e-09
7.0,28,1,-447.04714229765864,-5735.9398939773155,-235.85000458596733,14447.758329763356,1.7926531030284348e-08,-7.3747609998829699e-08,2.1587281417287e-08,2.5042781104923151e-07,0.0,0.0,0.0,0.0,1.3310613437465749e-13,-2.8282116187465198e-13,1.4971502749999447e-13,1.1361956729134834e-12,0.0,1.3421378111968142e-12,0.0044668333455006367,0.0024274950133778088,4.014425772226171e-09
7.0,28,2,3621.0590159506323,4058.1812835613828,3911.0262207703845,-499.92962311655356,1.6403956862014692e-08,2.3980742833934375e-08,2.1430055078890404e-08,-8.6654468006869275e-09,0.0,0.0,0.0,0.0,-2.6122714061421724e-17,2.0991790162543688e-17,5.1309238988780399e-18,-5.3884091672457771e-17,0.0,6.809977236844389e-17,0.0046316668501836947,0.0024274950149367567,4.162565093070994e-09
7.0,28,3,-1156.6164927796626,8620.6974020706639,3774.0944444736729,-14252.214885855226,-6.5000720623239541e-08,1.0447272022083285e-07,2.046493562248496e-08,-2.4703839135482396e-07,0.0,0.0,0.0,0.0,-4.0069104772469027e-13,3.9839969216368077e-13,2.2913555610095923e-15,-1.1648202216545948e-12,0.0,1.4219454228401434e-12,0.0044668333404866457,0.0035845049706085281,4.014426150267604e-09
7.0,28,4,-5124.1861152520014,-1466.2337836048955,-663.43960115590994,-394.89008718450719,-5.9803787997650141e-08,3.6007190842330467e-09,1.7515818246682121e-08,-6.844761511198125e-09,0.0,0.0,0.0,0.0,-5.6601915886741898e-15,1.9905581482307578e-15,3.6696334404434327e-15,-8.2592799378357368e-16,0.0,5.8212607025762234e-15,0.0046316668320542697,0.0035845049703487897,4.162564674724906e-09
7.0,29,1,29164.674240540087,-7442.3713060570444,5170.1700715030347,-26072.426403747701,3.9795112814541724e-07,-2.3657099466226649e-07,-1.7953610784558353e-08,-4.5192205766496018e-07,0.0,0.0,0.0,0.0,7.4582529851056071e-12,-6.0574710188980019e-12,-1.4007819662076076e-12,-9.6262267037965599e-12,0.0,1.3653062268400944e-11,0.0041813331739972946,0.0044314949010304354,3.757842302032005e-09
7.0,29,2,27837.326846508244,-4571.6100580838483,6765.5850751231355,9028.2607696344367,3.6238845788528619e-07,-1.9936644846097687e-07,-2.8550661520557843e-09,1.564898533403302e-07,0.0,0.0,0.0,0.0,2.2589665796930226e-12,-1.8477897571747801e-12,-4.1117682251824284e-13,1.1440321919765813e-12,0.0,2.745170630619489e-12,0.0043461667385164392,0.0044314949722350176,3.905981314774593e-09
7.0,29,3,-35830.05869081027,-15151.020909157281,-30566.163815718523,28084.877274361585,-2.9486537697796714e-07,6.3571277904018074e-08,-2.0362453247637675e-07,4.8680453942226741e-07,0.0,0.0,0.0,0.0,-2.8150778996247372e-12,3.9165938448380272e-12,-1.1015159452132888e-12,9.1425034757788328e-12,0.0,1.1303346050711235e-11,0.004181332397646632,0.0055885047404038678,3.7578401287027445e-09
7.0,29,4,-41571.961539371005,-5878.3015610518851,-29931.739100285187,-7941.5016473100732,-4.1105265787959842e-07,2.0763744841126634e-07,-2.0928880226877767e-07,-1.3765269522004127e-07,0.0,0.0,0.0,0.0,-2.2403170933537106e-12,2.8278357280413038e-12,-5.8751863468759251e-13,-1.1276160529454083e-12,0.0,3.256162327585983e-12,0.0043461658413203276,0.0055885049164759518,3.905979077152007e-09
7.0,30,1,705.89117044576278,-6764.5564708561651,-1615.652474015056,17205.123375005325,4.2932718052095081e-08,-8.6555041063805059e-08,2.6926282147741959e-09,2.9822213850009228e-07,0.0,0.0,0.0,0.0,3.6500743967786413e-13,-4.7040046272615257e-13,1.0539302304828852e-13,1.9240207172927294e-12,0.0,2.275862643307468e-12,0.0044668332611011718,0.0044314950266856178,4.014425745345989e-09
7.0,30,2,8319.85976833309,17512.598829134051,8013.5853394606402,2895.0743695717661,8.8267269033957543e-09,1.6816753729061249e-07,3.5179701362732951e-09,5.0181289072577278e-08,0.0,0.0,0.0,0.0,-4.001046214675222e-14,8.4157838786662106e-14,-4.4147376639909867e-14,3.9104391321021641e-14,0.0,9.553595000766202e-14,0.0046316667672206798,0.0044314950999804628,4.162565587157008e-09
7.0,30,3,954.15232442289494,15610.190929610901,-10720.608691735941,-17294.037134509486,-6.8362979591945797e-09,2.4720170453073092e-07,-2.091988222392811e-07,-2.9976331033149775e-07,0.0,0.0,0.0,0.0,-1.6927174470398574e-13,2.3271612284734787e-12,-2.1578894837694925e-12,-2.9457758474150226e-12,0.0,4.278318206761132e-12,0.004466832314607384,0.0055885050590770355,4.014426034771156e-09
7.0,30,4,-16072.486607412615,4119.3996590123243,-18933.612149981967,-5771.8284931572643,-1.550429714682897e-07,1.9494972381640943e-07,-2.0463581420615844e-07,-1.0004502721472593e-07,0.0,0.0,0.0,0.0,-3.9764518491352464e-13,9.9223142975462943e-13,-5.9458624484110469e-13,-3.9729470246936784e-13,0.0,1.0990492458036994e-12,0.0046316658031192648,0.0055885052495017826,4.162564150067748e-09
7.0,31,1,43616.927365791453,12660.833625257757,-32558.730704596594,-40196.064326155363,6.6115061986124143e-07,1.2457832835865733e-07,-6.5922745335881812e-07,-6.9673178165335963e-07,0.0,0.0,0.0,0.0,3.9639092955519311e-11,5.277530022623574e-12,-4.4916622978142903e-11,-4.4618019494797552e-11,0.0,7.117185005563597e-11,0.0041813304924366084,0.0064354947392310929,3.757842238430415e-09
7.0,31,2,48789.472499640993,9080.4866592541657,-28233.088088160453,1087.4231973906865,7.2713670571083857e-07,3.884761781080002e-08,-6.0792101114438674e-07,1.8848668754771897e-08,0.0,0.0,0.0,0.0,2.0798470910285676e-11,-4.2679883424663917e-13,-2.0371672076039039e-11,5.812500672732941e-13,0.0,2.3782896878583327e-11,0.0043461641087129983,0.0064354950483971312,3.905981306557846e-09
7.0,31,3,-63288.874594733352,144407.23738373863,-17484.354625426837,42401.861003526006,-1.3515431922963587e-06,2.2485227486638228e-06,-5.5759817949504558e-07,7.3496559072778401e-07,0.0,0.0,0.0,0.0,-4.1691780382328831e-10,6.0783948616885379e-10,-1.909216823455653e-10,2.0920765323281849e-10,0.0,6.669712983444277e-10,0.0041813309167717163,0.0075925060518890171,3.757843038399526e-09
7.0,31,4,-58638.056281886347,32473.548884395343,-51022.457199353943,-54982.415498215531,-7.076451171653171e-07,8.716227057168994e-07,-5.7564139973475543e-07,-9.530285353024025e-07,0.0,0.0,0.0,0.0,-6.6086607777761367e-11,1.168798894640151e-10,-5.0793281686253703e-11,-1.1041337659720444e-10,0.0,1.7318686096495767e-10,0.0043461642488732723,0.0075925055146292032,3.9059790812150165e-09
7.0,32,1,6516.2574098168152,-14423.926602390602,-45665.364623562644,6629.5506030804891,3.2724059703470395e-07,-3.5722592510224739e-08,-5.7724085154387352e-07,1.1491221045339515e-07,0.0,0.0,0.0,0.0,6.4363949982544824e-12,9.0674647365401683e-13,-7.3431414719084971e-12,1.7506572382418963e-12,0.0,8.258357300299671e-12,0.0044668306706024952,0.0064354952430214921,4.01442476264217e-09
7.0,32,2,15405.171089961077,-6059.8391470198494,-38002.629092500196,2120.7802794536551,3.8165215415756127e-07,9.5919767165585313e-09,-5.4408304900510097e-07,3.6760191510530022e-08,0.0,0.0,0.0,0.0,6.5296096763533183e-12,9.1376043436925344e-13,-7.4433701107225735e-12,5.548556554734592e-13,0.0,8.144128717833706e-12,0.0046316642308816625,0.0064354955047471012,4.1625641995611995e-09
7.0,32,3,-24273.662158290292,-35893.562389659834,-60727.074703007005,-45339.6619043315,6.2833719593463528e-08,-1.3857788441694192e-07,-5.6902543118162653e-07,-7.8588747300841257e-07,0.0,0.0,0.0,0.0,1.3859234406852045e-11,3.8094014460438297e-12,-1.7668635852895877e-11,-3.9213420043654447e-11,0.0,4.895001010325799e-11,0.0044668307072532644,0.0075925050816448691,4.014423321276284e-09
7.0,32,4,-2615.980824751663,-126241.54412264275,-78684.196960780129,-13725.373793855013,7.8482322000366971e-07,-1.3580198771597764e-06,-5.3369252635415757e-07,-2.3790647909348692e-07,0.0,0.0,0.0,0.0,9.7696864532222438e-11,-8.3748395472440115e-11,-1.3948469059782345e-11,-2.0144733421244502e-11,0.0,1.0821167972073183e-10,0.0046316642789769446,0.0075925046640816733,4.162560228267658e-09
7.0,33,1,83260.372924503885,336981.65433701535,182100.76132244099,-62229.264225944476,-9.6619135697777348e-07,3.4316441875057581e-06,7.4704204191980339e-07,-1.0786405799163709e-06,0.0,0.0,0.0,0.0,-8.5578626794699317e-10,9.9181550313164273e-10,-1.3602923518464933e-10,-4.5315433595751099e-10,0.0,1.1959012740406353e-09,0.0041813363721372914,0.0084394988416368194,3.75785383512457e-09
7.0,33,2,73896.805794250948,109001.95885336449,107556.59282019216,-7958.2258568764801,1.1905653722911918e-07,7.2754585692042086e-07,7.0249284567876735e-07,-1.3794258151919231e-07,0.0,0.0,0.0,0.0,-3.7785540601531454e-12,2.008408822083421e-12,1.7701452380697259e-12,-1.3118859662753574e-12,0.0,4.0732198993755726e-12,0.0043461698040866345,0.008439496486975168,3.905986739906333e-09
7.0,33,3,-95785.591395909374,259940.5168394896,614809.13174337475,42655.706193413047,-4.7761398129435827e-06,1.38977939647e-06,7.5408353881373421e-06,7.3936557401915948e-07,0.0,0.0,0.0,0.0,-1.6385826222319308e-08,1.3176837874274077e-11,1.6372649384445038e-08,1.9664315893777551e-09,0.0,1.9048933983725135e-08,0.0041813648483978189,0.0095965115704621136,3.757857374949779e-09
7.0,33,4,-65518.272504690627,27297.29826771887,521623.56378928758,64173.480821595898,-3.0692604149572359e-06,-1.46045718823547e-06,7.107864747471724e-06,1.1123403342409958e-06,0.0,0.0,0.0,0.0,-8.4643564472885061e-09,-4.9981507700871593e-09,1.3462507217375663e-08,2.3965643016409687e-09,0.0,1.3888916028473184e-08,0.0043461977015127606,0.0095965059991754663,3.905990759371524e-09
7.0,34,1,37887.398043310393,-67371.001666001233,43164.428871912656,-17788.12001096407,6.0199159842049302e-07,-1.222487329874242e-06,6.9346013278293205e-07,-3.0832741352337721e-07,0.0,0.0,0.0,0.0,5.0438124805995217e-11,-1.0886264375275357e-10,5.842451894675836e-11,-2.6920998198599412e-11,0.0,1.1330779420370044e-10,0.004466836346906004,0.008439494681611634,4.0144262025653995e-09
7.0,34,2,1285.8894909700466,-341544.52519242308,-49076.268266173283,-10906.368095478767,1.5796283670473203e-06,-4.3627654874648295e-06,7.0668429925683537e-07,-1.8904371365496531e-07,0.0,0.0,0.0,0.0,1.6224730917875199e-09,-2.6215017072604689e-09,9.9902861547294832e-10,-1.3501238327730852e-10,0.0,2.650686074277669e-09,0.0046316700286813187,0.0084394921809981815,4.162556192402536e-09
7.0,34,3,-36076.433379388356,-78025.8804390445,479362.14902689279,64461.430604446919,-2.0863641860765713e-06,-2.8134879351106121e-06,6.8479045756323036e-06,1.1173314638104134e-06,0.0,0.0,0.0,0.0,-5.7107501881655233e-09,-7.2286064269195252e-09,1.2939356615085047e-08,2.3324070151109624e-09,0.0,1.324569397118821e-08,0.0044668638954241027,0.009596502281637543,4.0144337299750845e-09
7.0,34,4,-6008.9024760101893,-185056.96923948117,433726.97203323338,25716.531111134274,-1.074798710855145e-06,-4.178298534755308e-06,6.547289780638411e-06,4.4575320592632731e-07,0.0,0.0,0.0,0.0,-3.1923174889267267e-09,-9.7700506000006671e-09,1.2962368088927395e-08,9.4475456367330056e-10,0.0,1.355120876578143e-08,0.0046316971359282397,0.009596497171891814,4.162570222926926e-09
8.0,1,1,-26602155.761728592,-53132900.720742449,-26348144.567431286,-1896.8584686088789,-7.430727253328445e-06,-0.00018200302908363966,-5.7593335948521767e-06,-1.2481328723446423e-08,0.0,0.0,0.0,0.0,0.0,0.0,0.0,0.0,0.0,0.0,0.00014516881584682983,0.00052843390959437294,3.9170169714084533e-10
8.0,1,2,-25891963.013457045,-51026398.760324806,-24943973.844448972,-25727.136025226951,-9.4266263517426489e-06,-0.00017481121356613253,-3.1888576196695242e-06,-1.6928455504599333e-07,0.0,0.0,0.0,0.0,0.0,0.0,0.0,0.0,0.0,0.0,0.00054177492248136405,0.00052843395598008332,1.4618306897096936e-09
8.0,1,3,-26931714.763625059,-52746158.162990794,-26677788.888859801,-37296.355605011318,-9.1687374762013711e-06,-0.00017902777504402785,-7.497905220245951e-06,-2.4541001988097445e-07,0.0,0.0,0.0,0.0,0.0,0.0,0.0,0.0,0.0,0.0,0.00014516841852146829,0.0019721441483495994,3.917003275232787e-10
8.0,1,4,-26208153.188256614,-50653973.707810439,-25260482.507426977,-116445.05928404821,-1.1095925121207963e-05,-0.00017194942413987211,-4.8602520413489283e-06,-7.662084900890372e-07,0.0,0.0,0.0,0.0,0.0,0.0,0.0,0.0,0.0,0.0,0.00054177344048063889,0.0019721441448502515,1.4618253231992746e-09
8.0,2,1,-25276141.111246899,-48439297.398671135,-22972294.100302532,-25825.762120463067,-1.3550390987856114e-05,-0.00016596395935910755,1.608922344157829e-06,-1.6993351475264698e-07,0.0,0.0,0.0,0.0,0.0,0.0,0.0,0.0,0.0,0.0,0.00083210793097746396,0.00052843402786171743,2.245185765094863e-09
8.0,2,2,-23917865.679539017,-43464672.613334797,-19351570.028495938,-43425.888834185469,-2.0339665023602534e-05,-0.00014895765464797875,9.7065603602609528e-06,-2.8574234852894038e-07,0.0,0.0,0.0,0.0,0.0,0.0,0.0,0.0,0.0,0.0,0.0012287024394853155,0.00052843419211344965,3.3151958221913473e-09
8.0,2,3,-25569239.019346725,-48089811.708536051,-23269784.400986254,-184422.75624580993,-1.5098033243688389e-05,-0.00016328340153855413,3.2378145123514897e-08,-1.2135017360974292e-06,0.0,0.0,0.0,0.0,0.0,0.0,0.0,0.0,0.0,0.0,0.00083210566046301401,0.0019721441476100994,2.245177009119982e-09
8.0,2,4,-24188571.659162086,-43176758.431977175,-19624736.455627095,-249500.48460301163,-2.1716496373395684e-05,-0.00014665876533851894,8.313539265864551e-06,-1.6417131886878165e-06,0.0,0.0,0.0,0.0,0.0,0.0,0.0,0.0,0.0,0.0,0.0012286990974726588,0.0019721442118430326,3.3151810637369335e-09
8.0,3,1,-22718836.647560008,-38630461.10977298,-15727191.402015962,-37991.711885588462,-2.7709092269173508e-05,-0.00013240758123053486,1.8295933446506309e-05,-2.4998546420717207e-07,0.0,0.0,0.0,0.0,0.0,0.0,0.0,0.0,0.0,0.0,0.0015190233399476,0.00052843437178215925,4.098422550729189e-09
8.0,3,2,-20597124.238328964,-30378804.096531082,-9625806.279855838,-57993.739859676672,-3.9778336796953476e-05,-0.00010414179026392342,3.2412935369799682e-05,-3.8159880827667251e-07,0.0,0.0,0.0,0.0,0.0,0.0,0.0,0.0,0.0,0.0,0.001915595881536116,0.00052843472822718411,5.168197459237901e-09
8.0,3,3,-22943747.258173585,-38385636.990756132,-15958483.294299766,-286239.67098952475,-2.8855026240479605e-05,-0.00013046266068087278,1.7108010641810122e-05,-1.8834570351110729e-06,0.0,0.0,0.0,0.0,0.0,0.0,0.0,0.0,0.0,0.0,0.001519019221197895,0.0019721443394843563,4.0984022245843865e-09
8.0,3,4,-20785022.386124611,-30221818.980595171,-9801581.6959681436,-310604.1681139404,-4.0688138861653005e-05,-0.00010278226045326932,3.1582900879576541e-05,-2.0437754261897276e-06,0.0,0.0,0.0,0.0,0.0,0.0,0.0,0.0,0.0,0.0,0.0019155906791431412,0.0019721447353112076,5.1681662556059465e-09
8.0,4,1,-18796083.428127829,-23058878.825829286,-4157118.3604123835,-37452.825595370283,-5.0979141586377308e-05,-7.9028335303252885e-05,4.534524855919032e-05,-2.4643959241753645e-07,0.0,0.0,0.0,0.0,0.0,0.0,0.0,0.0,0.0,0.0,0.002205896613069469,0.00052843509314282186,5.951206905405166e-09
8.0,4,2,-15860360.182281453,-11292626.693985153,4561271.097209692,-39879.677729495845,-6.8666259068502039e-05,-3.8610572715512389e-05,6.5708074750549705e-05,-2.6240827946008266e-07,0.0,0.0,0.0,0.0,0.0,0.0,0.0,0.0,0.0,0.0,0.002602435750416153,0.00052843577188257376,7.02062167767321e-09
8.0,4,3,-18931453.339706812,-22954346.279354375,-4257453.4321690667,-306335.29238045856,-5.1662623154327023e-05,-7.8133258697207975e-05,4.4892296237271329e-05,-2.0156862238634172e-06,0.0,0.0,0.0,0.0,0.0,0.0,0.0,0.0,0.0,0.0,0.00220589058383386,0.0019721452501948967,5.951164757804134e-09
8.0,4,4,-15931402.231273733,-11264983.244664598,4585894.7844603248,-317014.34025547816,-6.9104051389245921e-05,-3.8399014457357799e-05,6.5899762974284189e-05,-2.0859543588810462e-06,0.0,0.0,0.0,0.0,0.0,0.0,0.0,0.0,0.0,0.0,0.0026024284527659093,0.0019721464036831613,7.02055833715947e-09
8.0,5,1,-13422132.916335776,-1298862.2563522309,12001945.408058356,-35682.187075896509,-8.4021535961374553e-05,-4.2504150186828331e-06,8.3268899413138831e-05,-2.3478879095939902e-07,0.0,0.0,0.0,0.0,0.0,0.0,0.0,0.0,0.0,0.0,0.0028927076849670679,0.00052843644059783683,7.803319993142305e-09
8.0,5,2,-9643295.6880151667,14233965.327361045,23489672.573191606,-152094.24570860396,-0.00010781982632294902,4.9292551158226455e-05,0.00011019510483579153,-1.000780136762614e-06,0.0,0.0,0.0,0.0,0.0,0.0,0.0,0.0,0.0,0.0,0.0032892012497432888,0.00052843763481610234,8.872241952337485e-09
8.0,5,3,-13513914.170328956,-1329515.4210393243,12138961.010673806,-227778.7809210353,-8.4648494883267266e-05,-4.4751511129414869e-06,8.4147423807730926e-05,-1.4987843784604122e-06,0.0,0.0,0.0,0.0,0.0,0.0,0.0,0.0,0.0,0.0,0.0028926992694959727,0.001972147688286372,7.803231532378653e-09
8.0,5,4,-9596015.6495911423,14238122.178156992,23919598.807730976,-140709.06161733673,-0.00010826927740565871,4.8559349500924025e-05,0.00011226346572352084,-9.2586562544207574e-07,0.0,0.0,0.0,0.0,0.0,0.0,0.0,0.0,0.0,0.0,0.0032891908320324772,0.001972150216051077,8.872110456671602e-09
8.0,6,1,-6537067.0222262479,27134064.006841742,33024733.330951087,-28658.83101886023,-0.00012773623490484391,9.3819807266423444e-05,0.00013258041141906297,-1.885751081041003e-07,0.0,0.0,0.0,0.0,0.0,0.0,0.0,0.0,0.0,0.0,0.0035794351991470905,0.00052843897195567545,9.654532560137625e-09
8.0,6,2,-1851129.6223302111,46814315.450203061,47453992.938646138,-74491.385087478629,-0.00015819957536603279,0.0001620190532112361,0.00016622813108519162,-4.9015331387560933e-07,0.0,0.0,0.0,0.0,0.0,0.0,0.0,0.0,0.0,0.0,0.0039758702916109423,0.00052844147923542689,1.0722831046107863e-08
8.0,6,3,-6628532.346191112,26986850.359225091,33635762.870924219,-31008.091919494109,-0.00012892639063459145,9.2262827567047136e-05,0.00013601267189402742,-2.0403324483027122e-07,0.0,0.0,0.0,0.0,0.0,0.0,0.0,0.0,0.0,0.0,0.0035794228320829274,0.001972152765311915,9.654339695676697e-09
8.0,6,4,-1852059.6583705656,46493907.921673514,48529019.441015318,-140842.35037089983,-0.00015939652352490118,0.00015871994315178888,0.0001721109769490579,-9.267426654405208e-07,0.0,0.0,0.0,0.0,0.0,0.0,0.0,0.0,0.0,0.0,0.0039758541135793395,0.0019721573827571051,1.0722525782848374e-08
8.0,7,1,-27599393.168762714,-52114888.307676502,-27349490.562121589,-69624.463328609432,-1.2443247229532578e-05,-0.00017375520524358528,-1.0798888077834005e-05,-4.5812896870225008e-07,0.0,0.0,0.0,0.0,0.0,0.0,0.0,0.0,0.0,0.0,0.00014516784192717861,0.0030290154440788257,3.916990287667088e-10
8.0,7,2,-26845122.909351107,-50058677.016439863,-25912467.386667076,-265508.67536475562,-1.4191206389846557e-05,-0.00016693639241449059,-8.0543330505856398e-06,-1.7470470839000917e-06,0.0,0.0,0.0,0.0,0.0,0.0,0.0,0.0,0.0,0.0,0.00054177132779547298,0.0030290152139187329,1.4618203634831647e-09
8.0,7,3,-28833613.678336628,-49385557.384687454,-28594617.070174716,-241704.66607553663,-2.0959392753000909e-05,-0.00015619118234078935,-1.9386795071295517e-05,-1.590416702777031e-06,0.0,0.0,0.0,0.0,0.0,0.0,0.0,0.0,0.0,0.0,0.00014516647409182267,0.0044727458296910973,3.9169822822740584e-10
8.0,7,4,-28031564.990206435,-47462545.494207337,-27139610.802074216,-722025.04443765595,-2.2286418002907322e-05,-0.00015014226971923325,-1.6417359444997328e-05,-4.7509247923997757e-06,0.0,0.0,0.0,0.0,0.0,0.0,0.0,0.0,0.0,0.0,0.00054176632920676618,0.0044727444191681766,1.4618170680951102e-09
8.0,8,1,-26195541.16151863,-47563120.427837156,-23921760.866276063,-378383.04435963399,-1.8031593362894267e-05,-0.00015863026493527016,-3.0701190201981613e-06,-2.4897604318863916e-06,0.0,0.0,0.0,0.0,0.0,0.0,0.0,0.0,0.0,0.0,0.00083210245489822264,0.0030290148948252569,2.2451688535054285e-09
8.0,8,2,-24734680.135314412,-42735037.591021553,-20237510.92724786,-509812.1154916365,-2.4176774017706401e-05,-0.00014261912607625937,5.4145993713715478e-06,-3.3545637199349679e-06,0.0,0.0,0.0,0.0,0.0,0.0,0.0,0.0,0.0,0.0,0.0012286945077605708,0.0030290143931484205,3.3151683697622214e-09
8.0,8,3,-27279269.345433377,-45150070.815180033,-25127563.611955576,-1136309.3053609412,-2.5357684332292607e-05,-0.00014294755800322559,-1.1199460606008711e-05,-7.4769152292749931e-06,0.0,0.0,0.0,0.0,0.0,0.0,0.0,0.0,0.0,0.0,0.00083209494444441614,0.0044727424267079563,2.2451633248919722e-09
8.0,8,4,-25732963.809839267,-40751550.525337562,-21453607.451438207,-1485977.427166146,-3.0380669445890622e-05,-0.00012920297003386937,-2.2225046076116533e-06,-9.7777314707532406e-06,0.0,0.0,0.0,0.0,0.0,0.0,0.0,0.0,0.0,0.0,0.0012286839465565703,0.0044727387317336055,3.31515742957398e-09
8.0,9,1,-23491690.544231791,-38057027.622939505,-16571465.68476646,-570815.60280732438,-3.1145433294983532e-05,-0.00012698535127288025,1.4389646280298326e-05,-3.7559666664721939e-06,0.0,0.0,0.0,0.0,0.0,0.0,0.0,0.0,0.0,0.0,0.0015190136842768934,0.0030290139983747701,4.098384554040271e-09
8.0,9,2,-21223167.031543773,-29993179.532685835,-10352475.090112241,-605022.46362837718,-4.2369700853697913e-05,-0.00010007638311121267,2.9159452120921576e-05,-3.981047810674722e-06,0.0,0.0,0.0,0.0,0.0,0.0,0.0,0.0,0.0,0.0,0.0019155839554380215,0.0030290136725096314,5.168142178327102e-09
8.0,9,3,-24231662.762673132,-36380232.581213653,-17708505.52572234,-1752376.9347180149,-3.5698107604406813e-05,-0.00011563569701040339,7.2242670147294161e-06,-1.1530640230444538e-05,0.0,0.0,0.0,0.0,0.0,0.0,0.0,0.0,0.0,0.0,0.0015190012684280977,0.0044727354176821374,4.098370647270303e-09
8.0,9,4,-21902378.990077943,-28986100.301431831,-11530867.604983844,-1857063.6597759272,-4.5495085658252942e-05,-9.2105971886961521e-05,2.2749459255666213e-05,-1.22194788813256e-05,0.0,0.0,0.0,0.0,0.0,0.0,0.0,0.0,0.0,0.0,0.0019155696025603386,0.0044727306095597242,5.168117303376962e-09
8.0,10,1,-19389284.408771768,-22856357.245453849,-4805488.6031336095,-601798.77229867829,-5.324070560309065e-05,-7.6054044868458735e-05,4.2720670798008426e-05,-3.9598359217253032e-06,0.0,0.0,0.0,0.0,0.0,0.0,0.0,0.0,0.0,0.0,0.0022058830542092877,0.0030290135958615633,5.951132646081653e-09
8.0,10,2,-16296261.957457298,-11271977.957805494,4108886.2567448281,-495180.26799276052,-7.016362489961064e-05,-3.7103836181901769e-05,6.410225034983936e-05,-3.258286163392364e-06,0.0,0.0,0.0,0.0,0.0,0.0,0.0,0.0,0.0,0.0,0.0026024198553526471,0.0030290140141351666,7.020515650738396e-09
8.0,10,3,-19660357.157864623,-22182609.99149894,-5837061.3222100232,-1892434.6495695328,-5.4030705113662956e-05,-7.0627128758976734e-05,3.69265814849443e-05,-1.2452219994167525e-05,0.0,0.0,0.0,0.0,0.0,0.0,0.0,0.0,0.0,0.0,0.002205867819428004,0.0044727270765359557,5.951105900131308e-09
8.0,10,4,-16590439.746903218,-11341824.688943908,3006587.4187167473,-1727109.0852764389,-6.9782523847557187e-05,-3.5246636766184907e-05,5.9165914902222193e-05,-1.1364377781118967e-05,0.0,0.0,0.0,0.0,0.0,0.0,0.0,0.0,0.0,0.0,0.0026024040971338522,0.0044727228645729568,7.020473143492921e-09
8.0,11,1,-13797088.617069658,-1434324.0875187814,11724743.014719442,-475849.52476834948,-8.5244304990325339e-05,-3.8973143858805669e-06,8.2689347146846948e-05,-3.1310898729757393e-06,0.0,0.0,0.0,0.0,0.0,0.0,0.0,0.0,0.0,0.0,0.0028926899710722096,0.0030290146579235256,7.80317889842004e-09
8.0,11,2,-9907243.8808862958,13901886.123049913,23525341.947242647,-324267.18258100818,-0.00010867123975549371,4.7992835670406521e-05,0.00011131517499359472,-2.1336780613830337e-06,0.0,0.0,0.0,0.0,0.0,0.0,0.0,0.0,0.0,0.0,0.003289180556268301,0.0030290162787445351,8.872035539004699e-09
8.0,11,3,-13727148.138110042,-1753002.8648217563,10765928.506266132,-1502637.4747528522,-8.2876163204032317e-05,-4.0862873057954039e-06,7.8288281115962899e-05,-9.8873545838737667e-06,0.0,0.0,0.0,0.0,0.0,0.0,0.0,0.0,0.0,0.0,0.0028926743163450019,0.0044727204417535846,7.803137898962724e-09
8.0,11,4,-9929221.3996169996,13130665.614084957,22505174.604916576,-1051655.690731606,-0.00010595073454410741,4.5783322006051453e-05,0.0001074675911657235,-6.9198944450139664e-06,0.0,0.0,0.0,0.0,0.0,0.0,0.0,0.0,0.0,0.0,0.0032891655694508672,0.0044727184856723848,8.871987070607999e-09
8.0,12,1,-6631674.5313703641,26771631.638937831,33470336.708885103,-288806.35779253743,-0.00012834068264641203,9.1453071954215854e-05,0.0001355305513144689,-1.9003458342748964e-06,0.0,0.0,0.0,0.0,0.0,0.0,0.0,0.0,0.0,0.0,0.0035794119115607525,0.0030290178640559494,9.65425847819441e-09
8.0,12,2,-1794130.0086474381,46405395.376138136,48566400.814494617,134365.55053359264,-0.00015902608802443693,0.00015812678900745214,0.00017234620479183776,8.8412532251103953e-07,0.0,0.0,0.0,0.0,0.0,0.0,0.0,0.0,0.0,0.0,0.0039758422345803303,0.0030290207124944431,1.0722422240806056e-08
8.0,12,3,-6679599.4818044305,25784841.690099724,32372092.590091266,-662968.23685771599,-0.00012528595357172391,8.8330069339405436e-05,0.00013167418026134974,-4.362330998523771e-06,0.0,0.0,0.0,0.0,0.0,0.0,0.0,0.0,0.0,0.0,0.0035793976398742354,0.0044727183355079249,9.6542168005219e-09
8.0,12,4,-2140426.27221784,45136318.751909748,47173980.167878136,-409383.84088801272,-0.00015655240365435404,0.00015452857860440543,0.00016793639072147748,-2.6937456730431234e-06,0.0,0.0,0.0,0.0,0.0,0.0,0.0,0.0,0.0,0.0,0.0039758292600209407,0.0044727197714893828,1.0722399777785865e-08
8.0,13,1,-30411919.640485711,-45316936.38129171,-30188582.38713539,-399170.27142992604,-3.2760878548313761e-05,-0.00013083588870281716,-3.1291319421268633e-05,-2.6265403860089133e-06,0.0,0.0,0.0,0.0,0.0,0.0,0.0,0.0,0.0,0.0,0.00014516474188569115,0.005529648099408058,3.916988412335028e-10
8.0,13,2,-29542942.796894886,-43562818.763485491,-28709424.747163896,-1458106.478479764,-3.3524569237648405e-05,-0.00012577535309781456,-2.8040020470418484e-05,-9.594340628396847e-06,0.0,0.0,0.0,0.0,0.0,0.0,0.0,0.0,0.0,0.0,0.00054176001706716958,0.0055296450102520229,1.461819145006162e-09
8.0,13,3,-30264226.912594557,-33871937.511026658,-30072766.302445263,-765813.13178600604,-5.0288502537687147e-05,-7.4027238275370369e-05,-4.9028691722904791e-05,-5.0390504071519195e-06,0.0,0.0,0.0,0.0,0.0,0.0,0.0,0.0,0.0,0.0,0.00014516227707391289,0.0069734686856575499,3.917081704775737e-10
8.0,13,4,-29291548.490683615,-32513955.912706584,-28576973.729403265,-2752815.0404413482,-4.9934073618884507e-05,-7.1137514455795665e-05,-4.52321716896598e-05,-1.8113522966104071e-05,0.0,0.0,0.0,0.0,0.0,0.0,0.0,0.0,0.0,0.0,0.00054175112877370593,0.0069734608648052993,1.4618533420978806e-09
8.0,14,1,-28705939.602949146,-41529153.887986735,-26708233.410407871,-2160390.0653814976,-3.5714626083282241e-05,-0.0001200913760788296,-2.2569719336360653e-05,-1.4215366630210253e-05,0.0,0.0,0.0,0.0,0.0,0.0,0.0,0.0,0.0,0.0,0.00083208545934851624,0.0055296405639932433,2.2451656652474875e-09
8.0,14,2,-26986587.593353815,-37658600.523188226,-23026422.183209993,-2981302.8102552225,-3.9050602090659889e-05,-0.0001092724471689703,-1.2992713691913533e-05,-1.9616972491479364e-05,0.0,0.0,0.0,0.0,0.0,0.0,0.0,0.0,0.0,0.0,0.0012286706770109745,0.0055296321015045717,3.3151587603512083e-09
8.0,14,3,-28736593.025554355,-31257767.519018348,-26866868.499350719,-4112756.7173859398,-5.1846040218748645e-05,-6.8435368385741716e-05,-3.9543252836328728e-05,-2.7061939200399484e-05,0.0,0.0,0.0,0.0,0.0,0.0,0.0,0.0,0.0,0.0,0.00083207201644419041,0.0069734496073598634,2.2452128237336068e-09
8.0,14,4,-26709755.78841982,-28517811.376574408,-23288214.259299252,-5750724.9886029381,-5.1695258437418735e-05,-6.3592264207475895e-05,-2.9181515175805374e-05,-3.7839770425007334e-05,0.0,0.0,0.0,0.0,0.0,0.0,0.0,0.0,0.0,0.0,0.0012286518644690197,0.0069734277741962704,3.3152233365804366e-09
8.0,15,1,-25408179.647177514,-33848901.621075049,-19331538.171317521,-3417601.7426780649,-4.3015803363907286e-05,-9.8555753952153118e-05,-3.0315024527485464e-06,-2.2487819466821667e-05,0.0,0.0,0.0,0.0,0.0,0.0,0.0,0.0,0.0,0.0,0.0015189856438294945,0.0055296243737976182,4.098368251069356e-09
8.0,15,2,-22759249.982104909,-27173672.273075014,-13103242.466212535,-3817211.8362142225,-5.0158724622450195e-05,-7.9205623297033505e-05,1.337780483212159e-05,-2.5117253882289581e-05,0.0,0.0,0.0,0.0,0.0,0.0,0.0,0.0,0.0,0.0,0.001915551590083508,0.0055296128552857092,5.168110948132647e-09
8.0,15,3,-25545652.239688966,-26133457.127494745,-20039104.185491506,-6716274.9084512368,-5.4775614323926551e-05,-5.864337048568857e-05,-1.8542528127307267e-05,-4.4193088897609138e-05,0.0,0.0,0.0,0.0,0.0,0.0,0.0,0.0,0.0,0.0,0.0015189634884391905,0.0069734073532165325,4.09843143757521e-09
8.0,15,4,-22356520.933122605,-21289770.29270326,-13955685.306750024,-7544125.4264734685,-5.6094784818476824e-05,-4.9075565604517541e-05,-8.1728639694525487e-07,-4.964034530619542e-05,0.0,0.0,0.0,0.0,0.0,0.0,0.0,0.0,0.0,0.0,0.0019155263075360412,0.0069733758124094977,5.168178073025763e-09
8.0,16,1,-20500662.246578131,-21132508.807514589,-7503608.108587062,-3865023.0578260873,-5.7258246505450038e-05,-6.1415796876411938e-05,2.8262369722531184e-05,-2.5431851720495653e-05,0.0,0.0,0.0,0.0,0.0,0.0,0.0,0.0,0.0,0.0,0.0022058486357046528,0.0055296040190721835,5.951089368368482e-09
8.0,16,2,-16982479.75688706,-11063567.454370305,1453717.5966616385,-3693780.5147817708,-6.9728836009255604e-05,-3.0782393058695364e-05,5.1581342577094831e-05,-2.430507578726405e-05,0.0,0.0,0.0,0.0,0.0,0.0,0.0,0.0,0.0,0.0,0.0026023842710961144,0.0055295928795678212,7.020450902140978e-09
8.0,16,3,-20747064.098508637,-17281821.382763386,-8983281.6270667911,-7875176.2444262868,-6.2236457737011508e-05,-3.9435160667407761e-05,1.5169230925075852e-05,-5.1818659688324967e-05,0.0,0.0,0.0,0.0,0.0,0.0,0.0,0.0,0.0,0.0,0.002205822012206456,0.0069733504714593669,5.9511309069570375e-09
8.0,16,4,-16417833.641799903,-9483319.6077774148,-121561.63145455904,-7555706.2759584934,-6.6913455851012998e-05,-2.1284353507145016e-05,4.0316013977059363e-05,-4.9716547295806883e-05,0.0,0.0,0.0,0.0,0.0,0.0,0.0,0.0,0.0,0.0,0.0026023576259333724,0.0069733162559982263,7.020479880296728e-09
8.0,17,1,-14081909.646341018,-2297326.2275318485,9134773.4820095208,-3284707.1692922446,-8.1212714893779816e-05,-3.670155998015468e-06,7.1553060090766724e-05,-2.1613373173942967e-05,0.0,0.0,0.0,0.0,0.0,0.0,0.0,0.0,0.0,0.0,0.00289265473393388,0.0055295857835902153,7.803100763791535e-09
8.0,17,2,-9829422.7145150173,11886688.118077271,21036765.727381766,-2576409.251549379,-0.00010116617064840036,4.1725838630056876e-05,0.00010193334929928047,-1.6952772875194914e-05,0.0,0.0,0.0,0.0,0.0,0.0,0.0,0.0,0.0,0.0,0.0032891472516117263,0.0055295790846639978,8.871943492255378e-09
8.0,17,3,-14496915.315849349,-3158221.5270880768,6783743.9421718214,-7087588.7982056998,-7.8212901995079067e-05,-3.6042968650298824e-06,6.1813835922700227e-05,-4.6636334292193501e-05,0.0,0.0,0.0,0.0,0.0,0.0,0.0,0.0,0.0,0.0,0.0028926292133284468,0.0069732919611624998,7.803070147126895e-09
8.0,17,4,-9367226.8710622396,8641312.4311886486,18672126.269227475,-5313493.454697717,-8.9991367501968675e-05,2.8504821106842167e-05,9.4507576161137648e-05,-3.4962786931910973e-05,0.0,0.0,0.0,0.0,0.0,0.0,0.0,0.0,0.0,0.0,0.0032891248448760945,0.0069732641758889239,8.87187578442559e-09
8.0,18,1,-6333298.3461002167,23990251.937297113,30993196.745978218,-1703269.8694945178,-0.0001185403406500761,8.0988620214678326e-05,0.00012706799705579998,-1.1207515741273926e-05,0.0,0.0,0.0,0.0,0.0,0.0,0.0,0.0,0.0,0.0,0.0035793810306643595,0.0055295766146615244,9.65416559298653e-09
8.0,18,2,-1473758.3598745018,43175608.226763964,46083709.758854643,-301572.70194806397,-0.00014839851421664992,0.0001453943179234312,0.00016452962600458786,-1.9843483788182607e-06,0.0,0.0,0.0,0.0,0.0,0.0,0.0,0.0,0.0,0.0,0.0039758155911787515,0.0055295777037434437,1.0722351732801961e-08
8.0,18,3,-7016804.4012736082,18430842.168419719,27946338.539073981,-4072741.9054324967,-0.00010835996752420809,5.9085546904374009e-05,0.00012169751302327905,-2.6798641737745826e-05,0.0,0.0,0.0,0.0,0.0,0.0,0.0,0.0,0.0,0.0,0.0035793619428767832,0.0069732483061227622,9.654001667674479e-09
8.0,18,4,-1879220.9157001115,35635695.69511047,43094408.484073356,-1162073.605378387,-0.00013378966918161099,0.00011305848211752264,0.00016213681226889839,-7.6464443233897869e-06,0.0,0.0,0.0,0.0,0.0,0.0,0.0,0.0,0.0,0.0,0.0039758011805195457,0.0069732375307337583,1.072209638173709e-08
8.0,19,1,-27839880.650380194,-19556757.945442274,-27635916.142359622,-1133396.0016506617,-6.4634978193173968e-05,-1.0132030794682482e-05,-6.3292891730398591e-05,-7.457745690861353e-06,0.0,0.0,0.0,0.0,0.0,0.0,0.0,0.0,0.0,0.0,0.00014516029824363061,0.0080304905455651013,3.9172273496941676e-10
8.0,19,2,-27239403.804635797,-18732740.782616515,-26478138.112311259,-3844221.3007411128,-6.47638303691931e-05,-8.7899876843062341e-06,-5.9754702113697637e-05,-2.5294976158876522e-05,0.0,0.0,0.0,0.0,0.0,0.0,0.0,0.0,0.0,0.0,0.00054174362196710978,0.008030477137156624,1.461904497429953e-09
8.0,19,3,3542232.2774928659,-3494953.2729875227,3812174.9977147426,-599885.02114477067,1.7209951062395319e-05,-2.9094729859765632e-05,1.8986174161455271e-05,-3.9472434391325909e-06,0.0,0.0,0.0,0.0,0.0,0.0,0.0,0.0,0.0,0.0,0.00014517238313956508,0.0094744328706466048,3.9178074161998665e-10
8.0,19,4,3260949.1929622549,-3218432.8031599703,4268200.4525629748,-2039913.9191143487,1.4646113078754527e-05,-2.7988220455729715e-05,2.1273826366927264e-05,-1.3422633587772414e-05,0.0,0.0,0.0,0.0,0.0,0.0,0.0,0.0,0.0,0.0,0.00054178808038157073,0.0094744108703370255,1.4621155251142665e-09
8.0,20,1,-26361852.887687698,-17864770.062946107,-24738326.376836516,-5929577.1114487834,-6.4496372063581943e-05,-8.5855670767822807e-06,-5.3813567622181152e-05,-3.9016617393332992e-05,0.0,0.0,0.0,0.0,0.0,0.0,0.0,0.0,0.0,0.0,0.00083206073251866511,0.008030457729707334,2.245291533548304e-09
8.0,20,2,-25278650.538611185,-16734565.596955813,-21908047.714300144,-8249952.9137678919,-6.5337923661271493e-05,-9.1178447451791765e-06,-4.315935707730487e-05,-5.4284690172592726e-05,0.0,0.0,0.0,0.0,0.0,0.0,0.0,0.0,0.0,0.0,0.0012286356651797252,0.0080304195362569421,3.315320253123822e-09
8.0,20,3,2772526.6615607301,-3039731.0293737324,5104028.2366204178,-3030039.804211006,1.0601043720353886e-05,-2.7643611885994875e-05,2.5942324084246632e-05,-1.993766191170842e-05,0.0,0.0,0.0,0.0,0.0,0.0,0.0,0.0,0.0,0.0,0.00083212802827857492,0.0094743791367075322,2.245603994441684e-09
8.0,20,4,1842574.0890228627,-2888084.3761110138,6459346.5633989573,-4313732.2092327438,3.570276189199363e-06,-2.755745651138154e-05,3.3948639070594059e-05,-2.8384357936751454e-05,0.0,0.0,0.0,0.0,0.0,0.0,0.0,0.0,0.0,0.0,0.001228731990964008,0.0094743162231054872,3.315756064709043e-09
8.0,21,1,-23631361.855169348,-15251675.458822798,-18718896.569790393,-9879459.4231491443,-6.4483305470637879e-05,-9.3449689826775982e-06,-3.2159283892844388e-05,-6.5006843004321372e-05,0.0,0.0,0.0,0.0,0.0,0.0,0.0,0.0,0.0,0.0,0.0015189441429861441,0.0080303835231791063,4.098548720413447e-09
8.0,21,2,-21907255.284817085,-13156048.466144903,-13854550.210490063,-11423067.459930889,-6.6859530515002159e-05,-9.2765896481392251e-06,-1.387273112593038e-05,-7.5163783886345251e-05,0.0,0.0,0.0,0.0,0.0,0.0,0.0,0.0,0.0,0.0,0.0019155032837173769,0.0080303262981492596,5.16827671468094e-09
8.0,21,3,811180.7505780533,-2782949.1249078372,7865720.6070564687,-5163921.9598445864,-3.9748751889045728e-06,-2.7624249769601732e-05,4.2443997066723402e-05,-3.397860649577738e-05,0.0,0.0,0.0,0.0,0.0,0.0,0.0,0.0,0.0,0.0,0.0015190597149969661,0.0094742562874488394,4.099045802529775e-09
8.0,21,4,-486120.51678435411,-2413897.6811584709,10402000.954463119,-6136940.8902772348,-1.505180575574311e-05,-2.7736579497324801e-05,5.6592033525065248e-05,-4.0381071058024202e-05,0.0,0.0,0.0,0.0,0.0,0.0,0.0,0.0,0.0,0.0,0.0019156417761164745,0.0094741586524419493,5.1688417040090035e-09
8.0,22,1,-19244163.96606059,-10535008.031086348,-8859613.2444858924,-12217645.847770993,-6.5577318214898807e-05,-8.2710721627682969e-06,2.7530255330626981e-06,-8.0392109678333133e-05,0.0,0.0,0.0,0.0,0.0,0.0,0.0,0.0,0.0,0.0,0.002205797240956224,0.0080302794139826324,5.951243774961017e-09
8.0,22,2,-16786460.950055055,-6825638.4295074325,-1656270.9212103505,-12432062.244585315,-7.0530887976141203e-05,-4.9886757909378118e-06,2.9025762413656985e-05,-8.1802969569371364e-05,0.0,0.0,0.0,0.0,0.0,0.0,0.0,0.0,0.0,0.0,0.0026023319975093263,0.0080302130747483616,7.020519996381463e-09
8.0,22,3,-1799294.8269268461,-2199925.1047127005,12660480.215298379,-6702869.1428746637,-2.5524151209359597e-05,-2.8160298437190519e-05,6.9621168568482364e-05,-4.4104878960115286e-05,0.0,0.0,0.0,0.0,0.0,0.0,0.0,0.0,0.0,0.0,0.0022059496344817141,0.009474076389194102,5.951801335535562e-09
8.0,22,4,-2943060.95172395,-1360103.7036914658,16742178.412488282,-7034343.8906943109,-3.901898279851872e-05,-2.8603124106464973e-05,9.0509892217997763e-05,-4.6285982800768564e-05,0.0,0.0,0.0,0.0,0.0,0.0,0.0,0.0,0.0,0.0,0.0026024995861889284,0.0094739546753374385,7.021068469574046e-09
8.0,23,1,-13039714.561538082,-2379146.2044209698,5454340.4722746722,-11855051.353744134,-7.0057379750899262e-05,8.9160038931342469e-08,5.1633502371588663e-05,-7.8006237907636406e-05,0.0,0.0,0.0,0.0,0.0,0.0,0.0,0.0,0.0,0.0,0.0028926046361623771,0.0080301642328371586,7.803122584700519e-09
8.0,23,2,-9754285.0399405379,4213599.8759452142,15503712.199274953,-10082715.899663424,-7.9924778278550563e-05,1.1983904467977702e-05,8.6272843555487374e-05,-6.634427061978533e-05,0.0,0.0,0.0,0.0,0.0,0.0,0.0,0.0,0.0,0.0,0.0032891046292170211,0.008030103231026901,8.871801052004007e-09
8.0,23,3,-4049944.3624683339,-877763.22229825892,20183765.675574679,-7018564.9003241025,-5.0753205688518403e-05,-2.9880253786199323e-05,0.00010870460636180461,-4.6182157044132594e-05,0.0,0.0,0.0,0.0,0.0,0.0,0.0,0.0,0.0,0.0,0.0028927803809689736,0.0094738598682865081,7.80357094002188e-09
8.0,23,4,-4169721.1719476804,685864.15973180532,26356156.977317326,-6060703.6413126588,-6.357499925627603e-05,-3.1625247773825027e-05,0.00013728527896588773,-3.9879429959837294e-05,0.0,0.0,0.0,0.0,0.0,0.0,0.0,0.0,0.0,0.0,0.0032892891692852342,0.0094737305449709534,8.872147329242066e-09
8.0,24,1,-5445609.8442962654,11345546.561053522,24886806.265581261,-7370579.5494703855,-8.4475166687564285e-05,2.6010642459637316e-05,0.00011511213131542983,-4.8498413435515134e-05,0.0,0.0,0.0,0.0,0.0,0.0,0.0,0.0,0.0,0.0,0.003579347200330452,0.0080300646835019356,9.653920809406631e-09
8.0,24,2,-1475505.436775066,22703502.790999271,38366790.134112313,-2433310.7060574559,-0.00010386859000555165,5.52292841332035e-05,0.00015829371485088733,-1.6011184445858058e-05,0.0,0.0,0.0,0.0,0.0,0.0,0.0,0.0,0.0,0.0,0.003975798205976884,0.0080300279813232643,1.0721855497426552e-08
8.0,24,3,-4113129.3399526589,1799401.9499940723,31556115.081996966,-4918376.0470140083,-7.3267363610309141e-05,-3.4362907722459637e-05,0.00016143626468611939,-3.2362914389352172e-05,0.0,0.0,0.0,0.0,0.0,0.0,0.0,0.0,0.0,0.0,0.0035795370012219442,0.0094736376291640785,9.654087454919136e-09
8.0,24,4,-1685732.6753838658,4894751.8848131858,40789403.726509169,-1589680.9391701904,-8.0609629242808656e-05,-3.7310040836712057e-05,0.00019887676828164754,-1.0460100579739852e-05,0.0,0.0,0.0,0.0,0.0,0.0,0.0,0.0,0.0,0.0,0.0039759980757527744,0.0094735247400888848,1.072185940626661e-08
8.0,25,1,11977.358305213947,5209.7294383124299,4173.9250376393538,-88005.630191596807,1.2216349283237885e-07,4.8579258060858654e-09,-1.309601713891412e-08,-1.5254309233210112e-06,0.0,0.0,0.0,0.0,1.3697108377449263e-11,-5.3869584012293259e-12,-8.3101499762199428e-12,-2.4818876564639442e-10,0.0,2.8691580151589903e-10,0.0041813331942796208,0.00042349502281887084,3.757842191171446e-09
8.0,25,2,10378.81233727686,-779.7999921612145,2296.1504003114333,29814.595335887847,1.3231876286442393e-07,-6.1097184179169372e-08,-7.7807107096434725e-09,5.1678631915538904e-07,0.0,0.0,0.0,0.0,2.14863951842654e-12,-1.5894221451235091e-12,-5.5921737330303121e-13,9.9885866375590865e-12,0.0,1.1747322306031693e-11,0.0043461667171081231,0.00042349497946203238,3.905980936964371e-09
8.0,25,3,-45246.309567254742,-7640.5446823339807,-12094.970395624936,91706.555723590893,-5.2434206725156087e-07,1.2749119075373228e-07,5.0281145056689039e-08,1.5895802992089086e-06,0.0,0.0,0.0,0.0,-7.5675796182896878e-11,4.4985700894366856e-11,3.0690095288530042e-11,2.9424872472564559e-10,0.0,3.481925196368906e-10,0.0041813334594437354,0.0015805050388634533,3.757840460703807e-09
8.0,25,4,-40008.791812336916,5039.2621116539194,-8346.5498226032723,-29170.184332221383,-5.2022140665402818e-07,2.6061152802847972e-07,2.8590787834688368e-08,-5.0561652842517063e-07,0.0,0.0,0.0,0.0,-1.2876211890898088e-11,9.8087939378571111e-12,3.0674179530409771e-12,-1.4689333912122845e-11,0.0,2.1648270360639888e-11,0.0043461668752004853,0.0015805050343428958,3.905979786809572e-09
8.0,26,1,-1144.1332460273061,-5708.4534884996701,-2473.0083345258709,63366.350844650231,1.7470737345071413e-08,-6.1644146857782887e-08,-5.563097522237043e-09,1.0983500813072705e-06,0.0,0.0,0.0,0.0,2.8688715037312911e-12,-3.7967458001985496e-12,9.2787429646725743e-13,9.2562972684171358e-11,0.0,1.069557998476083e-10,0.0044668332242278957,0.00042349498444509126,4.014425709991695e-09
8.0,26,2,3104.0364737039117,1071.4499308081586,918.26279866853702,-8779.9354798279219,3.3428302064812053e-08,-1.8031980120476862e-09,-4.4584416358011208e-09,-1.5218554831701731e-07,0.0,0.0,0.0,0.0,4.0136171836060808e-14,-1.7858994138132208e-14,-2.22771776979286e-14,-2.507880056896023e-13,0.0,2.9236459751583314e-13,0.0046316667302767015,0.00042349503946374322,4.162564948846059e-09
8.0,26,3,3205.89083653327,17756.718971082541,7790.986821591945,-65011.294214649177,-5.9445612016921035e-08,1.9276874231526639e-07,2.002938505742936e-08,-1.1268624330539191e-06,0.0,0.0,0.0,0.0,-9.9221533404111095e-12,1.2713510576008195e-11,-2.7913572355970839e-12,-1.011311508538927e-10,0.0,1.1753834495116097e-10,0.0044668333385286356,0.0015805049997632502,4.014426525277572e-09
8.0,26,4,-11909.1736438763,-15418.157970397104,-6921.6711481523243,6308.3173151301626,-6.9429665444152958e-08,-1.3025206043718023e-07,1.7020377815062632e-08,1.0934416679558948e-07,0.0,0.0,0.0,0.0,-1.0381658598265748e-14,-8.437812628835745e-14,9.4759784886623206e-14,1.3305374627920417e-13,0.0,1.8549690403619033e-13,0.0046316668297599773,0.001580504902524913,4.162564075423458e-09
8.0,27,1,71669.393002173631,14586.476650783261,31136.447886770431,-98910.092393297164,7.7270020854543378e-07,-2.1673700821199942e-07,7.0129159878444807e-08,-1.7144416014838175e-06,0.0,0.0,0.0,0.0,1.2583789807171911e-10,-9.4914601610837144e-11,-3.0923296460882003e-11,-3.8252842534732139e-10,0.0,4.607647366647167e-10,0.0041813335421772777,0.0024274950508357267,3.757844115814545e-09
8.0,27,2,62557.064744502713,-7005.3529691996155,23912.916478330764,32211.339386947675,7.6646394255684513e-07,-4.3928463114732885e-07,9.6632039276531082e-08,5.5832988270709304e-07,0.0,0.0,0.0,0.0,2.9511738142457593e-11,-2.740380205149941e-11,-2.1079360909581862e-12,2.6355783802649717e-11,0.0,4.4837553403867464e-11,0.0043461671708966351,0.00242749497082752,3.905982344564858e-09
8.0,27,3,-112661.44984051061,-40267.095055099293,-32689.199889573058,118578.86390811876,-1.2103274847614524e-06,4.4507998185677553e-08,1.7585818105479886e-07,2.055366974407392e-06,0.0,0.0,0.0,0.0,-2.9542050552126852e-10,1.2568209970197279e-10,1.6973840581929583e-10,6.8969801306749925e-10,0.0,8.498027767819339e-10,0.0041813339851046374,0.0035845048906761323,3.757838042941693e-09
8.0,27,4,-97919.269492367108,2827.6175267344297,-19313.026578696332,-31619.3901203112,-1.2396486236903808e-06,5.0663075130737947e-07,1.228595868132464e-07,-5.480694287520607e-07,0.0,0.0,0.0,0.0,-8.2599661254644665e-11,5.6596860880902013e-11,2.6002800373742665e-11,-4.368791508733175e-11,0.0,9.838469851343619e-11,0.0043461672850081158,0.0035845049492604837,3.90597830589982e-09
8.0,28,1,-1939.1333485171317,-27371.804549015877,-878.01424576026511,69050.714829790304,8.7144163865542839e-08,-3.5368880360976889e-07,1.0553689497999522e-07,1.1968790570496983e-06,0.0,0.0,0.0,0.0,1.4735505949656178e-11,-3.1394951072196708e-11,1.665944512254053e-11,1.2525295226690438e-10,0.0,1.480020719659293e-10,0.0044668337205633311,0.0024274949457848295,4.014425263301602e-09
8.0,28,2,17415.37715255794,19340.586837936666,18883.729652769103,-2174.7051081523477,7.9307762737949472e-08,1.1267806395118069e-07,1.0475920607494296e-07,-3.7694888541307355e-08,0.0,0.0,0.0,0.0,-2.3641013402201001e-15,1.6621054987472799e-15,7.0199584147282089e-16,-4.548642517836478e-15,0.0,5.786533450333267e-15,0.0046316672361365798,0.0024274949524032948,4.162566070983684e-09
8.0,28,3,-5901.5408654339772,41022.950196742255,17919.543897819458,-67869.230562325174,-3.1445718791736658e-07,4.9890065716035493e-07,9.8441614645692943e-08,-1.1763999964136363e-06,0.0,0.0,0.0,0.0,-4.4178776983479886e-11,4.3732378830510664e-11,4.4639815296922003e-13,-1.2715934971402673e-10,0.0,1.5535655213206346e-10,0.0044668336887974721,0.0035845049692544094,4.014427045276583e-09
8.0,28,4,-24582.535669789017,-6326.7915996829279,-2960.0043916837531,-2075.9871794250275,-2.9061995829838689e-07,2.5812938916785374e-08,8.4170583855437767e-08,-3.5983777776700478e-08,0.0,0.0,0.0,0.0,-6.740198017546936e-13,2.5152936884898524e-13,4.2249043290570832e-13,-1.0520651909849514e-13,0.0,6.91958110126931e-13,0.0046316671407788867,0.0035845049719771967,4.162564083852285e-09
8.0,29,1,139296.92867368046,-37159.937376408561,23635.135251703046,-124604.58154124772,1.9113915908145622e-06,-1.1471940873869819e-06,-9.341282849971376e-08,-2.1598127467149605e-06,0.0,0.0,0.0,0.0,8.333860121480262e-10,-6.7685667981404284e-10,-1.5652933233398348e-10,-1.0665361524235597e-09,0.0,1.5170514990377405e-09,0.0041813328578285316,0.0044314943901581933,3.757844283761301e-09
8.0,29,2,133400.02703212324,-21881.431613855108,31900.192708347247,43268.337505031333,1.7385919827170082e-06,-9.5295330047995018e-07,-2.0738478895109072e-08,7.4998451675387644e-07,0.0,0.0,0.0,0.0,2.5154173489078865e-10,-2.0480581425487962e-10,-4.6735920635909128e-11,1.2715848609437357e-10,0.0,3.0522285615278496e-10,0.0043461666605908106,0.0044314947428999649,3.90598367685212e-09
8.0,29,3,-171641.38923487815,-71684.401133144347,-148303.73316529661,134163.47079742962,-1.4085993192712783e-06,3.2398847449210772e-07,-1.0040799473985316e-06,2.3255001604887801e-06,0.0,0.0,0.0,0.0,-3.0958597092955569e-10,4.432582525814046e-10,-1.3367228165184873e-10,1.0105836271875839e-09,0.0,1.252397790407583e-09,0.0041813290501234914,0.0055885038532474795,3.757833914096496e-09
8.0,29,4,-198649.61249575851,-28453.747399774482,-145367.65591071136,-38850.586065057149,-1.9533758867015036e-06,9.9668577496221988e-07,-1.0298219725606862e-06,-6.7341015846099057e-07,0.0,0.0,0.0,0.0,-2.4596818559517817e-10,3.1595355590219426e-10,-6.9985370307016044e-11,-1.2824053616858953e-10,0.0,3.6342504950320585e-10,0.0043461622748469392,0.0055885047077093523,3.905972929895441e-09
8.0,30,1,3712.3632057452251,-31882.316039018442,-7996.638733225529,82056.172637060503,2.0901399516557885e-07,-4.0796044507699136e-07,6.0579615567525025e-09,1.4223069923757153e-06,0.0,0.0,0.0,0.0,4.0453831785384354e-11,-5.0878688715186188e-11,1.0424856929801831e-11,2.1054641276677092e-10,0.0,2.4898919916397987e-10,0.0044668332761796502,0.0044314950111445884,4.0144251353187405e-09
8.0,30,2,39955.671424884902,84364.956898795674,38071.875382690931,13994.652977557533,4.2994956539185686e-08,8.1275590475363888e-07,1.0342491807823428e-08,2.425739849443306e-07,0.0,0.0,0.0,0.0,-4.5425112405432755e-12,9.6875152079323434e-12,-5.1450039673890678e-12,4.4842688662348816e-12,0.0,1.0990020744267814e-11,0.0046316667988059654,0.0044314953709209915,4.162568440934358e-09
8.0,30,3,4515.2943919095042,73930.350925645136,-53571.878905666075,-82944.571823259917,-2.1229962854456006e-08,1.1819643503969613e-06,-1.0280743000124333e-06,-1.4377059116031717e-06,0.0,0.0,0.0,0.0,-1.5060463583649263e-11,2.6118746531077065e-10,-2.4612700172712141e-10,-3.3005358624950611e-10,0.0,4.808986222738946e-10,0.0044668286557396674,0.0055885053984757425,4.014426442209338e-09
8.0,30,4,-77251.158809803019,19652.345148275868,-92667.093206805584,-27683.53368418607,-7.3795645856325456e-07,9.417042767101129e-07,-1.0051659881112997e-06,-4.7984791719255866e-07,0.0,0.0,0.0,0.0,-4.4143206402281892e-11,1.1331090242276787e-10,-6.9167696020485974e-11,-4.498195991851596e-11,0.0,1.2548290165364203e-10,0.0046316620950149117,0.0055885063254016232,4.162561499809337e-09
8.0,31,1,207971.30309241833,65170.084678846848,-158559.86340037029,-192479.8115208596,3.1465098227850057e-06,6.712887036164326e-07,-3.2066970630899987e-06,-3.3363167330282335e-06,0.0,0.0,0.0,0.0,4.39018650600682e-09,6.9654271058566386e-10,-5.0867292165924838e-09,-4.9769117727386777e-09,0.0,7.96547478150121e-09,0.0041813198195563873,0.0064354936489311818,3.757844059481087e-09
8.0,31,2,233929.05312342948,45905.520296847462,-138177.24876779632,3909.1765499302037,3.4881409555295224e-06,2.2906638653543384e-07,-2.9617016105850593e-06,6.77590601987902e-08,0.0,0.0,0.0,0.0,2.3486320128492394e-09,-1.6804140598304976e-11,-2.3318278722509334e-09,4.9319622672483516e-11,0.0,2.702919306040777e-09,0.0043461538687623331,0.0064354951292682327,3.905983640157464e-09
8.0,31,3,-298786.63706183404,708884.78550048871,-72404.42298539207,200351.61296424782,-6.5297432775515079e-06,1.0936561380195422e-05,-2.6057849002265135e-06,3.4727612913802948e-06,0.0,0.0,0.0,0.0,-4.7752940063159665e-08,6.9229073498242267e-08,-2.1476133435082599e-08,2.326457966576718e-08,0.0,7.57923482424872e-08,0.0041813222636336968,0.0075925103439704079,3.757848531061677e-09
8.0,31,4,-282907.47372677061,158436.86622473237,-240756.09080030627,-264248.8141195114,-3.4428227513879796e-06,4.2071458077714062e-06,-2.7121987806625977e-06,-4.5803127780715315e-06,0.0,0.0,0.0,0.0,-7.5591241243800996e-09,1.3143213452460533e-08,-5.5840893280804343e-09,-1.2396097443744947e-08,0.0,1.9466094151997482e-08,0.0043461549390053245,0.0075925076426027541,3.905973080808027e-09
8.0,32,1,31807.472674076387,-69469.722726253647,-222372.332924227,29708.967487087852,1.5914678582562747e-06,-1.6400352868277971e-07,-2.8143154387809845e-06,5.149554364428561e-07,0.0,0.0,0.0,0.0,7.4251210880926549e-10,1.0781200208567908e-10,-8.5032411089494431e-10,1.8631351618834087e-10,0.0,9.505888033967433e-10,0.0044668206742148487,0.0064354960575697777,4.014420342248042e-09
8.0,32,2,73535.449557542524,-35375.979179977963,-187486.65582542313,9398.7167033631904,1.8719232007888385e-06,-1.5874897328183718e-08,-2.6524599591825671e-06,1.6291108952496196e-07,0.0,0.0,0.0,0.0,7.7348966086153489e-10,9.0476065998086716e-11,-8.639657268596219e-10,5.9012204813514352e-11,0.0,9.521477299893741e-10,0.0046316544616309208,0.0064354973060679332,4.162561520649225e-09
8.0,32,3,-118048.9118867981,-177395.20207470452,-290092.21875940589,-217270.05019684244,2.9596419151246702e-07,-7.3270483841124441e-07,-2.686119794279401e-06,-3.7660142034119358e-06,0.0,0.0,0.0,0.0,1.5366758175920492e-09,3.5492098051246602e-10,-1.8915967981045158e-09,-4.3288953571082517e-09,0.0,5.387901142187036e-09,0.0044668212421906609,0.0075925054784921455,4.014413373182928e-09
8.0,32,4,-10476.920555537392,-617998.12353167904,-377317.23886846768,-66145.029099882129,3.8415691755267557e-06,-6.6887983427263684e-06,-2.5169963418973704e-06,-1.1465138377312902e-06,0.0,0.0,0.0,0.0,1.1552916297491675e-08,-1.0055756510148953e-08,-1.4971597873427279e-09,-2.3530764945180218e-09,0.0,1.2855709614122585e-08,0.0046316550861188934,0.0075925033610372977,4.162542506886514e-09
8.0,33,1,393981.04744063306,1625471.277825804,894828.19121953484,-294408.93194665801,-4.8281172436395789e-06,1.6517713416370045e-05,3.8532332485280506e-06,-5.1030881537420712e-06,0.0,0.0,0.0,0.0,-9.8605224193878993e-08,1.1170778862466242e-07,-1.3102564430783384e-08,-5.0290280892561311e-08,0.0,1.3523218549570323e-07,0.0041813493059701208,0.0084395136736155896,3.757900171005189e-09
8.0,33,2,356114.79636104021,528291.3846838855,536072.84590706392,-36029.185358071343,4.9074036245007117e-07,3.4751345600460578e-06,3.6100132212478162e-06,-6.2450587953990331e-07,0.0,0.0,0.0,0.0,-4.9591382593521462e-10,2.3176333576664875e-10,2.6415049016856584e-10,-1.5237220153442411e-10,0.0,5.265457514679927e-10,0.0043461824418226189,0.00843950211212415,3.906010280550427e-09
8.0,33,3,-455421.07320855325,1241527.5186882725,2905698.4239497539,203874.18970019207,-2.2661184746666155e-05,6.7525908462121627e-06,3.5598219870744509e-05,3.5338192881366624e-06,0.0,0.0,0.0,0.0,-1.755916762623876e-06,1.1285263339665795e-08,1.7446314992842109e-06,2.1231325333708186e-07,0.0,2.0358888977529836e-06,0.0041814893948946847,0.009596537135903211,3.757915754285274e-09
8.0,33,4,-313035.68329569534,135892.52225631499,2475613.8890993083,308159.82287260192,-1.4619834756031768e-05,-6.8384125264635874e-06,3.3716757832148306e-05,5.3414369297917656e-06,0.0,0.0,0.0,0.0,-9.1642130983413013e-07,-5.3525938051041021e-07,1.4516806903445407e-06,2.616612495923437e-07,0.0,1.4990310418456076e-06,0.0043463196015127584,0.0095965097875571077,3.9060285709648525e-09
8.0,34,1,183343.95712874248,-328879.5229857805,222755.30300108634,-84352.002724557213,2.8690829749886777e-06,-6.0094573469963901e-06,3.5522129701093036e-06,-1.4621013805589914e-06,0.0,0.0,0.0,0.0,5.827430353789233e-09,-1.3107477947608532e-08,7.2800475938192957e-09,-3.118863298120282e-09,0.0,1.3619101521522548e-08,0.0044668491487632389,0.0084394932628781526,4.014427562951096e-09
8.0,34,2,4080.9067873775493,-1646394.0091438238,-229667.41902223253,-51624.816574344317,7.5586578031625944e-06,-2.1049574072978236e-05,3.5070201557960204e-06,-8.9483015395530144e-07,0.0,0.0,0.0,0.0,1.8257612349346419e-07,-2.9718390554482874e-07,1.1460778205136448e-07,-1.5008812591004499e-08,0.0,3.002641292432647e-07,0.0046316835251308981,0.0084394810003278753,4.1625232773556636e-09
8.0,34,3,-172211.96169543231,-371763.12813553121,2272754.3236206034,310121.96637725079,-9.9001242712127221e-06,-1.3359011156174436e-05,3.2479291340931901e-05,5.3754474172056805e-06,0.0,0.0,0.0,0.0,-6.1593348707706627e-07,-7.8014505679394931e-07,1.3960785438710155e-06,2.5517230997623013e-07,0.0,1.429979419709262e-06,0.004466984567264679,0.0095964915302866917,4.0144629234589595e-09
8.0,34,4,-27863.025924200425,-890375.07722521969,2048860.1268721668,123498.51984992092,-5.0054472109104608e-06,-1.995565610012813e-05,3.0991087437559907e-05,2.1406410107319625e-06,0.0,0.0,0.0,0.0,-3.3800644578363091e-07,-1.0580884804261603e-06,1.3960949262097911e-06,1.0310675783420732e-07,0.0,1.4615387439545e-06,0.0046318167599917089,0.0095964664257262699,4.162589936039012e-09
9.0,1,1,-31677171.011863232,-62728894.066276625,-31373680.667362809,-1875.1966806537553,-9.7037869801658625e-06,-0.00021402412467820593,-7.7068205133530982e-06,-1.2338794158701709e-08,0.0,0.0,0.0,0.0,0.0,0.0,0.0,0.0,0.0,0.0,0.00014517891547937068,0.00052845476490753903,3.91771547101286e-10
9.0,1,2,-30829963.408410132,-60213835.845297545,-29697312.762970064,-28833.387237666797,-1.209020224098784e-05,-0.00020543608287570698,-4.6373609939921942e-06,-1.8972368802384752e-07,0.0,0.0,0.0,0.0,0.0,0.0,0.0,0.0,0.0,0.0,0.0005418121327174357,0.00052845481847200158,1.4620874795585093e-09
9.0,1,3,-32033600.708959863,-62286346.465756603,-31730353.517705619,-43124.027243653378,-1.1621617570928994e-05,-0.00021068468465065154,-9.6262510524760769e-06,-2.8375609926323924e-07,0.0,0.0,0.0,0.0,0.0,0.0,0.0,0.0,0.0,0.0,0.00014517846289384943,0.0019722221438283768,3.9176994403704813e-10
9.0,1,4,-31169057.970079601,-59787336.961530209,-30037314.88794145,-133886.06322385508,-1.3922339928232784e-05,-0.00020223061569197778,-6.4754704477637393e-06,-8.8097029601296632e-07,0.0,0.0,0.0,0.0,0.0,0.0,0.0,0.0,0.0,0.0,0.0005418104460227992,0.0019722221357407468,1.4620812077263034e-09
9.0,2,1,-30095243.695859626,-57129108.055791758,-27346722.575276792,-28197.104769883925,-1.7004406082209832e-05,-0.00019488723357056321,1.0808628912252153e-06,-1.8553694938583622e-07,0.0,0.0,0.0,0.0,0.0,0.0,0.0,0.0,0.0,0.0,0.00083216444223878361,0.00052845490154445154,2.2455728955442897e-09
9.0,2,2,-28478207.311789181,-51202497.609478794,-23033285.76069463,-47758.553688098516,-2.5098498834071901e-05,-0.00017462432899286953,1.0729084972130244e-05,-3.1425128326768824e-07,0.0,0.0,0.0,0.0,0.0,0.0,0.0,0.0,0.0,0.0,0.0012287838257792536,0.00052845509129616219,3.315746971717005e-09
9.0,2,3,-30408526.040281504,-56730336.945634499,-27665066.977610029,-212247.27208292784,-1.8697892002681158e-05,-0.00019189540775990386,-6.4593137030285844e-07,-1.3965870503056651e-06,0.0,0.0,0.0,0.0,0.0,0.0,0.0,0.0,0.0,0.0,0.00083216185853203853,0.0019722221334729753,2.245562650151742e-09
9.0,2,4,-28761294.971123017,-50874463.763584472,-23321053.442822181,-286823.73866038944,-2.6577557669492578e-05,-0.00017208220832388892,9.2192315867269251e-06,-1.8873002003853623e-06,0.0,0.0,0.0,0.0,0.0,0.0,0.0,0.0,0.0,0.0,0.0012287800258047321,0.0019722221964138986,3.315729747618734e-09
9.0,3,1,-27050686.844784096,-45456131.411590964,-18727056.565993562,-40864.859765567897,-3.3843997219336913e-05,-0.00015495182246892615,2.0925490015104801e-05,-2.6889077725743675e-07,0.0,0.0,0.0,0.0,0.0,0.0,0.0,0.0,0.0,0.0,0.0015191217074787381,0.0005284552987777219,4.099079690053888e-09
9.0,3,2,-24530995.278131694,-35662673.772694051,-11488106.735872122,-63760.821475238903,-4.8156743187123934e-05,-0.00012140318768134422,3.7665463420944081e-05,-4.1954620530707196e-07,0.0,0.0,0.0,0.0,0.0,0.0,0.0,0.0,0.0,0.0,0.0019157149762623214,0.00052845571035942986,5.168974621678071e-09
9.0,3,3,-27281324.985225715,-45179637.520431697,-18966260.494980823,-328624.05576304009,-3.5056106061776777e-05,-0.00015282700254343217,1.96570182840346e-05,-2.1623462869208036e-06,0.0,0.0,0.0,0.0,0.0,0.0,0.0,0.0,0.0,0.0,0.0015191170276079224,0.0019722223328736978,4.099055947076522e-09
9.0,3,4,-24712864.164870813,-35487467.712218769,-11659661.769932898,-354956.50855776895,-4.9071856242554423e-05,-0.000119968747584104,3.6818215516137053e-05,-2.3356138263101196e-06,0.0,0.0,0.0,0.0,0.0,0.0,0.0,0.0,0.0,0.0,0.0019157090720821291,0.001972222771441141,5.1689382730190005e-09
9.0,4,1,-22393657.326325029,-27002236.376218848,-5023541.9807907194,-38822.002352360403,-6.1367556827550036e-05,-9.1692006975851336e-05,5.2927802146065726e-05,-2.5544877547853145e-07,0.0,0.0,0.0,0.0,0.0,0.0,0.0,0.0,0.0,0.0,0.0022060289258558959,0.00052845613057513768,5.95205037995022e-09
9.0,4,2,-18919223.169049378,-13113608.790867526,5259404.3531898335,-37754.387195957992,-8.2186472833716126e-05,-4.3985530225279549e-05,7.6908896262617863e-05,-2.4842386774940355e-07,0.0,0.0,0.0,0.0,0.0,0.0,0.0,0.0,0.0,0.0,0.0026025826852231182,0.00052845691072563462,7.021520935676824e-09
9.0,4,3,-22513635.507349119,-26888434.301712409,-5106518.7806806527,-350008.90008414583,-6.2016151666564545e-05,-9.0802327733475004e-05,5.2522676394913938e-05,-2.3030585625536794e-06,0.0,0.0,0.0,0.0,0.0,0.0,0.0,0.0,0.0,0.0,0.0022060220898626119,0.0019722233499571019,5.952001305427776e-09
9.0,4,4,-18957869.974744752,-13086562.43494588,5325574.0403076224,-363909.37174285686,-8.2526988210195317e-05,-4.389378459831873e-05,7.725807340884931e-05,-2.3945236660679979e-06,0.0,0.0,0.0,0.0,0.0,0.0,0.0,0.0,0.0,0.0,0.0026025744201100083,0.0019722246549463882,7.021447390233623e-09
9.0,5,1,-16035722.121745769,-1363562.6649568938,13996521.806706259,-39909.240507800299,-0.00010013868605269283,-3.595876827022053e-06,9.7473478996521504e-05,-2.6260280254132598e-07,0.0,0.0,0.0,0.0,0.0,0.0,0.0,0.0,0.0,0.0,0.0028928626708669175,0.00052845767163988029,7.804231929490801e-09
9.0,5,2,-11583818.954521265,16839928.896021642,27442827.359890889,-186772.39905870735,-0.00012788584965694812,5.9142411199624207e-05,0.00012890948309188385,-1.2289623858062943e-06,0.0,0.0,0.0,0.0,0.0,0.0,0.0,0.0,0.0,0.0,0.0032893629007278847,0.00052845902223328076,8.87312735191362e-09
9.0,5,3,-16106762.933049932,-1402142.1171646025,14191161.23116328,-255577.46558638569,-0.00010074046486536758,-3.9840598968420921e-06,9.8619876135155364e-05,-1.6816997235584178e-06,0.0,0.0,0.0,0.0,0.0,0.0,0.0,0.0,0.0,0.0,0.0028928531375615385,0.0019722261172324352,7.804129155110931e-09
9.0,5,4,-11481926.052638486,16863753.844865784,27986866.129537083,-143268.67269717914,-0.00012827360982274898,5.8240963902829134e-05,0.00013143104273596629,-9.4270786634743866e-07,0.0,0.0,0.0,0.0,0.0,0.0,0.0,0.0,0.0,0.0,0.0032893510782081863,0.0019722290009297782,8.872975490994106e-09
9.0,6,1,-7924888.9616005979,31895139.115095865,38549826.035412028,-42989.378406120013,-0.00015092748974580546,0.00011108829499885724,0.00015487613493453764,-2.8287010991226969e-07,0.0,0.0,0.0,0.0,0.0,0.0,0.0,0.0,0.0,0.0,0.0035795984317409839,0.0005284605500477991,9.655365698635766e-09
9.0,6,2,-2428410.457204666,54778121.392118201,55293205.929593965,-90492.5144696075,-0.00018605474945432852,0.00019036423011421587,0.00019375348637080644,-5.9544074521001731e-07,0.0,0.0,0.0,0.0,0.0,0.0,0.0,0.0,0.0,0.0,0.0039760305597736122,0.00052846342397913745,1.0723542717021334e-08
9.0,6,3,-8013031.8770256564,31733330.009013135,39288372.310720004,-21107.326064323086,-0.00015227944905030661,0.00010925161215982861,0.00015896379050505977,-1.388862055032459e-07,0.0,0.0,0.0,0.0,0.0,0.0,0.0,0.0,0.0,0.0,0.0035795843610378162,0.0019722319042248036,9.65514211779858e-09
9.0,6,4,-2423120.6420827582,54402774.391130343,56554867.00195007,-165404.7957811917,-0.00018742867661148083,0.00018648571270706138,0.00020064648208625513,-1.0883635562402414e-06,0.0,0.0,0.0,0.0,0.0,0.0,0.0,0.0,0.0,0.0,0.0039760120714010215,0.0019722371407882395,1.072318897097727e-08
9.0,7,1,-32787040.987154555,-61554351.781809494,-32488489.168508776,-81443.981488620644,-1.5347516234269908e-05,-0.00020463642126309939,-1.3383045267580685e-05,-5.359013981951238e-07,0.0,0.0,0.0,0.0,0.0,0.0,0.0,0.0,0.0,0.0,0.0001451778005224867,0.003029135441945809,3.9176843515093884e-10
9.0,7,2,-31886815.032002449,-59097702.559918344,-30772595.483655561,-310433.45561914676,-1.7439004251165463e-05,-0.00019648664418485206,-1.0107439623042949e-05,-2.0426521379739857e-06,0.0,0.0,0.0,0.0,0.0,0.0,0.0,0.0,0.0,0.0,0.0005418080197659073,0.0030291351652753954,1.4620754428259314e-09
9.0,7,3,-34202923.11823827,-58350778.128645949,-33916955.473763049,-283707.99166449445,-2.523159649938513e-05,-0.00018412448246786769,-2.3349929398738149e-05,-1.8667985851523733e-06,0.0,0.0,0.0,0.0,0.0,0.0,0.0,0.0,0.0,0.0,0.00014517620792590209,0.0044729260191361192,3.9176751509427887e-10
9.0,7,4,-33249390.601495437,-56051909.583687373,-32182135.257412761,-848509.72314520821,-2.6837162158538978e-05,-0.00017687773706136188,-1.9814621994474979e-05,-5.5831939782954698e-06,0.0,0.0,0.0,0.0,0.0,0.0,0.0,0.0,0.0,0.0,0.00054180219871928731,0.0044729243548105851,1.4620716322369198e-09
9.0,8,1,-31111542.05820353,-56120380.049915373,-28399175.533230223,-442431.43539072335,-2.2016812469647614e-05,-0.00018657496645511153,-4.1694407353232391e-06,-2.9111988448709593e-06,0.0,0.0,0.0,0.0,0.0,0.0,0.0,0.0,0.0,0.0,0.00083215817922880925,0.0030291347810235117,2.2455531837155883e-09
9.0,8,2,-29371110.398157269,-50364896.077541612,-24009446.817099892,-595827.76613961428,-2.9344090217252748e-05,-0.00016748319998760176,5.9356561461047819e-06,-3.9205467011986621e-06,0.0,0.0,0.0,0.0,0.0,0.0,0.0,0.0,0.0,0.0,0.0012287747635468,0.0030291341710932296,3.3157149995539315e-09
9.0,8,3,-32349352.532518622,-53286988.018969923,-29781447.359972294,-1335295.7683743376,-3.0498634763864387e-05,-0.00016826827626471397,-1.3601818728509572e-05,-8.7862461559031409e-06,0.0,0.0,0.0,0.0,0.0,0.0,0.0,0.0,0.0,0.0,0.00083214943544144767,0.0044729220025491838,2.2455468229073635e-09
9.0,8,4,-30514509.377008297,-48037303.3299523,-25406570.25433046,-1746778.1802547704,-3.6531226621874715e-05,-0.00015183121083224628,-2.9209871946545434e-06,-1.1493800426076388e-05,0.0,0.0,0.0,0.0,0.0,0.0,0.0,0.0,0.0,0.0,0.0012287624719551366,0.0044729176379491899,3.3157022957621684e-09
9.0,9,1,-27889795.311825752,-44801115.243864328,-19653104.363762215,-667134.46344808291,-3.7611309579078833e-05,-0.00014888779473189265,1.6586116859179275e-05,-4.3897447694883854e-06,0.0,0.0,0.0,0.0,0.0,0.0,0.0,0.0,0.0,0.0,0.0015191106855757556,0.0030291336867846273,4.099035457327488e-09
9.0,9,2,-25192931.667947531,-35225608.093211792,-12273421.668439751,-707525.34316419519,-5.0916191316328216e-05,-0.00011693120219456706,3.4094184480432974e-05,-4.6555167580204039e-06,0.0,0.0,0.0,0.0,0.0,0.0,0.0,0.0,0.0,0.0,0.0019157013829973625,0.0030291332660841576,5.16891036156743e-09
9.0,9,3,-28724806.362570789,-42830413.111597635,-20955179.025306214,-2059731.3571447835,-4.2842796236545855e-05,-0.0001356576886451425,8.2813516426550417e-06,-1.3553032330012674e-05,0.0,0.0,0.0,0.0,0.0,0.0,0.0,0.0,0.0,0.0,0.0015190962410880486,0.0044729137218138615,4.099019399253706e-09
9.0,9,4,-25965076.810985152,-34044194.72162921,-13628506.63887994,-2183651.4192820038,-5.4502515905321279e-05,-0.0001076631117573592,2.6672115827130979e-05,-1.4368426338875586e-05,0.0,0.0,0.0,0.0,0.0,0.0,0.0,0.0,0.0,0.0,0.0019156846957641381,0.0044729080332446295,5.1688813820533845e-09
9.0,10,1,-23014608.168018017,-26778603.002627868,-5715935.4258626029,-702661.56380426639,-6.3731670123075144e-05,-8.8498756134807957e-05,5.0093596520307491e-05,-4.6235130898320729e-06,0.0,0.0,0.0,0.0,0.0,0.0,0.0,0.0,0.0,0.0,0.0022060134895014122,0.0030291331415558962,5.951964108153318e-09
9.0,10,2,-19349899.641915284,-13098757.245242285,4799455.3270258531,-575792.17734030343,-8.363660117879446e-05,-4.2504084208686118e-05,7.5266154516838215e-05,-3.7887125268991968e-06,0.0,0.0,0.0,0.0,0.0,0.0,0.0,0.0,0.0,0.0,0.0026025646162703064,0.0030291335726784965,7.021397980278151e-09
9.0,10,3,-23300487.345069014,-25984385.205106471,-6895778.7114803027,-2225887.8295520889,-6.4551777737137969e-05,-8.221182565618443e-05,4.3391205071875752e-05,-1.4646341918452746e-05,0.0,0.0,0.0,0.0,0.0,0.0,0.0,0.0,0.0,0.0,0.0022059957895926149,0.0044729038477056681,5.951933164354451e-09
9.0,10,4,-19670178.673108898,-13179397.938157838,3532730.2824777961,-2035312.2852717082,-8.3109158469570033e-05,-4.0399821233592039e-05,6.956598245819042e-05,-1.3392354837087838e-05,0.0,0.0,0.0,0.0,0.0,0.0,0.0,0.0,0.0,0.0,0.0026025463337737333,0.0044728988450510165,7.0213485327838096e-09
9.0,11,1,-16384228.643835267,-1527983.5024598371,13745083.367675476,-555076.52396437083,-0.00010122416100621703,-3.4700679759667183e-06,9.7026712029523642e-05,-3.6524035276855602e-06,0.0,0.0,0.0,0.0,0.0,0.0,0.0,0.0,0.0,0.0,0.0028928425600871208,0.0030291342755566181,7.804068652710584e-09
9.0,11,2,-11802996.811007552,16442430.763777928,27553690.608286001,-387107.87643414002,-0.00012852885582289875,5.7326057619189693e-05,0.0001304381473960528,-2.5471698269366414e-06,0.0,0.0,0.0,0.0,0.0,0.0,0.0,0.0,0.0,0.0,0.0032893394406485312,0.003029136088404473,8.872888551961976e-09
9.0,11,3,-16292888.728628172,-1898778.3081744742,12640840.262795491,-1771680.4880170845,-9.843690153144206e-05,-3.723654964856746e-06,9.194703523212564e-05,-1.1657657611152416e-05,0.0,0.0,0.0,0.0,0.0,0.0,0.0,0.0,0.0,0.0,0.0028928244082971973,0.0044728959519766427,7.804020804502347e-09
9.0,11,4,-11807403.089503614,15570182.934005225,26388134.800137639,-1236905.0054990796,-0.0001253311574674638,5.4813358567224366e-05,0.00012599548184637565,-8.1388349361839429e-06,0.0,0.0,0.0,0.0,0.0,0.0,0.0,0.0,0.0,0.0,0.003289322072429008,0.0044728935877520288,8.872832917580679e-09
9.0,12,1,-7920123.200757917,31480192.865129285,39149334.682564914,-337977.42466686439,-0.00015119526952914642,0.00010805881018439138,0.00015852176334311778,-2.2238914543079678e-06,0.0,0.0,0.0,0.0,0.0,0.0,0.0,0.0,0.0,0.0,0.0035795720596961574,0.0030291378792980852,9.655050064474446e-09
9.0,12,2,-2238625.619103726,54340791.913171321,56674867.417810954,171031.33754071931,-0.00018659786983847061,0.00018569469752389916,0.00020105291434442796,1.125386201017933e-06,0.0,0.0,0.0,0.0,0.0,0.0,0.0,0.0,0.0,0.0,0.0039759988146804122,0.0030291411068757712,1.072307342264364e-08
9.0,12,3,-8014926.0663911812,30324613.183319885,37861544.077757724,-788125.95794892032,-0.00014780875880445851,0.00010446540945864029,0.00015405841474404124,-5.1858688033038953e-06,0.0,0.0,0.0,0.0,0.0,0.0,0.0,0.0,0.0,0.0,0.0035795555005454652,0.0044728933623506689,9.655000261275845e-09
9.0,12,4,-2699672.0071344264,52815397.643140003,55021934.158901326,-512328.00937384635,-0.00018388134428289744,0.0001814078140159083,0.00019592682428961781,-3.3711183016799087e-06,0.0,0.0,0.0,0.0,0.0,0.0,0.0,0.0,0.0,0.0,0.003975983695294511,0.0044728950093379464,1.0723044189544925e-08
9.0,13,1,-36043202.837354295,-53572366.192959823,-35775840.201534897,-468481.6585430241,-3.9045848083469807e-05,-0.00015438774296335417,-3.7286601939778182e-05,-3.0826093132130984e-06,0.0,0.0,0.0,0.0,0.0,0.0,0.0,0.0,0.0,0.0,0.00014517417991595253,0.0055298754295374118,3.91768254611551e-10
9.0,13,2,-35008350.922920063,-51470222.556804538,-34010522.960829198,-1712734.0108679172,-3.9982176696738998e-05,-0.00014830129204769884,-3.3416468706181146e-05,-1.1269789791510895e-05,0.0,0.0,0.0,0.0,0.0,0.0,0.0,0.0,0.0,0.0,0.00054179481133770021,0.0055298717954220152,1.4620741621363697e-09
9.0,13,3,-35859810.526705161,-40124005.792768762,-35630694.211657561,-901663.94383797236,-5.960662662653221e-05,-8.7665031477230715e-05,-5.8099041273519e-05,-5.9329487504538576e-06,0.0,0.0,0.0,0.0,0.0,0.0,0.0,0.0,0.0,0.0,0.00014517129116788839,0.0069737718074709722,3.9177925982044983e-10
9.0,13,4,-34694905.152836204,-38485551.636845715,-33839783.686223611,-3235354.4848878435,-5.9200495953731482e-05,-8.4142949818514064e-05,-5.3573796703420633e-05,-2.128863251056201e-05,0.0,0.0,0.0,0.0,0.0,0.0,0.0,0.0,0.0,0.0,0.00054178440297513364,0.0069737626056175089,1.462114547293865e-09
9.0,14,1,-34014913.733134769,-49035283.789529137,-31625763.208811842,-2536776.974632408,-4.2630114408295077e-05,-0.00014146414937937004,-2.6909503958250249e-05,-1.6691992493081243e-05,0.0,0.0,0.0,0.0,0.0,0.0,0.0,0.0,0.0,0.0,0.00083213833365352739,0.0055298665644433545,2.2455496622999026e-09
9.0,14,2,-31971325.924979448,-44401946.553266779,-27239089.734641381,-3500796.3871617881,-4.6663792290002353e-05,-0.00012845727602413297,-1.5525678157577855e-05,-2.3035240227524565e-05,0.0,0.0,0.0,0.0,0.0,0.0,0.0,0.0,0.0,0.0,0.0012287469417217557,0.0055298566093707063,3.3157040655009594e-09
9.0,14,3,-34043838.328163572,-36972998.496379316,-31803229.740362953,-4834355.3000890194,-6.1552751026765066e-05,-8.0826624933624667e-05,-4.6809546519037008e-05,-3.1810057874585748e-05,0.0,0.0,0.0,0.0,0.0,0.0,0.0,0.0,0.0,0.0,0.00083212259262918425,0.0069737493638582729,2.2456052748578257e-09
9.0,14,4,-31622628.941340372,-33667396.410053805,-27530771.998555157,-6755825.0754157593,-6.1420038621099691e-05,-7.4874608565234096e-05,-3.4495619937572977e-05,-4.4453328996235694e-05,0.0,0.0,0.0,0.0,0.0,0.0,0.0,0.0,0.0,0.0,0.0012287249262798352,0.0069737236883038317,3.3157803768598544e-09
9.0,15,1,-30099842.661246963,-39857291.080266155,-22850730.202345967,-4012818.835513426,-5.1420539679707647e-05,-0.00011562455027685394,-3.7213797001391066e-06,-2.6404347937678343e-05,0.0,0.0,0.0,0.0,0.0,0.0,0.0,0.0,0.0,0.0,0.00151907795463422,0.005529847517788386,4.099016724574675e-09
9.0,15,2,-26957940.455854341,-31908416.651447542,-15460959.913620055,-4482202.8770673117,-5.9946087306464892e-05,-9.2520220673468175e-05,1.5704044661436706e-05,-2.9492894931102909e-05,0.0,0.0,0.0,0.0,0.0,0.0,0.0,0.0,0.0,0.0,0.0019156636149784459,0.0055298339651799044,5.168874261171592e-09
9.0,15,3,-30251689.668526825,-30809040.619667437,-23672870.340549756,-7888186.7013227101,-6.5177029025490971e-05,-6.8844398283996177e-05,-2.1888397847401844e-05,-5.1904268494703429e-05,0.0,0.0,0.0,0.0,0.0,0.0,0.0,0.0,0.0,0.0,0.0015190520408910838,0.0069736996788713566,4.099091248133309e-09
9.0,15,4,-26457325.549236968,-25011332.665070899,-16445403.12658165,-8853260.7790653631,-6.6784985195373825e-05,-5.7270352017561062e-05,-9.0653565430181613e-07,-5.825445592625009e-05,0.0,0.0,0.0,0.0,0.0,0.0,0.0,0.0,0.0,0.0,0.0019156340737392181,0.0069736626086857705,5.1689537027410135e-09
9.0,16,1,-24286783.545351934,-24746889.113321312,-8844634.38516666,-4538731.0617914554,-6.8359310599148669e-05,-7.1386805236387169e-05,3.3250030874870418e-05,-2.9864850386587778e-05,0.0,0.0,0.0,0.0,0.0,0.0,0.0,0.0,0.0,0.0,0.0022059733361675321,0.0055298235644799234,5.951913907457671e-09
9.0,16,2,-20127400.495101187,-12844496.802839518,1717922.9450462908,-4335941.6416227436,-8.3057015780192624e-05,-3.5135509485110853e-05,6.0685212455977757e-05,-2.8530496001877652e-05,0.0,0.0,0.0,0.0,0.0,0.0,0.0,0.0,0.0,0.0,0.0026025231208648184,0.0055298104447458465,7.021322693953261e-09
9.0,16,3,-24561082.574669361,-20245588.663943123,-10570377.465434957,-9236620.958382057,-7.411618638892943e-05,-4.5720236456350793e-05,1.7942653229832936e-05,-6.0776965906153931e-05,0.0,0.0,0.0,0.0,0.0,0.0,0.0,0.0,0.0,0.0,0.0022059422586397934,0.0069736328388326236,5.951963073184102e-09
9.0,16,4,-19434302.831212588,-11000384.123972014,-110506.21124620736,-8856256.0117586385,-7.9616307426418135e-05,-2.4121122332775181e-05,4.7534274332960634e-05,-5.8274164557371837e-05,0.0,0.0,0.0,0.0,0.0,0.0,0.0,0.0,0.0,0.0,0.0026024920685819384,0.0069735926552887762,7.0213575334038075e-09
9.0,17,1,-16698877.390630411,-2532080.5932899285,10735407.574502187,-3856783.6049936377,-9.6455643583467414e-05,-3.2381206569670579e-06,8.4061951487105068e-05,-2.5377636120858135e-05,0.0,0.0,0.0,0.0,0.0,0.0,0.0,0.0,0.0,0.0,0.0028928014848457542,0.0055298020805306007,7.80397760256479e-09
9.0,17,2,-11697430.863844713,14083220.637299545,24657936.61737486,-3028468.7245070739,-0.00011969818278160913,4.9938504095920099e-05,0.00011952013524481565,-1.9927324207256545e-05,0.0,0.0,0.0,0.0,0.0,0.0,0.0,0.0,0.0,0.0,0.0032893006429300436,0.005529794170330565,8.87278113717333e-09
9.0,17,3,-17171579.343237147,-3552413.1674818061,7992788.5522338916,-8304823.0534188924,-9.2873689824094036e-05,-3.2595763876238903e-06,7.270785092810541e-05,-5.4645735691496312e-05,0.0,0.0,0.0,0.0,0.0,0.0,0.0,0.0,0.0,0.0,0.0028927717871755632,0.0069735641248477899,7.803942253471735e-09
9.0,17,4,-11136168.924310232,10287526.10818181,21907864.642355464,-6218759.5925309826,-0.00010654956200740005,3.4418351306397582e-05,0.00011088017886126022,-4.0919438118853865e-05,0.0,0.0,0.0,0.0,0.0,0.0,0.0,0.0,0.0,0.0,0.0032892746230659469,0.0069735314788203825,8.872702852282702e-09
9.0,18,1,-7565119.7989661992,28215619.474865951,36261349.213494547,-1998154.9056488748,-0.00013969920952244057,9.5738054899374947e-05,0.00014867895657955113,-1.3147859279169596e-05,0.0,0.0,0.0,0.0,0.0,0.0,0.0,0.0,0.0,0.0,0.0035795361070596367,0.0055297912258002596,9.654941245503858e-09
9.0,18,2,-1869925.4274796806,50518199.470082179,53767122.052370116,-314141.50546616601,-0.00017412043514287301,0.00017059342668308399,0.00019197133727453863,-2.0670511059673723e-06,0.0,0.0,0.0,0.0,0.0,0.0,0.0,0.0,0.0,0.0,0.0039759678294366942,0.0055297924341183857,1.0722989354205059e-08
9.0,18,3,-8385664.9436119869,21696112.270110637,32693669.607294451,-4761705.6420970717,-0.00012786418008435993,7.0073913981934873e-05,0.00014243784126060437,-3.1332023124998733e-05,0.0,0.0,0.0,0.0,0.0,0.0,0.0,0.0,0.0,0.0,0.0035795139735645622,0.0069735128574772839,9.654749143401785e-09
9.0,18,4,-2368868.207961008,41676466.79932607,50259989.411394231,-1414187.3921286445,-0.00015710394185274311,0.00013271436249520587,0.00018919394128261434,-9.305353040206481e-06,0.0,0.0,0.0,0.0,0.0,0.0,0.0,0.0,0.0,0.0,0.0039759511451792065,0.0069735001663180102,1.0722690223082434e-08
9.0,19,1,-33070947.912556063,-23226623.819064386,-32827168.315056995,-1341911.3897543296,-7.678974799086853e-05,-1.2014095455693299e-05,-7.5185678239324667e-05,-8.8297769445834879e-06,0.0,0.0,0.0,0.0,0.0,0.0,0.0,0.0,0.0,0.0,0.0001451689212838734,0.0080308619794187061,3.9179636780734866e-10
9.0,19,2,-32350758.259360615,-22232193.814563308,-31440874.738054469,-4550014.9985568197,-7.6950342983666981e-05,-1.0370188936900698e-05,-7.096330941347255e-05,-2.9939098690503871e-05,0.0,0.0,0.0,0.0,0.0,0.0,0.0,0.0,0.0,0.0,0.00054177541572583633,0.0080308461694519172,1.4621745490401745e-09
9.0,19,3,3908780.8761967318,-4172829.6227854285,4230783.3811068265,-715539.56774066493,1.9452337442835853e-05,-3.3724659640466765e-05,2.1571113925144272e-05,-4.7082503557335753e-06,0.0,0.0,0.0,0.0,0.0,0.0,0.0,0.0,0.0,0.0,0.00014518313753294527,0.0094749026944514168,3.918648561107791e-10
9.0,19,4,3579389.7915447457,-3837138.7155385334,4780859.7835624646,-2427903.2648954005,1.6405869670245916e-05,-3.2394887906362064e-05,2.4311542217722508e-05,-1.5975603483011734e-05,0.0,0.0,0.0,0.0,0.0,0.0,0.0,0.0,0.0,0.0,0.00054182770897462612,0.0094748766565932365,1.4624236280704646e-09
9.0,20,1,-31283811.02909106,-21177294.995111037,-29352606.117049582,-7015380.0950923366,-7.6581811388241525e-05,-1.008093588465297e-05,-6.3874483067008587e-05,-4.6161201025707576e-05,0.0,0.0,0.0,0.0,0.0,0.0,0.0,0.0,0.0,0.0,0.00083210910121033431,0.0080308232893705686,2.245697809919689e-09
9.0,20,2,-29984706.637976598,-19801862.692937292,-25967071.50647001,-9752751.8444126006,-7.7608617154819456e-05,-1.0605503996460811e-05,-5.1172577989506107e-05,-6.4173107136234912e-05,0.0,0.0,0.0,0.0,0.0,0.0,0.0,0.0,0.0,0.0,0.0012287056021980059,0.008030778282682529,3.3158939550742032e-09
9.0,20,3,2997994.3247293304,-3622481.7166126496,5778342.9443980735,-3605504.1825772389,1.1583710883745682e-05,-3.1979021468284547e-05,2.9878404801166011e-05,-2.3724217521358231e-05,0.0,0.0,0.0,0.0,0.0,0.0,0.0,0.0,0.0,0.0,0.0008321882350932735,0.0094748391102902098,2.2460662450773947e-09
9.0,20,4,1903026.0445771469,-3428050.4328281339,7402957.9733155966,-5125777.6306036655,3.2347763089155443e-06,-3.1843706912411197e-05,3.9424328400014533e-05,-3.3727616809372117e-05,0.0,0.0,0.0,0.0,0.0,0.0,0.0,0.0,0.0,0.0,0.0012288188194560616,0.0094747647390662285,3.3164073920284337e-09
9.0,21,1,-27993576.050813623,-18006715.458703652,-22156108.391668372,-11669478.180113696,-7.6510618570480303e-05,-1.0797075874396704e-05,-3.810008137330457e-05,-7.6785166425148108e-05,0.0,0.0,0.0,0.0,0.0,0.0,0.0,0.0,0.0,0.0,0.0015190290126140056,0.0080307358649820294,4.099229217033525e-09
9.0,21,2,-25932805.034803223,-15478559.021450983,-16365375.161671808,-13476736.943948561,-7.9350609164682107e-05,-1.0561670396824362e-05,-1.6396920599477391e-05,-8.8676929091181529e-05,0.0,0.0,0.0,0.0,0.0,0.0,0.0,0.0,0.0,0.0,0.0019156067607592985,0.0080306685138602871,5.169069228737824e-09
9.0,21,3,680384.36395751685,-3299446.3590398319,9075146.2530499958,-6130372.1002657553,-5.7236840127484696e-06,-3.1910970170071027e-05,4.9513849217480027e-05,-4.0337848419748671e-05,0.0,0.0,0.0,0.0,0.0,0.0,0.0,0.0,0.0,0.0,0.0015191647892712106,0.0094746939372399204,4.099813746224874e-09
9.0,21,4,-843415.3721590545,-2844062.3870438505,12094037.772737924,-7271192.3070249232,-1.8832037970191904e-05,-3.1996295328133859e-05,6.6296403723230198e-05,-4.7844445380223991e-05,0.0,0.0,0.0,0.0,0.0,0.0,0.0,0.0,0.0,0.0,0.0019157693463550179,0.0094745787440024733,5.169732509906591e-09
9.0,22,1,-22743980.3164839,-12344783.641101887,-10437655.227416426,-14398548.771391233,-7.7723648170160558e-05,-9.2969340461469246e-06,3.2519709159034157e-06,-9.4742450915754315e-05,0.0,0.0,0.0,0.0,0.0,0.0,0.0,0.0,0.0,0.0,0.0022059129551422712,0.0080306133726566458,5.952096072869477e-09
9.0,22,2,-19823832.738331653,-7932428.1999146771,-1923940.4700837247,-14626910.804009017,-8.3546101193060783e-05,-5.3006593302770869e-06,3.4235189932010576e-05,-9.6245073090379327e-05,0.0,0.0,0.0,0.0,0.0,0.0,0.0,0.0,0.0,0.0,0.0026024618890478531,0.0080305354202693073,7.021404572739146e-09
9.0,22,3,-2392759.4526911601,-2585101.754919678,14762418.987379026,-7929565.2049381854,-3.1203958490741562e-05,-3.2469570839405215e-05,8.1677115644920246e-05,-5.2176539048493257e-05,0.0,0.0,0.0,0.0,0.0,0.0,0.0,0.0,0.0,0.0,0.0022060917493112384,0.0094744817965989707,5.9527487179242046e-09
9.0,22,4,-3727257.5423523448,-1570517.9747938849,19581672.713723443,-8301200.6068935422,-4.7093912199270423e-05,-3.2902565844735777e-05,0.00010627884888570827,-5.4621899993359505e-05,0.0,0.0,0.0,0.0,0.0,0.0,0.0,0.0,0.0,0.0,0.0026026583199803013,0.0094743385924243445,7.022044891446506e-09
9.0,23,1,-15384128.703711705,-2681490.2675311361,6443130.3247389738,-13926445.469276411,-8.2864034808946915e-05,7.19326101121236e-07,6.0759329598258563e-05,-9.1636011187838784e-05,0.0,0.0,0.0,0.0,0.0,0.0,0.0,0.0,0.0,0.0,0.0028927429537243731,0.0080304780906971674,7.804004554246461e-09
9.0,23,2,-11499116.777483959,5072219.407728374,18224513.113439791,-11824669.98268717,-9.4304421270865492e-05,1.4734970827831656e-05,0.00010127706341141277,-7.7806328486081577e-05,0.0,0.0,0.0,0.0,0.0,0.0,0.0,0.0,0.0,0.0,0.0032892510809492681,0.0080304065660984532,8.872616753806937e-09
9.0,23,3,-5021608.563558666,-1004780.1425887216,23613317.102029294,-8265823.5580213703,-6.0829531213709437e-05,-3.4398800203727206e-05,0.00012758827966585936,-5.4389119011780612e-05,0.0,0.0,0.0,0.0,0.0,0.0,0.0,0.0,0.0,0.0,0.002892948789294642,0.0094742272247928631,7.804525242458394e-09
9.0,23,4,-5148634.7980648689,814539.55543965101,30822841.610130116,-7118046.689969399,-7.5730236231924574e-05,-3.649254898586482e-05,0.0001609620785339984,-4.6836747219998641e-05,0.0,0.0,0.0,0.0,0.0,0.0,0.0,0.0,0.0,0.0,0.0032894669870429478,0.0094740755767514419,8.873015053230038e-09
9.0,24,1,-6426483.7129082941,13381233.579450225,29160572.683926471,-8632131.1958738994,-9.9348472460676659e-05,3.0986307323042412e-05,0.0001348143586304961,-5.679942326885025e-05,0.0,0.0,0.0,0.0,0.0,0.0,0.0,0.0,0.0,0.0,0.0035794969874756903,0.008030361382215705,9.654656834275267e-09
9.0,24,2,-1780904.1692316644,26540205.425231889,44792219.149040118,-2794966.5771026975,-0.0001216097516735081,6.474314945806207e-05,0.00018484139976072026,-1.8390880077335747e-05,0.0,0.0,0.0,0.0,0.0,0.0,0.0,0.0,0.0,0.0,0.0039759481302947723,0.0080303183163356207,1.0722410935157535e-08
9.0,24,3,-5073184.5705688819,2112029.1572547816,36862794.668653607,-5763264.8287691306,-8.6946144497779645e-05,-3.9667438168699957e-05,0.00018899259889630429,-3.7922282573300879e-05,0.0,0.0,0.0,0.0,0.0,0.0,0.0,0.0,0.0,0.0,0.0035797188645596287,0.0094739668420731615,9.654843585954757e-09
9.0,24,4,-2214626.9728970677,5758004.0873488262,47575575.381874725,-1872738.3553412366,-9.5340190425858532e-05,-4.2880278049440557e-05,0.00023227934106853981,-1.2322618378145336e-05,0.0,0.0,0.0,0.0,0.0,0.0,0.0,0.0,0.0,0.0,0.0039761814319953636,0.0094738351430716742,1.0722408789102833e-08
9.0,25,1,-208221.39838046802,-239767.09087845555,1977375.1316312128,-48118.066958094721,-9.7267174747506042e-06,-1.0273509478049055e-05,2.8156955712118537e-05,-8.3404649394030839e-07,0.0,0.0,0.0,0.0,-4.1819264432851979e-07,-4.3658540718739999e-07,8.5477805151591999e-07,-2.8274380784175e-08,0.0,8.557514356031248e-07,0.0041814545585598783,0.00042349023254705816,3.757872414878788e-09
9.0,25,2,-132620.49518540315,-74327.202373848297,1950940.7309058681,62009.224495740993,-9.2747273832667911e-06,-8.2643103078665054e-06,2.684033386898192e-05,1.0748265579261771e-06,0.0,0.0,0.0,0.0,-3.6280258555567939e-07,-3.3318374762122424e-07,6.9598633317690364e-07,3.1520868555474247e-08,0.0,6.971589107366944e-07,0.004346286430013886,0.00042349120338417063,3.906017020017779e-09
9.0,25,3,-359359.41172886593,-117025.0357556541,1737688.6848031548,40595.026791373253,-1.1274113419241552e-05,-7.0736509023725426e-06,2.5074720253980146e-05,7.0364713105046961e-07,0.0,0.0,0.0,0.0,-3.6998761089162548e-07,-2.5491046824384856e-07,6.2489807913547398e-07,1.955135981951099e-08,0.0,6.291237472930518e-07,0.0041814407091226458,0.001580489736490635,3.757867041978768e-09
9.0,25,4,-244812.80825487338,-10439.393055144465,1708524.8129722853,-107407.53972216893,-1.0056512456400214e-05,-5.9940399262715773e-06,2.3801339644870549e-05,-1.8617306885175954e-06,0.0,0.0,0.0,0.0,-3.016770045559519e-07,-2.0470085974355161e-07,5.0637786429950375e-07,-4.4446063041294666e-08,0.0,5.120577362101028e-07,0.0043462723976044641,0.0015804925830748802,3.90601096370828e-09
9.0,26,1,-96339.788486112491,46241.821529423352,1929642.7022154559,106020.44113150016,-9.1880686081276824e-06,-6.7166540345250642e-06,2.5928961230699501e-05,1.8376876462793359e-06,0.0,0.0,0.0,0.0,-3.3567244172060275e-07,-2.694678374029849e-07,6.0514027912358776e-07,4.9325755210163637e-08,0.0,6.091117352331332e-07,0.004466951774052515,0.00042349198035404926,4.014466151420028e-09
9.0,26,2,-17908.705753693124,240370.32222192053,1924668.7803723151,6934.6513296098237,-8.898939153759518e-06,-4.4221026688488798e-06,2.4772403939091292e-05,1.2020062304657026e-07,0.0,0.0,0.0,0.0,-2.9392281348531294e-07,-1.9044391893258899e-07,4.8436673241790201e-07,2.778102768777903e-09,0.0,4.880481826982056e-07,0.0046317837333490737,0.00042349316774204437,4.1626125030732625e-09
9.0,26,3,-103916.60446108982,59796.12901068019,1709248.4667053386,-153773.96934604808,-8.4617331090119385e-06,-5.6240457288345948e-06,2.2966461457872819e-05,-2.6654154686648338e-06,0.0,0.0,0.0,0.0,-2.4423107129391109e-07,-1.8353380865995474e-07,4.2776487995386591e-07,-5.7092296042759654e-08,0.0,4.343328936700302e-07,0.004466937748403562,0.0015804945185227941,4.0144615606559295e-09
9.0,26,4,-50830.958057881566,56506.767815669118,1645262.9691047824,-31084.667934540721,-7.4848250551202302e-06,-5.6243044733120174e-06,2.1914136349032621e-05,-5.3880091086537253e-07,0.0,0.0,0.0,0.0,-1.9542707074795707e-07,-1.6053251005695232e-07,3.559595808049095e-07,-1.0105243436318273e-08,0.0,3.567202331449125e-07,0.004631769899738244,0.0015804970921830296,4.162601487336228e-09
9.0,27,1,53260.912716087187,228268.0599437218,1703663.0160036585,-99326.691080559045,-7.0175788009083638e-06,-3.9841215822960273e-06,2.1589390989409553e-05,-1.7216626453963569e-06,0.0,0.0,0.0,0.0,-1.8206604462061901e-07,-1.2988506227453845e-07,3.1195110689515747e-07,-3.012355666061424e-08,0.0,3.157819878874917e-07,0.0041814248268859256,0.0024274752296227606,3.757881550134355e-09
9.0,27,2,61913.550842011406,33242.168601244455,1569287.6462667817,37318.963417444174,-5.5846052482452858e-06,-6.0815758737519149e-06,2.0543212405784069e-05,6.4686203256903242e-07,0.0,0.0,0.0,0.0,-1.3721748343750116e-07,-1.4525787056408704e-07,2.8247535400158825e-07,1.0417726311732468e-08,0.0,2.828145952556809e-07,0.0043462572637810231,0.0024274773731331771,3.906015362832233e-09
9.0,27,3,-407457.71675698576,-51608.939628584136,1292354.6969168494,180918.92157689642,-1.0395752585912871e-05,-4.2277071156872443e-06,1.9067662584433607e-05,3.1359279739995375e-06,0.0,0.0,0.0,0.0,-2.066270263888939e-07,-9.9053745211205253e-08,3.0568077160009919e-07,5.5167481287774902e-08,0.0,3.188455451652991e-07,0.0041814142562625906,0.0035844802860032039,3.757858463706098e-09
9.0,27,4,-308754.87264014268,12939.674306982954,1263213.039963366,-8904.2852746878671,-9.2213424922832983e-06,-3.6453036785331218e-06,1.8026101326177524e-05,-1.5434094476125644e-07,0.0,0.0,0.0,0.0,-1.5681080389966645e-07,-7.6796852778462509e-08,2.3360765667812897e-07,-2.2545675551403928e-09,0.0,2.3820249052873113e-07,0.0043462461113914315,0.0035844815570356381,3.906000841949768e-09
9.0,28,1,-34299.732668693527,-101301.89703233162,1446205.7979591663,84800.984214563243,-5.8369453726232551e-06,-6.998316221592983e-06,1.982515049159299e-05,1.4698837263857629e-06,0.0,0.0,0.0,0.0,-1.3099761455472812e-07,-1.4967427944050049e-07,2.8067189399522869e-07,2.3704912897138521e-08,0.0,2.8232594855069893e-07,0.0044669230593319658,0.002427478932205243,4.014453970144382e-09
9.0,28,2,26485.100198558124,-140849.42897483538,1387410.7801393564,2897.976260253557,-4.6331107353439752e-06,-7.5335759076828002e-06,1.8956267716963198e-05,5.0231588511061667e-08,0.0,0.0,0.0,0.0,-1.0063762129410504e-07,-1.429640417812043e-07,2.4360166307530942e-07,7.330239184470991e-10,0.0,2.448257841597267e-07,0.0046317556791771542,0.0024274811633506008,4.162593097930438e-09
9.0,28,3,-92924.114597582316,73918.738388318045,1296787.2402661373,-50279.352277505561,-6.7218121092522544e-06,-3.8298693241633144e-06,1.7366518041718893e-05,-8.7150877281009637e-07,0.0,0.0,0.0,0.0,-1.0805999973099675e-07,-7.3238316932587489e-08,1.8129831666358429e-07,-1.0594445181387723e-08,0.0,1.829589348119267e-07,0.0044669116329304707,0.0035844824785008162,4.014453267405083e-09
9.0,28,4,-72038.163183010882,-38126.746201684873,1207360.5048055924,21417.369356429987,-5.6374438768557751e-06,-5.0496459825127913e-06,1.6538799701613351e-05,3.7123440217811986e-07,0.0,0.0,0.0,0.0,-8.3842433192231824e-08,-7.7346789707644941e-08,1.6118922289987675e-07,4.1017514871422734e-09,0.0,1.6130265558219049e-07,0.0046317441003561298,0.0035844836958573338,4.162589193955982e-09
9.0,29,1,94561.788693928043,350.58054836129304,1335088.4214999659,-203854.53101040181,-4.080932158940936e-06,-5.7139264334640912e-06,1.7421529476363722e-05,-3.5334785375136316e-06,0.0,0.0,0.0,0.0,-8.1211765167893359e-08,-1.0295096552039089e-07,1.8416273068828426e-07,-4.483792983513117e-08,0.0,1.9299700892526152e-07,0.0041814068649874084,0.0044314658647774639,3.7578704229894425e-09
9.0,29,2,135145.59700091125,-19176.432905788883,1283313.6666922448,33868.844436554529,-3.2546076418003405e-06,-5.9295228268498114e-06,1.6646972232849444e-05,5.8705997023361191e-07,0.0,0.0,0.0,0.0,-6.0282991526730778e-08,-8.8938305787757363e-08,1.4922129731448812e-07,6.3159514113575218e-09,0.0,1.5062845641118913e-07,0.0043462397505977402,0.0044314674341660275,3.906009838990144e-09
9.0,29,3,-363639.59360108944,-88146.500701626414,964780.76619310526,226727.08998142462,-8.3550649766471085e-06,-3.5798513663897489e-06,1.4670887926452269e-05,3.9299362263446935e-06,0.0,0.0,0.0,0.0,-1.0481045892299889e-07,-5.0209428401876026e-08,1.5501988732487494e-07,4.5326892163362591e-08,0.0,1.6755858959917903e-07,0.0041813952415940174,0.0055884703390955519,3.757852044420132e-09
9.0,29,4,-358128.60200691549,-36469.784228668199,918570.60599584773,-20933.99495086529,-8.3034513138275928e-06,-2.728031805671305e-06,1.3826001624886975e-05,-3.6285591248166508e-07,0.0,0.0,0.0,0.0,-8.4900020134284347e-08,-3.3229922467038921e-08,1.1812994260132328e-07,-3.4544341735001624e-09,0.0,1.2225130940569623e-07,0.0043462273548703434,0.0055884722944507317,3.905991604516145e-09
9.0,30,1,-47094.881680200517,-70503.188342097914,1170625.1252514375,77260.786470850042,-5.028419503373368e-06,-5.4341634855129225e-06,1.60787272834417e-05,1.3391869654947338e-06,0.0,0.0,0.0,0.0,-7.3041986028242714e-08,-7.7430522760993736e-08,1.5047250878923644e-07,1.4393795575102718e-08,0.0,1.5162010079051835e-07,0.0044669057427906746,0.0044314685773645147,4.014448455313692e-09
9.0,30,2,56709.266273285903,84387.662292313762,1194960.0551791259,-7888.518740317204,-4.36126731957528e-06,-3.8815084552454649e-06,1.5368413021459281e-05,-1.3673432483216484e-07,0.0,0.0,0.0,0.0,-5.9003482646746512e-08,-5.4787463787781224e-08,1.1379094643452772e-07,-1.1930523105562391e-09,0.0,1.1384133553967895e-07,0.0046317384598912751,0.0044314700446413616,4.162594496795774e-09
9.0,30,3,-37571.328503302124,101662.41657926154,1017381.4376939067,-71015.857155752979,-4.9771264638033677e-06,-2.5637415490389304e-06,1.3308721483614917e-05,-1.2309415240330514e-06,0.0,0.0,0.0,0.0,-4.780907999509693e-08,-3.0815500596096534e-08,7.8624580591193464e-08,-8.8566974908991346e-09,0.0,8.054764062561239e-08,0.0044668930485159738,0.005588473827308261,4.014449064342403e-09
9.0,30,4,-121189.83701036597,14461.709033872554,916850.13583376829,-8036.3334479043733,-5.3411118729421118e-06,-2.9898184081753083e-06,1.2651580989689553e-05,-1.3929644643034248e-07,0.0,0.0,0.0,0.0,-4.4893728710071449e-08,-2.9185556779984481e-08,7.407928549005594e-08,-9.6624616022994556e-10,0.0,7.482309352010129e-08,0.0046317256923194342,0.0055884759603583994,4.162582820790656e-09
9.0,31,1,97147.118094876176,58525.10289930104,834336.03526648739,-297581.37200421398,-2.276149644731472e-06,-2.9455979081214415e-06,1.0501791586243124e-05,-5.1580771147397092e-06,0.0,0.0,0.0,0.0,-1.9055689524842875e-08,-2.6638389163334073e-08,4.5694078688176951e-08,-3.4940033657794068e-08,0.0,6.945357597338373e-08,0.0041813773518582726,0.0064354563868717646,3.757861604680148e-09
9.0,31,2,204021.49016478725,60374.340329591883,833904.85833192419,-35236.870826236234,-8.5683025911556744e-07,-3.3467141895922876e-06,1.0061148122448141e-05,-6.1077242765476142e-07,0.0,0.0,0.0,0.0,-7.6015790657282999e-09,-1.878568561352828e-08,2.638726467925658e-08,-2.1138899095423084e-09,0.0,3.19766056864014e-08,0.0043462105932588497,0.0064354595277289154,3.906003568919398e-09
9.0,31,3,-441962.23944125744,1269729.6603131397,1017464.2539262247,240598.44891188943,-1.5041605516174226e-05,1.4627720746235329e-05,1.0255120368862136e-05,4.1703731144727498e-06,0.0,0.0,0.0,0.0,-3.9472229480767528e-07,2.8411621311836667e-07,1.1060608168930863e-07,1.0224113994712102e-07,0.0,4.377174245197186e-07,0.0041813765918544783,0.0075924732332489581,3.757878745045905e-09
9.0,31,4,-418447.48576264555,289472.77809983597,668192.96380999172,-387346.2931575363,-9.40996277780792e-06,2.8606551291417617e-06,9.4251383481177947e-06,-6.7140024147306295e-06,0.0,0.0,0.0,0.0,-1.0538404909285121e-07,3.1088679336384869e-08,7.4295369756466364e-08,-7.5740793527345885e-08,0.0,1.467389800936832e-07,0.0043462080372458954,0.0075924691928451089,3.905991922120912e-09
9.0,32,1,-31030.932527307858,-84405.484468337614,695249.77206573181,-8050.3702921702643,-2.8571229174203491e-06,-3.7822818177315309e-06,9.731742628859007e-06,-1.3953975173095128e-07,0.0,0.0,0.0,0.0,-1.4580690563700285e-08,-1.8861667328173886e-08,3.3442357891874171e-08,-3.6364177571622301e-10,0.0,3.5313695620239505e-08,0.0044668768687391395,0.006435461553079537,4.014438323635764e-09
9.0,32,2,78987.85359829021,-29433.149221085478,713170.34112407221,-12242.361051942995,-1.6817773863014112e-06,-3.5610747685039237e-06,9.3107190641454789e-06,-2.1220092490034523e-07,0.0,0.0,0.0,0.0,-9.3873961932784599e-09,-1.6356451735206128e-08,2.5743847928484591e-08,-6.5077014694482605e-10,0.0,2.7818835873178587e-08,0.0046317099945135318,0.0064354642736474729,4.1625817685572516e-09
9.0,32,3,-185359.64970863063,-324035.74514309125,523133.44290969247,-321318.36006198602,-3.2678527871814802e-06,-5.6715717747121331e-06,9.0126941515361233e-06,-5.5695182410744239e-06,0.0,0.0,0.0,0.0,-1.9641897528144172e-08,-3.6286181693949708e-08,5.5928079222093883e-08,-4.01564532821166e-08,0.0,7.704191084738756e-08,0.0044668737572801601,0.0075924659913703778,4.014426203790571e-09
9.0,32,4,-6989.0018826411979,-1106718.0323351175,312871.34961085836,-113537.55406673405,3.0822000391284887e-06,-1.5979769822047773e-05,8.6264461316824831e-06,-1.9679842704900572e-06,0.0,0.0,0.0,0.0,6.4650926634959281e-08,-1.815857067516535e-07,1.169347801166942e-07,-2.5544091412008773e-08,0.0,1.9051398423406893e-07,0.0046317072475305174,0.0075924627940369017,4.162547056971949e-09
9.0,33,1,387098.57020185236,2437030.2054071436,2401812.0974387522,-355176.55372218019,-1.4194054942025554e-05,2.1338093401532834e-05,2.072764619674738e-05,-6.156393597851122e-06,0.0,0.0,0.0,0.0,-8.3182527971184811e-07,4.8784932088027368e-07,3.4397595883157448e-07,-2.4249103252418505e-07,0.0,9.013822516362348e-07,0.0041814213574758036,0.0084394815744032736,3.7579465018979965e-09
9.0,33,2,405747.83232277597,790344.68246874423,1838156.4704830453,-9040.934054512647,-5.1040335141701452e-06,1.5623118883599699e-06,1.9724382880607861e-05,-1.567095236115526e-07,0.0,0.0,0.0,0.0,-1.2034957786412214e-07,-4.3515329614293359e-08,1.6386490747841551e-07,-1.9414203190969494e-09,0.0,1.699379114374843e-07,0.004346253189427645,0.008439463004633118,3.90604389883937e-09
9.0,33,3,-754463.57763412129,1678177.4394338315,4973023.942610614,274561.91192447039,-3.6664319896632736e-05,5.5014577325451167e-06,6.261213045427602e-05,4.7590731400241543e-06,-6.1529209616708993e-07,-6.501223828140514e-08,6.8030433444849518e-07,6.210776222819855e-08,-9.9209279815958613e-06,-8.5148243900713282e-07,1.0772410420602995e-05,1.0366703080292212e-06,7.542500427397838e-07,1.204494262922752e-05,0.0041816429503419156,0.0095965067676497644,3.757959946290493e-09
9.0,33,4,-516949.21052282746,203228.51021672343,4425858.6718812557,432836.46684825764,-2.5409004868696301e-05,-1.2925924375877404e-05,6.0266331759641184e-05,7.5024987587031327e-06,0.0,0.0,0.0,0.0,-5.8890068363392525e-06,-3.6107892066324526e-06,9.4997960429717085e-06,1.4019091551693938e-06,0.0,9.727356281278661e-06,0.0043464699767291615,0.0095964642347932949,3.9060663537401815e-09
9.0,34,1,206596.09724281245,-510075.55392639368,1330939.2310846583,-77296.679049055601,-5.288400787288938e-07,-1.2951148698995134e-05,1.895977424119644e-05,-1.3398091035169636e-06,0.0,0.0,0.0,0.0,-3.6594730770102104e-08,-2.7925748657687784e-07,3.1585221734697996e-07,-2.7249944590944951e-08,0.0,3.492944521748641e-07,0.0044669193509121741,0.008439448935641098,4.0144479079082545e-09
9.0,34,2,-19025.795406386838,-2450983.2553954143,571081.73999619996,-39752.260398529623,7.2659287895117014e-06,-3.4888000516964783e-05,1.749445940315654e-05,-6.8903918024118016e-07,0.0,0.0,0.0,0.0,7.5004886161600388e-07,-1.9775671651307727e-06,1.2275183035147685e-06,-5.1772717171005141e-08,0.0,2.0104276719392362e-06,0.004631753465700209,0.00843942946575524,4.162522679133667e-09
9.0,34,3,-291509.68338398938,-497823.30039183935,4125636.6842331951,437166.5515111417,-1.8398049313818609e-05,-2.1974152008621355e-05,5.8165821058212579e-05,7.5775535595264546e-06,0.0,0.0,0.0,0.0,-4.159457292495578e-06,-4.8446200558323994e-06,9.0040773483279791e-06,1.3588324529633094e-06,0.0,9.14983746085971e-06,0.0044671332958856839,0.0095964356861596538,4.014497341459342e-09
9.0,34,4,-48173.52220072737,-1226971.5801456142,3777078.6144509939,169575.09569423957,-1.0842741766564554e-05,-3.1275241437609252e-05,5.5461628602065287e-05,2.9393016587001518e-06,0.0,0.0,0.0,0.0,-2.5205279700079323e-06,-6.1571228549381085e-06,8.6776508249460412e-06,5.2259057975284575e-07,0.0,8.95093310924307e-06,0.0046319638322219765,0.0095963964033000324,4.162620379923351e-09
10.0,1,1,-36905834.589900792,-72558585.55418852,-36551521.803349167,-2455.8169533966457,-1.2135203324594454e-05,-0.00024673030466960759,-9.8038251890847328e-06,-1.6159275553349926e-08,0.0,0.0,0.0,0.0,0.0,0.0,0.0,0.0,0.0,0.0,0.00014518916617310381,0.00052847586806295532,3.918424135770786e-10
10.0,1,2,-35916603.116536871,-69622651.357253715,-34594277.174078591,-34038.625865462469,-1.4920268503179298e-05,-0.00023670606592709613,-6.2193638018038347e-06,-2.2397415819474305e-07,0.0,0.0,0.0,0.0,0.0,0.0,0.0,0.0,0.0,0.0,0.00054184989356631551,0.00052847592877918609,1.462347955411453e-09
10.0,1,3,-37315429.501613945,-72039986.754642725,-36961411.044855267,-50657.375571697383,-1.4354938984862915e-05,-0.00024284252570979227,-1.2025497539390752e-05,-3.3332553126176878e-07,0.0,0.0,0.0,0.0,0.0,0.0,0.0,0.0,0.0,0.0,0.00014518863983721528,0.0019723012400520833,3.918405467848618e-10
10.0,1,4,-36306222.981904529,-69122695.927877322,-34984995.633887686,-156581.30067116549,-1.7040962241933953e-05,-0.00023297335422643484,-8.3472862919831198e-06,-1.0303049584162689e-06,0.0,0.0,0.0,0.0,0.0,0.0,0.0,0.0,0.0,0.0,0.0005418479321335145,0.0019723012264953677,1.4623406556761786e-09
10.0,2,1,-35059066.113790333,-66026106.97353369,-31853819.330314424,-33558.666453574973,-2.0645047008871652e-05,-0.00022440817586598291,4.4547682639983324e-07,-2.208160252645233e-07,0.0,0.0,0.0,0.0,0.0,0.0,0.0,0.0,0.0,0.0,0.0008322217815457493,0.00052847602329503653,2.245965486361778e-09
10.0,2,2,-33173512.624550216,-59119830.240425624,-26826933.9353045,-56084.80709873938,-3.0071675725097486e-05,-0.00020079844563755764,1.1688812050139333e-05,-3.6903803070970511e-07,0.0,0.0,0.0,0.0,0.0,0.0,0.0,0.0,0.0,0.0,0.0012288663799163021,0.00052847623956651913,3.316305646945371e-09
10.0,2,3,-35418879.872483686,-65558350.902867652,-32219664.929496437,-248519.94707766012,-2.2605134347283191e-05,-0.00022092285372720964,-1.5543000224270791e-06,-1.6352612517710035e-06,0.0,0.0,0.0,0.0,0.0,0.0,0.0,0.0,0.0,0.0,0.00083221877717244664,0.0019723012185833009,2.2459535706011164e-09
10.0,2,4,-33498686.48624137,-58734254.574582756,-27157856.081507344,-336340.94126256846,-3.1783897594584472e-05,-0.00019783393561587082,9.9387664685654033e-06,-2.2131233935077002e-06,0.0,0.0,0.0,0.0,0.0,0.0,0.0,0.0,0.0,0.0,0.0012288619619600799,0.0019723012805580491,3.316285639457278e-09
10.0,3,1,-31510002.277247649,-52436706.077577181,-21820370.708910741,-48859.945592641379,-4.022383006358732e-05,-0.00017792154106975567,2.3533945656069537e-05,-3.2149844199958027e-07,0.0,0.0,0.0,0.0,0.0,0.0,0.0,0.0,0.0,0.0,0.0015192214598859887,0.00052847647590171967,4.099745519306389e-09
10.0,3,2,-28577891.823851123,-41060141.687401995,-13412992.692290118,-76405.487286968011,-5.6821906799342087e-05,-0.0001389551109015068,4.2963129486329328e-05,-5.0274810634824953e-07,0.0,0.0,0.0,0.0,0.0,0.0,0.0,0.0,0.0,0.0,0.0019158356939114715,0.0005284769451021677,5.169761527983934e-09
10.0,3,3,-31774104.951966573,-52110455.254728585,-22095239.941707034,-385489.16980756744,-4.1625526349464579e-05,-0.00017543871134163862,2.2061405418043179e-05,-2.5365187373337935e-06,0.0,0.0,0.0,0.0,0.0,0.0,0.0,0.0,0.0,0.0,0.0015192160201329497,0.0019723014282305848,4.099717986893879e-09
10.0,3,4,-28786922.707623664,-40851186.438020691,-13610856.149873728,-416247.73282338685,-5.7884586249245137e-05,-0.00013726744159525754,4.1973931700749435e-05,-2.7389100819778853e-06,0.0,0.0,0.0,0.0,0.0,0.0,0.0,0.0,0.0,0.0,0.0019158288334463411,0.001972301918211052,5.169719449342997e-09
10.0,4,1,-26092520.083940081,-31026254.174244702,-5928200.8530269042,-49503.158138390827,-7.2074561476611273e-05,-0.00010453853179081566,6.0606659062797422e-05,-3.2573078055061161e-07,0.0,0.0,0.0,0.0,0.0,0.0,0.0,0.0,0.0,0.0,0.0022061629916878094,0.0005284774221392583,5.952903968949622e-09
10.0,4,2,-22061718.57622578,-14965977.633237882,5955222.1304093935,-47659.995926771153,-9.6071599186659879e-05,-4.9381623781799509e-05,8.8279870662999542e-05,-3.1360277319815415e-07,0.0,0.0,0.0,0.0,0.0,0.0,0.0,0.0,0.0,0.0,0.0026027314834391616,0.00052847830669723323,7.022430223932423e-09
10.0,4,3,-26234109.712139241,-30887741.924387306,-6026112.383030735,-410897.1879797178,-7.2846658754975699e-05,-0.00010346755871156798,6.0121963670558278e-05,-2.703703496906543e-06,0.0,0.0,0.0,0.0,0.0,0.0,0.0,0.0,0.0,0.0,0.0022061550485111886,0.0019723025736117492,5.952847219597941e-09
10.0,4,4,-22109720.306473829,-14921639.721962189,6028793.8333675638,-429410.10401478538,-9.6497905028389627e-05,-4.9200334782303052e-05,8.8653518011766734e-05,-2.8255184844172878e-06,0.0,0.0,0.0,0.0,0.0,0.0,0.0,0.0,0.0,0.0,0.0026027218790457495,0.0019723040625716148,7.022345515015244e-09
10.0,5,1,-18717974.72360269,-1420722.5325361472,16015580.697880518,-56207.798913869025,-0.00011664974951925757,-2.8338301020396954e-06,0.00011189704515410195,-3.6984731685325816e-07,0.0,0.0,0.0,0.0,0.0,0.0,0.0,0.0,0.0,0.0,0.0028930195517097596,0.0005284791710434988,7.805153588570606e-09
10.0,5,2,-13572234.11142629,19510783.732344158,31457474.990588024,-239845.6591182164,-0.00014839101933936428,6.9295238072645263e-05,0.00014790446655188987,-1.5781844369978637e-06,0.0,0.0,0.0,0.0,0.0,0.0,0.0,0.0,0.0,0.0,0.0032895264242457185,0.00052848070872415825,8.874021741269896e-09
10.0,5,3,-18819340.227236189,-1456352.7155669965,16227410.022150766,-302511.49820138357,-0.0001174349716805833,-3.1865138538000057e-06,0.00011317264496038285,-1.9905256581651036e-06,0.0,0.0,0.0,0.0,0.0,0.0,0.0,0.0,0.0,0.0,0.0028930084686267323,0.0019723057333951282,7.8050350912389e-09
10.0,5,4,-13478227.613142401,19547941.823035553,32064507.45955345,-160679.46382166154,-0.00014893880793220263,6.8373386957848296e-05,0.00015073238884613608,-1.057270871946533e-06,0.0,0.0,0.0,0.0,0.0,0.0,0.0,0.0,0.0,0.0,0.0032895126752256181,0.001972309036121373,8.873847240532336e-09
10.0,6,1,-9351169.2668676861,36761251.603784159,44158043.443050355,-56888.706514364982,-0.00017460833250833695,0.00012881139682055216,0.00017748228712292376,-3.7432768886452155e-07,0.0,0.0,0.0,0.0,0.0,0.0,0.0,0.0,0.0,0.0,0.0035797634709190348,0.0005284824637215742,9.656207135421974e-09
10.0,6,2,-3027977.3194577433,62907412.722082697,63244172.215081833,-59088.677540883284,-0.00021445939079800866,0.00021939547567532744,0.00022161135313926171,-3.8880349821901199e-07,0.0,0.0,0.0,0.0,0.0,0.0,0.0,0.0,0.0,0.0,0.0039761924829736176,0.00052848577999850793,1.0724262107458312e-08
10.0,6,3,-9480462.7476503439,36572725.734366119,44976309.264880456,-34446.605221231766,-0.00017624978903706129,0.00012678019117460696,0.00018207577080539138,-2.2665866235570501e-07,0.0,0.0,0.0,0.0,0.0,0.0,0.0,0.0,0.0,0.0,0.0035797471190902068,0.0019723123678773574,9.655950638911987e-09
10.0,6,4,-3062547.1504846737,62437827.65194346,64636278.299858809,-248722.94120837963,-0.00021608982315627094,0.00021490264304370614,0.00022936844830698916,-1.636596953151138e-06,0.0,0.0,0.0,0.0,0.0,0.0,0.0,0.0,0.0,0.0,0.0039761710612883647,0.0019723183886729417,1.0723856738443043e-08
10.0,7,1,-38185794.578783467,-71186077.867180943,-37837173.184093326,-94597.916164353112,-1.8672236232904027e-05,-0.00023581410027055931,-1.6378307455842881e-05,-6.2245428836144342e-07,0.0,0.0,0.0,0.0,0.0,0.0,0.0,0.0,0.0,0.0,0.00014518787075593694,0.0030292573552569142,3.918387934408833e-10
10.0,7,2,-37135358.966249064,-68316945.56892845,-35834273.947944574,-360844.94353117869,-2.1117867994585913e-05,-0.0002262927078402163,-1.2556728574142396e-05,-2.3743597284351557e-06,0.0,0.0,0.0,0.0,0.0,0.0,0.0,0.0,0.0,0.0,0.00054184511447271072,0.003029257031816526,1.462333961533501e-09
10.0,7,3,-39817845.063795663,-67473108.055161402,-39483673.49220904,-327506.14307917526,-3.0097510474133023e-05,-0.00021206914095731953,-2.7898661533093051e-05,-2.1549904214609731e-06,0.0,0.0,0.0,0.0,0.0,0.0,0.0,0.0,0.0,0.0,0.00014518602734903173,0.0044731095979082969,3.918377237420525e-10
10.0,7,4,-38707720.108489819,-64788265.150139779,-37460561.778995581,-982430.55094053084,-3.1985453994415249e-05,-0.00020359544036847193,-2.3779152186343135e-05,-6.4643930251886926e-06,0.0,0.0,0.0,0.0,0.0,0.0,0.0,0.0,0.0,0.0,0.0005418383755824691,0.0044731076714327545,1.4623295211690601e-09
10.0,8,1,-36232166.045886114,-64844667.520523086,-33068265.616247635,-514463.74400157743,-2.6458395873332823e-05,-0.00021472865557644409,-5.6399310463116346e-06,-3.3851714355303795e-06,0.0,0.0,0.0,0.0,0.0,0.0,0.0,0.0,0.0,0.0,0.00083221450324471192,0.0030292565819436883,2.245942577613437e-09
10.0,8,2,-34204654.697961718,-58135643.789731294,-27953995.418087821,-693071.888880032,-3.5001643541454432e-05,-0.00019246755176529815,6.1276945201158506e-06,-4.5604130288306105e-06,0.0,0.0,0.0,0.0,0.0,0.0,0.0,0.0,0.0,0.0,0.0012288558463033081,0.0030292558649477217,3.316268529771781e-09
10.0,8,3,-37657301.397452421,-61560676.982434988,-34661682.392269537,-1544985.1843151913,-3.6255179175228979e-05,-0.00019353939052441424,-1.6544006121125548e-05,-1.0166002512793959e-05,0.0,0.0,0.0,0.0,0.0,0.0,0.0,0.0,0.0,0.0,0.0008322043816326554,0.004473104946946355,2.24593519660392e-09
10.0,8,4,-35523426.197831988,-55438390.555468939,-29566070.662778866,-2022138.8573372187,-4.3310082264328403e-05,-0.00017435054773757956,-4.1106828436788546e-06,-1.3305673681278899e-05,0.0,0.0,0.0,0.0,0.0,0.0,0.0,0.0,0.0,0.0,0.0012288416189238129,0.0044730998913917316,3.3162537786585226e-09
10.0,9,1,-32480433.624262158,-51664055.849893212,-22890984.989209656,-776920.04968014499,-4.4605203595528285e-05,-0.00017083343784018057,1.8493368423117217e-05,-5.1121339268953538e-06,0.0,0.0,0.0,0.0,0.0,0.0,0.0,0.0,0.0,0.0,0.0015192086465438495,0.0030292552935614172,4.099694212651055e-09
10.0,9,2,-29345648.303082317,-40540304.647792451,-14323435.893891297,-826271.76405689656,-6.0043531459551268e-05,-0.00013370437020774392,3.8802626192925636e-05,-5.4368682074943792e-06,0.0,0.0,0.0,0.0,0.0,0.0,0.0,0.0,0.0,0.0,0.0019158198889565462,0.003029254788242456,5.169687089642174e-09
10.0,9,3,-33442635.737498183,-49379356.107129648,-24393470.305201381,-2383317.8281886703,-5.0652112956007871e-05,-0.00015551573298818293,8.8913955885050618e-06,-1.568223130948145e-05,0.0,0.0,0.0,0.0,0.0,0.0,0.0,0.0,0.0,0.0,0.0015191919262201115,0.0044730953542210733,4.099675586677866e-09
10.0,9,4,-30234419.570466366,-39166807.280520812,-15886967.70198741,-2525614.9786236091,-6.4187133379968827e-05,-0.00012296224451212708,3.0219099914622681e-05,-1.6618546559343346e-05,0.0,0.0,0.0,0.0,0.0,0.0,0.0,0.0,0.0,0.0,0.0019158005721010129,0.0044730887637543064,5.169653574576125e-09
10.0,10,1,-26810320.426197246,-30754192.183579788,-6732375.3988396339,-820962.35651810502,-7.482282535076356e-05,-0.00010077350151434065,5.7290052929249554e-05,-5.401932305889131e-06,0.0,0.0,0.0,0.0,0.0,0.0,0.0,0.0,0.0,0.0,0.0022061450460052106,0.0030292546285022154,5.952804239925901e-09
10.0,10,2,-22565800.305614576,-14943371.741451701,5412338.9664536715,-672745.12462372147,-9.7769969743576014e-05,-4.7614389791384264e-05,8.6326186666633078e-05,-4.4266629200240867e-06,0.0,0.0,0.0,0.0,0.0,0.0,0.0,0.0,0.0,0.0,0.0026027104887073123,0.0030292551050012952,7.0222882098229195e-09
10.0,10,3,-27152392.120158996,-29831557.950404722,-8100409.0367934965,-2577087.5618591728,-7.5829452761021785e-05,-9.3458363924038676e-05,4.9532595927523195e-05,-1.6957236157033355e-05,0.0,0.0,0.0,0.0,0.0,0.0,0.0,0.0,0.0,0.0,0.0022061245473271075,0.0044730839096251973,5.95276821611635e-09
10.0,10,4,-22936869.441542119,-15017110.169598069,3950053.7540035211,-2358795.981624628,-9.719839807107121e-05,-4.5086382061679367e-05,7.9717556555619105e-05,-1.5520877559090053e-05,0.0,0.0,0.0,0.0,0.0,0.0,0.0,0.0,0.0,0.0,0.0026026892953987806,0.0044730781070715809,7.022231247984287e-09
10.0,11,1,-19119726.776646864,-1605009.4561418593,15712550.90092409,-647711.49417724437,-0.00011788854936599023,-2.6417093970673156e-06,0.00011130783775242662,-4.2619416316862675e-06,0.0,0.0,0.0,0.0,0.0,0.0,0.0,0.0,0.0,0.0,0.0028929962024055898,0.0030292559071500862,7.80496563418145e-09
10.0,11,2,-13830090.368439671,19051056.780048348,31562900.523841076,-460120.46630456415,-0.00014912050438234363,6.7237443854707498e-05,0.00014956537568886367,-3.0275926682840319e-06,0.0,0.0,0.0,0.0,0.0,0.0,0.0,0.0,0.0,0.0,0.003289499233436975,0.003029258000026124,8.873747477715476e-09
10.0,11,3,-19041061.561173245,-2027661.9023205191,14423948.849393204,-2059438.7449833383,-0.00011479144118224107,-2.8432714269901263e-06,0.00010540832731928617,-1.3551106941990365e-05,0.0,0.0,0.0,0.0,0.0,0.0,0.0,0.0,0.0,0.0,0.0028929751357596092,0.0044730747422849814,7.80490981830482e-09
10.0,11,4,-13862370.410357241,18034794.457674462,30196738.57091238,-1435545.1015701473,-0.00014551767423695339,6.4365670594695182e-05,0.00014439126285980066,-9.4458867683315693e-06,0.0,0.0,0.0,0.0,0.0,0.0,0.0,0.0,0.0,0.0,0.0032894790291072363,0.0044730719762337166,8.873682282712865e-09
10.0,12,1,-9362935.5318930335,36269537.871366024,44810721.123115055,-386187.74574631476,-0.00017492148687074527,0.00012534018812269935,0.00018154117391920794,-2.541115367010751e-06,0.0,0.0,0.0,0.0,0.0,0.0,0.0,0.0,0.0,0.0,0.0035797329455227113,0.0030292600692443661,9.655845190125577e-09
10.0,12,2,-2829055.9372248128,62373878.835771888,64776346.596833579,257705.10744953062,-0.00021504263586964069,0.0002139926749366776,0.0002298009128044635,1.6956996070179114e-06,0.0,0.0,0.0,0.0,0.0,0.0,0.0,0.0,0.0,0.0,0.0039761558350428451,0.0030292637998259857,1.0723725738181528e-08
10.0,12,3,-9464164.2647779435,34931231.619058177,43318022.399373226,-925657.75246614695,-0.00017095464267301134,0.00012116706224263035,0.00017635214557710336,-6.0908280112272465e-06,0.0,0.0,0.0,0.0,0.0,0.0,0.0,0.0,0.0,0.0,0.0035797136709447529,0.0044730717159230703,9.655787435266052e-09
10.0,12,4,-3362032.1694660969,60587623.45714964,62858108.178779565,-661027.73581730365,-0.0002118544168320986,0.00020893431719103291,0.0002238741066593578,-4.3495625016778577e-06,0.0,0.0,0.0,0.0,0.0,0.0,0.0,0.0,0.0,0.0,0.0039761382374572801,0.0044730736406178593,1.072369041544831e-08
10.0,13,1,-41943333.23775243,-61943210.120548606,-41630710.030125454,-541759.81508120149,-4.606987235069714e-05,-0.00017766906223949596,-4.4012811644511622e-05,-3.5647795832343057e-06,0.0,0.0,0.0,0.0,0.0,0.0,0.0,0.0,0.0,0.0,0.00014518368246875413,0.0055301075282579741,3.9183858697074883e-10
10.0,13,2,-40738696.790957525,-59485464.011652373,-39571948.047159657,-1979960.715000828,-4.7182772901864604e-05,-0.00017053650121403671,-3.9505566167674655e-05,-1.3028141504705448e-05,0.0,0.0,0.0,0.0,0.0,0.0,0.0,0.0,0.0,0.0,0.00054182983432200067,0.0055301033223806688,1.4623324803772158e-09
10.0,13,3,-41701136.230266169,-46427330.172070764,-41432935.370857276,-1041057.0671739904,-6.9686461593504545e-05,-0.00010078481773057878,-6.7921699938594012e-05,-6.8501555020048567e-06,0.0,0.0,0.0,0.0,0.0,0.0,0.0,0.0,0.0,0.0,0.00014518036750853566,0.0069740819666758557,3.9185135564604283e-10
10.0,13,4,-40341772.620604128,-44500535.320987001,-39340769.166263565,-3729150.5054586506,-6.9239602013164761e-05,-9.6604260581684037e-05,-6.2652999283603817e-05,-2.453781032591792e-05,0.0,0.0,0.0,0.0,0.0,0.0,0.0,0.0,0.0,0.0,0.00054181789552321536,0.0069740713319423392,1.462379373574989e-09
10.0,14,1,-39582925.642698936,-56640178.382916965,-36792845.765469417,-2932861.0300595164,-5.0290450059044199e-05,-0.00016252717308967883,-3.1931724466873946e-05,-1.9298225577791618e-05,0.0,0.0,0.0,0.0,0.0,0.0,0.0,0.0,0.0,0.0,0.00083219154470250665,0.0055300972686401911,2.2459385124742593e-09
10.0,14,2,-37207758.033136733,-51230349.097687006,-31684059.183451749,-4047483.7564381473,-5.5034025081484438e-05,-0.00014730267428622522,-1.8688086650557228e-05,-2.6632443117363008e-05,0.0,0.0,0.0,0.0,0.0,0.0,0.0,0.0,0.0,0.0,0.0012288236585288491,0.0055300857477801561,3.316255872151852e-09
10.0,14,3,-39593399.237407036,-42723438.180943109,-36969644.8227259,-5573857.1159457341,-7.2051925041238113e-05,-9.2647581289705534e-05,-5.4787620992636276e-05,-3.6675979822922929e-05,0.0,0.0,0.0,0.0,0.0,0.0,0.0,0.0,0.0,0.0,0.00083217348601114687,0.0069740560316206811,2.2460030363340983e-09
10.0,14,4,-36775474.60056594,-38838408.098800451,-31989516.117476128,-7787636.6958073126,-7.1969252741112722e-05,-8.5543355159495784e-05,-4.0477645922381722e-05,-5.1242649458412114e-05,0.0,0.0,0.0,0.0,0.0,0.0,0.0,0.0,0.0,0.0,0.0012287984002248213,0.006974026363627709,3.316344543327893e-09
10.0,15,1,-35030397.647365585,-45936458.492772087,-26583548.385066982,-4640621.2031854447,-6.0570377369842194e-05,-0.00013233225773261699,-4.9901092239173689e-06,-3.0535287516960223e-05,0.0,0.0,0.0,0.0,0.0,0.0,0.0,0.0,0.0,0.0,0.0015191707781986956,0.0055300752253307356,4.0996725783869876e-09
10.0,15,2,-31384935.950558145,-36697508.953612588,-18007368.100010082,-5185143.2996175447,-7.049097400806688e-05,-0.00010544770436816516,1.7533422448539346e-05,-3.4118242911483443e-05,0.0,0.0,0.0,0.0,0.0,0.0,0.0,0.0,0.0,0.0,0.0019157761916060786,0.0055300595375545767,5.169645322704892e-09
10.0,15,3,-35192928.18628753,-35493850.220185488,-27508933.108397514,-9094528.0380608477,-7.6420243272276513e-05,-7.8400310255325047e-05,-2.5859555659760206e-05,-5.9841994490440375e-05,0.0,0.0,0.0,0.0,0.0,0.0,0.0,0.0,0.0,0.0,0.0015191410446480523,0.0069739986201914402,4.099759097675387e-09
10.0,15,4,-30794166.220594551,-28729027.887290921,-19120037.489109945,-10206751.623136526,-7.8369307808259385e-05,-6.4780697575121486e-05,-1.5535407550906759e-06,-6.7160425680238333e-05,0.0,0.0,0.0,0.0,0.0,0.0,0.0,0.0,0.0,0.0,0.0019157422864355472,0.0069739557767938441,5.169737697337498e-09
10.0,16,1,-28277748.816025846,-28396302.531855591,-10347646.320999142,-5249048.5463615628,-8.0173304892618754e-05,-8.0953388342778476e-05,3.7806769524656958e-05,-3.4538739435059082e-05,0.0,0.0,0.0,0.0,0.0,0.0,0.0,0.0,0.0,0.0,0.0022060985875890895,0.0055300474977248585,5.952746257590094e-09
10.0,16,2,-23463375.570084065,-14643693.963428888,1849390.310446512,-5009775.2426184444,-9.7101878078708164e-05,-3.9068373106917106e-05,6.9456121415183023e-05,-3.2964321096429364e-05,0.0,0.0,0.0,0.0,0.0,0.0,0.0,0.0,0.0,0.0,0.0026026624770181844,0.0055300323071729119,7.02220122750886e-09
10.0,16,3,-28597480.136120752,-23192975.127964102,-12323207.460792806,-10650803.436186034,-8.6871832190367861e-05,-5.1310189236697088e-05,2.0212882013290057e-05,-7.0082286610104096e-05,0.0,0.0,0.0,0.0,0.0,0.0,0.0,0.0,0.0,0.0,0.0022060629093373233,0.0069739213730398838,5.952803489878223e-09
10.0,16,4,-22679260.81990822,-12501672.702183533,-251111.36534545943,-10228072.870609203,-9.3246905272845288e-05,-2.6278375458216859e-05,5.433031813817767e-05,-6.7300719488608553e-05,0.0,0.0,0.0,0.0,0.0,0.0,0.0,0.0,0.0,0.0,0.0026026267990950217,0.0069738749096233165,7.022241756777525e-09
10.0,17,1,-19498197.733403996,-2763504.0710884463,12225730.116504958,-4451995.6575252637,-0.00011244130581877806,-2.3270215207417591e-06,9.6302139433622851e-05,-2.9294131426516237e-05,0.0,0.0,0.0,0.0,0.0,0.0,0.0,0.0,0.0,0.0,0.0028929486665887905,0.0055300226245450432,7.804860103096403e-09
10.0,17,2,-13714304.982837554,16341827.257760834,28214147.265766982,-3496497.2129750415,-0.00013896996466136171,5.8799385481775681e-05,0.00013691925113445611,-2.3006951661375771e-05,0.0,0.0,0.0,0.0,0.0,0.0,0.0,0.0,0.0,0.0,0.0032894543067881173,0.0055300134669892063,8.873623527104991e-09
10.0,17,3,-20025624.827730991,-3924622.6747848168,9080248.6656228565,-9591095.462257063,-0.00010827401320417906,-2.3294190377932341e-06,8.3242634382089259e-05,-6.3109408141651466e-05,0.0,0.0,0.0,0.0,0.0,0.0,0.0,0.0,0.0,0.0,0.0028929145433393508,0.0069738419089013107,7.80482028079244e-09
10.0,17,4,-13098472.921491126,11907610.967707552,25021179.139553808,-7190187.4095154023,-0.00012383985297692856,4.0700179013998706e-05,0.00012698745758474709,-4.7311433154611342e-05,0.0,0.0,0.0,0.0,0.0,0.0,0.0,0.0,0.0,0.0,0.0032894244291155729,0.0069738041182985516,8.873531648047913e-09
10.0,18,1,-8998694.5280940458,32487085.30946387,41449838.288181491,-2297187.9490081859,-0.00016181381192474989,0.00011116261940638118,0.00017013753400634311,-1.5115496704473864e-05,0.0,0.0,0.0,0.0,0.0,0.0,0.0,0.0,0.0,0.0,0.0035796912733014243,0.0055300100378712184,9.655717866304114e-09
10.0,18,2,-2460469.634199962,57918032.945011608,61381054.07944826,-303095.55284668371,-0.00020079490566964639,0.00019649564130156573,0.00021928232036615887,-1.9943687377311786e-06,0.0,0.0,0.0,0.0,0.0,0.0,0.0,0.0,0.0,0.0,0.0039761198278070193,0.0055300113837950873,1.0723625154242318e-08
10.0,18,3,-9849369.9455930889,24956708.731677346,37369840.925159484,-5516327.3846451035,-0.00014772279818576765,8.1301199510671818e-05,0.00016297960934378431,-3.629743419096478e-05,0.0,0.0,0.0,0.0,0.0,0.0,0.0,0.0,0.0,0.0,0.0035796659364785025,0.006973782526457719,9.655498795636734e-09
10.0,18,4,-2917747.864500694,47732663.712980092,57390445.652679786,-1667559.8412059257,-0.00018068325212024607,0.00015259645605957746,0.00021614466122280148,-1.097254375513499e-05,0.0,0.0,0.0,0.0,0.0,0.0,0.0,0.0,0.0,0.0,0.003976100968330505,0.0069737677935229579,1.0723284772419316e-08
10.0,19,1,-38467645.974309087,-26915030.759418473,-38182652.510963365,-1551241.3541542119,-8.9483890304342141e-05,-1.3467682190361873e-05,-8.7608633315527278e-05,-1.0207168110334714e-05,0.0,0.0,0.0,0.0,0.0,0.0,0.0,0.0,0.0,0.0,0.00014517763950522153,0.0080312422913865669,3.918711531495314e-10
10.0,19,2,-37625426.837858863,-25742664.694306135,-36561700.25594566,-5260727.573499064,-8.9686237567896489e-05,-1.1497662663319517e-05,-8.2686916658907607e-05,-3.4615587433623839e-05,0.0,0.0,0.0,0.0,0.0,0.0,0.0,0.0,0.0,0.0,0.00054180755103891529,0.0080312240147605036,1.4624487661654795e-09
10.0,19,3,4350206.4442082886,-4851835.7136274204,4725386.9748123894,-832195.91875566903,2.1950821228369187e-05,-3.8598616170189767e-05,2.4419509119744174e-05,-5.4758491454123018e-06,0.0,0.0,0.0,0.0,0.0,0.0,0.0,0.0,0.0,0.0,0.00014519410375180453,0.0094753832491654404,3.9195049587961e-10
10.0,19,4,3975189.5236126143,-4454605.0305888634,5375036.793543011,-2816414.8759803623,1.8421665432595516e-05,-3.7046382734050206e-05,2.7632660468737531e-05,-1.8532009883950783e-05,0.0,0.0,0.0,0.0,0.0,0.0,0.0,0.0,0.0,0.0,0.00054186811712341029,0.0094753530670822293,1.4627372728632628e-09
10.0,20,1,-36367697.536646672,-24493564.560852125,-34116964.187711924,-8107549.9967531096,-8.9233852260502166e-05,-1.110205727977404e-05,-7.4424026824511516e-05,-5.3347678978635457e-05,0.0,0.0,0.0,0.0,0.0,0.0,0.0,0.0,0.0,0.0,0.0008321579769194115,0.0080311975657582739,2.2461102301506567e-09
10.0,20,2,-34850126.455399781,-22859812.208035327,-30162242.275187258,-11263842.022959169,-9.0475786193507232e-05,-1.157951844584912e-05,-5.9629508287708805e-05,-7.4116080511071327e-05,0.0,0.0,0.0,0.0,0.0,0.0,0.0,0.0,0.0,0.0,0.0012287762332277956,0.0080311455502902768,3.3164760118816365e-09
10.0,20,3,3302911.6716033225,-4201887.1588916332,6541540.1436353922,-4181353.818832655,1.2817906642121474e-05,-3.656366966253534e-05,3.4128081988092492e-05,-2.751330812791887e-05,0.0,0.0,0.0,0.0,0.0,0.0,0.0,0.0,0.0,0.0,0.00083224962500651851,0.0094753095552260504,2.2465367325212756e-09
10.0,20,4,2048046.9327037567,-3959965.5195612134,8449287.550309699,-5935314.4339382099,3.1471058549361749e-06,-3.638561608096732e-05,4.5267269118783274e-05,-3.905436897531342e-05,0.0,0.0,0.0,0.0,0.0,0.0,0.0,0.0,0.0,0.0,0.0012289073514872568,0.0094752234248996325,3.317070129821122e-09
10.0,21,1,-32518642.88240432,-20742507.094139904,-25719415.462123469,-13466942.579244489,-8.9183376773125479e-05,-1.1696403286345609e-05,-4.4444460347677455e-05,-8.8612482171428731e-05,0.0,0.0,0.0,0.0,0.0,0.0,0.0,0.0,0.0,0.0,0.0015191146785322272,0.0080310965400728872,4.099919164910456e-09
10.0,21,2,-30117294.273375444,-17760175.084160313,-18981701.949038677,-15537752.838414406,-9.2534305654422811e-05,-1.1224461389387249e-05,-1.9262108160286886e-05,-0.00010223841367676678,0.0,0.0,0.0,0.0,0.0,0.0,0.0,0.0,0.0,0.0,0.001915711110487298,0.0080310187481108346,5.169872046576887e-09
10.0,21,3,640412.7415123703,-3804556.1497936212,10400427.520319168,-7091671.6054837517,-7.2194130578685096e-06,-3.6467308362661938e-05,5.7001484186680216e-05,-4.6663199164083084e-05,0.0,0.0,0.0,0.0,0.0,0.0,0.0,0.0,0.0,0.0,0.001519271924313643,0.0094751414700424939,4.100594967165302e-09
10.0,21,4,-1100767.2293813229,-3259403.3937997166,13922529.557415139,-8392978.3421010133,-2.2351575485418983e-05,-3.6555401447292013e-05,7.6501717371701733e-05,-5.5225797491024662e-05,0.0,0.0,0.0,0.0,0.0,0.0,0.0,0.0,0.0,0.0,0.0019158994246525681,0.0094750082423769762,5.170638326344877e-09
10.0,22,1,-26420325.541323468,-14107820.652208645,-12116057.343202628,-16585817.493189482,-9.0667900473867527e-05,-9.6516183034919932e-06,3.4541842697676028e-06,-0.00010913467910518679,0.0,0.0,0.0,0.0,0.0,0.0,0.0,0.0,0.0,0.0,0.0022060295421409979,0.0080309550717582081,5.952958287891046e-09
10.0,22,2,-23034121.252155766,-8971831.8466388956,-2271974.8257188201,-16821734.457895972,-9.7405391718453633e-05,-4.8755274301526336e-06,3.9209531767501469e-05,-0.0001106870127329555,0.0,0.0,0.0,0.0,0.0,0.0,0.0,0.0,0.0,0.0,0.0026025925716179842,0.0080308650637713076,7.022298161701869e-09
10.0,22,3,-2872610.3879028056,-2948784.7932768799,17020552.90805199,-9137177.2041418217,-3.6596445560858696e-05,-3.7097673148220108e-05,9.4300568926523841e-05,-6.012262600325318e-05,0.0,0.0,0.0,0.0,0.0,0.0,0.0,0.0,0.0,0.0,0.0022062366706909696,0.0094748962031748971,5.953711952972237e-09
10.0,22,4,-4382678.8217816241,-1750280.2464185804,22604813.935720697,-9537729.8141833097,-5.4863557338005465e-05,-3.7542374712116622e-05,0.00012271414500635979,-6.2758262177326179e-05,0.0,0.0,0.0,0.0,0.0,0.0,0.0,0.0,0.0,0.0,0.0026028202254434218,0.0094747308766570254,7.023037438703923e-09
10.0,23,1,-17957338.773869671,-2930249.1345792338,7335809.9959779978,-16011838.155097052,-9.67474800303584e-05,2.1307697961726784e-06,6.968143887523925e-05,-0.0001053578950605386,0.0,0.0,0.0,0.0,0.0,0.0,0.0,0.0,0.0,0.0,0.0028928819217082704,0.0080307988583704359,7.804892707939951e-09
10.0,23,2,-13466544.684025541,5982614.906741729,20857659.945929732,-13593533.124516997,-0.00010974035768734863,1.8235112419900023e-05,0.0001161129087777571,-8.9445447959321839e-05,0.0,0.0,0.0,0.0,0.0,0.0,0.0,0.0,0.0,0.0,0.0032893979001500503,0.008030716205423373,8.873435713709292e-09
10.0,23,3,-5835892.4386879466,-1084118.7116804384,27255079.519004893,-9467776.0426853057,-7.0529580269012353e-05,-3.926290914530297e-05,0.00014720901521260649,-6.2297966360869313e-05,0.0,0.0,0.0,0.0,0.0,0.0,0.0,0.0,0.0,0.0,0.0028931206101991546,0.009474602428951092,7.80549593661292e-09
10.0,23,4,-5953111.4510765411,987915.07367168739,35525693.876594879,-8113043.0441306327,-8.7457059396803881e-05,-4.178510486396054e-05,0.00018547347965927407,-5.3383823230379563e-05,0.0,0.0,0.0,0.0,0.0,0.0,0.0,0.0,0.0,0.0,0.0032896485211180502,0.0094744275560033984,8.873898074531415e-09
10.0,24,1,-7722545.2698484063,15400048.816428129,33296898.989146151,-9926530.2523989026,-0.00011555390388204938,3.6592765205650198e-05,0.00015435403934213479,-6.5316569060784778e-05,0.0,0.0,0.0,0.0,0.0,0.0,0.0,0.0,0.0,0.0,0.0035796468570916001,0.0080306639287115109,9.655389899143456e-09
10.0,24,2,-2426959.4042483717,30214511.229757201,51025554.155130088,-3204022.6292122127,-0.00014049410032936375,7.4286776442392883e-05,0.00021122343889134646,-2.108246890021636e-05,0.0,0.0,0.0,0.0,0.0,0.0,0.0,0.0,0.0,0.0,0.0039760976976373008,0.0080306139473191752,1.0722955080999875e-08
10.0,24,3,-5819483.8677861691,2446854.3825357705,42423529.752498493,-6537152.3999785306,-9.9992626272284955e-05,-4.5600120585166605e-05,0.00021744640334918805,-4.3014462791858728e-05,0.0,0.0,0.0,0.0,0.0,0.0,0.0,0.0,0.0,0.0,0.0035799046589491631,0.0094743021778347022,9.655614218399604e-09
10.0,24,4,-2513647.9473313466,6483285.9766088203,54589664.184294447,-2116848.9384032525,-0.00010906350099088393,-4.9863675771357601e-05,0.00026667629283521385,-1.3928866014693401e-05,0.0,0.0,0.0,0.0,0.0,0.0,0.0,0.0,0.0,0.0,0.0039763690996958622,0.0094741499581871575,1.0722967333529744e-08
10.0,25,1,-466341.92436156119,-303630.04307489214,4136017.4620808931,36155.259652318011,-2.1547442000844825e-05,-1.8727102725209231e-05,5.8226787364157734e-05,6.2669116730684563e-07,0.0,0.0,0.0,0.0,-4.3185463822057123e-06,-3.9373856172706783e-06,8.2559319994763922e-06,6.0508137135445262e-08,0.0,8.261209146996911e-06,0.0041816112447190228,0.00042348497687195303,3.757909225350487e-09
10.0,25,2,-296750.88220165693,-94535.472221029922,4085250.7774043106,67243.390809206365,-1.9919539650088546e-05,-1.6414472543757683e-05,5.6035155783081559e-05,1.1655521073595771e-06,0.0,0.0,0.0,0.0,-3.7313379619220887e-06,-3.2559482021816379e-06,6.987286164103727e-06,1.79754434214876e-07,0.0,6.996046774600825e-06,0.0043464406655998921,0.00042348641060237463,3.9060576422100205e-09
10.0,25,3,-648244.4105589448,-72210.480634689564,3911048.8069235869,-64784.787735983329,-2.3998612112608189e-05,-1.4014023993921093e-05,5.5029136990422361e-05,-1.1229363207570441e-06,0.0,0.0,0.0,0.0,-4.1712090775114416e-06,-2.7769729350561752e-06,6.9481820125676173e-06,-1.2431250789128753e-07,0.0,6.997556097504845e-06,0.0041815924049286475,0.0015804720911786144,3.757905708919565e-09
10.0,25,4,-443285.89009965397,2354.0180267435499,3824560.2878936762,-136505.52705642959,-2.1218135758343737e-05,-1.3493710684152845e-05,5.2757864660207329e-05,-2.3660958023114459e-06,0.0,0.0,0.0,0.0,-3.4252254140694257e-06,-2.442295791083024e-06,5.8675212051524506e-06,-3.1582644830313924e-07,0.0,5.906656182085318e-06,0.0043464215540985427,0.0015804757515799621,3.906051177200284e-09
10.0,26,1,-204598.06715543894,57270.203389113769,4042378.2612432432,96109.30388996315,-1.9126568087268619e-05,-1.4587518064496377e-05,5.4487688271641891e-05,1.6658946007593616e-06,0.0,0.0,0.0,0.0,-3.4054646885919529e-06,-2.8043900023480362e-06,6.2098546909399916e-06,2.456300974343435e-07,0.0,6.226901875059118e-06,0.0044671043831047454,0.00042348754522332944,4.014509304608022e-09
10.0,26,2,-41208.417356260587,305969.78560250602,4020682.5551965456,20864.82316421764,-1.7856054927946346e-05,-1.1838299409994394e-05,5.2550055262968968e-05,3.6165693484643909e-07,0.0,0.0,0.0,0.0,-2.9765058026669917e-06,-2.2393323491352562e-06,5.215838151802247e-06,4.0861779909839088e-08,0.0,5.23384757748426e-06,0.0046319343110225557,0.00042348924663944686,4.162659975187282e-09
10.0,26,3,-211116.53499917686,60324.952109372942,3801648.2492958596,-169085.02105757149,-1.8262779938943293e-05,-1.3557794162395099e-05,5.1291809655504026e-05,-2.9308070316645729e-06,0.0,0.0,0.0,0.0,-2.8443152910407805e-06,-2.2894056727071449e-06,5.1337209637479263e-06,-3.6494570469094889e-07,0.0,5.162313756341522e-06,0.0044670852996204404,0.0015804782556974924,4.014504076248734e-09
10.0,26,4,-95025.706568669062,3086.1167915151455,3666906.3641020674,-68071.840446988921,-1.5946979344489917e-05,-1.4246374406246731e-05,4.9259843213802856e-05,-1.1799119010811415e-06,0.0,0.0,0.0,0.0,-2.3271856371273322e-06,-2.129740754213672e-06,4.4569263913410038e-06,-1.2288606182593242e-07,0.0,4.4608273998398074e-06,0.004631915555785019,0.0015804815684304406,4.162644202018305e-09
10.0,27,1,-121525.543440443,344926.70529473037,4001632.8069020282,-7933.2625721132354,-1.9006578627992946e-05,-1.0921406316583273e-05,5.2461499444609908e-05,-1.3750988458329608e-07,0.0,0.0,0.0,0.0,-2.9899797848894063e-06,-2.0816752182008133e-06,5.0716550030902188e-06,-4.4684120547928346e-08,0.0,5.101111611176179e-06,0.0041815738212851892,0.0024274501912060404,3.757926441393711e-09
10.0,27,2,-41686.674459930044,63166.584849616513,3762225.0233341157,59999.227221406058,-1.5857388758867333e-05,-1.4039932264168528e-05,5.0077080669562815e-05,1.0399866051710384e-06,0.0,0.0,0.0,0.0,-2.3406172894831019e-06,-2.1713380302087995e-06,4.5119553196919018e-06,1.1188374884386336e-07,0.0,4.515155398745359e-06,0.0043464040104558453,0.002427452286389411,3.9060595117123715e-09
10.0,27,3,-771622.67893691477,-210811.90234772768,3453914.9824321265,152817.18995475431,-2.3260714706163132e-05,-1.3539994578617218e-05,4.9981938090900263e-05,2.6488312925490747e-06,0.0,0.0,0.0,0.0,-3.2450029469014829e-06,-2.0694207499184431e-06,5.3144236968199278e-06,3.4619259706900132e-07,0.0,5.376576998226093e-06,0.0041815644679820182,0.003584443578243281,3.757891296356355e-09
10.0,27,4,-526035.92148941313,-22094.589183924487,3428408.5742265773,17588.07373435999,-2.063906822669612e-05,-1.190408513340098e-05,4.7904636365714377e-05,3.0485994472890637e-07,0.0,0.0,0.0,0.0,-2.635621272985391e-06,-1.7150508307041481e-06,4.3506721036895406e-06,2.7081715914969661e-08,0.0,4.38390856913836e-06,0.0043463938671450281,0.0035844449688762327,3.906040691282425e-09
10.0,28,1,-110080.25602215505,-139619.04997724993,3552833.7532561766,92763.790466888386,-1.5120595560077785e-05,-1.5632601321966093e-05,4.8369913934079997e-05,1.6079057014260653e-06,0.0,0.0,0.0,0.0,-2.1005521927599906e-06,-2.1672654566767455e-06,4.267817649436737e-06,1.7455914145985467e-07,0.0,4.2733713145579384e-06,0.0044670683792310938,0.002427453807451416,4.014496631283544e-09
10.0,28,2,21099.569739836268,-237759.01339993626,3418022.4028955246,33196.116642405577,-1.2439725961451197e-05,-1.6926608069207257e-05,4.644026981324739e-05,5.7539935513502999e-07,0.0,0.0,0.0,0.0,-1.6682539858543124e-06,-2.0985179260655772e-06,3.7667719119198904e-06,5.048223298895657e-08,0.0,3.7755755286106392e-06,0.0046318992990503826,0.002427455995438573,4.1626359077345105e-09
10.0,28,3,-246914.46557400515,110561.65388732078,3451681.7371767084,-3242.9881724453953,-1.7541166438576192e-05,-1.1344913701246542e-05,4.6567834409102864e-05,-5.62117949890535e-08,0.0,0.0,0.0,0.0,-2.1337070940961574e-06,-1.5633029107128444e-06,3.6970100048090018e-06,-1.5453204275883156e-08,0.0,3.712247299189307e-06,0.0044670577793944257,0.0035844459822012504,4.014496892375239e-09
10.0,28,4,-104690.23194687883,102649.33265564474,3348035.9022212485,38129.29428212277,-1.5198610698799298e-05,-1.1604724912355555e-05,4.4648642293448269e-05,6.6090776755679478e-07,0.0,0.0,0.0,0.0,-1.7312793328955381e-06,-1.4448060392488855e-06,3.1760853721444232e-06,5.5589023633949507e-08,0.0,3.181114327865945e-06,0.0046318882644247016,0.0035844473796306899,4.162639118671981e-09
10.0,29,1,-135929.38894602563,84469.203021276742,3625732.8885315834,-212677.38638709183,-1.6653200218825119e-05,-1.2832957958058548e-05,4.8548945924120117e-05,-3.6864080307095914e-06,0.0,0.0,0.0,0.0,-2.232369786677539e-06,-1.89692368828233e-06,4.129293474959869e-06,-3.8951067791363649e-07,0.0,4.1635112148867455e-06,0.0041815535201487949,0.0044314204146704934,3.7579133986805065e-09
10.0,29,2,-34371.509286968736,-700.80315676564351,3474003.2046074788,-38992.372793428767,-1.4351496396295776e-05,-1.3767870823372246e-05,4.646033197787466e-05,-6.7586779508609838e-07,0.0,0.0,0.0,0.0,-1.788271134146265e-06,-1.767647522770565e-06,3.5559186569168298e-06,-5.0751229894171779e-08,0.0,3.558081846605624e-06,0.0043463841353286806,0.0044314226317075291,3.9060523292767075e-09
10.0,29,3,-520844.06189854885,-3601.5283411892597,3265902.7919350043,238505.95855144077,-1.9993792546355915e-05,-1.1028255298028355e-05,4.5643152920092364e-05,4.1341032815583068e-06,0.0,0.0,0.0,0.0,-2.3117205759915262e-06,-1.461457106912484e-06,3.7731776829040089e-06,4.1221533007547918e-07,0.0,3.839284108160253e-06,0.0041815398803248301,0.0055884146074924642,3.757896707258748e-09
10.0,29,4,-450278.33822435036,-23730.019416420255,3123405.7688578651,49508.513169121288,-1.8402414174090455e-05,-1.1008909981419666e-05,4.3541443682001297e-05,8.5814756159810271e-07,0.0,0.0,0.0,0.0,-1.9147928991054561e-06,-1.2777534947911903e-06,3.1925463938966475e-06,6.4488172359838896e-08,0.0,3.2161825454550463e-06,0.0043463698693868708,0.0055884164759100151,3.906035881529529e-09
10.0,30,1,-127492.91900710843,-83134.032867326285,3304707.9448218234,-18540.58894134406,-1.4586201234579436e-05,-1.3817313874823215e-05,4.4905280405122059e-05,-3.2137020831663043e-07,0.0,0.0,0.0,0.0,-1.6904424490187564e-06,-1.6329194457357351e-06,3.3233618947544919e-06,-1.1483105431509015e-08,0.0,3.3248515049168496e-06,0.0044670486835711905,0.0044314241791584743,4.014492155315965e-09
10.0,30,2,24305.383194076596,2804.0850901685189,3244907.8771597873,-54761.660427684707,-1.2666776073078806e-05,-1.3039465240213215e-05,4.315700048899353e-05,-9.4920211407986843e-07,0.0,0.0,0.0,0.0,-1.3963539944925309e-06,-1.4191031675493282e-06,2.8154571620418589e-06,-6.9870673250472866e-08,0.0,2.816716014803894e-06,0.0046318796849249052,0.004431426150022743,4.162637476313389e-09
10.0,30,3,-114764.65866671759,71430.346004283056,3160966.4892382836,26384.409190509163,-1.4459782789859833e-05,-1.1232402708895824e-05,4.2319557107160188e-05,4.5732975930215889e-07,0.0,0.0,0.0,0.0,-1.454354636208588e-06,-1.2104135691668901e-06,2.6647682053754792e-06,2.3302483256193646e-08,0.0,2.6702746871395583e-06,0.0044670341910727721,0.0055884179823585131,4.014492659561552e-09
10.0,30,4,-134484.35506435507,-45165.570549708325,2979611.1665409356,44072.49904228824,-1.3530907118156317e-05,-1.1982714853235764e-05,4.0446748589668734e-05,7.6392331673299625e-07,0.0,0.0,0.0,0.0,-1.2536378829088896e-06,-1.1368217506739273e-06,2.3904596335828178e-06,4.8923389115477162e-08,0.0,2.392654872523458e-06,0.0046318651628495374,0.0055884201354272182,4.162626996334977e-09
10.0,31,1,-365788.31370140985,-108288.43027709704,3026227.0415085107,-264069.39670075389,-1.6548931960944454e-05,-1.2085600648256361e-05,4.2246000862694161e-05,-4.5772028761464002e-06,0.0,0.0,0.0,0.0,-1.6113869692217865e-06,-1.2819183306127444e-06,2.8933052998345313e-06,-3.8059086158957294e-07,0.0,2.951476645986727e-06,0.0041815219958148096,0.0064353921448627545,3.757892913149771e-09
10.0,31,2,-89938.04935787362,31312.507023086539,3020212.3558086054,-73794.083944029437,-1.3405273442765085e-05,-1.1303597132161773e-05,4.0504000246787227e-05,-1.2790974550298437e-06,0.0,0.0,0.0,0.0,-1.2131682992297265e-06,-1.088644455026076e-06,2.3018127542558031e-06,-8.4706838351979936e-08,0.0,2.310747220396478e-06,0.004346352796109924,0.006435395822195801,3.906042385124291e-09
10.0,31,3,-495829.16577911447,1538297.9024749887,3420912.17689435,91500.240263798361,-2.644789586119888e-05,8.8103066552055811e-06,4.1442287411807828e-05,1.5860041645725049e-06,0.0,0.0,0.0,0.0,-3.1408107511407309e-06,3.5403333681344087e-07,2.7867774143272899e-06,2.2891223590868351e-07,0.0,3.5724555105673205e-06,0.0041815181896223711,0.0075923996524911597,3.757931218411608e-09
10.0,31,4,-473026.9113649081,345765.66508711118,2901331.1192057086,-409512.30869042134,-1.9295412622036722e-05,-5.1030079635350558e-06,3.9193459907853977e-05,-7.098213350633969e-06,0.0,0.0,0.0,0.0,-1.7485818113870471e-06,-6.4951183289960481e-07,2.3980936442866522e-06,-5.5717554153528294e-07,0.0,2.599888407491822e-06,0.0043463475185131764,0.0075923952645337526,3.906038478730979e-09
10.0,32,1,-200984.68368390854,-31711.606797258137,2862177.22007827,-66628.10266625142,-1.400165823557616e-05,-1.1067591569540887e-05,3.90931480963016e-05,-1.1548871128816912e-06,0.0,0.0,0.0,0.0,-1.1661577974827047e-06,-9.8952469970987156e-07,2.1556824971925766e-06,-7.1573778819165687e-08,0.0,2.1617130838945605e-06,0.0044670175045213086,0.0064353982245475387,4.014482207950634e-09
10.0,32,2,31120.434395844815,97006.901374968584,2853116.4444227275,-40007.230148350958,-1.1385554257912861e-05,-1.0243522163608045e-05,3.752904324921979e-05,-6.9345865590475005e-07,0.0,0.0,0.0,0.0,-9.0889034315815832e-07,-8.5429346237191059e-07,1.7631838055300693e-06,-3.8034492138779817e-08,0.0,1.7661584039924415e-06,0.0046318487430038642,0.0064354014279263136,4.162631020932045e-09
10.0,32,3,-227147.38324448711,-401431.80547508202,2645331.6875738949,-349871.3374416132,-1.2004231304988417e-05,-1.5025161290318726e-05,3.7785405922530213e-05,-6.0644365156546297e-06,0.0,0.0,0.0,0.0,-1.0071132109681795e-06,-1.2151083125775809e-06,2.2222215235457602e-06,-4.2428873130030918e-07,0.0,2.2910373521723718e-06,0.0044670119600485614,0.0075923917937093157,4.014469089106036e-09
10.0,32,4,-10950.67148471938,-1327960.5113714025,2281792.9430055693,-150164.10717779078,-3.9613386796662608e-06,-2.67895092377021e-05,3.5779550638165419e-05,-2.6028445244150398e-06,0.0,0.0,0.0,0.0,-3.2870262820202416e-07,-2.1677416536695302e-06,2.4964442818715549e-06,-2.0715413797120358e-07,0.0,2.7501457714595584e-06,0.0046318440359727191,0.0075923881953937978,4.162585768116856e-09
10.0,33,1,15824.406291132793,2525099.8637066185,4656779.5108842039,-185155.67020569113,-2.8516525414481518e-05,1.4977582514053567e-05,5.1926696398465048e-05,-3.2093649502319793e-06,0.0,0.0,0.0,0.0,-5.4915954417759135e-06,7.3393656295572796e-07,4.7576588788201857e-06,-6.0445688512722761e-07,0.0,6.162344835529261e-06,0.004181570271970303,0.0084394036929476574,3.7579860209299295e-09
10.0,33,2,190955.10025195102,814610.8914679673,4033273.1442277813,60325.173398561732,-1.6845468139423648e-05,-6.0354344250126959e-06,4.9754711289490745e-05,1.0456363389084031e-06,0.0,0.0,0.0,0.0,-2.4010310208855906e-06,-1.3687319087032735e-06,3.7697629295888636e-06,9.0480510029655971e-08,0.0,3.819347939332458e-06,0.0043463993834427575,0.0084393821224669555,3.906085659153968e-09
10.0,33,3,-792045.31360074086,1372992.193000824,4991807.4979048241,218665.4564882555,-3.6019802944965801e-05,1.5075138361279936e-06,6.4233645787797308e-05,3.790201245796426e-06,-2.9616747592080244e-05,-5.3691143548043842e-06,3.498586194688464e-05,2.4555305054437161e-06,-1.8111854258353048e-05,-2.3496394131373295e-06,2.0461493671490381e-05,1.7130670192390482e-06,3.7790684146525445e-05,2.2505320431613025e-05,0.0041818337051706478,0.0095964190943517488,3.757953452873585e-09
10.0,33,4,-553463.6451742074,261004.07552561373,4812765.7966953712,397721.21152402385,-2.7674594757873376e-05,-1.3557154265743135e-05,6.5340048901199328e-05,6.8938343330830786e-06,-1.7131185967056871e-05,-1.0358747055809581e-05,2.7489933022866464e-05,3.3071201476705799e-06,-1.2208942825606228e-05,-7.4324760047505586e-06,1.9641418830356794e-05,2.6220770858614927e-06,2.8027982186237518e-05,2.006747688426186e-05,0.0043466555978793949,0.0095963696147902938,3.906074856855075e-09
10.0,34,1,81237.553213000996,-547850.6626212988,3413623.3182950779,-8443.1459694130317,-1.0379923246521777e-05,-2.1284118987649647e-05,4.7381430014900924e-05,-1.46347863469826e-07,0.0,0.0,0.0,0.0,-1.5068787041505774e-06,-2.7759945221473435e-06,4.2828732262979203e-06,-4.1030468609716657e-08,0.0,4.360368123278403e-06,0.0044670640308622413,0.0084393660447287903,4.014489006439852e-09
10.0,34,2,-55655.711325684169,-2517342.6280926899,2444160.1389030982,13010.265692141918,-4.4934619425075738e-07,-4.3118586084878867e-05,4.2880795209714818e-05,2.2551127199712665e-07,0.0,0.0,0.0,0.0,7.2188767731539653e-07,-7.4598146742282252e-06,6.7379269969128275e-06,-2.2995156642751244e-08,0.0,8.357191488186591e-06,0.0046318965740144175,0.0084393438699888919,4.162561975511521e-09
10.0,34,3,-318272.66281384998,-367057.8153878937,4655267.5710226661,411634.5700400761,-2.1396474526723758e-05,-2.224208383800718e-05,6.4811556193109201e-05,7.134999214027987e-06,-1.1877892883351148e-05,-1.2230883929815869e-05,2.4108776813167021e-05,2.9784331906919523e-06,-9.1805096897278134e-06,-1.0015130906754808e-05,1.9195640596482623e-05,2.6178829658317943e-06,2.43537007320985e-05,1.9444938007074736e-05,0.0044673162112063604,0.009596336301745053,4.0145109079867244e-09
10.0,34,4,-53839.098222893663,-1131931.6092879414,4356427.5787662352,154727.61053110656,-1.3615838520885088e-05,-3.2302775379345918e-05,6.2828783880259818e-05,2.6819452492058462e-06,-7.2229654917536598e-06,-1.423372598918527e-05,2.1456691480938927e-05,1.0061828726570341e-06,-5.9111998132512379e-06,-1.283898900258052e-05,1.875018881583176e-05,9.9476746676577678e-07,2.186602544717758e-05,1.921562709629257e-05,0.0046321440023733267,0.0095962901735435844,4.162635226037825e-09
11.0,1,1,-42064662.727841355,-82588561.670064107,-41658278.285117775,-3357.7507500080565,-1.4013306510019396e-05,-0.00028066056154984505,-1.1339296876898274e-05,-2.209399993505301e-08,0.0,0.0,0.0,0.0,0.0,0.0,0.0,0.0,0.0,0.0,0.00014519964713665193,0.00052849685469212593,3.91914448575696e-10
11.0,1,2,-40929421.572551094,-79220850.077359557,-39412757.581772894,-40295.912746030932,-1.7206007761326166e-05,-0.00026916360732296595,-7.2263587020056187e-06,-2.6514710586888353e-07,0.0,0.0,0.0,0.0,0.0,0.0,0.0,0.0,0.0,0.0,0.00054188850154860487,0.00052849692282351275,1.462612693032752e-09
11.0,1,3,-42543393.888331763,-81983972.360555887,-42137322.293727033,-58992.357566156483,-1.6605323887891775e-05,-0.00027612433023512656,-1.3933372795392658e-05,-3.8816971278530963e-07,0.0,0.0,0.0,0.0,0.0,0.0,0.0,0.0,0.0,0.0,0.00014519903609747455,0.0019723799950291943,3.919122960040954e-10
11.0,1,4,-41385791.192912981,-78637500.12654154,-39870294.954819962,-181923.80671839166,-1.9686639736013751e-05,-0.00026480288451928964,-9.7146744893616344e-06,-1.197058648207017e-06,0.0,0.0,0.0,0.0,0.0,0.0,0.0,0.0,0.0,0.0,0.00054188622418356233,0.0019723799774617593,1.4626042812213236e-09
11.0,2,1,-39945532.934216805,-75099632.874532387,-36272651.299136907,-40571.137313732826,-2.3759455676686536e-05,-0.00025507343328396305,4.0810548213918079e-07,-2.6695808352436198e-07,0.0,0.0,0.0,0.0,0.0,0.0,0.0,0.0,0.0,0.0,0.00083228040588867588,0.00052849702929395263,2.2463644437859693e-09
11.0,2,2,-37783932.59733209,-67189278.625597239,-30514484.087528326,-66820.405964869526,-3.4547717899922065e-05,-0.00022803489476590669,1.3285253294586688e-05,-4.396782712488415e-07,0.0,0.0,0.0,0.0,0.0,0.0,0.0,0.0,0.0,0.0,0.001228950781282711,0.00052849727340808085,3.3168732296314903e-09
11.0,2,3,-40368579.129546709,-74553057.691018611,-36702354.586062908,-288950.64786111546,-2.6059344249944776e-05,-0.00025099321318442977,-1.935586753821358e-06,-1.9012952629261396e-06,0.0,0.0,0.0,0.0,0.0,0.0,0.0,0.0,0.0,0.0,0.00083227691710338679,0.0019723799662184011,2.2463507234230927e-09
11.0,2,4,-38168619.179432206,-66736478.186604366,-30905354.931816384,-391758.23338602384,-3.6568999570056235e-05,-0.00022454551183724906,1.1223279179255859e-05,-2.5777691756800368e-06,0.0,0.0,0.0,0.0,0.0,0.0,0.0,0.0,0.0,0.0,0.0012289456497003809,0.0019723800327957034,3.316850228134989e-09
11.0,3,1,-35877778.733133413,-59547268.181698717,-24791257.124736164,-59862.097715312448,-4.6134023681499967e-05,-0.00020187926425305967,2.6815288501753967e-05,-3.9389260296675587e-07,0.0,0.0,0.0,0.0,0.0,0.0,0.0,0.0,0.0,0.0,0.0015193234421464318,0.00052849754011263751,4.1004218140180106e-09
11.0,3,2,-32522162.749927215,-46551355.771027856,-15189058.043971023,-92826.886716811845,-6.5060959921937867e-05,-0.00015737305000078003,4.8990869043253887e-05,-6.1080091459662192e-07,0.0,0.0,0.0,0.0,0.0,0.0,0.0,0.0,0.0,0.0,0.0019159591107498126,0.00052849807022803798,5.170560520908701e-09
11.0,3,3,-36193747.975037664,-59161911.650845483,-25119140.903480344,-449673.44859180436,-4.7804676839353517e-05,-0.00019893519382616897,2.5066237691493668e-05,-2.9588512917340724e-06,0.0,0.0,0.0,0.0,0.0,0.0,0.0,0.0,0.0,0.0,0.0015193171225628219,0.0019723801976542334,4.1003902125019886e-09
11.0,3,4,-32778174.642754514,-46299835.161552265,-15431455.270948157,-486300.39294522873,-6.6355434330421926e-05,-0.00015532796054411107,4.7785979136063926e-05,-3.1998565855796048e-06,0.0,0.0,0.0,0.0,0.0,0.0,0.0,0.0,0.0,0.0,0.0019159511388907968,0.0019723807515824344,5.170512321522708e-09
11.0,4,1,-29679636.978746418,-35114957.666794777,-6663301.136680875,-64350.934985682368,-8.238853598424055e-05,-0.00011815294611159875,6.9058953856550699e-05,-4.2342915220578996e-07,0.0,0.0,0.0,0.0,0.0,0.0,0.0,0.0,0.0,0.0,0.0022063000594795255,0.0005284986078482256,5.9537704754872705e-09
11.0,4,2,-25078605.556312434,-16839475.306191944,6851120.1985056847,-62383.171582284878,-0.0001096114267114179,-5.5397949665625047e-05,0.00010048616875528535,-4.1048126901143447e-07,0.0,0.0,0.0,0.0,0.0,0.0,0.0,0.0,0.0,0.0,0.0026028836354977714,0.0005284996046195507,7.023353045568423e-09
11.0,4,3,-29863879.174799547,-34943698.011301622,-6795206.5746370144,-481707.76981721097,-8.3371926628214696e-05,-0.00011679713457239834,6.8419939080854782e-05,-3.1696371253972479e-06,0.0,0.0,0.0,0.0,0.0,0.0,0.0,0.0,0.0,0.0,0.0022062908269185879,0.0019723814966467489,5.953705559015058e-09
11.0,4,4,-25159505.930321708,-16771682.746236175,6911331.6919038482,-505756.73071288958,-0.00011021817498576346,-5.5026298434480658e-05,0.00010080793656848069,-3.3278792880908131e-06,0.0,0.0,0.0,0.0,0.0,0.0,0.0,0.0,0.0,0.0,0.002602872470151534,0.001972383195033569,7.0232564928308266e-09
11.0,5,1,-21264088.983342879,-1466780.520388538,18256154.431424882,-77076.556449944852,-0.00013284765569615179,-2.5813660099122517e-06,0.00012719554597302003,-5.0716374144063709e-07,0.0,0.0,0.0,0.0,0.0,0.0,0.0,0.0,0.0,0.0,0.0028931799986366079,0.00052850058123689726,7.806088959642388e-09
11.0,5,2,-15409489.560773924,22238042.681037899,35722464.278433055,-297807.3031036887,-0.00016862504879983371,7.9095713351288048e-05,0.0001678232074621482,-1.9595720544222717e-06,0.0,0.0,0.0,0.0,0.0,0.0,0.0,0.0,0.0,0.0,0.0032896937453776344,0.00052850232371635182,8.874929773271535e-09
11.0,5,3,-21420319.296242818,-1495276.1099478472,18463201.250658486,-360416.99858605675,-0.00013391091820353688,-2.8041340377159979e-06,0.00012852264699507367,-2.3715438506962532e-06,0.0,0.0,0.0,0.0,0.0,0.0,0.0,0.0,0.0,0.0,0.0028931671139134606,0.0019723851005218306,7.805953909957713e-09
11.0,5,4,-15351212.398344416,22287784.808124229,36367551.472934201,-188783.79777977429,-0.00016943149331579441,7.8233108302769294e-05,0.00017087797295721889,-1.2421973893909147e-06,0.0,0.0,0.0,0.0,0.0,0.0,0.0,0.0,0.0,0.0,0.0032896777758918763,0.0019723888733095157,8.874731493468184e-09
11.0,6,1,-10615615.681182835,41715502.281692967,50034366.519359306,-73746.025549650483,-0.00019804287111157675,0.00014629588508414598,0.0002010340117679905,-4.8524884811670016e-07,0.0,0.0,0.0,0.0,0.0,0.0,0.0,0.0,0.0,0.0,0.0035799324363391693,0.00052850432651569638,9.657062169084361e-09
11.0,6,2,-3452781.7148811705,71166932.294663593,71483440.280133724,-30845.633583804018,-0.00024265149724258563,0.0002483462209402189,0.00025042884348461242,-2.0296426898143043e-07,0.0,0.0,0.0,0.0,0.0,0.0,0.0,0.0,0.0,0.0,0.0039763584647253209,0.00052850812619684617,1.072499516501741e-08
11.0,6,3,-10815741.470408425,41493128.848185949,50904433.540162593,-55154.337937442622,-0.0002000668559256328,0.00014412551077071814,0.00020605189564392446,-3.6291554362837245e-07,0.0,0.0,0.0,0.0,0.0,0.0,0.0,0.0,0.0,0.0,0.0035799134780826287,0.0019723926868764068,9.656771329057971e-09
11.0,6,4,-3557704.453002736,70584026.441866666,72973726.162156582,-335375.7044779,-0.00024460977137937039,0.0002432428179088702,0.00025896704206837789,-2.2067721354645819e-06,0.0,0.0,0.0,0.0,0.0,0.0,0.0,0.0,0.0,0.0,0.0039763337484484259,0.0019723995957247951,1.0724536299980743e-08
11.0,7,1,-43551121.834592454,-80996851.546201333,-43151141.187263533,-108476.72675950336,-2.1601780654087786e-05,-0.00026799468215647418,-1.8969907994663501e-05,-7.1377686207753208e-07,0.0,0.0,0.0,0.0,0.0,0.0,0.0,0.0,0.0,0.0,0.000145198147067255,0.0030293788694540844,3.9191027283678014e-10
11.0,7,2,-42346937.420114703,-77704641.109411523,-40854173.191453293,-414047.20241670153,-2.4411760505207109e-05,-0.00025706545078078011,-1.458937188061506e-05,-2.7244305919018959e-06,0.0,0.0,0.0,0.0,0.0,0.0,0.0,0.0,0.0,0.0,0.0005418829656362908,0.0030293785016416524,1.4625965610708586e-09
11.0,7,3,-45424686.768699601,-76758820.83905679,-45041032.917746142,-372181.29206781246,-3.4679664907749361e-05,-0.00024085826709069967,-3.2155222568475626e-05,-2.4489529018062059e-06,0.0,0.0,0.0,0.0,0.0,0.0,0.0,0.0,0.0,0.0,0.0001451960360468723,0.0044732929031408245,3.919090234925849e-10
11.0,7,4,-44154685.686155073,-73678199.013454944,-42722852.85889329,-1119285.9869831598,-3.6859766472465148e-05,-0.00023112448416609828,-2.7438306469082605e-05,-7.364901794349191e-06,0.0,0.0,0.0,0.0,0.0,0.0,0.0,0.0,0.0,0.0,0.00054187524630767612,0.0044732907147262309,1.462591375277587e-09
11.0,8,1,-41312891.804069966,-73724992.04538177,-37686188.757360078,-590603.16570920113,-3.053479335201773e-05,-0.00024380641293984931,-6.6710873046666557e-06,-3.8861688303665433e-06,0.0,0.0,0.0,0.0,0.0,0.0,0.0,0.0,0.0,0.0,0.00083227197251157592,0.0030293779897609071,2.2463380521862153e-09
11.0,8,2,-38991953.344538912,-66038969.975958757,-31830371.270766329,-796124.3121941922,-4.0326207552868934e-05,-0.00021829557698761147,6.7970024925546647e-06,-5.2384979742377846e-06,0.0,0.0,0.0,0.0,0.0,0.0,0.0,0.0,0.0,0.0,0.0012289385682196364,0.0030293771741782233,3.316830521154731e-09
11.0,8,3,-42950258.995625295,-69976159.498145312,-39516214.380050711,-1759174.1200642411,-4.1753344250576767e-05,-0.00021958376955715842,-1.915733068009601e-05,-1.1575365710022705e-05,0.0,0.0,0.0,0.0,0.0,0.0,0.0,0.0,0.0,0.0,0.00083226037759917006,0.0044732876184711504,2.246329474273377e-09
11.0,8,4,-40511576.263029508,-62960040.295133889,-33683456.680340983,-2303562.1934125447,-4.9861156093897257e-05,-0.00019757204942514404,-4.932129239806746e-06,-1.5157439232654543e-05,0.0,0.0,0.0,0.0,0.0,0.0,0.0,0.0,0.0,0.0,0.0012289222658625342,0.0044732818742994982,3.3168134408142045e-09
11.0,9,1,-37019601.90018978,-58638480.634894483,-26045289.97392793,-893418.78089218924,-5.1297651939009505e-05,-0.0001935498740133664,2.0913320535793479e-05,-5.878695578270605e-06,0.0,0.0,0.0,0.0,0.0,0.0,0.0,0.0,0.0,0.0,0.0015193085781769439,0.0030293765248286743,4.100362849182019e-09
11.0,9,2,-33437931.706509598,-45932080.459884338,-16265010.690905845,-952658.45053893852,-6.8918254514299508e-05,-0.00015112975331150528,4.4079565768373193e-05,-6.2684926045462152e-06,0.0,0.0,0.0,0.0,0.0,0.0,0.0,0.0,0.0,0.0,0.001915940762862888,0.0030293759535032941,5.170475101026862e-09
11.0,9,3,-38133071.44592046,-56029117.912924133,-27773934.290486749,-2713868.2195906751,-5.825653474821311e-05,-0.00017601252050109727,9.9065877345407195e-06,-1.7857252884906641e-05,0.0,0.0,0.0,0.0,0.0,0.0,0.0,0.0,0.0,0.0,0.0015192894122763559,0.0044732767197081394,4.100341310226784e-09
11.0,9,4,-34468202.558116257,-44359702.194445491,-18063709.545518175,-2875236.7715247832,-7.3712022241438659e-05,-0.00013879808984848508,3.4229541781456687e-05,-1.8919057956633073e-05,0.0,0.0,0.0,0.0,0.0,0.0,0.0,0.0,0.0,0.0,0.0019159186074976364,0.0044732692368736789,5.17043656376595e-09
11.0,10,1,-30539078.918785449,-34779857.344220236,-7621370.0073633231,-947205.14926667244,-8.570145537842522e-05,-0.00011360577741778609,6.5097069258732352e-05,-6.2326098821747043e-06,0.0,0.0,0.0,0.0,0.0,0.0,0.0,0.0,0.0,0.0,0.0022062792185007147,0.0030293757770159823,5.953656280404756e-09
11.0,10,2,-25704109.268010959,-16797964.760995343,6180653.3268030919,-777330.93656274583,-0.00011174519427403102,-5.3142763417868276e-05,9.8056543599845406e-05,-5.1148375625828673e-06,0.0,0.0,0.0,0.0,0.0,0.0,0.0,0.0,0.0,0.0,0.0026028592511263067,0.0030293763342920835,7.023190638690973e-09
11.0,10,3,-30959584.455936406,-33723986.841403067,-9203642.7563004512,-2935635.1402323451,-8.6972267515310461e-05,-0.00010516203521168113,5.6181828868294126e-05,-1.9316479222728831e-05,0.0,0.0,0.0,0.0,0.0,0.0,0.0,0.0,0.0,0.0,0.0022062556862131513,0.0044732637257024381,5.9536146352367165e-09
11.0,10,4,-26148817.747513533,-16865479.579897806,4495612.6000778563,-2688932.5555765294,-0.00011119969890945213,-5.0115333766540682e-05,9.0440652777699199e-05,-1.7693176215693562e-05,0.0,0.0,0.0,0.0,0.0,0.0,0.0,0.0,0.0,0.0,0.0026028348815244091,0.0044732571479122445,7.023125440554178e-09
11.0,11,1,-21770857.44675684,-1664349.7711546961,17853828.481318675,-747863.11618389806,-0.00013443366359584328,-2.1328430903811868e-06,0.0001262967698108936,-4.9209393044900493e-06,0.0,0.0,0.0,0.0,0.0,0.0,0.0,0.0,0.0,0.0,0.0028931528875765795,0.003029377268721563,7.805874669046705e-09
11.0,11,2,-15762250.991454843,21713976.318437066,35769982.59208224,-538615.52390650625,-0.00016963591003589472,7.6957665663194042e-05,0.00016944618694377927,-3.5440901473048112e-06,0.0,0.0,0.0,0.0,0.0,0.0,0.0,0.0,0.0,0.0,0.0032896622180713249,0.0030293797020814551,8.874617860598726e-09
11.0,11,3,-21724642.293998346,-2141634.2743545417,16354603.483693581,-2352187.9032165473,-0.00013107970282074738,-2.2235100514911822e-06,0.00011948173439646546,-1.5477396403164882e-05,0.0,0.0,0.0,0.0,0.0,0.0,0.0,0.0,0.0,0.0,0.0028931286217655948,0.0044732533367836625,7.805810124774506e-09
11.0,11,4,-15840847.522508059,20547169.046129752,34177148.684979923,-1636457.8490315387,-0.00016566865962769356,7.3764489393943211e-05,0.00016344975541757731,-1.0767892646627524e-05,0.0,0.0,0.0,0.0,0.0,0.0,0.0,0.0,0.0,0.0,0.0032896388739939468,0.0044732502170271044,8.874542233941143e-09
11.0,12,1,-10702798.805444963,41134097.924669743,50682965.641619205,-440115.68878692406,-0.00019858495446196134,0.00014250182602219342,0.00020533337559972085,-2.8959612322179601e-06,0.0,0.0,0.0,0.0,0.0,0.0,0.0,0.0,0.0,0.0,0.0035798970920845287,0.0030293821030809884,9.656651234432193e-09
11.0,12,2,-3307564.2022377551,70501275.692395896,73099969.85441795,342889.72396711889,-0.00024342778897515471,0.00024223437753153481,0.00025933378511763989,2.256214383703642e-06,0.0,0.0,0.0,0.0,0.0,0.0,0.0,0.0,0.0,0.0,0.0039763161771207292,0.0030293864320235031,1.0724388121109477e-08
11.0,12,3,-10829584.564769998,39605353.591516428,48959359.282960728,-1064963.604228819,-0.00019408016916552389,0.00013778172390284079,0.00019933108135254424,-7.0074605158256287e-06,0.0,0.0,0.0,0.0,0.0,0.0,0.0,0.0,0.0,0.0,0.0035798747863659574,0.0044732499623569757,9.656584572222241e-09
11.0,12,4,-3929334.3796174377,68449468.809610218,70892817.962717652,-806531.73746935546,-0.00023980748499836518,0.00023644503998675268,0.00025252227741419966,-5.3069788325483586e-06,0.0,0.0,0.0,0.0,0.0,0.0,0.0,0.0,0.0,0.0,0.0039762957693665639,0.0044732522323525509,1.0724345834521526e-08
11.0,13,1,-47851997.846143752,-70464819.739828438,-47492908.255377315,-616119.49612818426,-5.2886778998293661e-05,-0.0002016791470587389,-5.0523969491050513e-05,-4.0540662845234519e-06,0.0,0.0,0.0,0.0,0.0,0.0,0.0,0.0,0.0,0.0,0.00014519336314343866,0.0055303395859490467,3.919099962928155e-10
11.0,13,2,-46473816.760046363,-67642080.93399024,-45133646.036245048,-2251125.7697066208,-5.4183435187260102e-05,-0.00019347061345181073,-4.5365111824647398e-05,-1.4812407564669566e-05,0.0,0.0,0.0,0.0,0.0,0.0,0.0,0.0,0.0,0.0,0.00054186551025898978,0.0055303348039493893,1.4625947119691323e-09
11.0,13,3,-47560646.387269236,-52852005.39817328,-47252342.089273259,-1182556.9466112889,-7.9638362906180651e-05,-0.00011445550519792927,-7.7609720625367127e-05,-7.7812247087022805e-06,0.0,0.0,0.0,0.0,0.0,0.0,0.0,0.0,0.0,0.0,0.00014518961106039499,0.0069743926240774731,3.9192454294425327e-10
11.0,13,4,-46001708.786444515,-50628257.74467656,-44851018.009529576,-4229845.782914388,-7.9151288240576889e-05,-0.0001095939803857437,-7.1579742928476578e-05,-2.783238525157667e-05,0.0,0.0,0.0,0.0,0.0,0.0,0.0,0.0,0.0,0.0,0.00054185200213887111,0.0069743805375908404,1.4626481713097586e-09
11.0,14,1,-45152393.36641451,-64375787.676147521,-41950966.733625151,-3334751.3010201007,-5.7765694864631688e-05,-0.00018425562942267493,-3.670030762087777e-05,-2.1942663560712261e-05,0.0,0.0,0.0,0.0,0.0,0.0,0.0,0.0,0.0,0.0,0.0008322457432090039,0.0055303279212873032,2.2463331797198275e-09
11.0,14,2,-42438707.054529078,-58169460.719193913,-36103319.428078339,-4602101.4051341414,-6.3242542639955243e-05,-0.00016675090175344987,-2.1555692057909338e-05,-3.0281827245782648e-05,0.0,0.0,0.0,0.0,0.0,0.0,0.0,0.0,0.0,0.0,0.0012289017855217092,0.0055303148241261351,3.3168157314484693e-09
11.0,14,3,-45154695.304470159,-48579088.943766609,-42137556.639104635,-6323722.5821283525,-8.2441176501414225e-05,-0.00010497368664798485,-6.2588404083309095e-05,-4.1610094590404556e-05,0.0,0.0,0.0,0.0,0.0,0.0,0.0,0.0,0.0,0.0,0.00083222530778798067,0.006974363152005017,2.2464066766645435e-09
11.0,14,4,-41930247.861331001,-44097632.819123879,-36432398.373080753,-8833428.9555813447,-8.2413790022971669e-05,-9.6675183045248818e-05,-4.623794039028507e-05,-5.8123962527725247e-05,0.0,0.0,0.0,0.0,0.0,0.0,0.0,0.0,0.0,0.0,0.0012288732012734724,0.0069743294409382196,3.316916856646189e-09
11.0,15,1,-39949596.245366521,-52108670.395628557,-30275560.707635853,-5277603.5875691194,-6.958089608367484e-05,-0.00014958760399239903,-5.9257422454070371e-06,-3.4726631606204803e-05,0.0,0.0,0.0,0.0,0.0,0.0,0.0,0.0,0.0,0.0,0.0015192652938531945,0.0055303028618928461,4.100337785665691e-09
11.0,15,2,-35790622.747628301,-41550599.026410393,-20488504.136164967,-5898213.6370682325,-8.0931330741272425e-05,-0.00011883197465565859,1.9756609722156284e-05,-3.8810245731908965e-05,0.0,0.0,0.0,0.0,0.0,0.0,0.0,0.0,0.0,0.0,0.0019158907947371829,0.005530285028442339,5.170426958867685e-09
11.0,15,3,-40132840.930689529,-40254243.881057225,-31315900.524854954,-10316909.694327194,-8.758337649210639e-05,-8.8382207905525852e-05,-2.9567908621714893e-05,-6.7885265788672936e-05,0.0,0.0,0.0,0.0,0.0,0.0,0.0,0.0,0.0,0.0,0.0015192316420068511,0.0069742979171312502,4.1004363436984666e-09
11.0,15,4,-35115878.911651641,-32497558.315614976,-21740257.278294455,-11577339.386051016,-8.9883645919881268e-05,-7.2655096397960064e-05,-1.8720555723910307e-06,-7.6178893160215683e-05,0.0,0.0,0.0,0.0,0.0,0.0,0.0,0.0,0.0,0.0,0.0019158524108104625,0.0069742492317029668,5.170532321722503e-09
11.0,16,1,-32239650.571789801,-32087436.877855383,-11766656.497842591,-5970117.0616659829,-9.1908785325346204e-05,-9.0907219219257726e-05,4.2803515681226436e-05,-3.9283370265762166e-05,0.0,0.0,0.0,0.0,0.0,0.0,0.0,0.0,0.0,0.0,0.0022062260715773946,0.0055302713432848292,5.9535896632395044e-09
11.0,16,2,-26758362.533547096,-16451729.145169521,2092277.0552349277,-5694239.9542736383,-0.00011110387836563882,-4.3286230670114383e-05,7.8733330128546902e-05,-3.7468098899120536e-05,0.0,0.0,0.0,0.0,0.0,0.0,0.0,0.0,0.0,0.0,0.002602804289246525,0.0055302540794535228,7.023090880016519e-09
11.0,16,3,-32614870.550609462,-26174876.196723141,-14005221.452639911,-12082193.411084279,-9.9589798467053704e-05,-5.7214635618481674e-05,2.2861692597585956e-05,-7.9500832644934549e-05,0.0,0.0,0.0,0.0,0.0,0.0,0.0,0.0,0.0,0.0,0.002206185668514579,0.0069742101408735886,5.9536548858193135e-09
11.0,16,4,-25889339.516861565,-14008096.403553396,-292260.02615705132,-11615039.281153794,-0.0001068521344253653,-2.867355473979757e-05,6.1576648623470372e-05,-7.6426958469991962e-05,0.0,0.0,0.0,0.0,0.0,0.0,0.0,0.0,0.0,0.0,0.0026027638521341806,0.0069741573296294617,7.02313701825373e-09
11.0,17,1,-22246571.513838738,-2981053.7951135505,13846382.701463237,-5057658.2458460685,-0.0001284000772412262,-1.6329706520144475e-06,0.00010909156149546079,-3.3279391257667132e-05,0.0,0.0,0.0,0.0,0.0,0.0,0.0,0.0,0.0,0.0,0.0028930984264579004,0.005530243081921714,7.805753451936488e-09
11.0,17,2,-15668255.271452762,18642547.268539868,31924194.616291724,-3974127.7778276242,-0.0001582367285352977,6.7528352177853769e-05,0.000154921591726061,-2.6149760778105765e-05,0.0,0.0,0.0,0.0,0.0,0.0,0.0,0.0,0.0,0.0,0.0032896106648414112,0.0055302326926645103,8.874475910792143e-09
11.0,17,3,-22842442.236672476,-4285181.7431077231,10282486.740357038,-10890934.500794318,-0.0001236879530790163,-1.5811790313602233e-06,9.4274079589837907e-05,-7.1662349015226611e-05,0.0,0.0,0.0,0.0,0.0,0.0,0.0,0.0,0.0,0.0,0.0028930597373678637,0.0069741198135076492,7.805708802672206e-09
11.0,17,4,-15008660.037802149,13567621.376573488,28274376.777668498,-8171417.9569665836,-0.0001411536572727131,4.6878274433878611e-05,0.00014364872497308378,-5.3767930156840116e-05,0.0,0.0,0.0,0.0,0.0,0.0,0.0,0.0,0.0,0.0,0.0032895767769124435,0.0069740768291966194,8.874370074987557e-09
11.0,18,1,-10357341.485118419,36820460.55434978,46807357.439103998,-2602616.1089173276,-0.00018391865985524904,0.00012651127756445167,0.00019222505906613444,-1.7125213996676014e-05,0.0,0.0,0.0,0.0,0.0,0.0,0.0,0.0,0.0,0.0,0.0035798491848992448,0.0055302288038486195,9.656503925954002e-09
11.0,18,2,-2964075.1160934791,65401069.630036563,69178637.339711785,-297092.97172398365,-0.00022745631259266978,0.00022238633983686585,0.00024724273536652885,-1.9548717539438124e-06,0.0,0.0,0.0,0.0,0.0,0.0,0.0,0.0,0.0,0.0,0.0039762746129777572,0.0055302303410603186,1.0724269580739082e-08
11.0,18,3,-11260001.806917768,28267728.668385319,42194930.443454936,-6276429.7322537871,-0.00016763101043129643,9.2461456096197873e-05,0.00018410244377615594,-4.1298907638229918e-05,0.0,0.0,0.0,0.0,0.0,0.0,0.0,0.0,0.0,0.0,0.0035798204804422269,0.0069740522458902098,9.656256992360016e-09
11.0,18,4,-3405402.0405592993,53848658.003437966,64679546.310991526,-1924789.4091451515,-0.00020430157301959509,0.00017243014206990692,0.00024369738713360929,-1.2665114312175096e-05,0.0,0.0,0.0,0.0,0.0,0.0,0.0,0.0,0.0,0.0,0.0039762533924429305,0.0069740354593805119,1.0723886504139305e-08
11.0,19,1,-43886100.887661405,-30680704.9982531,-43558852.073426574,-1764538.2749770379,-0.00010213200426505313,-1.5240499312746495e-05,-9.997870706738794e-05,-1.1610661849348909e-05,0.0,0.0,0.0,0.0,0.0,0.0,0.0,0.0,0.0,0.0,0.00014518651370315009,0.0080316237360866273,3.919470632193537e-10
11.0,19,2,-42918515.951549798,-29325132.223121688,-41697053.8990843,-5984728.2378852526,-0.00010237752568466354,-1.2933060751606558e-05,-9.4340305379440534e-05,-3.9379511805284958e-05,0.0,0.0,0.0,0.0,0.0,0.0,0.0,0.0,0.0,0.0,0.00054184025827468292,0.0080316029532471363,1.4627270605029993e-09
11.0,19,3,4863203.0799013004,-5547329.8894587662,5292846.6734347725,-951609.02686832566,2.4718098880824409e-05,-4.3783208057564826e-05,2.7545153726274662e-05,-6.2615873967935825e-06,0.0,0.0,0.0,0.0,0.0,0.0,0.0,0.0,0.0,0.0,0.00014520525989324121,0.0094758659638908976,3.9203745217367797e-10
11.0,19,4,4442135.9762440398,-5086471.1555778645,6045142.519764021,-3213603.8706430243,2.0695979125806072e-05,-4.2002255801582053e-05,3.1243762182167544e-05,-2.1145513468831098e-05,0.0,0.0,0.0,0.0,0.0,0.0,0.0,0.0,0.0,0.0,0.00054190922145705347,0.0094758315583152765,1.4630556836061285e-09
11.0,20,1,-41463543.617932752,-27875474.852300446,-38886039.52302856,-9219878.180872703,-0.00010183452537664391,-1.2425032898783367e-05,-8.487454843217435e-05,-6.066679843014238e-05,0.0,0.0,0.0,0.0,0.0,0.0,0.0,0.0,0.0,0.0,0.00083220771969388235,0.0080315728784810698,2.2465287171104445e-09
11.0,20,2,-39721477.659901917,-25974898.498101249,-34347444.014487684,-12802047.524549654,-0.00010329808712961906,-1.2845596244970694e-05,-6.79369457427934e-05,-8.4237472711536717e-05,0.0,0.0,0.0,0.0,0.0,0.0,0.0,0.0,0.0,0.0,0.0012288481084736604,0.0080315137448949588,3.3170664019067862e-09
11.0,20,3,3677009.2232710952,-4794663.9934191452,7384870.7020330494,-4769975.3592119403,1.4292519516745507e-05,-4.1451090249076272e-05,3.8690248046999164e-05,-3.1386437863614569e-05,0.0,0.0,0.0,0.0,0.0,0.0,0.0,0.0,0.0,0.0,0.00083231206774896918,0.0094757819679373561,2.2470142644379783e-09
11.0,20,4,2259905.9323433079,-4503039.1154300589,9583437.110692095,-6762162.3152033808,3.2725008292025213e-06,-4.1227677585146225e-05,5.1461335982737536e-05,-4.4495028034038246e-05,0.0,0.0,0.0,0.0,0.0,0.0,0.0,0.0,0.0,0.0,0.0012289973879251329,0.0094756838621540464,3.3177425132383984e-09
11.0,21,1,-37038732.659434162,-23525631.622996077,-29256806.58909256,-15295712.313129794,-0.00010179741092207076,-1.2881206102308171e-05,-5.0592337379223015e-05,-0.00010064578702039404,0.0,0.0,0.0,0.0,0.0,0.0,0.0,0.0,0.0,0.0,0.0015192018448598693,0.0080314580414108695,4.100618798091137e-09
11.0,21,2,-34288314.089211449,-20076744.112710774,-21550572.540692884,-17632953.544531502,-0.00010567041013367947,-1.2158279688305013e-05,-2.1856070744427307e-05,-0.00011602483432301729,0.0,0.0,0.0,0.0,0.0,0.0,0.0,0.0,0.0,0.0,0.0019158172721763941,0.0080313696546825547,5.170685654072961e-09
11.0,21,3,663635.96204782277,-4319996.3471956644,11819837.333938912,-8073030.8138175234,-8.5315689488152152e-06,-4.1323869543637354e-05,6.487623607822814e-05,-5.3120542754919302e-05,0.0,0.0,0.0,0.0,0.0,0.0,0.0,0.0,0.0,0.0,0.0015193808652081147,0.0094755905538448995,4.101387245963921e-09
11.0,21,4,-1297679.4320947099,-3681565.6192299798,15856869.607479652,-9537016.2949184757,-2.5725377461908032e-05,-4.1411348573258108e-05,8.7151555218491266e-05,-6.2753567220563569e-05,0.0,0.0,0.0,0.0,0.0,0.0,0.0,0.0,0.0,0.0,0.0019160316680152877,0.0094754389816751362,5.171556381927213e-09
11.0,22,1,-30068505.087845508,-15892957.116293026,-13726682.272535423,-18807531.321418688,-0.00010354349520487856,-1.0268389552063273e-05,3.9856989198617626e-06,-0.00012375355609493496,0.0,0.0,0.0,0.0,0.0,0.0,0.0,0.0,0.0,0.0,0.0022061481407787287,0.0080312973223119789,5.95383179176958e-09
11.0,22,2,-26206311.937810645,-10018786.492906816,-2527728.275947364,-19048682.557443038,-0.00011120806635426359,-4.6941489267964341e-06,4.4597014140796756e-05,-0.00012534033122797519,0.0,0.0,0.0,0.0,0.0,0.0,0.0,0.0,0.0,0.0,0.0026027254945783728,0.0080311950970567095,7.023202830249601e-09
11.0,22,3,-3295948.3071328327,-3318350.2034112513,19392338.190094896,-10367805.042157441,-4.1876642554624312e-05,-4.2024047032136313e-05,0.00010741228259713411,-6.8220157177395957e-05,0.0,0.0,0.0,0.0,0.0,0.0,0.0,0.0,0.0,0.0,0.002206383979772652,0.0094753116019160605,5.954687676574674e-09
11.0,22,4,-4982841.8135725483,-1931837.5349534601,25755181.716112632,-10796385.042277651,-6.2555092874094239e-05,-4.2479484720780635e-05,0.00013970110195123426,-7.104021357818694e-05,0.0,0.0,0.0,0.0,0.0,0.0,0.0,0.0,0.0,0.0,0.0026029847637922443,0.0094751238103277582,7.024042069518157e-09
11.0,23,1,-20475034.984130017,-3172332.3854196165,8342130.0963125434,-18124776.53083577,-0.00011054345530386089,3.308327795653529e-06,7.9073490925451122e-05,-0.00011926102957289937,0.0,0.0,0.0,0.0,0.0,0.0,0.0,0.0,0.0,0.0,0.0028930232663563447,0.0080311199040868433,7.805791666974391e-09
11.0,23,2,-15368492.67725106,6913939.7217100263,23626732.023776315,-15381374.966086455,-0.00012509672474412371,2.1521680441040226e-05,0.00013149185378863641,-0.00010120944727684887,0.0,0.0,0.0,0.0,0.0,0.0,0.0,0.0,0.0,0.0,0.0032895472426959504,0.0080310259924836445,8.8742642895653e-09
11.0,23,3,-6597605.4109880514,-1164780.7880604006,31031647.168956991,-10690399.963208139,-8.0177675936756872e-05,-4.4429689917892907e-05,0.00016742280603928149,-7.0342831757909548e-05,0.0,0.0,0.0,0.0,0.0,0.0,0.0,0.0,0.0,0.0,0.0028932952004839694,0.0094749780352285963,7.806477868743603e-09
11.0,23,4,-6702731.9441420361,1163829.4086815268,40375903.668201588,-9124864.3563543726,-9.9146437982185502e-05,-4.7384464280606466e-05,0.00021063098434703556,-6.0041607464811773e-05,0.0,0.0,0.0,0.0,0.0,0.0,0.0,0.0,0.0,0.0,0.0032898329595735685,0.00947477963461015,8.874790748998738e-09
11.0,24,1,-8937005.3995031901,17451879.511653084,37585929.949058071,-11233640.647577584,-0.00013164476594543958,4.1994096769968725e-05,0.0001744761486480935,-7.3917355461060492e-05,0.0,0.0,0.0,0.0,0.0,0.0,0.0,0.0,0.0,0.0,0.0035797993297686723,0.0080309665411579054,9.656131910904217e-09
11.0,24,2,-2980627.0189867876,33934465.75130257,57426637.447881475,-3612653.1614046865,-0.00015925367814964474,8.3647632278859268e-05,0.00023822612204234841,-2.3771257802042836e-05,0.0,0.0,0.0,0.0,0.0,0.0,0.0,0.0,0.0,0.0,0.0039762499546368299,0.0080309095559808873,1.0723507037135655e-08
11.0,24,3,-6510273.2246475853,2786662.8987536021,48137826.175575614,-7323598.7665397199,-0.00011301205886067809,-5.183821916869826e-05,0.00024657243519279052,-4.8189279883831357e-05,0.0,0.0,0.0,0.0,0.0,0.0,0.0,0.0,0.0,0.0,0.003580093421412669,0.0094746374236436143,9.656393180605167e-09
11.0,24,4,-2750467.244714886,7224237.6299693398,61767138.500029609,-2365858.0018770183,-0.00012275871050897275,-5.712515243355057e-05,0.000301767135291446,-1.5567345652350778e-05,0.0,0.0,0.0,0.0,0.0,0.0,0.0,0.0,0.0,0.0,0.0039765597887574423,0.0094744645020022524,1.0723532715821408e-08
11.0,25,1,-574216.07892856351,-276428.77831595531,4609809.5300230924,85651.571385155767,-2.4989737392542746e-05,-1.9828090848590851e-05,6.4866706495952654e-05,1.4846272373426997e-06,-1.1931675176818637e-05,-9.9871899847982582e-06,2.191886516161689e-05,5.5928581201780175e-07,-9.897074110929179e-06,-8.606789608430307e-06,1.8503863719359488e-05,3.2199559900802079e-07,2.195709585426021e-05,1.8527015219631566e-05,0.0041817735224678066,0.00042347800304603909,3.7579171043250856e-09
11.0,25,2,-370998.18348368932,-87105.839405880542,4797027.4983727578,64695.909042526917,-2.3786329082316694e-05,-1.8865528451634685e-05,6.5792782736528381e-05,1.121395756737133e-06,-9.0272528272822966e-06,-7.6170511586973948e-06,1.6644303985979694e-05,3.2136928235508591e-07,-9.2561989093983763e-06,-7.9177353435446299e-06,1.7173934252943006e-05,3.7643750808320215e-07,1.6668336721078317e-05,1.7197403379654913e-05,0.0043465996985970722,0.00042347999483671929,3.9060710782183996e-09
11.0,25,3,-765804.91912151291,16012.590507864486,4610664.4712943593,-128231.46887962021,-2.8717440502162405e-05,-1.5165937001919862e-05,6.4474695598379386e-05,-2.222678793913417e-06,-1.1074312573512464e-05,-6.8565366152258197e-06,1.7930849188738285e-05,-6.9178753337545019e-07,-1.0419053825482574e-05,-6.645258973919023e-06,1.7064312799401599e-05,-5.1461165017392173e-07,1.811307052828118e-05,1.7216491547049713e-05,0.004181749186382297,0.0015804491311035953,3.757919142769593e-09
11.0,25,4,-547609.93162776507,21506.53751994879,4732134.2506401623,-144643.22911136286,-2.6316028907677328e-05,-1.6451343442450273e-05,6.5199536918300128e-05,-2.5071493045969564e-06,-7.4746833391056585e-06,-5.2927376696087604e-06,1.2767421008714419e-05,-5.5455022739760365e-07,-9.3343413353545691e-06,-6.6264796935165274e-06,1.59608210288711e-05,-7.5423279378336875e-07,1.2845389683523946e-05,1.6061594234164527e-05,0.0043465749958892129,0.0015804536213476061,3.906068309749984e-09
11.0,26,1,-260337.9401555697,45893.931444271002,4910439.2680206355,74607.233216951819,-2.3296505333267227e-05,-1.7988486225536645e-05,6.6330299608453671e-05,1.293192042427165e-06,-7.1717287143117387e-06,-5.9687663630717771e-06,1.3140495077383516e-05,2.9307756969023206e-07,-8.9403031590959298e-06,-7.4108297542481226e-06,1.6351132913344054e-05,4.718129706428679e-07,1.316318766993953e-05,1.638569328044015e-05,0.0044672612901529418,0.00042348154205442155,4.014526453447864e-09
11.0,26,2,-52946.038544795476,285135.66796142398,5124120.1996048018,27548.908228873635,-2.2342970650862177e-05,-1.6482887738087707e-05,6.7392844143730863e-05,4.7751440930047631e-07,-4.6182279847227817e-06,-3.7689279765755143e-06,8.3871559612982985e-06,6.920601598063775e-08,-8.5287862869420997e-06,-6.7705385061656537e-06,1.5299324793107757e-05,1.2406261078031685e-07,8.401857408768914e-06,1.533500908376925e-05,0.0046320886192191286,0.00042348381262790447,4.162683749391951e-09
11.0,26,3,-263957.99002596294,52949.383921960602,4897152.5806343947,-161569.05745783579,-2.3319847725238285e-05,-1.7826786576807602e-05,6.6139402166207994e-05,-2.800530329269154e-06,-4.9095040800211654e-06,-4.0574487959101644e-06,8.9669528759313306e-06,-4.3440380525321935e-07,-8.3618174307320203e-06,-6.8493405204855492e-06,1.5211157951217573e-05,-8.5314996456011135e-07,8.994434510828995e-06,1.527063575545623e-05,0.0044672367005623177,0.0015804567126889203,4.014526242523906e-09
11.0,26,4,-125249.09945350979,-87758.589157216018,4901436.3281356413,-88112.355972870821,-2.0924698948627171e-05,-2.0274863436824737e-05,6.62045151295848e-05,-1.5272808368630941e-06,-2.6204098243076144e-06,-2.5622124970206e-06,5.1826223213282135e-06,-1.3677870954693313e-07,-7.4123887927792715e-06,-7.1020079997078458e-06,1.4514396792487116e-05,-3.8832182998045624e-07,5.1851371877393615e-06,1.452317818642108e-05,0.004632064635296051,0.0015804607998385375,4.162668921801461e-09
11.0,27,1,-256252.68190314574,405458.77143426612,5065238.8393100314,59693.208510477583,-2.5299492868352467e-05,-1.3829827677170671e-05,6.6939693499342632e-05,1.034682280848278e-06,-7.2916727406490744e-06,-4.8724083163940527e-06,1.2164081057043126e-05,2.1824264185041674e-07,-9.0319455779523153e-06,-6.1190098799814487e-06,1.5150955457933761e-05,1.3615536510432877e-07,1.2246604476946522e-05,1.5248791941151016e-05,0.0041817273780836786,0.0024274175791684218,3.757946271491955e-09
11.0,27,2,-123951.59100690973,100911.17708296748,4998797.0430504279,76097.636667496045,-2.2051520760625702e-05,-1.8153899447067835e-05,6.6742788896368118e-05,1.3190257022365982e-06,-4.2198947997661967e-06,-3.6875652299647172e-06,7.9074600297309147e-06,1.8014997562391528e-07,-7.7221482520281243e-06,-6.874002029469403e-06,1.4596150281497528e-05,3.4162479667514751e-07,7.916164121406493e-06,1.4610450480828791e-05,0.0043465546479686777,0.0024274197219672747,3.906084344990593e-09
11.0,27,3,-987569.35322916228,-272197.93918766966,4355861.1549205408,107291.43753147776,-2.9502244239320324e-05,-1.7102473062601105e-05,6.3117217901941214e-05,1.8597182505456142e-06,-8.2926298689357914e-06,-5.355261838928698e-06,1.3647891707864496e-05,4.4054659203951158e-07,-9.3706958855550075e-06,-6.0253037654469384e-06,1.5395999651001951e-05,6.7161844994262799e-07,1.3762258782040196e-05,1.554263489069134e-05,0.0041817186231416174,0.0035843966821650086,3.757903814934498e-09
11.0,27,4,-648281.77708171797,-32655.847820454976,4646792.2632372677,30911.659972636986,-2.7100302689423485e-05,-1.6429453248894923e-05,6.4680980676105573e-05,5.3580210619237435e-07,-4.702648958365773e-06,-3.2332429743623074e-06,7.9358919327280804e-06,7.3781457180951232e-08,-8.5841228398927762e-06,-5.804862910157098e-06,1.4388985750049877e-05,1.2040895511125039e-07,7.981563569947434e-06,1.4479993443110795e-05,0.0043465449093463464,0.0035843983166325847,3.906063306314701e-09
11.0,28,1,-174561.13316200068,-154956.11173367547,4844030.9174656421,93816.55617246317,-2.1083780998421206e-05,-2.0743960626996902e-05,6.5905147879124595e-05,1.6261536403226943e-06,-2.8786398300236942e-06,-2.8450350733548479e-06,5.7236749033785425e-06,1.6080995132858174e-07,-7.1618574801319651e-06,-7.1694861023066737e-06,1.433134358243864e-05,4.572996956679453e-07,5.726719009466418e-06,1.4342249480360496e-05,0.0044672172353059482,0.0024274212646577149,4.014522567782374e-09
11.0,28,2,17611.924468494719,-313383.04583951575,4847655.3839389142,53604.538578217973,-1.7902263692817672e-05,-2.3639509844823188e-05,6.5818489604669618e-05,9.2914533535577824e-07,-1.0382440148358418e-06,-1.2673948326304532e-06,2.3056388474662946e-06,3.7110907882590776e-08,-6.1756198966639857e-06,-7.6007045861887658e-06,1.3776324482852752e-05,2.1159295488614003e-07,2.3098290311960706e-06,1.3803319094360903e-05,0.004632046102065893,0.0024274234774174959,4.1626658903943445e-09
11.0,28,3,-346962.21622629534,122391.18180158664,4879026.6650088094,22591.553509589852,-2.4631834270258869e-05,-1.64963753711089e-05,6.5951973004482967e-05,3.9158692749955737e-07,-2.2712072190120952e-06,-1.7096963701820948e-06,3.9809035891941896e-06,2.7027400762111008e-08,-7.847262572666739e-06,-5.8642953885413342e-06,1.3711557961208072e-05,5.2537720966618085e-08,3.994203988877682e-06,1.3760254365432475e-05,0.00446720689044087,0.003584399485718732,4.014525564050947e-09
11.0,28,4,-130158.2066082384,156205.77128852229,4991616.2211474292,44802.660365694486,-2.2326730724520324e-05,-1.7363088440976466e-05,6.6450692689911265e-05,7.7657944633870443e-07,0.0,0.0,0.0,0.0,-7.1078143859580552e-06,-5.9672691613053544e-06,1.307508354726341e-05,1.8921122559783637e-07,0.0,1.3093587160284711e-05,0.0046320351024670102,0.0035844011147183556,4.162676231124732e-09
11.0,29,1,-311055.03711761883,182812.75545868231,4923517.4443974849,-190019.71270322753,-2.457272129432625e-05,-1.6012346223003699e-05,6.61598683852689e-05,-3.2936750201892762e-06,-4.7818231920210733e-06,-3.5450527878599592e-06,8.3268759798810338e-06,-4.7585762912903658e-07,-7.999253678678169e-06,-6.1722671079765447e-06,1.4171520786654717e-05,-9.6339730274175556e-07,8.375479164767614e-06,1.4264354054407714e-05,0.0041817039752588252,0.0044313632977502531,3.757937870341557e-09
11.0,29,2,-174157.21890029474,27498.79194134241,4929549.625843538,-86651.767088797656,-2.2150289923143462e-05,-1.8654919068555078e-05,6.6313962052416328e-05,-1.5019639628724928e-06,-2.1651406647824111e-06,-1.9182506925472229e-06,4.0833913573296343e-06,-1.0608884050316634e-07,-7.1109971625614616e-06,-6.4834264678701765e-06,1.3594423630431638e-05,-3.1155741763327526e-07,4.087714477881683e-06,1.3607214669220654e-05,0.0043465318085262761,0.0044313660961936355,3.906080327133255e-09
11.0,29,3,-605749.92829890037,88756.757839578437,4702997.5915869856,223854.59725729076,-2.7243683108358277e-05,-1.5205567215291301e-05,6.4774607236330446e-05,3.8801463524597067e-06,-3.8426354793727113e-06,-2.5089907887285107e-06,6.3516262681012224e-06,4.2986266520831562e-07,-8.3458339882996259e-06,-5.4013408767615723e-06,1.3747174865061196e-05,1.087231631117266e-06,6.417351596869845e-06,1.3916490171990286e-05,0.0041816881481381227,0.0055883449800491463,3.7579256591528965e-09
11.0,29,4,-551355.69470467814,-26808.208462378709,4691962.2388996463,94952.939767308024,-2.6012025384478103e-05,-1.6919868956278255e-05,6.4872152131330169e-05,1.6458509559666724e-06,-1.2733544667933715e-06,-9.2594610891790564e-07,2.1993005757112772e-06,6.2887432968787321e-08,-7.6928585264202505e-06,-5.4793939861050977e-06,1.3172252512525352e-05,3.4985143832064443e-07,2.209621457097362e-06,1.3242721445494285e-05,0.004346515517443415,0.0055883468897679886,3.9060663883289704e-09
11.0,30,1,-198220.49980234122,-104888.1249552418,4849390.2426559245,-77403.679447727729,-2.162094846816728e-05,-2.00031873041509e-05,6.5870971067775999e-05,-1.3416637770939476e-06,-8.7188040922651805e-07,-8.2439417917943806e-07,1.6962745884059563e-06,-3.9381928669090038e-08,-6.8383676163257247e-06,-6.5004674063654248e-06,1.333883502269115e-05,-2.4400976381316572e-07,1.6971054892652038e-06,1.3345230598718147e-05,0.0044671946576643144,0.0044313680163703597,4.014523247959141e-09
11.0,30,2,1219.9671161074657,-91836.224542737938,4840661.4109994303,-81646.169888177523,-1.8979034517612e-05,-2.0592008506365322e-05,6.4904617176365597e-05,-1.4152002780617434e-06,0.0,0.0,0.0,0.0,-5.9337442287574765e-06,-6.2233705599768408e-06,1.2157114788734316e-05,-3.040238804568291e-07,0.0,1.216355568685197e-05,0.0046320236889415096,0.0044313704764962067,4.162670289743771e-09
11.0,30,3,-170171.95401381818,47519.836195926182,4844870.4254489765,92392.45045687251,-2.1838520433430526e-05,-1.8065196069794953e-05,6.5088880810591264e-05,1.6014691412524569e-06,0.0,0.0,0.0,0.0,-6.5053905163805494e-06,-5.6310511372276734e-06,1.2136441653608224e-05,2.9085548014475667e-07,0.0,1.2153971819314295e-05,0.0044671782150311409,0.0055883484382651758,4.014527014904536e-09
11.0,30,4,-152622.3653876395,-102991.67773088207,4616442.3479271112,78181.306538537014,-2.0088767552620114e-05,-1.9228502299902992e-05,6.2575020811502251e-05,1.3551426466679749e-06,0.0,0.0,0.0,0.0,-5.5958773128007552e-06,-5.3448911087818214e-06,1.094076842158258e-05,2.602764519180693e-07,0.0,1.094679662069989e-05,0.0046320072640798939,0.0055883506875574248,4.162661648785235e-09
11.0,31,1,-711573.97386950115,-194278.11337510962,4520492.0120249558,-215252.73983199452,-2.6792508579526078e-05,-1.782604699762328e-05,6.3896635175977867e-05,-3.7310474904212389e-06,-2.1392848069055639e-06,-1.5618416725553387e-06,3.7011264794609029e-06,-2.402807102443615e-07,-7.3778988298765724e-06,-5.4919178279642321e-06,1.2869816657840807e-05,-1.0282767299000989e-06,3.726454593093831e-06,1.2996260789248529e-05,0.0041816697243713796,0.0064353128654684247,3.7579142077287335e-09
11.0,31,2,-305270.33220903808,13353.32540962426,4746730.0643439181,-89342.626391625279,-2.3110604655134685e-05,-1.7587794589744533e-05,6.4457402218449908e-05,-1.548605524121505e-06,0.0,0.0,0.0,0.0,-6.37723502157493e-06,-5.3336047645302578e-06,1.171083978610519e-05,-3.4242672825075661e-07,0.0,1.173942343098492e-05,0.0043464978034154066,0.0064353170935787987,3.906073492474836e-09
11.0,31,3,-638858.99494437105,1556777.8796555409,5089290.000338993,-14876.137001933821,-3.5102391452569758e-05,2.9553143738287259e-06,6.4185524465675244e-05,-2.5785304136685295e-07,-2.2244533067322471e-06,-3.7530248932418784e-07,2.5997557960564355e-06,-1.2528583945381556e-08,-1.1082422174021633e-05,-9.858494871191553e-07,1.2068271661140789e-05,1.841841379600133e-07,2.8104671737732317e-06,1.3606219044743584e-05,0.0041816629750515326,0.0075923093338219243,3.757962160402095e-09
11.0,31,4,-435881.5430731806,401170.38884784514,4718057.3411254808,-385358.0284476974,-2.6288664827535719e-05,-1.1779764674237936e-05,6.3046275831907763e-05,-6.6795391597600888e-06,0.0,0.0,0.0,0.0,-7.3549824046202873e-06,-3.9059592624829064e-06,1.1260941667103195e-05,-1.639035418777258e-06,0.0,1.1652589441766994e-05,0.0043464897144840052,0.0075923046984524029,3.906078253369491e-09
11.0,32,1,-328087.37752595753,-5798.7380237458274,4589327.9788816161,-99447.661297469574,-2.2708615330444255e-05,-1.712227891240591e-05,6.2526584180620372e-05,-1.7237594624894724e-06,0.0,0.0,0.0,0.0,-5.9300303796760316e-06,-4.8743359533897727e-06,1.0804366333065804e-05,-3.4282410802624724e-07,0.0,1.0830935511405092e-05,0.0044671608182114764,0.0064353198668739217,4.014517020854863e-09
11.0,32,2,-7153.5998752235901,166017.38885753416,4595749.7491014861,-56196.021987208915,-1.9142449883505721e-05,-1.6140819412137926e-05,6.0641208165423888e-05,-9.7406438111162093e-07,0.0,0.0,0.0,0.0,-4.8117246054104055e-06,-4.3326010671573732e-06,9.1443256725677804e-06,-1.7579870632746076e-07,0.0,9.153081642518623e-06,0.0046319899855420338,0.006435323517564537,4.162670391166052e-09
11.0,32,3,-293071.5858037388,-434396.40115127782,4343236.3665761575,-339036.3019670223,-1.9542981005749362e-05,-2.1992611138440051e-05,6.0819690168835502e-05,-5.8766292340950529e-06,0.0,0.0,0.0,0.0,-5.0553651298425648e-06,-5.6451968847234473e-06,1.0700562014566014e-05,-1.3403128873143042e-06,0.0,1.083794658923384e-05,0.0044671527295381628,0.0075923010926484298,4.014503324984434e-09
11.0,32,4,11853.36016018549,-1365328.3692367622,3909957.8851017044,-160104.73568402822,-1.0020473261323958e-05,-3.3891623237537734e-05,5.7546671837662381e-05,-2.7751487518564891e-06,0.0,0.0,0.0,0.0,-2.6012791581646755e-06,-8.1648474973964885e-06,1.0766126655561163e-05,-6.4015147964017839e-07,0.0,1.1309448799806717e-05,0.0046319831638516867,0.0075922972835455946,4.162621590953889e-09
11.0,33,1,-147004.68865191704,2379323.3743894356,5642659.617861785,-61567.873396953481,-3.404799448436379e-05,9.7416919416863319e-06,6.6306186828540416e-05,-1.0671764722138601e-06,-1.1845027037727791e-05,-1.0497703023624606e-06,1.2894797340090251e-05,-2.6308578434205622e-07,-1.3903190816257501e-05,-1.1515349056924429e-08,1.3914706165314428e-05,-7.9114553351820029e-07,1.4325290221936607e-05,1.633523522653939e-05,0.0041817226149329723,0.0084393079933152877,3.757999595291476e-09
11.0,33,2,-62350.966548729222,753220.94297551014,5304961.0444921646,93694.446578110874,-2.5064074170520423e-05,-1.0927494405433608e-05,6.7969334020855069e-05,1.6240370740205885e-06,-3.7609662238723758e-06,-2.2726615212768603e-06,6.0336277451492356e-06,1.7097926475990562e-07,-8.6141093216100082e-06,-5.123151484198061e-06,1.3737260805808069e-05,3.7295676300023959e-07,6.09770388000771e-06,1.389269900456082e-05,0.0043465481012945478,0.0084392832211417565,3.906105595697014e-09
11.0,33,3,-802040.48865443747,1078681.4543085755,5014146.1407445651,166108.26800737766,-3.5065183562271724e-05,-2.4660032175795043e-06,6.5748718013977655e-05,2.8792099787945456e-06,-5.6949497621030184e-05,-1.2666075825395495e-05,6.9615573446425697e-05,4.2263153609175555e-06,-2.6273274107854806e-05,-4.5285928864897934e-06,3.0801866994344602e-05,2.2422251990316252e-06,7.43585602322729e-05,3.3424426424035545e-05,0.0041820281028854874,0.0095963115359102777,3.757947801571931e-09
11.0,33,4,-520874.9838062413,264645.00699223159,4911908.6964519415,345033.10716238356,-2.7651214597859926e-05,-1.4035534757353054e-05,6.651703585994861e-05,5.9805738574813141e-06,-3.6761650437469872e-05,-2.2550322309173009e-05,5.9311972746642894e-05,6.5751742475931133e-06,-1.873089494536464e-05,-1.1483188621248491e-05,3.0214083566613142e-05,3.7079839567106595e-06,6.0359521679112814e-05,3.080941958914124e-05,0.0043468449931419453,0.0095962547150230896,3.906077676990014e-09
11.0,34,1,24925.985975466901,-532999.49074517284,4732410.2218713649,40543.555429192893,-1.646529644483188e-05,-2.6136004707989639e-05,6.5131096977363704e-05,7.0275496077267675e-07,-2.131378003086006e-06,-2.9910959809174564e-06,5.122473984003462e-06,6.2474335627329454e-08,-5.6735426689833224e-06,-8.6233309376397834e-06,1.4296873606623106e-05,8.1078518038556761e-08,5.1469714824102084e-06,1.4422259026645434e-05,0.0044672109377768762,0.0084392650256786775,4.014516354870223e-09
11.0,34,2,-108318.31841874798,-2342853.0899871122,3406744.2095270054,47010.881888380245,-5.6998087237428814e-06,-4.4431744764261203e-05,5.5227941760650189e-05,8.1485528606525736e-07,-1.335950940963697e-06,-8.3296974235969174e-06,9.6656483645606163e-06,1.4713675259641676e-07,-5.6939580140073321e-07,-1.5511002948870495e-05,1.6080398750271224e-05,1.1907312504820858e-07,1.0476535077355854e-05,1.8483437482416368e-05,0.0046320418106436442,0.0084392400145952041,4.162586049863829e-09
11.0,34,3,-326320.01934019942,-271380.39126488613,4772070.0699860817,358779.37388612912,-2.2353692306087431e-05,-2.1401405419448664e-05,6.6018402575568087e-05,6.2188424806929039e-06,-2.7100653532520433e-05,-2.6967313982951751e-05,5.4067967515472194e-05,6.1579403253142081e-06,-1.4560894453472067e-05,-1.5223908444082481e-05,2.9784802897554551e-05,3.7416562959036686e-06,5.453832070304965e-05,3.011377893287402e-05,0.0044675027487799356,0.0095962163027863596,4.014515285038646e-09
11.0,34,4,-45711.109240410849,-961997.74964399589,4528528.8794261869,130807.79399462628,-1.4875605975667578e-05,-3.075790774266305e-05,6.441122049455346e-05,2.2673350959068549e-06,-1.724106534228633e-05,-3.1780430711872137e-05,4.9021496054158461e-05,2.0806067442566984e-06,-9.7162429572720324e-06,-1.9503678309040432e-05,2.9219921266312463e-05,1.4026614694562281e-06,4.9798997461514196e-05,2.9825197817537538e-05,0.0046323275175353135,0.0095961629614523831,4.162642999919637e-09
12.0,1,1,-47180879.294697382,-92764461.429257393,-46721189.474804945,-3919.92396991948,-1.5517068045068441e-05,-0.00031545703849047329,-1.2492309030176164e-05,-2.5793099722070176e-08,0.0,0.0,0.0,0.0,0.0,0.0,0.0,0.0,0.0,0.0,0.0001452103179379951,0.00052851788158763367,3.919875354115433e-10
12.0,1,2,-45896926.406681798,-88955548.480774865,-44181319.398377381,-45397.847637949773,-1.912838078434845e-05,-0.00030245411403188085,-7.839686669705345e-06,-2.9871783745770951e-07,0.0,0.0,0.0,0.0,0.0,0.0,0.0,0.0,0.0,0.0,0.00054192780591710073,0.00052851795709396901,1.4628812570387129e-09
12.0,1,3,-47710789.118732668,-92084733.456386209,-47251467.187115826,-66482.380661194577,-1.840274857693014e-05,-0.00031038330231869044,-1.53804102668913e-05,-4.3745406475066025e-07,0.0,0.0,0.0,0.0,0.0,0.0,0.0,0.0,0.0,0.0,0.00014520963287758558,0.0019724587862370272,3.919851094433807e-10
12.0,1,4,-46401574.524678506,-88299387.08523868,-44687340.733186953,-204430.51013083034,-2.1888842670280022e-05,-0.00029757644931876592,-1.0609184322265605e-05,-1.3451527566608636e-06,0.0,0.0,0.0,0.0,0.0,0.0,0.0,0.0,0.0,0.0,0.0005419252528419484,0.001972458764212078,1.462871781797349e-09
12.0,2,1,-44784444.923408739,-84298531.056335852,-40633268.706843264,-45774.452722963506,-2.6529980991220727e-05,-0.00028653266774588098,7.8475851378010744e-07,-3.0119589891709985e-07,0.0,0.0,0.0,0.0,0.0,0.0,0.0,0.0,0.0,0.0,0.00083234008404715117,0.00052851807550502558,2.246769100763446e-09
12.0,2,2,-42342233.61025174,-75363450.254610464,-34129095.942396313,-75109.790326960821,-3.8712945059988015e-05,-0.0002559925505798684,1.5329500794500732e-05,-4.9422242035140218e-07,0.0,0.0,0.0,0.0,0.0,0.0,0.0,0.0,0.0,0.0,0.0012290366894384306,0.0005285183472035791,3.3174487314119935e-09
12.0,2,3,-45251935.989617079,-83683671.408232242,-41108255.743225113,-324939.03435096564,-2.9088435048782789e-05,-0.00028196925410327057,-1.8230190275235797e-06,-2.1380988460293537e-06,0.0,0.0,0.0,0.0,0.0,0.0,0.0,0.0,0.0,0.0,0.00083233617296529761,0.0019724587487450862,2.2467536515492603e-09
12.0,2,4,-42766596.994290702,-74853735.093060389,-34560657.78764689,-440773.28158551361,-4.0958244219935992e-05,-0.00025209161290984058,1.3036835759780289e-05,-2.9002881928326795e-06,0.0,0.0,0.0,0.0,0.0,0.0,0.0,0.0,0.0,0.0,0.0012290309371851848,0.0019724588169625326,3.3174228555894074e-09
12.0,3,1,-40189604.261032179,-66744129.597655728,-27675867.18295826,-67509.971770972174,-5.1764426391790807e-05,-0.00022649320310677375,3.0575963581935601e-05,-4.442156142529969e-07,0.0,0.0,0.0,0.0,0.0,0.0,0.0,0.0,0.0,0.0,0.0015194272343171519,0.00052851864385364223,4.101107344974873e-09
12.0,3,2,-36404184.425633617,-52099428.755148515,-16857623.375601478,-104408.40582941816,-7.3068779761583074e-05,-0.00017634348744979112,5.5547591947628361e-05,-6.8700731035757146e-07,0.0,0.0,0.0,0.0,0.0,0.0,0.0,0.0,0.0,0.0,0.0019160846993596238,0.00052851923341863053,5.171370024776381e-09
12.0,3,3,-40536389.653896503,-66309632.09323822,-28036727.506094649,-506119.63631784392,-5.3614700102536571e-05,-0.00022320263535340504,2.8633076829999595e-05,-3.3302672069714129e-06,0.0,0.0,0.0,0.0,0.0,0.0,0.0,0.0,0.0,0.0,0.0015194201514316815,0.0019724589956379686,4.101071835223341e-09
12.0,3,4,-36684241.679888055,-51814759.225944549,-17123223.464271758,-547898.24328923889,-7.4499195748898515e-05,-0.00017405800120195023,5.4212304109856724e-05,-3.6051704408431918e-06,0.0,0.0,0.0,0.0,0.0,0.0,0.0,0.0,0.0,0.0,0.0019160757668721072,0.0019724596051609285,5.171315932953062e-09
12.0,4,1,-33199686.477920607,-39237782.445041135,-7274754.7096927091,-74015.272321559401,-9.2508623685123541e-05,-0.0001322392951487766,7.807742734981598e-05,-4.8702049187586082e-07,0.0,0.0,0.0,0.0,0.0,0.0,0.0,0.0,0.0,0.0,0.002206439523967423,0.0005285198301341876,5.9546480450541834e-09
12.0,4,2,-28020927.780294701,-18714447.537320189,7893933.9933127314,-73380.23169956122,-0.00012300822750194171,-6.177158750316942e-05,0.00011331156296839517,-4.8284192458311283e-07,0.0,0.0,0.0,0.0,0.0,0.0,0.0,0.0,0.0,0.0,0.0026030384320205645,0.00052852093558809158,7.0242871220730535e-09
12.0,4,3,-33400859.005405769,-39042510.321873389,-7417727.3797275536,-542354.04229234799,-9.3597119458499331e-05,-0.00013071918512085629,7.7371886638463307e-05,-3.5686895982836493e-06,0.0,0.0,0.0,0.0,0.0,0.0,0.0,0.0,0.0,0.0,0.002206429180083065,0.0019724604303790394,5.954575270960521e-09
12.0,4,4,-28107015.15601046,-18632356.791559603,7965026.3668714836,-568819.78256106528,-0.0001236806937090451,-6.1337441670958418e-05,0.00011367333951151814,-3.7428341692518091e-06,0.0,0.0,0.0,0.0,0.0,0.0,0.0,0.0,0.0,0.0,0.0026030259246475431,0.0019724623170877405,7.024179112920797e-09
12.0,5,1,-23731610.881931104,-1492899.3038597144,20658202.95734442,-90056.666147638767,-0.00014893923418216135,-2.6085119984515984e-06,0.00014314574088027159,-5.9257286325146309e-07,0.0,0.0,0.0,0.0,0.0,0.0,0.0,0.0,0.0,0.0,0.0028933432274132285,0.0005285220205150775,7.807035360948194e-09
12.0,5,2,-17160464.618370425,25012598.604506582,40167913.055577584,-335936.83054369345,-0.00018878753151478511,8.8711224491745599e-05,0.00018843319357979277,-2.2104643449775028e-06,0.0,0.0,0.0,0.0,0.0,0.0,0.0,0.0,0.0,0.0,0.0032898639827543524,0.00052852395890769981,8.87584815539736e-09
12.0,5,3,-23905541.969273213,-1520443.2727800272,20889530.936832044,-407744.5306251804,-0.00015013086835556828,-2.8369189326430564e-06,0.00014462071136660433,-2.682959011513687e-06,0.0,0.0,0.0,0.0,0.0,0.0,0.0,0.0,0.0,0.0,0.0028933287960255143,0.0019724644344065994,7.806884425958262e-09
12.0,5,4,-17099099.414200451,25066992.881465595,40881584.946431726,-216935.87690898715,-0.00018969425003908001,8.7758637266402553e-05,0.00019181865305387968,-1.4274380700611354e-06,0.0,0.0,0.0,0.0,0.0,0.0,0.0,0.0,0.0,0.0,0.0032898461054861024,0.0019724686300295682,8.87562686192957e-09
12.0,6,1,-11790244.390599605,46727271.510932438,56098706.384569466,-82247.016798778088,-0.00022141626702789101,0.00016362898760418978,0.00022529302907272147,-5.4118537053595976e-07,0.0,0.0,0.0,0.0,0.0,0.0,0.0,0.0,0.0,0.0,0.003580104380626275,0.00052852618706109673,9.657926788364409e-09
12.0,6,2,-3781955.9614100978,79486591.750086963,79915428.248767734,-19846.708780410776,-0.00027076497140524086,0.00027714207253640974,0.00027996381669772918,-1.3059134377510289e-07,0.0,0.0,0.0,0.0,0.0,0.0,0.0,0.0,0.0,0.0,0.0039765274863500372,0.0005285304173866021,1.0725736605603182e-08
12.0,6,3,-12010041.814081851,46476368.409146972,57060210.498423323,-71832.11782455277,-0.00022363800374437031,0.00016120257552447532,0.00023084425647191371,-4.7265533528555716e-07,0.0,0.0,0.0,0.0,0.0,0.0,0.0,0.0,0.0,0.0,0.003580083176550326,0.0019724728740890102,9.657603070544506e-09
12.0,6,4,-3896628.4873844609,78823056.902941763,81556106.595143586,-390493.40147314855,-0.00027288222076389713,0.00027141330910444942,0.00028939677607913735,-2.5694465816933174e-06,0.0,0.0,0.0,0.0,0.0,0.0,0.0,0.0,0.0,0.0,0.0039764999033999101,0.0019724805768298803,1.0725226916465352e-08
12.0,7,1,-48834982.1151428,-90976767.624696121,-48382456.633650579,-121595.01235072933,-2.39873362475262e-05,-0.00030128028490038704,-2.1009718579307407e-05,-8.0009518126779896e-07,0.0,0.0,0.0,0.0,0.0,0.0,0.0,0.0,0.0,0.0,0.00014520863664810551,0.0030295002873479086,3.9198283401072537e-10
12.0,7,2,-47473658.600193687,-87251691.091449648,-45784789.867050342,-464393.47502398648,-2.7170653086538417e-05,-0.00028891010687900274,-1.6057896822455212e-05,-3.0557090656578308e-06,0.0,0.0,0.0,0.0,0.0,0.0,0.0,0.0,0.0,0.0,0.00054192160110542195,0.0030294998740654226,1.46286310192784e-09
12.0,7,3,-50930037.650156736,-86224872.35485962,-50495711.086636342,-416629.14633064216,-3.8631666413220048e-05,-0.00027087167877016502,-3.577379762525586e-05,-2.7414197828556254e-06,0.0,0.0,0.0,0.0,0.0,0.0,0.0,0.0,0.0,0.0,0.0001452062699766394,0.0044734757472160002,3.9198142161020756e-10
12.0,7,4,-49496661.751398735,-82738376.796132624,-47875711.002648801,-1254834.8099613015,-4.1113050034919036e-05,-0.00025984353502926801,-3.0447194108144436e-05,-8.2568130495453635e-06,0.0,0.0,0.0,0.0,0.0,0.0,0.0,0.0,0.0,0.0,0.00054191294594006366,0.0044734732957918012,1.4628572338646121e-09
12.0,8,1,-46305878.479861706,-82753108.009230241,-42206017.639312394,-662479.58790611918,-3.4093973874611149e-05,-0.00027391674417785614,-7.1168895437966814e-06,-4.3591156884222642e-06,0.0,0.0,0.0,0.0,0.0,0.0,0.0,0.0,0.0,0.0,0.00083233063111217906,0.0030294992985538333,2.246739407340264e-09
12.0,8,2,-43685076.181827858,-74067967.027027056,-35592494.218174517,-893250.68319203961,-4.516185214172079e-05,-0.00024508127390313153,8.0873371791181991e-06,-5.8775894954036205e-06,0.0,0.0,0.0,0.0,0.0,0.0,0.0,0.0,0.0,0.0,0.0012290229986712049,0.0030294983800997809,3.317400722381173e-09
12.0,8,3,-48134387.465639815,-78549771.171595141,-44251917.434597567,-1971544.5833189155,-4.6645269330414577e-05,-0.00024677849411560066,-2.1098616526156577e-05,-1.2972763358238463e-05,0.0,0.0,0.0,0.0,0.0,0.0,0.0,0.0,0.0,0.0,0.00083231763183413726,0.004473469826140916,2.2467297379907206e-09
12.0,8,4,-45384753.465290144,-70617856.963441566,-37665879.020101041,-2581879.4749637619,-5.5835464472453395e-05,-0.00022186928549028975,-5.0452706231091e-06,-1.6988766945261552e-05,0.0,0.0,0.0,0.0,0.0,0.0,0.0,0.0,0.0,0.0,0.0012290047238362124,0.0044734633898013878,3.3173814651217537e-09
12.0,9,1,-41459598.367257632,-65719111.39427606,-29070986.682676762,-1002890.1723702129,-5.7529636874702692e-05,-0.00021715723259248395,2.3987428009839423e-05,-6.5990173341960003e-06,0.0,0.0,0.0,0.0,0.0,0.0,0.0,0.0,0.0,0.0,0.0015194105708057452,0.0030294976474944035,4.101041099271933e-09
12.0,9,2,-37421783.323237449,-51398046.757911205,-18054466.269416492,-1070321.1375653702,-7.7373946033009518e-05,-0.00016933775943316277,5.0063000181132424e-05,-7.0427130851801362e-06,0.0,0.0,0.0,0.0,0.0,0.0,0.0,0.0,0.0,0.0,0.0019160641287634974,0.0030294969977563285,5.171274160557158e-09
12.0,9,3,-42701508.957132854,-62794034.961795516,-31003810.521644164,-3040832.6346061165,-6.5306948921829542e-05,-0.00019751577003250986,1.1663906783685994e-05,-2.0008678735708244e-05,0.0,0.0,0.0,0.0,0.0,0.0,0.0,0.0,0.0,0.0,0.0015193890871613006,0.0044734576144538993,4.1010168725013395e-09
12.0,9,4,-38571088.244486332,-49634268.177546427,-20065890.602965392,-3220820.6814164203,-8.272919034922297e-05,-0.00015552491430875843,3.9035010131984805e-05,-2.1193000083720044e-05,0.0,0.0,0.0,0.0,0.0,0.0,0.0,0.0,0.0,0.0,0.0019160392974082042,0.0044734492326749132,5.17123090115592e-09
12.0,10,1,-34152812.280478954,-38854614.445138685,-8340384.3169337921,-1065274.8957935527,-9.619596335832025e-05,-0.0001271338216017813,7.3649812641806927e-05,-7.0095088143215765e-06,0.0,0.0,0.0,0.0,0.0,0.0,0.0,0.0,0.0,0.0,0.0022064161596831808,0.0030294967911934098,5.954520055988916e-09
12.0,10,2,-28715220.304308802,-18663299.496851571,7146086.0358545966,-876831.7134229365,-0.00012537890425316881,-5.9237265340100215e-05,0.00011058849146510638,-5.7695526743229218e-06,0.0,0.0,0.0,0.0,0.0,0.0,0.0,0.0,0.0,0.0,0.0026030111026199088,0.0030294974011744733,7.02410528324761e-09
12.0,10,3,-34627985.41392871,-37671133.03293018,-10113462.089531898,-3288665.4843483968,-9.7640266776153462e-05,-0.00011766417810918313,6.3665296698377558e-05,-2.1639418887012449e-05,0.0,0.0,0.0,0.0,0.0,0.0,0.0,0.0,0.0,0.0,0.0022063897814519682,0.0044734430584522384,5.954473184825597e-09
12.0,10,4,-29211468.184584394,-18729213.099745922,5261336.325425595,-3010525.9639863912,-0.00012477809561949586,-5.5804857161258689e-05,0.00010205295805636987,-1.9809260843030453e-05,0.0,0.0,0.0,0.0,0.0,0.0,0.0,0.0,0.0,0.0,0.0026029837773155489,0.0044734356924609345,7.024032312959061e-09
12.0,11,1,-24291632.878966291,-1709177.5701352134,20208002.709879179,-841774.41735748656,-0.0001506863081156269,-2.0937521835184249e-06,0.00014212129405897624,-5.5388756662122614e-06,0.0,0.0,0.0,0.0,0.0,0.0,0.0,0.0,0.0,0.0,0.0028933128516760416,0.0030294984396812843,7.806795852130531e-09
12.0,11,2,-17549372.094791379,24431200.693891391,40215277.737801872,-605421.7952943967,-0.00018988829639603224,8.6343872553500369e-05,0.00019020309950243134,-3.9836754130371298e-06,0.0,0.0,0.0,0.0,0.0,0.0,0.0,0.0,0.0,0.0,0.0032898286860614844,0.0030295011581454624,8.875500274533791e-09
12.0,11,3,-24248495.680494517,-2241588.2041054815,18524823.822657075,-2637063.2058790843,-0.00014696999067978411,-2.1645394851442418e-06,0.00013447845165095337,-1.7351875894684375e-05,0.0,0.0,0.0,0.0,0.0,0.0,0.0,0.0,0.0,0.0,0.0028932856339286212,0.0044734314229679618,7.806723325114976e-09
12.0,11,4,-17649821.183591064,23111337.828327835,38420267.4814962,-1837229.7619087999,-0.0001854690423074773,8.2739383990949045e-05,0.00018347214110879691,-1.2088971833359902e-05,0.0,0.0,0.0,0.0,0.0,0.0,0.0,0.0,0.0,0.0,0.0032898024871069946,0.0044734279263464322,8.875414943390439e-09
12.0,12,1,-11896896.313552447,46071214.624595657,56802340.31265606,-490478.62674742553,-0.00022202469836861993,0.00015940547160439456,0.00023001627863183203,-3.2273493639980598e-06,0.0,0.0,0.0,0.0,0.0,0.0,0.0,0.0,0.0,0.0,0.0035800648332745752,0.0030295038429473489,9.657468840594835e-09
12.0,12,2,-3633513.6296117604,78718870.971240163,81679200.891634762,394743.81582895678,-0.00027159652169140121,0.00027028216898220448,0.00028976113985840094,2.5974143081545354e-06,0.0,0.0,0.0,0.0,0.0,0.0,0.0,0.0,0.0,0.0,0.0039764802305602273,0.0030295086888962033,1.0725061577307365e-08
12.0,12,3,-12014764.189956624,44357872.436915115,54878197.750688851,-1196189.7124750232,-0.00021686681184619739,0.00015406513715861869,0.0002232888777232498,-7.8709283080856521e-06,0.0,0.0,0.0,0.0,0.0,0.0,0.0,0.0,0.0,0.0,0.0035800398102403801,0.0044734276519588362,9.657394513497756e-09
12.0,12,4,-4305972.7797853649,76418996.006620079,79218629.524803624,-915029.26982839219,-0.00026743731223857623,0.00026373298237597151,0.00028215457092561924,-6.0208925954708205e-06,0.0,0.0,0.0,0.0,0.0,0.0,0.0,0.0,0.0,0.0,0.0039764573704564278,0.0044734302041324423,1.0725014136442469e-08
12.0,13,1,-53656302.828955673,-79168248.274528697,-53249639.093724988,-690746.01311828836,-5.9061252102937561e-05,-0.00022692985313480801,-5.6385404725119639e-05,-4.5451087663183376e-06,0.0,0.0,0.0,0.0,0.0,0.0,0.0,0.0,0.0,0.0,0.0001452032708075539,0.0055305708114442957,3.919825078653498e-10
12.0,13,2,-52100484.556821853,-75970786.020225957,-50582756.567253746,-2523701.356030676,-6.0547825495891338e-05,-0.00021761440912509029,-5.0561175324533204e-05,-1.6605954922681847e-05,0.0,0.0,0.0,0.0,0.0,0.0,0.0,0.0,0.0,0.0,0.000541902022474654,0.0055305654519069609,1.4628609641626714e-09
12.0,13,3,-53336622.577846691,-59433145.891538441,-52987337.820502691,-1326411.970562937,-8.9058748624208469e-05,-0.00012917387202830016,-8.6760454920884955e-05,-8.7277907663041249e-06,0.0,0.0,0.0,0.0,0.0,0.0,0.0,0.0,0.0,0.0,0.00014519906600528857,0.0069747021180866023,3.9199882769288956e-10
12.0,13,4,-51572113.834380411,-56903170.643826723,-50268459.757420577,-4738561.4008426974,-8.8529393137931313e-05,-0.00012360774694408804,-7.995134931153561e-05,-3.1179734017544948e-05,0.0,0.0,0.0,0.0,0.0,0.0,0.0,0.0,0.0,0.0,0.00054188688908880919,0.0069746885691487452,1.4629209792642586e-09
12.0,14,1,-50609630.342711464,-72272046.063180536,-46987194.627484173,-3738410.1740250252,-6.4618551422307078e-05,-0.00020715724686299353,-4.078292441611152e-05,-2.4598738945084664e-05,0.0,0.0,0.0,0.0,0.0,0.0,0.0,0.0,0.0,0.0,0.0008323012119138256,0.0055305577383771877,2.246733854336593e-09
12.0,14,2,-47549353.386368625,-65247036.242054977,-40383485.179004222,-5159196.8381400807,-7.0850543086569599e-05,-0.00018730129627698579,-2.3699130282111811e-05,-3.394751519496173e-05,0.0,0.0,0.0,0.0,0.0,0.0,0.0,0.0,0.0,0.0,0.0012289817435891346,0.0055305430622607839,3.317384004021973e-09
12.0,14,3,-50624468.540770076,-54573929.348309018,-47204751.341735832,-7085622.8128447197,-9.2312027213579514e-05,-0.00011829947932718573,-6.9810288043934202e-05,-4.6623398108518256e-05,0.0,0.0,0.0,0.0,0.0,0.0,0.0,0.0,0.0,0.0,0.0008322783149516753,0.0069746690831762803,2.2468162808777266e-09
12.0,14,4,-46982025.959134161,-49477738.132650822,-40756613.975508615,-9895217.3607879672,-9.2339853464778869e-05,-0.0001087616395665185,-5.1376642612522816e-05,-6.5110530233984817e-05,0.0,0.0,0.0,0.0,0.0,0.0,0.0,0.0,0.0,0.0,0.0012289497138116279,0.0069746313027817721,3.3174975209305247e-09
12.0,15,1,-44741507.562874988,-58399669.305810757,-33812959.016211569,-5916770.9775084369,-7.8011585065579665e-05,-0.00016788228933409699,-6.1017356285343715e-06,-3.8932353032005511e-05,0.0,0.0,0.0,0.0,0.0,0.0,0.0,0.0,0.0,0.0,0.0015193620256619762,0.0055305296583624776,4.1010128835438925e-09
12.0,15,2,-40058180.762998939,-46490237.373138607,-22790274.080836765,-6612537.2199721877,-9.0827695717713599e-05,-0.00013315062821243263,2.2795130250913494e-05,-4.3510494907416991e-05,0.0,0.0,0.0,0.0,0.0,0.0,0.0,0.0,0.0,0.0,0.0019160080922754948,0.0055305096784634116,5.171220022622773e-09
12.0,15,3,-44965429.386716358,-45121098.084474601,-34990474.136593208,-11557567.95990915,-9.8250862824294613e-05,-9.9275162855543884e-05,-3.2615657278484344e-05,-7.6048797176202207e-05,0.0,0.0,0.0,0.0,0.0,0.0,0.0,0.0,0.0,0.0,0.0015193243130955773,0.0069745959771205747,4.101123328658858e-09
12.0,15,4,-39312611.267089173,-36342628.581452444,-24200586.539177869,-12968060.108687222,-0.00010090477644484995,-8.1362290373360296e-05,-1.4676537351935978e-06,-8.5329835515161922e-05,0.0,0.0,0.0,0.0,0.0,0.0,0.0,0.0,0.0,0.0,0.0019159650626123276,0.0069745414251644175,5.171338249138136e-09
12.0,16,1,-36052623.211763561,-35838357.039126001,-12985998.902684821,-6692220.8130618948,-0.00010312063367075668,-0.00010171076225480154,4.865775428298139e-05,-4.4034812949947267e-05,0.0,0.0,0.0,0.0,0.0,0.0,0.0,0.0,0.0,0.0,0.0022063565644239447,0.0055304943490477217,5.954445335969527e-09
12.0,16,2,-29891410.91009067,-18279510.887497261,2563497.3925943971,-6380854.7055643573,-0.00012462575322850681,-4.82194510798422e-05,8.8927543403160913e-05,-4.198602396261347e-05,0.0,0.0,0.0,0.0,0.0,0.0,0.0,0.0,0.0,0.0,0.0026029494849676145,0.0055304750170811386,7.0239934391234246e-09
12.0,16,3,-36501914.103113465,-29213756.255330361,-15510034.346582239,-13534252.74731273,-0.00011184598136454541,-6.3889902726132599e-05,2.6280587433430057e-05,-8.9055383077317758e-05,0.0,0.0,0.0,0.0,0.0,0.0,0.0,0.0,0.0,0.0,0.0022063112548675028,0.0069744976317980944,5.9545182275224576e-09
12.0,16,4,-28950658.586718731,-15536331.105796784,-125994.49477838352,-13017576.949400017,-0.00012000681848468487,-3.1740543660218485e-05,6.9659471240282586e-05,-8.5655656327052106e-05,0.0,0.0,0.0,0.0,0.0,0.0,0.0,0.0,0.0,0.0,0.0026029040909095642,0.0069744384679781245,7.024044820679808e-09
12.0,17,1,-24821276.180037633,-3187889.3055038359,15716147.851766303,-5663755.5727220858,-0.00014390102940328286,-1.5533437688504761e-06,0.00012283522072598703,-3.726751166851132e-05,0.0,0.0,0.0,0.0,0.0,0.0,0.0,0.0,0.0,0.0,0.0028932518036238154,0.0055304627085092598,7.806659999812328e-09
12.0,17,2,-17436227.01808501,20994385.283037759,35908888.710655868,-4443492.5903441841,-0.00017708830800046099,7.578512094092685e-05,0.00017392255349465399,-2.9238181244464729e-05,0.0,0.0,0.0,0.0,0.0,0.0,0.0,0.0,0.0,0.0,0.0032897709072178052,0.005530451091265323,8.875341522071313e-09
12.0,17,3,-25507244.026891276,-4642782.2900440227,11709311.809663825,-12204238.391876191,-0.00013870133677545567,-1.4131785470007338e-06,0.00010618360062907689,-8.0303888618545331e-05,0.0,0.0,0.0,0.0,0.0,0.0,0.0,0.0,0.0,0.0,0.0028932083397288509,0.0069743964536114209,7.806609844049283e-09
12.0,17,4,-16743850.281933226,15278454.658862587,31784471.357261017,-9171369.8252109401,-0.00015807867451514141,5.262809199529502e-05,0.00016123768187075669,-6.0347613449887977e-05,0.0,0.0,0.0,0.0,0.0,0.0,0.0,0.0,0.0,0.0,0.0032897327849436067,0.0069743483267095292,8.875221330999619e-09
12.0,18,1,-11518326.791931048,41233325.305111647,52455682.220402256,-2907738.4446877958,-0.0002056202658499672,0.00014148560494857372,0.00021532871345118594,-1.9132918966045695e-05,0.0,0.0,0.0,0.0,0.0,0.0,0.0,0.0,0.0,0.0,0.0035800111402894746,0.0055304467481173724,9.65730337144406e-09
12.0,18,2,-3255828.3269455284,73004479.591436952,77285956.529349297,-325567.7505599893,-0.00025373803070556991,0.00024805479539738678,0.00027622691364885007,-2.1422357986847296e-06,0.0,0.0,0.0,0.0,0.0,0.0,0.0,0.0,0.0,0.0,0.0039764336268328171,0.0055304484806559286,1.072492794207314e-08
12.0,18,3,-12492427.377530068,31653010.941648856,47289546.483581811,-7047832.0362470662,-0.00018719137761951478,0.00010328560652068251,0.00020617401038660135,-4.6374734798505692e-05,0.0,0.0,0.0,0.0,0.0,0.0,0.0,0.0,0.0,0.0,0.003579978834177989,0.0069743207950118957,9.657027814823148e-09
12.0,18,4,-3707514.9240126759,60071116.69103156,72252498.504667282,-2148980.8998710089,-0.00022760888662926756,0.00019205450939772353,0.00027220800173144655,-1.4140294321151239e-05,0.0,0.0,0.0,0.0,0.0,0.0,0.0,0.0,0.0,0.0,0.0039764097872544814,0.0069743020535205898,1.0724500894456512e-08
12.0,19,1,-49262946.163985856,-34546064.023918986,-48892501.755714893,-1983092.2398915496,-0.00011448179688810774,-1.7644712406467764e-05,-0.00011204427268168478,-1.3048746938486395e-05,0.0,0.0,0.0,0.0,0.0,0.0,0.0,0.0,0.0,0.0,0.00014519556609692789,0.0080320040924636901,3.9202405764894404e-10
12.0,19,2,-48166630.518126234,-33002376.70546018,-46783917.864766017,-6726159.0679815626,-0.00011477080716967381,-1.499001708233113e-05,-0.00010567255791056352,-4.4258126667318678e-05,0.0,0.0,0.0,0.0,0.0,0.0,0.0,0.0,0.0,0.0,0.00054187362133977434,0.0080319807739317062,1.4630092908321303e-09
12.0,19,3,5444033.4123087153,-6263979.0830635764,5929478.4159797402,-1074428.2494944967,2.774867811553604e-05,-4.9290044104013645e-05,3.0942906239691379e-05,-7.0697378816737875e-06,0.0,0.0,0.0,0.0,0.0,0.0,0.0,0.0,0.0,0.0,0.00014521659085551164,0.0094763482410116177,3.9212560049683705e-10
12.0,19,4,4975402.7681639381,-5737085.3671117378,6786550.170590505,-3622085.8460053843,2.3218859451323237e-05,-4.7269312478790711e-05,3.5136209359290047e-05,-2.3833324866715428e-05,0.0,0.0,0.0,0.0,0.0,0.0,0.0,0.0,0.0,0.0,0.00054195096509182636,0.0094763095488132575,1.4633784020691175e-09
12.0,20,1,-46507589.242118761,-31345473.352565929,-43596899.336927198,-10358773.434462152,-0.00011412899736119465,-1.4362274807937039e-05,-9.4976657785034158e-05,-6.8160729198760955e-05,0.0,0.0,0.0,0.0,0.0,0.0,0.0,0.0,0.0,0.0,0.00083225845965245575,0.0080319470321420922,2.2469530766864163e-09
12.0,20,2,-44534071.201918513,-29168318.516078196,-38459588.594321549,-14376698.548843456,-0.00011581826277516096,-1.4711610102331674e-05,-7.5848167217172966e-05,-9.4598676451389943e-05,0.0,0.0,0.0,0.0,0.0,0.0,0.0,0.0,0.0,0.0,0.001228921423846891,0.0080318807049758745,3.3176649094635486e-09
12.0,20,3,4114265.2288899086,-5405139.0231192531,8302607.6924950806,-5375363.7503556665,1.5993325646835734e-05,-4.6644354331384549e-05,4.355261905735777e-05,-3.5369893477340284e-05,0.0,0.0,0.0,0.0,0.0,0.0,0.0,0.0,0.0,0.0,0.00083237547543026265,0.0094762537904710883,2.2474981477704974e-09
12.0,20,4,2529729.556251429,-5062261.6305475449,10797185.774652552,-7612148.9459134266,3.5874676335712362e-06,-4.6367834375566013e-05,5.7987329550650616e-05,-5.0087940064110346e-05,0.0,0.0,0.0,0.0,0.0,0.0,0.0,0.0,0.0,0.0,0.0012290887975074855,0.0094761435420077141,3.3184235385226664e-09
12.0,21,1,-41487748.803978823,-26376483.653491724,-32704959.508298393,-17167224.299971845,-0.00011409006382426571,-1.4657939134060622e-05,-5.6299310258688496e-05,-0.00011296033589381475,0.0,0.0,0.0,0.0,0.0,0.0,0.0,0.0,0.0,0.0,0.0015192907583208271,0.0080318182412884818,4.101327933126014e-09
12.0,21,2,-38379201.82546562,-22448178.624907531,-24009087.13395853,-19775337.405710198,-0.0001184935292283197,-1.3667396568647507e-05,-2.393817455820307e-05,-0.0001301217201295731,0.0,0.0,0.0,0.0,0.0,0.0,0.0,0.0,0.0,0.0,0.0019159255664728872,0.0080317191674589318,5.171509960396479e-09
12.0,21,3,738428.0408516638,-4850435.5743861757,13323085.237715952,-9081577.3303820174,-9.694646263802729e-06,-4.646936885206771e-05,7.3112398091564285e-05,-5.9756778833913677e-05,0.0,0.0,0.0,0.0,0.0,0.0,0.0,0.0,0.0,0.0,0.0015194914477818491,0.0094760387289600789,4.1021893718747666e-09
12.0,21,4,-1449781.8892871514,-4112787.5859795213,17883951.309788033,-10712134.647060614,-2.9007348130053199e-05,-4.6529925614289e-05,9.8208616319861512e-05,-7.0485845977658843e-05,0.0,0.0,0.0,0.0,0.0,0.0,0.0,0.0,0.0,0.0,0.0019161658637867137,0.0094758685945233352,5.172485241379761e-09
12.0,22,1,-33620302.560393594,-17716440.669217784,-15205677.295037499,-21077467.605394397,-0.00011608456641844461,-1.1437155174507788e-05,5.0836678275984792e-06,-0.00013868973684349513,0.0,0.0,0.0,0.0,0.0,0.0,0.0,0.0,0.0,0.0,0.0022062691286073993,0.008031638118179061,5.954716676335018e-09
12.0,22,2,-29268624.46028167,-11080967.714986943,-2624683.5366641879,-21324577.351111732,-0.00012468819332379954,-5.0134119397602548e-06,5.0628937953603455e-05,-0.00014031571897031518,0.0,0.0,0.0,0.0,0.0,0.0,0.0,0.0,0.0,0.0,0.0026028611169365877,0.0080315236211773496,7.0241191100688515e-09
12.0,22,3,-3681890.049032364,-3696627.0126854442,21861438.230990149,-11631309.581341673,-4.710985197008326e-05,-4.7206821190920516e-05,0.00012096524811246488,-7.6534017045228208e-05,0.0,0.0,0.0,0.0,0.0,0.0,0.0,0.0,0.0,0.0,0.0022065334259664358,0.0094757257117407262,5.95567428223628e-09
12.0,22,4,-5552712.0448942855,-2123024.1308386177,29010281.061032053,-12087339.343775038,-7.0245426174177033e-05,-4.7678079699690749e-05,0.00015717906846281823,-7.9534692882039749e-05,0.0,0.0,0.0,0.0,0.0,0.0,0.0,0.0,0.0,0.0,0.0026031516319828829,0.0094755152548667409,7.025056895041592e-09
12.0,23,1,-22861149.540099703,-3412500.3185015041,9530110.3128184229,-20282119.481399212,-0.00012397157149151924,4.000540386596898e-06,8.9162918340682021e-05,-0.0001334563461876068,0.0,0.0,0.0,0.0,0.0,0.0,0.0,0.0,0.0,0.0,0.002893167511496526,0.0080314394201650777,7.806702347463843e-09
12.0,23,2,-17131268.46531665,7862034.2746619359,26598018.605566666,-17195272.966684885,-0.00014010322587734443,2.4352706151714658e-05,0.00014763548304906778,-0.00011314489612078653,0.0,0.0,0.0,0.0,0.0,0.0,0.0,0.0,0.0,0.0,0.0032896997256421142,0.0080313342692095863,8.8751037936773e-09
12.0,23,3,-7336936.2310914584,-1251926.0100513026,34917586.663836211,-11944445.586076263,-8.9876424988437445e-05,-4.9837057733993216e-05,0.00018815833566018659,-7.8594451956381811e-05,0.0,0.0,0.0,0.0,0.0,0.0,0.0,0.0,0.0,0.0,0.0028934722171266984,0.0094753520316250874,7.807469059504376e-09
12.0,23,4,-7430938.4038557857,1357760.1091133282,45349806.540554725,-10164777.46993468,-0.00011095264732575443,-5.3123011110417693e-05,0.00023634465440846669,-6.6884235752170192e-05,0.0,0.0,0.0,0.0,0.0,0.0,0.0,0.0,0.0,0.0,0.0032900198922584762,0.0094751300513006374,8.87569147104906e-09
12.0,24,1,-9996166.1121983826,19549294.311883602,42098010.549162738,-12559834.185450573,-0.0001473835722414451,4.702555734901433e-05,0.00019539611019031103,-8.2643708940264757e-05,0.0,0.0,0.0,0.0,0.0,0.0,0.0,0.0,0.0,0.0,0.0035799550881792852,0.0080312677122098067,9.65688493524163e-09
12.0,24,2,-3361600.0714355782,37742301.913805388,64074964.206593022,-4056520.6121820644,-0.00017767928082740734,9.2784394235478191e-05,0.00026605331212202076,-2.6691905628157982e-05,0.0,0.0,0.0,0.0,0.0,0.0,0.0,0.0,0.0,0.0,0.0039764056652757214,0.0080312039076060535,1.0724070411376006e-08
12.0,24,3,-7180231.4085150063,3150054.1002057716,53979607.130883947,-8129705.5787069406,-0.00012616602178769679,-5.8192743140314084e-05,0.00027626571580154834,-5.3493462707891666e-05,0.0,0.0,0.0,0.0,0.0,0.0,0.0,0.0,0.0,0.0,0.0035802846847104502,0.0094749710535167696,9.657178982209733e-09
12.0,24,4,-2965448.3104602993,7967905.0458018482,69067075.175771654,-2612396.2314918931,-0.00013654251030238763,-6.4601045218182687e-05,0.00033743149423701862,-1.7189567203216657e-05,0.0,0.0,0.0,0.0,0.0,0.0,0.0,0.0,0.0,0.0,0.0039767529692200628,0.0094747775382514107,1.0724102659247306e-08
12.0,25,1,-585280.75086717843,-254619.55502498732,4670262.6523387134,89634.771037203885,-2.5466315734150623e-05,-1.9734855006219312e-05,6.5629769921418196e-05,1.5536693646448677e-06,-2.7459011515835075e-05,-2.2757219942702169e-05,5.0216231458537241e-05,1.3067258939398787e-06,-1.5710386068025727e-05,-1.3387787324599365e-05,2.9098173392625095e-05,6.0183051206976316e-07,5.0312343588959356e-05,2.9142995244467283e-05,0.0041819393528950335,0.00042347042003709046,3.7579185312851356e-09
12.0,25,2,-379316.30178051814,-77412.000418963609,4849569.0209932951,59861.260924279421,-2.4146178772704233e-05,-1.89131708824373e-05,6.6487833488708541e-05,1.0375951893541767e-06,-2.3268279838367629e-05,-1.9525989158008656e-05,4.2794268996376291e-05,7.8377038494706113e-07,-1.4978247930467228e-05,-1.2702748645655625e-05,2.7680996576122853e-05,5.6222899132964565e-07,4.285838513013935e-05,2.7720571222200643e-05,0.0043467620561606184,0.00042347280431999368,3.906072201443027e-09
12.0,25,3,-744904.61362012918,16928.619390335167,4679651.0879033143,-130587.61226085376,-2.8718380344109657e-05,-1.5513270971928274e-05,6.5307251815630051e-05,-2.2635186125214646e-06,-2.790489001993773e-05,-1.7469236182506124e-05,4.5374126202443857e-05,-1.7576316137633964e-06,-1.6834271471948869e-05,-1.069044670627746e-05,2.752471817822633e-05,-9.2088434499235014e-07,4.581750129210404e-05,2.777643948746659e-05,0.0041819111747539968,0.0015804227688012023,3.75792096266417e-09
12.0,25,4,-527740.45709797414,11129.742766324198,4791564.3726129541,-131470.13631802352,-2.6247315889490118e-05,-1.6906899091842285e-05,6.5953967825499346e-05,-2.2788156961790741e-06,-2.2132058907885118e-05,-1.5905300929025457e-05,3.8037359836910569e-05,-1.5413901134616687e-06,-1.537313431146669e-05,-1.0998830755758031e-05,2.6371965067224724e-05,-1.1608161760004957e-06,3.824857417436512e-05,2.6527635112424043e-05,0.0043467333684675371,0.0015804278140159982,3.9060697455751754e-09
12.0,26,1,-265965.08143558446,39791.374686084222,4954924.7542226734,55848.582278378344,-2.3525065601442799e-05,-1.8225287028667221e-05,6.697035821663362e-05,9.6804209282522428e-07,-2.0651170225828563e-05,-1.7210993793820097e-05,3.786216401964867e-05,7.0171768037077095e-07,-1.4635893014977983e-05,-1.2161106789913325e-05,2.6796999804891315e-05,6.444772348872122e-07,3.792307335224326e-05,2.684770823142483e-05,0.0044674212548974617,0.00042347463245722805,4.014527154775819e-09
12.0,26,2,-53416.774623197736,261989.28595559974,5159542.0576768648,18657.717559895649,-2.2398349036172501e-05,-1.6931310652806658e-05,6.7959604057028577e-05,3.2340043770485783e-07,-1.715662972522425e-05,-1.4161294298681054e-05,3.1317924023905316e-05,1.9615191009438886e-07,-1.4196746558056444e-05,-1.1468386845993843e-05,2.5665133404050294e-05,1.8144514020951063e-07,3.136654261702575e-05,2.5716149873707085e-05,0.004632245479851054,0.00042347728110544991,4.162684011468766e-09
12.0,26,3,-249915.75908387126,58580.355135085061,4957636.7727092095,-134786.09892470815,-2.3397078632495473e-05,-1.8049812652700222e-05,6.6867165251917953e-05,-2.3362923813616079e-06,-1.7909629428981322e-05,-1.4876406307859981e-05,3.278603573684131e-05,-1.3873920616165633e-06,-1.4023872171672329e-05,-1.1561422885601706e-05,2.5585295057274044e-05,-1.2682181732627729e-06,3.2872153337664065e-05,2.5670311105508285e-05,0.0044673927035833198,0.0015804313011909654,4.014527958758753e-09
12.0,26,4,-125267.08024870115,-84552.054418811807,4947890.9146657968,-75522.865336975752,-2.1123583177637299e-05,-2.0417856063252537e-05,6.6811155400880689e-05,-1.3090629991742466e-06,-1.3811621317162343e-05,-1.3486123462667328e-05,2.7297744779829677e-05,-6.3260221227340875e-07,-1.2638589623057928e-05,-1.2203386594134545e-05,2.4841976217192473e-05,-6.1986837773402694e-07,2.730820763204888e-05,2.4854469254815194e-05,0.0046322177245148146,0.001580435926304133,4.162670023924061e-09
12.0,27,1,-298868.35456912359,327688.52375896741,5062918.7194437552,76831.212959664175,-2.5547340367065869e-05,-1.4687021142712306e-05,6.7390302249157374e-05,1.3317410246341787e-06,-2.3453896564500485e-05,-1.5961500380402821e-05,3.9415396944903299e-05,8.4033258315157322e-07,-1.5211815640384557e-05,-1.0359091478150823e-05,2.5570907118535371e-05,3.7402066764452346e-07,3.96642830959456e-05,2.5732354901248272e-05,0.0041818867964161614,0.0024273781178585016,3.7579438121716715e-09
12.0,27,2,-169647.34232367505,91957.488585509825,5020259.9269172736,75534.662110141799,-2.271083422632681e-05,-1.8176350490567616e-05,6.7247558440516352e-05,1.3092674765757911e-06,-1.7680214480099253e-05,-1.5210100506855188e-05,3.2890314986954446e-05,7.3965733626718746e-07,-1.3318231659837994e-05,-1.1664457662474426e-05,2.4982689322312418e-05,5.7423792546993343e-07,3.2932401033001325e-05,2.50108679583928e-05,0.0043467105797779255,0.0024273804537220571,3.906083653633405e-09
12.0,27,3,-974964.987378994,-277966.48459084355,4417913.2067728536,65960.834868536243,-2.9559320053781291e-05,-1.7478012672120014e-05,6.3917235311517401e-05,1.1433211377212948e-06,-2.4508694760530814e-05,-1.600344209784175e-05,4.0512136858372577e-05,9.6746220335860819e-07,-1.5661093722749194e-05,-1.0155852953983888e-05,2.581694667673309e-05,8.7601204000702858e-07,4.082499387572819e-05,2.6040578428754375e-05,0.0041818778878046237,0.0035843390907495071,3.757905195596088e-09
12.0,27,4,-597403.78822005261,-27360.767950062174,4728731.001125887,26300.570133436366,-2.6770864775637322e-05,-1.6890119090957503e-05,6.5548804906358948e-05,4.5587654897956354e-07,-1.9098374834441937e-05,-1.3453628244932173e-05,3.2552003079374113e-05,2.6642132560244966e-07,-1.4635632160317858e-05,-1.0101190372593127e-05,2.4736822532910989e-05,2.0138656830162523e-07,3.271642893178266e-05,2.487775075276568e-05,0.0043467006565435697,0.0035843409343864967,3.906066183507559e-09
12.0,28,1,-196157.58385241963,-136929.78109622002,4889549.3570160307,81724.414544024956,-2.1625912755044842e-05,-2.0599297507270712e-05,6.652634088667496e-05,1.4165565187630989e-06,-1.4799472882429292e-05,-1.4354174656617668e-05,2.9153647539046963e-05,7.2887724733338875e-07,-1.2427543194959861e-05,-1.2253317213929072e-05,2.468086040888894e-05,7.0822710472964573e-07,2.916707698626299e-05,2.469635373268728e-05,0.0044673709132708964,0.0024273821308169216,4.01452346592902e-09
12.0,28,2,9033.4572858510073,-252434.66740877181,4920274.1456720848,49105.590229998583,-1.8550911815908575e-05,-2.3083025977282041e-05,6.657726011611949e-05,8.5116356398664225e-07,-1.0976076386768324e-05,-1.2881713199153714e-05,2.3857789585922038e-05,3.5196721506577502e-07,-1.0914671715629101e-05,-1.3139221218035261e-05,2.4053892933664368e-05,3.6173945475246705e-07,2.3886766932285116e-05,2.4092707792894274e-05,0.0046321970559122629,0.0024273845370497912,4.162668665254403e-09
12.0,28,3,-348582.88789469493,110731.19657244743,4920242.5433696751,22350.479297477021,-2.4771666798364429e-05,-1.6810222667600622e-05,6.6554640676884659e-05,3.8740830782293496e-07,-1.5586902344396681e-05,-1.1822211939994624e-05,2.7409114284391312e-05,1.8289544346594956e-07,-1.3702095732680462e-05,-1.0310709142218405e-05,2.4012804874898867e-05,1.2107057849544944e-07,2.7495981991077e-05,2.409384839278314e-05,0.0044673602617802729,0.0035843422331037393,4.014526162166528e-09
12.0,28,4,-106855.57717159158,167408.79224941693,5066979.658261504,38846.898893191603,-2.2362294830998246e-05,-1.760837909436742e-05,6.7317515916508766e-05,6.7334624748198782e-07,-1.1546403996857799e-05,-9.8026213344830608e-06,2.1349025331340861e-05,2.4698997146431023e-07,-1.2649473565853988e-05,-1.0672004902445129e-05,2.3321478468299116e-05,3.0775227532524179e-07,2.1374653540680028e-05,2.3352282256618004e-05,0.004632185471158963,0.0035843440394376881,4.162678670322465e-09
12.0,29,1,-339355.13601700659,162645.40477679693,4957024.2266956866,-141284.70884982563,-2.5003413672783339e-05,-1.630207096569077e-05,6.6800495280903323e-05,-2.4489349533969773e-06,-2.0002054332198479e-05,-1.4812168100158884e-05,3.4814222432357366e-05,-1.588440442049438e-06,-1.3961081959044149e-05,-1.0585650520462094e-05,2.4546732479506247e-05,-1.3992045039970582e-06,3.499199699227944e-05,2.4690162750739923e-05,0.0041818608054176119,0.0044312925056754684,3.7579375704948725e-09
12.0,29,2,-225548.89060225035,27244.652121572522,4950982.7022580151,-88425.504913515048,-2.2920227958881702e-05,-1.8538473218335426e-05,6.6806319650696263e-05,-1.5327087518342608e-06,-1.5322486076827768e-05,-1.323774890831188e-05,2.8560234985139644e-05,-7.4895669104137964e-07,-1.2665248779758761e-05,-1.1261850630114472e-05,2.392709940987323e-05,-5.8293964482492664e-07,2.859878967087245e-05,2.3954340990971294e-05,0.0043466852519660013,0.0044312956132355977,3.9060796977286755e-09
12.0,29,3,-578237.78789863386,100416.02103118901,4783547.073457161,166163.54384125627,-2.7245689549935188e-05,-1.5482356861818269e-05,6.5691914713565273e-05,2.8801680932484417e-06,-1.9369824380612301e-05,-1.280265843579338e-05,3.2172482816405681e-05,1.7112516903327865e-06,-1.4544133461652542e-05,-9.5104683944826887e-06,2.4054601856135225e-05,1.598747465162132e-06,3.245647262314385e-05,2.4311046153816708e-05,0.0041818430641164944,0.0055882564574554049,3.757928058632007e-09
12.0,29,4,-561546.88731468422,-39994.555476587731,4728940.6709602475,94768.227624494408,-2.6243076292797098e-05,-1.7202835874270115e-05,6.5458708050635087e-05,1.64264927882457e-06,-1.5134248759317337e-05,-1.1055354300670913e-05,2.6189603059988248e-05,7.4091371170689838e-07,-1.3627870575970441e-05,-9.8166429411095645e-06,2.3444513517080009e-05,6.4016998269315087e-07,2.6309183741676793e-05,2.3561765736201667e-05,0.0043466669923210742,0.0055882586292755262,3.906066671667597e-09
12.0,30,1,-209835.35031636804,-88010.623985492159,4897331.0789039358,-80768.012788746331,-2.2035086490558701e-05,-1.9923457900823506e-05,6.6489131615926606e-05,-1.3999788883382702e-06,-1.2755498191365036e-05,-1.18774209211226e-05,2.463291911248764e-05,-5.9005207707062813e-07,-1.2170971202461386e-05,-1.1460357609984231e-05,2.3631328812445619e-05,-4.911160754578892e-07,2.4647572573446002e-05,2.364392706619338e-05,0.0044673458626959071,0.0044312977595816058,4.014524387088027e-09
12.0,30,2,-18047.401853906456,-89957.565453087213,4983519.3374507958,-77660.043826460358,-1.98148791127096e-05,-2.1061321948428719e-05,6.6878944368571941e-05,-1.3461074263253125e-06,-9.7088034573508447e-06,-1.0133677868528548e-05,1.9842481325879392e-05,-4.5884703554168837e-07,-1.0941997178342233e-05,-1.1450796800976848e-05,2.2392793979319081e-05,-5.4071785979856006e-07,1.9851069460501722e-05,2.2403665038634624e-05,0.0046321721592032863,0.0044313005484904709,4.162673075275271e-09
12.0,30,3,-144089.86056124233,86889.087062261067,5007767.6608239627,86171.64570024448,-2.2299825132361469e-05,-1.8296190040220742e-05,6.6999038571648778e-05,1.4936418588042374e-06,-1.1354897187425634e-05,-9.8931721929037498e-06,2.1248069380329387e-05,5.4532783024211255e-07,-1.1980229226968767e-05,-1.0401108996936799e-05,2.2381338223905569e-05,5.5378849420722203e-07,2.1274143358415396e-05,2.2411440129842998e-05,0.0044673274352299095,0.0055882603482339879,4.014531904035747e-09
12.0,30,4,-174346.04834491736,-139411.49051882327,4876982.8628384136,70795.045140409085,-2.1274899467210603e-05,-2.06693671315583e-05,6.6281468326633832e-05,1.2271141157670908e-06,-8.9508712212918213e-06,-8.7664363821337301e-06,1.7717307603425556e-05,3.7375806582867896e-07,-1.0754511280345275e-05,-1.0397229636714194e-05,2.1151740917059471e-05,4.7568338741449503e-07,1.7722883161985676e-05,2.116098246418533e-05,0.0046321537986857911,0.0055882627743765673,4.1626661421759865e-09
12.0,31,1,-764548.65468141902,-201137.19546087249,4546218.6430503428,-149201.95612910058,-2.7574307852776807e-05,-1.7808509226287334e-05,6.447899197457376e-05,-2.586167239571077e-06,-1.7183122767364344e-05,-1.2276973215809798e-05,2.9460095983174146e-05,-1.3866065165726181e-06,-1.3392185641077411e-05,-9.7756678610598755e-06,2.3167853502137289e-05,-1.4865657804119602e-06,2.9640205710121237e-05,2.335617692403833e-05,0.004181822940893848,0.006435211563359332,3.757913524146537e-09
12.0,31,2,-316816.18249275489,40412.872806846863,4895108.0143928714,-80378.608066520464,-2.3966299315368945e-05,-1.7774329023509186e-05,6.6373720097315282e-05,-1.3932292064863548e-06,-1.2344893516287368e-05,-9.9693323947467815e-06,2.2314225911034149e-05,-5.3451502192685012e-07,-1.2046474178920548e-05,-9.9119013573325939e-06,2.1958375536253142e-05,-5.8789993550065046e-07,2.2364854496157142e-05,2.2010209740578483e-05,0.0043466476648958618,0.0064352162817278239,3.906076906731372e-09
12.0,31,3,-662104.93122270238,1253430.7870348427,5074364.0846188795,-43387.418738449582,-3.4139245236250929e-05,-9.3662611978679921e-07,6.529288437166982e-05,-7.5204859146645971e-07,-2.2413146814357096e-05,-5.4024148371709775e-06,2.7815561651528078e-05,-3.559406621428886e-07,-1.8916112645403527e-05,-2.9364884534627567e-06,2.1852601098866286e-05,5.0942097080483656e-08,2.9505384725590276e-05,2.396447882580951e-05,0.0041818139671533031,0.0075921930769888924,3.7579553155268926e-09
12.0,31,4,-443636.29541391204,382638.21873034141,4930915.8287780909,-314665.45091261418,-2.7169366795552549e-05,-1.2847275217052167e-05,6.5989536690442164e-05,-5.4542011491519772e-06,-1.3002866482781271e-05,-7.8048802405346725e-06,2.0807746723315945e-05,-1.9795197077427199e-06,-1.36611592201606e-05,-7.6911922076648399e-06,2.135235142782544e-05,-2.5990655730203878e-06,2.114694639243019e-05,2.190850537883065e-05,0.004346636812691978,0.0075921880406569671,3.906082140108147e-09
12.0,32,1,-374559.52018371131,-32752.342538560275,4824662.8850604948,-79268.663390576592,-2.4161769105870572e-05,-1.823711136002127e-05,6.5958085918362371e-05,-1.3739901654366608e-06,-1.0692791835971624e-05,-8.7139864836846865e-06,1.9406778319656311e-05,-4.5890568029190674e-07,-1.1557600497600217e-05,-9.4604739853901123e-06,2.1018074482990333e-05,-5.8434820926254594e-07,1.944759781704588e-05,2.1066126796051744e-05,0.0044673084691982399,0.0064352194320199127,4.014520487454102e-09
12.0,32,2,1979.2846386381425,172494.89420692972,5113146.0197410919,-41850.635069673503,-2.1116173193943591e-05,-1.8160569294759861e-05,6.7477383547832307e-05,-7.2541100787434064e-07,-7.5099460556319778e-06,-6.7825851812356763e-06,1.4292531236867657e-05,-1.7852039819337948e-07,-1.0154001742021276e-05,-9.1574649636781101e-06,1.9311466705699388e-05,-3.0279275355078143e-07,1.4300185073888613e-05,1.9325667312373215e-05,0.0046321349498633395,0.0064352236475155849,4.1626822244151145e-09
12.0,32,3,-331222.8346021194,-349998.60861777095,4670075.3048404604,-293215.2608000972,-2.1696611246252358e-05,-2.2022057995856985e-05,6.4992556504085724e-05,-5.0823978538683532e-06,-8.9987380160021326e-06,-9.1004685807780501e-06,1.8099206596780188e-05,-1.5886937101632429e-06,-1.0110667823148867e-05,-1.0757644185011434e-05,2.0868312008160306e-05,-2.2328078845855406e-06,1.8192031023000634e-05,2.105784337468122e-05,0.0044672976455322165,0.0075921840798512568,4.0145113130079e-09
12.0,32,4,31894.493289025617,-1155795.4373575607,4357462.933797501,-147863.89941401035,-1.2381410075239416e-05,-3.2968035539780252e-05,6.2595109560240823e-05,-2.5629742565095124e-06,-5.0371734091072177e-06,-1.0756897851702703e-05,1.5794071260809921e-05,-7.1208885234496204e-07,-5.7798473792368229e-06,-1.4952686149047971e-05,2.0732533528284795e-05,-1.0894988924616312e-06,1.6156542439606168e-05,2.1504582970759207e-05,0.0046321258724295773,0.0075921799153121326,4.162636622576437e-09
12.0,33,1,-207147.36671122815,1986999.0217432794,5607181.2714668177,-29935.401065387738,-3.3138686062323441e-05,4.8931846708880332e-06,6.7643010332762724e-05,-5.1888028513338744e-07,-3.4363409647563852e-05,-5.0595131912419623e-06,3.9422922838805816e-05,-5.15397028977854e-07,-2.2189076530023005e-05,-1.4869127661806612e-06,2.3675989296203666e-05,-8.8379531658250187e-07,4.292627147692775e-05,2.6859245898335326e-05,0.0041818799603589585,0.0084391833827446826,3.757989815578732e-09
12.0,33,2,-131229.62184898462,649084.36523441738,5274247.9744874276,66686.405686899132,-2.5443057650207179e-05,-1.1917615207428211e-05,6.8251887352957302e-05,1.1558976985729182e-06,-1.8964540639022686e-05,-1.1722627878015463e-05,3.068716851703816e-05,6.6271761631270961e-07,-1.4954147894624047e-05,-9.063898013507056e-06,2.401804590813111e-05,5.7807120791517556e-07,3.0980512457371234e-05,2.426909118664472e-05,0.0043467011758494007,0.0084391555010387975,3.9061013515166005e-09
12.0,33,3,-785296.11581823835,882181.8719713277,5060538.0450417083,131900.52070074939,-3.4241494545628651e-05,-5.3385427572761859e-06,6.7086297575943759e-05,2.2862756921463223e-06,-8.294750580031277e-05,-2.1354893886229009e-05,0.00010430239968654179,5.5976409339516548e-06,-3.4465174809210526e-05,-7.266529355860237e-06,4.173170416507076e-05,2.6746956173603122e-06,0.00011049101390049767,4.4809781556808343e-05,0.0041822244714593178,0.0095961726633102228,3.757945128653854e-09
12.0,33,4,-504081.06779684196,250501.26203711843,4992452.0030825697,291845.9222275145,-2.7692893964436624e-05,-1.4613466913981315e-05,6.7580345930806461e-05,5.0586626519435825e-06,-5.627854171268482e-05,-3.5000423105173385e-05,9.1278964817858232e-05,9.3094435409244002e-06,-2.5454066620274632e-05,-1.5772204832339994e-05,4.122627145261464e-05,4.6500064939210688e-06,9.274013777401154e-05,4.196409524667964e-05,0.0043470364432351798,0.0095961086481909912,3.9060794101114955e-09
12.0,34,1,26290.657183750533,-385221.56671058061,4862679.270932381,32784.991431784983,-1.7559288721103861e-05,-2.469216726860561e-05,6.627144725053907e-05,5.6827318481760634e-07,-1.1923917385814713e-05,-1.5515750710427825e-05,2.743966809624254e-05,2.8012416275951333e-07,-1.0196374758965819e-05,-1.440803620872569e-05,2.4604410967691512e-05,1.8155536665798813e-07,2.752125286130557e-05,2.47561630147612e-05,0.0044673617760659029,0.0084391350487937992,4.014522337288653e-09
12.0,34,2,-146984.23664139002,-2033729.7857311026,3700170.6752883364,44922.064802793553,-8.6255533801141385e-06,-4.1329142897669172e-05,5.8058465093334483e-05,7.7864912324842158e-07,-5.3216971371774808e-06,-2.3823406765876203e-05,2.9145103903053688e-05,4.2100380754119356e-07,-2.5788161888756691e-06,-2.3322189637875235e-05,2.5901005826750901e-05,2.5693307187396259e-07,3.1060354172504046e-05,2.886081168917142e-05,0.0046321906432521933,0.008439107011995137,4.162598568362967e-09
12.0,34,3,-331734.89400178799,-211038.7793198158,4869809.2225285545,306929.70616372192,-2.3058213692858779e-05,-2.0966147705037944e-05,6.7101884327000456e-05,5.3201149068378424e-06,-4.2694349235500621e-05,-4.1501155475918504e-05,8.4195504711419159e-05,8.8558696952662115e-06,-2.0250138140801845e-05,-2.0526722949295182e-05,4.0776861090097037e-05,4.7259672811619166e-06,8.483268881546372e-05,4.11667055306298e-05,0.0044676912951216834,0.0095960653368769057,4.014518553730998e-09
12.0,34,4,-37956.816388781881,-829615.62159288954,4672446.3757971497,112842.60183399879,-1.5877413902000798e-05,-2.9599499858872016e-05,6.5769574762555367e-05,1.9559384317893114e-06,-2.7912541125287343e-05,-4.891988389041485e-05,7.6832425015702183e-05,3.001865101075427e-06,-1.3882820754891877e-05,-2.6195751028216555e-05,4.0078571783108428e-05,1.7621839291390228e-06,7.787967224685133e-05,4.078916936237209e-05,0.004632512943745391,0.0095960051470384417,4.162649306138108e-09
13.0,1,1,-52377337.563704312,-103095125.96396443,-51863207.082252808,-4505.6197101201469,-1.7052521605498288e-05,-0.00035077556927920993,-1.3669543037547403e-05,-2.9646977692590565e-08,0.0,0.0,0.0,0.0,0.0,0.0,0.0,0.0,0.0,0.0,0.00014522111096473156,0.00052853908850338275,3.9206142135163665e-10
13.0,1,2,-50941534.051207848,-98835728.354933813,-49022746.397584938,-50589.041120559144,-2.1091280147059605e-05,-0.00033623507866557649,-8.4656573862208167e-06,-3.3287589057327917e-07,0.0,0.0,0.0,0.0,0.0,0.0,0.0,0.0,0.0,0.0,0.00054196755529560515,0.00052853917119072627,1.4631527115408908e-09
13.0,1,3,-52957138.894820772,-102339203.84271082,-52443432.19668173,-74073.743483842787,-2.0229129531863645e-05,-0.00034516311688898011,-1.684893945810871e-05,-4.8740523212368556e-07,0.0,0.0,0.0,0.0,0.0,0.0,0.0,0.0,0.0,0.0,0.00014522035161739757,0.0019725382460917011,3.9205871922757453e-10
13.0,1,4,-51493092.429986738,-98105644.116382003,-49575886.653988406,-227252.60183534233,-2.4128643532748486e-05,-0.00033083923362922917,-1.1513429526679471e-05,-1.4953221200765524e-06,0.0,0.0,0.0,0.0,0.0,0.0,0.0,0.0,0.0,0.0,0.00054196472552777244,0.0019725382187498371,1.4631421624319436e-09
13.0,2,1,-49697747.997653835,-93632029.882348865,-45058433.873853646,-51095.104710067717,-2.935780725346922e-05,-0.00031844538205476244,1.1688796811360024e-06,-3.3620578899224556e-07,0.0,0.0,0.0,0.0,0.0,0.0,0.0,0.0,0.0,0.0,0.00083240043113231351,0.00052853930131470546,2.2471780321722774e-09
13.0,2,2,-46969244.471939988,-83651803.162899375,-37793266.46051015,-83609.441894350952,-4.2963012354712903e-05,-0.0002843342485412256,1.7414922960495431e-05,-5.5015012766482925e-07,0.0,0.0,0.0,0.0,0.0,0.0,0.0,0.0,0.0,0.0,0.001229123539905144,0.00052853960017379105,3.3180300867381354e-09
13.0,2,3,-50208393.394326277,-92947843.531163797,-45577361.742533259,-361425.89542049612,-3.2172142639190081e-05,-0.00031339772453958082,-1.6999543703920171e-06,-2.3781823918668642e-06,0.0,0.0,0.0,0.0,0.0,0.0,0.0,0.0,0.0,0.0,0.00083239609618519696,0.00197253819782847,2.2471608360450898e-09
13.0,2,4,-47431883.833748251,-83084180.588503137,-38264101.16021245,-490483.50153212919,-4.54291340057706e-05,-0.00028002124665205781,1.4894875986094941e-05,-3.2273814400814098e-06,0.0,0.0,0.0,0.0,0.0,0.0,0.0,0.0,0.0,0.0,0.0012291171645589659,0.001972538265198831,3.3180013070030284e-09
13.0,3,1,-44565198.774523132,-74036872.229274958,-30596431.38957224,-75340.604819547181,-5.750537415483711e-05,-0.00025142898548710408,3.44091152381398e-05,-4.9574117971262042e-07,0.0,0.0,0.0,0.0,0.0,0.0,0.0,0.0,0.0,0.0,0.0015195321428132459,0.00052853992639146632,4.101799605150227e-09
13.0,3,2,-40341828.661647722,-57713807.348662868,-18540352.862754408,-116104.62685248221,-8.1227570174199318e-05,-0.00019553518993475896,6.2226140582518686e-05,-7.6396844468933288e-07,0.0,0.0,0.0,0.0,0.0,0.0,0.0,0.0,0.0,0.0,0.0019162115942322805,0.00052854057484363112,5.17218698072426e-09
13.0,3,3,-44941396.648673162,-73552334.681488186,-30988812.669102781,-563435.63738819701,-5.9531970429432047e-05,-0.00024779194268535499,3.2276032156141018e-05,-3.7074064940143364e-06,0.0,0.0,0.0,0.0,0.0,0.0,0.0,0.0,0.0,0.0,0.0015195242935659107,0.0019725384553774487,4.101760145483295e-09
13.0,3,4,-40644385.150326155,-57395185.365729451,-18827567.89515426,-610672.48031302379,-8.2789975599434487e-05,-0.0001930102410167882,6.0764681939596565e-05,-4.0182249204596963e-06,0.0,0.0,0.0,0.0,0.0,0.0,0.0,0.0,0.0,0.0,0.0019162016971268965,0.0019725391168333101,5.172126935190702e-09
13.0,4,1,-36768732.936041795,-43403736.694707744,-7883569.1402348839,-83847.236079658978,-0.00010280972146099964,-0.00014646804619302154,8.7254656315409845e-05,-5.5171481340415605e-07,0.0,0.0,0.0,0.0,0.0,0.0,0.0,0.0,0.0,0.0,0.0022065803973349511,0.0005285412303223352,5.955533263197744e-09
13.0,4,2,-31002345.385858428,-20598734.216486122,8963682.1333200857,-84999.281154214608,-0.00013662834463788981,-6.817258314342001e-05,0.0001263481164383048,-5.5929526999473207e-07,0.0,0.0,0.0,0.0,0.0,0.0,0.0,0.0,0.0,0.0,0.0026031947234983282,0.00052854244420134683,7.025228623628862e-09
13.0,4,3,-36985099.446289361,-43183810.275956422,-8035910.4437514395,-604163.37543717597,-0.00010399833849430838,-0.00014478585575351764,8.6487325142391134e-05,-3.9753950103766175e-06,0.0,0.0,0.0,0.0,0.0,0.0,0.0,0.0,0.0,0.0,0.0022065689375353171,0.0019725400191845572,5.9554525531558145e-09
13.0,4,4,-31091928.862394962,-20502247.319369007,9047321.3891123012,-632695.11538687837,-0.00013736086134216922,-6.7680756789058452e-05,0.0001267554053127486,-4.1631338592456591e-06,0.0,0.0,0.0,0.0,0.0,0.0,0.0,0.0,0.0,0.0,0.0026031808687778726,0.0019725420899519429,7.02510904185341e-09
13.0,5,1,-26230893.419659507,-1504616.5529877543,23103500.001203857,-102892.34512982424,-0.00016528070294647898,-2.581801163778838e-06,0.00015933960576280197,-6.770316309542435e-07,0.0,0.0,0.0,0.0,0.0,0.0,0.0,0.0,0.0,0.0,0.0028935079746774959,0.00052854363757659636,7.80798875936423e-09
13.0,5,2,-18932763.846770752,27832939.391645141,44677681.833519973,-371818.04089563171,-0.00020923060076961464,9.8487726539161916e-05,0.00020932613180669834,-2.4465627090932564e-06,0.0,0.0,0.0,0.0,0.0,0.0,0.0,0.0,0.0,0.0,0.0032900357226048407,0.00052854577267585402,8.876772637599324e-09
13.0,5,3,-26419575.708694357,-1531241.169083409,23361245.886921111,-456403.51620640745,-0.00016658928599765535,-2.8240447270153132e-06,0.00016096852010149442,-3.003135136638161e-06,0.0,0.0,0.0,0.0,0.0,0.0,0.0,0.0,0.0,0.0,0.0028934919915125337,0.0019725444159739507,7.807821825514598e-09
13.0,5,4,-18865638.115930315,27890405.838239972,45461662.340393372,-248160.1297265013,-0.00021022445830189224,9.7430310916548225e-05,0.00021304917870071759,-1.6328936536003785e-06,0.0,0.0,0.0,0.0,0.0,0.0,0.0,0.0,0.0,0.0,0.0032900159341990765,0.0019725490307379834,8.876528162537087e-09
13.0,6,1,-12978993.776851282,51803373.706914917,62238624.918271154,-90133.507247339105,-0.00024508132671205039,0.00018118665133113121,0.00024985060430185517,-5.9307847768749127e-07,0.0,0.0,0.0,0.0,0.0,0.0,0.0,0.0,0.0,0.0,0.0035802777828757089,0.00052854822562655606,9.658796802446074e-09
13.0,6,2,-4116221.8161565289,87890399.83676371,88433640.416076124,-12809.863577294307,-0.00029917309268026956,0.0003062304777959456,0.00030980500080782122,-8.4288902338596533e-08,0.0,0.0,0.0,0.0,0.0,0.0,0.0,0.0,0.0,0.0,0.003976697878089663,0.00052855288504990777,1.0726482534695599e-08
13.0,6,3,-13214242.85626984,51522857.301855966,63293924.483938992,-90073.513387603496,-0.00024748172950290521,0.00017848838953756256,0.00025594201159566887,-5.9268371809043101e-07,0.0,0.0,0.0,0.0,0.0,0.0,0.0,0.0,0.0,0.0,0.0035802543320166439,0.0019725537030205521,9.658440094438081e-09
13.0,6,4,-4234912.181038864,87146689.788479924,90227884.586033612,-440776.10539091879,-0.00030142638841692567,0.0002998645525425079,0.00032013881431041118,-2.9003067734722453e-06,0.0,0.0,0.0,0.0,0.0,0.0,0.0,0.0,0.0,0.0,0.0039766674335011826,0.0019725622000142306,1.0725922045858975e-08
13.0,7,1,-54196705.615303181,-101108908.88479838,-53690501.373441681,-134846.96033463659,-2.6400459868496634e-05,-0.00033508275738177492,-2.3069635957047968e-05,-8.8729299900190866e-07,0.0,0.0,0.0,0.0,0.0,0.0,0.0,0.0,0.0,0.0,0.00014521924796232684,0.0030296227289091341,3.9205619074729893e-10
13.0,7,2,-52675036.884721674,-96941710.381981432,-50785831.10327889,-515253.56098590331,-2.9965668876897028e-05,-0.00032124038048886631,-1.7534694835003531e-05,-3.3903684312872438e-06,0.0,0.0,0.0,0.0,0.0,0.0,0.0,0.0,0.0,0.0,0.00054196067976412571,0.0030296222686163627,1.4631325193203836e-09
13.0,7,3,-56510861.340855427,-95838370.38385044,-56024728.616953567,-461482.74551183532,-4.2610610283006809e-05,-0.00030138561978591393,-3.9411856959732572e-05,-3.0365564654678762e-06,0.0,0.0,0.0,0.0,0.0,0.0,0.0,0.0,0.0,0.0,0.00014521662521943334,0.0044736601126444658,3.9205461829916643e-10
13.0,7,4,-54911053.940834381,-91937094.063069582,-53096754.476265743,-1391590.2314686775,-4.5401789012022087e-05,-0.00028903313301632968,-3.3463698535160489e-05,-9.1566637230638974e-06,0.0,0.0,0.0,0.0,0.0,0.0,0.0,0.0,0.0,0.0,0.00054195108720287864,0.0044736573943206966,1.4631259783355598e-09
13.0,8,1,-51370856.883606508,-91913434.278413162,-46787961.981760465,-735104.66829663224,-3.7706078326958243e-05,-0.00030447623758478591,-7.550629872811273e-06,-4.8369887173918401e-06,0.0,0.0,0.0,0.0,0.0,0.0,0.0,0.0,0.0,0.0,0.00083238995580906092,0.0030296216272551412,2.2471450128908585e-09
13.0,8,2,-48444344.538462162,-82208813.871911064,-39401616.19977431,-991441.07165379392,-5.0077243179047938e-05,-0.00027224745139314171,9.4239092895182036e-06,-6.5236822514819634e-06,0.0,0.0,0.0,0.0,0.0,0.0,0.0,0.0,0.0,0.0,0.0012291083672200703,0.0030296206016069685,3.317976737980106e-09
13.0,8,3,-53387569.749572508,-87251271.180417255,-49047197.054254591,-2185829.7962151528,-5.1586268937081057e-05,-0.00027440942435203938,-2.3026616601889128e-05,-1.4382760059095704e-05,0.0,0.0,0.0,0.0,0.0,0.0,0.0,0.0,0.0,0.0,0.00083237555024164044,0.0044736535456249386,2.2471342700561627e-09
13.0,8,4,-50321600.163831428,-78384355.666486174,-41693100.281484686,-2862598.8912862642,-6.1885620421363178e-05,-0.0002465385516288314,-5.1100911955216138e-06,-1.8835900704663616e-05,0.0,0.0,0.0,0.0,0.0,0.0,0.0,0.0,0.0,0.0,0.0012290881181399812,0.0044736464062612993,3.31795531814905e-09
13.0,9,1,-45960977.646576002,-72893516.69221805,-32130122.935270831,-1113586.736185228,-6.3867537621447635e-05,-0.0002410836445417722,2.7139486378940479e-05,-7.3274007240987996e-06,0.0,0.0,0.0,0.0,0.0,0.0,0.0,0.0,0.0,0.0,0.001519513674437308,0.0030296197816011925,4.101726020545182e-09
13.0,9,2,-41458708.952368669,-56928344.612588085,-19855429.719465077,-1189260.9959400219,-8.5975181317199362e-05,-0.0001877653839614431,5.6174396035306303e-05,-7.8253373532853439e-06,0.0,0.0,0.0,0.0,0.0,0.0,0.0,0.0,0.0,0.0,0.0019161887938896583,0.0030296190468255928,5.172080587364413e-09
13.0,9,3,-47327600.686531082,-69649735.402788997,-34264416.903700039,-3370578.1804806236,-7.2453642788402738e-05,-0.00021933328922137983,1.3502106502625574e-05,-2.2178404427562501e-05,0.0,0.0,0.0,0.0,0.0,0.0,0.0,0.0,0.0,0.0,0.0015194898722617049,0.0044736400002555214,4.10169913639612e-09
13.0,9,4,-42723953.055291392,-54971606.731069855,-22077279.600823991,-3569370.8391061332,-9.1882524872064647e-05,-0.00017247208605868699,4.3972586458330817e-05,-2.3486460121318354e-05,0.0,0.0,0.0,0.0,0.0,0.0,0.0,0.0,0.0,0.0,0.0019161612882389195,0.0044736307041404856,5.1720326227710295e-09
13.0,10,1,-37813291.054425456,-42970817.477592088,-9054205.4267176799,-1184890.4188097536,-0.00010686691908331782,-0.00014080344294775427,8.2367864346999294e-05,-7.7965789557681784e-06,0.0,0.0,0.0,0.0,0.0,0.0,0.0,0.0,0.0,0.0,0.0022065545012369988,0.0030296188046656596,5.955391363773389e-09
13.0,10,2,-31763022.89189069,-20536412.011896372,8141112.3707330525,-978408.96192161553,-0.00013923054102641541,-6.53594414360528e-05,0.00012333866900164883,-6.4379309694442296e-06,0.0,0.0,0.0,0.0,0.0,0.0,0.0,0.0,0.0,0.0,0.0026031644382689366,0.0030296194593752083,7.025027199349164e-09
13.0,10,3,-38338803.457029298,-41658524.822945818,-11015340.904352609,-3644329.3089868976,-0.000108469309436015,-0.00013031307602374566,7.1319074160597638e-05,-2.3979686853133785e-05,0.0,0.0,0.0,0.0,0.0,0.0,0.0,0.0,0.0,0.0,0.0022065252814738941,0.004473623854791651,5.955339305073211e-09
13.0,10,4,-32307283.025194466,-20601292.798258997,6058809.0364419967,-3333878.4726211443,-0.00013855929078230146,-6.1533875089066079e-05,0.00011388959498326645,-2.193692034984713e-05,0.0,0.0,0.0,0.0,0.0,0.0,0.0,0.0,0.0,0.0,0.0026031341666957857,0.0044736156836716143,7.024946471595964e-09
13.0,11,1,-26842719.826831844,-1738776.0049973391,22607533.345936287,-937467.20580080256,-0.00016718623573284275,-2.0022853851717221e-06,0.00015819643014397154,-6.1685342141692805e-06,0.0,0.0,0.0,0.0,0.0,0.0,0.0,0.0,0.0,0.0,0.002893474321296963,0.003029620595785799,7.807723824584101e-09
13.0,11,2,-19356180.035840821,27194546.020408224,44726779.987300135,-672337.5648325932,-0.00021041659527138329,9.5887182178735407e-05,0.00021124928168088415,-4.4239811765984633e-06,0.0,0.0,0.0,0.0,0.0,0.0,0.0,0.0,0.0,0.0,0.003289996640556635,0.0030296235911714646,8.876388549826936e-09
13.0,11,3,-26797111.207044955,-2327021.3426337652,20743322.853079557,-2923264.4383910052,-0.00016308331242172912,-2.0701211139034819e-06,0.00014973274369389016,-1.9235080004612813e-05,0.0,0.0,0.0,0.0,0.0,0.0,0.0,0.0,0.0,0.0,0.0028934441661609966,0.004473610943677259,7.80764338182505e-09
13.0,11,4,-19473940.296753559,25718909.537490956,42731792.777393565,-2039880.5147122042,-0.00020552181114128534,9.1847140768043574e-05,0.00020379191248660273,-1.3422413786806304e-05,0.0,0.0,0.0,0.0,0.0,0.0,0.0,0.0,0.0,0.0,0.0032899676102129756,0.0044736070545655397,8.87629355433122e-09
13.0,12,1,-13104678.608379323,51071358.881188191,62997983.761098787,-542188.84364189743,-0.00024575295441671007,0.00017652537226464424,0.00025500256397445589,-3.567602591163685e-06,0.0,0.0,0.0,0.0,0.0,0.0,0.0,0.0,0.0,0.0,0.0035802340144101032,0.0030296265545977814,9.658291547680002e-09
13.0,12,2,-3964948.4667112604,87015538.169711739,90343278.120360017,440003.0118786422,-0.00030005167207186964,0.00029859992999579362,0.00032049645887105929,2.8952198181614656e-06,0.0,0.0,0.0,0.0,0.0,0.0,0.0,0.0,0.0,0.0,0.0039766456351686772,0.003029631913547061,1.0725739171370798e-08
13.0,12,3,-13207270.055579793,49171417.072489291,60876497.344222263,-1327119.8126429305,-0.00023991205505630322,0.00017053970624639135,0.00024755913443439429,-8.7324483671904827e-06,0.0,0.0,0.0,0.0,0.0,0.0,0.0,0.0,0.0,0.0,0.0035802063051299541,0.0044736067489357257,9.658209679066104e-09
13.0,12,4,-4681020.9863234982,84467130.669837117,87633486.644851804,-1016752.510550929,-0.00029532408028882601,0.0002912707576087109,0.00031210537992430748,-6.6902315194251127e-06,0.0,0.0,0.0,0.0,0.0,0.0,0.0,0.0,0.0,0.0,0.0039766203655393949,0.004473609564803264,1.0725686797613737e-08
13.0,13,1,-59535401.123443604,-88012498.518413737,-59080094.709635511,-766057.6496752958,-6.5270708316900173e-05,-0.00025265000917580371,-6.2274792114042944e-05,-5.0406593348634459e-06,0.0,0.0,0.0,0.0,0.0,0.0,0.0,0.0,0.0,0.0,0.00014521329861853392,0.005530803936741783,3.9205582466915087e-10
13.0,13,2,-57798436.022109687,-84431719.988247335,-56099161.807907239,-2798928.5824828804,-6.6953386872624222e-05,-0.00024220039536980998,-5.5772162543172031e-05,-1.8416950072737352e-05,0.0,0.0,0.0,0.0,0.0,0.0,0.0,0.0,0.0,0.0,0.00054193897260821754,0.0055307979924118181,1.4631301282267033e-09
13.0,13,3,-59184194.250641033,-66131061.756801084,-58793037.412596494,-1472166.7538491627,-9.8540894565556967e-05,-0.00014425128275609011,-9.5967082571223945e-05,-9.6868572403274903e-06,0.0,0.0,0.0,0.0,0.0,0.0,0.0,0.0,0.0,0.0,0.00014520863775220974,0.0069750141503468303,3.9207394649778417e-10
13.0,13,4,-57209245.215660587,-63286835.392194882,-55749297.299382269,-5253510.0660295971,-9.7969136425610985e-05,-0.00013795967978720672,-8.8362679136499701e-05,-3.4568096234474747e-05,0.0,0.0,0.0,0.0,0.0,0.0,0.0,0.0,0.0,0.0,0.00054192220321149431,0.0069749991198274058,1.463196811275064e-09
13.0,14,1,-56134998.967018768,-80290718.693387479,-52082332.161175191,-4145867.8395430334,-7.1525574484884852e-05,-0.00023047021028439093,-4.4859026902434055e-05,-2.7279810384193159e-05,0.0,0.0,0.0,0.0,0.0,0.0,0.0,0.0,0.0,0.0,0.00083235733954877661,0.0055307894375508301,2.2471388319258164e-09
13.0,14,2,-52721564.260810889,-72428498.271424949,-44707314.761251949,-5721494.2124610785,-7.8533236712424932e-05,-0.00020820486250226544,-2.579947500532714e-05,-3.7647431917993898e-05,0.0,0.0,0.0,0.0,0.0,0.0,0.0,0.0,0.0,0.0,0.0012290626321855771,0.0055307731626330608,3.3179581623443958e-09
13.0,14,3,-56159627.121335827,-60670541.40650104,-52328280.073669657,-7856896.5375909684,-0.0001022599976680094,-0.00013194181366439655,-7.7049734094366011e-05,-5.1698379217348568e-05,0.0,0.0,0.0,0.0,0.0,0.0,0.0,0.0,0.0,0.0,0.00083233196517654238,0.0069749775062347159,2.247230335355305e-09
13.0,14,4,-52089868.2745905,-54943778.872143999,-45121278.432021715,-10969598.674610429,-0.00010234655083237067,-0.00012112528256427272,-5.6493229668268029e-05,-7.2179959278936614e-05,0.0,0.0,0.0,0.0,0.0,0.0,0.0,0.0,0.0,0.0,0.0012290271373338881,0.0069749356044180744,3.3180842925706582e-09
13.0,15,1,-49589282.492488556,-64778167.985862955,-37380269.080009297,-6561722.825886827,-8.6536081898364622e-05,-0.00018647894844476818,-6.2007736442510857e-06,-4.3176136194335318e-05,0.0,0.0,0.0,0.0,0.0,0.0,0.0,0.0,0.0,0.0,0.0015194598625301427,0.0055307582987431901,4.1016947371570635e-09
13.0,15,2,-44372428.91180975,-51490620.056255467,-25099912.976630062,-7332957.8034982849,-0.0001008491023670896,-0.0001476868000975424,2.5964052486392715e-05,-4.8250862347018711e-05,0.0,0.0,0.0,0.0,0.0,0.0,0.0,0.0,0.0,0.0,0.0019161266885505874,0.0055307361446001431,5.172020545934104e-09
13.0,15,3,-49850809.64710708,-50061988.897379339,-38693413.427965164,-12812676.207166098,-0.00010902051256149109,-0.00011041007202828254,-3.5604845439537266e-05,-8.4307409443152916e-05,0.0,0.0,0.0,0.0,0.0,0.0,0.0,0.0,0.0,0.0,0.001519418068978693,0.0069748964289629524,4.101817276541034e-09
13.0,15,4,-43548835.219906017,-40238257.579870552,-26666028.221237712,-14374337.344076032,-0.00011203540453377899,-9.0251803662345697e-05,-9.4653448254157645e-07,-9.4583139724020289e-05,0.0,0.0,0.0,0.0,0.0,0.0,0.0,0.0,0.0,0.0,0.001916078996414288,0.0069748359380288434,5.172151913517683e-09
13.0,16,1,-39904377.742126942,-39629008.053503223,-14196037.270848896,-7420453.2273392202,-0.00011447831709815836,-0.00011266638454701429,5.4682563202851173e-05,-4.8826582235892064e-05,0.0,0.0,0.0,0.0,0.0,0.0,0.0,0.0,0.0,0.0,0.0022064884639188694,0.0055307191489035144,5.9553086530388334e-09
13.0,16,2,-33052424.295617841,-20116249.488969386,3068556.4083497748,-7073380.1868785797,-0.00013832676641071024,-5.3206736182963377e-05,9.9349286621396688e-05,-4.6542841629661054e-05,0.0,0.0,0.0,0.0,0.0,0.0,0.0,0.0,0.0,0.0,0.0026030961841608546,0.0055306977191273768,7.0249033858010716e-09
13.0,16,3,-40424091.375333384,-32287719.076359846,-17004909.386137448,-15002084.335808838,-0.00012423810390592115,-7.0700774178675334e-05,2.9860113582988056e-05,-9.8713714929622151e-05,0.0,0.0,0.0,0.0,0.0,0.0,0.0,0.0,0.0,0.0,0.0022064382363614489,0.0069747873847695284,5.955389402996363e-09
13.0,16,4,-32032436.327372469,-17072574.552645978,75859.489215932786,-14433814.151828626,-0.00013330737183664285,-3.4871481358942559e-05,7.7965214636508792e-05,-9.4974497119032356e-05,0.0,0.0,0.0,0.0,0.0,0.0,0.0,0.0,0.0,0.0,0.0026030458321350419,0.0069747217921761239,7.024960237482254e-09
13.0,17,1,-27415042.682043113,-3381902.5237203166,17636554.198050693,-6274877.0309059294,-0.00015959756305565758,-1.4595008138935334e-06,0.00013684194441535968,-4.1288690863361014e-05,0.0,0.0,0.0,0.0,0.0,0.0,0.0,0.0,0.0,0.0,0.0028934067184578681,0.0055306840780200966,7.807573511073952e-09
13.0,17,2,-19212462.875154532,23387167.03849528,39965095.026447676,-4915055.8769051507,-0.00019615888843838253,8.4146676393433237e-05,0.00019322944255415999,-3.234106767003589e-05,0.0,0.0,0.0,0.0,0.0,0.0,0.0,0.0,0.0,0.0,0.0032899326895374529,0.0055306712053975592,8.876213174126932e-09
13.0,17,3,-28188031.582985252,-4991578.3757812176,13186339.638902716,-13529677.777257107,-0.00015388788071065822,-1.2552186072556935e-06,0.00011835548192936461,-8.9025279774351766e-05,0.0,0.0,0.0,0.0,0.0,0.0,0.0,0.0,0.0,0.0,0.002893358488260498,0.0069746752280930822,7.807517917225655e-09
13.0,17,4,-18480496.810278364,17025406.092082858,35367532.489344709,-10181919.187465062,-0.00017518332701004733,5.8445514087489436e-05,0.00017913670578147242,-6.6997028253520111e-05,0.0,0.0,0.0,0.0,0.0,0.0,0.0,0.0,0.0,0.0,0.0032898903550262139,0.0069746218988166507,8.876078753210735e-09
13.0,18,1,-12678998.416041452,45704490.996814072,58187178.342744589,-3215266.3116645436,-0.00022754382963670992,0.00015661953069987937,0.00023875561343610218,-2.1156452330752697e-05,0.0,0.0,0.0,0.0,0.0,0.0,0.0,0.0,0.0,0.0,0.0035801746071574261,0.0055306663907777271,9.658108210043739e-09
13.0,18,2,-3537098.7102012038,80686122.985128015,85487703.829759896,-361332.37969740591,-0.00028024013991852893,0.00027394865883673732,0.00030554306079441515,-2.3775670584089306e-06,0.0,0.0,0.0,0.0,0.0,0.0,0.0,0.0,0.0,0.0,0.0039765940898539359,0.0055306682984343387,1.0725590951039926e-08
13.0,18,3,-13721401.132518649,35087902.119486168,52467065.728485048,-7826158.4269830557,-0.00020694385486238776,0.00011422136053580393,0.00022857625708301655,-5.1496122449548503e-05,0.0,0.0,0.0,0.0,0.0,0.0,0.0,0.0,0.0,0.0,0.003580138732692337,0.0069745913814054702,9.657803978940547e-09
13.0,18,4,-3997712.0037068948,66358856.984217018,79918345.527235657,-2368704.7793237637,-0.0002511065399866297,0.00021183968395390966,0.00030106111856697225,-1.5586077447950366e-05,0.0,0.0,0.0,0.0,0.0,0.0,0.0,0.0,0.0,0.0,0.0039765676769954175,0.0069745706516091055,1.0725119702538522e-08
13.0,19,1,-54713773.087010138,-38486234.104145661,-54299210.951710626,-2205486.3170867325,-0.00012696786224679774,-2.0190655739549501e-05,-0.00012424004339652698,-1.4512099966430698e-05,0.0,0.0,0.0,0.0,0.0,0.0,0.0,0.0,0.0,0.0,0.00014520472508752422,0.0080323876413230088,3.9210191927475977e-10
13.0,19,2,-53485659.980136238,-36749642.379579417,-51938249.15483629,-7480422.2737577138,-0.00012730143127630435,-1.7178435464640503e-05,-0.0001171194680458307,-4.9221178561325755e-05,0.0,0.0,0.0,0.0,0.0,0.0,0.0,0.0,0.0,0.0,0.00054190737319813873,0.0080323617499805482,1.4632946507259154e-09
13.0,19,3,6031270.2297014715,-6996679.6951681236,6573693.4870988065,-1199902.0707114693,3.0824669357256879e-05,-5.4899241148385058e-05,3.4393814390931341e-05,-7.8953556252814675e-06,0.0,0.0,0.0,0.0,0.0,0.0,0.0,0.0,0.0,0.0,0.0001452280563515499,0.0094768347891775739,3.922147874408444e-10
13.0,19,4,5514454.8711106842,-6401769.6596771907,7538120.7487713676,-4039020.9117416912,2.5776839634784621e-05,-5.2631917777799591e-05,3.9092561109791915e-05,-2.6576757599260328e-05,0.0,0.0,0.0,0.0,0.0,0.0,0.0,0.0,0.0,0.0,0.00054199319924322982,0.0094767917388190077,1.4637048641706289e-09
13.0,20,1,-51616530.460278578,-34879550.047230914,-48366304.011696398,-11517148.289163927,-0.00012655420288828774,-1.6424871770434118e-05,-0.00010516771285661697,-7.5782835742698639e-05,0.0,0.0,0.0,0.0,0.0,0.0,0.0,0.0,0.0,0.0,0.0008323097867671081,0.0080323242879587319,2.2473820718926803e-09
13.0,20,2,-49405832.082814872,-32417637.36331423,-42616882.760379635,-15977674.822804458,-0.00012847461861863806,-1.6692297364323824e-05,-8.3803332077014186e-05,-0.00010513310033405333,0.0,0.0,0.0,0.0,0.0,0.0,0.0,0.0,0.0,0.0,0.0012289955744239434,0.0080322506650511299,3.3182697139226022e-09
13.0,20,3,4555248.1940863179,-6028716.4700631201,9234061.0658906344,-5993223.0641923714,1.7711796509024119e-05,-5.1930690981079184e-05,4.8498385205496517e-05,-3.9435407762385805e-05,0.0,0.0,0.0,0.0,0.0,0.0,0.0,0.0,0.0,0.0,0.00083243962145166587,0.0094767297105956827,2.2479875333288864e-09
13.0,20,4,2800546.5404807758,-5632583.6492666565,12031071.112439357,-8479077.8736832663,3.893122510591017e-06,-5.1596874137947091e-05,6.4629974194078469e-05,-5.5792332408835887e-05,0.0,0.0,0.0,0.0,0.0,0.0,0.0,0.0,0.0,0.0,0.0012291812514375819,0.0094766071248962858,3.319112008282477e-09
13.0,21,1,-45985759.719581142,-29273998.525749832,-36183786.677375205,-19069240.705276292,-0.00012650549797696813,-1.6542109321558135e-05,-6.2008515359253096e-05,-0.00012547560384071799,0.0,0.0,0.0,0.0,0.0,0.0,0.0,0.0,0.0,0.0,0.0015193806711223,0.0080321813470273368,4.10204431668891e-09
13.0,21,2,-42511096.83475446,-24854460.748952705,-26478793.852988489,-21951128.641242795,-0.00013144894190270518,-1.526827645812966e-05,-2.5956388282685132e-05,-0.00014443842645937759,0.0,0.0,0.0,0.0,0.0,0.0,0.0,0.0,0.0,0.0,0.0019160350507064249,0.008032071442508254,5.172342165447752e-09
13.0,21,3,810343.05754459836,-5391076.5080381949,14851687.219632752,-10109792.846591471,-1.0896049636596417e-05,-5.1701390378131187e-05,8.1495994949943646e-05,-6.652243693057188e-05,0.0,0.0,0.0,0.0,0.0,0.0,0.0,0.0,0.0,0.0,0.0015196032720887591,0.0094764906274542073,4.102999925573995e-09
13.0,21,4,-1608131.3609596044,-4550393.6517249756,19946272.660938926,-11909118.937512958,-3.2366145639356066e-05,-5.1726231512592218e-05,0.00010946183282473627,-7.836200260883526e-05,0.0,0.0,0.0,0.0,0.0,0.0,0.0,0.0,0.0,0.0,0.0019163015227935747,0.0094763016555561262,5.173423213220325e-09
13.0,22,1,-37200012.435631372,-19562328.130957879,-16677663.026899381,-23381260.995771501,-0.00012874087614874236,-1.2684913423990805e-05,6.2961829607140945e-06,-0.00015384869735217646,0.0,0.0,0.0,0.0,0.0,0.0,0.0,0.0,0.0,0.0,0.0022063914207102108,0.0080319815641504075,5.9556096792333794e-09
13.0,22,2,-32348820.546563365,-12149917.320189232,-2692034.544282658,-23632843.22906417,-0.00013829381878695124,-5.3850355574094407e-06,5.6847833108055815e-05,-0.00015550410844724223,0.0,0.0,0.0,0.0,0.0,0.0,0.0,0.0,0.0,0.0,0.0026029981612022317,0.0080318546465183369,7.025043088228967e-09
13.0,22,3,-4078214.7145772763,-4080299.6246834546,24372090.240162544,-12917431.837302355,-5.2452102745343333e-05,-5.2465821453842007e-05,0.00013475090385684467,-8.4996701489449493e-05,0.0,0.0,0.0,0.0,0.0,0.0,0.0,0.0,0.0,0.0,0.0022066844608105967,0.0094761430510172575,5.956669958785393e-09
13.0,22,4,-6135378.4319690391,-2316446.3363989741,32317688.001166359,-13399839.609261749,-7.8078853990177653e-05,-5.2950280801326621e-05,0.00017494232313985323,-8.8170944628942306e-05,0.0,0.0,0.0,0.0,0.0,0.0,0.0,0.0,0.0,0.0,0.002603320207311239,0.0094759096312781038,7.026080071242625e-09
13.0,23,1,-25250763.935444046,-3646495.1875514835,10765878.355684966,-22468246.42771139,-0.00013750244508287115,4.6536432782619376e-06,9.9487061192757775e-05,-0.00014784106149434093,0.0,0.0,0.0,0.0,0.0,0.0,0.0,0.0,0.0,0.0,0.0028933132370463446,0.0080317613339147033,7.807620287872636e-09
13.0,23,2,-18888448.279613398,8830017.1791034546,29636283.780836612,-19029215.436085936,-0.00015521899691477229,2.7168505803584605e-05,0.00016407374004298876,-0.00012521223756944546,0.0,0.0,0.0,0.0,0.0,0.0,0.0,0.0,0.0,0.0,0.0032898537348545432,0.0080316448228996418,8.875949338269693e-09
13.0,23,3,-8091957.9815193228,-1339660.58237819,38862062.357314944,-13218382.5231199,-9.9745184711996703e-05,-5.5315067825648033e-05,0.0002092122691175328,-8.6976957002128939e-05,0.0,0.0,0.0,0.0,0.0,0.0,0.0,0.0,0.0,0.0,0.0028936509892252197,0.0094757287488972559,7.808467648021988e-09
13.0,23,4,-8173707.5833942667,1558822.8464444503,50393131.746637106,-11220460.224824138,-0.0001229526261740402,-5.8912575945701444e-05,0.00026241717661756625,-7.383062827934282e-05,0.0,0.0,0.0,0.0,0.0,0.0,0.0,0.0,0.0,0.0,0.0032902085992789713,0.0094754829440039864,8.876598015745651e-09
13.0,24,1,-11038774.813484211,21678982.082245976,46690281.960242495,-13899913.882869896,-0.00016321731125455285,5.2065529119351792e-05,0.0002166398823165689,-9.1461433349283904e-05,0.0,0.0,0.0,0.0,0.0,0.0,0.0,0.0,0.0,0.0,0.003580112381100369,0.0080315710920015049,9.657643292735308e-09
13.0,24,2,-3716371.8955888078,41596123.32277821,70815583.823166385,-4509407.9824610837,-0.00019619235676853646,0.00010196386176831847,0.0002942279118608726,-2.9671904524593932e-05,0.0,0.0,0.0,0.0,0.0,0.0,0.0,0.0,0.0,0.0,0.0039765629015963075,0.0080315004110482272,1.0724638178192663e-08
13.0,24,3,-7863540.3329514116,3522671.8668191507,59895227.222880527,-8946644.9291769043,-0.00013951798222648258,-6.4596705951992247e-05,0.00030633470829089161,-5.8868923633984033e-05,0.0,0.0,0.0,0.0,0.0,0.0,0.0,0.0,0.0,0.0,0.0035804777047195148,0.0094753070159261914,9.65796933375793e-09
13.0,24,4,-3189021.8899627849,8718811.2297977731,76443927.393767625,-2860540.0253118416,-0.00015050223647504726,-7.2148694547022774e-05,0.00037348256981189885,-1.8822353366551918e-05,0.0,0.0,0.0,0.0,0.0,0.0,0.0,0.0,0.0,0.0,0.0039769478618822407,0.0094750927587780621,1.0724675457822281e-08
13.0,25,1,-597600.98239849275,-240951.88346000714,4726388.2537953584,90477.27798832969,-2.5909758579987981e-05,-1.9727840865054224e-05,6.6372721514038776e-05,1.5682728184643809e-06,-4.3067717966941277e-05,-3.5426022646086283e-05,7.8493740613027552e-05,2.0525333540673937e-06,-2.1754092094486702e-05,-1.8293159342268071e-05,4.0047251436754777e-05,8.9060717527763779e-07,7.865383565395476e-05,4.011684753150441e-05,0.0041821065064227454,0.00042346279767571199,3.7579196831733676e-09
13.0,25,2,-386737.48382685753,-70164.990942684468,4901439.4485557862,53236.100432375395,-2.4481597614810511e-05,-1.8994341071484831e-05,6.7180135879821979e-05,9.2275907416117371e-07,-3.7536992093282012e-05,-3.137688120271825e-05,6.8913873296000275e-05,1.1903524997305064e-06,-2.0896740910064391e-05,-1.7618356742059965e-05,3.8515097652124356e-05,7.3087302035911976e-07,6.901947755878205e-05,3.857188108046725e-05,0.004346925697478965,0.00042346557752851539,3.906073278399478e-09
13.0,25,3,-722765.18713488407,23197.050115006277,4751310.7228740249,-131865.07746510016,-2.8734900253754586e-05,-1.5804888141423154e-05,6.6149082186399863e-05,-2.2856613427284023e-06,-4.4604692783144696e-05,-2.8160700927328692e-05,7.2765393710473402e-05,-2.8197932512901823e-06,-2.3425183594947784e-05,-1.4910051353067989e-05,3.833523494801578e-05,-1.3400977639149469e-06,7.34547796299713e-05,3.8684049398372306e-05,0.0041820744548699221,0.0015803961899536027,3.757922968241928e-09
13.0,25,4,-513818.82007187465,2912.5713600059971,4848009.2879568385,-120056.24490054398,-2.6254605038225711e-05,-1.7297927586739773e-05,6.6683748834271974e-05,-2.0809749116094286e-06,-3.6683232888501142e-05,-2.6619309031796833e-05,6.3302541920297968e-05,-2.4329422668818848e-06,-2.1554741675770618e-05,-1.5550346872171474e-05,3.7105088547942089e-05,-1.5395718016096106e-06,6.363158419245704e-05,3.731081411098757e-05,0.0043468930185988248,0.0015804017843424744,3.906071040294425e-09
13.0,26,1,-271441.29252754827,35961.976687448565,5000189.6268728739,39402.699795857443,-2.376382364794194e-05,-1.8435500314881984e-05,6.7611112288332062e-05,6.8298012979486237e-07,-3.4109951627648036e-05,-2.844504410791981e-05,6.2554995735567863e-05,9.8687380075334101e-07,-2.0498061572875466e-05,-1.7054258623553732e-05,3.7552320196429208e-05,7.686790328165115e-07,6.265148136835367e-05,3.76185243956349e-05,0.0044675824821532508,0.00042346768542394532,4.01452792469292e-09
13.0,26,2,-53941.889092308935,246288.00678656832,5198110.7012421312,10549.914227183643,-2.2496820020012254e-05,-1.7292835158111704e-05,6.8538758212451388e-05,1.8286517993784976e-07,-2.9616904141821723e-05,-2.4600264887256303e-05,5.4217169029078033e-05,2.6717249432973333e-07,-1.9992820628144635e-05,-1.6324221898971916e-05,3.6317042527116551e-05,2.1447831507628816e-07,5.429565153205442e-05,3.638195061869246e-05,0.004632403582515373,0.00042347070558378542,4.162684507488681e-09
13.0,26,3,-238000.50495989085,61508.72361942986,5014863.3335363772,-113684.12431849157,-2.3478828294755112e-05,-1.8287334999380222e-05,6.7570811572513557e-05,-1.970524821520521e-06,-3.087040423407809e-05,-2.5739789601574902e-05,5.6610193835653002e-05,-2.1835156447575108e-06,-1.9831150024947503e-05,-1.6428941309816334e-05,3.6260091334763851e-05,-1.6249385925738315e-06,5.6744772560016825e-05,3.63668211669242e-05,0.0044675499701929168,0.0015804056660059615,4.014529501840481e-09
13.0,26,4,-125446.85299489181,-85606.0299335483,4991966.5272743031,-65524.848302909755,-2.1298066695961594e-05,-2.0607492429564957e-05,6.7403765228704477e-05,-1.1357640372504358e-06,-2.5002437498839344e-05,-2.4417595073898218e-05,4.9420032572737582e-05,-1.0591541524070534e-06,-1.800182108094082e-05,-1.7442331076132096e-05,3.544415215707292e-05,-8.2429577670252671e-07,4.943648440006757e-05,3.545951542983672e-05,0.0046323720590244763,0.0015804108300377312,4.1626709750524155e-09
13.0,27,1,-339817.76379557932,267608.10870762356,5068572.0912337536,89966.313960336396,-2.5875624317039911e-05,-1.5346909193651063e-05,6.786979983680189e-05,1.5594161086458309e-06,-3.9491274132847456e-05,-2.7140924207270631e-05,6.6632198340118074e-05,1.5598476984290839e-06,-2.155458685270754e-05,-1.4780545501597106e-05,3.633513235430463e-05,6.5858833759567822e-07,6.703783089501036e-05,3.655857322619203e-05,0.0041820476370675822,0.0024273383292387311,3.757941900602306e-09
13.0,27,2,-205729.5395653965,84073.649044602411,5047226.908394563,75053.104873809658,-2.32682627572953e-05,-1.8245007488055314e-05,6.7782982340677385e-05,1.3009204844793678e-06,-3.1224330662346297e-05,-2.6629753400930311e-05,5.7854084063276609e-05,1.2898488107797554e-06,-1.9120861251729181e-05,-1.6556915059114929e-05,3.5677776310844111e-05,8.0995315554904494e-07,5.7934357528452907e-05,3.57223153678292e-05,0.0043468679086847801,0.0024273408605833377,3.906083299501527e-09
13.0,27,3,-964221.83643959812,-281633.96856201091,4478315.0087745581,34991.852722866483,-2.9643015313378177e-05,-1.7811492270166656e-05,6.469429000366724e-05,6.0652544719635232e-07,-4.0635460706826035e-05,-2.6738671528398061e-05,6.7374132235224109e-05,1.2438384347546349e-06,-2.2123298199356787e-05,-1.4457596347646868e-05,3.6580894547003663e-05,9.8675645670981344e-07,6.786862870447087e-05,3.6877311569214736e-05,0.0041820384875362864,0.0035842810042145444,3.757906547990644e-09
13.0,27,4,-555122.88714563893,-19192.917062578024,4806522.2318834309,21139.914656123638,-2.6550955754558607e-05,-1.7261502939785545e-05,6.6384226308611953e-05,3.6642518737280979e-07,-3.3361184441470805e-05,-2.3828126712375879e-05,5.7189311153846691e-05,4.1979109614003983e-07,-2.0807405670078261e-05,-1.4590421614861578e-05,3.5397827284939846e-05,2.6775028269821568e-07,5.745643633372799e-05,3.558319534436255e-05,0.0043468577219075441,0.0035842830522181349,3.90606885504907e-09
13.0,28,1,-214466.126323801,-122162.77486197418,4934763.1966027264,72576.847398645361,-2.2109950037947018e-05,-2.0510025279275369e-05,6.7143358226112799e-05,1.2579986882431861e-06,-2.6841934782155781e-05,-2.5760431958928154e-05,5.2602366741083935e-05,1.2291145679320274e-06,-1.7892071094067337e-05,-1.7429152667722755e-05,3.5321223761790092e-05,9.3522062095373422e-07,5.262578540024254e-05,3.5341249906497005e-05,0.0044675259609826276,0.0024273426720238375,4.014524358166142e-09
13.0,28,2,2077.075175054837,-205324.73281933065,4985615.7941581048,46023.609103719144,-1.9093469909687705e-05,-2.2688434581590383e-05,6.7287867886018499e-05,7.9774255779779832e-07,-2.1122150502259193e-05,-2.4349553617429115e-05,4.5471704119688308e-05,6.4527618284999437e-07,-1.5866307978138089e-05,-1.8735924681067873e-05,3.4602232659205973e-05,5.0488539890143925e-07,4.551680076337656e-05,3.464891429444525e-05,0.0046323493319898488,0.0024273452667267141,4.16267100734343e-09
13.0,28,3,-350226.45600583265,95759.703505783807,4959979.403809431,22034.585008631253,-2.4892642509338646e-05,-1.7162215744470601e-05,6.7150925727459281e-05,3.8193280681627495e-07,-2.8844804510848121e-05,-2.1998471637720586e-05,5.0843276148568721e-05,3.3514516234447565e-07,-1.9695527842093595e-05,-1.4911038766469855e-05,3.4606566608563454e-05,1.8989588970342059e-07,5.0998244769423156e-05,3.471839615851194e-05,0.0044675149432719463,0.0035842844820935535,4.014526657222931e-09
13.0,28,4,-87713.471277243691,177205.17979437928,5125165.3660399057,33540.209193557814,-2.2378995133700403e-05,-1.7787071848458936e-05,6.7977571379796887e-05,5.8136362602166873e-07,-2.3173068346118831e-05,-1.9742409658225333e-05,4.291547800434416e-05,4.6055638483745099e-07,-1.8317170126378176e-05,-1.5517392631882662e-05,3.383456275826083e-05,4.1185932096119049e-07,4.296449401829997e-05,3.387676749253128e-05,0.0046323371295059479,0.0035842864697238253,4.162680604563213e-09
13.0,29,1,-360970.46049265424,144437.94094565255,4992977.0831371369,-104837.10649088124,-2.536259956956653e-05,-1.6602187277969223e-05,6.743915785334982e-05,-1.8171765125086074e-06,-3.5219258175649759e-05,-2.6091629991625983e-05,6.1310888167275749e-05,-2.4052634567378691e-06,-2.011275091498942e-05,-1.5145463919983344e-05,3.5258214834972776e-05,-1.7294145410755056e-06,6.16027375193031e-05,3.544776072449078e-05,0.0041820190785067978,0.0044312210683896368,3.7579374929324195e-09
13.0,29,2,-263212.84714329126,20655.284308983944,4976872.3360499954,-85419.38494586655,-2.3499615110013129e-05,-1.8579234164840384e-05,6.7328528065337188e-05,-1.4806026723950202e-06,-2.8580371724495363e-05,-2.4451729796942168e-05,5.3032101521437541e-05,-1.3640002419960467e-06,-1.8426391042879341e-05,-1.6134827611843222e-05,3.4561218654722566e-05,-8.5020482076189856e-07,5.310938208421611e-05,3.460528835940308e-05,0.0043468401192710881,0.0044312244705588246,3.906079315168498e-09
13.0,29,3,-542897.84508902323,105400.90482154768,4862911.1635748614,123003.53887362166,-2.7111886208105945e-05,-1.5874707876322721e-05,6.6588803275401389e-05,2.1320613404761077e-06,-3.4781601953168502e-05,-2.326336166197417e-05,5.8044963615142665e-05,2.650626297279136e-06,-2.0884935620476692e-05,-1.3814268550462367e-05,3.4699204170939054e-05,1.9852283183199981e-06,5.850897479574211e-05,3.502971387996723e-05,0.0041819995264013839,0.0055881669159729497,3.757930457471922e-09
13.0,29,4,-573690.26963506849,-72022.347434852738,4757076.1661817385,92183.594544523905,-2.6389418870121796e-05,-1.7693841551984709e-05,6.6010532684036204e-05,1.5978489721050807e-06,-2.8957346294107336e-05,-2.1311532294363778e-05,5.0268878588471114e-05,1.3963470660453962e-06,-1.9698259891930893e-05,-1.4320624979837265e-05,3.4018884871768163e-05,9.2800101128614638e-07,5.0488209202028986e-05,3.4179942097437604e-05,0.0043468200214757963,0.0055881693346115542,3.906066337606652e-09
13.0,30,1,-218017.08606499177,-77693.795943049714,4944069.0957912207,-80198.359500832885,-2.2372395680259223e-05,-1.9940125318145579e-05,6.7103764805248427e-05,-1.390104898014436e-06,-2.4716021114285971e-05,-2.2888377847828846e-05,4.760439896211481e-05,-1.1327593389668128e-06,-1.7677363611190575e-05,-1.6529590528637661e-05,3.4206954139828233e-05,-7.4096882638831058e-07,4.7634137210948195e-05,3.4226497138353156e-05,0.0044674984776032567,0.0044312268340300403,4.014525433500381e-09
13.0,30,2,-30177.52485488099,-77585.700064139673,5026675.5086182542,-72134.68971998003,-2.0198726232281545e-05,-2.1020467935908678e-05,6.7453393014586132e-05,-1.2503346218129871e-06,-2.0195587340114795e-05,-2.0918199534887536e-05,4.1113786875002329e-05,-9.1186687679464493e-07,-1.6117623988898202e-05,-1.6773371699539817e-05,3.2890995688438022e-05,-7.6429971131222613e-07,4.112950044977509e-05,3.2905383424611625e-05,0.0046323219843983137,0.0044312299348780925,4.162674038749131e-09
13.0,30,3,-108956.90460576466,121341.32093244512,5087763.1443549544,82177.312787907897,-2.2289176589226467e-05,-1.8297340679897495e-05,6.7787304259426024e-05,1.4244067549904037e-06,-2.3336153097453072e-05,-2.0349135417689524e-05,4.3685288515142596e-05,1.0895969179792212e-06,-1.7598800174205006e-05,-1.530439836713608e-05,3.2903198541341089e-05,8.0902126638113885e-07,4.373743074403044e-05,3.294552506798614e-05,0.0044674781982146456,0.0055881712253633489,4.014535106684423e-09
13.0,30,4,-198802.6279621569,-147392.73184504337,4902982.2856056718,63077.967994535305,-2.1673059921204602e-05,-2.0781955055174634e-05,6.6757878580637765e-05,1.0933514452386119e-06,-1.9608782813815038e-05,-1.9105367021772848e-05,3.8714149835587896e-05,7.6513421801006606e-07,-1.6068590757536805e-05,-1.5552263179147586e-05,3.162085393668439e-05,6.7082500646511095e-07,3.8725395717683806e-05,3.163292273075042e-05,0.0046323017629986722,0.0055881738387697994,4.162665999237852e-09
13.0,31,1,-787961.42239816324,-230783.71416784287,4576119.2137974296,-97904.51508754825,-2.7887494297160527e-05,-1.8229747354501647e-05,6.5089903396896434e-05,-1.6970115948508365e-06,-3.2204796597681406e-05,-2.3058140199443545e-05,5.5262936797124954e-05,-2.1317459597926867e-06,-1.9579611240885126e-05,-1.421643911895544e-05,3.3796050359840565e-05,-1.7934939373812034e-06,5.557321342701825e-05,3.403798956299783e-05,0.0041819778466353494,0.006435108748270281,3.757913059994839e-09
13.0,31,2,-298400.41223882651,58546.94450491434,4961366.3229949502,-67114.977657937052,-2.4058325233183815e-05,-1.7871237716292315e-05,6.7110964844201685e-05,-1.1633262794042423e-06,-2.5384167489426841e-05,-2.0522639139186493e-05,4.5906806628613334e-05,-1.0019478643981483e-06,-1.7871814066722529e-05,-1.4626631133857163e-05,3.2498445200579689e-05,-7.9673078018037131e-07,4.6007214836882735e-05,3.2572518629265774e-05,0.0043467992346867095,0.0064351139487945595,3.90607904847353e-09
13.0,31,3,-687691.67815679708,1007545.7058762887,5055529.4287970178,-65402.076889316748,-3.3421522914117176e-05,-4.0374082575436963e-06,6.6127642939748925e-05,-1.1336359994148232e-06,-4.1780239352961045e-05,-1.1528126166041636e-05,5.3308365519002705e-05,-8.6677552980989835e-07,-2.6692315033273402e-05,-5.3960615851726395e-06,3.2088376618446053e-05,-1.5415772672593742e-07,5.612634866175299e-05,3.465322896808185e-05,0.0041819668710259862,0.007592074452247622,3.757949497084501e-09
13.0,31,4,-433926.005226576,348119.05395292211,4979339.6648807246,-269642.21151762415,-2.7095514945022282e-05,-1.3540067252577638e-05,6.6734423336837633e-05,-4.6737983329721502e-06,-2.7271761595915829e-05,-1.6670203323576957e-05,4.3941964919492783e-05,-3.8426133272807101e-06,-2.0079444061817484e-05,-1.1678891809471884e-05,3.1758335871289362e-05,-3.4370975865287862e-06,4.4589494649001856e-05,3.24531795236155e-05,0.0043467858400779037,0.0075920689832951124,3.90608263206541e-09
13.0,32,1,-406440.57896669884,-61157.340510820271,4840232.2224954814,-61414.019247318647,-2.4535507247494633e-05,-1.8550597780926054e-05,6.6406821311183154e-05,-1.064509666953523e-06,-2.3081335129911362e-05,-1.8807691178728012e-05,4.1889026308639368e-05,-8.6708662283696754e-07,-1.7338901208817501e-05,-1.4170858313573869e-05,3.150975952239137e-05,-7.7483618494557586e-07,4.197378377682538e-05,3.157831616184811e-05,0.0044674577810631414,0.0064351174614680805,4.014519530034568e-09
13.0,32,2,27149.232120676432,209320.19526382443,5185137.5771164484,-27773.885589865018,-2.1215841327912068e-05,-1.8058211300097522e-05,6.8189289985347997e-05,-4.8141401689099362e-07,-1.8303383996594139e-05,-1.647142298593418e-05,3.4774806982528323e-05,-3.4693117735046245e-07,-1.5643834797003096e-05,-1.4085471383229117e-05,2.9729306180232219e-05,-3.884531537342006e-07,3.479330954212097e-05,2.9749024740655867e-05,0.0046322813833282253,0.0064351222188065152,4.162685199053494e-09
13.0,32,3,-344414.37889787788,-285799.5219955889,4744067.970515212,-262459.61156816193,-2.2425265512716874e-05,-2.140927465974386e-05,6.5775095210443384e-05,-4.5492999338481378e-06,-1.9999357229839557e-05,-1.9725256166881176e-05,3.9724613396720733e-05,-3.2715164274135235e-06,-1.5423401015442581e-05,-1.5888862371143257e-05,3.1312263386585844e-05,-3.045524888917639e-06,3.990564785835601e-05,3.1544395631299905e-05,0.0044674444071445187,0.0075920646040124095,4.0145139893541306e-09
13.0,32,4,36521.133267235709,-963659.39040653687,4527875.9807809256,-139053.58056974391,-1.3769917917934414e-05,-3.1106380328279826e-05,6.4080232772302894e-05,-2.4102620632088954e-06,-1.1826447845708453e-05,-2.3381311076443486e-05,3.5207758922151946e-05,-1.5233451386259494e-06,-9.3719609885438499e-06,-2.163208919229164e-05,3.1004050180835497e-05,-1.5187293231639709e-06,3.5882626642045714e-05,3.194138436107109e-05,0.004632270259560459,0.007592060000476515,4.1626447741532635e-09
13.0,33,1,-227403.87178521836,1722885.0285994774,5604699.6566957086,-11546.362150146186,-3.2342390364983654e-05,1.4626172416844047e-06,6.8747404128685727e-05,-2.0013694393586711e-07,-5.5717593580603014e-05,-1.0359421199117397e-05,6.6077014779720414e-05,-6.098821252037301e-07,-3.0420755902032804e-05,-3.529905559633987e-06,3.395066146166679e-05,-9.200374348730838e-07,7.114622006554555e-05,3.773752758645358e-05,0.0041820390134844655,0.0084390558432975177,3.75798406631745e-09
13.0,33,2,-189590.56232625176,552950.94341445854,5252330.1777313109,41654.261263337823,-2.5748998648933105e-05,-1.2878279216094127e-05,6.8577627512064654e-05,7.2200719523118884e-07,-3.4030707839211179e-05,-2.1362048761040331e-05,5.5392756600251527e-05,9.6728173737678012e-07,-2.1418180866165751e-05,-1.3199642008701894e-05,3.4617822874867655e-05,7.0879546808209154e-07,5.588646269824429e-05,3.4954832275207205e-05,0.0043468560563755922,0.008439024831113957,3.906097676404897e-09
13.0,33,3,-780189.18938871613,760366.24912193161,5108501.4903787989,110333.94698841964,-3.3877993483185802e-05,-7.1750325490012394e-06,6.8192644966117799e-05,1.9124550811326063e-06,-0.00010817902537067734,-3.0890838778741895e-05,0.00013906986414941931,6.7247157200672007e-06,-4.2790034594933359e-05,-1.041291553868974e-05,5.3202950133623102e-05,3.0468874433730857e-06,0.00014644361683074843,5.667205445459068e-05,0.0041824224838061955,0.0095960304791448889,3.757943750836193e-09
13.0,33,4,-489801.8099970778,240840.58989863354,5068245.675411934,257689.37249758336,-2.7767035861203306e-05,-1.5102567596344319e-05,6.8572453885886253e-05,4.4666157899581104e-06,-7.5641035834591929e-05,-4.7615472540221752e-05,0.00012325650837481374,1.1690720199822456e-05,-3.2387310491416086e-05,-2.0289544073435354e-05,5.2676854564851468e-05,5.5027904493398301e-06,0.00012507125861412738,5.354128802360867e-05,0.0043472295439026965,0.0095959592491122649,3.906081085294173e-09
13.0,34,1,21970.546674073208,-285968.88247493422,4961263.1142773814,20005.577411743372,-1.8408236304888818e-05,-2.374585307680495e-05,6.7206168200235214e-05,3.4676334180355169e-07,-2.2210801997696138e-05,-2.7854588512115459e-05,5.0065390509811604e-05,4.133620712653096e-07,-1.5015502288699572e-05,-2.0188452549250915e-05,3.5203954837950495e-05,2.439260110247625e-07,5.01784919617071e-05,3.5370471607163405e-05,0.0044675143836936781,0.0084390020824993781,4.0145264806293685e-09
13.0,34,2,-166751.51896542986,-1801070.4818030843,3919625.4935934986,38903.47471973511,-1.0697573633367389e-05,-3.9025768989220086e-05,6.0132961250987384e-05,6.7432689514207547e-07,-1.0370759172473723e-05,-3.8968267940857608e-05,4.9339027113331331e-05,6.6098353180726388e-07,-5.1340924450445236e-06,-3.0986848232626145e-05,3.6120940677670666e-05,3.7817467626530297e-07,5.2080496527565174e-05,3.94988874701296e-05,0.0046323411379472837,0.0084389709914159186,4.1626081667011825e-09
13.0,34,3,-334195.00961793517,-176584.16761190095,4951869.3119112141,272203.96812880452,-2.3557074038769725e-05,-2.0825152777331806e-05,6.806804086773556e-05,4.7182021142326112e-06,-5.8481048325069984e-05,-5.5918108842213971e-05,0.00011439915716728398,1.1224217626243149e-05,-2.6206515015812758e-05,-2.5966520135273524e-05,5.2173035151086282e-05,5.619539720003634e-06,0.00011517022108706251,5.26133939353921e-05,0.0044678814708411663,0.0095959110210608531,4.014520995727837e-09
13.0,34,4,-34530.143446072005,-743919.59042968182,4783662.8937394507,100981.26816506467,-1.6619375125853352e-05,-2.8915458873569263e-05,6.6895970852029021e-05,1.750341981527787e-06,-3.9030823761702884e-05,-6.5797574860561856e-05,0.00010482839862226471,3.8207264719768387e-06,-1.8347586787605531e-05,-3.2973443147939918e-05,5.1321029935545435e-05,2.0908488677843875e-06,0.00010608827914293615,5.2117015538560804e-05,0.0046326999381068688,0.0095958439656652125,4.16265375383084e-09
14.0,1,1,-57651141.923713669,-113577499.9891443,-57081457.627389513,-5099.5287659426303,-1.8614556584444916e-05,-0.0003866099926549784,-1.4866033914631995e-05,-3.3554899279902503e-08,0.0,0.0,0.0,0.0,0.0,0.0,0.0,0.0,0.0,0.0,0.00014523202194585591,0.00052856046021050357,3.921360725530844e-10
14.0,1,2,-56060443.501755096,-108858495.42876361,-53934320.134577751,-55820.249173958786,-2.3089568918696098e-05,-0.00037050075059841215,-9.0996771626692207e-06,-3.6729723956464879e-07,0.0,0.0,0.0,0.0,0.0,0.0,0.0,0.0,0.0,0.0,0.00054200773395651769,0.00052856055009221545,1.4634269324342107e-09
14.0,1,3,-58280597.741001412,-112744545.00145592,-57711403.760763399,-81771.125838974098,-2.2082589660700536e-05,-0.00038045536263449115,-1.8337293270734429e-05,-5.380540080204495e-07,0.0,0.0,0.0,0.0,0.0,0.0,0.0,0.0,0.0,0.0,0.0001452311876003207,0.0019726183202054973,3.9213309010409384e-10
14.0,1,4,-56658510.546726368,-108053591.71391737,-54534217.426692016,-250355.4718914869,-2.6403814291468992e-05,-0.00036458344837158582,-1.2425965561642965e-05,-1.6473390050459837e-06,0.0,0.0,0.0,0.0,0.0,0.0,0.0,0.0,0.0,0.0,0.00054200462494584812,0.0019726182872789907,1.4634152942612886e-09
14.0,2,1,-54682693.989198901,-103097387.80916692,-49545603.835388809,-56456.797247690272,-3.2237543147596462e-05,-0.00035080622848298595,1.5645100644739243e-06,-3.7148572588980197e-07,0.0,0.0,0.0,0.0,0.0,0.0,0.0,0.0,0.0,0.0,0.00083246142328368094,0.00052856069198973718,2.2475910518526865e-09
14.0,2,2,-51662407.95625753,-92051902.487394139,-41504809.110928014,-92198.683891493667,-4.7292435455938663e-05,-0.00031305530947081748,1.9544564946329546e-05,-6.0666734000602829e-07,0.0,0.0,0.0,0.0,0.0,0.0,0.0,0.0,0.0,0.0,0.0012292112983326622,0.00052856101817724561,3.31861703234313e-09
14.0,2,3,-55236230.596764319,-102343116.74501982,-50108166.189792052,-398367.89250713697,-3.530812594681886e-05,-0.00034527143680233998,-1.5654621489413297e-06,-2.6212607326969612e-06,0.0,0.0,0.0,0.0,0.0,0.0,0.0,0.0,0.0,0.0,0.00083245666053229691,0.0019726182605586959,2.2475720828055192e-09
14.0,2,4,-52162732.896548785,-91425625.710785463,-42014421.503896423,-540782.50079961016,-4.9978389883546517e-05,-0.00030832822460122392,1.6797499080106003e-05,-3.5583488552614348e-06,0.0,0.0,0.0,0.0,0.0,0.0,0.0,0.0,0.0,0.0,0.0012292042941610291,0.0019726183264667085,3.3185853095252684e-09
14.0,3,1,-49002110.325375453,-81423322.907954797,-33551080.623474285,-83233.255806572575,-6.3350994047219316e-05,-0.00027668257284059136,3.831678139129036e-05,-5.4767482320724747e-07,0.0,0.0,0.0,0.0,0.0,0.0,0.0,0.0,0.0,0.0,0.0015196381261263045,0.00052856137414381368,4.102498283813645e-09
14.0,3,2,-44332933.611167103,-63392803.962504223,-20235956.294736791,-127803.62813478279,-8.9531226849394677e-05,-0.00021494517376119298,6.9026883892716736e-05,-8.409478731268707e-07,0.0,0.0,0.0,0.0,0.0,0.0,0.0,0.0,0.0,0.0,0.0019163397451131318,0.00052856208187083899,5.1730110263706325e-09
14.0,3,3,-49407230.534586184,-80888206.977808058,-33974505.626877859,-621484.61874280451,-6.5553066757527173e-05,-0.00027269789175392713,3.5994263135193642e-05,-4.0893687913276537e-06,0.0,0.0,0.0,0.0,0.0,0.0,0.0,0.0,0.0,0.0,0.0015196295035370788,0.0019726185276476003,4.102454819206071e-09
14.0,3,4,-44657077.526230343,-63039774.437229909,-20544066.492223185,-674314.25671114959,-9.122291896261579e-05,-0.000212181064636993,6.744069364115129e-05,-4.4369878091593643e-06,0.0,0.0,0.0,0.0,0.0,0.0,0.0,0.0,0.0,0.0,0.0019163288748920749,0.0019726192405081886,5.1729449549625725e-09
14.0,4,1,-40384803.333495118,-47611535.760797396,-8488936.1004014164,-93670.517283356909,-0.00011328527112678145,-0.00016083717049843044,9.6589535266975078e-05,-6.1635200372448845e-07,0.0,0.0,0.0,0.0,0.0,0.0,0.0,0.0,0.0,0.0,0.0022067226237349196,0.0005285627965607219,5.956425743200071e-09
14.0,4,2,-34021264.143092513,-22491745.935826831,10060374.394316114,-96787.052384933151,-0.00015046475367987562,-7.4600523876067456e-05,0.00013959242789627314,-6.3685880469286009e-07,0.0,0.0,0.0,0.0,0.0,0.0,0.0,0.0,0.0,0.0,0.0026033524478923349,0.00052856411975625345,7.026177148759144e-09
14.0,4,3,-40615303.654223286,-47366714.660668589,-8649815.1438589916,-666857.82368677529,-0.00011457040117996284,-0.00015899468560237292,9.5762513218234182e-05,-4.3879244798589815e-06,0.0,0.0,0.0,0.0,0.0,0.0,0.0,0.0,0.0,0.0,0.0022067100386860532,0.0019726202197376044,5.956337006227368e-09
14.0,4,4,-34113061.031636834,-22381023.013021331,10157538.980113968,-697219.82092667639,-0.00015125220038619049,-7.4055390223700556e-05,0.00014004834769112975,-4.5877064216975304e-06,0.0,0.0,0.0,0.0,0.0,0.0,0.0,0.0,0.0,0.0,0.0026033372355746993,0.0019726224746007197,7.026045870961449e-09
14.0,5,1,-28760517.268801495,-1501915.1449463479,25591455.727141958,-115546.65681525534,-0.00018186406046387653,-2.5024584889096697e-06,0.00017577192184943139,-7.6029700184438012e-07,0.0,0.0,0.0,0.0,0.0,0.0,0.0,0.0,0.0,0.0,0.0028936741750181421,0.00052856542232710855,7.808948760196338e-09
14.0,5,2,-20725398.870239899,30697997.720698435,49250178.923427053,-406364.65954296605,-0.00022994511344891775,0.00010842083611945646,0.00023049418843341075,-2.6738794597927166e-06,0.0,0.0,0.0,0.0,0.0,0.0,0.0,0.0,0.0,0.0,0.0032902088968909276,0.00052856775528199913,8.877702850467146e-09
14.0,5,3,-28961821.295946557,-1527744.9207456298,25877025.335665159,-505893.05174546747,-0.00018328096953530563,-2.76474698648353e-06,0.00017755864130069944,-3.328776280485176e-06,0.0,0.0,0.0,0.0,0.0,0.0,0.0,0.0,0.0,0.0,0.0028936566297307672,0.001972625009911206,7.808765699756356e-09
14.0,5,4,-20650345.521089148,30757954.817214623,50105925.819748089,-281157.48199359636,-0.00023101665901184679,0.00010724995721419196,0.00023455960641086219,-1.8500162315178639e-06,0.0,0.0,0.0,0.0,0.0,0.0,0.0,0.0,0.0,0.0,0.0032901871875877049,0.0019726300453733088,8.877435033866143e-09
14.0,6,1,-14180914.685309768,56942265.592155866,68452016.817862332,-97885.355042163457,-0.00026902753963437757,0.00019896298659134628,0.00027469714965649479,-6.440856361774355e-07,0.0,0.0,0.0,0.0,0.0,0.0,0.0,0.0,0.0,0.0,0.0035804525746217343,0.00052857043335310331,9.659671886791773e-09
14.0,6,2,-4454737.5261719674,96376128.470925376,97035281.002595305,-9090.841258993185,-0.00032786371459902249,0.00033560338366187806,0.00033994060732026607,-5.9817735484175155e-08,0.0,0.0,0.0,0.0,0.0,0.0,0.0,0.0,0.0,0.0,0.0039768695730645291,0.00052857552173850536,1.0727232707425664e-08
14.0,6,3,-14429127.27402994,56631632.750195399,69602612.955993772,-108853.04623013876,-0.00027159574458592858,0.00019598405637347413,0.0002813331061276274,-7.1625304419431301e-07,0.0,0.0,0.0,0.0,0.0,0.0,0.0,0.0,0.0,0.0,0.0035804268679525643,0.0019726351477150593,9.659282046683471e-09
14.0,6,4,-4574430.320299767,95552286.136567935,98984574.702534169,-487566.74034562666,-0.00033024039172728015,0.00032859340255890929,0.00035117786132296715,-3.2081891514742234e-06,0.0,0.0,0.0,0.0,0.0,0.0,0.0,0.0,0.0,0.0,0.0039768362603070295,0.0019726444429077096,1.0726621367455169e-08
14.0,7,1,-59636440.304119274,-111390150.79826628,-59075458.750370696,-148299.84325791325,-2.8846538433749956e-05,-0.00036938595348523729,-2.5155279810084261e-05,-9.7581296863706922e-07,0.0,0.0,0.0,0.0,0.0,0.0,0.0,0.0,0.0,0.0,0.00014522997525760064,0.0030297461142766054,3.9213030530423603e-10
14.0,7,2,-57951236.715554595,-106771804.65110222,-55857593.33058019,-566852.3769497067,-3.2801734766714784e-05,-0.00035404107178261808,-1.9025561293583208e-05,-3.7298886403290701e-06,0.0,0.0,0.0,0.0,0.0,0.0,0.0,0.0,0.0,0.0,0.00054200018048562249,0.0030297456060521411,1.4634046749144792e-09
14.0,7,3,-62171923.824698083,-105593917.84504749,-61632886.536374293,-506891.92429403105,-4.6641268200843962e-05,-0.00033235798885474313,-4.3094402843673443e-05,-3.3353488618547242e-06,0.0,0.0,0.0,0.0,0.0,0.0,0.0,0.0,0.0,0.0,0.00014522709323616821,0.0044738459124822987,3.9212857102673195e-10
14.0,7,4,-60402689.706916586,-101269265.33063151,-58390941.482249722,-1530167.3555076772,-4.9750321770230553e-05,-0.00031865238937427485,-3.6513018451922588e-05,-1.0068501199240516e-05,0.0,0.0,0.0,0.0,0.0,0.0,0.0,0.0,0.0,0.0,0.00054198963856596323,0.0044738429236112747,1.4633974520832769e-09
14.0,8,1,-56507908.704456255,-101203325.20906717,-51432439.199830934,-808809.94783933286,-4.1375035756222252e-05,-0.00033547087635656206,-7.9784464157876966e-06,-5.3219694567828103e-06,0.0,0.0,0.0,0.0,0.0,0.0,0.0,0.0,0.0,0.0,0.00083244991463533836,0.0030297448975482272,2.2475546613046014e-09
14.0,8,2,-53269841.212404549,-90459395.974636734,-43258427.847943246,-1091122.7086338655,-5.5075044422346366e-05,-0.00029978231475783417,1.0800055515809013e-05,-7.1795874228108352e-06,0.0,0.0,0.0,0.0,0.0,0.0,0.0,0.0,0.0,0.0,0.0012291946281185848,0.003029743762381111,3.3185582733699277e-09
14.0,8,3,-58714605.885977395,-96075912.332399577,-53907183.611747526,-2402945.1529028499,-5.6599737838134555e-05,-0.00030243713425559245,-2.4966899273702045e-05,-1.5811379106100751e-05,0.0,0.0,0.0,0.0,0.0,0.0,0.0,0.0,0.0,0.0,0.00083243408486623292,0.0044738386905851186,2.2475428341596984e-09
14.0,8,4,-55326971.814346708,-86255457.744986668,-45770589.47320582,-3147088.6475801556,-6.803370446698944e-05,-0.00027154314189060025,-5.1527086622824111e-06,-2.0707843301077423e-05,0.0,0.0,0.0,0.0,0.0,0.0,0.0,0.0,0.0,0.0,0.0012291723794186449,0.0044738308382717583,3.318534661491386e-09
14.0,9,1,-50523642.707800455,-80159988.37280792,-35223587.761969402,-1225962.8767169884,-7.0312163246054126e-05,-0.00026531931772180321,3.0362198297514231e-05,-8.0668357287977826e-06,0.0,0.0,0.0,0.0,0.0,0.0,0.0,0.0,0.0,0.0,0.0015196178341264303,0.0030297428529296386,4.102417266211885e-09
14.0,9,2,-45548579.351290986,-62522006.734778814,-21669229.541176341,-1309977.4958622898,-9.4720743440445776e-05,-0.00020640589562379567,6.2405378310108551e-05,-8.6196519227738668e-06,0.0,0.0,0.0,0.0,0.0,0.0,0.0,0.0,0.0,0.0,0.0019163146924828507,0.0030297420303956619,5.172893978047663e-09
14.0,9,3,-52016112.269336067,-76592779.55321306,-37561517.865167849,-3704738.2446695995,-7.9716771425638518e-05,-0.00024143124215354912,1.5394459753788393e-05,-2.4377177649925963e-05,0.0,0.0,0.0,0.0,0.0,0.0,0.0,0.0,0.0,0.0,0.0015195916834592827,0.0044738237927346505,4.102387697577207e-09
14.0,9,4,-46931641.417233765,-60369477.554042652,-24104235.628677461,-3922843.7405433548,-0.00010118974025747104,-0.00018961070203767357,4.9014589831229474e-05,-2.5812311812775273e-05,0.0,0.0,0.0,0.0,0.0,0.0,0.0,0.0,0.0,0.0,0.0019162844775450886,0.0044738135692113804,5.172841244637054e-09
14.0,10,1,-41520293.114751749,-47128032.034645371,-9764484.1954274848,-1306379.284912823,-0.00011771128993024364,-0.00015461021202314366,9.124193275891003e-05,-8.5959756947263745e-06,0.0,0.0,0.0,0.0,0.0,0.0,0.0,0.0,0.0,0.0,0.0022066941707978354,0.0030297417508324061,5.956269774062728e-09
14.0,10,2,-34847257.111849323,-22417542.819098849,9163592.4356883503,-1082032.7909359301,-0.00015329504395345802,-7.1507523907159888e-05,0.00013629634606933985,-7.1197757643584201e-06,0.0,0.0,0.0,0.0,0.0,0.0,0.0,0.0,0.0,0.0,0.0026033191787013629,0.0030297424486843212,7.025955943829153e-09
14.0,10,3,-42096477.23382096,-45684733.562531233,-11915904.812729996,-4004822.2854769137,-0.00011947337753619203,-0.00014308410417910564,7.9114788994586463e-05,-2.635173063843809e-05,0.0,0.0,0.0,0.0,0.0,0.0,0.0,0.0,0.0,0.0,0.0022066620720287834,0.0044738060351190937,5.9562124733817436e-09
14.0,10,4,-35440727.062500626,-22481743.391928505,6880749.2969452664,-3661494.3299576454,-0.00015255406464242965,-6.728395209006503e-05,0.00012592124980272438,-2.4092632691121305e-05,0.0,0.0,0.0,0.0,0.0,0.0,0.0,0.0,0.0,0.0,0.0026032859219121507,0.0044737970472994437,7.025867348528051e-09
14.0,11,1,-29423392.818332069,-1753830.8010787852,25050082.176358707,-1034939.7608346748,-0.00018392504126460264,-1.8593231910759993e-06,0.00017451042420046269,-6.8099036262921603e-06,0.0,0.0,0.0,0.0,0.0,0.0,0.0,0.0,0.0,0.0,0.0028936372136979588,0.0030297436824410738,7.808658159243391e-09
14.0,11,2,-21182284.994464181,30002346.062407874,49301436.121091008,-739886.77589002985,-0.00023121140082224916,0.00010558347153196898,0.00023257148411810402,-4.8684549853563965e-06,0.0,0.0,0.0,0.0,0.0,0.0,0.0,0.0,0.0,0.0,0.0032901659964762833,0.0030297469554709513,8.877282279844713e-09
14.0,11,3,-29374969.071910486,-2398814.0100948773,23002380.039031081,-3213177.648901944,-0.00017942847968527162,-1.9253793785249281e-06,0.00016521447746472388,-2.114270892977479e-05,0.0,0.0,0.0,0.0,0.0,0.0,0.0,0.0,0.0,0.0,0.0028936040824894486,0.0044737918300204972,7.808569712434243e-09
14.0,11,4,-21317028.432305306,28368730.696961809,47103878.795165978,-2245683.0230479441,-0.00022583186515908843,0.00010110042991148918,0.00022437770439767259,-1.4776594291655472e-05,0.0,0.0,0.0,0.0,0.0,0.0,0.0,0.0,0.0,0.0,0.0032901340987544323,0.0044737875439383916,8.877177522419087e-09
14.0,12,1,-14324380.410396256,56133309.255912274,69267182.280611962,-595192.46503296646,-0.00026975467867968957,0.00019385691932462056,0.0002802778038271445,-3.9163664199169188e-06,0.0,0.0,0.0,0.0,0.0,0.0,0.0,0.0,0.0,0.0,0.0035804045507913593,0.0030297501996279009,9.659119049346201e-09
14.0,12,2,-4299727.9511706606,95391420.229519069,99089667.219813123,480754.33582377533,-0.00032877875792579813,0.00032718899710314019,0.0003515234622992751,3.1633635297204416e-06,0.0,0.0,0.0,0.0,0.0,0.0,0.0,0.0,0.0,0.0,0.0039768123094156074,0.0030297560776794373,1.0726420761924398e-08
14.0,12,3,-14412438.35361395,54043571.69089894,66945287.567069419,-1459708.3281360141,-0.00026322458939565972,0.00018721595669723501,0.00027210924716243682,-9.6048807991349726e-06,0.0,0.0,0.0,0.0,0.0,0.0,0.0,0.0,0.0,0.0,0.003580374121386138,0.0044737872058233114,9.659029505006832e-09
14.0,12,4,-5059766.0141774043,92591403.950976223,96127964.055860817,-1114267.1406787646,-0.00032347543152168957,0.0003190692668490214,0.00034233983233916188,-7.3318777856662704e-06,0.0,0.0,0.0,0.0,0.0,0.0,0.0,0.0,0.0,0.0,0.0039767845990477608,0.004473790288776403,1.0726363341710875e-08
14.0,13,1,-65498151.321470343,-96989429.691519469,-64993160.525963768,-842223.71190757991,-7.1558264063728167e-05,-0.00027877087573865148,-6.8235424629294942e-05,-5.5418320243518754e-06,0.0,0.0,0.0,0.0,0.0,0.0,0.0,0.0,0.0,0.0,0.00014522343538626761,0.0055310388991176625,3.921299003045619e-10
14.0,13,2,-63576650.035082504,-93017016.948192328,-61691940.719441652,-3077396.2411738648,-7.3443097060550848e-05,-0.00026716071134881347,-6.1041709763634002e-05,-2.0249267266924028e-05,0.0,0.0,0.0,0.0,0.0,0.0,0.0,0.0,0.0,0.0,0.00054197631915611408,0.0055310323626763186,1.4634020329625224e-09
14.0,13,3,-65114016.729399458,-72936539.432634547,-64680100.926690415,-1619779.336503627,-0.00010813579187926383,-0.00015960799126655075,-0.00010528062589743832,-1.0658148034193865e-05,0.0,0.0,0.0,0.0,0.0,0.0,0.0,0.0,0.0,0.0,0.00014521831397502769,0.0069753287163998026,3.921498510825387e-10
14.0,13,4,-62924079.577586807,-69770316.661637843,-61304524.866983578,-5774499.6352454387,-0.00010752214827271219,-0.000152570388285768,-9.6865478276942941e-05,-3.7996207599914988e-05,0.0,0.0,0.0,0.0,0.0,0.0,0.0,0.0,0.0,0.0,0.00054195789854909649,0.0069753121853900046,1.463475488137106e-09
14.0,14,1,-61737706.550084531,-88424321.064281493,-57245770.458414719,-4558052.1707977168,-7.8529788144562668e-05,-0.0002541277116479786,-4.8972848661375269e-05,-2.9991983283848977e-05,0.0,0.0,0.0,0.0,0.0,0.0,0.0,0.0,0.0,0.0,0.00083241406265026471,0.005531022955943295,2.2475478519405172e-09
14.0,14,2,-57964801.806520723,-79707037.604391903,-49084689.055663139,-6290346.4819587246,-8.6333080909716659e-05,-0.00022939699245970907,-2.7901939009073686e-05,-4.1390479851288406e-05,0.0,0.0,0.0,0.0,0.0,0.0,0.0,0.0,0.0,0.0,0.0012291443585263164,0.0055310050623372086,3.318537830021653e-09
14.0,14,3,-61771371.950485699,-66860196.662639044,-57519429.249215908,-8637282.1419507805,-0.00011233705081169764,-0.00014582151741766671,-8.4359267837342443e-05,-5.6833316494036128e-05,0.0,0.0,0.0,0.0,0.0,0.0,0.0,0.0,0.0,0.0,0.00083238618799177347,0.0069752884172882548,2.2476485679354054e-09
14.0,14,4,-57265659.536380552,-60487546.40752884,-49538358.33349064,-12056251.737570398,-0.00011248736819109196,-0.00013368738380324771,-6.1641726276076363e-05,-7.9330136433213212e-05,0.0,0.0,0.0,0.0,0.0,0.0,0.0,0.0,0.0,0.0,0.0012291053680334623,0.0069752423424900862,3.3186767748747216e-09
14.0,15,1,-54502822.78113474,-71238078.872738421,-40987947.643464915,-7214186.1747617209,-9.5196992010072423e-05,-0.00020531497709282465,-6.2691136042049638e-06,-4.7469345029932124e-05,0.0,0.0,0.0,0.0,0.0,0.0,0.0,0.0,0.0,0.0,0.0015195586907097336,0.0055309887201678998,4.102382888425529e-09
14.0,15,2,-48743576.003074899,-56546737.329397492,-27428647.767012808,-8061685.058856139,-0.00011103677156304621,-0.00016238157309024886,2.921545623024234e-05,-5.304588768727339e-05,0.0,0.0,0.0,0.0,0.0,0.0,0.0,0.0,0.0,0.0,0.0019162464423861491,0.0055309643644519089,5.172827974289553e-09
14.0,15,3,-54801321.795969471,-55069218.438432276,-42437288.676013492,-14081902.505873101,-0.00011994632773902307,-0.00012170908764642827,-3.8590989809712683e-05,-9.2658918488644997e-05,0.0,0.0,0.0,0.0,0.0,0.0,0.0,0.0,0.0,0.0,0.0015195127816180114,0.0069751992696885368,4.102517705496471e-09
14.0,15,4,-47838066.891665094,-44177993.760502398,-29150417.483562347,-15795837.413140608,-0.00012333144469270317,-9.9248163489652625e-05,-3.6671158738710424e-07,-0.0001039366101784652,0.0,0.0,0.0,0.0,0.0,0.0,0.0,0.0,0.0,0.0,0.0019161940515326043,0.0069751327675740358,5.172972716660068e-09
14.0,16,1,-43805935.779853269,-43455588.044396937,-15408919.191509534,-8157381.2298576375,-0.00012602375746653411,-0.00012371846936723145,6.0828611684767658e-05,-5.3675568492463252e-05,0.0,0.0,0.0,0.0,0.0,0.0,0.0,0.0,0.0,0.0,0.0022066216096146623,0.0055309456811123651,5.956178985661888e-09
14.0,16,2,-36252843.395160511,-21959863.233657341,3594217.9446084574,-7774616.9332216633,-0.00015224649741910531,-5.8198687956414479e-05,0.0001099471661965745,-5.1156979420598541e-05,0.0,0.0,0.0,0.0,0.0,0.0,0.0,0.0,0.0,0.0,0.0026032442016333279,0.0055309221259835228,7.025820012551678e-09
14.0,16,3,-44395582.769088775,-35391245.792867191,-18504594.293330923,-16485331.024958404,-0.00013682248650925084,-7.7573949205712861e-05,3.3540217661235824e-05,-0.0001084734781442263,0.0,0.0,0.0,0.0,0.0,0.0,0.0,0.0,0.0,0.0,0.0022065664288080751,0.0069750793972428258,5.956267738666657e-09
14.0,16,4,-35150151.953600086,-18613104.247377366,296983.71744279191,-15863682.265945073,-0.00014681128933070382,-3.7997515423758309e-05,8.6430863384758352e-05,-0.00010438302930991858,0.0,0.0,0.0,0.0,0.0,0.0,0.0,0.0,0.0,0.0,0.0026031888604734765,0.0069750072994249537,7.025882491347705e-09
14.0,17,1,-30039697.914823398,-3562723.1448429823,19593406.999427393,-6894119.1072554933,-0.00017552697006436037,-1.3084760778892215e-06,0.00015105886027140986,-4.5363303725741144e-05,0.0,0.0,0.0,0.0,0.0,0.0,0.0,0.0,0.0,0.0,0.0028935629692200667,0.005530907133787023,7.808493222927881e-09
14.0,17,2,-21009628.332331289,25817966.594704788,44076925.64795737,-5392528.7643821426,-0.00021548207140506266,9.2643503214834725e-05,0.00021278745378523672,-3.5482839269634499e-05,0.0,0.0,0.0,0.0,0.0,0.0,0.0,0.0,0.0,0.0,0.0032900957901426768,0.0055308929862827308,8.877090018060176e-09
14.0,17,3,-30901378.346082788,-5329669.8243261799,14695880.884757642,-14867355.177895656,-0.00016930550520589564,-1.0436631327371727e-06,0.00013072446053303437,-9.7827197070553409e-05,0.0,0.0,0.0,0.0,0.0,0.0,0.0,0.0,0.0,0.0,0.0028935099455025953,0.0069749561328812243,7.80843216409047e-09
14.0,17,4,-20236951.001232296,18806910.170005016,39003599.411855459,-11202679.697532887,-0.00019252536014550102,6.4383246361240487e-05,0.00019727746157261638,-7.3713632409766391e-05,0.0,0.0,0.0,0.0,0.0,0.0,0.0,0.0,0.0,0.0,0.0032900492209118554,0.0069748975385802766,8.876941354948692e-09
14.0,18,1,-13851022.460152864,50229855.628895268,63985654.420930035,-3527588.3710480025,-0.00024971561817948825,0.00017193655964644841,0.00026244971569803712,-2.3211531481495856e-05,0.0,0.0,0.0,0.0,0.0,0.0,0.0,0.0,0.0,0.0,0.0035803393519575118,0.0055308876924472124,9.658917607222552e-09
14.0,18,2,-3820289.7263657227,88438656.873910546,93766121.437079504,-402745.11731379293,-0.00030698499836319284,0.00030007887026662489,0.00033513358709227669,-2.6500628719247575e-06,0.0,0.0,0.0,0.0,0.0,0.0,0.0,0.0,0.0,0.0,0.0039767557561781151,0.0055308897766969461,1.0726257730599264e-08
14.0,18,3,-14967341.383926265,38566971.02604115,57705154.50835181,-8610901.7205566745,-0.0002269466652639722,0.00012530911039361335,0.00025123835770721756,-5.665973332126292e-05,0.0,0.0,0.0,0.0,0.0,0.0,0.0,0.0,0.0,0.0,0.0035802998894396681,0.0069748639984930283,9.658584361215771e-09
14.0,18,4,-4297692.142081596,72699270.648128122,87651476.752632707,-2588111.1435561413,-0.00027484264160361005,0.00023179737355596985,0.00033018288972360999,-1.7029771324599409e-05,0.0,0.0,0.0,0.0,0.0,0.0,0.0,0.0,0.0,0.0,0.0039767267513710156,0.0069748412461919868,1.07257416107181e-08
14.0,19,1,-60246337.885085657,-42494988.667658612,-59786746.819752783,-2431391.3416193374,-0.00013962654735531825,-2.2822669504648355e-05,-0.00013660243814542797,-1.5998555027855241e-05,0.0,0.0,0.0,0.0,0.0,0.0,0.0,0.0,0.0,0.0,0.00014521398045553834,0.008032774418255919,3.921806017854545e-10
14.0,19,2,-58883542.691585176,-40560814.572722808,-57168026.713964686,-8246436.8255636552,-0.00014000614422495964,-1.9442593202845245e-05,-0.00012871804909221681,-5.4261554312208846e-05,0.0,0.0,0.0,0.0,0.0,0.0,0.0,0.0,0.0,0.0,0.00054194147581484314,0.0080327459180247352,1.4635829693707244e-09
14.0,19,3,6620132.2783023976,-7744090.2418023581,7220660.4803208169,-1327831.2362750911,3.3927680414652825e-05,-6.0588903767636463e-05,3.7879155983934016e-05,-8.7371295346900993e-06,0.0,0.0,0.0,0.0,0.0,0.0,0.0,0.0,0.0,0.0,0.00014523964872325022,0.0094773256508811701,3.9230496745655754e-10
14.0,19,4,6054723.3881911431,-7079247.344839328,8295097.5944648851,-4463674.6117736129,2.8352573546547331e-05,-5.8068953876793159e-05,4.3094235823828555e-05,-2.9370978945470373e-05,0.0,0.0,0.0,0.0,0.0,0.0,0.0,0.0,0.0,0.0,0.00054203589581501002,0.0094772781724478845,1.4640349037258823e-09
14.0,20,1,-56798550.543374851,-38471734.23508165,-53202508.670440078,-12693324.348620791,-0.00013914744892614989,-1.8556997617580667e-05,-0.00011548549340223915,-8.3522074213924805e-05,0.0,0.0,0.0,0.0,0.0,0.0,0.0,0.0,0.0,0.0,0.00083236164273821584,0.0080327046839575762,2.2478154436290045e-09
14.0,20,2,-54345398.223240256,-35717177.684445597,-46828103.805759251,-17602591.736202803,-0.00014130544636167764,-1.8731755216408755e-05,-9.1841649094652597e-05,-0.00011582505362421444,0.0,0.0,0.0,0.0,0.0,0.0,0.0,0.0,0.0,0.0,0.0012290704744418505,0.008032623665554019,3.3188804414136102e-09
14.0,20,3,4995642.2376482589,-6664154.2892828789,10174508.81332759,-6622445.0234600855,1.9431851040250649e-05,-5.7289610106956241e-05,5.3508793108220655e-05,-4.3575688254367359e-05,0.0,0.0,0.0,0.0,0.0,0.0,0.0,0.0,0.0,0.0,0.00083250446325960274,0.0094772097747214089,2.2484821727372805e-09
14.0,20,4,3068616.2853682693,-6212747.9558040276,13280529.149200602,-9361345.2668456454,4.1759871412747641e-06,-5.6895389565638953e-05,7.1370373785291499e-05,-6.159765185584434e-05,0.0,0.0,0.0,0.0,0.0,0.0,0.0,0.0,0.0,0.0,0.0012292746887702076,0.0094770746613084215,3.3198075765679134e-09
14.0,21,1,-50541935.29362613,-32212819.243323673,-39702630.560872048,-20998875.262849487,-0.00013908326577750138,-1.8477682166511253e-05,-6.7760640635979556e-05,-0.00013817259922954962,0.0,0.0,0.0,0.0,0.0,0.0,0.0,0.0,0.0,0.0,0.0015194714775287363,0.008032547401072768,4.102767496092997e-09
14.0,21,2,-46693827.497797489,-27290767.385669388,-28969903.488884553,-24156948.372404087,-0.0001445772775071922,-1.6905141969389334e-05,-2.7953857528545096e-05,-0.00015895272029041888,0.0,0.0,0.0,0.0,0.0,0.0,0.0,0.0,0.0,0.0,0.0019161455923330808,0.0080324265245897645,5.173181722594267e-09
14.0,21,3,876198.50322375074,-5940709.6620919053,16401194.488112073,-11155728.10846439,-1.2146573508993109e-05,-5.7001829236770116e-05,9.0007900071572037e-05,-7.3404690953695684e-05,0.0,0.0,0.0,0.0,0.0,0.0,0.0,0.0,0.0,0.0,0.0015197162648787526,0.0094769463033198935,4.1038185033582655e-09
14.0,21,4,-1775059.6638043243,-4993470.5830809046,22039507.286506005,-13125617.048111597,-3.5808036310433284e-05,-5.6985180159273178e-05,0.00012089181422260869,-8.6366560176574309e-05,0.0,0.0,0.0,0.0,0.0,0.0,0.0,0.0,0.0,0.0,0.0019164385573611671,0.0094767382227102463,5.174369835979983e-09
14.0,22,1,-40818202.526784651,-21426626.909143891,-18153749.072062936,-25715310.31502156,-0.00014155401858361648,-1.3957451019540268e-05,7.5780851484524395e-06,-0.00016920674187284186,0.0,0.0,0.0,0.0,0.0,0.0,0.0,0.0,0.0,0.0,0.0022065148653503536,0.0080323277058605043,5.9565101866295214e-09
14.0,22,2,-35458579.925142743,-13223353.365354817,-2742373.3449250162,-25969524.076324288,-0.00015206705142347158,-5.7592606600670131e-06,6.320558787436105e-05,-0.00017087946842221381,0.0,0.0,0.0,0.0,0.0,0.0,0.0,0.0,0.0,0.0,0.0026031364503973507,0.0080321882176029123,7.025974062726516e-09
14.0,22,3,-4486516.5584203601,-4468482.2881357335,26920138.146935754,-14223563.729624769,-5.7906199049005832e-05,-5.7787533550532973e-05,0.00014874958891223738,-9.3591049340930978e-05,0.0,0.0,0.0,0.0,0.0,0.0,0.0,0.0,0.0,0.0,0.0022068369879243801,0.0094765636797083056,5.957674225578586e-09
14.0,22,4,-6731365.6565346271,-2511140.8592226729,35673508.487817734,-14731177.513830131,-8.6053369135853324e-05,-5.8284289969540674e-05,0.0001929707027339852,-9.6931148041002252e-05,0.0,0.0,0.0,0.0,0.0,0.0,0.0,0.0,0.0,0.0,0.0026034903843812672,0.0094763069992996399,7.027111126015569e-09
14.0,23,1,-27656401.813751511,-3873190.7874182388,12035762.265120462,-24679095.508492611,-0.00015117887200352705,5.3146565497458658e-06,0.00010999556763545049,-0.00016238844844588139,0.0,0.0,0.0,0.0,0.0,0.0,0.0,0.0,0.0,0.0,0.0028934602482719287,0.0080320856877360014,7.808544731687699e-09
14.0,23,2,-20653273.007661816,9817162.2157230917,32726442.925915025,-20879887.133500762,-0.00017048526116209727,3.0010202607775384e-05,0.00018075326968083828,-0.00013738965733843501,0.0,0.0,0.0,0.0,0.0,0.0,0.0,0.0,0.0,0.0,0.0032900090530400996,0.0080319576895129044,8.876800110839322e-09
14.0,23,3,-8862382.9465988018,-1427661.1378212385,42861153.259483881,-14509534.138152543,-0.00010977683228522098,-6.085636278346462e-05,0.00023056403595080307,-9.5472734629043737e-05,0.0,0.0,0.0,0.0,0.0,0.0,0.0,0.0,0.0,0.0,0.0028938314070612366,0.0094761082437307201,7.809473180573366e-09
14.0,23,4,-8930016.3333858922,1764706.2311269119,55501294.719326161,-12289669.421695203,-0.00013513036316864532,-6.4759088694151031e-05,0.00028882766355819994,-8.0866024794754433e-05,0.0,0.0,0.0,0.0,0.0,0.0,0.0,0.0,0.0,0.0,0.0032903989694339671,0.0094758383553996805,8.877509942684317e-09
14.0,24,1,-12077935.621565595,23837230.748084512,51346361.869243048,-15251323.796048295,-0.00017917975444320551,5.7142040269092168e-05,0.00023815212304631537,-0.00010035371057799778,0.0,0.0,0.0,0.0,0.0,0.0,0.0,0.0,0.0,0.0,0.0035802709769666456,0.0080318767053932545,9.65840612249687e-09
14.0,24,2,-4058972.774703972,45486951.137448192,77629727.53602168,-4966381.7105998565,-0.00021481921617760229,0.00011119296316435898,0.00032269243186697254,-3.2678791655747055e-05,0.0,0.0,0.0,0.0,0.0,0.0,0.0,0.0,0.0,0.0,0.0039767214173721142,0.0080317990640465745,1.0725209369899275e-08
14.0,24,3,-8559079.3352223411,3901835.0148229897,65880015.919092931,-9772924.4082106892,-0.00015305072115169886,-7.1057904728400589e-05,0.00033675852562169563,-6.4305842606026336e-05,0.0,0.0,0.0,0.0,0.0,0.0,0.0,0.0,0.0,0.0,0.0035806723721345992,0.0094756453364528634,9.65876384401227e-09
14.0,24,4,-3419668.1924941167,9478177.2864528596,83894225.946352214,-3111008.1287657856,-0.00016462673807030262,-7.9758914818831491e-05,0.00040989868536330627,-2.0470433487278868e-05,0.0,0.0,0.0,0.0,0.0,0.0,0.0,0.0,0.0,0.0,0.0039771443600751565,0.0094754101659025435,1.0725250930092964e-08
14.0,25,1,-610179.10328499624,-232690.62618203391,4779905.6369867744,89222.824511761006,-2.6324581420352247e-05,-1.9781447817234225e-05,6.7103554077691766e-05,1.5465289582038571e-06,-5.8716775643898148e-05,-4.8002370808238572e-05,0.00010671914645213671,2.7787825906577297e-06,-2.8025684124483365e-05,-2.3333317101958358e-05,5.1359001226441726e-05,1.1816617602875514e-06,0.00010694736784407377,5.145589996623039e-05,0.0041822749148288998,0.00042345513856739317,3.757920669262051e-09
14.0,25,2,-393321.21660417854,-64652.129356046906,4952847.2479084255,46113.763217815831,-2.4797063362265233e-05,-1.9100132516630942e-05,6.7869856689286578e-05,7.9930522910880745e-07,-5.1811157658798244e-05,-4.31708910981111e-05,9.4982048756909364e-05,1.5383158514144866e-06,-2.7011676346595296e-05,-2.2670812211182549e-05,4.9682488557777841e-05,8.7993635797726034e-07,9.513004239815516e-05,4.975743124549296e-05,0.0043470905590105857,0.00042345831323390386,3.9060743270381925e-09
14.0,25,3,-701862.48471868504,32114.260316088563,4823109.6842777357,-132130.7742582153,-2.8779062241291101e-05,-1.6056798660688362e-05,6.6987122021313546e-05,-2.290266753809065e-06,-6.1187336163898796e-05,-3.89095305782884e-05,0.00010009686674218722,-3.8700880917691912e-06,-3.0200160821437228e-05,-1.930157833720189e-05,4.9501739158639134e-05,-1.7692132951384818e-06,0.00010101969744307079,4.994592944663406e-05,0.0041822389642576698,0.0015803694054470441,3.757925004913965e-09
14.0,25,4,-504753.81529969117,-3937.1789228154812,4901860.2784539536,-110441.13224436327,-2.6321743268787112e-05,-1.7640921571587923e-05,6.7392901022942761e-05,-1.9143129589022966e-06,-5.1140042142926371e-05,-3.7399322389077354e-05,8.8539364532003731e-05,-3.2438092263151322e-06,-2.7890131962126247e-05,-2.0274466346344411e-05,4.816459830847066e-05,-1.8949241097154548e-06,8.897483130389536e-05,4.841696218298906e-05,0.004347053880457699,0.0015803755467248652,3.906072208287872e-09
14.0,26,1,-276890.72717891308,33387.828390917275,5045741.1503082141,25690.751814835032,-2.4008392277182042e-05,-1.8630230647304969e-05,6.8250560265928166e-05,4.4530636479047391e-07,-4.754345641752134e-05,-3.9658660903441138e-05,8.7202117320962484e-05,1.1706651144324147e-06,-2.6531399701845027e-05,-2.2090584404245096e-05,4.862198410609013e-05,8.5122251808370438e-07,8.73328157920871e-05,4.870355418161099e-05,0.0044677449095776554,0.00042346069915173598,4.014528728196825e-09
14.0,26,2,-54243.816766827134,235877.73413421772,5239038.5580125451,3366.3247426494054,-2.2622916058811412e-05,-1.7594142509859986e-05,6.9127311770697736e-05,5.8349628872589682e-08,-4.2009445390945524e-05,-3.5061002033903125e-05,7.7070447424848682e-05,2.8957585923488307e-07,-2.5926270919182191e-05,-2.1332738994204987e-05,4.7259009913387185e-05,2.2520193224808748e-07,7.717614444307226e-05,4.7336948097762526e-05,0.004632562864888984,0.00042346408628048658,4.162685178306052e-09
14.0,26,3,-227262.26677392586,63646.604423059151,5070446.7169842813,-97480.125390721907,-2.3566536842615061e-05,-1.852411640853398e-05,6.8260418875860593e-05,-1.6896555067725134e-06,-4.3778484191586117e-05,-3.6632157205166864e-05,8.0410641396752981e-05,-2.8589890615313786e-06,-2.5785855266244461e-05,-2.1453775020807692e-05,4.7239630287052164e-05,-1.9365497340957361e-06,8.058641746778506e-05,4.7365365134614586e-05,0.0044677084351860607,0.0015803798224926914,4.01453096761512e-09
14.0,26,4,-126729.78935993416,-89578.507312592352,5033873.9197386391,-57765.00615648165,-2.1466912174503328e-05,-2.0822956619016052e-05,6.7983552116538634e-05,-1.0012601067123483e-06,-3.617718758040553e-05,-3.5352743897213885e-05,7.1529931477619455e-05,-1.4317267484268214e-06,-2.3501351281166764e-05,-2.2823948572486579e-05,4.6325299853653356e-05,-1.0076543522484033e-06,7.155100104962026e-05,4.634293569953042e-05,0.0046325275742259194,0.001580385524601235,4.1626717887598565e-09
14.0,27,1,-377227.35638427082,220673.63434325764,5081611.6427395549,99766.314453272207,-2.6238839193454868e-05,-1.587522202084437e-05,6.8381036791358108e-05,1.7292827838567182e-06,-5.5426819328615757e-05,-3.8357159278970559e-05,9.3783978607586303e-05,2.3473163455737275e-06,-2.8077071601394057e-05,-1.9371397041888992e-05,4.7448468643283031e-05,9.8090254414451602e-07,9.434112636372166e-05,4.7733925315523814e-05,0.0041822098047692938,0.0024272982257534455,3.757940471492052e-09
14.0,27,2,-233592.78112375294,77446.018744033063,5079063.5518952245,74860.01443638427,-2.3740608697540403e-05,-1.8349269499832122e-05,6.8345434408121885e-05,1.297573583563994e-06,-4.4812129944463939e-05,-3.796298379109381e-05,8.2775113735557735e-05,1.8324704837191962e-06,-2.5123691267379865e-05,-2.1563719307387921e-05,4.6687410574767776e-05,1.0496728364202054e-06,8.289722323314124e-05,4.6750431990704884e-05,0.0043470265423341424,0.0024273009558387912,3.906083244207475e-09
14.0,27,3,-956659.70507917949,-284654.02983751777,4536297.4808144532,12088.609085250064,-2.9762036538296789e-05,-1.8113938167441324e-05,6.5449221350526128e-05,2.0953589081100109e-07,-5.6670536787712192e-05,-3.7530078015696769e-05,9.4200614803408974e-05,1.3381431716288838e-06,-2.8765015725856032e-05,-1.8927386943660087e-05,4.7692402669516122e-05,1.0258142855219017e-06,9.486561666718928e-05,4.805944289294175e-05,0.0041822003059560561,0.0035842224481767702,3.75790780111826e-09
14.0,27,4,-522328.48002586816,-9370.9622683110647,4879292.6892494569,15778.222204491147,-2.6444066641602829e-05,-1.7552803000471828e-05,6.7184033625836123e-05,2.7348918487784652e-07,-4.7517841981182664e-05,-3.4301461632973e-05,8.1819303614155678e-05,5.3307678846457947e-07,-2.7117216351838505e-05,-1.9258526066632053e-05,4.6375742418470562e-05,3.1824100647026948e-07,8.217840889320496e-05,4.6602107231110586e-05,0.0043470159839452214,0.0035842247076633723,3.906071258830413e-09
14.0,28,1,-230265.38043723255,-110780.07097677863,4979317.8027981175,66309.722484130863,-2.2544355999781788e-05,-2.0473277302467249e-05,6.7755085842964279e-05,1.149368523058268e-06,-3.8971796388433569e-05,-3.7074384397054488e-05,7.6046180785488044e-05,1.6819103164682393e-06,-2.3550425110547346e-05,-2.2706899456713316e-05,4.6257324567260656e-05,1.1464413941559027e-06,7.60801599185698e-05,4.628227697555072e-05,0.0044676822897888671,0.0024273029042581017,4.014525217553995e-09
14.0,28,2,-2914.4723325963132,-168003.57226286177,5046308.4538340494,44202.340062879317,-1.9552079157386034e-05,-2.2413623556177301e-05,6.7967784896169145e-05,7.6617389442324143e-07,-3.1418682604658727e-05,-3.5690185984512939e-05,6.7108868589171666e-05,9.2483537021725315e-07,-2.1016401210627743e-05,-2.4408252736501355e-05,4.5424653947129104e-05,6.4471556401443796e-07,6.716476768982718e-05,4.547673872751752e-05,0.004632502848287084,0.0024273056892462549,4.162673072523247e-09
14.0,28,3,-354007.57403428876,80166.890483617783,4998151.3324816599,20600.452533481275,-2.5033373878984954e-05,-1.7507683160674583e-05,6.7737380500624815e-05,3.5707451058034204e-07,-4.2034338191309725e-05,-3.2218995137023311e-05,7.4253333328333057e-05,4.7601045087067917e-07,-2.5831729867428967e-05,-1.9665960131309519e-05,4.5497689998738486e-05,2.5542950878764399e-07,7.447153970090804e-05,4.563893981672037e-05,0.0044676708070230352,0.0035842262752026396,4.014527059703295e-09
14.0,28,4,-71219.387361780275,185458.02727288613,5181146.7846807279,28760.588183969496,-2.2416011079304856e-05,-1.7966935892303973e-05,6.8625002569431946e-05,4.9851686185547103e-07,-3.4762312627812462e-05,-2.9711753660772646e-05,6.4474066288585115e-05,6.4206183155868397e-07,-2.4114348855014015e-05,-2.0504263193907924e-05,4.4618612048921939e-05,5.0265099217848463e-07,6.454437692856202e-05,4.467146879312969e-05,0.0046324899531472218,0.003584228454074551,4.162682396810737e-09
14.0,29,1,-378516.55551523855,133088.46408640454,5032786.9190189876,-78626.036011436328,-2.5710388939291407e-05,-1.6842568599529598e-05,6.8085537952635152e-05,-1.3628512908648958e-06,-5.04063040825555e-05,-3.7343245225735217e-05,8.7749549308290711e-05,-3.0101039968372098e-06,-2.6460689326937112e-05,-1.9848461899584123e-05,4.6309151226521248e-05,-1.9822307658168413e-06,8.81480410732344e-05,4.6543271934540605e-05,0.0041821785669339554,0.0044311490579993836,3.757937711679756e-09
14.0,29,2,-293037.61886327108,13743.801457683323,5006700.7108099153,-81451.490672162283,-2.3988946300580662e-05,-1.8671401681684135e-05,6.7873184747087886e-05,-1.4118258383174793e-06,-4.1879317924848499e-05,-3.5567585772098355e-05,7.7446903696946868e-05,-1.94363195399106e-06,-2.43862031657514e-05,-2.1116308206652493e-05,4.5502511372403894e-05,-1.1099631092232352e-06,7.756585690612835e-05,4.5565256330700516e-05,0.0043469961768996387,0.0044311527542579259,3.906079171260638e-09
14.0,29,3,-515136.00910008559,113026.0367938159,4936835.8815271808,91985.066749782141,-2.7067927794618453e-05,-1.6179785665790834e-05,6.7432918309587485e-05,1.5944078236628904e-06,-5.008714124069756e-05,-3.3825069329534147e-05,8.3912210570231721e-05,3.3452772723767193e-06,-2.7383203645470684e-05,-1.8298446534597035e-05,4.5681650180067722e-05,2.2801537849992882e-06,8.45331779952972e-05,4.607879873487785e-05,0.004182157164859578,0.0055880766572155606,3.7579326483297136e-09
14.0,29,4,-587798.22524073464,-101471.61685150932,4785086.5552007835,88081.247888330603,-2.6571769423273565e-05,-1.8142108211193661e-05,6.6558233437712772e-05,1.5267416300643967e-06,-4.2687695239941592e-05,-3.1622935696207849e-05,7.4310630936149434e-05,2.0155640056555099e-06,-2.5912471232699121e-05,-1.8987456755314828e-05,4.4899927988013952e-05,1.2082505463280549e-06,7.462145373246798e-05,4.510239360900423e-05,0.0043469742080734647,0.0055880793294398774,3.906066013729489e-09
14.0,30,1,-223112.66676150612,-67864.438524255762,4992112.8434783248,-78863.423924968592,-2.2671829176636366e-05,-1.9980859887190683e-05,6.7725413000854049e-05,-1.3669660146994556e-06,-3.6704626046354426e-05,-3.3837303891995886e-05,7.0541929938350311e-05,-1.6609090888358974e-06,-2.3355386099108532e-05,-2.1715204132010447e-05,4.5070590231118972e-05,-9.9111098908576577e-07,7.058762414375733e-05,4.509769026382879e-05,0.0044676522641249215,0.0044311553332177719,4.014526563509692e-09
14.0,30,2,-40745.978947704192,-70640.286432597786,5067700.6106828582,-67641.043707540695,-2.0531521016303757e-05,-2.1049689012708583e-05,6.801488653729265e-05,-1.1724447575973717e-06,-3.0734487739671819e-05,-3.1643216925066297e-05,6.2377704664738116e-05,-1.3329669301348031e-06,-2.1452854697391641e-05,-2.2202825559721457e-05,4.3655680257113105e-05,-9.7747746560231036e-07,6.239924846959712e-05,4.367301949961126e-05,0.0046324729546760044,0.0044311587419521006,4.162674869109707e-09
14.0,30,3,-79702.949868831085,151802.29418588709,5162733.5574492225,78401.757331433517,-2.2320849404791528e-05,-1.8308091841176406e-05,6.8548050055388079e-05,1.3589637937448472e-06,-3.5314694575183868e-05,-3.0807876558035227e-05,6.6122571133219103e-05,1.6042911568073761e-06,-2.3366479875760039e-05,-2.0340292065659569e-05,4.3706771941419611e-05,1.0568465441730402e-06,6.619972794772443e-05,4.3761143015365294e-05,0.004467630102211944,0.0055880813982876389,4.014537990413631e-09
14.0,30,4,-221079.33805082669,-156335.65048451,4929445.8240842707,56829.030674909067,-2.2040165201743401e-05,-2.0917941283927254e-05,6.7235604275264987e-05,9.8503653169842393e-07,-3.0294190803252513e-05,-2.9392818700688636e-05,5.9687009503941159e-05,1.1144397208917503e-06,-2.1535930308796266e-05,-2.0815982007007283e-05,4.2351912315803552e-05,8.4955189406247045e-07,5.9703391759926366e-05,4.2366609207751066e-05,0.0046324508404824941,0.0055880842095700003,4.162665893648447e-09
14.0,31,1,-807694.04500642465,-252112.72860784829,4609420.5762691721,-60837.625323982247,-2.8198485324064292e-05,-1.8568409173155626e-05,6.5698168111379371e-05,-1.0545188389490256e-06,-4.7164815021248818e-05,-3.3843429649417526e-05,8.1008244670666358e-05,-2.5889205235805809e-06,-2.5947750224213991e-05,-1.8807500382069202e-05,4.4755250606283197e-05,-1.9881073713108512e-06,8.143648947460798e-05,4.504740621580286e-05,0.0041821338907359583,0.0064350051018286563,3.757912904461856e-09
14.0,31,2,-281168.84040352516,78228.55613936251,5027419.7040823521,-55363.197235801774,-2.417151091293387e-05,-1.7941956039523809e-05,6.7844023858154679e-05,-9.5962875208723041e-07,-3.8399751975365808e-05,-3.1062346884078924e-05,6.9462098859444726e-05,-1.383360945188428e-06,-2.3859827705229995e-05,-1.9475584734920591e-05,4.3335412440150586e-05,-9.7220890321259128e-07,6.960994957928192e-05,4.343131251138412e-05,0.0043469519200757759,0.0064350107917904003,3.906081193517012e-09
14.0,31,3,-714784.29072647449,831683.84987533442,5045036.788105512,-80777.747101182584,-3.3037339761609691e-05,-6.2318919911783409e-06,6.6799558938144678e-05,-1.4001476164204973e-06,-6.0504255460808813e-05,-1.8362618303519696e-05,7.8866873764328537e-05,-1.4877781838934028e-06,-3.4489382016467784e-05,-8.242085830046131e-06,4.2731467846513932e-05,-4.1274717280495277e-07,8.26003324824334e-05,4.5677543152201895e-05,0.0041821210776891785,0.007591954845514514,3.757945219095176e-09
14.0,31,4,-426856.10658342484,322006.71333731548,5025598.2134928117,-239624.48289831416,-2.7081834461766156e-05,-1.4101545583140002e-05,6.7427373752888586e-05,-4.1534910369041105e-06,-4.1424659833593216e-05,-2.5695827742631352e-05,6.7120487576224561e-05,-5.4832388927175177e-06,-2.6622878733735354e-05,-1.5851780723558872e-05,4.2474659457294226e-05,-4.1956168899009321e-06,6.803295327227026e-05,4.329199320914156e-05,0.0043469361884227679,0.0075919489235718573,3.9060831990433875e-09
14.0,32,1,-434292.97386719938,-88650.026249207789,4858018.6652309746,-47789.738042731682,-2.4868047540823058e-05,-1.8876903115444543e-05,6.6865354203545296e-05,-8.2835545940734924e-07,-3.5435314348243462e-05,-2.8889545635907188e-05,6.432485998415064e-05,-1.1812544842763054e-06,-2.3271294421350182e-05,-1.9012179421061308e-05,4.2283473842411483e-05,-9.2570381311107667e-07,6.445086300691885e-05,4.237183664679466e-05,0.0044676081943251407,0.0064350146703587314,4.01451872587527e-09
14.0,32,2,50221.800656032749,236297.08794266637,5251229.7332439665,-16416.890058223977,-2.1280483275999432e-05,-1.8055178296364451e-05,6.8870320888858098e-05,-2.8455942767588225e-07,-2.9108994177730808e-05,-2.6157327538793607e-05,5.5266321716524415e-05,-4.4572612236920935e-07,-2.1271855312439408e-05,-1.9130304301869247e-05,4.0402159614308665e-05,-4.3991178420552718e-07,5.529533640353534e-05,4.0427353338314503e-05,0.0046324289025263922,0.0064350199714608321,4.162687777512922e-09
14.0,32,3,-355851.03681819094,-245131.34491042048,4805113.5872291187,-240089.83723431849,-2.2984609460184003e-05,-2.1065468133782643e-05,6.6472110689969367e-05,-4.161557178728187e-06,-3.1214327748393105e-05,-3.0233573028665683e-05,6.1447900777058802e-05,-4.8038145637737443e-06,-2.0958536118567023e-05,-2.1075221059180635e-05,4.2033757177747675e-05,-3.8017890927602345e-06,6.170469012101996e-05,4.2303278123641574e-05,0.0044675924687321237,0.0075919441114509559,4.0145159222550035e-09
14.0,32,4,39510.411260070745,-819942.49150973,4661655.3022704553,-132828.11466434409,-1.4840045759575289e-05,-2.9737229407585183e-05,6.5277132351271387e-05,-2.3023539875152978e-06,-1.915487229383604e-05,-3.5731478869894734e-05,5.488635116373078e-05,-2.2994672523576579e-06,-1.3304478383692174e-05,-2.8259328096163924e-05,4.1563806479856104e-05,-1.935211874848845e-06,5.579383232050658e-05,4.262596367462431e-05,0.0046324158784142077,0.007591939047874776,4.162651001152564e-09
14.0,33,1,-234650.91839550575,1549432.8581070402,5620676.5996975265,-588.20775346396658,-3.1809116743158346e-05,-8.8499795044755609e-07,6.9683226903787551e-05,-1.0195601060042069e-08,-7.6263254434196447e-05,-1.6510546856911797e-05,9.2773801291108255e-05,-6.1375021932774436e-07,-3.867790159511692e-05,-6.0019624978890891e-06,4.4679864093006007e-05,-9.2142437184543711e-07,9.910664808812126e-05,4.8974576576796455e-05,0.0041821994471557978,0.0084389271522813843,3.75798076485929e-09
14.0,33,2,-234710.82256182376,473620.85636789748,5244140.0302807894,23119.897846906082,-2.6000521180752396e-05,-1.3722772079303902e-05,6.8966226935186222e-05,4.0074489601303875e-07,-4.8910375470752638e-05,-3.1131338668568745e-05,8.004171413932141e-05,1.1343293522923391e-06,-2.801128974418803e-05,-1.7528384987947076e-05,4.5539674732135119e-05,7.8286351070937795e-07,8.07121304447849e-05,4.595498369969179e-05,0.0043470123695600674,0.0084388929747766551,3.906094913170015e-09
14.0,33,3,-780632.73817072809,682868.51804380433,5160921.418876918,96725.445567977091,-3.3783596256625926e-05,-8.4162411489073702e-06,6.9203342465533275e-05,1.6765743898449365e-06,-0.00013284836377033644,-4.0934463279549378e-05,0.00017378282704988592,7.695079079433355e-06,-5.1313409799050625e-05,-1.3883132063599557e-05,6.5196541862650185e-05,3.3824225160856697e-06,0.00018218647705685944,6.902148351395496e-05,0.0041826220622760337,0.0095958868912828961,3.757943239328067e-09
14.0,33,4,-479905.16776934313,234272.2093594186,5139968.6761646569,235329.14687214606,-2.7895699112354203e-05,-1.5516624575455674e-05,6.9515447515835127e-05,4.0790385457838644e-06,-9.4862349760514673e-05,-6.0336793695430911e-05,0.00015519914345594563,1.3834478386328047e-05,-3.9543177814182402e-05,-2.5025711968379694e-05,6.456888978256212e-05,6.3009720126979899e-06,0.00015732873428295698,6.555053634372481e-05,0.0043474242070445151,0.0095958083983875685,3.90608264879495e-09
14.0,34,1,21111.536144281505,-217846.86820186768,5043357.8436636198,8878.5693633849332,-1.9020556753256593e-05,-2.3162502428589848e-05,6.8031712577078601e-05,1.5389520229867216e-07,-3.2796841758657774e-05,-4.0027200346913513e-05,7.2824042105571314e-05,4.7220322753617917e-07,-2.0082028779499856e-05,-2.6014323370846829e-05,4.6096352150346705e-05,2.7204070258861267e-07,7.295567117174029e-05,4.627173632258077e-05,0.0044676684110252479,0.0084388679035717097,4.014529678500396e-09
14.0,34,2,-182360.56087996298,-1636013.9372140011,4080891.3566361233,33667.375009308431,-1.221098382275467e-05,-3.7407642345877995e-05,6.1685382747524189e-05,5.8356783349467953e-07,-1.6184102519594406e-05,-5.3804965718911897e-05,6.9989068238506314e-05,8.6943698656778006e-07,-8.1110296840124053e-06,-3.8584532704868961e-05,4.6695562388881368e-05,4.8471289246581366e-07,7.337891065481332e-05,5.040553269563379e-05,0.00463249297507181,0.008438833726927485,4.162615064722883e-09
14.0,34,3,-337225.69215533999,-157857.0983964717,5023584.7221837398,248767.799630644,-2.3959253057220288e-05,-2.0850197432066557e-05,6.8961460791323791e-05,4.3119751935978296e-06,-7.4356103713713701e-05,-7.0253120848610517e-05,0.00014460922456232425,1.336295002286733e-05,-3.2409818012377583e-05,-3.1568244222269666e-05,6.3978062234647248e-05,6.4552474976556428e-06,0.0001454941230271473,6.446290353763542e-05,0.0044680731851106919,0.0095957552093271052,4.014522867283009e-09
14.0,34,4,-31850.365236303769,-685984.62693211273,4876716.1548396023,92893.931388701763,-1.7187597648114005e-05,-2.8525924850841366e-05,6.7894222033201704e-05,1.610161477404163e-06,-5.0430935633200321e-05,-8.2456932203866777e-05,0.00013288786783706706,4.5663313747447329e-06,-2.3071298890375239e-05,-3.9876467635226775e-05,6.294776652560199e-05,2.3996438105099648e-06,0.00013432469042806008,6.3817069939e-05,0.0046328884208223882,0.0095956812436914698,4.162657165388007e-09
15.0,1,1,-63000962.180854701,-124208938.63956584,-62374625.720871441,-5702.9949545050304,-2.020277921478257e-05,-0.00042295126431310192,-1.6081485308092728e-05,-3.7525706800643097e-08,0.0,0.0,0.0,0.0,0.0,0.0,0.0,0.0,0.0,0.0,0.0001452430481568994,0.00052858199134074319,3.9221147063123333e-10
15.0,1,2,-61252358.503804468,-119021320.87376301,-58914799.570616931,-61097.136392735112,-2.5122722216902027e-05,-0.00040524249461122925,-9.7415844365280411e-06,-4.0201915746419704e-07,0.0,0.0,0.0,0.0,0.0,0.0,0.0,0.0,0.0,0.0,0.00054204833187260627,0.0005285820884253637,1.4637038521897134e-09
15.0,1,3,-63679818.976278216,-123298090.77563529,-63054046.829071671,-89575.088478629346,-2.3962717465954088e-05,-0.00041625094590572355,-1.9845136737335055e-05,-5.8940408218938112e-07,0.0,0.0,0.0,0.0,0.0,0.0,0.0,0.0,0.0,0.0,0.00014524213810109687,0.0019726989885513902,3.92208203676724e-10
15.0,1,4,-61896532.986355551,-118140678.48760311,-59561080.533810869,-273741.84978861362,-2.8713885677943679e-05,-0.00039880036307615252,-1.3346608540199713e-05,-1.8012213716090774e-06,0.0,0.0,0.0,0.0,0.0,0.0,0.0,0.0,0.0,0.0,0.00054204494103511972,0.0019726989497595329,1.463691109470583e-09
15.0,2,1,-59738026.452071287,-112692226.31540799,-54093651.920876436,-61866.95884839676,-3.5168444647027042e-05,-0.0003836070797477826,1.9715397682351287e-06,-4.0708458922245064e-07,0.0,0.0,0.0,0.0,0.0,0.0,0.0,0.0,0.0,0.0,0.00083252304528219471,0.00052858224214916648,2.2480080580397073e-09
15.0,2,2,-56420530.331786983,-100561649.32307611,-45262795.667251661,-100882.72608700025,-5.1700028574217058e-05,-0.00034214859153689945,2.1717865518425399e-05,-6.6380833765246161e-07,0.0,0.0,0.0,0.0,0.0,0.0,0.0,0.0,0.0,0.0,0.0012292999428498465,0.00052858259581267057,3.3192094237945116e-09
15.0,2,3,-60334157.832642041,-111867071.6815502,-54699515.757299103,-435772.30139226414,-3.8495581009828353e-05,-0.00037758215413564398,-1.4196361540717348e-06,-2.8673817431610978e-06,0.0,0.0,0.0,0.0,0.0,0.0,0.0,0.0,0.0,0.0,0.00083251785072943488,0.001972698916879075,2.2479872898948256e-09
15.0,2,4,-56957964.602056697,-99875957.070638895,-45810695.431856394,-591690.94623034075,-5.46049120563409e-05,-0.00033700530249961176,1.8744119083577037e-05,-3.8933264261956422e-06,0.0,0.0,0.0,0.0,0.0,0.0,0.0,0.0,0.0,0.0,0.0012292923040304307,0.0019726989806634291,3.3191747182013385e-09
15.0,3,1,-53499218.648255073,-88901647.974940404,-36539079.351681754,-91199.410999746018,-6.9299744065212345e-05,-0.00030224772903480188,4.2297972506240128e-05,-6.0009212437832875e-07,0.0,0.0,0.0,0.0,0.0,0.0,0.0,0.0,0.0,0.0,0.0015197451578695398,0.00052858298168341087,4.103203208700104e-09
15.0,3,2,-48376470.776796356,-69135008.391164139,-21943995.78428648,-139533.52507956792,-9.7977527286769844e-05,-0.00023456870478930981,7.594815816394521e-05,-9.181305950235568e-07,0.0,0.0,0.0,0.0,0.0,0.0,0.0,0.0,0.0,0.0,0.0019164691201197599,0.00052858374901538759,5.1738419580228196e-09
15.0,3,3,-53932740.777450383,-88315362.681923851,-36993046.127575539,-680284.62777706701,-7.1676417968242857e-05,-0.00029791407009967827,3.9786772827933581e-05,-4.4762728507731007e-06,0.0,0.0,0.0,0.0,0.0,0.0,0.0,0.0,0.0,0.0,0.0015197357548524773,0.0019726991923074626,4.103155684151936e-09
15.0,3,4,-48721322.705396459,-68747043.262770757,-22272261.894558772,-738852.00199406873,-9.9796111378401623e-05,-0.00023156535264592452,7.4238708756910342e-05,-4.8616461731209722e-06,0.0,0.0,0.0,0.0,0.0,0.0,0.0,0.0,0.0,0.0,0.001916457268084482,0.0019726999559605668,5.173769786977846e-09
15.0,4,1,-44046943.682879157,-51860135.908972546,-9090668.8653245568,-103552.53282565337,-0.00012393244687100634,-0.00017534325171870087,0.00010607984142850291,-6.8137566599279914e-07,0.0,0.0,0.0,0.0,0.0,0.0,0.0,0.0,0.0,0.0,0.0022068661678005938,0.00052858452326214511,5.957325263434886e-09
15.0,4,2,-37076851.997522295,-24393019.231470231,11183809.398476064,-108828.24252949809,-0.00016451370845148064,-8.1054088850858149e-05,0.00015304144353418852,-7.1608983584409743e-07,0.0,0.0,0.0,0.0,0.0,0.0,0.0,0.0,0.0,0.0,0.0026035115659867785,0.00052858595644510262,7.0271324591586735e-09
15.0,4,3,-44290598.526580311,-51590071.03178788,-9259257.5909459889,-730462.47998999699,-0.00012531105340898204,-0.00017334158249324784,0.0001051951699474918,-4.8064431183341801e-06,0.0,0.0,0.0,0.0,0.0,0.0,0.0,0.0,0.0,0.0,0.0022068524477963777,0.0019727010117445041,5.957228406812167e-09
15.0,4,4,-37169691.110879526,-24268012.601237793,11295448.986153871,-762447.75272259559,-0.00016535180504256502,-8.0458760449122395e-05,0.00015354881679591469,-5.016906212914679e-06,0.0,0.0,0.0,0.0,0.0,0.0,0.0,0.0,0.0,0.0,0.0026034949851564885,0.0019727034506423421,7.026989363615741e-09
15.0,5,1,-31319678.974265713,-1484794.3086730801,28121567.193958033,-128195.8185267373,-0.0001986844960300788,-2.3709549304792669e-06,0.00019243890375683347,-8.4352848590593143e-07,0.0,0.0,0.0,0.0,0.0,0.0,0.0,0.0,0.0,0.0,0.0028938417871464065,0.0005285873687681747,7.809915122561763e-09
15.0,5,2,-22537714.768029667,33607014.866436414,53884388.295388512,-439949.9437897444,-0.0002509249908358317,0.00011850733015895509,0.00025193244732145989,-2.894870630136518e-06,0.0,0.0,0.0,0.0,0.0,0.0,0.0,0.0,0.0,0.0,0.0032903834627662685,0.00052858990045233324,8.87863855976311e-09
15.0,5,3,-31531926.751913428,-1509829.4382808544,28436146.225177642,-556238.93763763283,-0.00020020321428286408,-2.6578139591617148e-06,0.00019438670590639516,-3.6600522096556235e-06,0.0,0.0,0.0,0.0,0.0,0.0,0.0,0.0,0.0,0.0,0.0028938226683256759,0.001972706195703174,7.809715804934017e-09
15.0,5,4,-22453029.977723721,33669091.413524181,54813063.592583887,-315812.04941284697,-0.00025206695479826937,0.00011721660395614181,0.00025634394089435475,-2.0780432851365329e-06,0.0,0.0,0.0,0.0,0.0,0.0,0.0,0.0,0.0,0.0,0.003290359821040686,0.0019727116532752063,8.878347247116312e-09
15.0,6,1,-15395429.180752993,62142665.333509885,74737487.207065985,-105632.800435868,-0.00029324778691787478,0.00021695287498597486,0.00029982680291397402,-6.950638268680114e-07,0.0,0.0,0.0,0.0,0.0,0.0,0.0,0.0,0.0,0.0,0.0035806287128299363,0.00052859280404044743,9.660551825394032e-09
15.0,6,2,-4797073.3399000019,104941796.74507719,105718397.33097702,-8334.7656106640025,-0.00035682847333966559,0.00036525329181948428,0.00037036332367470506,-5.4842757718169129e-08,0.0,0.0,0.0,0.0,0.0,0.0,0.0,0.0,0.0,0.0,0.0039770425294356031,0.00052859832175270892,1.0727986950919119e-08
15.0,6,3,-15654811.816020057,61801400.272876821,75984406.842403665,-128229.39578969205,-0.00029597563432224341,0.00021368624122269797,0.00030701042445018461,-8.4374942429617364e-07,0.0,0.0,0.0,0.0,0.0,0.0,0.0,0.0,0.0,0.0,0.0035806007390255072,0.0019727171873931124,9.660128707945802e-09
15.0,6,4,-4915662.1289454922,104037343.00490835,107823519.94917074,-531446.67859453987,-0.00035931847411217239,0.00035759229966858579,0.00038250534396183238,-3.4969191451520723e-06,0.0,0.0,0.0,0.0,0.0,0.0,0.0,0.0,0.0,0.0,0.0039770063388429745,0.0019727272846417985,1.0727324681396298e-08
15.0,7,1,-65152788.476089843,-121817892.52376908,-64535942.003765836,-161941.85135184508,-3.1324883826944018e-05,-0.00040418126846067344,-2.7266034039052067e-05,-1.0655773818951406e-06,0.0,0.0,0.0,0.0,0.0,0.0,0.0,0.0,0.0,0.0,0.00014524081585351684,0.0030298704125777476,3.922051593458818e-10
15.0,7,2,-63300894.662553214,-116739453.49226062,-60998753.930335887,-619159.70941248338,-3.567810558506356e-05,-0.00038730382268453836,-2.0530019567073563e-05,-4.0740708879341406e-06,0.0,0.0,0.0,0.0,0.0,0.0,0.0,0.0,0.0,0.0,0.00054204009336960744,0.0030298698555392988,1.4636795012024173e-09
15.0,7,3,-67911757.990054429,-115489148.82676688,-67318729.976208538,-552836.39202599321,-5.0722341441571001e-05,-0.00036378157314713889,-4.6820217110465005e-05,-3.6376634595310351e-06,0.0,0.0,0.0,0.0,0.0,0.0,0.0,0.0,0.0,0.0,0.00014523767145108163,0.0044740330996376476,3.9220326153461757e-10
15.0,7,4,-65970114.692494787,-110732600.13192293,-63756863.318015046,-1670512.0068066148,-5.4157221211571884e-05,-0.00034869437540300911,-3.9594027167495251e-05,-1.0991969004787524e-05,0.0,0.0,0.0,0.0,0.0,0.0,0.0,0.0,0.0,0.0,0.00054202859053234195,0.0044740298366946936,1.4636715878988976e-09
15.0,8,1,-61715728.564382948,-110620392.34953125,-56138248.975770414,-883550.12475424807,-4.5099989527938108e-05,-0.00036689267723421387,-8.4001738348676525e-06,-5.8137598208829519e-06,0.0,0.0,0.0,0.0,0.0,0.0,0.0,0.0,0.0,0.0,0.00083251049252088861,0.0030298690786435718,2.2479682507107168e-09
15.0,8,2,-58160345.452855393,-98817573.174096197,-47161942.866935357,-1192238.5364738915,-6.0154091919447125e-05,-0.00032767865032521152,1.2215397095906674e-05,-7.8449295699982055e-06,0.0,0.0,0.0,0.0,0.0,0.0,0.0,0.0,0.0,0.0,0.0012292817596291188,0.0030298678317006947,3.3191451841442622e-09
15.0,8,3,-64114100.179065295,-105021533.99335778,-58830582.705632746,-2622801.5889498997,-6.1684156510921411e-05,-0.00033085507100896598,-2.6918611535735288e-05,-1.7258034455290339e-05,0.0,0.0,0.0,0.0,0.0,0.0,0.0,0.0,0.0,0.0,0.00083249322125715541,0.0044740252142191194,2.247955328673902e-09
15.0,8,4,-60399491.410218775,-94229206.603082657,-49897213.962615415,-3435222.7266987939,-7.4277712557290957e-05,-0.00029687723852633526,-5.1727269520607704e-06,-2.2603765541678064e-05,0.0,0.0,0.0,0.0,0.0,0.0,0.0,0.0,0.0,0.0,0.0012292574868594821,0.0044740166393606997,3.319119351294795e-09
15.0,9,1,-55146473.279995009,-87516624.250041053,-38350594.284623027,-1339966.2850448529,-7.6862161115205809e-05,-0.00028985775449810877,3.3654722674341844e-05,-8.8169781555951314e-06,0.0,0.0,0.0,0.0,0.0,0.0,0.0,0.0,0.0,0.0,0.0015197230235724224,0.0030298668308003656,4.103114663763833e-09
15.0,9,2,-49690412.09384203,-68177503.224631026,-23495382.255775694,-1432434.2635305477,-0.0001036089014101675,-0.00022525396105075915,6.8754394924308966e-05,-9.4254174540310044e-06,0.0,0.0,0.0,0.0,0.0,0.0,0.0,0.0,0.0,0.0,0.0019164417925617923,0.0030298659178136329,5.173714127486962e-09
15.0,9,3,-56765821.251732863,-83621459.725538507,-40894204.314655565,-4043159.5265073152,-8.7094357075157653e-05,-0.00026380445823279884,1.7340882370810959e-05,-2.6603989684418134e-05,0.0,0.0,0.0,0.0,0.0,0.0,0.0,0.0,0.0,0.0,0.0015196944955745495,0.0044740089457040062,4.103082383586149e-09
15.0,9,4,-51192934.230224453,-65826453.206902258,-26146093.47728838,-4281020.0797253363,-0.00011064804739010101,-0.00020693660225664103,5.4160164764218284e-05,-2.8169112124592713e-05,0.0,0.0,0.0,0.0,0.0,0.0,0.0,0.0,0.0,0.0,0.0019164088348116767,0.0044739977821599232,5.173656565750887e-09
15.0,10,1,-45272868.155535899,-51325076.974543698,-10470995.977398496,-1429705.470390433,-0.00012872654551361086,-0.00016855007954268212,0.00010026977341853329,-9.4074619951690479e-06,0.0,0.0,0.0,0.0,0.0,0.0,0.0,0.0,0.0,0.0,0.0022068351327369723,0.0030298655990315232,5.9571550653363635e-09
15.0,10,2,-37967217.079243004,-24306222.685118522,10213224.755455587,-1187641.4193400985,-0.00016756914866734759,-7.7679805554008494e-05,0.00014945815860496916,-7.8146805392578476e-06,0.0,0.0,0.0,0.0,0.0,0.0,0.0,0.0,0.0,0.0,0.0026034752842977299,0.003029866338396085,7.026891278752609e-09
15.0,10,3,-45900114.242593654,-49748730.197103076,-12814877.097623192,-4369955.490184485,-0.00013065007168730077,-0.00015597396466797279,8.705078872660489e-05,-2.875430712541391e-05,0.0,0.0,0.0,0.0,0.0,0.0,0.0,0.0,0.0,0.0,0.0022068001191186178,0.0044739895540049897,5.957092469180789e-09
15.0,10,4,-38610906.967597723,-24369925.66793786,7727049.200597547,-3993177.7853661729,-0.00016675879001959093,-7.3053133067829047e-05,0.00013814496156713398,-2.6275109827709415e-05,0.0,0.0,0.0,0.0,0.0,0.0,0.0,0.0,0.0,0.0,0.002603439005106982,0.004473979738280529,7.0267947187391545e-09
15.0,11,1,-32032834.81177124,-1754315.144294858,27535053.583052278,-1134109.9518266055,-0.00020089774079209294,-1.6650813800983172e-06,0.00019105896484584582,-7.4624434830190644e-06,0.0,0.0,0.0,0.0,0.0,0.0,0.0,0.0,0.0,0.0,0.0028938014872170832,0.003029867668937032,7.809598623702911e-09
15.0,11,2,-23027141.202255305,32853711.328473374,53937987.695552409,-808027.860624769,-0.00025226659046923727,0.00011542941918295746,0.00025416395767833747,-5.3168233229109799e-06,0.0,0.0,0.0,0.0,0.0,0.0,0.0,0.0,0.0,0.0,0.0032903367108835131,0.0030298712203823959,8.878181243860177e-09
15.0,11,3,-31981511.918003071,-2456878.5293404013,25301399.194591343,-3506720.6447462887,-0.00019600190224111183,-1.7298145437114825e-06,0.0001809196528797594,-2.3074221842430578e-05,0.0,0.0,0.0,0.0,0.0,0.0,0.0,0.0,0.0,0.0,0.0028937653429671533,0.004473974037066529,7.809502088300022e-09
15.0,11,4,-23178797.99183318,31060027.4657498,51535262.234409273,-2454614.9974594619,-0.00024639454768541724,0.00011049692382547876,0.00024522396860325813,-1.615136668328326e-05,0.0,0.0,0.0,0.0,0.0,0.0,0.0,0.0,0.0,0.0,0.0032903019110346399,0.0044739693492676378,8.87806662923408e-09
15.0,12,1,-15555634.982515752,61255661.686471991,75608268.134859592,-649300.02260292717,-0.00029402318403028269,0.0002113951480516567,0.00030583529848204709,-4.2723941487272603e-06,0.0,0.0,0.0,0.0,0.0,0.0,0.0,0.0,0.0,0.0,0.0035805763994978448,0.003029874747279916,9.659951143945908e-09
15.0,12,2,-4637575.4360820279,103844557.43187764,107916257.78479396,517786.9156680131,-0.00035776996522275125,0.0003560424690484233,0.00038283425737061275,3.4070379050955262e-06,0.0,0.0,0.0,0.0,0.0,0.0,0.0,0.0,0.0,0.0,0.0039769802116809173,0.0030298811500473833,1.0727106190776514e-08
15.0,12,3,-15629732.259983912,58973182.730301768,73083076.799464926,-1593973.848710173,-0.00028679755135695091,0.00020408962927912885,0.0002969327322542224,-1.0488347924512938e-05,0.0,0.0,0.0,0.0,0.0,0.0,0.0,0.0,0.0,0.0,0.0035805432171979292,0.0044739689776099071,9.659853803013794e-09
15.0,12,4,-5442084.1543779969,100789725.7685374,104699920.09732527,-1208570.2850298479,-0.000351884061239953,0.00034712124805283027,0.00037285032673625446,-7.9523924754963988e-06,0.0,0.0,0.0,0.0,0.0,0.0,0.0,0.0,0.0,0.0,0.0039769500304189572,0.0044739723308389722,1.0727043603536786e-08
15.0,13,1,-71543146.117137402,-106096797.83535281,-70987440.15619266,-919246.4900735548,-7.7922634559045124e-05,-0.00030528566286490259,-7.4266089336028751e-05,-6.0486419046839905e-06,0.0,0.0,0.0,0.0,0.0,0.0,0.0,0.0,0.0,0.0,0.00014523367853791627,0.0055312756386341529,3.9220471638403055e-10
15.0,13,2,-69433751.780500561,-101724525.46080089,-67359759.189206079,-3359087.8876794926,-8.001558915549182e-05,-0.00029248887997186792,-6.6368717904774106e-05,-2.2102798300931059e-05,0.0,0.0,0.0,0.0,0.0,0.0,0.0,0.0,0.0,0.0,0.00054201405261968525,0.0055312685028676856,1.4636766105304712e-09
15.0,13,3,-71124996.51591295,-79847555.90198639,-70647440.873909861,-1769234.728171224,-0.00011784288767364866,-0.00017523732843401188,-0.00011470057154926836,-1.1641564511366654e-05,0.0,0.0,0.0,0.0,0.0,0.0,0.0,0.0,0.0,0.0,0.00014522809199316532,0.0069756457385572665,3.922265224405536e-10
15.0,13,4,-68715595.833671913,-76351658.790868536,-66933143.701159477,-6301467.0063494882,-0.00011718799123095532,-0.00016743328548930909,-0.00010545945619902343,-4.146365290177963e-05,0.0,0.0,0.0,0.0,0.0,0.0,0.0,0.0,0.0,0.0,0.00054199396515368381,0.0069756276884276238,1.4637569396807578e-09
15.0,14,1,-67416367.877838686,-96670810.568307653,-62476253.809722379,-4974946.4309211029,-8.5629477671906007e-05,-0.00027812371057519175,-5.3123527103700693e-05,-3.2735147515460856e-05,0.0,0.0,0.0,0.0,0.0,0.0,0.0,0.0,0.0,0.0,0.00083247136679489545,0.0055312582338868889,2.2479608122899427e-09
15.0,14,2,-63277754.201798812,-87080878.636763483,-53514542.979432017,-6865722.4341971762,-9.4248004855405177e-05,-0.00025087256363747271,-3.0006075012231632e-05,-4.5176453617017418e-05,0.0,0.0,0.0,0.0,0.0,0.0,0.0,0.0,0.0,0.0,0.0012292269018877137,0.0055312387020343204,3.319122861592739e-09
15.0,14,3,-67458693.795910329,-73140996.211677864,-62777287.524381876,-9426695.743951492,-0.0001225425806765772,-0.00015993213057232763,-9.1738927409920054e-05,-6.2027657995200814e-05,0.0,0.0,0.0,0.0,0.0,0.0,0.0,0.0,0.0,0.0,0.00083244096823573285,0.0069756017393415061,2.248070873240097e-09
15.0,14,4,-62508560.404205486,-66107331.615681082,-54007181.439119801,-13155084.943317465,-0.00012276187139444205,-0.00014644178596595145,-6.6822797804178222e-05,-8.6560458927028918e-05,0.0,0.0,0.0,0.0,0.0,0.0,0.0,0.0,0.0,0.0,0.0012291843839257275,0.0069755514407816768,3.319274817815876e-09
15.0,15,1,-59480778.121403664,-77777828.95905225,-44635062.093669862,-7874120.9326035287,-0.0001039915227437174,-0.00022438611725544508,-6.3067112812289385e-06,-5.1811715736531216e-05,0.0,0.0,0.0,0.0,0.0,0.0,0.0,0.0,0.0,0.0,0.0015196584852473819,0.0055312208636357062,4.103077165364993e-09
15.0,15,2,-53170384.391258843,-61657453.501791783,-29775849.468294747,-8798678.0240523256,-0.00012138730326355748,-0.0001772322180108642,3.2548736529546216e-05,-5.7895301398264298e-05,0.0,0.0,0.0,0.0,0.0,0.0,0.0,0.0,0.0,0.0,0.0019163673237858915,0.0055311942795916074,5.1736421041597596e-09
15.0,15,3,-59816130.497844294,-60141185.533499345,-46221566.858498663,-15365178.707550189,-0.00013102750370986457,-0.00013316636584447488,-4.1575274962970376e-05,-0.00010110287589568024,0.0,0.0,0.0,0.0,0.0,0.0,0.0,0.0,0.0,0.0,0.001519608424315904,0.0069755044237840378,4.103224438097405e-09
15.0,15,4,-52179770.420867361,-48160574.435564175,-31653588.378475714,-17232564.639723461,-0.00013479247485815381,-0.00010834616527485879,2.6980298078326212e-07,-0.00011339027532938036,0.0,0.0,0.0,0.0,0.0,0.0,0.0,0.0,0.0,0.0,0.0019163101952600987,0.006975431839284966,5.173800445307904e-09
15.0,16,1,-47755962.534425005,-47317252.972144008,-16624205.446108326,-8902890.5567091536,-0.00013775230837128634,-0.00013486559945147735,6.7094653269837414e-05,-5.858101986314623e-05,0.0,0.0,0.0,0.0,0.0,0.0,0.0,0.0,0.0,0.0,0.0022067559684547967,0.005531173887811585,5.957056118326021e-09
15.0,16,2,-39491468.193560727,-23810126.883443139,4140474.0672045611,-8484352.3783173356,-0.00016637928951814663,-6.3196063697572969e-05,0.00012071889055768889,-5.5827038649328068e-05,0.0,0.0,0.0,0.0,0.0,0.0,0.0,0.0,0.0,0.0,0.00260339350132756,0.0055311481807042975,7.02674309481265e-09
15.0,16,3,-48415706.328952827,-38523260.557358481,-20009089.988838796,-17984086.219599817,-0.00014959741778177246,-8.4505124604681626e-05,3.7318117736177908e-05,-0.00011833528732496678,0.0,0.0,0.0,0.0,0.0,0.0,0.0,0.0,0.0,0.0,0.0022066957955748359,0.0069753735955182423,5.957153008258348e-09
15.0,16,4,-38303559.049091779,-20157563.394772589,536767.23459775746,-17307571.320750028,-0.00016051693731238266,-4.1116285906962375e-05,9.5052409634294473e-05,-0.00011388381929053519,0.0,0.0,0.0,0.0,0.0,0.0,0.0,0.0,0.0,0.0,0.002603333134857666,0.0069752949170319139,7.026811335072672e-09
15.0,17,1,-32694196.899128158,-3730503.6218837276,21586353.390772268,-7521121.7225856828,-0.0001916832271304847,-1.102125366216319e-06,0.00016548279377706011,-4.9488980934613788e-05,0.0,0.0,0.0,0.0,0.0,0.0,0.0,0.0,0.0,0.0,0.0028937205184165261,0.0055311318197310442,7.809418914363566e-09
15.0,17,2,-22826638.287757576,28286460.885470919,48243714.750613868,-5875483.4235923886,-0.00023505086894380184,0.00010127332361604166,0.00023259205404868222,-3.8660680927237914e-05,0.0,0.0,0.0,0.0,0.0,0.0,0.0,0.0,0.0,0.0,0.0032902601707443667,0.0055311163791395574,8.877971866177236e-09
15.0,17,3,-33646312.72670278,-5657014.8314770609,16237269.63427335,-16217718.495348804,-0.00018494836622193198,-7.7878607134681408e-07,0.00014328560571329088,-0.00010671258769939512,0.0,0.0,0.0,0.0,0.0,0.0,0.0,0.0,0.0,0.0,0.0028936626682534122,0.0069752390960227837,7.809352355865137e-09
15.0,17,4,-22012826.039624605,20621571.890990775,42691112.489676207,-12234154.218021458,-0.00021009817151957681,7.0436166863872317e-05,0.00021565374400322248,-8.0500734754581184e-05,0.0,0.0,0.0,0.0,0.0,0.0,0.0,0.0,0.0,0.0,0.0032902093384283514,0.0069751751754942226,8.877808901952028e-09
15.0,18,1,-15034190.762815677,54808310.8451562,69849720.153773546,-3844236.5358599783,-0.00027213064279238739,0.00018743301778806755,0.00028640549103876975,-2.5295076405958655e-05,0.0,0.0,0.0,0.0,0.0,0.0,0.0,0.0,0.0,0.0,0.0035805053363578082,0.0055311105988413989,9.659731371970304e-09
15.0,18,2,-4105463.5718359128,96260414.098515838,102119278.00531638,-448829.56540214049,-0.00033396723138323441,0.00032644024368768001,0.0003649915681944276,-2.9532985403460845e-06,0.0,0.0,0.0,0.0,0.0,0.0,0.0,0.0,0.0,0.0,0.0039769185879732901,0.0055311128609463961,1.0726928124710806e-08
15.0,18,3,-16228593.997360162,42088905.733295768,63002549.380676284,-9402771.7025622874,-0.00024718746906687665,0.00013654167916083939,0.00027415345436060314,-6.1870237802859844e-05,0.0,0.0,0.0,0.0,0.0,0.0,0.0,0.0,0.0,0.0,0.0035804622611741652,0.0069751385766187585,9.659368793641232e-09
15.0,18,4,-4605473.1202267706,79091403.104103625,95450726.291589439,-2807459.542429633,-0.00029880393004632884,0.00025192151550976509,0.00035956586208342174,-1.8473083789186985e-05,0.0,0.0,0.0,0.0,0.0,0.0,0.0,0.0,0.0,0.0,0.0039768869706578829,0.0069751137709331166,1.0726366534067168e-08
15.0,19,1,-65859689.150770232,-46570958.63843447,-65354165.333089635,-2660731.1702747308,-0.00015245674987884308,-2.5536903107673731e-05,-0.00014913040315850477,-1.7507611100407728e-05,0.0,0.0,0.0,0.0,0.0,0.0,0.0,0.0,0.0,0.0,0.00014522332960213025,0.008033164331103038,3.922600855773238e-10
15.0,19,2,-64359365.520379305,-44434530.021008238,-62472364.709588669,-9023971.5531377383,-0.00015288393392755344,-2.1778516341691802e-05,-0.00014046746859255099,-5.9377732819646312e-05,0.0,0.0,0.0,0.0,0.0,0.0,0.0,0.0,0.0,0.0,0.00054197591956060224,0.0080331331866043115,1.4638741747947748e-09
15.0,19,3,7210046.8076731721,-8505900.4504517652,7869790.3780016992,-1458173.2206149637,3.7055287952836966e-05,-6.6355645005625121e-05,4.1396400645598669e-05,-9.5947797916464599e-06,0.0,0.0,0.0,0.0,0.0,0.0,0.0,0.0,0.0,0.0,0.00014525136488220523,0.0094778207119636561,3.92396118308508e-10
15.0,19,4,6595662.5551080639,-7769224.7047605645,9056873.7249754313,-4895880.3075650642,3.0943827323600827e-05,-6.3577130846334735e-05,4.7138596821328098e-05,-3.2214892423778119e-05,0.0,0.0,0.0,0.0,0.0,0.0,0.0,0.0,0.0,0.0,0.00054207904343513656,0.0094777687367827365,1.464368439348031e-09
15.0,20,1,-62052850.544464901,-42120704.399934039,-58104758.736330651,-13886935.693403076,-0.00015190802096702626,-2.0754499336013223e-05,-0.00012592957686950295,-9.1376036862592244e-05,0.0,0.0,0.0,0.0,0.0,0.0,0.0,0.0,0.0,0.0,0.00083241401283923279,0.0080330881296718313,2.248253083317107e-09
15.0,20,2,-59352065.170240529,-39065637.850957215,-51092683.269451872,-19250951.140062939,-0.00015431017848095626,-2.0825486720072084e-05,-9.9963445573766934e-05,-0.00012667125850161412,0.0,0.0,0.0,0.0,0.0,0.0,0.0,0.0,0.0,0.0,0.0012291461024309604,0.0080329996179307837,3.3194969390986945e-09
15.0,20,3,5434956.3703370085,-7311153.2918338953,11123314.232542222,-7262780.2698750682,2.1151567565365885e-05,-6.2717834011718658e-05,5.8580962298676187e-05,-4.7789094175777947e-05,0.0,0.0,0.0,0.0,0.0,0.0,0.0,0.0,0.0,0.0,0.00083256998359250607,0.0094776938717283793,2.248981944227658e-09
15.0,20,4,3333532.9781741481,-6802436.8236890752,14544871.880079288,-10258577.132985771,4.4346175017742022e-06,-6.2260063794485811e-05,7.8205227476310033e-05,-6.7501437535046364e-05,0.0,0.0,0.0,0.0,0.0,0.0,0.0,0.0,0.0,0.0,0.0012293690846604784,0.0094775460436647644,3.3205100727956697e-09
15.0,21,1,-55155847.43204201,-35191707.716231272,-43261166.336974591,-22955525.492103871,-0.00015182369615614479,-2.0459656826110125e-05,-7.3556694550601154e-05,-0.00015104735773804347,0.0,0.0,0.0,0.0,0.0,0.0,0.0,0.0,0.0,0.0,0.0015195631512408268,0.0080329163166554529,4.10349728798347e-09
15.0,21,2,-50927077.359674618,-29755771.671233352,-31482315.670664053,-26392128.217408407,-0.00015787920879817519,-1.8572017368231664e-05,-2.9932676884485661e-05,-0.00017366020367054732,0.0,0.0,0.0,0.0,0.0,0.0,0.0,0.0,0.0,0.0,0.0019162571586422293,0.0080327843296805791,5.1740284180456396e-09
15.0,21,3,935719.11650428921,-6498985.0578267183,17970894.017996911,-12218923.328979336,-1.3447020574547457e-05,-6.2367374041645497e-05,9.8644430277274002e-05,-8.0400515504684027e-05,0.0,0.0,0.0,0.0,0.0,0.0,0.0,0.0,0.0,0.0,0.0015198303961517772,0.0094774056523166533,4.104644905331898e-09
15.0,21,4,-1950713.7863194533,-5441676.0471042097,24162863.019409154,-14361023.127748873,-3.9333044347839072e-05,-6.2303576023802783e-05,0.00013249429103385515,-9.4495532180587585e-05,0.0,0.0,0.0,0.0,0.0,0.0,0.0,0.0,0.0,0.0,0.0019165769311893528,0.0094771781970332224,5.175324878506796e-09
15.0,22,1,-44475131.173861578,-23308194.360216152,-19634288.719805371,-28078931.049007427,-0.00015452653260287388,-1.5248088369086985e-05,8.926210744815964e-06,-0.00018475936630246885,0.0,0.0,0.0,0.0,0.0,0.0,0.0,0.0,0.0,0.0,0.0022066394251451481,0.0080326764613731956,5.957417959914671e-09
15.0,22,2,-38598309.296287388,-14300121.634108378,-2776441.1487558037,-28333917.013340678,-0.00016601057728451153,-6.1285024673736529e-06,6.9697315126246299e-05,-0.00018643717394778165,0.0,0.0,0.0,0.0,0.0,0.0,0.0,0.0,0.0,0.0,0.002603275941009885,0.0080325242551435687,7.0269117854651634e-09
15.0,22,3,-4906707.5018173717,-4860733.7369054481,29504799.408166431,-15548986.761690265,-6.34711612696792e-05,-6.3168653896558756e-05,0.00016295655419801421,-0.00010231233289192193,0.0,0.0,0.0,0.0,0.0,0.0,0.0,0.0,0.0,0.0,0.002206990967006767,0.0094769875032159751,5.958686840100441e-09
15.0,22,4,-7340420.262125168,-2706560.9895827137,39076898.039840497,-16080473.623559283,-9.4167233850033123e-05,-6.3676439836703793e-05,0.00021125872057690091,-0.00010580951644302008,0.0,0.0,0.0,0.0,0.0,0.0,0.0,0.0,0.0,0.0,0.0026036621183674058,0.0094767072705786246,7.028149812365917e-09
15.0,23,1,-30079742.031050019,-4091949.5671112705,13338131.273184769,-26914241.07834236,-0.00016500767725084623,5.9919971618707403e-06,0.0001206819290910187,-0.00017709570629549271,0.0,0.0,0.0,0.0,0.0,0.0,0.0,0.0,0.0,0.0,0.0028936084970341107,0.0080324124038849906,7.809475403938113e-09
15.0,23,2,-22427529.607813019,10823847.65302458,35866244.49609448,-22747310.582921814,-0.00018590799363467321,3.2886068741638206e-05,0.00019766503996903812,-0.00014967730363562554,0.0,0.0,0.0,0.0,0.0,0.0,0.0,0.0,0.0,0.0,0.0032901656260207542,0.0080322727927223166,8.877655853582184e-09
15.0,23,3,-9647523.4894427881,-1515169.2205063477,46914089.165556684,-15816830.325468788,-0.00011996791096039345,-6.6457019870791743e-05,0.00025220750030950309,-0.00010407474354158462,0.0,0.0,0.0,0.0,0.0,0.0,0.0,0.0,0.0,0.0,0.0028940134233025427,0.0094764904324182372,7.810485427585814e-09
15.0,23,4,-9699095.2694616914,1975875.0312968343,60673260.614094295,-13371151.409713868,-0.00014748111066702647,-7.0659806088035313e-05,0.00031556899104677195,-8.7982176275917242e-05,0.0,0.0,0.0,0.0,0.0,0.0,0.0,0.0,0.0,0.0,0.0032905909533700733,0.0094761962058935306,8.87842704470394e-09
15.0,24,1,-13117124.114065997,26023144.778488163,56062691.449710332,-16614258.049782811,-0.0001952812418108836,6.2261727502122759e-05,0.00025992194459876464,-0.00010932181796757089,0.0,0.0,0.0,0.0,0.0,0.0,0.0,0.0,0.0,0.0,0.0035804308173136611,0.0080321844770998661,9.659173125572622e-09
15.0,24,2,-4393703.8702791333,49411444.496673927,84512311.067116797,-5427860.9495543474,-0.00023356805314218501,0.00012046982311236611,0.00035143352514588019,-3.5715325048067604e-05,0.0,0.0,0.0,0.0,0.0,0.0,0.0,0.0,0.0,0.0,0.0039768811488370458,0.0080320997939677379,1.0725783648179663e-08
15.0,24,3,-9265625.4274799898,4287627.3738640547,71932806.427280411,-10607283.89078903,-0.00016675641254320817,-7.757600911036439e-05,0.0003675292690611152,-6.9795928001391814e-05,0.0,0.0,0.0,0.0,0.0,0.0,0.0,0.0,0.0,0.0,0.0035808686372646812,0.0094759859364481891,9.659562341075115e-09
15.0,24,4,-3656136.1473819017,10243904.02712407,91415944.378277123,-3363222.6063361051,-0.00017890324121744338,-8.7440976869194114e-05,0.00044667104864139299,-2.2130004749691569e-05,0.0,0.0,0.0,0.0,0.0,0.0,0.0,0.0,0.0,0.0,0.0039773424163311259,0.0094757296746170901,1.0725828916727122e-08
15.0,25,1,-622646.22666700953,-228005.04334492236,4831778.5233032722,86661.454542171778,-2.6717043608726871e-05,-1.987659643114402e-05,6.7826318724091388e-05,1.5021318787309776e-06,-7.4377565688161322e-05,-6.0493208067296829e-05,0.00013487077375545813,3.4748711018119061e-06,-3.4524346301221277e-05,-2.8516563227493381e-05,6.3040909528714665e-05,1.4705129879678986e-06,0.00013516987128452384,6.316721930488268e-05,0.0041824445358656839,0.00042344744404283741,3.757921552951662e-09
15.0,25,2,-399165.21671028389,-60297.749143118272,5003959.0268833507,39078.120831055552,-2.5096848000431382e-05,-1.9223145229267172e-05,6.8557305555191637e-05,6.7735409440496284e-07,-6.607447548438928e-05,-5.4908919680235311e-05,0.00012098339516462459,1.8295122696362612e-06,-3.3323787405686375e-05,-2.7865376299931819e-05,6.118916370561818e-05,1.0088017894238337e-06,0.00012117440384507833,6.128314233381409e-05,0.0043472566013504849,0.00042345101094361058,3.906075360786833e-09
15.0,25,3,-682717.20201919414,42339.00240072771,4894201.8320267424,-131621.05296171419,-2.8849059364632467e-05,-1.6281418488020484e-05,6.7817537225497098e-05,-2.2814315846697114e-06,-7.7660831004114491e-05,-4.9697150801786418e-05,0.00012735798180590094,-4.9023780121260276e-06,-3.7166630828100385e-05,-2.3863553085009539e-05,6.1030183913109944e-05,-2.2057651690494128e-06,0.00012850361277273902,6.156859413859953e-05,0.0041824046677435547,0.0015803424232528223,3.757927018404174e-09
15.0,25,4,-499544.56963711465,-10153.122717161896,4953454.3184861783,-102417.01436676948,-2.6433799044904271e-05,-1.7951013964958419e-05,6.8084848349232843e-05,-1.7752282490240043e-06,-6.5511329127628651e-05,-4.8219972510371624e-05,0.00011373130163800026,-3.986935299509565e-06,-3.4388124011098235e-05,-2.5167040643724698e-05,5.9555164654822927e-05,-2.2309354150493853e-06,0.00011426459930781029,5.985176289404198e-05,0.0043472159175235187,0.0015803491097154273,3.9060732621430144e-09
15.0,26,1,-282237.44021045067,31527.943607829046,5091423.1617288394,14338.049066243315,-2.4254970290819352e-05,-1.8816370304635826e-05,6.8888480142794998e-05,2.4852618381488406e-07,-6.0946638521478518e-05,-5.0843542719665786e-05,0.00011179018124114431,1.2720159387285102e-06,-3.2739621437309746e-05,-2.7271308777791961e-05,6.0010930215101713e-05,8.9816543495470027e-07,0.00011195449034786983,6.0108068401995264e-05,0.0044679084987392596,0.00042345367245996565,4.014529551987073e-09
15.0,26,2,-54349.848522609333,229086.25002846704,5281568.703832034,-2903.9347400875567,-2.2767284462410144e-05,-1.785439208752481e-05,6.9721970445070378e-05,-5.0334868828184331e-08,-5.4341592534926243e-05,-4.5527073494639546e-05,9.9868666029565795e-05,2.7044084641285051e-07,-3.2004165103013022e-05,-2.6490937751742197e-05,5.8495102854755212e-05,2.1576851886296262e-07,9.999981640237667e-05,5.8585585714781366e-05,0.004632723288548129,0.00042345742211549368,4.162685969385714e-09
15.0,26,3,-217584.50101023912,65630.517524326453,5124925.1322734896,-85028.925575768109,-2.3663349279327795e-05,-1.8754288958061977e-05,6.8940151030923527e-05,-1.4738347099799809e-06,-5.6628882658304845e-05,-4.7541819910035473e-05,0.00010417070256834032,-3.4416925861084804e-06,-3.1891153465384576e-05,-2.6637026859186078e-05,5.8528180324570664e-05,-2.2133993961175442e-06,0.0001043823988709465,5.867098109332559e-05,0.0044678680618586812,0.0015803537791036501,4.014532383729813e-09
15.0,26,4,-128912.95340132294,-95185.242538947845,5074367.2224222952,-51706.392853768855,-2.1635567298217702e-05,-2.1050953643269862e-05,6.8554622416058358e-05,-8.9624414279866019e-07,-4.7325486906053113e-05,-4.628566993283186e-05,9.3611156838885014e-05,-1.7619405694207248e-06,-2.913799587118802e-05,-2.8351703277989664e-05,5.7489699149177698e-05,-1.1746133798736983e-06,9.363586835540725e-05,5.7509176383935325e-05,0.0046326842336466244,0.0015803600181803301,4.1626725148054465e-09
15.0,27,1,-411081.81098024407,183423.27480725525,5100659.3794631455,107051.69335043347,-2.6617421430151531e-05,-1.6312666609834876e-05,6.8919425870867239e-05,1.8555626847408472e-06,-7.1277803915880929e-05,-4.9578381083941061e-05,0.00012085618499982199,3.1809916320242131e-06,-3.4791585272329678e-05,-2.4124732507130752e-05,5.8916317779460423e-05,1.3340493537310924e-06,0.00012156199971229199,5.9264750117669436e-05,0.0041823732422169285,0.0024272578161836475,3.757939428146088e-09
15.0,27,2,-255136.38992352318,72317.665691964561,5114871.7293122113,74909.200962493938,-2.4150576112330338e-05,-1.8474705814995229e-05,6.8929564621089063e-05,1.2984261500165613e-06,-5.8417341247076508e-05,-4.9222368209479492e-05,0.00010763970945655598,2.3691042825727742e-06,-3.1323127259733687e-05,-2.6694240784943923e-05,5.8017368044677604e-05,1.2941985818028713e-06,0.00010780638597995873,5.8100697150824444e-05,0.0043471864231871948,0.0024272607495909918,3.906083434537191e-09
15.0,27,3,-952217.38570813811,-287246.44898308604,4592140.2741331654,-5030.382274885289,-2.9915807110042165e-05,-1.8389644206807927e-05,6.6186392327207105e-05,-8.7193292764678388e-08,-7.2617645361248138e-05,-4.8353743756589929e-05,0.00012097138911783809,1.2993517825409449e-06,-3.5594120234687425e-05,-2.356245302257304e-05,5.9156573257260482e-05,1.0091995948928805e-06,0.00012179935419188963,5.959339995828787e-05,0.0041823632983270876,0.0035841634432406131,3.7579089574055085e-09
15.0,27,4,-496650.80330392253,1166.0344171600882,4948095.4720245535,10576.509060086049,-2.6419056736485812e-05,-1.7790231549320391e-05,6.7956545369207759e-05,1.8332615704149154e-07,-6.1585330924648755e-05,-4.4833588537493902e-05,0.00010641891946214265,6.0817221241882788e-07,-3.3578668880739807e-05,-2.409612244989694e-05,5.7674791330636737e-05,3.5273152136868413e-07,0.0001068627131705637,5.794005507209253e-05,0.0043471753970585666,0.0035841659199119481,3.906073446594598e-09
15.0,28,1,-244039.21631518705,-102177.18938420946,5023349.9993474837,62119.294452966431,-2.2938547457388914e-05,-2.047960565725198e-05,6.8362865614097362e-05,1.0767344371847515e-06,-5.1161396449595307e-05,-4.8304933793497784e-05,9.9466330243093071e-05,2.101861460823491e-06,-2.9398876077959417e-05,-2.8095206472461695e-05,5.7494082550421098e-05,1.3479298757812406e-06,9.951187213225185e-05,5.752458265565865e-05,0.0044678398439854279,0.0024272628385807889,4.014526049604423e-09
15.0,28,2,-6367.6722387447953,-138158.20584973693,5103555.9353536814,43243.948177624734,-1.9946493214532382e-05,-2.2230862463789584e-05,6.862551598373637e-05,7.49561768412162e-07,-4.1824061899020399e-05,-4.6921974773708013e-05,8.8746036672728433e-05,1.196006416119051e-06,-2.6354501649369091e-05,-3.0170311877607762e-05,5.6524813526976873e-05,7.838309168894921e-07,8.880946075111196e-05,5.658075872261433e-05,0.0046326575535750635,0.0024272658174637903,4.162674929401062e-09
15.0,28,3,-359461.06986204861,64665.558242867002,5035302.2053593677,18518.610838648568,-2.5192685319236261e-05,-1.7841157098751062e-05,6.8316544784601641e-05,3.2098925453657521e-07,-5.5152897107080432e-05,-4.2468999927520613e-05,9.7621897034601079e-05,6.0124973341199741e-07,-3.2115275007052558e-05,-2.457552122532641e-05,5.6690796232378981e-05,3.1541528173803689e-07,9.789916335505841e-05,5.686033466403476e-05,0.004467827807460795,0.0035841676304979009,4.014527406473774e-09
15.0,28,4,-56744.390225969488,192558.23038458149,5235421.0354384892,24489.983093398998,-2.2468508932971889e-05,-1.8147263509055661e-05,6.9262358445212072e-05,4.2449304028558243e-07,-4.6308639953484713e-05,-3.9699720768000901e-05,8.6008360721485634e-05,7.9513998038327097e-07,-3.0044078789219322e-05,-2.5633681215918445e-05,5.5677760005137778e-05,5.812646750954726e-07,8.609818344811714e-05,5.5740637372678235e-05,0.0046326438970441582,0.0035841700087269868,4.162684080742685e-09
15.0,29,1,-392590.22308628843,126443.35841654148,5075778.1427432094,-59634.376569700456,-2.6043422312456192e-05,-1.7046840233073791e-05,6.8741629361921788e-05,-1.0336625272081415e-06,-6.5558565723025498e-05,-4.8554989168878219e-05,0.00011411355489190372,-3.4628808700098986e-06,-3.3009665243732946e-05,-2.4694307349605775e-05,5.7703972593338738e-05,-2.1779281237462386e-06,0.0001146151916604159,5.798267373837914e-05,0.0041823392280680629,0.0044310764994906814,3.757938158071698e-09
15.0,29,2,-317056.84933260619,6891.3672484587878,5039544.919298714,-77184.292341527602,-2.4413169803956792e-05,-1.8798067383218327e-05,6.8434594185652804e-05,-1.3378610672531452e-06,-5.5192276197154485e-05,-4.660294268379608e-05,0.00010179521888095057,-2.4863159895800953e-06,-3.0539536620442492e-05,-2.6216921812804299e-05,5.6756458433246785e-05,-1.3607960059633409e-06,0.00010195770573812054,5.683932492217604e-05,0.0043471533830847665,0.0044310804886700849,3.906079212353515e-09
15.0,29,3,-492886.1663248539,121990.8142898709,5006945.251853209,69526.875193826374,-2.7087559815570372e-05,-1.6429692151581812e-05,6.8242851432849397e-05,1.2051325033596569e-06,-6.529746164595998e-05,-4.4446862291388413e-05,0.00010974432393734839,3.8641021055453464e-06,-3.4050442702121829e-05,-2.2954363228451485e-05,5.7004805930573314e-05,2.5075713554267321e-06,0.00011050768781149865,5.746437203320043e-05,0.0041823159443161919,0.0055879857097582966,3.757934679096848e-09
15.0,29,4,-603337.04606740968,-128577.32607569452,4813133.6051334497,83411.20112150388,-2.6782719063796488e-05,-1.8553550583940104e-05,6.7102772223685112e-05,1.4457941527727341e-06,-5.6332394799594718e-05,-4.1968850989842709e-05,9.830124578943742e-05,2.5951210315853935e-06,-3.2278042346841906e-05,-2.3814067111600879e-05,5.6092109458442789e-05,1.4786258634953438e-06,9.869685144097859e-05,5.633412825916755e-05,0.0043471295166520908,0.0055879886418771715,3.906065709629668e-09
15.0,30,1,-225839.46177197527,-58569.663879175205,5041044.4454859421,-77113.006943717119,-2.2941091950053419e-05,-2.004174878657821e-05,6.8351562442417195e-05,-1.3366254536910967e-06,-4.8704798866754154e-05,-4.4729353616233664e-05,9.3434152482987812e-05,-2.1717798271850694e-06,-2.9203594179961562e-05,-2.7023377228930607e-05,5.6226971408892155e-05,-1.2400812635212718e-06,9.349638127024194e-05,5.6262129466432974e-05,0.0044678071815502651,0.0044310832811773849,4.014527751800785e-09
15.0,30,2,-50183.37914353353,-67490.264521741308,5107241.1218672553,-64011.220326791248,-2.0828115151295831e-05,-2.1128101164518113e-05,6.8567242866224496e-05,-1.1095278189977151e-06,-4.1301313344382359e-05,-4.231679150269751e-05,8.3618104847079882e-05,-1.7277392736233219e-06,-2.6942676221424478e-05,-2.7748109502615562e-05,5.469078572404005e-05,-1.1825743714581133e-06,8.364462898715949e-05,5.4710712418937804e-05,0.0046326250313549547,0.0044310869933418722,4.162675607360346e-09
15.0,30,3,-54975.405678447336,179073.28455066774,5233738.0120649375,74933.105522659287,-2.2384250595508396e-05,-1.8327406631537066e-05,6.9286781978710301e-05,1.2988404957260942e-06,-4.7285310471805029e-05,-4.1256583096755761e-05,8.8541893568560811e-05,2.0915417244504906e-06,-2.9287831506230897e-05,-2.5508819571646511e-05,5.4796651077877418e-05,1.2978680046637916e-06,8.864331585614088e-05,5.48630252426553e-05,0.0044677831119306986,0.0055879908947471836,4.014540624015426e-09
15.0,30,4,-241513.53497637459,-165619.29289952945,4956524.7777625192,51824.864278367022,-2.2383802405803618e-05,-2.1068302209804981e-05,6.771552834833722e-05,8.9829764749169498e-07,-4.0993615981134825e-05,-3.9630331931157919e-05,8.0623947912292757e-05,1.4298561067607003e-06,-2.7155606032286312e-05,-2.6193046183593436e-05,5.3348652215879752e-05,1.0152183259171674e-06,8.064519589203298e-05,5.336590473929142e-05,0.0046326009973356522,0.0055879939142844115,4.162665835062862e-09
15.0,31,1,-825166.21003274689,-267921.4966533361,4645186.3395876531,-33750.364529028084,-2.8511275505507234e-05,-1.8852367140264098e-05,6.6308168687913047e-05,-5.8500631850315351e-07,-6.2066565172761508e-05,-4.46122553566684e-05,0.00010667882052942991,-2.839278927257836e-06,-3.2503442572139734e-05,-2.3545013603113206e-05,5.6048456175252936e-05,-2.0982508660418978e-06,0.00010721934781328297,5.639000799366211e-05,0.0041822910322752826,0.0064349006567591951,3.75791295426334e-09
15.0,31,2,-264922.70928167622,98481.73591180332,5092951.7462874576,-45212.318111972949,-2.4298036719219404e-05,-1.7999026335865748e-05,6.8571787177312257e-05,-7.8368018060753132e-07,-5.1389955807381239e-05,-4.1577229878522141e-05,9.2967185685903373e-05,-1.6913495260793116e-06,-3.001544575063599e-05,-2.4458235696914509e-05,5.4473681447550486e-05,-1.1181572510670382e-06,9.316112783275539e-05,5.4591422693709956e-05,0.0043471056793494131,0.0064349068449170042,3.906083319078932e-09
15.0,31,3,-742296.24914330756,705070.06498862628,5043945.1992343683,-91696.946324899429,-3.2893344378802756e-05,-7.8056616005158906e-06,6.7401507393076963e-05,-1.5894137362982562e-06,-7.8748657634355594e-05,-2.5655495965800887e-05,0.0001044041536001565,-2.1815578139511055e-06,-4.2367034490153913e-05,-1.1391039037062509e-05,5.3758073527216436e-05,-7.1230166619066908e-07,0.00010892091573737403,5.704236723307964e-05,0.0041822765125952349,0.007591834315484625,3.757942108172574e-09
15.0,31,4,-421632.25089079724,303338.98367925687,5071479.0950348014,-219782.62180433434,-2.7121035660066876e-05,-1.455486759418593e-05,6.8092894335976842e-05,-3.8095654446084614e-06,-5.5470849022562076e-05,-3.4829018576340744e-05,9.0299867598902806e-05,-6.9726299709402236e-06,-3.3304202259581565e-05,-2.0196139478629822e-05,5.3500341738211384e-05,-4.9040668462053356e-06,9.144848676110496e-05,5.4430006065114264e-05,0.004347087771264321,0.0075918279202840562,3.906083874785592e-09
15.0,32,1,-458993.59462723392,-114808.25521375379,4877834.2785740783,-37322.329324505998,-2.5172018688471081e-05,-1.9206139471970776e-05,6.7332997780351694e-05,-6.4692037495810375e-07,-4.7742123478218547e-05,-3.8959537860099393e-05,8.6701661338317912e-05,-1.423831704917276e-06,-2.9353952631139989e-05,-2.3989291890953428e-05,5.3343244522093404e-05,-1.0456015018655536e-06,8.6866649632096e-05,5.3450875860456493e-05,0.0044677596676444171,0.0064349110936416636,4.014518061215849e-09
15.0,32,2,71380.062917318195,256458.24737545918,5312980.6361172367,-7247.0192997442464,-2.1326021361739877e-05,-1.8117999497798782e-05,6.952838857372539e-05,-1.2561500119556689e-07,-3.9901146776625287e-05,-3.5845278852691433e-05,7.574642562931672e-05,-4.8897280773046071e-07,-2.7032528507521758e-05,-2.4301575585214988e-05,5.1334104092736756e-05,-4.6299802991768386e-07,7.578542116068214e-05,5.136462542820374e-05,0.0046325774674412581,0.0064349169417677035,4.162690065777989e-09
15.0,32,3,-366280.60906666494,-220090.70370782027,4857754.2458364861,-223989.36147262136,-2.3434395622736858e-05,-2.0900437263183561e-05,6.7115541862251111e-05,-3.8824822655254349e-06,-4.25614395094903e-05,-4.0653970495707464e-05,8.3215410005197784e-05,-6.2236578319257497e-06,-2.6693674742554774e-05,-2.6341964338644732e-05,5.3035639081199524e-05,-4.5194169087700853e-06,8.354040972852588e-05,5.333963537889043e-05,0.0044677417460992968,0.0075918226611023454,4.014517362165305e-09
15.0,32,4,41730.830675096251,-712608.92938091652,4769753.920410173,-128539.77434756058,-1.5672168888449075e-05,-2.874739139608663e-05,6.6280231333625577e-05,-2.228022755357717e-06,-2.6877277257818233e-05,-4.7851791990182298e-05,7.4729069248000545e-05,-3.0488944532880753e-06,-1.7522839450977398e-05,-3.4880040751665678e-05,5.240288020264309e-05,-2.344593228032457e-06,7.58170565127186e-05,5.356363875852978e-05,0.0046325626583307595,0.0075918171181250113,4.162655833218374e-09
15.0,33,1,-233474.39703904139,1437536.8777045005,5652442.8319100058,5607.5019605942034,-3.1472910798978575e-05,-2.508715370090518e-06,7.0549654502804931e-05,9.7196700650299557e-08,-9.6202663957994269e-05,-2.3222733702386744e-05,0.00011942539766038104,-5.6819713924381379e-07,-4.7021076973231848e-05,-8.8104840226118555e-06,5.5831560995843707e-05,-9.0221407998637066e-07,0.00012683081805875298,6.0575065197121284e-05,0.0041823611747680272,0.0084387973995342196,3.7579791824345406e-09
15.0,33,2,-270459.27526771859,409078.07087742304,5246845.6348054763,9165.3729806522533,-2.6229818492967849e-05,-1.4451171159785395e-05,6.9403466614967544e-05,1.588664649979724e-07,-6.3619081811358674e-05,-4.1001307584735279e-05,0.00010462038939609397,1.1999368002325154e-06,-3.4741888301653478e-05,-2.2044829004605212e-05,5.6786717306258697e-05,8.1293033828634195e-07,0.00010544918158293342,5.7274498051156544e-05,0.0043471700079431401,0.0084387600266543471,3.906092880217249e-09
15.0,33,3,-784953.94875631947,635038.36050373805,5217348.5097533576,88397.507643824152,-3.3875600131112648e-05,-9.2624001039383165e-06,7.0164309149721774e-05,1.5322234658262851e-06,-0.00015711574826436436,-5.1274782843701163e-05,0.00020839053110806565,8.5665118341337774e-06,-6.0084529280724049e-05,-1.7620582598433005e-05,7.770511187915705e-05,3.6975915321305326e-06,0.00021773030261123755,8.186840424160609e-05,0.0041828231560379417,0.0095957420422030787,3.757943325023784e-09
15.0,33,4,-473224.61439742148,230626.72081096075,5209291.3479811903,221084.54755543623,-2.8069333800467558e-05,-1.5869243990188927e-05,7.0427609547428382e-05,3.8321321576275606e-06,-0.00011395218826484005,-7.3116948387412232e-05,0.00018706913665225231,1.5818727837384926e-05,-4.6933779508985571e-05,-2.9973671143437943e-05,7.6907450652423528e-05,7.0692317273600445e-06,0.00018948801116507063,7.800109423674218e-05,0.0043476203703634326,0.0095956562341733536,3.906084156183615e-09
15.0,34,1,22876.225153543754,-170102.14210822596,5115271.8281117026,-678.65868055509054,-1.9475662408633329e-05,-2.2820620774504001e-05,6.8792528042641433e-05,-1.1763417129621582e-08,-4.35704434339744e-05,-5.2073892918730791e-05,9.5644336352705217e-05,4.6758800276985758e-07,-2.5364071716074841e-05,-3.1920536043471498e-05,5.7284607759546359e-05,2.6973233462830894e-07,9.57877993925707e-05,5.746579385182385e-05,0.0044678237517209174,0.0084387326100903472,4.014532278276416e-09
15.0,34,2,-195324.8718852693,-1520762.192776897,4202843.8514540475,29117.757973960379,-1.3332658259845527e-05,-3.6306905155300397e-05,6.2902266278035972e-05,5.0470780488197978e-07,-2.2536533478679041e-05,-6.8377957793648591e-05,9.0914491272327646e-05,1.0493245901030745e-06,-1.1421291246339391e-05,-4.6178545220359119e-05,5.759983646669852e-05,5.7824933270338616e-07,9.48368306867146e-05,6.158729187868842e-05,0.0046326460656540454,0.0084386953195127144,4.162620042989899e-09
15.0,34,3,-340788.28765713982,-149077.97653781786,5088733.7050666902,233313.86821250335,-2.4302466749544043e-05,-2.0979488023475794e-05,6.980924779100242e-05,4.0441070490167234e-06,-9.0253133606432265e-05,-8.4525893121565617e-05,0.0001747790267279979,1.534273481457715e-05,-3.8848680190793519e-05,-3.7349398466484117e-05,7.6198078657277636e-05,7.2571060409250026e-06,0.00017576496752367039,7.672384627909218e-05,0.0044682663780734096,0.0095955980407464517,4.014524373864441e-09
15.0,34,4,-29634.225251360796,-647998.04594182549,4957112.0582030434,87561.589087797838,-1.7631579052396352e-05,-2.8349885277697746e-05,6.880535652748e-05,1.5177342108551618e-06,-6.2006671409609932e-05,-9.8949429066283212e-05,0.00016095610047589314,5.2610359395826284e-06,-2.8025993724171001e-05,-4.693574982456947e-05,7.4961743548740458e-05,2.6968605912186034e-06,0.0001625475061765002,7.589721279277576e-05,0.0046330783423046192,0.0095955171160461497,4.162659842779514e-09
16.0,1,1,-68426189.335348457,-134988338.79117599,-67742105.177993834,-6316.6889164470394,-2.1816845205453988e-05,-0.00045979578862479913,-1.7315571450060509e-05,-4.1563813070221517e-08,0.0,0.0,0.0,0.0,0.0,0.0,0.0,0.0,0.0,0.0,0.00014525418829657553,0.00052860367876762619,3.922876065466308e-10
16.0,1,2,-66516674.152297273,-129323120.66642328,-63963590.269466035,-66422.316141577001,-2.7190367482781271e-05,-0.00044045678554573034,-1.0391075533751706e-05,-4.3705884021157665e-07,0.0,0.0,0.0,0.0,0.0,0.0,0.0,0.0,0.0,0.0,0.00054208934421115767,0.00052860378306575188,1.4639834372232167e-09
16.0,1,3,-69154255.678213596,-133998721.5210534,-68470817.46974875,-97486.733483562624,-2.5869406785600619e-05,-0.00045254599203148647,-2.137238337390187e-05,-6.4146270632184208e-07,0.0,0.0,0.0,0.0,0.0,0.0,0.0,0.0,0.0,0.0,0.00014525320180843371,0.001972780239906941,3.9228405102752093e-10
16.0,1,4,-67206632.582068056,-128365821.91428369,-64655959.932832062,-297411.75498812384,-3.1058747591897438e-05,-0.00043348621339787621,-1.4275321559924548e-05,-1.9569693478218548e-06,0.0,0.0,0.0,0.0,0.0,0.0,0.0,0.0,0.0,0.0,0.00054208566892728508,0.0019727801949675477,1.4639695749296602e-09
16.0,2,1,-64863151.355249956,-122415491.5093288,-58702008.247133859,-67327.167280947935,-3.815010716103877e-05,-0.00041684450537487756,2.3902144903651384e-06,-4.4301276070863735e-07,0.0,0.0,0.0,0.0,0.0,0.0,0.0,0.0,0.0,0.0,0.00083258528973428523,0.00052860394867128627,2.2484289994142837e-09
16.0,2,2,-61243025.929821745,-109180042.91979992,-49066694.914928749,-109661.33675853064,-5.6185283870237441e-05,-0.00037161085566429379,2.3934974207758496e-05,-7.2157159587113155e-07,0.0,0.0,0.0,0.0,0.0,0.0,0.0,0.0,0.0,0.0,0.0012293894626478029,0.0005286043299620295,3.319807186307902e-09
16.0,2,3,-65501638.038507737,-121518644.06061611,-59350903.442679219,-473640.10750301857,-4.1734305137332066e-05,-0.00041032620476280516,-1.2624714967804148e-06,-3.1165519073698621e-06,0.0,0.0,0.0,0.0,0.0,0.0,0.0,0.0,0.0,0.0,0.0008325796593422523,0.0019727801555685849,2.248406406826355e-09
16.0,2,4,-61817076.366957031,-108434162.75592065,-49652454.928905956,-643216.39239175362,-5.9308525892759118e-05,-0.00036604895433213968,2.0734683169616959e-05,-4.2323638619377387e-06,0.0,0.0,0.0,0.0,0.0,0.0,0.0,0.0,0.0,0.0,0.0012293811832764163,0.0019727802165710696,3.319769458759784e-09
16.0,3,1,-58055958.733808756,-96470926.191473693,-39559961.201569766,-99244.284956584364,-7.5350991588035113e-05,-0.00032812147745947041,4.6352672174097456e-05,-6.5302739501432512e-07,0.0,0.0,0.0,0.0,0.0,0.0,0.0,0.0,0.0,0.0,0.0015198532248120616,0.0005286047458911221,4.103914288970633e-09
16.0,3,2,-52471896.99522984,-74939648.800799057,-23664118.98901733,-151309.68657347152,-0.00010656553186823933,-0.00025440333874888473,8.2989647412639016e-05,-9.9561773765344263e-07,0.0,0.0,0.0,0.0,0.0,0.0,0.0,0.0,0.0,0.0,0.0019165997029616357,0.00052860557314795067,5.174679665789024e-09
16.0,3,3,-58517411.129797563,-95832853.577825636,-40044019.457971811,-739840.95765277464,-7.7901596252427841e-05,-0.00032343720756045254,4.3653320948185573e-05,-4.8681535013552567e-06,0.0,0.0,0.0,0.0,0.0,0.0,0.0,0.0,0.0,0.0,0.0015198430341578941,0.0019727804381480972,4.1038626506640366e-09
16.0,3,4,-52836672.45638483,-74516225.769447327,-24011893.40105851,-804289.45233383996,-0.00010850893399252495,-0.00025116039479247611,8.1158112191522251e-05,-5.2922245963566667e-06,0.0,0.0,0.0,0.0,0.0,0.0,0.0,0.0,0.0,0.0,0.0019165868602577622,0.0019727812519898268,5.174601322865975e-09
16.0,4,1,-47754637.007169291,-56148939.219948068,-9688551.7618515491,-113519.44819065754,-0.00013474994928460305,-0.00018998445784468738,0.00011572489162958767,-7.4695796909452655e-07,0.0,0.0,0.0,0.0,0.0,0.0,0.0,0.0,0.0,0.0,0.002207011011227963,0.00052860640727041166,5.958231703531927e-09
16.0,4,2,-40168650.903782807,-26302282.687583797,12333952.183563352,-121150.79775741608,-0.00017877329232256168,-8.7532589459972263e-05,0.00016669383599217597,-7.9717224924379778e-07,0.0,0.0,0.0,0.0,0.0,0.0,0.0,0.0,0.0,0.0,0.0026036720572742648,0.00052860795104690968,7.02809442640083e-09
16.0,4,3,-48010587.457142234,-55853264.555767983,-9864113.3278337903,-794966.42705312814,-0.0001362194802296204,-0.00018782429553857775,0.00011478431954122919,-5.2308790900095828e-06,0.0,0.0,0.0,0.0,0.0,0.0,0.0,0.0,0.0,0.0,0.0022069961463595219,0.0019727823840379236,5.958126635957333e-09
16.0,4,4,-40261487.695241369,-26162827.237292066,12460967.759778224,-828393.28291236726,-0.00017965850050173499,-8.6889314688428542e-05,0.00016725525639229395,-5.4508278015633759e-06,0.0,0.0,0.0,0.0,0.0,0.0,0.0,0.0,0.0,0.0,0.0026036540966257581,0.0019727850069861984,7.02793939226112e-09
16.0,5,1,-33907928.644144937,-1453242.8231174536,30693611.188163076,-140937.07263469882,-0.0002157394252374968,-2.1875925351359282e-06,0.00020933870685908997,-9.2736593793631827e-07,0.0,0.0,0.0,0.0,0.0,0.0,0.0,0.0,0.0,0.0,0.0028940107893998838,0.00052860947361674736,7.810887718059686e-09
16.0,5,2,-24369342.963539049,36559569.031773224,58579771.378355294,-472842.98965660785,-0.00027216687266569834,0.00012874536826345645,0.00027363829970396649,-3.1113068719404795e-06,0.0,0.0,0.0,0.0,0.0,0.0,0.0,0.0,0.0,0.0,0.0032905593977614845,0.00052861220481214448,8.879579643343671e-09
16.0,5,3,-34129775.719862729,-1477378.0297026634,31038268.657911438,-607432.76856248872,-0.00021735508579188352,-2.5023089906302801e-06,0.00021145064621387052,-3.9969076171411756e-06,0.0,0.0,0.0,0.0,0.0,0.0,0.0,0.0,0.0,0.0,0.0028939900849048639,0.0019727879622898135,7.810672006959498e-09
16.0,5,4,-24273638.544339627,36623634.577413261,59582464.806743264,-352011.34244630218,-0.00027337382974866543,0.00012733022739246856,0.00027839933030145993,-2.3162346332966683e-06,0.0,0.0,0.0,0.0,0.0,0.0,0.0,0.0,0.0,0.0,0.0032905338106203339,0.0019727938434393392,8.879264672275976e-09
16.0,6,1,-16622201.230659127,67403906.148416519,81094317.479954302,-113473.76228111278,-0.0003177381994861215,0.00023515358706819618,0.00032523649362971481,-7.4665735580972208e-07,0.0,0.0,0.0,0.0,0.0,0.0,0.0,0.0,0.0,0.0,0.0035808061749944328,0.00052861533441861137,9.66143650613301e-09
16.0,6,2,-5142954.150257498,113586485.08091408,114482061.51842096,-10214.097441929349,-0.00038606307437823683,0.00039517663576287205,0.0004010695287216674,-6.7208761167895109e-08,0.0,0.0,0.0,0.0,0.0,0.0,0.0,0.0,0.0,0.0,0.0039772167252865847,0.00052862128222869046,1.0728745172851101e-08
16.0,6,3,-16891417.635444075,67031555.720131211,82438373.297068983,-148257.35959973911,-0.00032061957602439665,0.0002315935886552887,0.00033297044831153924,-9.755334261662833e-07,0.0,0.0,0.0,0.0,0.0,0.0,0.0,0.0,0.0,0.0,0.0035807759206140967,0.0019727998110635366,9.660979951089943e-09
16.0,6,4,-5258932.843456164,112600508.32680671,116743285.65080629,-572921.89855869103,-0.00038865785870190932,0.0003868572641984203,0.00041411673899033758,-3.7698260925161866e-06,0.0,0.0,0.0,0.0,0.0,0.0,0.0,0.0,0.0,0.0,0.0039771776443819074,0.0019728107143113542,1.0728031871217593e-08
16.0,7,1,-70745192.429579183,-132391053.74400204,-70071396.916258901,-175767.25653688319,-3.3835290104683633e-05,-0.00043946505755358597,-2.9401715627036205e-05,-1.1565485480126913e-06,0.0,0.0,0.0,0.0,0.0,0.0,0.0,0.0,0.0,0.0,0.00014525176845899627,0.0030299956069387212,3.9228074399227623e-10
16.0,7,2,-68723464.338534802,-126843599.4038209,-66208779.482467361,-672157.38897504471,-3.8594563052338522e-05,-0.00042102505178192109,-2.2047936699414791e-05,-4.4227956194557941e-06,0.0,0.0,0.0,0.0,0.0,0.0,0.0,0.0,0.0,0.0,0.0005420804136280846,0.0030299950002276085,1.463956965317022e-09
16.0,7,3,-73729734.789566949,-125523114.26641828,-73081634.544748604,-599304.59965692228,-5.4853170826191014e-05,-0.00039565360778387286,-5.0588671215286373e-05,-3.9434242657425485e-06,0.0,0.0,0.0,0.0,0.0,0.0,0.0,0.0,0.0,0.0,0.00014524835862979836,0.004474221648540928,3.922786808937196e-10
16.0,7,4,-71612698.775244504,-120326172.07883547,-69193907.198352993,-1812594.7281189742,-5.8621768618264724e-05,-0.0003791564229558933,-4.2706120042318609e-05,-1.192687331102285e-05,0.0,0.0,0.0,0.0,0.0,0.0,0.0,0.0,0.0,0.0,0.00054206793853719287,0.0044742181080678839,1.4639483527665155e-09
16.0,8,1,-66993795.750959851,-120163602.33140546,-60904884.704263002,-959297.05250278546,-4.8880769238443058e-05,-0.00039873809653777521,-8.8157345511777886e-06,-6.3121746054683283e-06,0.0,0.0,0.0,0.0,0.0,0.0,0.0,0.0,0.0,0.0,0.00083257168213843444,0.0030299941537230281,2.2483857308066514e-09
16.0,8,2,-63115355.384882152,-107282334.17437966,-51111685.474412091,-1294747.3924881604,-6.5314225879319838e-05,-0.00035593294631421329,1.3669922131573192e-05,-8.5194378425720953e-06,0.0,0.0,0.0,0.0,0.0,0.0,0.0,0.0,0.0,0.0,0.0012293697509812729,0.0030299927928078398,3.3197373966419548e-09
16.0,8,3,-69585451.21675089,-114087246.56799483,-63816815.235150106,-2845348.2727712276,-6.6838838434785412e-05,-0.00035966065184597057,-2.8881213675852277e-05,-1.8722391634834678e-05,0.0,0.0,0.0,0.0,0.0,0.0,0.0,0.0,0.0,0.0,0.00083255295243847517,0.0044742130911144592,2.248371703107697e-09
16.0,8,4,-65538538.82593441,-102304739.0662782,-54072415.511725344,-3726924.7079440895,-8.0616789896426441e-05,-0.00032253838747788857,-5.1696984889308124e-06,-2.4523164578272108e-05,0.0,0.0,0.0,0.0,0.0,0.0,0.0,0.0,0.0,0.0,0.0012293434302801751,0.0044742037843042799,3.3197093144560926e-09
16.0,9,1,-59829002.761334434,-94962487.899600536,-41510744.304278269,-1455552.7059340698,-8.3517306924543662e-05,-0.00031469563913433458,3.7016833722885888e-05,-9.5775368050461792e-06,0.0,0.0,0.0,0.0,0.0,0.0,0.0,0.0,0.0,0.0,0.0015198292295259233,0.003029991698508558,4.103818123628189e-09
16.0,9,2,-53883793.797639072,-73894059.166373998,-25333639.345469553,-1556595.1624566324,-0.00011263920533948252,-0.00024430675146575834,7.5220810955792863e-05,-1.0242396168964641e-05,0.0,0.0,0.0,0.0,0.0,0.0,0.0,0.0,0.0,0.0,0.0019165700777315912,0.0030299906924516661,5.174540927671806e-09
16.0,9,3,-61576184.549029492,-90734996.740682185,-44262003.174008101,-4385742.3216777537,-9.458566287993679e-05,-0.0002864506471010115,1.9341650567703932e-05,-2.8858184476639619e-05,0.0,0.0,0.0,0.0,0.0,0.0,0.0,0.0,0.0,0.0,0.0015197982961291851,0.0044741954341070925,4.103783104930422e-09
16.0,9,4,-55507243.542986937,-71341821.781124666,-28202446.800518639,-4643752.0323348101,-0.00012025627335593826,-0.00022444779816288446,5.940928920950312e-05,-3.0555888372763049e-05,0.0,0.0,0.0,0.0,0.0,0.0,0.0,0.0,0.0,0.0,0.0019165343446443763,0.0044741833182147641,5.174478479304022e-09
16.0,10,1,-49070599.935973719,-55561338.187166393,-11173612.377218582,-1554837.7295751749,-0.00013991177778814031,-0.00018262083548098814,0.00010945040034846847,-1.0230832260604649e-05,0.0,0.0,0.0,0.0,0.0,0.0,0.0,0.0,0.0,0.0,0.0022069773686010782,0.0030299903326762314,5.958047119501653e-09
16.0,10,2,-41122605.211655743,-26202195.467934504,11289879.283644125,-1295181.9167353092,-0.0001820515664870999,-8.3875270373414161e-05,0.00016282258149197319,-8.5222970121183342e-06,0.0,0.0,0.0,0.0,0.0,0.0,0.0,0.0,0.0,0.0,0.0026036327342641506,0.0030299911119565188,7.027833073989433e-09
16.0,10,3,-49749312.793371595,-53849980.028669782,-13712041.690935425,-4739611.8807685589,-0.00014199856964988177,-0.00016898096005814382,9.512667420414825e-05,-3.1186646175457118e-05,0.0,0.0,0.0,0.0,0.0,0.0,0.0,0.0,0.0,0.0,0.002206939405348972,0.0044741743868519359,5.957979172448734e-09
16.0,10,4,-41817374.624324664,-26265437.712533019,8597764.561588645,-4328815.6101792138,-0.00018117194954313118,-7.8840204663542187e-05,0.00015055966630017837,-2.8483606714979223e-05,0.0,0.0,0.0,0.0,0.0,0.0,0.0,0.0,0.0,0.0,0.0026035933965431724,0.0044741637322190091,7.027728457199733e-09
16.0,11,1,-34670641.494918041,-1740160.0494426377,30062210.031064905,-1234923.4621205134,-0.00021810204644555337,-1.4194785343252297e-06,0.00020784011659541438,-8.1257963807529786e-06,0.0,0.0,0.0,0.0,0.0,0.0,0.0,0.0,0.0,0.0,0.002893967119780465,0.0030299925387688781,7.810545088268281e-09
16.0,11,2,-24890472.575909063,35748279.455712587,58635903.064400233,-876767.93082444591,-0.00027357937126132353,0.00012542361710674686,0.00027602418045191159,-5.769132984824854e-06,0.0,0.0,0.0,0.0,0.0,0.0,0.0,0.0,0.0,0.0,0.0032905087606609684,0.0030299963694958736,8.879085311682922e-09
16.0,11,3,-34616482.930908263,-2501079.7199181393,27640189.317484021,-3803855.6788057871,-0.00021280220781869544,-1.4828546903803881e-06,0.00019684669557572585,-2.5029370366542079e-05,0.0,0.0,0.0,0.0,0.0,0.0,0.0,0.0,0.0,0.0,0.0028939279264757018,0.0044741575404762309,7.810440378538071e-09
16.0,11,4,-25059134.434021875,33792505.606564365,56025420.554660432,-2666655.1029390073,-0.00026720799550484457,0.00012003579596221287,0.00026632837632068504,-1.7546590577338668e-05,0.0,0.0,0.0,0.0,0.0,0.0,0.0,0.0,0.0,0.0,0.003290471024517753,0.0044741524459731945,8.878960742797488e-09
16.0,12,1,-16798256.467261218,66437770.134124681,82020469.355444252,-704394.41556938493,-0.00031855530072982493,0.00022913775430729422,0.00033167191518357689,-4.6349152544465523e-06,0.0,0.0,0.0,0.0,0.0,0.0,0.0,0.0,0.0,0.0,0.0035807495370818298,0.003030000181115983,9.660787710238436e-09
16.0,12,2,-4978333.8021351695,112373917.51402763,116821942.34131242,551730.85700934089,-0.00038702112758211309,0.00038515668607823805,0.000414424689441772,3.6303890391214626e-06,0.0,0.0,0.0,0.0,0.0,0.0,0.0,0.0,0.0,0.0,0.0039771493189552781,0.0030300071139662222,1.0727795365785669e-08
16.0,12,3,-16858817.376557663,63959758.77160348,79289219.421029806,-1729938.5033459652,-0.00031062747242714889,0.00022115875862775138,0.00032202660970097666,-1.138299535201645e-05,0.0,0.0,0.0,0.0,0.0,0.0,0.0,0.0,0.0,0.0,0.0035807135696149656,0.004474152039806706,9.660682459099306e-09
16.0,12,4,-5827884.8564911485,109060951.60233885,113348221.58758858,-1300435.6031161433,-0.00038054591792254107,0.00037542262597656034,0.00040363286247950352,-8.5568662685042228e-06,0.0,0.0,0.0,0.0,0.0,0.0,0.0,0.0,0.0,0.0,0.0039771166371709429,0.0044741556663436093,1.072772748624256e-08
16.0,13,1,-77669806.225779563,-115333695.5560956,-77062358.372083634,-997130.6713052101,-8.4363265922374648e-05,-0.00033219165771585413,-8.0366259045055422e-05,-6.5611198171882818e-06,0.0,0.0,0.0,0.0,0.0,0.0,0.0,0.0,0.0,0.0,0.00014524402682781031,0.0055315141227278292,3.9228026391923477e-10
16.0,13,2,-75369173.86701104,-110553376.88264765,-73102064.913858205,-3644005.8676251993,-8.6670271296575939e-05,-0.00031818232713946479,-7.1752694384830316e-05,-2.397755860897381e-05,0.0,0.0,0.0,0.0,0.0,0.0,0.0,0.0,0.0,0.0,0.00054205216838642504,0.0055315063804588591,1.4639538275848959e-09
16.0,13,3,-77216764.078191921,-86863264.510134205,-76694688.974460021,-1920529.914649795,-0.00012766225388530076,-0.00019113622672748093,-0.00012422699970274481,-1.263708683839565e-05,0.0,0.0,0.0,0.0,0.0,0.0,0.0,0.0,0.0,0.0,0.00014523797049113303,0.0069759651752730502,3.923039514281219e-10
16.0,13,4,-74583453.997248039,-83030032.726332903,-72634818.38599506,-6834390.0831426736,-0.00012696680522876204,-0.0001825452932661404,-0.00011414478290671739,-4.4970286747078791e-05,0.0,0.0,0.0,0.0,0.0,0.0,0.0,0.0,0.0,0.0,0.00054203039812551182,0.006975945587493362,1.4640411319846403e-09
16.0,14,1,-73170392.984848708,-105029344.5936067,-67773237.789624393,-5396559.8947051819,-9.282388475873847e-05,-0.0003024557863443659,-5.731060357416243e-05,-3.5509364107160094e-05,0.0,0.0,0.0,0.0,0.0,0.0,0.0,0.0,0.0,0.0,0.000832529244959477,0.005531495238912631,2.2483776623341395e-09
16.0,14,2,-68659849.318980098,-94549260.057302177,-57996373.953551725,-7447631.4184311079,-0.00010227714485775127,-0.00027262946751591068,-3.2111476953232617e-05,-4.9005414733276688e-05,0.0,0.0,0.0,0.0,0.0,0.0,0.0,0.0,0.0,0.0,0.0012293102520668758,0.0055314740493728485,3.319713183044172e-09
16.0,14,3,-73221263.804174632,-79512101.847633198,-68101533.864758432,-10225114.945559116,-0.00013287677459529441,-0.00017427048892125173,-9.9188951593935797e-05,-6.7281256341778975e-05,0.0,0.0,0.0,0.0,0.0,0.0,0.0,0.0,0.0,0.0,0.00083249629839883023,0.0069759174310999872,2.2484971995668016e-09
16.0,14,4,-67818304.331694722,-71802292.136297688,-58527472.893323347,-14266090.947127433,-0.00013317049291167234,-0.00015938513266595988,-7.2036822047188742e-05,-9.3870878432098512e-05,0.0,0.0,0.0,0.0,0.0,0.0,0.0,0.0,0.0,0.0,0.0012292641739119745,0.0069758628582648795,3.319878345432812e-09
16.0,15,1,-64522511.063037202,-84396712.818904981,-48321128.064619265,-8541539.8573317342,-0.00011291836671921765,-0.00024369061427282772,-6.3132665896276895e-06,-5.6203332261242808e-05,0.0,0.0,0.0,0.0,0.0,0.0,0.0,0.0,0.0,0.0,0.0015197592337379082,0.0055314546969218031,4.1037774791213725e-09
16.0,15,2,-57652243.432670094,-66822246.696308009,-32141139.037104651,-9543952.9573606476,-0.00013189906770455848,-0.00019223768917929593,3.596399921826217e-05,-6.2799210459433063e-05,0.0,0.0,0.0,0.0,0.0,0.0,0.0,0.0,0.0,0.0,0.0019164893176435466,0.0055314258580202707,5.174462827337641e-09
16.0,15,3,-64894954.286007531,-65277061.548033901,-50046020.515573576,-16662530.775363538,-0.00014226430176953787,-0.00014477856755367133,-4.4558317560082393e-05,-0.00010963945250189207,0.0,0.0,0.0,0.0,0.0,0.0,0.0,0.0,0.0,0.0,0.0015197049833758258,0.0069758118504435924,4.103937382874058e-09
16.0,15,4,-56573819.168679208,-52185340.435433634,-34175508.40206331,-18684609.539010275,-0.00014641895468015087,-0.00011754276461539496,9.6193016418172478e-07,-0.00012294473076668761,0.0,0.0,0.0,0.0,0.0,0.0,0.0,0.0,0.0,0.0,0.0019164274105219574,0.0069757331126152266,5.174634987376246e-09
16.0,16,1,-51753740.563390143,-51213591.525450118,-17841569.449683506,-9656937.2264479287,-0.00014966154847623959,-0.00014610736780659421,7.3480537451950086e-05,-6.3542646950027373e-05,0.0,0.0,0.0,0.0,0.0,0.0,0.0,0.0,0.0,0.0,0.0022068915236395396,0.0055314037372654595,5.957939934792852e-09
16.0,16,2,-42767624.042647801,-25666927.110248134,4707450.6533860415,-9202460.4067745265,-0.00018072214741139686,-6.8199561596207095e-05,0.00013166384408850576,-6.0552189476576382e-05,0.0,0.0,0.0,0.0,0.0,0.0,0.0,0.0,0.0,0.0,0.0026035440647213547,0.005531375852027595,7.027672508124991e-09
16.0,16,3,-52484209.69257535,-41683179.787853077,-21518423.711785056,-19498496.934411637,-0.00016256251493344852,-9.1491738160375918e-05,4.119235682015164e-05,-0.00012830010982842858,0.0,0.0,0.0,0.0,0.0,0.0,0.0,0.0,0.0,0.0,0.0022068263173522251,0.0069756699392778312,5.958045091669912e-09
16.0,16,4,-41492642.409601994,-21705760.728811353,794870.01812277362,-18765839.478966791,-0.00017442400472512202,-4.4226323265519591e-05,0.00010382782704930696,-0.00012347922377160147,0.0,0.0,0.0,0.0,0.0,0.0,0.0,0.0,0.0,0.0,0.0026034786333787425,0.0069755846049248576,7.027746633142465e-09
16.0,17,1,-35377938.639475092,-3885285.1746675409,23615368.927728966,-8155653.1143309725,-0.00020806322552721252,-8.415657287788037e-07,0.00018011273826499017,-5.3664197492297797e-05,0.0,0.0,0.0,0.0,0.0,0.0,0.0,0.0,0.0,0.0,0.0028938793466149531,0.0055313581050815581,7.810350459713982e-09
16.0,17,2,-24662808.31613316,30792669.440492768,52465361.488053612,-6363658.4905159408,-0.00025486173044776905,0.00011003531319082951,0.00025264162686377986,-4.1872872867594889e-05,0.0,0.0,0.0,0.0,0.0,0.0,0.0,0.0,0.0,0.0,0.0032904258111778805,0.0055313413539790799,8.87885860807988e-09
16.0,17,3,-36422272.882597372,-5973548.333892975,17810227.897707742,-17581152.130559567,-0.00020081331812381417,-4.6071059333926569e-07,0.00015603653701059346,-0.00011568398101908195,0.0,0.0,0.0,0.0,0.0,0.0,0.0,0.0,0.0,0.0,0.0028938166333249988,0.0069755240776104193,7.81027836605116e-09
16.0,17,4,-23807905.32081268,22468617.383746073,46429336.588314556,-13276706.58301126,-0.00022789829387991918,7.6601225516077391e-05,0.00023426275788213802,-8.7360729316214087e-05,0.0,0.0,0.0,0.0,0.0,0.0,0.0,0.0,0.0,0.0,0.0032903706836724753,0.0069754547702478038,8.878681254019944e-09
16.0,18,1,-16228400.856246948,59439387.616640419,75778798.201717183,-4164898.780594531,-0.00029478673787423974,0.0002031073102773591,0.00031062063192716425,-2.7405033976312011e-05,0.0,0.0,0.0,0.0,0.0,0.0,0.0,0.0,0.0,0.0,0.0035806725398368489,0.0055313350802420813,9.660549387988606e-09
16.0,18,2,-4392666.336230889,104150518.47458789,110546176.94330484,-498835.10994728934,-0.00036118411044142496,0.0003530300456137626,0.00039511347833792011,-3.2823350234531639e-06,0.0,0.0,0.0,0.0,0.0,0.0,0.0,0.0,0.0,0.0,0.0039770825646683865,0.0055313375212295342,1.072760204202338e-08
16.0,18,3,-17504015.483683102,45653049.387467548,68358769.891150191,-10202276.424385915,-0.00026765875187863156,0.00014791473497353973,0.00029731837588777157,-6.7130978872459316e-05,0.0,0.0,0.0,0.0,0.0,0.0,0.0,0.0,0.0,0.0,0.0035806258243981943,0.0069754150768346511,9.660157177689801e-09
16.0,18,4,-4919638.0765681267,85534834.582876563,103315657.67443946,-3027013.9628561311,-0.00032298196814939997,0.00027220846194974611,0.00038920627789222997,-1.9917751875593343e-05,0.0,0.0,0.0,0.0,0.0,0.0,0.0,0.0,0.0,0.0,0.0039770483135148655,0.0069753881889043755,1.0726994431300874e-08
16.0,19,1,-71553537.072996825,-50713577.658700518,-71001177.89192456,-2893469.0449007899,-0.00016545837159499647,-2.8331438648926786e-05,-0.00016182384818354105,-1.9039026315447195e-05,0.0,0.0,0.0,0.0,0.0,0.0,0.0,0.0,0.0,0.0,0.0001452327712387413,0.008033557331562146,3.92340361262173e-10
16.0,19,2,-69912850.227104023,-48370206.549476735,-67850989.168190956,-9812926.739872342,-0.00016593476190160519,-2.4184166502817597e-05,-0.00015236771613395713,-6.4569057948360003e-05,0.0,0.0,0.0,0.0,0.0,0.0,0.0,0.0,0.0,0.0,0.00054201069963603172,0.0080335235077275309,1.464168232289312e-09
16.0,19,3,7800738.1401835568,-9281986.0428856127,8520803.3598781489,-1590913.2053731901,4.0206359340069576e-05,-7.2197965784525554e-05,4.4944388485659991e-05,-1.0468208891355591e-05,0.0,0.0,0.0,0.0,0.0,0.0,0.0,0.0,0.0,0.0,0.0001452632033619633,0.0094783199136543872,3.924882295897628e-10
16.0,19,4,7137014.9791943114,-8471578.3377883956,9823175.7583372369,-5335568.6848664545,3.3549550971504389e-05,-6.915499305424182e-05,5.1224488898264832e-05,-3.5108041946421268e-05,0.0,0.0,0.0,0.0,0.0,0.0,0.0,0.0,0.0,0.0,0.00054212263666658178,0.0094782633735218252,1.4647054324326725e-09
16.0,20,1,-67379190.037671804,-45825856.067210704,-63072802.831005141,-15097818.145896705,-0.00016483606912917793,-2.3015131603543956e-05,-0.00013650004130931134,-9.9343643400000311e-05,0.0,0.0,0.0,0.0,0.0,0.0,0.0,0.0,0.0,0.0,0.00083246688969419345,0.0080334745775434251,2.2486949379237304e-09
16.0,20,2,-64425617.310132965,-42462327.182836697,-55410384.545389295,-20922524.27887984,-0.00016748920202006772,-2.2970752982458332e-05,-0.00010816897042805441,-0.00013767020975502935,0.0,0.0,0.0,0.0,0.0,0.0,0.0,0.0,0.0,0.0,0.0012292224474452461,0.0080333784754577503,3.3201191298329955e-09
16.0,20,3,5872960.4617994474,-7969577.4978656145,12080211.018015027,-7914125.1291959854,2.2870001347161169e-05,-6.8213898427434938e-05,6.3713710007059674e-05,-5.2074943350109579e-05,0.0,0.0,0.0,0.0,0.0,0.0,0.0,0.0,0.0,0.0,0.00083263617414617804,0.0094781819440030689,2.2494867890665133e-09
16.0,20,4,3595121.7433739435,-7401467.0728755705,15823855.606042586,-11170597.484534122,4.6682348344658363e-06,-6.7689319576455978e-05,8.5133303650825499e-05,-7.3502531448234516e-05,0.0,0.0,0.0,0.0,0.0,0.0,0.0,0.0,0.0,0.0,0.0012294644269870896,0.0094780212157980302,3.3212194121221653e-09
16.0,21,1,-59827410.301515579,-38209958.580592476,-46859257.394300789,-24938902.019375451,-0.00016472769026724656,-2.2484857943572505e-05,-7.9397244137773202e-05,-0.00016409797528749045,0.0,0.0,0.0,0.0,0.0,0.0,0.0,0.0,0.0,0.0,0.0015196556786305944,0.008033288047835126,4.104233598147281e-09
16.0,21,2,-55210796.523161963,-32248669.54344891,-34015994.603017449,-28656342.643701293,-0.00017135581326439299,-2.0265017737881056e-05,-3.1894016629842045e-05,-0.00018855873459555449,0.0,0.0,0.0,0.0,0.0,0.0,0.0,0.0,0.0,0.0,0.0019163697323845374,0.0080331448130448735,5.1748821407203046e-09
16.0,21,3,988810.63036966324,-7065688.1891068947,19560553.671139091,-13299146.663309062,-1.479783430976256e-05,-6.7796436541918295e-05,0.00010740423489850027,-8.7508385044573621e-05,0.0,0.0,0.0,0.0,0.0,0.0,0.0,0.0,0.0,0.0,0.0015199456510997609,0.0094778686197085626,4.105479029884601e-09
16.0,21,4,-2135104.5675452054,-5894789.3125806376,26316092.238247443,-15615004.87678639,-4.294118146027959e-05,-6.7679907082612731e-05,0.00014426769352183605,-0.00010274673208925445,0.0,0.0,0.0,0.0,0.0,0.0,0.0,0.0,0.0,0.0,0.0019167166261042795,0.0094776215261734124,5.176288219835769e-09
16.0,22,1,-48171103.723672792,-25206322.065837868,-21119505.773774095,-30471803.404942606,-0.00016766071063177709,-1.6552447323223246e-05,1.0338803878556383e-05,-0.00020050446640452235,0.0,0.0,0.0,0.0,0.0,0.0,0.0,0.0,0.0,0.0,0.0022067650801409601,0.0080330277868068834,5.958332872571053e-09
16.0,22,2,-41768385.757937193,-15379473.721627992,-2794660.5423617065,-30725674.383704346,-0.00018012679665258224,-6.4877554536676949e-06,7.6320315265904462e-05,-0.00020217493744477459,0.0,0.0,0.0,0.0,0.0,0.0,0.0,0.0,0.0,0.0,0.0026034166094325885,0.0080328627162288453,7.027856122628716e-09
16.0,22,3,-5338645.7579014003,-5256757.0264854208,32125841.857801113,-16893286.090915047,-6.9146382822985787e-05,-6.8607554970268649e-05,0.00017736994568833672,-0.00011115782247822099,0.0,0.0,0.0,0.0,0.0,0.0,0.0,0.0,0.0,0.0,0.0022071463776992639,0.0094774144712461601,5.959707674598016e-09
16.0,22,4,-7962295.5970200263,-2902315.4037746862,42527579.688083254,-17447199.35296911,-0.00010241939555430767,-6.912472588275333e-05,0.00022980398382167191,-0.00011480257174253673,0.0,0.0,0.0,0.0,0.0,0.0,0.0,0.0,0.0,0.0,0.0026038353864579144,0.0094771103978877787,7.029196001533563e-09
16.0,23,1,-32522013.728096854,-4302317.1105786376,14672025.78166474,-29173520.049239095,-0.00017899420834080031,6.6913954024695511e-06,0.00013154257163343097,-0.00019196176192399323,0.0,0.0,0.0,0.0,0.0,0.0,0.0,0.0,0.0,0.0,0.0028937579568299545,0.0080327414398918915,7.810412149509368e-09
16.0,23,2,-24212469.784904886,11850465.604865417,39054433.825899228,-24631627.277754314,-0.00020149209002513256,3.5802024839556011e-05,0.0002148041357339585,-0.00016207610748762339,0.0,0.0,0.0,0.0,0.0,0.0,0.0,0.0,0.0,0.0,0.003290323423272218,0.0080325900902490349,8.878516415756558e-09
16.0,23,3,-10446841.175505444,-1601643.5378405601,51020641.122061148,-17139602.547440138,-0.00013031622206059575,-7.211482160476081e-05,0.00027413981145739239,-0.00011277858476215611,0.0,0.0,0.0,0.0,0.0,0.0,0.0,0.0,0.0,0.0,0.0028941970138199298,0.0094768752700526704,7.811504272864014e-09
16.0,23,4,-10480361.763722412,2192630.5676130578,65908603.093527466,-14464086.22183409,-0.00016000175800321407,-7.6613468463026719e-05,0.0003426376307574901,-9.51736873396683e-05,0.0,0.0,0.0,0.0,0.0,0.0,0.0,0.0,0.0,0.0,0.0032907845260537255,0.0094765564521289061,8.879349219936778e-09
16.0,24,1,-14158721.984713949,28236258.429968771,60837158.999977499,-17988914.000123896,-0.00021152960946288485,6.7429361665727431e-05,0.0002819432874163849,-0.00011836705412081524,0.0,0.0,0.0,0.0,0.0,0.0,0.0,0.0,0.0,0.0,0.0035805918685998914,0.0080324943650596781,9.659944117591788e-09
16.0,24,2,-4723488.4796959534,53367435.252491787,91460178.840623885,-5894082.0964609152,-0.00025244507266560255,0.00012979320549219285,0.00038044345830210195,-3.8783060194712819e-05,0.0,0.0,0.0,0.0,0.0,0.0,0.0,0.0,0.0,0.0,0.0039770420586673688,0.0080324025600282886,1.072636079643724e-08
16.0,24,3,-9982286.5701792464,4680089.2286482677,78053116.473148048,-11448892.706038067,-0.00018062989785973442,-8.4151465103449313e-05,0.00039864305416535911,-7.5333714005730481e-05,0.0,0.0,0.0,0.0,0.0,0.0,0.0,0.0,0.0,0.0,0.0035810664751361855,0.0094763287722047125,9.660364742274919e-09
16.0,24,4,-3897486.9246447533,11014623.414101668,99008133.263311252,-3616815.5099869664,-0.00019332339017353619,-9.5201704144584761e-05,0.00048379559066321438,-2.3798646055714238e-05,0.0,0.0,0.0,0.0,0.0,0.0,0.0,0.0,0.0,0.0,0.0039775420073354367,0.0094760512357137377,1.0726409331358433e-08
16.0,25,1,-634799.58706770255,-225665.99800625164,4882619.1761473585,83354.876050223218,-2.7091807206800475e-05,-2.000015832973531e-05,6.8543451355593957e-05,1.4448178515372027e-06,-9.0029813370308078e-05,-7.2903825707550676e-05,0.0001629336390778587,4.1352801991005706e-06,-4.1250461977445082e-05,-3.3849679176369571e-05,7.5100141153814639e-05,1.7543052686619644e-06,0.00016330541186655902,7.525768109052683e-05,0.0041826153471661862,0.00042343971413392637,3.7579223752118154e-09
16.0,25,2,-404371.06320178881,-56719.845095969504,5054871.3500612518,32451.52845040504,-2.538422019588497e-05,-1.9358265748717438e-05,6.9242648300674373e-05,5.6249315980702067e-07,-8.0315236339926097e-05,-6.6591938590887669e-05,0.00014690717493081373,2.0682398098092975e-06,-3.9834349839785117e-05,-3.3206594082983735e-05,7.3040943922768824e-05,1.1179420058445022e-06,0.00014714167199316065,7.315480447979017e-05,0.0043474238039791484,0.00042344366962274714,3.9060763874990096e-09
16.0,25,3,-665518.3417437051,53019.110225802287,4964125.0480586374,-130566.80865012096,-2.8942154523053839e-05,-1.6487505355582373e-05,6.8638330900186798e-05,-2.2631580166020968e-06,-9.4031481291638577e-05,-6.0508998675551731e-05,0.00015454047996719034,-5.9126289870844265e-06,-4.4331221077347766e-05,-2.8595342850116549e-05,7.2926563927464336e-05,-2.6479050900733744e-06,0.00015589976392115168,7.355847906596592e-05,0.00418257154764657,0.0015803152477451832,3.757928978583208e-09
16.0,25,4,-497386.0511929763,-16153.541001270525,5003120.7447213493,-95761.674308565256,-2.6579682830786669e-05,-1.8238319320797096e-05,6.8762434965061639e-05,-1.6598690213484636e-06,-7.9803531391357371e-05,-5.9062798725119374e-05,0.00013886633011647671,-4.6734204637227116e-06,-4.1055985659556692e-05,-3.0225641219970204e-05,7.1281626879526883e-05,-2.5512120747343693e-06,0.00013949085728857163,7.162078720747554e-05,0.0043473791110610373,0.001580322478286473,3.906074216777584e-09
16.0,26,1,-287445.00230789417,30048.086380836787,5137136.1307905186,4982.873905357128,-2.4501336899457342e-05,-1.8998123362185999e-05,6.9524736074248476e-05,8.6369814359523491e-08,-7.4315268121931079e-05,-6.1994610632608296e-05,0.00013630987875453939,1.3067960167940208e-06,-3.9125889248186645e-05,-3.2598232748824745e-05,7.172412199701139e-05,9.147785972150176e-07,0.0001365076236965171,7.183723266278579e-05,0.0044680732297433055,0.00042344660395713285,4.0145303875563605e-09
16.0,26,2,-54288.470154511742,224767.29391777632,5325171.8169818399,-8325.166596451736,-2.2923602712325304e-05,-1.8086636135072294e-05,7.0320375598038149e-05,-1.4430288767183009e-07,-6.6618275746341713e-05,-5.5987441111236199e-05,0.00012260571685757791,2.1623346240883367e-07,-3.8232042872711426e-05,-3.1797410308916814e-05,7.0029453181628227e-05,1.8826703850072118e-07,0.0001227611225963896,7.013224062288068e-05,0.0046328848335284003,0.00042345071191248021,4.162686842895727e-09
16.0,26,3,-208837.85603933083,67813.270428955788,5178643.3528116159,-75454.079265200853,-2.3770331240153373e-05,-1.8975045048036401e-05,6.9612676379929723e-05,-1.3078707072634814e-06,-6.9420164117700112e-05,-5.8458871046045569e-05,0.00012787903516374568,-3.9529213911365215e-06,-3.8150708788961543e-05,-3.197941437064803e-05,7.013012315960958e-05,-2.4635781532735e-06,0.00012812275352941708,7.028859428998303e-05,0.0044680288311575254,0.00158032754085902,4.014533767889839e-09
16.0,26,4,-131823.32387573668,-101605.27538623265,5113948.7473521652,-46946.354096801537,-2.1807018206206894e-05,-2.1283238699055489e-05,6.9119697695076761e-05,-8.1373680434456001e-07,-5.8441696181830939e-05,-5.7210901341948821e-05,0.00011565259752377979,-2.0586845088057871e-06,-3.4913536244690609e-05,-3.4028022856365292e-05,6.8941559101055915e-05,-1.3287906710305597e-06,0.00011568024801412237,6.896256331025564e-05,0.0046328420180346925,0.0015803343157858095,4.162673186408246e-09
16.0,27,1,-441592.88778906735,153402.42434391542,5124568.6908358671,112464.83094719479,-2.6999789631240013e-05,-1.6686537554268343e-05,6.9480344398258859e-05,1.94939040308471e-06,-8.7054716089367867e-05,-6.0784469006331065e-05,0.00014783918509569892,4.0449601105620349e-06,-4.1707429404010761e-05,-2.9036945777730663e-05,7.0744375181741413e-05,1.7127718528963568e-06,0.00014869208806743103,7.115728398170679e-05,0.004182537913757672,0.0024272171049737178,3.75793869414312e-09
16.0,27,2,-271806.93143525952,68683.907115077367,5153867.2017722931,75149.333341900536,-2.4514296854686292e-05,-1.8612455653147104e-05,6.9530721454244673e-05,1.3025884445929422e-06,-7.2021803664066685e-05,-6.0416804930605383e-05,0.00013243860859467205,2.9010133982922157e-06,-3.7717441761947232e-05,-3.1955804457465914e-05,6.9673246219413153e-05,1.5442042196027808e-06,0.00013265188272598618,6.977847694458041e-05,0.0043473475152257211,0.0024272202472364291,3.9060838239200415e-09
16.0,27,3,-950614.02441111975,-289605.58510967367,4646092.1938788677,-17966.374692137619,-3.0100800093891713e-05,-1.8643320479333319e-05,6.6908774356468098e-05,-3.1141716133038535e-07,-8.8481536615893602e-05,-5.9190472492978317e-05,0.00014767200910887197,1.1626676710283801e-06,-4.2618171119754967e-05,-2.8360625805886176e-05,7.097879692564117e-05,9.4867764045233064e-07,0.0001486577251483305,7.14854709634559e-05,0.004182527439339518,0.0035841040014275263,3.7579100235724446e-09
16.0,27,4,-476358.85209248774,11870.14790190733,5013725.0445595551,5718.8685495570908,-2.6453832131079031e-05,-1.7991196131176185e-05,6.8707622077556423e-05,9.9127054858989554e-08,-7.5575565400624683e-05,-5.5396212013862076e-05,0.00013097177741448675,6.4829985138682702e-07,-4.0202417775733366e-05,-2.9097050889766996e-05,6.9299468665500358e-05,3.7172815580123698e-07,0.00013149523533381586,6.960244983882254e-05,0.0043473359351763061,0.0035841066999694319,3.906075459538253e-09
16.0,28,1,-256189.69510545395,-95857.746925063897,5066943.5074502528,59419.931800625818,-2.3300205643506798e-05,-2.0521118541713374e-05,6.8967436534125436e-05,1.0299454845441807e-06,-6.3389213255001642e-05,-5.9460151791501816e-05,0.00012284936504650343,2.4993687346499284e-06,-3.5434764241803563e-05,-3.3601638222636292e-05,6.9036402464439834e-05,1.5441472531767988e-06,0.0001229076086403811,6.907317237770493e-05,0.0044679985888229409,0.0024272224810729321,4.014526858129459e-09
16.0,28,2,-8609.430528556928,-114047.68410508567,5158216.0650883699,42873.204841920051,-2.0291465930980561e-05,-2.2119062326307058e-05,6.9266842659712838e-05,7.4313555059328064e-07,-5.2306873845526758e-05,-5.805991304704866e-05,0.00011036678689257544,1.462398950379721e-06,-3.1872933082248689e-05,-3.6033618746540189e-05,6.7906551828788905e-05,9.2406794856423359e-07,0.00011043570689584062,6.796539022554534e-05,0.0046328134164715807,0.0024272256587779166,4.162676628414246e-09
16.0,28,3,-366181.17311738268,49659.637664397014,5071819.8723609326,16104.74793985313,-2.536833368166643e-05,-1.8160426294782246e-05,6.8890351106624378e-05,2.7914896429078758e-07,-6.8200584708373439e-05,-5.2736069734216805e-05,0.00012093665444259027,7.0892385560551509e-07,-3.8550805458598394e-05,-2.9639563332957551e-05,6.8190368791555951e-05,3.6852213516069214e-07,0.00012126945750859665,6.838729969502545e-05,0.0044679859183577881,0.0035841085581402856,4.0145277231749016e-09
16.0,28,4,-43846.382322772872,198805.12381636468,5288349.8789841551,20693.530179569203,-2.2533238442172392e-05,-1.8327279002427341e-05,6.9891496753814392e-05,3.5868785644586623e-07,-5.7808695642226263e-05,-4.9698114542354115e-05,0.0001075068101845804,9.2319508973778622e-07,-3.6109205859839913e-05,-3.0906831396629085e-05,6.7016037256469011e-05,6.4879984582703196e-07,0.00010761461566243793,6.708839872282749e-05,0.0046327989350737585,0.0035841111424550556,4.1626856808509e-09
16.0,29,1,-403784.40820878837,123051.61412753584,5121285.4873259934,-45787.476087501003,-2.636114051526463e-05,-1.7229316128101677e-05,6.9406737674004921e-05,-7.9364958551668384e-07,-8.0671553701383287e-05,-5.972111333503952e-05,0.00014039266703642282,-3.8059416943408318e-06,-3.976344698004505e-05,-2.9684295708838549e-05,6.9447742688883633e-05,-2.3312387240752344e-06,0.00014099589061501448,6.977184156790196e-05,0.0041825010374986447,0.0044310034076060177,3.757938777809181e-09
16.0,29,2,-336753.74586350797,274.75422970671207,5074676.1187808011,-72997.33594217214,-2.4789853436888813e-05,-1.8948026101939751e-05,6.9008264216945903e-05,-1.2652871563309836e-06,-6.8500382945606918e-05,-5.7570333381325766e-05,0.00012607071632693266,-2.993319748917539e-06,-3.6883377247997773e-05,-3.1444968178754019e-05,6.8328345426751778e-05,-1.6024801774300097e-06,0.0001262778381372117,6.843248895169185e-05,0.0043473117138782113,0.0044310076881283397,3.906079396047372e-09
16.0,29,3,-474676.60515968385,131551.83053095685,5074263.3430046877,53155.894631475123,-2.715228209627169e-05,-1.6644322544300579e-05,6.9029343671910733e-05,9.2136884027890214e-07,-8.0420469113772926e-05,-5.5101414673518742e-05,0.00013552188378729166,4.2558814759089028e-06,-4.0895685367974871e-05,-2.7777011601629378e-05,6.8672696969604246e-05,2.6849033163203429e-06,0.0001364179736651949,6.919233984283535e-05,0.0041824758454381845,0.0055878940898409753,3.757936584894705e-09
16.0,29,4,-619843.99507998279,-153606.70805647271,4841345.060177777,78717.631330941556,-2.7015540009551647e-05,-1.8934093701144143e-05,6.7645070281582834e-05,1.3644389430696534e-06,-6.989770175047858e-05,-5.2333104560398102e-05,0.00012223080631087671,3.1355584698530872e-06,-3.8801614750789923e-05,-2.8798248315029984e-05,6.7599863065819917e-05,1.7385213559984829e-06,0.00012270578470400384,6.788005231069032e-05,0.0043472859275000258,0.0055878972878989812,3.906065432041203e-09
16.0,30,1,-226786.32682025805,-49821.291106087156,5090534.6090217158,-75186.472353311096,-2.3186670962599311e-05,-2.0119277010220336e-05,6.8980225258661638e-05,-1.3032321874573921e-06,-6.0704034015540297e-05,-5.5569162191608061e-05,0.00011627319620714836,-2.6644003081877619e-06,-3.522119316474936e-05,-3.2459526915461162e-05,6.7680720080210522e-05,-1.4871302182327522e-06,0.00011635231219767723,6.772434704671295e-05,0.0044679632066029606,0.0044310106921008558,4.014528978462338e-09
16.0,30,2,-58772.593797500711,-66980.678206928307,5145752.7479587756,-61103.440808401763,-2.1098722862974072e-05,-2.1240996326070813e-05,6.9113049727468061e-05,-1.0591263073456303e-06,-5.1879066213113547e-05,-5.2944686351996206e-05,0.00010482375256510977,-2.1008882383847295e-06,-3.2584015402315509e-05,-3.3416192915694744e-05,6.6000208318010267e-05,-1.3815820261217541e-06,0.00010485467350795706,6.60224799212656e-05,0.0046327781925339278,0.0044310147031153806,4.1626762829792625e-09
16.0,30,3,-33738.215184148401,203758.6537669932,5301586.0778435552,71814.384210784352,-2.2471221795564183e-05,-1.8354609400411068e-05,7.0007732616916049e-05,1.2447826596535956e-06,-5.9243887943383129e-05,-5.1686238840132831e-05,0.00011093012678351597,2.5538510790305181e-06,-3.5366764705132502e-05,-3.0810551545927045e-05,6.6177316251059547e-05,1.5328743018374933e-06,0.00011105530281526402,6.625576521452252e-05,0.004467937207753082,0.0055878997304344971,4.014543059945764e-09
16.0,30,4,-260391.39467137959,-174905.11138650146,4984250.7332226261,47857.233719583695,-2.2709267749629565e-05,-2.1227505506025025e-05,6.819786246719991e-05,8.2952538447278417e-07,-5.1697673397179669e-05,-4.9819359328229374e-05,0.00010151703272540905,1.7181780636067128e-06,-3.292751962549307e-05,-3.1687241008186447e-05,6.4614760633679524e-05,1.1706890149078582e-06,0.00010154304865859129,6.463458416471831e-05,0.0046327522149757945,0.00558790296829937,4.162665825345039e-09
16.0,31,1,-841272.4069956413,-280079.47361441376,4682624.9099448863,-13717.529190111825,-2.8827147171930445e-05,-1.9099802993322502e-05,6.6920406321705384e-05,-2.3777050596193812e-07,-7.6913404369157937e-05,-5.5351407272746553e-05,0.0001322648116419045,-2.9397376297308895e-06,-3.9252761928952456e-05,-2.8427001412428938e-05,6.7679763341381397e-05,-2.1439220848349369e-06,0.0001329152782329752,6.807129320622459e-05,0.004182449249396725,0.0064347954324958977,3.757913138138468e-09
16.0,31,2,-249554.25161093031,118699.19562125928,5157766.6781663941,-36572.900544394775,-2.4433253516629688e-05,-1.8050193764605067e-05,6.9293642599510633e-05,-6.3393027610284283e-07,-6.4352632401058844e-05,-5.2060406394592857e-05,0.00011641303879565171,-1.9376335894835597e-06,-3.6342575281321704e-05,-2.9575115645163243e-05,6.5917690926484943e-05,-1.2383719070800261e-06,0.00011665236502137042,6.605758431299572e-05,0.0043472604900075661,0.0064348021283237543,3.906085410674611e-09
16.0,31,3,-769505.38230024674,613243.30895955174,5051308.9934878033,-99587.432836535372,-3.2918280973792707e-05,-8.9506369919562023e-06,6.7975834873200153e-05,-1.726182169166613e-06,-9.6636722135259265e-05,-3.3242526634996914e-05,0.00012987924877025622,-2.9233879705801922e-06,-5.0370166941308068e-05,-1.4785482713362509e-05,6.515564965467059e-05,-1.0441883814148765e-06,0.0001350950386424051,6.875268887810238e-05,0.0041824331292311017,0.0075917128970744889,3.7579398700011556e-09
16.0,31,4,-417695.25904065627,290860.53918834473,5117721.3283091718,-206864.16009682693,-2.720359759053215e-05,-1.4921963754562805e-05,6.8743623256864876e-05,-3.5856454416783336e-06,-6.9422625950477622e-05,-4.4031080616211554e-05,0.00011345370656668918,-8.3592678570183844e-06,-4.0134904053240546e-05,-2.4701402284614352e-05,6.4836306337854904e-05,-5.582950254751103e-06,0.00011481906345016236,6.587208400255694e-05,0.0043472405329274405,0.0075917060085893134,3.906084660185209e-09
16.0,32,1,-481210.46578708244,-139464.54225332732,4899444.35944713,-29219.99862012114,-2.5456058812602976e-05,-1.9532462804684558e-05,6.7808624824790037e-05,-5.0647997608209977e-07,-5.9994643355029747e-05,-4.9016887276213425e-05,0.00010901153063124316,-1.6115549941102078e-06,-3.5587237891215214e-05,-2.9105821170587624e-05,6.4693059061802838e-05,-1.1411059905675192e-06,0.00010921354037285613,6.481952451171541e-05,0.0044679121786126005,0.0064348067518367599,4.014517520314133e-09
16.0,32,2,90822.820188405924,271899.00477592228,5371491.0477991635,183.47923601111506,-2.1362589274454936e-05,-1.8223935408271316e-05,7.0168993337464878e-05,3.1803067575259915e-09,-5.0663654446811589e-05,-4.55373468258395e-05,9.6201001272651075e-05,-4.8790151725935621e-07,-3.2922916825176109e-05,-2.9606107952937301e-05,6.252902477811341e-05,-4.6241338967041306e-07,9.624933129447907e-05,6.256465494019155e-05,0.0046327270562511189,0.0064348131510616,4.162692139218352e-09
16.0,32,3,-376161.17515406501,-205474.76638609194,4904822.502825195,-212532.68603361538,-2.3812873281143957e-05,-2.0854308862499088e-05,6.7724177137163245e-05,-3.6838998912493323e-06,-5.3986635888560057e-05,-5.1005989398681165e-05,0.00010499262528724126,-7.5598814065159531e-06,-3.261464971127661e-05,-3.1706768717297639e-05,6.4321418428574283e-05,-5.2118998151336735e-06,0.00010538100603169454,6.465826117655582e-05,0.0044678921847786371,0.0075917002883336988,4.01451847132048e-09
16.0,32,4,43719.036054598633,-632443.56396575831,4859719.01471534,-125689.79250247461,-1.6326181322270352e-05,-2.8046333055956531e-05,6.7151151641182516e-05,-2.1786230700428923e-06,-3.4885244550495741e-05,-5.9783580255472299e-05,9.4668824805968054e-05,-3.7783122760845889e-06,-2.1986392570845022e-05,-4.1530684382360981e-05,6.3517076953206037e-05,-2.7511700674264391e-06,9.59027570006217e-05,6.475918358085497e-05,0.004632710554664298,0.0075916942479531202,4.1626596543975515e-09
16.0,33,1,-226965.95263270102,1367481.0084182566,5696205.2730259188,8745.3122203262137,-3.1280957827546063e-05,-3.6438771693294463e-06,7.1387343417203379e-05,1.5158541181898766e-07,-0.00011568656620374772,-3.0309308421616507e-05,0.00014599587462536427,-4.9876534853087734e-07,-5.549565291080929e-05,-1.1892773733377831e-05,6.7388426644187114e-05,-8.7188749522092644e-07,0.00015434858114926636,7.254395425391609e-05,0.0041825241437781092,0.0084386666389431823,3.757978785892949e-09
16.0,33,2,-299523.47791973944,356800.50012523844,5258027.1544720689,-1513.2992458946192,-2.6452956990652413e-05,-1.5076674704539467e-05,6.9877920637472231e-05,-2.6230520262173391e-08,-7.8175685069016275e-05,-5.0945481755290507e-05,0.00012912116682430676,1.1897406248861316e-06,-4.1619269591586342e-05,-2.6743048099878767e-05,6.8362317691465115e-05,8.0815210380602633e-07,0.00013009426288970797,6.89182760293867e-05,0.0043473289035269452,0.0084386260433456477,3.906091418604386e-09
16.0,33,3,-791932.98432917148,607055.92433299683,5276832.4889316056,83579.263063995822,-3.409466011078071e-05,-9.8455190273031206e-06,7.1097274759072794e-05,1.4487072264425939e-06,-0.00018108978533733279,-6.1776301140038076e-05,0.00024286608647737106,9.3765394000621931e-06,-6.9140443373751334e-05,-2.1587472497379078e-05,9.0727915871130415e-05,4.0036899375081119e-06,0.0002530848710710457,9.522324683488325e-05,0.0041830257406112251,0.0095955960177539906,3.757943816512971e-09
16.0,33,4,-468900.79075258458,229412.45218411903,5277097.3641762566,212403.91274324537,-2.8278049808809312e-05,-1.6173953597906449e-05,7.1319251543290632e-05,3.6816678208829188e-06,-0.00013292079264146792,-8.5921571655358148e-05,0.00021884236429682607,1.7696329587473529e-05,-5.457015736600063e-05,-3.5128660785372986e-05,8.9698818151373629e-05,7.8251462142755068e-06,0.00022153338408128275,9.090202284863834e-05,0.0043478180013177591,0.0095955028389623966,3.906085633529015e-09
16.0,34,1,26631.915410762886,-135748.47764117434,5180798.660675548,-8831.2570944222898,-1.9825108526660661e-05,-2.2639702006227581e-05,6.9513781724595642e-05,-1.5307512296998638e-07,-5.4458004799350918e-05,-6.4023993294342401e-05,0.00011848199809369337,4.0963896345927678e-07,-3.0840844034088466e-05,-3.7931800369566589e-05,6.8772644403655096e-05,2.4053838953292427e-07,0.00011863379576536182,6.895802306856342e-05,0.0044679803380697249,0.008438596260576461,4.014534497214753e-09
16.0,34,2,-206642.09281716542,-1441886.4935728461,4297798.0572911855,25163.545345096703,-1.417887415910223e-05,-3.5589777105534037e-05,6.3898088442775839e-05,4.3616811931500957e-07,-2.9266347697063009e-05,-8.2736345732129735e-05,0.00011200269342919273,1.2038635427153656e-06,-1.5001927241538912e-05,-5.3818009667475383e-05,6.8819936909014285e-05,6.602774061297782e-07,0.00011638079613374624,7.304988382670727e-05,0.0046328003544458297,0.0084385558290801486,4.1626236508771164e-09
16.0,34,3,-344810.71866794792,-146557.84665339161,5149640.1988723036,223468.16160807444,-2.4609805657781616e-05,-2.117342254286264e-05,7.0627343579582753e-05,3.8734481345399559e-06,-0.00010613115402686986,-9.874759798451116e-05,0.00020487875201138104,1.7213032821848046e-05,-4.5517339615639361e-05,-4.3322553387525917e-05,8.8839893003165278e-05,8.0425866727293197e-06,0.00020595724604681388,8.940453276959725e-05,0.0044684610183670188,0.0095954395983075518,4.014525645755839e-09
16.0,34,4,-27694.557935327291,-624189.23651824286,5028676.7167059779,84214.266594804663,-1.7987210693221969e-05,-2.8326451788659163e-05,6.9656558067227316e-05,1.4597139543099469e-06,-7.3683530939275556e-05,-0.00011531263553042203,0.00018899616646969754,5.9209008338263047e-06,-3.3192089300343247e-05,-5.4175265090851162e-05,8.7367354391194388e-05,2.9886876678638386e-06,0.00019072811033337352,8.836500115506617e-05,0.0046332696779282099,0.0095953516628061904,4.162662003214737e-09
17.0,1,1,-73926694.108863115,-145915430.79555881,-73183764.205312476,-6941.9972143662462,-2.3456742442938943e-05,-0.0004971426298413966,-1.8568263677575694e-05,-4.5678341670529896e-08,0.0,0.0,0.0,0.0,0.0,0.0,0.0,0.0,0.0,0.0,0.00014526544182391524,0.00052862552093641772,3.923644764778459e-10
17.0,1,2,-71853251.09511435,-139763602.39478809,-69080543.453909248,-71800.245117178842,-2.9292505034630022e-05,-0.00047614261658648297,-1.1048088755500411e-05,-4.7244561287103674e-07,0.0,0.0,0.0,0.0,0.0,0.0,0.0,0.0,0.0,0.0,0.00054213076892499381,0.00052862563245422117,1.464265672988584e-09
17.0,1,3,-74703752.232289642,-144846149.22867393,-73961555.895864338,-105507.37076747546,-2.7802587064677777e-05,-0.00048933955930088641,-2.2918935170999185e-05,-6.9423849964998848e-07,0.0,0.0,0.0,0.0,0.0,0.0,0.0,0.0,0.0,0.0,0.00014526437817503348,0.0019728620683668184,3.9236062825348826e-10
17.0,1,4,-72588649.333614334,-138728706.88979456,-69818680.013495699,-321368.35528074118,-3.3438375360873081e-05,-0.00046863995408053888,-1.5211977234492443e-05,-2.1146037777472767e-06,0.0,0.0,0.0,0.0,0.0,0.0,0.0,0.0,0.0,0.0,0.00054212680653544019,0.0019728620169873852,1.4642506756665913e-09
17.0,2,1,-70057924.927848235,-132266873.29652183,-63370510.563269258,-72843.36917660154,-4.1182558140771285e-05,-0.00045051743840664345,2.8206283781584197e-06,-4.7930936918203808e-07,0.0,0.0,0.0,0.0,0.0,0.0,0.0,0.0,0.0,0.0,0.00083264815345971983,0.0005286258099909953,2.2488538531785285e-09
17.0,2,2,-66129735.170078032,-117906741.2020639,-52916318.744122073,-118537.71383262349,-6.0748241135416263e-05,-0.00040144094082588338,2.6196038947373882e-05,-7.7997815701866248e-07,0.0,0.0,0.0,0.0,0.0,0.0,0.0,0.0,0.0,0.0,0.001229479852943399,0.00052862621904885103,3.320410285192912e-09
17.0,2,3,-70738494.470938653,-131297498.55486344,-64062139.563709795,-511978.76616902172,-4.5024244127347584e-05,-0.00044350249099957262,-1.0938288377816546e-06,-3.3688202813921627e-06,0.0,0.0,0.0,0.0,0.0,0.0,0.0,0.0,0.0,0.0,0.0008326420831258303,0.0019728619706975087,2.248829410319361e-09
17.0,2,4,-66739900.186101787,-117099902.41854423,-53539511.330091037,-695370.948303996,-6.4089227207665214e-05,-0.00039545804189713648,2.2769331464885529e-05,-4.5755408398402932e-06,0.0,0.0,0.0,0.0,0.0,0.0,0.0,0.0,0.0,0.0,0.0012294709270413335,0.0019728620282334452,3.3203694960148647e-09
17.0,3,1,-62672168.002841428,-104130816.73153785,-42613542.687536784,-107373.60304023477,-8.1504752132069243e-05,-0.00035430266076689164,5.0481002442635341e-05,-7.0651830800474471e-07,0.0,0.0,0.0,0.0,0.0,0.0,0.0,0.0,0.0,0.0,0.0015199623209642705,0.00052862666517841986,4.104631481163339e-09
17.0,3,2,-56619037.928143278,-80806408.854965672,-25396162.342818759,-163149.08281994134,-0.00011529512714821696,-0.00027444802784670828,9.0151394203218324e-05,-1.0735209649552139e-06,0.0,0.0,0.0,0.0,0.0,0.0,0.0,0.0,0.0,0.0,0.0019167314860435341,0.00052862755265557402,5.175524094970918e-09
17.0,3,3,-63161051.529260397,-103440318.89131156,-43127221.377168491,-800163.238804842,-8.4228544022103469e-05,-0.00034926612326440019,4.7594058378661245e-05,-5.26507411133586e-06,0.0,0.0,0.0,0.0,0.0,0.0,0.0,0.0,0.0,0.0,0.0015199513353987416,0.0019728622591952084,4.104575674893794e-09
17.0,3,4,-57002957.142303564,-80346953.959410623,-25762758.187606573,-870637.1945180865,-0.00011736144051923058,-0.00027096493957579515,8.8199068602675556e-05,-5.7287927399290089e-06,0.0,0.0,0.0,0.0,0.0,0.0,0.0,0.0,0.0,0.0,0.0019167176436807958,0.0019728631225879889,5.175439505725099e-09
17.0,4,1,-51507702.644919604,-60477663.220838517,-10282441.891020805,-123609.16751113192,-0.00014573754714786028,-0.00020475988773740669,0.00012552466861279378,-8.1334832222324799e-07,0.0,0.0,0.0,0.0,0.0,0.0,0.0,0.0,0.0,0.0,0.0022071571452927123,0.0005286284469228407,5.959145000834834e-09
17.0,4,2,-43296474.040003687,-28219322.851405248,13510909.221207,-133791.98557993921,-0.0001932430766643052,-9.4035421843327471e-05,0.00018054950519446112,-8.8035126511599989e-07,0.0,0.0,0.0,0.0,0.0,0.0,0.0,0.0,0.0,0.0,0.0026038339115937175,0.00052863010178431555,7.029062977511593e-09
17.0,4,3,-51775113.843322404,-60155941.776362963,-10464213.345394626,-860385.19076348841,-0.000147295724124235,-0.00020244157192364189,0.00012453000115212972,-5.6613345552237535e-06,0.0,0.0,0.0,0.0,0.0,0.0,0.0,0.0,0.0,0.0,0.0022071411253862493,0.0019728643305861656,5.959031628616866e-09
17.0,4,4,-43388312.314627148,-28065158.741872735,13654185.495630816,-895098.90342643659,-0.00019417222384407348,-9.3345873335349481e-05,0.00018116741174742387,-5.8897507845459527e-06,0.0,0.0,0.0,0.0,0.0,0.0,0.0,0.0,0.0,0.0,0.0026038145593931207,0.0019728671375573554,7.028895884059194e-09
17.0,5,1,-36525046.266568244,-1407136.1829461604,33307635.803245246,-153854.95802053815,-0.00023302802073291374,-1.9521723826804733e-06,0.00022647102728645896,-1.012365623775141e-06,0.0,0.0,0.0,0.0,0.0,0.0,0.0,0.0,0.0,0.0,0.0028941811706892579,0.00052863173500635786,7.811866469995052e-09
17.0,5,2,-26220074.072747603,39555575.971724428,63336222.536289148,-505258.63161418785,-0.00029366941200639947,0.00013913436528622652,0.00029561101968106232,-3.3246017960213559e-06,0.0,0.0,0.0,0.0,0.0,0.0,0.0,0.0,0.0,0.0,0.0032907366899115062,0.00052863466637940472,8.880526023916248e-09
17.0,5,3,-36755361.28011854,-1430216.6848734654,33683329.246315755,-659490.93642288505,-0.0002347367242476715,-2.2972728109589301e-06,0.00022874985941626614,-4.3394503616625834e-06,0.0,0.0,0.0,0.0,0.0,0.0,0.0,0.0,0.0,0.0,0.0028941588677702888,0.0019728703035423812,7.811634227209767e-09
17.0,5,4,-26112184.334686518,39621594.763267666,64413887.386683479,-389669.28402780904,-0.00029493698347035538,0.00013759128299418313,0.00030072456845625916,-2.5640238889029835e-06,0.0,0.0,0.0,0.0,0.0,0.0,0.0,0.0,0.0,0.0,0.0032907091434095067,0.001972876609682503,8.880187232768728e-09
17.0,6,1,-17861020.041928649,72725738.29019697,87522262.176716909,-121469.53544484999,-0.00034249694094736714,0.00025356392887801942,0.00035092505605132052,-7.992695432271129e-07,0.0,0.0,0.0,0.0,0.0,0.0,0.0,0.0,0.0,0.0,0.0035809849488249003,0.00052863802255084759,9.662325857959049e-09
17.0,6,2,-5492193.06138096,122309690.70665318,123325789.18370792,-14415.130179070504,-0.00041556502353367534,0.00042537137165998931,0.00043205729963900947,-9.485155657828391e-08,0.0,0.0,0.0,0.0,0.0,0.0,0.0,0.0,0.0,0.0,0.003977392148496771,0.00052864440148455284,1.072950732074752e-08
17.0,6,3,-18139053.038934715,72321843.411129385,88964053.689625949,-168969.99673116475,-0.00034552698261386698,0.00024970571602755471,0.00035921145966006214,-1.111822578491064e-06,0.0,0.0,0.0,0.0,0.0,0.0,0.0,0.0,0.0,0.0,0.0035809523992008999,0.0019728830125038577,9.661835701523158e-09
17.0,6,4,-5604468.6955804303,121241027.38628551,125743063.62997253,-612413.98445064411,-0.00041825720728358987,0.00041638615693508801,0.00044600955541854864,-4.0296840176852383e-06,0.0,0.0,0.0,0.0,0.0,0.0,0.0,0.0,0.0,0.0,0.0039773501631729892,0.0019728947256992336,1.0728742869981148e-08
17.0,7,1,-76413481.169149801,-143109358.65733597,-75681648.496900529,-189773.06052313317,-3.6377614542055306e-05,-0.00047523648841432041,-3.1562155558655082e-05,-1.2487067382422162e-06,0.0,0.0,0.0,0.0,0.0,0.0,0.0,0.0,0.0,0.0,0.00014526283253847935,0.0030301216881676745,3.9235705536623436e-10
17.0,7,2,-74218765.728622705,-137083931.44749576,-71487475.022604808,-725837.17237413058,-4.1551006420354627e-05,-0.00045520379685053927,-2.3579113574756891e-05,-4.7760085942217788e-06,0.0,0.0,0.0,0.0,0.0,0.0,0.0,0.0,0.0,0.0,0.00054212113921974349,0.0030301210309318732,1.4642370524386666e-09
17.0,7,3,-79625686.613345876,-135695599.91211513,-78921430.775289893,-646290.50654264411,-5.9033524580629514e-05,-0.00042797355408653106,-5.4399521166221058e-05,-4.2525915330505978e-06,0.0,0.0,0.0,0.0,0.0,0.0,0.0,0.0,0.0,0.0,0.00014525915426776177,0.0044744115453381247,3.923548253473196e-10
17.0,7,4,-77330259.370208219,-130049740.93008251,-74701883.569040135,-1956400.1076546991,-6.3143730142427315e-05,-0.00041003791880640008,-4.5849017370741348e-05,-1.2873112708367919e-05,0.0,0.0,0.0,0.0,0.0,0.0,0.0,0.0,0.0,0.0,0.00054210768067589673,0.00447440772390702,1.4642277324505573e-09
17.0,8,1,-72341934.289329559,-129832630.06253543,-65732150.703801282,-1036035.9641129849,-5.2717317835835772e-05,-0.00043100609602353044,-9.2249418430597063e-06,-6.8171166438634407e-06,0.0,0.0,0.0,0.0,0.0,0.0,0.0,0.0,0.0,0.0,0.00083263348030428001,0.0030301201136085799,2.2488070784714062e-09
17.0,8,2,-68134695.567415446,-115853338.68228617,-55107463.015526041,-1398624.8656305531,-7.0555411154533926e-05,-0.00038454408285038325,1.5163779036898339e-05,-9.2029516158490389e-06,0.0,0.0,0.0,0.0,0.0,0.0,0.0,0.0,0.0,0.0,0.0012294585974028896,0.0030301186365416263,3.3203348763606358e-09
17.0,8,3,-75128485.058363467,-123272808.02942446,-68865696.362455323,-3070557.9430414657,-7.2063588352647259e-05,-0.00038885323350222861,-3.0854438733571662e-05,-2.0204271265212843e-05,0.0,0.0,0.0,0.0,0.0,0.0,0.0,0.0,0.0,0.0,0.00083261327545416388,0.0044744023074876427,2.2487919352897246e-09
17.0,8,4,-70743915.439641878,-110481800.76288725,-58296002.054747283,-4022152.9791170997,-8.7050648746346806e-05,-0.00034852593417330135,-5.143378673740393e-06,-2.6465766602590515e-05,0.0,0.0,0.0,0.0,0.0,0.0,0.0,0.0,0.0,0.0,0.0012294302052962825,0.0044743922594087668,3.320304518318008e-09
17.0,9,1,-64571071.916555196,-102497228.47959858,-44703847.392185003,-1572694.0530246238,-9.0277659705357931e-05,-0.00033983176989018336,4.0448677664997925e-05,-1.0348326868902023e-05,0.0,0.0,0.0,0.0,0.0,0.0,0.0,0.0,0.0,0.0,0.0015199364460263243,0.0030301174469127864,4.104527602364724e-09
17.0,9,2,-58128574.089576088,-79671292.61731641,-27183801.389822155,-1682435.7334136504,-0.0001218118219166015,-0.00026356290982913289,8.1804782447779411e-05,-1.1070427125861819e-05,0.0,0.0,0.0,0.0,0.0,0.0,0.0,0.0,0.0,0.0,0.0019166995403322486,0.0030301163451980184,5.1753743223263105e-09
17.0,9,3,-66447039.666558206,-97933146.394128412,-47664738.844893642,-4732428.2001133263,-0.00010219053965513621,-0.00030936912192254811,2.1396999751416632e-05,-3.1139377556745689e-05,0.0,0.0,0.0,0.0,0.0,0.0,0.0,0.0,0.0,0.0,0.0015199030796818795,0.0044743832443339508,4.104489820444956e-09
17.0,9,4,-59874354.408479229,-76915294.622118697,-30273088.803532239,-5010942.9763506157,-0.0001300141262298677,-0.00024214351283561537,6.4762201450683555e-05,-3.2972004784387047e-05,0.0,0.0,0.0,0.0,0.0,0.0,0.0,0.0,0.0,0.0,0.0019166610001492537,0.004474370163917908,5.175306933792499e-09
17.0,10,1,-52913315.977728322,-59836452.878581241,-11872155.148327406,-1681742.2807191408,-0.00015126697920612596,-0.0001968212200137381,0.00011878385905133204,-1.1065864207131946e-05,0.0,0.0,0.0,0.0,0.0,0.0,0.0,0.0,0.0,0.0,0.0022071208694741128,0.0030301159426764255,5.958945872364885e-09
17.0,10,2,-44313305.534249544,-28105233.224910159,12393622.138228431,-1404603.3470990164,-0.00019674218215429059,-9.0093066358837417e-05,0.00017638940193061449,-9.2422900239115272e-06,0.0,0.0,0.0,0.0,0.0,0.0,0.0,0.0,0.0,0.0,0.002603791518109837,0.0030301167602965568,7.028781254970005e-09
17.0,10,3,-53643957.130392887,-57988216.252931319,-14607235.769417513,-5113703.281444665,-0.0001535189714566533,-0.00018210419648295614,0.0001033426550985647,-3.3648167591905896e-05,0.0,0.0,0.0,0.0,0.0,0.0,0.0,0.0,0.0,0.0,0.0022070799227168029,0.0044743605203020412,5.9588725216598944e-09
17.0,10,4,-45059932.152848795,-28167925.114122737,9493099.8408201039,-4668324.89586695,-0.00019579343683242585,-8.4644030517608309e-05,0.00016316551368591553,-3.0717577814804532e-05,0.0,0.0,0.0,0.0,0.0,0.0,0.0,0.0,0.0,0.0,0.002603749086670817,0.0044743490158891978,7.028668493832071e-09
17.0,11,1,-37336598.556050852,-1711217.5801512562,32631560.235291727,-1337343.9273515544,-0.0002355371341753762,-1.12212735395685e-06,0.00022485335067165795,-8.799723041973228e-06,0.0,0.0,0.0,0.0,0.0,0.0,0.0,0.0,0.0,0.0,0.0028941340999342133,0.0030301182828809336,7.811497478191219e-09
17.0,11,2,-26772130.119580828,38685916.281126268,63394969.135498941,-946132.64528066013,-0.00029514844955617198,0.00013556549576048072,0.00029815106354225292,-6.2255528059467431e-06,0.0,0.0,0.0,0.0,0.0,0.0,0.0,0.0,0.0,0.0,0.0032906821335424536,0.0030301223937835857,8.879994409632028e-09
17.0,11,3,-37279788.714290559,-2531194.1033379138,30018812.3469152,-4104555.8563120179,-0.00022982938039630495,-1.1836278562364787e-06,0.00021299541458642899,-2.7007977534533077e-05,0.0,0.0,0.0,0.0,0.0,0.0,0.0,0.0,0.0,0.0,0.0028940918223651709,0.0044743423270447828,7.811384507140716e-09
17.0,11,4,-26958006.102870174,36566070.343908653,60574141.101847202,-2881768.0666352971,-0.00028827156459864512,0.00012971685842115958,0.00028768996400839518,-1.8962033878460254e-05,0.0,0.0,0.0,0.0,0.0,0.0,0.0,0.0,0.0,0.0,0.0032906414274478119,0.0044743368206502715,8.879859788978357e-09
17.0,12,1,-18052153.327275544,71679324.933576167,88503409.111728281,-760394.38867986703,-0.00034334948642795874,0.00024708364052844549,0.00035778611442068638,-5.0033950775135248e-06,0.0,0.0,0.0,0.0,0.0,0.0,0.0,0.0,0.0,0.0,0.0035809239509912907,0.003030126492063872,9.661628680312762e-09
17.0,12,2,-5321910.2055388689,120978978.86350495,125806145.34957799,583096.55084050191,-0.00041653004728436541,0.00041452980278994288,0.00044629255826830359,3.8367753045305023e-06,0.0,0.0,0.0,0.0,0.0,0.0,0.0,0.0,0.0,0.0,0.0039773196188414494,0.0030301339601495683,1.0728488237098083e-08
17.0,12,3,-18099482.210271336,69003090.280224562,85563427.436521769,-1867619.3213051895,-0.00033471250904381586,0.00023842241794364713,0.00034738943643208267,-1.2288935134188146e-05,0.0,0.0,0.0,0.0,0.0,0.0,0.0,0.0,0.0,0.0,0.0035808851665732953,0.0044743363790441925,9.661515412020526e-09
17.0,12,4,-6217109.4813748151,117404487.92186254,122072291.08077705,-1390468.9818178536,-0.00040945885823104463,0.0004039712526822571,0.00043468539746791468,-9.1492859003614771e-06,0.0,0.0,0.0,0.0,0.0,0.0,0.0,0.0,0.0,0.0,0.0039772844074474345,0.0044743402817735154,1.0728414937147968e-08
17.0,13,1,-83878003.839251891,-124699911.35229415,-83217785.280263111,-1075881.7444373632,-9.0880058516818965e-05,-0.00035948820995263707,-8.6535820398672794e-05,-7.0793018783978501e-06,0.0,0.0,0.0,0.0,0.0,0.0,0.0,0.0,0.0,0.0,0.00014525447973606228,0.0055317543340919614,3.9235653913845114e-10
17.0,13,2,-81382781.850179642,-119503347.21976918,-78918715.614197224,-3932161.3075198783,-9.3407049973231372e-05,-0.00034424037010513041,-7.7193494140466939e-05,-2.5873621403480797e-05,0.0,0.0,0.0,0.0,0.0,0.0,0.0,0.0,0.0,0.0,0.00054209066449258591,0.0055317459781456628,1.464233669754434e-09
17.0,13,3,-83389277.51221557,-93983425.594637901,-82821798.480597198,-2073668.6807136759,-0.00013759413352220634,-0.00020730362790454535,-0.00013386012149415753,-1.3644739919095986e-05,0.0,0.0,0.0,0.0,0.0,0.0,0.0,0.0,0.0,0.0,0.00014524794889280281,0.0069762870049960525,3.9238213413894907e-10
17.0,13,4,-80527611.1216131,-89805164.032610759,-78409487.792177558,-7373271.9579758113,-0.00013685890572489993,-0.00019790520387926456,-0.00012292165421721408,-4.8516129483480837e-05,0.0,0.0,0.0,0.0,0.0,0.0,0.0,0.0,0.0,0.0,0.00054206719526472651,0.006976265861042749,1.464328050080053e-09
17.0,14,1,-78999620.231681183,-113499691.88053009,-73136567.072307855,-5822912.8913388159,-0.00010011281201292193,-0.00032712328346234785,-6.1533922224245397e-05,-3.8314766825009408e-05,0.0,0.0,0.0,0.0,0.0,0.0,0.0,0.0,0.0,0.0,0.00083258769411698067,0.005531733953723212,2.248798379932258e-09
17.0,14,2,-74110921.786628097,-102111976.82649089,-62530031.666267797,-8036097.652742208,-0.0001104202355145817,-0.00029466717767687894,-3.4217978522610997e-05,-5.2877522555043726e-05,0.0,0.0,0.0,0.0,0.0,0.0,0.0,0.0,0.0,0.0,0.001229394404615707,0.0055317110870718809,3.3203087613227986e-09
17.0,14,3,-79059038.469926253,-85973215.004253551,-73492102.727003574,-11032552.494811922,-0.00014333999033424498,-0.0001888352719301186,-0.00010670955314581381,-7.259419541586245e-05,0.0,0.0,0.0,0.0,0.0,0.0,0.0,0.0,0.0,0.0,0.00083255217505073765,0.0069762354710400567,2.2489275236118934e-09
17.0,14,4,-73194869.412553638,-77572113.158706903,-63099180.206584476,-15389306.30952332,-0.0001437137035456078,-0.00017251596739529634,-7.7284068570330702e-05,-0.00010126163551666344,0.0,0.0,0.0,0.0,0.0,0.0,0.0,0.0,0.0,0.0,0.0012293447328357381,0.0069761765734348228,3.3204873227417907e-09
17.0,15,1,-69627801.930608675,-91094522.812839255,-52045969.677260078,-9216474.6602495573,-0.00012197703151868637,-0.00026322805492376368,-6.2885752916526639e-06,-6.064440326444208e-05,0.0,0.0,0.0,0.0,0.0,0.0,0.0,0.0,0.0,0.0,0.0015198609307324543,0.0055316902027686982,4.104483789111004e-09
17.0,15,2,-62188924.176277466,-72040944.979312375,-34524333.468414791,-10297552.555793349,-0.00014257148093397843,-0.00020739777781794802,3.9461525923757974e-05,-6.7757895817120226e-05,0.0,0.0,0.0,0.0,0.0,0.0,0.0,0.0,0.0,0.0,0.0019166124171956656,0.0055316590825353609,5.175290091606109e-09
17.0,15,3,-70037754.10442245,-70476498.735903367,-53910581.965741977,-17974024.769745048,-0.00015365718301351254,-0.00015654412268865703,-4.7540390340995125e-05,-0.0001182690829849224,0.0,0.0,0.0,0.0,0.0,0.0,0.0,0.0,0.0,0.0,0.0015198024523583294,0.0069761215281577329,4.104656496229352e-09
17.0,15,4,-61020238.546211228,-56251940.438491523,-36716128.577701628,-20152085.808751561,-0.00015821164368547095,-0.00012683624213667528,1.7093999073221858e-06,-0.00013260072462158525,0.0,0.0,0.0,0.0,0.0,0.0,0.0,0.0,0.0,0.0,0.0019165456890292737,0.0069760365659971317,5.175476285145764e-09
17.0,16,1,-55798936.672112495,-55144414.356431775,-19060777.639281366,-10419535.294530122,-0.00016175048000733569,-0.00015744372317015657,7.9986606428693126e-05,-6.8560542238008191e-05,0.0,0.0,0.0,0.0,0.0,0.0,0.0,0.0,0.0,0.0,0.0022070282675070172,0.0055316352123591581,5.958830376334461e-09
17.0,16,2,-46080959.246048793,-27530118.085043628,5295391.1203452498,-9928893.5371534675,-0.00019527392762602052,-7.3209392786606527e-05,0.00014278245778485225,-6.5332119474469818e-05,0.0,0.0,0.0,0.0,0.0,0.0,0.0,0.0,0.0,0.0,0.0026036958830392702,0.0055316051230219218,7.028608182628368e-09
17.0,16,3,-56601023.953419939,-44870634.705651417,-23032531.758698992,-21028729.8056904,-0.00017571811675342605,-9.8532155503109166e-05,4.5162561887837777e-05,-0.00013836904212144284,0.0,0.0,0.0,0.0,0.0,0.0,0.0,0.0,0.0,0.0,0.0022069579844935941,0.0069759684069114012,5.958943924296117e-09
17.0,16,4,-44717452.743539378,-23257492.650377188,1071217.7271072455,-20238797.258709926,-0.00018853294933893035,-4.7326411925923175e-05,0.00011275650235792439,-0.0001331712859623113,0.0,0.0,0.0,0.0,0.0,0.0,0.0,0.0,0.0,0.0,0.002603625344671625,0.006975876341382436,7.028688308351206e-09
17.0,17,1,-38090570.034344479,-4026971.480831705,25680632.037588868,-8797584.2603000328,-0.0002246656338513987,-5.2715536928466427e-07,0.00019494887578192269,-5.7888104432774215e-05,0.0,0.0,0.0,0.0,0.0,0.0,0.0,0.0,0.0,0.0,0.00289403944428622,0.0055315859731603512,7.811287786947898e-09
17.0,17,2,-26517688.420924209,33336707.210638106,56741948.691517197,-6856912.7861277014,-0.00027491271843002639,0.0001189292048256536,0.00027293569376983799,-4.5118486132720271e-05,0.0,0.0,0.0,0.0,0.0,0.0,0.0,0.0,0.0,0.0,0.0032905927013327564,0.0055315678945788479,8.879750185163016e-09
17.0,17,3,-39228924.541972011,-6279134.3166513965,19414729.029349029,-18957970.870542929,-0.0002168988623559223,-8.9242673312679862e-08,0.00016897637814337012,-0.00012474344832817246,0.0,0.0,0.0,0.0,0.0,0.0,0.0,0.0,0.0,0.0,0.0028939718284229357,0.0069758110558511381,7.811210122451763e-09
17.0,17,4,-25622082.281237558,24347570.593270537,50217891.330046527,-14330613.749820499,-0.00024592384124502871,8.2876474669234512e-05,0.00025310318511722051,-9.4295438473818876e-05,0.0,0.0,0.0,0.0,0.0,0.0,0.0,0.0,0.0,0.0,0.0032905332438175131,0.0069757363012440633,8.879558330117493e-09
17.0,18,1,-17433598.893946446,64122877.482122533,81772644.225539923,-4489371.0783840511,-0.00031768291876783889,0.00021895869578669497,0.00033509416095838142,-2.9540061695767058e-05,0.0,0.0,0.0,0.0,0.0,0.0,0.0,0.0,0.0,0.0,0.0035808409520437746,0.0055315611205710158,9.66137159242422e-09
17.0,18,2,-4681924.6207693443,112108555.76526508,119046338.53128749,-552173.16944985371,-0.00038863435609239971,0.00037984700484770671,0.00042549761544813413,-3.633299454980037e-06,0.0,0.0,0.0,0.0,0.0,0.0,0.0,0.0,0.0,0.0,0.0039772476757826795,0.0055315637412773622,1.0728279433850811e-08
17.0,18,3,-18792832.808911353,49259024.173000909,73773623.660201192,-11009786.69202275,-0.00028835574762101605,0.0001594254713199666,0.00032073153594574442,-7.244439643350969e-05,0.0,0.0,0.0,0.0,0.0,0.0,0.0,0.0,0.0,0.0,0.0035807905665704745,0.006975693477705879,9.660949461075974e-09
17.0,18,4,-5239189.1468886063,92029414.290277451,111246159.29679748,-3247044.0474574389,-0.00034737135200202146,0.00029265605861453122,0.00041910224075743306,-2.1365549832269947e-05,0.0,0.0,0.0,0.0,0.0,0.0,0.0,0.0,0.0,0.0,0.0039772107688454614,0.0069756644800272197,1.0727625287592592e-08
17.0,19,1,-77327899.368062288,-54922682.232206546,-76727797.422215551,-3129590.2987019201,-0.0001786317389863245,-3.120541023239374e-05,-0.00017468306818265301,-2.0592704165458634e-05,0.0,0.0,0.0,0.0,0.0,0.0,0.0,0.0,0.0,0.0,0.00014524230478224929,0.0080339533951706253,3.924214248906432e-10
17.0,19,2,-75544004.94144395,-52367630.43106439,-73303890.079379112,-10613269.421020616,-0.00017915902230071897,-2.665847802242153e-05,-0.00016441906650833238,-6.9835312790315646e-05,0.0,0.0,0.0,0.0,0.0,0.0,0.0,0.0,0.0,0.0,0.0005420458138159556,0.0080339168570331722,1.464465126779897e-09
17.0,19,3,8392013.4844666906,-10072309.522980627,9173508.2737247907,-1726050.6779465009,4.3380173396157663e-05,-7.8115071992845665e-05,4.8522409109475972e-05,-1.1357413460887975e-05,0.0,0.0,0.0,0.0,0.0,0.0,0.0,0.0,0.0,0.0,0.00014527516355868249,0.0094788232275058865,3.9258129741653726e-10
17.0,19,4,7678601.2715359014,-9186262.1403931621,10593829.87737128,-5782715.9707680969,3.6169049333254074e-05,-7.4801751917239143e-05,5.5351253559650861e-05,-3.8050271087654078e-05,0.0,0.0,0.0,0.0,0.0,0.0,0.0,0.0,0.0,0.0,0.00054216667323518999,0.0094787620543023351,1.4650458680952454e-09
17.0,20,1,-72777582.624381825,-49586942.508078158,-68106624.4007916,-16325912.00382155,-0.0001779320774058949,-2.5337665440616768e-05,-0.00014719717229467121,-0.00010742450098514579,0.0,0.0,0.0,0.0,0.0,0.0,0.0,0.0,0.0,0.0,0.00083252026982798375,0.0080338640033468141,2.2491409839160626e-09
17.0,20,2,-69566071.727112576,-45906937.380312413,-59781181.765632801,-22617227.142773088,-0.0001808431303849694,-2.5166026383024382e-05,-0.00011645855443843253,-0.00014882135459944691,0.0,0.0,0.0,0.0,0.0,0.0,0.0,0.0,0.0,0.0,0.0012292995042346494,0.0080337602141648604,3.320746978382872e-09
17.0,20,3,6309490.4504453018,-8639367.0140356626,13045044.44108915,-8576441.907339165,2.4586481917481993e-05,-7.3777000198802734e-05,6.890642717591852e-05,-5.6432987750291706e-05,0.0,0.0,0.0,0.0,0.0,0.0,0.0,0.0,0.0,0.0,0.00083270303140328564,0.0094786739633259745,2.2499966838585697e-09
17.0,20,4,3853251.7716355147,-8009736.8954407517,17117365.027890548,-12097331.382624341,4.8762064089068991e-06,-7.3182259020454938e-05,9.2154071635065012e-05,-7.9600440497668164e-05,0.0,0.0,0.0,0.0,0.0,0.0,0.0,0.0,0.0,0.0,0.0012295607104945219,0.0094785001498619344,3.321935558903196e-09
17.0,21,1,-64556706.265545815,-41267219.034756064,-50496894.255254328,-26948894.963512365,-0.00017779623232951265,-2.4551406350916097e-05,-8.5282669301794666e-05,-0.00017732372885991135,0.0,0.0,0.0,0.0,0.0,0.0,0.0,0.0,0.0,0.0,0.0015197490530649295,0.008033662570882262,4.1049763818311856e-09
17.0,21,2,-59545069.227536738,-34768966.543157764,-36570905.451076105,-30949467.17847896,-0.00018500834838679417,-2.1981592723580529e-05,-3.383835073768319e-05,-0.00020364749403439155,0.0,0.0,0.0,0.0,0.0,0.0,0.0,0.0,0.0,0.0,0.0019164833048780259,0.0080335079513225768,5.175742833875614e-09
17.0,21,3,1035388.763822617,-7640693.15188751,21170081.443580758,-14396292.447056804,-1.6199489681762246e-05,-7.3288108687134874e-05,0.00011628678815104632,-9.472760430163376e-05,0.0,0.0,0.0,0.0,0.0,0.0,0.0,0.0,0.0,0.0,0.0015200620231826637,0.009478335178064564,4.106320832689616e-09
17.0,21,4,-2328267.0071057752,-6352677.025890436,28499116.273873378,-16887389.470178127,-4.6632709047341908e-05,-7.3113326970945005e-05,0.00015621147294150089,-0.00011111902271377207,0.0,0.0,0.0,0.0,0.0,0.0,0.0,0.0,0.0,0.0,0.0019168576338871796,0.0094780681834484744,5.177259804322503e-09
17.0,22,1,-51906401.346789137,-27120529.405282971,-22609479.19967122,-32893789.576466423,-0.00018095859313811805,-1.7867555763007501e-05,1.1815154589917835e-05,-0.00021644113541314906,0.0,0.0,0.0,0.0,0.0,0.0,0.0,0.0,0.0,0.0,0.0022068918199876324,0.0080333816590502389,5.9592548565044115e-09
17.0,22,2,-44969117.482310414,-16460859.250447908,-2797192.1274749264,-33144619.24037575,-0.00019441786623443399,-6.833527068778698e-06,8.3073402600383514e-05,-0.00021809159460167243,0.0,0.0,0.0,0.0,0.0,0.0,0.0,0.0,0.0,0.0,0.0026035584429448611,0.0080332035780076843,7.028806998342628e-09
17.0,22,3,-5782272.8006490655,-5656360.4191518128,34783231.783870727,-18256233.648623321,-7.4931820759501221e-05,-7.4103317289249296e-05,0.00019198919940663904,-0.00012012601740794144,0.0,0.0,0.0,0.0,0.0,0.0,0.0,0.0,0.0,0.0,0.0022073032106350084,0.0094778445577989034,5.96073666737471e-09
17.0,22,4,-8596852.770865038,-3098111.7153707817,46025570.396295719,-18831038.328546487,-0.00011080964857018659,-7.4627932425034362e-05,0.00024860589586973115,-0.00012390823220183588,0.0,0.0,0.0,0.0,0.0,0.0,0.0,0.0,0.0,0.0,0.0026040101778421355,0.0094775163563541095,7.030249625176685e-09
17.0,23,1,-34984078.324360758,-4503915.5821225643,16036946.350200281,-31456870.045670722,-0.00019314258023536655,7.4168906085607052e-06,0.00014257576212324506,-0.00020698620490051335,0.0,0.0,0.0,0.0,0.0,0.0,0.0,0.0,0.0,0.0,0.0028939086129681612,0.0080330727729478156,7.8113548765666e-09
17.0,23,2,-26008934.110699952,12897382.222137183,42290330.166584283,-26532982.679396216,-0.00021724125612767971,3.8762305342388681e-05,0.0002321679028168506,-0.00017458702603042708,0.0,0.0,0.0,0.0,0.0,0.0,0.0,0.0,0.0,0.0,0.0032904824273464407,0.0080329095591313189,8.879381707905442e-09
17.0,23,3,-11259987.953952506,-1686684.2138430923,55180901.203238718,-18477424.578600381,-0.00014082080261300763,-7.7828464003087676e-05,0.00029636024804131065,-0.00012158145372719049,0.0,0.0,0.0,0.0,0.0,0.0,0.0,0.0,0.0,0.0,0.0028943821669042882,0.009477262732685305,7.812529650707474e-09
17.0,23,4,-11273419.936449431,2415191.9379094765,71207321.943477497,-15567919.881653987,-0.00017269067161483859,-8.2619605481556972e-05,0.0003700326099550806,-0.00010243691282128323,0.0,0.0,0.0,0.0,0.0,0.0,0.0,0.0,0.0,0.0,0.0032909796750120045,0.0094769190704260074,8.880276402674855e-09
17.0,24,1,-15204345.186114192,30476324.075312439,65668485.280079573,-19375478.172448754,-0.00022793052471209034,7.2648279028096906e-05,0.00030421269975546461,-0.0001274906463747128,0.0,0.0,0.0,0.0,0.0,0.0,0.0,0.0,0.0,0.0,0.0035807541112973084,0.0080328063462369904,9.660718984298192e-09
17.0,24,2,-5050328.437014848,57353434.907406949,98471301.040839791,-6365160.8810199928,-0.0002714547249833041,0.00013916203782299134,0.00040971759698097939,-4.188275859711155e-05,0.0,0.0,0.0,0.0,0.0,0.0,0.0,0.0,0.0,0.0,0.0039772041247328688,0.0080327073397742955,1.0726940675099322e-08
17.0,24,3,-10708435.438459843,5079249.6756424904,84240890.970505044,-12297173.470183693,-0.00019466799941321233,-9.0785031362418975e-05,0.00043009856835777666,-8.09154014338087e-05,0.0,0.0,0.0,0.0,0.0,0.0,0.0,0.0,0.0,0.0,0.0035812658731383742,0.0094766738193579926,9.661170993146525e-09
17.0,24,4,-4143032.3451274931,11789403.041930273,106670344.34529996,-3871545.7857792946,-0.0002078815625974612,-0.00010304613775062115,0.00052127045602555142,-2.5474771270427756e-05,0.0,0.0,0.0,0.0,0.0,0.0,0.0,0.0,0.0,0.0,0.0039777431215230656,0.0094763748207742707,1.072699212499313e-08
17.0,25,1,-646538.20716864429,-224846.16112268437,4932814.7321672849,79691.706302991384,-2.7452383713093655e-05,-2.0143054914963697e-05,6.9256400568729122e-05,1.3813229092518508e-06,-0.00010565853456361311,-8.5237844733864886e-05,0.00019089637929747794,4.7578852139729574e-06,-4.820526719335133e-05,-3.9338337271138157e-05,8.7543604464489474e-05,2.0313658096417919e-06,0.0001913419956842272,8.773400491829812e-05,0.0041827873363015373,0.00042343194829788964,3.757923162406919e-09
17.0,25,2,-409035.50700598303,-53664.216962049017,5105635.2455796655,26394.388605603031,-2.5661690874550247e-05,-1.950192184712206e-05,6.9925935503601023e-05,4.5750273583045263e-07,-9.4524519241556752e-05,-7.8220523051595044e-05,0.00017274504229315176,2.2598845032692586e-06,-4.6545037558458706e-05,-3.8698481591308568e-05,8.5243519149767239e-05,1.2084506622706396e-06,0.00017302340968736787,8.537809856169096e-05,0.0043475921557034293,0.00042343628811802652,3.906077411517807e-09
17.0,25,3,-650268.68626257405,63630.416287342552,5032655.3184924312,-129164.52746140411,-2.9055392089286757e-05,-1.6681140978421545e-05,6.9448623993133385e-05,-2.2388518093310042e-06,-0.00011030377221582049,-7.1333315804609734e-05,0.00018163708802043031,-6.8985006037914971e-06,-5.1699899486405763e-05,-3.349698237370344e-05,8.5196881860109231e-05,-3.0943458223638817e-06,0.00018320206334946325,8.592194144544242e-05,0.004182739595115793,0.0015802878815282979,3.7579308703999456e-09
17.0,25,4,-497632.95484812325,-22160.064960146556,5051162.1213131547,-90264.64768595346,-2.675111429005369e-05,-1.8509584198662084e-05,6.9428000363408508e-05,-1.5645872265565268e-06,-9.4020990363923856e-05,-6.9913933297582249e-05,0.00016393492366150611,-5.3125896567276855e-06,-4.7899856631363666e-05,-3.5449065974646603e-05,8.3348922606010269e-05,-2.8588931175069672e-06,0.00016464550906199893,8.372950887554233e-05,0.0043475434514215891,0.001580295655517507,3.906075087320789e-09
17.0,26,1,-292499.90068738163,28745.799119145842,5182814.5615347251,-2700.9075946727935,-2.4746240118447234e-05,-1.9177981321800776e-05,7.0159210560069303e-05,-4.6815731640995099e-08,-8.7645437419706662e-05,-7.3108492576620353e-05,0.00016075392999632707,1.2881339334627874e-06,-4.5693017727244271e-05,-3.8073501542445148e-05,8.3766519269689419e-05,9.0558363523482622e-07,0.00016098515208610854,8.389612250085004e-05,0.0044682390918241027,0.00042343949231601473,4.014531229456906e-09
17.0,26,2,-54086.978652840015,222130.46290846472,5369474.7419983651,-12985.311185786437,-2.3087580534998523e-05,-1.8299811547935904e-05,7.0920822622955708e-05,-2.2507872722029822e-07,-7.8842400755629611e-05,-6.6434381411438817e-05,0.00014527678216706843,1.3266094940079198e-07,-4.4614369498520671e-05,-3.7251852008192954e-05,8.1866221506713611e-05,1.4463099093200452e-07,0.00014545559994055617,8.19812325831017e-05,0.0046330474890046757,0.00042344395457392611,4.162687772397962e-09
17.0,26,3,-200897.17563920026,70369.771125313826,5231818.25188227,-68087.2651368714,-2.3887381100553012e-05,-1.9185420689968101e-05,7.0279686309819166e-05,-1.1801792623724371e-06,-8.2152515721072667e-05,-6.9374723534990849e-05,0.00015152723925606352,-4.4089146764705612e-06,-4.4568394381581399e-05,-3.7481508283246929e-05,8.2049902664828341e-05,-2.693422148962607e-06,0.00015180005718728565,8.222304131091286e-05,0.0044681907330865606,0.0015803011109023412,4.014535131163234e-09
17.0,26,4,-135315.1243348876,-108326.41887839558,5152949.4772861507,-43182.03050003088,-2.1982693891429525e-05,-2.1514889663516994e-05,6.9680559203335151e-05,-7.4848852866720172e-07,-6.9522808862492884e-05,-6.8123247088531871e-05,0.00013764605595102477,-2.3287638650740817e-06,-4.0830326706234569e-05,-3.9854703016609149e-05,8.0685029722843724e-05,-1.4730011412258998e-06,0.000137676133196867,8.070732970514848e-05,0.0046330009170048548,0.0015803084206130818,4.162673825523746e-09
17.0,27,1,-469071.07829075912,128852.13616746361,5152405.4544618959,116497.86040947936,-2.7379311406394242e-05,-1.7015309022451707e-05,7.0059615161318506e-05,2.0192962470976421e-06,-0.00010276333166457583,-7.1962480472098183e-05,0.000174725812136674,4.9276915585857423e-06,-4.8831879825017231e-05,-3.4106596131985675e-05,8.2938475957002907e-05,2.1131238996121026e-06,0.00017572487910528253,8.341767564964552e-05,0.0041827037964948452,0.0024271760945681251,3.757938209284594e-09
17.0,27,2,-284709.27261204342,66416.920147816185,5195387.1216196325,75534.9467486551,-2.4843339801897035e-05,-1.8757152460726149e-05,7.0144997698118699e-05,1.3092724103100221e-06,-8.5612484910111555e-05,-7.1552398804972683e-05,0.00015716488371508421,3.4291500327818116e-06,-4.4306178279092226e-05,-3.7354319036881571e-05,8.166049731597379e-05,1.80024379172284e-06,0.0001574262593245371,8.178904754615171e-05,0.0043475097951837759,0.0024271794518024815,3.9060843728674e-09
17.0,27,3,-951486.75385109661,-291891.23909446527,4698377.0470680837,-27849.541211249812,-3.0312433283242422e-05,-1.8879444360794159e-05,6.7618539266023358e-05,-4.8272538099499659e-07,-0.00010426650794230141,-7.0024918761267131e-05,0.00017429142670356859,9.5358990039098126e-07,-4.9844203984852114e-05,-3.3320408155331344e-05,8.3164612140183478e-05,8.5296455735813463e-07,0.0001754312353707063,8.374182657506519e-05,0.004182692715167179,0.0035840441299747382,3.75791100817447e-09
17.0,27,4,-460181.799150971,22429.608131783549,5076786.3516112873,1284.9567234543329,-2.653262116098523e-05,-1.8167356768084148e-05,6.9441493452227242e-05,2.2272583206541771e-08,-8.9496659883204176e-05,-6.5968990316325136e-05,0.00015546565019952928,6.57187378144889e-07,-4.6997014644217016e-05,-3.4257403961042731e-05,8.1254418605259727e-05,3.7606426812601253e-07,0.00015606527757777678,8.159457650748465e-05,0.0043474975838437967,0.0035840470543068454,3.906077330243043e-09
17.0,28,1,-267043.80819522054,-91413.175774898147,5110152.6210754588,57788.522135262087,-2.3635541890471832e-05,-2.0591277595186255e-05,6.9569196216886568e-05,1.001667717011209e-06,-7.5638164655519074e-05,-7.0546828556109192e-05,0.00014618499321162825,2.8817920631898313e-06,-4.1656310573990288e-05,-3.9232835700932846e-05,8.0889146274923127e-05,1.7383896514726651e-06,0.00014625705895876355,8.09329368023458e-05,0.00446815850194234,0.0024271818351764788,4.014527646038181e-09
17.0,28,2,-9892.1769002471119,-94358.533676335122,5210906.0044044424,42899.994337149474,-2.0598085574915726e-05,-2.2062169092367929e-05,6.989574956769892e-05,7.4359990184392404e-07,-6.2843039809270187e-05,-6.9115871955386643e-05,0.00013195891176465683,1.7264061642466797e-06,-3.7566121087967377e-05,-4.2007674969192645e-05,7.9573796057160029e-05,1.0667243828730788e-06,0.00013203206884537303,7.96349239468556e-05,0.0046329704171915757,0.0024271852174954237,4.162678206820351e-09
17.0,28,3,-373828.36062147794,35363.199839775218,5107978.1624590149,13565.334719188853,-2.5557743590814878e-05,-1.8465089876153151e-05,6.9460236142580373e-05,2.3513246846594011e-07,-8.1178687072777186e-05,-6.3009773440483622e-05,0.00014418846051326086,7.9856073494210619e-07,-4.5142852867496226e-05,-3.4857948851740257e-05,8.000080171923651e-05,4.1405071602035789e-07,0.0001445738588302229,8.022444765214666e-05,0.00446814512502265,0.0035840490639363594,4.014528027522476e-09
17.0,28,4,-32211.320981623605,204428.66552229226,5340198.4466751451,17328.966585422306,-2.2607992728544726e-05,-1.8506232962476853e-05,7.0513776577505922e-05,3.0036875414731985e-07,-6.9260438513364317e-05,-5.9700441803085003e-05,0.00012896088031644933,1.0293245703956245e-06,-4.2312448299649109e-05,-3.6324945822553686e-05,7.8637394122202809e-05,7.0628766025146348e-07,0.00012908534946867928,7.871878205791588e-05,0.0046329550524044317,0.0035840518599720332,4.162687215098818e-09
17.0,29,1,-412632.71611905633,121928.83238529391,5168731.8336188365,-35649.053280199681,-2.6664412212270601e-05,-1.7398678704861862e-05,7.0079239983186187e-05,-6.1791692352346109e-07,-9.5740818507250572e-05,-7.0839024664085326e-05,0.00016657984317133593,-4.0694953125477971e-06,-4.6725224650508032e-05,-3.482061046554403e-05,8.1545835116052123e-05,-2.4529974469486154e-06,0.00016728401069019994,8.191656861932645e-05,0.0041826639815897015,0.004430929791266326,3.75793952890111e-09
17.0,29,2,-353214.02241278975,-6039.4449387849309,5111528.6002218956,-69096.470170719724,-2.5131476919969622e-05,-1.9113784243753551e-05,6.9590728539031569e-05,-1.1976721496258081e-06,-8.1790114725112644e-05,-6.8478506442802995e-05,0.00015026862116791561,-3.4673411196468626e-06,-4.3416207669816936e-05,-3.6807097446577475e-05,8.0223305116394384e-05,-1.8354949306622884e-06,0.0001505209570213392,8.034967450031458e-05,0.0043474711558887371,0.0044309343612943513,3.9060796893263725e-09
17.0,29,3,-459466.45985083887,141280.95567344083,5139455.8914680164,41159.236913015578,-2.7249166853243674e-05,-1.683621165082284e-05,6.9798820569616458e-05,7.1342677315893647e-07,-9.5461425684128422e-05,-6.5769949775225806e-05,0.00016123137545935424,4.5554150842063869e-06,-4.7926210652479884e-05,-3.2763752778778756e-05,8.068996343125864e-05,2.8249111643270988e-06,0.00016225341907146498,8.126848026454772e-05,0.0041826368581105349,0.0055878018067429709,3.757938391346672e-09
17.0,29,4,-636932.06098443642,-176813.23575858865,4869821.8807059694,74297.579140339993,-2.7264462059582001e-05,-1.9289069089000649e-05,6.8185939596385016e-05,1.2878247050992262e-06,-8.338858917602418e-05,-6.2703043478616472e-05,0.00014609163265464069,3.6394925211219761e-06,-4.548901430203312e-05,-3.3938600727461555e-05,7.9427615029494696e-05,1.9883188566892679e-06,0.0001466416240204289,7.974498801737176e-05,0.0043474434301209522,0.0055878052766450918,3.9060651858492505e-09
17.0,30,1,-226424.36732112896,-41610.452316510724,5140328.6425271165,-73242.773952168573,-2.3413864325124142e-05,-2.0210423131710755e-05,6.9609854512245431e-05,-1.2695414151709216e-06,-7.2692658359095947e-05,-6.6360492980485354e-05,0.00013905315133958129,-3.1389174072017216e-06,-4.1407949042971189e-05,-3.8028417879893492e-05,7.9436366922864667e-05,-1.7320061049401325e-06,0.000139149338759096,7.948880363851234e-05,0.0044681203263248186,0.0044309375746043895,4.014530228144345e-09
17.0,30,2,-66701.00762395421,-68294.128521413542,5183557.3408959955,-58799.663293818907,-2.1350399617817719e-05,-2.1378013713373689e-05,6.9654078423194758e-05,-1.0191941637595279e-06,-6.2455570915501694e-05,-6.3530841246421885e-05,0.00012598641216192359,-2.4563450041649066e-06,-3.8375166173714496e-05,-3.9212629768851356e-05,7.7587795942565859e-05,-1.5762113577714453e-06,0.00012602131378155942,7.761224716038623e-05,0.0046329324261983164,0.0044309418799279056,4.162676917098754e-09
17.0,30,3,-15205.337280047126,226322.32131690602,5366895.5985234734,69059.267259905042,-2.2575609509762143e-05,-1.8389130094081618e-05,7.0714140044165528e-05,1.1970272991716872e-06,-7.1186871430787806e-05,-6.2090406668865842e-05,0.00013327727809965366,2.9938311330663436e-06,-4.1606684253699662e-05,-3.624647656605486e-05,7.7853160819754515e-05,1.7627526978718537e-06,0.00013342587720210854,7.794384776957313e-05,0.0044680923792408504,0.0055878079142677919,4.014545338195672e-09
17.0,30,4,-277947.58126064646,-184016.4054630762,5012597.2752582394,44744.588158308965,-2.3020291229322592e-05,-2.1392150848831396e-05,6.8682486283671416e-05,7.7557286141068843e-07,-6.2399508324539806e-05,-5.9961113420427331e-05,0.00012236062174496713,1.9849705235757194e-06,-3.8852114029975349e-05,-3.7301770788955937e-05,7.61538848189313e-05,1.3183865817994349e-06,0.00012239142197302948,7.617635696162275e-05,0.0046329044837065143,0.0055878113801889531,4.162665862621696e-09
17.0,31,1,-856567.50086849323,-289840.80656709638,4721133.7981757978,1279.7395111619426,-2.9146071978014737e-05,-1.9322809276790505e-05,6.7534083872086367e-05,2.2182151526807018e-08,-9.1707642521086149e-05,-6.6052068991426149e-05,0.00015775971151251228,-2.9305572709491234e-06,-4.6201090560498106e-05,-3.3452730219078053e-05,7.9653820779576159e-05,-2.1396124522383437e-06,0.0001585194950190714,8.00966929533387e-05,0.0041826085311172405,0.0064346894407104182,3.757913407755458e-09
17.0,31,2,-235010.48851019097,138509.30850513931,5221742.0418102145,-29283.884176870346,-2.4574478581397299e-05,-1.8100135433131567e-05,7.00092319441564e-05,-5.0758732573241922e-07,-7.7285365544916361e-05,-6.2507532877269128e-05,0.00013979289842218549,-2.1325463383751908e-06,-4.2844494625234961e-05,-3.4827401677140419e-05,7.7671896302375387e-05,-1.3363660292743516e-06,0.00014007730739318483,7.783445500233979e-05,0.0043474163405870844,0.0064346966540191992,3.906087459114671e-09
17.0,31,3,-795950.56193740387,546135.95488021523,5065686.6554566324,-105395.87312644151,-3.3059964600512763e-05,-9.7971316423407029e-06,6.8541747167650483e-05,-1.8268618008583192e-06,-0.00011425713806575913,-4.1014640670510415e-05,0.00015527177873626957,-3.6967056278207278e-06,-5.8532417295807929e-05,-1.838573602580799e-05,7.691815332161594e-05,-1.4024019345003582e-06,0.00016113169916663047,8.081357116518134e-05,0.0041825908975405991,0.0075915906111541,3.757938283151328e-09
17.0,31,4,-414661.48759462964,283335.31272794446,5164555.7071710546,-198671.31653956402,-2.7320383914191053e-05,-1.5221772708599772e-05,6.9386047461747466e-05,-3.4436361533524408e-06,-8.3291495740101326e-05,-5.3273438290629623e-05,0.00013656493403073098,-9.6760500793194977e-06,-4.7124979099075366e-05,-2.9359651771383149e-05,7.6484630870458543e-05,-6.2466187247699244e-06,0.00013813377055756852,7.762296461641478e-05,0.0043473944365575758,0.0075915832097817838,3.906085542292228e-09
17.0,32,1,-501454.93703272333,-162595.93391187675,4922609.8120407071,-22898.786365364635,-2.5726121339618296e-05,-1.985256528552362e-05,6.8291000977654481e-05,-3.9691229699965361e-07,-7.2188982810349943e-05,-5.9060171056205361e-05,0.00013124915386655527,-1.75695389906183e-06,-4.1972292318281489e-05,-3.4364569198615431e-05,7.633686151689692e-05,-1.2172405493937378e-06,0.00013148644855213583,7.648180245372867e-05,0.0044680657156994184,0.0064347016571708274,4.01451708759392e-09
17.0,32,2,108743.26136244554,284077.80194087583,5427549.8418639051,6238.6024098797961,-2.1396600423719847e-05,-1.8357468387027057e-05,7.0796046971638796e-05,1.0813577510458313e-07,-6.13864040816569e-05,-5.5233517162587987e-05,0.00011661992124424486,-4.513913042995065e-07,-3.8941853480349212e-05,-3.5048803379772342e-05,7.3990656860121554e-05,-4.4192077292674248e-07,0.00011667689513664553,7.403113903515662e-05,0.0046328776575633671,0.0064347086121721844,4.16269405201541e-09
17.0,32,3,-385753.28214127384,-197848.82655689889,4948129.6751039755,-204501.63060438682,-2.4144500489405295e-05,-2.0887489925942797e-05,6.8309470769512389e-05,-3.5446949304760369e-06,-6.5453769596937093e-05,-6.1302400725486123e-05,0.00012675617032242327,-8.83394228521618e-06,-3.8712670599428911e-05,-3.7182211279284599e-05,7.5894881878713544e-05,-5.8894238684538374e-06,0.00012720468671301838,7.62637036862439e-05,0.0044680437485378546,0.0075915770147338985,4.01451935646314e-09
17.0,32,4,45781.06737290998,-572510.33518681163,4936770.1186181912,-123904.90815721435,-1.6846624902086716e-05,-2.7563675879788565e-05,6.793051865283148e-05,-2.1476850747250488e-06,-4.3098168906192594e-05,-7.1561893727836666e-05,0.0001146600626340293,-4.4928520318560563e-06,-2.6664862801929563e-05,-4.8240164767864031e-05,7.4905027569793632e-05,-3.1582131963160171e-06,0.00011601662442517272,7.621698979122663e-05,0.0046328595383391341,0.0075915704600608208,4.162662741346382e-09
17.0,33,1,-217217.29813413741,1325885.5705372822,5748520.7130254656,9926.3433811698396,-3.1193855776039467e-05,-4.4467393857348868e-06,7.2212269750726956e-05,1.720566186069439e-07,-0.00013482261453310105,-3.7647679938478649e-05,0.00017247029447157972,-4.2118496069890653e-07,-6.4135583372664122e-05,-1.5206014845642695e-05,7.9341598218306798e-05,-8.3675999840539286e-07,0.00018168532080167549,8.488646227639116e-05,0.004182688321603515,0.0084385349034741472,3.757979196137143e-09
17.0,33,2,-323766.56192979286,314377.71731236926,5275728.726063272,-9812.6693736925008,-2.6677313265899815e-05,-1.5616145759035664e-05,7.0380605059313335e-05,-1.7008626914400336e-07,-9.2597902972038878e-05,-6.0941365553718966e-05,0.00015353926852575782,1.1222076876161274e-06,-4.8652445749440073e-05,-3.1617681771172319e-05,8.0270127520612385e-05,7.7524995961005533e-07,0.00015464586066345895,8.089118698151731e-05,0.0043474890124948996,0.0084384910592950751,3.9060903985564725e-09
17.0,33,3,-800694.53953594761,592317.94385672407,5338457.35781834,81092.789024309241,-3.4399028400512906e-05,-1.025347868837325e-05,7.2012937820294771e-05,1.4056083430880262e-06,-0.00020484150878618634,-7.2351263173017584e-05,0.00027719277195920413,1.0149447280934831e-05,-7.8509312675251403e-05,-2.5758809520192714e-05,0.00010426812219544412,4.3085879873727973e-06,0.0002882558476811935,0.0001090964849073749,0.0041832298042713024,0.0095954488705452916,3.757944580635098e-09
17.0,33,4,-466310.18240760872,230088.28254760965,5343857.1684963014,207523.38369610367,-2.8513250902943766e-05,-1.6442344177053322e-05,7.2196316512724068e-05,3.5970719840657969e-06,-0.00015177635587252782,-9.8725508112075704e-05,0.00025050186398460351,1.9502793140707466e-05,-6.2462173242934659e-05,-4.0487826006323406e-05,0.00010294999924925807,8.5812365904160576e-06,0.0002534533638479053,0.00010426222868573873,0.0043480170826607359,0.0095953482630342264,3.90608709234808e-09
17.0,34,1,31882.70062427735,-110229.84630006831,5242255.0962563623,-15764.785274454014,-2.0102998324834806e-05,-2.2566282471523481e-05,7.0210123199454673e-05,-2.7325627809053628e-07,-6.5410441187560388e-05,-7.5897772198266873e-05,0.0001413082133858273,3.0725132243092354e-07,-3.6498914606138921e-05,-4.4065842343097589e-05,8.056475694923655e-05,1.8760295264999019e-07,0.00014146651285275536,8.075349446713334e-05,0.0044681381261039745,0.0084384588905196383,4.014536471849209e-09
17.0,34,2,-216950.01051792421,-1389439.7532584318,4373960.4044494182,21723.526751338173,-1.4830749411669601e-05,-3.515390495250507e-05,6.4745031114431009e-05,3.7654113035652822e-07,-3.625826038496142e-05,-9.6922899681111706e-05,0.00013318116006607315,1.3361476938088556e-06,-1.8808026715958242e-05,-6.154056597482332e-05,8.0348592690781555e-05,7.3210309749462177e-07,0.00013796331197576776,8.479848679751499e-05,0.0046329558063384945,0.0084384152917183035,4.162626277241952e-09
17.0,34,3,-349210.52740581403,-147934.8148207746,5207761.9805857893,217542.08775967499,-2.4895449028470915e-05,-2.1406670010330235e-05,7.1425407776716895e-05,3.7707295211676994e-06,-0.00012196439555458476,-0.00011292343212028253,0.00023488782767486731,1.9008038975364082e-05,-5.2413608083098043e-05,-4.9497019891401295e-05,0.00010191062797449934,8.8243728670355674e-06,0.0002360530626035997,0.0001025130485523168,0.0044686570892418604,0.0095952799326889781,4.014526766504713e-09
17.0,34,4,-25913.688712239265,-610365.31755815493,5094067.8169718161,82282.585865462679,-1.828032584715117e-05,-2.8410820747147038e-05,7.0466020251372464e-05,1.4262314883346865e-06,-8.5409307762020507e-05,-0.00013157264481771048,0.00021698195257973093,6.557257800616214e-06,-3.855617382606189e-05,-6.1613643163116455e-05,0.00010016981698917832,3.2797112185872885e-06,0.0002188456708443167,0.00010122774567017712,0.0046334624153494758,0.0095951849327807828,4.162663801393934e-09
18.0,1,1,-79502642.92542313,-156990533.88645428,-78699763.947199896,-7579.7415636034484,-2.5122544049942126e-05,-0.000534992866573527,-1.9839600373233127e-05,-4.987469948851069e-08,0.0,0.0,0.0,0.0,0.0,0.0,0.0,0.0,0.0,0.0,0.00014527680875408078,0.00052864751725909345,3.9244208033907504e-10
18.0,1,2,-77262238.204818621,-150343039.94394198,-74265788.25271602,-77233.62542302873,-3.1429242473373506e-05,-0.000512300917916805,-1.1712601788538385e-05,-5.0819725528352899e-07,0.0,0.0,0.0,0.0,0.0,0.0,0.0,0.0,0.0,0.0,0.00054217260601542431,0.00052864763599929981,1.4645505586613224e-09
18.0,1,3,-80328482.279254615,-155840664.70817474,-79526430.491608828,-113639.4690404335,-2.9762400980615025e-05,-0.00052663256136290947,-2.4484900217905751e-05,-7.4774770628605234e-07,0.0,0.0,0.0,0.0,0.0,0.0,0.0,0.0,0.0,0.0,0.00014527566720711445,0.0019729444719098093,3.924379352873022e-10
18.0,1,4,-78042748.551295966,-149229588.79426348,-75049386.428915277,-345617.5991428374,-3.5852961903857396e-05,-0.00050426237070258354,-1.6156639138592466e-05,-2.2741638023598699e-06,0.0,0.0,0.0,0.0,0.0,0.0,0.0,0.0,0.0,0.0,0.00054216835382778184,0.0019729444137811924,1.4645344109222906e-09
18.0,2,1,-75322485.566404223,-142246603.38443503,-68099256.142697096,-78419.405461036135,-4.4265969779152365e-05,-0.000484626665021795,3.2628798288405208e-06,-5.1599968793361776e-07,0.0,0.0,0.0,0.0,0.0,0.0,0.0,0.0,0.0,0.0,0.00083271163638989106,0.00052864782551061455,2.249282617235097e-09
18.0,2,2,-71080768.341787711,-126741901.08981523,-56811706.573029369,-127517.50276580405,-6.5389141601644073e-05,-0.00043163939508366516,2.8501284836785808e-05,-8.390651681989906e-07,0.0,0.0,0.0,0.0,0.0,0.0,0.0,0.0,0.0,0.0,0.0012295711134467549,0.00052864826245830677,3.3210187153053255e-09
18.0,2,3,-76044870.864649832,-141203836.03180647,-68833325.466676757,-550797.98794348107,-4.8365639155645634e-05,-0.00047711162995553631,-9.1367043698286839e-07,-3.6242507606681056e-06,0.0,0.0,0.0,0.0,0.0,0.0,0.0,0.0,0.0,0.0,0.00083270512196488046,0.0019729443602088696,2.2492562983877276e-09
18.0,2,4,-71726562.625806242,-125873284.88579948,-57471897.777563743,-748176.43066999502,-6.8947424520917377e-05,-0.00042523285699167283,2.4848270180518373e-05,-4.923000913808567e-06,0.0,0.0,0.0,0.0,0.0,0.0,0.0,0.0,0.0,0.0,0.0012295615349294164,0.0019729444135444013,3.3209748243713215e-09
18.0,3,1,-67347936.735419512,-111881406.1048758,-45699805.397216469,-115600.55587896658,-8.7761369503791783e-05,-0.0003807915979548142,5.4683334701584304e-05,-7.6065165768360011e-07,0.0,0.0,0.0,0.0,0.0,0.0,0.0,0.0,0.0,0.0,0.0015200724457710604,0.0005286487389083406,4.105354776384494e-09
18.0,3,2,-60817940.44800064,-86735251.243859261,-27140004.733876932,-175072.70045694007,-0.00012416679779518001,-0.00029470270283192968,9.7434019203753946e-05,-1.1519783690066657e-06,0.0,0.0,0.0,0.0,0.0,0.0,0.0,0.0,0.0,0.0,0.0019168644682349772,0.00052864968685826857,5.176375229084444e-09
18.0,3,3,-67863756.0642602,-111137795.7330403,-46242634.272151686,-861278.18461540423,-9.0657700913097605e-05,-0.0003754008819336707,5.1609280478976335e-05,-5.6672104547693598e-06,0.0,0.0,0.0,0.0,0.0,0.0,0.0,0.0,0.0,0.0,0.0015200606578518478,0.0019729446532900049,4.105294747840008e-09
18.0,3,4,-61220253.273426399,-86239183.920604184,-27524786.919795636,-937923.16121663153,-0.00012635419243930022,-0.00029097875609773017,9.5361976167590158e-05,-6.1715344008054356e-06,0.0,0.0,0.0,0.0,0.0,0.0,0.0,0.0,0.0,0.0,0.0019168496170392862,0.0019729455655027582,5.176284320295133e-09
18.0,4,1,-55306153.308588177,-64846216.721359894,-10872179.262443319,-133844.11864315873,-0.0001568957008885318,-0.00021966931814456969,0.00013547984833510134,-8.8069430067198444e-07,0.0,0.0,0.0,0.0,0.0,0.0,0.0,0.0,0.0,0.0,0.0022073045683043617,0.00052865064149579569,5.960065133223204e-09
18.0,4,2,-46460300.323439553,-30144025.954800773,14714852.084559597,-146764.77603096719,-0.0002079234069022167,-0.00010056232155657353,0.00019460909594241769,-9.657122262837641e-07,0.0,0.0,0.0,0.0,0.0,0.0,0.0,0.0,0.0,0.0,0.0026039971264584139,0.00052865240786207658,7.030038083352244e-09
18.0,4,3,-55584243.690626778,-64498006.007588156,-11059462.633558579,-926739.43616847973,-0.00015854041800012202,-0.00021719297404572787,0.00013443264135538666,-6.0979454899885965e-06,0.0,0.0,0.0,0.0,0.0,0.0,0.0,0.0,0.0,0.0,0.0022072873830193975,0.001972946849072264,5.959943364504949e-09
18.0,4,4,-46550203.188090399,-29974835.92074262,14875229.377329066,-962599.64464155061,-0.00020889363760185858,-9.9827720982710198e-05,0.00019528570867860152,-6.3339056617414026e-06,0.0,0.0,0.0,0.0,0.0,0.0,0.0,0.0,0.0,0.0,0.0026039763707710658,0.0019729498399728793,7.029858812218774e-09
18.0,5,1,-39170967.849013612,-1346346.7524679601,35963824.883822814,-167002.41614858122,-0.00025055045469260875,-1.664447877338341e-06,0.00024383648148945498,-1.0988758982576645e-06,0.0,0.0,0.0,0.0,0.0,0.0,0.0,0.0,0.0,0.0,0.0028943529279482705,0.00052865415208399225,7.812851344807078e-09
18.0,5,2,-28089818.801370852,42595155.167612009,68153921.179126009,-537356.675709815,-0.0003154326346347003,0.00014967449408120689,0.00031785117443696901,-3.5358069261705827e-06,0.0,0.0,0.0,0.0,0.0,0.0,0.0,0.0,0.0,0.0,0.0032909153354061093,0.00052865728422346028,8.881477661767785e-09
18.0,5,3,-39408784.067824341,-1368184.9056372494,36371414.041111782,-712425.81195911265,-0.00025234902237317148,-2.0418798859803903e-06,0.00024628468118362821,-4.6877618426909609e-06,0.0,0.0,0.0,0.0,0.0,0.0,0.0,0.0,0.0,0.0,0.0028943290135425323,0.0019729532170184539,7.812602432817672e-09
18.0,5,4,-27968749.579311214,42663134.877604529,69307381.741836399,-428701.82486401638,-0.00031675716415527279,0.00014800063557123284,0.00032331977993787863,-2.8208580076052277e-06,0.0,0.0,0.0,0.0,0.0,0.0,0.0,0.0,0.0,0.0,0.0032908858150907014,0.0019729599494977519,8.881114892313067e-09
18.0,6,1,-19111773.542879775,78108218.739074171,94021429.431717902,-129655.83671730843,-0.00036752371182425034,0.00027218383739100653,0.00037689276374860238,-8.5313540559988942e-07,0.0,0.0,0.0,0.0,0.0,0.0,0.0,0.0,0.0,0.0,0.0035811650300353586,0.00052866086753811613,9.663219842866553e-09
18.0,6,2,-5844668.4748666435,131111301.85013515,132249502.2360082,-20648.350238972678,-0.00044533341283043966,0.00045583687190807199,0.00046332623044711675,-1.3586614457244022e-07,0.0,0.0,0.0,0.0,0.0,0.0,0.0,0.0,0.0,0.0,0.0039775687945678671,0.0005286676787885523,1.0730273369444443e-08
18.0,6,3,-19397832.63536898,77672308.223902792,95561391.572133332,-190380.41064411859,-0.00037069840885458195,0.0002680231179994263,0.0003857332864307832,-1.2527031020383002e-06,0.0,0.0,0.0,0.0,0.0,0.0,0.0,0.0,0.0,0.0,0.0035811301698537557,0.001972966789169194,9.66269592170462e-09
18.0,6,4,-5952433.8223044351,129958651.3773168,134822578.60188538,-650276.21201074764,-0.0004481165124786617,0.00044617842813484613,0.00047818306927250746,-4.2788174750307189e-06,0.0,0.0,0.0,0.0,0.0,0.0,0.0,0.0,0.0,0.0,0.0039775238897943243,0.0019729793162336952,1.0729457643004953e-08
18.0,7,1,-82157808.087284043,-153973098.79553625,-81366844.932810709,-203956.98271058171,-3.8951929345631979e-05,-0.00051149654220593158,-3.3747391789197473e-05,-1.3420369462356276e-06,0.0,0.0,0.0,0.0,0.0,0.0,0.0,0.0,0.0,0.0,0.00014527400810442661,0.0030302486532922568,3.924340933981587e-10
18.0,7,2,-79786937.39619948,-147460692.99459553,-76834959.648297191,-780195.3803136762,-4.4547555805226962e-05,-0.00048984086764267273,-2.5123542224029853e-05,-5.1336856024639891e-06,0.0,0.0,0.0,0.0,0.0,0.0,0.0,0.0,0.0,0.0,0.00054216227013664017,0.0030302479446784759,1.4645197618664617e-09
18.0,7,3,-85599712.066151232,-146006922.35556293,-84838212.181987107,-693791.03646371549,-6.3263247761427078e-05,-0.00046074269146575611,-5.825257852362712e-05,-4.565145019931248e-06,0.0,0.0,0.0,0.0,0.0,0.0,0.0,0.0,0.0,0.0,0.00014527005839817266,0.004474602785358015,3.924316947968526e-10
18.0,7,4,-83122875.532168612,-139903578.5484131,-80280852.445509404,-2101923.0220999429,-6.7722976690445452e-05,-0.00044134000253733425,-4.9022464780227928e-05,-1.3830653485417624e-05,0.0,0.0,0.0,0.0,0.0,0.0,0.0,0.0,0.0,0.0,0.00054214781701918341,0.0044745986795493436,1.4645097260771365e-09
18.0,8,1,-77760281.100937933,-139627662.30701971,-70620127.315376282,-1113761.4202589332,-5.6609897901303974e-05,-0.00046369726623732207,-9.6276859923083303e-06,-7.3285501453037802e-06,0.0,0.0,0.0,0.0,0.0,0.0,0.0,0.0,0.0,0.0,0.00083269588692584597,0.0030302469553215384,2.249232291594829e-09
18.0,8,2,-73218475.682059363,-124530651.26143169,-59149273.729512565,-1503869.0995561674,-7.5878096924604824e-05,-0.00041351221223687477,1.6697251923153003e-05,-9.8954586750795809e-06,0.0,0.0,0.0,0.0,0.0,0.0,0.0,0.0,0.0,0.0,0.0012295482984818579,0.0030302453598993109,3.320937617387528e-09
18.0,8,3,-80743269.705243647,-132578428.89436692,-73977237.307627529,-3298420.7337675504,-7.7358395927067038e-05,-0.00041843374339149811,-3.2837902750752906e-05,-2.1703608428190481e-05,0.0,0.0,0.0,0.0,0.0,0.0,0.0,0.0,0.0,0.0,0.00083267419033351494,0.0044745928586840192,2.2492160227641653e-09
18.0,8,4,-76015640.518112093,-118760463.572092,-62567879.992879927,-4320893.0888447119,-9.3579419757904833e-05,-0.00037484035545309261,-5.0931555018771594e-06,-2.8431476524598202e-05,0.0,0.0,0.0,0.0,0.0,0.0,0.0,0.0,0.0,0.0,0.0012295178116739727,0.0044745820600374017,3.3209049562646883e-09
18.0,9,1,-69372774.544696495,-110120843.51354767,-47929865.486304015,-1691396.8744771914,-9.714375250371677e-05,-0.00036526604631875758,4.3950589100505727e-05,-1.1129391434059919e-05,0.0,0.0,0.0,0.0,0.0,0.0,0.0,0.0,0.0,0.0,0.0015200446722843848,0.0030302440729718903,4.1052430904112156e-09
18.0,9,2,-62424827.409279123,-85509133.004001006,-29045798.80331637,-1809975.0314153773,-0.0001311273447908341,-0.00028302207560410416,8.8506663436400729e-05,-1.1909635706713182e-05,0.0,0.0,0.0,0.0,0.0,0.0,0.0,0.0,0.0,0.0,0.001916830178939926,0.0030302428729362292,5.1762142962638816e-09
18.0,9,3,-71378405.118050352,-105215917.55564237,-51102287.838501275,-5083200.8723876597,-0.00010990926106750482,-0.00033256009290686018,2.3507590631928108e-05,-3.3447461740310802e-05,0.0,0.0,0.0,0.0,0.0,0.0,0.0,0.0,0.0,0.0,0.0015200088456469795,0.0044745723717517505,4.105202519389475e-09
18.0,9,4,-64294223.870332234,-82546789.068788022,-32357848.610912327,-5382556.3712996058,-0.00013992179181773463,-0.00026002367082357368,7.021955738924835e-05,-3.5417220923151406e-05,0.0,0.0,0.0,0.0,0.0,0.0,0.0,0.0,0.0,0.0,0.0019167888001695179,0.0044745583146463775,5.176141913752013e-09
18.0,10,1,-56801050.412376866,-64150316.677416876,-12566533.074794404,-1810440.5291756766,-0.00016279262945339052,-0.00021115080147735376,0.0001282704946279021,-1.1912698681975951e-05,0.0,0.0,0.0,0.0,0.0,0.0,0.0,0.0,0.0,0.0,0.0022072656334117193,0.0030302424258379862,5.95985130477831e-09
18.0,10,2,-47539361.256305024,-30015252.706409853,13524527.834211051,-1515899.7477484951,-0.00021164146098345105,-9.6332826725140777e-05,0.00019015892923214479,-9.9746203401850969e-06,0.0,0.0,0.0,0.0,0.0,0.0,0.0,0.0,0.0,0.0,0.0026039516331628036,0.0030302432801075719,7.0297357955961765e-09
18.0,10,3,-57584061.887225956,-62163358.701345429,-15500330.781590883,-5492211.0555713968,-0.00016521168005309038,-0.00019534345308999651,0.00011169927062198835,-3.6138748745659791e-05,0.0,0.0,0.0,0.0,0.0,0.0,0.0,0.0,0.0,0.0,0.0022072216695751662,0.0044745479497152315,5.959772497015005e-09
18.0,10,4,-48338535.225279495,-30077274.139437452,10413159.661616266,-5011688.9417991638,-0.00021062337525144006,-9.0464277306599321e-05,0.00017596277710433414,-3.2976913237038499e-05,0.0,0.0,0.0,0.0,0.0,0.0,0.0,0.0,0.0,0.0,0.0026039060732265871,0.0044745355846182765,7.029614808554143e-09
18.0,11,1,-40030659.683521792,-1667381.9364995062,35243203.212058827,-1441358.5673557562,-0.00025320309603299267,-7.7272845758605069e-07,0.00024209892181992779,-9.4841393732008747e-06,0.0,0.0,0.0,0.0,0.0,0.0,0.0,0.0,0.0,0.0,0.002894302424504099,0.0030302448979097583,7.812455765666408e-09
18.0,11,2,-28672077.371398024,41666674.381445229,68215243.590180531,-1016158.6073593007,-0.00031697381725215881,0.00014585516928154976,0.00032054475467502806,-6.6863236364241988e-06,0.0,0.0,0.0,0.0,0.0,0.0,0.0,0.0,0.0,0.0,0.0032908568257851876,0.003030249289852658,8.880908505708374e-09
18.0,11,3,-39971456.480670743,-2547139.6599538289,32437322.938095462,-4408818.0487329578,-0.00024708377198281751,-8.3176730250019434e-07,0.00022936599659266414,-2.9010022760662863e-05,0.0,0.0,0.0,0.0,0.0,0.0,0.0,0.0,0.0,0.0,0.0028942570279662919,0.004474528392049832,7.812334449983781e-09
18.0,11,4,-28875460.547247186,39380773.02147308,65181456.933732212,-3099916.7166277948,-0.0003095856260654603,0.00013954039081671908,0.00030930889095938412,-2.0397451995410888e-05,0.0,0.0,0.0,0.0,0.0,0.0,0.0,0.0,0.0,0.0,0.003290813116534631,0.0044745224683846261,8.88076373736327e-09
18.0,12,1,-19317311.417006165,76980328.645070925,95057079.935486048,-817242.79277458426,-0.00036840566264231085,0.00026523280896615639,0.00038417783245708794,-5.3774575764567642e-06,0.0,0.0,0.0,0.0,0.0,0.0,0.0,0.0,0.0,0.0,0.0035810996371145928,0.0030302536766762039,9.662474022533136e-09
18.0,12,2,-5668256.9323888421,129659667.14842407,134868760.48000339,612301.20129211922,-0.00044629620031485959,0.00044416154013688936,0.00047843737425868119,4.028941904502144e-06,0.0,0.0,0.0,0.0,0.0,0.0,0.0,0.0,0.0,0.0,0.0039774911069979033,0.0030302616849609974,1.0729184782190086e-08
18.0,12,3,-19351618.875233792,74103247.981583744,91905757.478881001,-2007029.5439930139,-0.00035905232300370322,0.00025588070091415608,0.00037302121340637207,-1.3206254399474031e-05,0.0,0.0,0.0,0.0,0.0,0.0,0.0,0.0,0.0,0.0,0.0035810580044272084,0.0044745219904000072,9.66235263607874e-09
18.0,12,4,-6609725.961869128,125820214.92353952,130872026.3575927,-1479150.7948782442,-0.00043862237103353452,0.00043276663999245433,0.00046600755922852427,-9.7328122302988467e-06,0.0,0.0,0.0,0.0,0.0,0.0,0.0,0.0,0.0,0.0,0.0039774533374384363,0.0044745261720739579,1.0729105933153275e-08
18.0,13,1,-90167875.385233834,-134195735.68638664,-89453852.244018912,-1155507.1970505724,-9.7473027996128344e-05,-0.00038717634877771388,-9.2774755726934228e-05,-7.6032373565927654e-06,0.0,0.0,0.0,0.0,0.0,0.0,0.0,0.0,0.0,0.0,0.00014526503727501353,0.0055319962666321443,3.924335419543868e-10
18.0,13,2,-87474694.32893233,-128574686.74191341,-84809810.934263989,-4223573.3191931518,-0.00010022596531630134,-0.0003706639153937168,-8.2691032579383701e-05,-2.779111244029094e-05,0.0,0.0,0.0,0.0,0.0,0.0,0.0,0.0,0.0,0.0,0.00054212954093162396,0.0055319872898056642,1.4645161361835131e-09
18.0,13,3,-89642786.332148269,-101208214.96665697,-89029013.803539753,-2228660.3088831338,-0.00014763911020383052,-0.00022373963061889774,-0.00014360048696558653,-1.4664584832451021e-05,0.0,0.0,0.0,0.0,0.0,0.0,0.0,0.0,0.0,0.0,0.0001452580271520526,0.0069766112209339939,3.9246107064152966e-10
18.0,13,4,-86548304.442508519,-96677189.002112359,-84257370.002497524,-7918135.9239245504,-0.00014686491898525906,-0.00021351297938745217,-0.0001317905703699866,-5.2101334379423538e-05,0.0,0.0,0.0,0.0,0.0,0.0,0.0,0.0,0.0,0.0,0.00054210435634689607,0.0069765885022229661,1.4646176937340015e-09
18.0,14,1,-84904138.3328996,-122082042.27285755,-78566283.761247784,-6254035.7896995489,-0.00010749633653061158,-0.00035212694445553485,-6.5793253449142639e-05,-4.1151555496223028e-05,0.0,0.0,0.0,0.0,0.0,0.0,0.0,0.0,0.0,0.0,0.00083264671419030047,0.0055319743721605613,2.249222962755103e-09
18.0,14,2,-79631024.291674137,-109769112.35576558,-67115462.792466193,-8631159.1211537961,-0.00011867749272416441,-0.00031698611218588618,-3.6325098059376261e-05,-5.6793027017191981e-05,0.0,0.0,0.0,0.0,0.0,0.0,0.0,0.0,0.0,0.0,0.0012294793591709631,0.0055319498089136093,3.32090958964329e-09
18.0,14,3,-84972252.691319749,-92524419.359558851,-78949173.251233384,-11849047.397655174,-0.00015393298713154698,-0.00020362624380856027,-0.00011430112441577875,-7.7966731876571044e-05,0.0,0.0,0.0,0.0,0.0,0.0,0.0,0.0,0.0,0.0,0.00083260859776919599,0.0069765558522285054,2.2493618439170932e-09
18.0,14,4,-78638464.144604474,-83416763.704561204,-67722400.840716973,-16524786.377433456,-0.0001543924407414828,-0.0001858336518459981,-8.2564744201903137e-05,-0.00010873309436351214,0.0,0.0,0.0,0.0,0.0,0.0,0.0,0.0,0.0,0.0,0.0012294260598044236,0.0069764925792078197,3.321101744628468e-09
18.0,15,1,-74796634.325671777,-97871273.038785085,-55809472.70949582,-9898963.8575490173,-0.00013116759334607509,-0.00028299871607836058,-6.2320699116372252e-06,-6.5135182182672532e-05,0.0,0.0,0.0,0.0,0.0,0.0,0.0,0.0,0.0,0.0,0.0015199635755408897,0.0055319273749225729,4.105196085152646e-09
18.0,15,2,-66780375.433275297,-77313532.297838315,-36925286.965706296,-11059520.388590012,-0.00015340454272997603,-0.00022271271489880066,4.3041939386628038e-05,-7.2771644156922273e-05,0.0,0.0,0.0,0.0,0.0,0.0,0.0,0.0,0.0,0.0,0.0019167366212687351,0.0055318939468577601,5.176123881194299e-09
18.0,15,3,-75244710.962319434,-75739406.438402802,-57815308.540252529,-19299736.018855967,-0.00016520710514532171,-0.00016846220137795031,-5.0521637208121506e-05,-0.00012699226300407225,0.0,0.0,0.0,0.0,0.0,0.0,0.0,0.0,0.0,0.0,0.0015199008298951997,0.0069764334497029786,4.1053817695198125e-09
18.0,15,4,-65519220.969777398,-60360263.647298127,-39275497.326740026,-21635097.79147445,-0.00017017160250990671,-0.00013622566332799308,2.512099061279215e-06,-0.00014235894346790188,0.0,0.0,0.0,0.0,0.0,0.0,0.0,0.0,0.0,0.0,0.0019166650286483007,0.0069763421919676561,5.176324323510479e-09
18.0,16,1,-59891415.251425818,-59109687.532996386,-20281661.741766214,-11190697.314873703,-0.00017401874440300418,-0.00016887497601573848,8.661343369055598e-05,-7.3634788331868961e-05,0.0,0.0,0.0,0.0,0.0,0.0,0.0,0.0,0.0,0.0,0.0022071661985400455,0.0055318683068359869,5.959727425261387e-09
18.0,16,2,-49431322.256903931,-29399736.108376604,5904415.5249099582,-10663618.416072471,-0.0002100340047626423,-7.8226167905332548e-05,0.00015407514984169303,-7.0166609177756855e-05,0.0,0.0,0.0,0.0,0.0,0.0,0.0,0.0,0.0,0.0,0.0026038489544594236,0.0055318359875222043,7.029550098489925e-09
18.0,16,3,-60766258.374119692,-48085481.873429798,-24551424.596411593,-22574915.946265217,-0.00018906497964824904,-0.00010562547027370955,4.9228626609070197e-05,-0.00014854294692642512,0.0,0.0,0.0,0.0,0.0,0.0,0.0,0.0,0.0,0.0,0.0022070907942713398,0.0069762689907946381,5.9598494875627176e-09
18.0,16,4,-47978138.574497424,-24812683.26734668,1365764.2519962043,-21726691.161494397,-0.00020284456082823337,-5.041586490718149e-05,0.00012183831977009472,-0.00014296162784263312,0.0,0.0,0.0,0.0,0.0,0.0,0.0,0.0,0.0,0.0,0.0026037732652087879,0.006976170118531618,7.029636333911095e-09
18.0,17,1,-40831932.109916463,-4155578.6845602766,27782269.2811721,-9446843.6562243439,-0.00024148983169222901,-1.5942615338529603e-07,0.00020999161346113376,-6.2160231257956186e-05,0.0,0.0,0.0,0.0,0.0,0.0,0.0,0.0,0.0,0.0,0.0028942008094608503,0.0055318154179402005,7.812230874803963e-09
18.0,17,2,-28391025.973909929,35918762.838665627,61073711.670962296,-7355184.924350529,-0.00029520323959476174,0.00012795517079198539,0.00029347473410849746,-4.8397116802226478e-05,0.0,0.0,0.0,0.0,0.0,0.0,0.0,0.0,0.0,0.0,0.0032907608390108597,0.0055317959951725441,8.880646577821713e-09
18.0,17,3,-42066128.255653977,-6573690.9209981672,21050822.96840369,-20348441.346525643,-0.00023320450991317059,3.357277488646068e-07,0.00018210502914112883,-0.00013389274406013874,0.0,0.0,0.0,0.0,0.0,0.0,0.0,0.0,0.0,0.0,0.0028941282495873093,0.0069761000226594341,7.812147599676635e-09
18.0,17,4,-27455344.965135016,26258197.748496987,54056694.633889787,-15396095.667758675,-0.00026417425478984623,8.9260856265852408e-05,0.00027217496577173702,-0.00010130630949385208,0.0,0.0,0.0,0.0,0.0,0.0,0.0,0.0,0.0,0.0,0.0032906970145911525,0.0069760197603149455,8.88044009221893e-09
18.0,18,1,-18649782.875357151,68858841.609312177,87831341.249896273,-4817528.3430641601,-0.00034081940329433507,0.00023498734581478903,0.00035982639344983239,-3.169933649736217e-05,0.0,0.0,0.0,0.0,0.0,0.0,0.0,0.0,0.0,0.0,0.0035810105704870035,0.0055317887141337254,9.662197958251082e-09
18.0,18,2,-4973259.4171412215,120134517.37658685,127619724.80584413,-608378.99012290919,-0.00041631799973394708,0.00040689117156878369,0.00045614383645329655,-4.0031337550087426e-06,0.0,0.0,0.0,0.0,0.0,0.0,0.0,0.0,0.0,0.0,0.0039774139184457248,0.0055317915152532007,1.0728960279749826e-08
18.0,18,3,-20094547.038704,52906723.70977287,79247210.823169023,-11825585.617221713,-0.00030927595175556821,0.00017107240976940957,0.00034439281497555634,-7.7812353361318863e-05,0.0,0.0,0.0,0.0,0.0,0.0,0.0,0.0,0.0,0.0,0.0035809564834929008,0.0069759737710739121,9.661745621680707e-09
18.0,18,4,-5563430.3872180656,98575249.254266009,119242426.7797052,-3467814.0127489222,-0.00037196908006976477,0.00031326343197120033,0.00044925346008859021,-2.2818216203887906e-05,0.0,0.0,0.0,0.0,0.0,0.0,0.0,0.0,0.0,0.0,0.0039773743332062097,0.0069759426370200796,1.0728259103561684e-08
18.0,19,1,-83183075.348824039,-59198371.709549919,-82534318.154607803,-3369096.2792127109,-0.00019197772675875097,-3.4158376812327299e-05,-0.00018770890442080816,-2.2168653517219637e-05,0.0,0.0,0.0,0.0,0.0,0.0,0.0,0.0,0.0,0.0,0.00014525193015716624,0.0080343525157278387,3.925032766764787e-10
18.0,19,2,-81253117.412302852,-56426862.520704225,-78831335.955095693,-11425014.282298349,-0.00019255763346975034,-2.9200876283031439e-05,-0.00017662231148132731,-7.5176593977523132e-05,0.0,0.0,0.0,0.0,0.0,0.0,0.0,0.0,0.0,0.0,0.00054208126176681886,0.0080343132282633314,1.464764858556347e-09
18.0,19,3,8983763.2426342107,-10876891.078569535,9827800.2541399077,-1863592.2715263257,4.6576379715769864e-05,-8.410672571775077e-05,5.2130143251477348e-05,-1.2262437146643222e-05,0.0,0.0,0.0,0.0,0.0,0.0,0.0,0.0,0.0,0.0,0.00014528724550070738,0.0094793306484051744,3.9267532265289263e-10
18.0,19,4,8220319.7232509386,-9913283.09143015,11368751.472319106,-6237330.2696830472,3.8801958574450132e-05,-8.0517147946151398e-05,5.951863948331867e-05,-4.1041633174514449e-05,0.0,0.0,0.0,0.0,0.0,0.0,0.0,0.0,0.0,0.0,0.00054221115319590335,0.0094792647738317515,1.465389748857779e-09
18.0,20,1,-78248301.256940812,-53403977.896851994,-73206451.626052037,-17571234.271055892,-0.00019119702763851568,-2.7721379929131258e-05,-0.00015802165706726756,-0.00011561872150354777,0.0,0.0,0.0,0.0,0.0,0.0,0.0,0.0,0.0,0.0,0.00083257415266309569,0.0080342564007342028,2.2495912207962345e-09
18.0,20,2,-74773685.28341113,-49399397.408438265,-64205236.067334056,-24335074.359073739,-0.00019437310552533539,-2.7410291308013905e-05,-0.00012483270968354822,-0.00016012478928270521,0.0,0.0,0.0,0.0,0.0,0.0,0.0,0.0,0.0,0.0,0.0012293772717228144,0.0080341448275411381,3.3213804810917916e-09
18.0,20,3,6744448.3424481368,-9320516.70770403,14017752.082038639,-9249740.692788396,2.6300609820792e-05,-7.9406860209209248e-05,7.4158948427297504e-05,-6.0863293758547648e-05,0.0,0.0,0.0,0.0,0.0,0.0,0.0,0.0,0.0,0.0,0.00083277055538384106,0.0094791699241621175,2.2505116313268824e-09
18.0,20,4,4107840.1411354486,-8627211.3231219221,18425380.531336006,-13038775.838458052,5.0580933566989927e-06,-7.8738545278114508e-05,9.9267509124218651e-05,-8.5795145017053976e-05,0.0,0.0,0.0,0.0,0.0,0.0,0.0,0.0,0.0,0.0,0.0012296579350347489,0.0094789828399098695,3.3226585143029923e-09
18.0,21,1,-69343999.933438197,-44363357.668091573,-54174205.627429865,-28985502.392396301,-0.00019103064966026706,-2.6658023554286334e-05,-9.1213403126732295e-05,-0.00019072460574196765,0.0,0.0,0.0,0.0,0.0,0.0,0.0,0.0,0.0,0.0,0.0015198432729613286,0.0080340398791598055,4.105725631772938e-09
18.0,21,2,-63930126.709075168,-37316406.134116694,-39147111.620874681,-33271494.610585466,-0.00019883827549248948,-2.3719994109262693e-05,-3.5766036212130248e-05,-0.00021892643453765235,0.0,0.0,0.0,0.0,0.0,0.0,0.0,0.0,0.0,0.0,0.001916597873674641,0.0080338737377061396,5.176610484855234e-09
18.0,21,3,1075391.4736326318,-8223945.3346231524,22799503.075361073,-15510345.360739291,-1.7652423862202745e-05,-7.8842060060525823e-05,0.00012529223047717038,-0.00010205807247366453,0.0,0.0,0.0,0.0,0.0,0.0,0.0,0.0,0.0,0.0,0.0015201795120376534,0.0094788053210861992,4.107170311798416e-09
18.0,21,4,-2530232.8790940754,-6815257.7768724822,30712036.57678242,-18178119.783268481,-5.0408074899328089e-05,-7.8603538726710004e-05,0.00016832605812033927,-0.00011961202817390661,0.0,0.0,0.0,0.0,0.0,0.0,0.0,0.0,0.0,0.0,0.0019169999537115123,0.0094785181620941385,5.178239622285065e-09
18.0,22,1,-55681357.399806269,-29050547.754057854,-24104302.763802115,-35344888.813991442,-0.00019442212318081259,-1.9191395711788013e-05,1.3354896324094735e-05,-0.00023256936839606367,0.0,0.0,0.0,0.0,0.0,0.0,0.0,0.0,0.0,0.0,0.0022070196414353278,0.0080337380711122119,5.960183891932914e-09
18.0,22,2,-48200826.713673003,-17543931.24459751,-2784115.9132615253,-35590719.983066455,-0.00020888581905894772,-7.1634468724310048e-06,8.9956138007759779e-05,-0.00023418693748857724,0.0,0.0,0.0,0.0,0.0,0.0,0.0,0.0,0.0,0.0,0.0026037014370161246,0.0080335468331380229,7.0297643855401145e-09
18.0,22,3,-6237558.9263624363,-6059416.1217809953,37477125.095318839,-19637731.15254188,-8.0827774810001955e-05,-7.9655595155856098e-05,0.00020681484605266081,-0.00012921627098372556,0.0,0.0,0.0,0.0,0.0,0.0,0.0,0.0,0.0,0.0,0.0022074614645450647,0.0094782777558229375,5.961773803816935e-09
18.0,22,4,-9244008.3037685901,-3293740.1710922867,49571075.084053755,-20231828.730355088,-0.00011933823068132208,-8.0185466368312016e-05,0.00026766501801054899,-0.00013312543304573647,0.0,0.0,0.0,0.0,0.0,0.0,0.0,0.0,0.0,0.0,0.0026041864906093774,0.0094779251387155025,7.031310663247806e-09
18.0,23,1,-37466613.213736355,-4696471.0887674429,17432640.529550828,-33764328.474892266,-0.0002074562137851195,8.1713213971759072e-06,0.00015378087584571015,-0.00022216928136479112,0.0,0.0,0.0,0.0,0.0,0.0,0.0,0.0,0.0,0.0,0.002894060459713836,0.0080334063953670775,7.812303544511414e-09
18.0,23,2,-27817547.446507979,13964944.926462773,45573646.845740117,-28451560.717228666,-0.00023315871223262045,4.1770087581527081e-05,0.000249755346210372,-0.00018721126951936462,0.0,0.0,0.0,0.0,0.0,0.0,0.0,0.0,0.0,0.0,0.0032906426306441821,0.0080332311911349846,8.880251685752505e-09
18.0,23,3,-12086737.915886134,-1770003.9869249165,59395143.3349723,-19830054.68163218,-0.00015148140974934553,-8.3597300496780717e-05,0.00031886936888130294,-0.00013048175980513973,0.0,0.0,0.0,0.0,0.0,0.0,0.0,0.0,0.0,0.0,0.0028945688801973513,0.0094776528129892935,7.813561540356556e-09
18.0,23,4,-12078009.536649406,2643708.4794863611,76569656.918290943,-16682301.994359976,-0.00018554716501173517,-8.8678260465561805e-05,0.0003977544802617723,-0.00010976954712288863,0.0,0.0,0.0,0.0,0.0,0.0,0.0,0.0,0.0,0.0,0.0032911763974597633,0.0094772840526844045,8.881208565574444e-09
18.0,24,1,-16255127.476016097,32743281.23869447,70556005.704967201,-20774136.082143914,-0.00024448851075106591,7.7921018591729584e-05,0.00032672874557980415,-0.00013669381542050696,0.0,0.0,0.0,0.0,0.0,0.0,0.0,0.0,0.0,0.0,0.003580917536286473,0.0080331204120446219,9.661497660072948e-09
18.0,24,2,-5375615.6077494472,61368503.845456742,105544502.63238885,-6841136.1143495217,-0.00029060062827374321,0.00014857567772835344,0.00043925374974636668,-4.501467563241985e-05,0.0,0.0,0.0,0.0,0.0,0.0,0.0,0.0,0.0,0.0,0.0039773673359466549,0.0080330141246984042,1.0727523195069352e-08
18.0,24,3,-11443647.889307402,5485126.7504328713,90496347.917480677,-13151748.255460259,-0.00020886896942184043,-9.7477632292349421e-05,0.00046189620298682515,-8.6538503520928501e-05,0.0,0.0,0.0,0.0,0.0,0.0,0.0,0.0,0.0,0.0,0.003581466828370624,0.0094770210686660021,9.661981069460708e-09
18.0,24,4,-4392279.5514773577,12567644.403296158,114402556.91219823,-4127267.6116540991,-0.00022257431583586792,-0.00011097801621345817,0.00055909570809511738,-2.7157420884683972e-05,0.0,0.0,0.0,0.0,0.0,0.0,0.0,0.0,0.0,0.0,0.003977945756604811,0.0094767004171162159,1.07275772731007e-08
18.0,25,1,-657823.02574117621,-224992.88919208082,4982605.7319111209,75932.222114989461,-2.7801425047425191e-05,-2.0299036013907527e-05,6.9966006751881322e-05,1.3161585166598176e-06,-0.00012125252866511369,-9.7497745968756321e-05,0.00021875027463386998,5.3427553080211631e-06,-5.5390601386033288e-05,-4.4987403228037191e-05,0.00010037800461407047,2.3008606061465895e-06,0.00021927049293335346,0.00010060277982187283,0.0041829604985046641,0.00042342414561490538,3.757923931217026e-09
18.0,25,2,-413246.72823260282,-50962.851402772358,5156272.6393033713,20968.222970434985,-2.5931195528037103e-05,-1.9651608329653373e-05,7.0607140175919791e-05,3.6344919815420642e-07,-0.00010869548784102486,-8.9795005351152779e-05,0.00019849049319217761,2.4101271699222484e-06,-5.3457816226696407e-05,-4.4344660392974417e-05,9.7802476619670797e-05,1.2817411718037505e-06,0.00019881305036783858,9.795861236742826e-05,0.004347761652552842,0.00042342886521394216,3.90607843496311e-09
18.0,25,3,-636871.53982294281,73865.810352643486,5099714.6364907045,-127568.8430851625,-2.9185942318345976e-05,-1.6866494915302477e-05,7.0248218071090613e-05,-2.2111932801428164e-06,-0.00012648089969125172,-8.2160569600063567e-05,0.00020864146929131536,-7.8589458337618434e-06,-5.9278101826471182e-05,-3.8569025308389366e-05,9.7847127134860568e-05,-3.5442676659609136e-06,0.00021040513163524355,9.866526196772935e-05,0.0041829088080088724,0.0015802603258376563,3.757932688073653e-09
18.0,25,4,-499768.88236999162,-28274.865937933093,5097846.7005294468,-85738.971457395965,-2.6941872436632617e-05,-1.8769309485143597e-05,7.0083464333624352e-05,-1.4861421719281965e-06,-0.00010816665281508908,-8.0762848496559089e-05,0.00018892950131164818,-5.9122018583760035e-06,-5.4925050524637703e-05,-4.0836991642304743e-05,9.5762042166942446e-05,-3.15668197709973e-06,0.00018972201544628238,9.618331690845464e-05,0.0043477089358181526,0.0015802686430357936,3.906075887990255e-09
18.0,26,1,-297401.70392520051,27503.157312850002,5228415.2914722282,-8997.0271053211291,-2.4989029847476312e-05,-1.9357345586016778e-05,7.0791798072745781e-05,-1.5594846982556624e-07,-0.00010093369526294541,-8.4182951254367026e-05,0.00018511664651731246,1.2267974591531222e-06,-5.2443606985243039e-05,-4.3699452974428335e-05,9.614305995967136e-05,8.7442345247884402e-07,0.00018538147526812814,9.628973576183966e-05,0.0044684060812819823,0.00042343233627267042,4.014532074248942e-09
18.0,26,2,-53770.416978554334,220632.81832229183,5414215.2976687187,-16979.226989346414,-2.3256331357011432e-05,-1.8500008611796771e-05,7.1522087696874635e-05,-2.9430660114867117e-07,-9.1015603798268933e-05,-7.6862473550349118e-05,0.00016787807734861809,2.4649664024774163e-08,-5.1154858586946194e-05,-4.2854717152687922e-05,9.400957573963411e-05,8.6596422728126157e-08,0.0001680796850403314,9.413683151473213e-05,0.0046332112511992046,0.00042343714907192888,4.162688739462004e-09
18.0,26,3,-193649.24767617532,73366.032584133791,5284583.4597492265,-62420.089890231058,-2.4013787938349121e-05,-1.9385523080503755e-05,7.0942245657024534e-05,-1.0819482247640051e-06,-9.4826970109550935e-05,-8.0282071860667876e-05,0.00017510904197021884,-4.8220744891860483e-06,-5.1148118745489026e-05,-4.3143875710104478e-05,9.4291994455593525e-05,-2.9079087534193449e-06,0.000175408740630078,9.447908777475228e-05,0.0044683537644957649,0.0015802744909441668,4.0145364802484814e-09
18.0,26,4,-139266.36338880542,-115039.36547301197,5191585.5361334765,-40185.034954878567,-2.2163069527825928e-05,-2.1743134897285513e-05,7.0238363397226957e-05,-6.9654060588456152e-07,-8.0567446924873347e-05,-7.9018016424918562e-05,0.00015958546334979192,-2.577409349434688e-06,-4.6891036622034448e-05,-4.5833175706937769e-05,9.2724212328972237e-05,-1.6094453284116939e-06,0.00015961758977264348,9.27476367908839e-05,0.00463316092691393,0.0015802823344797166,4.162674446525319e-09
18.0,27,1,-493855.445860415,108499.79959558928,5183417.4089221144,119521.8302599367,-2.7752408112209681e-05,-1.731158385763894e-05,7.0653654704020831e-05,2.0717117245055687e-06,-0.00011840649613796944,-8.3104067911041193e-05,0.00020151056404901064,5.8209121557189656e-06,-5.6170851225211241e-05,-3.9333658215165665e-05,9.5504509440376913e-05,2.5321772383141589e-06,0.00020265518653146656,9.60519963236824e-05,0.0041828708772027705,0.0024271347858818748,3.757937926191626e-09
18.0,27,2,-294690.74714922369,65338.294916593004,5238882.9726675805,76029.363066252859,-2.5146095032326354e-05,-1.8905591636518859e-05,7.0769182777831606e-05,1.3178422931483829e-06,-9.9179882839947733e-05,-8.2633370526151719e-05,0.00018181325336609944,3.9542142411021899e-06,-5.1089752958143018e-05,-4.2894703233918993e-05,9.3984456192062018e-05,2.062771121495976e-06,0.0001821238399063789,9.413761143654099e-05,0.0043476732494676009,0.002427138364531151,3.906085048583637e-09
18.0,27,3,-954462.80460770195,-294223.5973475608,4749196.6968459636,-35482.794943908571,-3.0546063126096305e-05,-1.910191686692053e-05,6.8317368232433901e-05,-6.1503511236108171e-07,-0.00011997607490386565,-8.0844989802727099e-05,0.00020082106470659279,6.907494615915015e-07,-5.7278678023527401e-05,-3.8440949998988646e-05,9.5719628022516054e-05,7.2857602706873552e-07,0.0002021123671035465,9.63685360924069e-05,0.0041828591205611797,0.0035839838325869506,3.757911920319623e-09
18.0,27,4,-447179.07924902858,32675.360106890323,5137744.9509053165,-2705.5864357551227,-2.6644068967369197e-05,-1.832659201853327e-05,7.0161280888639409e-05,-4.689683155308878e-08,-0.00010335413987428633,-7.6537192745152605e-05,0.00017989133261943891,6.3860804419825333e-07,-5.3969499400347727e-05,-3.9574866244728391e-05,9.3544365645076091e-05,3.667146762833222e-07,0.00018056468289909955,9.39216177229483e-05,0.0043476603372746749,0.0035839869860425041,3.906079084479886e-09
18.0,28,1,-276863.47479906515,-88506.936160646146,5153015.9509553183,56920.608095830605,-2.394954905649957e-05,-2.0684702386766961e-05,7.0168360989909768e-05,9.8662387366106358e-07,-8.7894670168620531e-05,-8.1570594124094303e-05,0.00016946526429271485,3.2543149672863612e-06,-4.8062458436797003e-05,-4.4994662695086994e-05,9.305712113188401e-05,1.9330975810004716e-06,0.0001695521785918296,9.310867260017024e-05,0.0044683195703900322,0.0024271409023594228,4.014528415754954e-09
18.0,28,2,-10412.77592525701,-78099.236354652792,5262072.6826255769,43192.99155405748,-2.087473079742047e-05,-2.2047962778196669e-05,7.0515017150794035e-05,7.4867852027032997e-07,-7.3414015893381255e-05,-8.0099256718139727e-05,0.00015351327261152101,1.9895871246358675e-06,-4.3430090387436457e-05,-4.8100416688457498e-05,9.1530507075893982e-05,1.2127178819232342e-06,0.00015358988680751092,9.159355270875901e-05,0.0046331285447430435,0.0024271444956234086,4.162679692183575e-09
18.0,28,3,-382126.98083998403,21873.146275564563,5143967.403021099,11031.405171034467,-2.5758388608386443e-05,-1.8755719738383587e-05,7.0027247378538985e-05,1.9121102296459734e-07,-9.4089050841823197e-05,-7.328149687267139e-05,0.00016737054771449463,8.7058770313559668e-07,-5.1895750778331984e-05,-4.0230678943094026e-05,9.2126429721426051e-05,4.5172420473491414e-07,0.00016780609697454024,9.237630761846056e-05,0.0044683054213819958,0.0035839891504755744,4.014528331568223e-09
18.0,28,4,-21611.991341936169,209602.30423655058,5391162.1873749001,14352.338709322219,-2.269121785100496e-05,-1.8683503394311191e-05,7.113020124675356e-05,2.4877387096158519e-07,-8.0662813380674725e-05,-6.9701466602359834e-05,0.00015036427998303459,1.1162992885337233e-06,-4.8656449246595561e-05,-4.1889269425934469e-05,9.0545718672530051e-05,7.5467741147290608e-07,0.0001505042709023042,9.063574253722554e-05,0.0046331122426598193,0.0035839921629973563,4.162688696720668e-09
18.0,29,1,-419591.97507715924,122400.38872880721,5217643.325398406,-28215.920752059497,-2.6954734524204331e-05,-1.7560200218234256e-05,7.0757344017372207e-05,-4.8907595970236484e-07,-0.00011076222330507058,-8.1907785231550504e-05,0.00019267000853662113,-4.2753190561190268e-06,-5.3897871548630984e-05,-4.0105892664622711e-05,9.4003764213253742e-05,-2.5512773271862131e-06,0.00019347486920094975,9.442257821158088e-05,0.0041828280548152725,0.0044308556550587989,3.757940379173403e-09
18.0,29,2,-367236.12363459892,-12041.254015331389,5149667.6821353929,-65581.328707513036,-2.5446987360941552e-05,-1.9290276287540931e-05,7.0179345272404953e-05,-1.1367430309302256e-06,-9.505169145939031e-05,-7.9333590756449531e-05,0.00017438528221583983,-3.9117000060566102e-06,-5.0137571931750845e-05,-4.2308779933997325e-05,9.2446351865748156e-05,-2.0607090166100722e-06,0.00017468305606271276,9.259575058681517e-05,0.0043476317036788507,0.0044308605126082388,3.906080066709357e-09
18.0,29,3,-446518.62053116807,150934.97563418048,5202970.3033994008,32342.089918601258,-2.7369202723216565e-05,-1.7013340389683845e-05,7.055527195824659e-05,5.6059622525575487e-07,-0.0001104237663333664,-7.6439301984785815e-05,0.00018686306831815227,4.7877645507252775e-06,-5.5148060710543595e-05,-3.7913509612103962e-05,9.3061570322647584e-05,2.9370577098160244e-06,0.00018800606674479833,9.369846821665297e-05,0.0041827989792161454,0.0055877088646455733,3.757940117318503e-09
18.0,29,4,-654292.41622804664,-198420.99807529594,4898638.7117577493,70297.9007370537,-2.752476973777044e-05,-1.9622998489789422e-05,6.8726036480650036e-05,1.2184969461089306e-06,-9.6808929938240764e-05,-7.3068876286904488e-05,0.00016987780622514532,4.1104891939238859e-06,-5.2345366614417699e-05,-3.9234427130988704e-05,9.1579793745406423e-05,2.2289464570443318e-06,0.0001704992818931289,9.193368753025345e-05,0.0043476020210077146,0.0055877126122340273,3.906064974374136e-09
18.0,30,1,-225123.81740560452,-33916.077380010858,5190233.3356960304,-71382.837316810546,-2.3626919932005467e-05,-2.0312652438228499e-05,7.0239270721756173e-05,-1.2373025134913821e-06,-8.4663216995043854e-05,-7.7106339362478037e-05,0.00016176955635752188,-3.5961611114245147e-06,-4.7764099201292714e-05,-4.3734268579080158e-05,9.1498367780372872e-05,-1.9747942968812689e-06,0.00016188287783332653,9.15599023705081e-05,0.0044682785355353079,0.0044308639331497677,4.014531489234137e-09
18.0,30,2,-74094.680566472467,-70851.387111837277,5220882.8075542552,-57001.908969872777,-2.1588054755989311e-05,-2.1531837669442282e-05,7.0191555038103307e-05,-9.8803308881112793e-07,-7.3022080311792989e-05,-7.4077968114748499e-05,0.0001471000484265415,-2.797388286201348e-06,-4.4315390989267599e-05,-4.5141959986846574e-05,8.9457350976114187e-05,-1.7679367809901043e-06,0.00014713862527572863,8.94838683155099e-05,0.0046330877277905459,0.0044308685283873279,4.1626775248393185e-09
18.0,30,3,1218.2735120065045,247124.97575437347,5430139.6378557449,66661.408911537219,-2.2692814807613727e-05,-1.8430431968746043e-05,7.1408488841011105e-05,1.1554644211333118e-06,-8.3111174864997141e-05,-7.2464556256466239e-05,0.00015557573112146339,3.4140419716748063e-06,-4.8010613000415656e-05,-4.1817897052797796e-05,8.9828510053213445e-05,1.9884258351929585e-06,0.00015574755800089739,8.99316714442397e-05,0.0044682486229018579,0.0055877154501869537,4.0145474893567535e-09
18.0,30,4,-294373.49981252686,-192871.30445642257,5041510.8833744787,42332.96792198551,-2.3319538313172583e-05,-2.1560166927000126e-05,6.9169124328735527e-05,7.3377144398108219e-07,-7.3094015846053475e-05,-7.0056695261168524e-05,0.00014315071110722197,2.23475537494738e-06,-4.4930187734508716e-05,-4.3039452714546988e-05,8.7969640449055725e-05,1.4603481313539296e-06,0.00014318638710271938,8.799488366576797e-05,0.0046330578005563732,0.0055877191535349292,4.162665943272871e-09
18.0,31,1,-871387.76154179079,-298045.13103148853,4760282.0802238518,12643.659471716723,-2.9467451283993343e-05,-1.952951235514809e-05,6.8148159306611169e-05,2.1915676417642317e-07,-0.00010645057934514159,-7.6708297280604496e-05,0.00018315887662574606,-2.8405100134471902e-06,-5.3353230980529512e-05,-3.8622320900201259e-05,9.1975551880730757e-05,-2.0959293071863106e-06,0.00018402823027926618,9.247157910433643e-05,0.0041827688743700771,0.0064345826872356906,3.757913730909922e-09
18.0,31,2,-221262.33832268463,157694.16735083982,5284807.431280409,-23164.4065890005,-2.472017090549413e-05,-1.8151591473819703e-05,7.0718371767626174e-05,-4.0151638087600858e-07,-9.0185793580251688e-05,-7.2915880897269912e-05,0.0001631016744775216,-2.2849288642632168e-06,-4.9524099338513464e-05,-4.0216655846682927e-05,8.9740755185196405e-05,-1.415268104902036e-06,0.00016343111184820297,8.992662876879913e-05,0.0043475732276521363,0.0064345904279584339,3.906089458998612e-09
18.0,31,3,-821361.95501138479,496714.73122796929,5085683.0997498604,-109756.96426304571,-3.3281084057396435e-05,-1.0434421495914308e-05,6.9107696891798433e-05,-1.902454047226125e-06,-0.00013167237426726063,-4.8898693858012575e-05,0.00018057106812527322,-4.4902696062348772e-06,-6.687908665948961e-05,-2.216435896511946e-05,8.904344562460908e-05,-1.782729574435487e-06,0.00018703874330802423,9.32301445357157e-05,0.0041827497994098763,0.0075914674687686352,3.7579371841064254e-09
18.0,31,4,-412272.06631502882,279673.61594265513,5211979.0034152027,-193713.25043283845,-2.7463571361631826e-05,-1.5469846202498637e-05,7.0023447180358881e-05,-3.3576963408358664e-06,-9.7087105167245017e-05,-6.2535015026663301e-05,0.00015962212019390832,-1.0945291484660027e-05,-5.4282994835980277e-05,-3.4165122683587053e-05,8.8448117519567351e-05,-6.9051749026220451e-06,0.00016138531356807984,8.96872955546657e-05,0.0043475494590276154,0.0075914595354417934,3.906086503731475e-09
18.0,32,1,-520119.78841934423,-184259.19632371352,4947107.350589864,-17925.584198425775,-2.5986323129322536e-05,-2.0164739532998271e-05,6.877894728017044e-05,-3.1071012610604682e-07,-8.4323315548687358e-05,-6.9087658929856111e-05,0.00015341097447854347,-1.869446658480665e-06,-4.8510765203056316e-05,-3.9767791596579045e-05,8.8278556799635367e-05,-1.2778580668273657e-06,0.0001536820063130808,8.844167669205039e-05,0.0044682202752989392,0.006434595815742062,4.014516748649332e-09
18.0,32,2,125320.39523547422,294011.68526963773,5481728.234240571,11209.56854125835,-2.1432021074901184e-05,-1.8508038714309027e-05,7.141238146785386e-05,1.9429918804847808e-07,-7.2063370001306643e-05,-6.4932527403562196e-05,0.00013699589740486884,-3.8642585915722135e-07,-4.5089376267860715e-05,-4.063324669314527e-05,8.5722622961005999e-05,-4.0451648621418031e-07,0.00013706083092798648,8.576768808789628e-05,0.0046330292676146825,0.0064346033316885903,4.162695843404207e-09
18.0,32,3,-395194.4819627183,-194933.56565566175,4988859.4276715359,-198995.59307696554,-2.4444963207566406e-05,-2.0973773991577421e-05,6.8878637892760667e-05,-3.4492569466674027e-06,-7.6938398578743782e-05,-7.1551400087501845e-05,0.00014848979866624571,-1.006168528012729e-05,-4.4982477898734323e-05,-4.277744272146802e-05,8.7759920620202384e-05,-6.5596870354670554e-06,0.0001489961827667026,8.816033414396758e-05,0.0044681964145240243,0.0075914528522161052,4.0145200887932015e-09
18.0,32,4,48073.265270557953,-527635.57873546751,5004541.790764383,-122909.7057983819,-1.7266647977841557e-05,-2.7245601273946015e-05,6.8645473130718093e-05,-2.130434900505286e-06,-5.1456285346604638e-05,-8.3215187950690773e-05,0.00013467147329729545,-5.1963977378895367e-06,-3.1535720611192905e-05,-5.5031348745515751e-05,8.6567069356708703e-05,-3.5682257969198477e-06,0.0001361346736168616,8.79411772706912e-05,0.0046330095917090971,0.0075914457672536613,4.162665293084443e-09
18.0,33,1,-205635.46699908609,1303650.5338336809,5806663.3636345789,9866.1192924436928,-3.118306181652754e-05,-5.0221044687595703e-06,7.3030117914456042e-05,1.7101273440235728e-07,-0.00015368650590314128,-4.5155826549922395e-05,0.00019884233245306369,-3.4501772529141783e-07,-7.2966467250047985e-05,-1.8720819805841634e-05,9.1687287055889589e-05,-8.0103491608411435e-07,0.0002088602319139588,9.760800457876359e-05,0.0041828536898602482,0.0084384022122228081,3.757980147947139e-09
18.0,33,2,-344483.9278526376,279736.17136493744,5298417.6213901211,-16358.526185259549,-2.6905734209055401e-05,-1.6085919155950763e-05,7.0904559311152417e-05,-2.8354778721116535e-07,-0.00010690096614268508,-7.0970647264592909e-05,0.00017787161340727798,1.0108270987867904e-06,-5.5849672759578122e-05,-3.6664378249761624e-05,9.2514051009339739e-05,7.1922547684959143e-07,0.00017910334188078004,9.319807849608298e-05,0.0043476503082971654,0.008438355094227282,3.9060897179590225e-09
18.0,33,3,-810619.18373634852,586378.43584769708,5401488.7630348504,80151.646409375826,-3.4759724578681509e-05,-1.0545099172558051e-05,7.2916813165352631e-05,1.3892952044291805e-06,-0.00022841621767680803,-8.2942764773278281e-05,0.00031135898245008648,1.0900876581733516e-05,-8.8212897311198843e-05,-3.0118395289176404e-05,0.00011833129260037525,4.6177977894611946e-06,0.0003232454877538228,0.00012349858756022564,0.004183435345022633,0.0095953006317204444,3.757945525978938e-09
18.0,33,4,-465002.94646152342,232169.83146675746,5409824.3324509934,205226.85968412689,-2.8768015941824649e-05,-1.6683687791067788e-05,7.306232355932568e-05,3.5572655678581985e-06,-0.00017052489217685732,-0.00011151039966726778,0.00028203529184412513,2.1261809125280467e-05,-7.0618610587907255e-05,-4.6049830719195228e-05,0.00011666844130710248,9.3464358514089464e-06,0.00028523921671272373,0.00011809048683539981,0.0043482176086015066,0.0095951925357797025,3.906088537203805e-09
18.0,34,1,38237.541040668963,-90565.650007239776,5301071.4673830159,-21658.805612532131,-2.0332189388960861e-05,-2.2564778033791279e-05,7.0890265334306536e-05,-3.7541929728389019e-07,-7.6394846267868554e-05,-8.7708936396121675e-05,0.00016410378266399028,1.6802807043286673e-07,-4.2329787898257692e-05,-5.0335587777861497e-05,9.2665375676119236e-05,1.1365984714194337e-07,0.00016426764390957483,9.285706556437116e-05,0.0044682970888887171,0.008438320520096269,4.014538288248786e-09
18.0,34,2,-226646.39151249803,-1356135.3338775572,4436899.8102036966,18726.351833150089,-1.5345009792137881e-05,-3.4922818126465569e-05,6.5489791037609543e-05,3.2459009844126828e-07,-4.3430324909258626e-05,-0.00011097171648525827,0.00015440204139451693,1.4490001164532037e-06,-2.2807545691260679e-05,-6.937492086478318e-05,9.2182466556043846e-05,7.9486543528999463e-07,0.00015955279804107458,9.68379139522313e-05,0.0046331124006447118,0.0084382737276819837,4.162628198653964e-09
18.0,34,3,-353908.04868194321,-151695.54957547341,5264027.355852576,214342.49330347544,-2.5168101207534307e-05,-2.1663084556355511e-05,7.2209445804397357e-05,3.7152698839269072e-06,-0.00013773666965394217,-0.00012705499646862174,0.00026479166612256391,2.0751203240903851e-05,-5.9537582578047696e-05,-5.5879964179952063e-05,0.00011541754675799975,9.6116700374660742e-06,0.0002660395631504593,0.0001160573040229392,0.0044688545849911436,0.0095951190734935611,4.014527790094073e-09
18.0,34,4,-24220.73754534102,-603516.04273486324,5155132.0467212591,81351.709869668848,-1.8529407183216799e-05,-2.857052580650184e-05,7.1246041077404257e-05,1.4100963044075933e-06,-9.7147674417742894e-05,-0.00014774712263601717,0.00024489479705376002,7.1779978815870785e-06,-4.4109346810529345e-05,-6.9265484337219902e-05,0.00011337483114774923,3.5733164825742638e-06,0.0002468849342685834,0.00011449256613151851,0.0046336565516661805,0.0095950169542265446,4.162665346718453e-09
19.0,1,1,-85154338.971553624,-168214319.54401317,-84290399.142263755,-8232.1002974938347,-2.6814239333450642e-05,-0.00057334891150023434,-2.1129515256723227e-05,-5.4167219957509428e-08,0.0,0.0,0.0,0.0,0.0,0.0,0.0,0.0,0.0,0.0,0.0001452882894195053,0.00052866966753350834,3.925204200446687e-10
19.0,1,2,-82743913.187431484,-161062034.08776656,-79519570.802451164,-82727.128682303417,-3.3600630210613414e-05,-0.00054893386573481818,-1.2384457317442975e-05,-5.4434450672955647e-07,0.0,0.0,0.0,0.0,0.0,0.0,0.0,0.0,0.0,0.0,0.00054221485663686134,0.00052866979349406511,1.464838100630773e-09
19.0,1,3,-86028782.945848241,-166982915.30938974,-85165769.589485765,-121885.65524220158,-3.1748992589017891e-05,-0.00056442718354112094,-2.6070364704152802e-05,-8.0200761149368636e-07,0.0,0.0,0.0,0.0,0.0,0.0,0.0,0.0,0.0,0.0,0.00014528706921766797,0.001973027450026834,3.9251597403275317e-10
19.0,1,4,-83569246.571787357,-159869044.92201504,-80348362.654216945,-370163.20014135877,-3.8302728888490262e-05,-0.00054035540203298846,-1.7109312710876868e-05,-2.4356738569301407e-06,0.0,0.0,0.0,0.0,0.0,0.0,0.0,0.0,0.0,0.0,0.00054221031188283304,0.0019730273848359322,1.4648207870401638e-09
19.0,2,1,-80657090.025122061,-152355196.67116386,-72888424.972875148,-84060.388655007177,-4.740052792802872e-05,-0.00051917406965898362,3.7172881157560203e-06,-5.5311735734994723e-07,0.0,0.0,0.0,0.0,0.0,0.0,0.0,0.0,0.0,0.0,0.00083277574018279202,0.0005286699950213322,2.2497152999908407e-09
19.0,2,2,-76096335.075924397,-135685870.96915352,-60752916.446960554,-136601.67214344398,-7.010839126216164e-05,-0.00046220753743960954,3.0851303316420381e-05,-8.988390027038613e-07,0.0,0.0,0.0,0.0,0.0,0.0,0.0,0.0,0.0,0.0,0.0012296632462360712,0.00052867045998375428,3.3216324851555373e-09
19.0,2,3,-81421061.60896121,-151238160.00617948,-73664690.444841266,-590104.13811730745,-5.1758804332193306e-05,-0.00051115531178588943,-7.2188207228401608e-07,-3.8828852288118827e-06,0.0,0.0,0.0,0.0,0.0,0.0,0.0,0.0,0.0,0.0,0.00083276877740719971,0.0019730273235891299,2.2496870796079256e-09
19.0,2,4,-76777329.165253937,-134754689.68710089,-61449757.008009478,-801636.52597241767,-7.388362004799538e-05,-0.00045537465228174813,2.6971804746673217e-05,-5.2747683408985078e-06,0.0,0.0,0.0,0.0,0.0,0.0,0.0,0.0,0.0,0.0,0.0012296530089193523,0.0019730273720025013,3.3215854533196165e-09
19.0,3,1,-72083441.134162039,-119722923.40013263,-48818728.674692437,-123918.93874455887,-9.4121395392586594e-05,-0.00040758918870267304,5.8960412590723371e-05,-8.1538661693919734e-07,0.0,0.0,0.0,0.0,0.0,0.0,0.0,0.0,0.0,0.0,0.0015201836014158959,0.00052867096688914716,4.106084181640133e-09
19.0,3,2,-65068730.143008925,-92726240.543135062,-28895521.099508144,-187077.92305098887,-0.00013318126731966842,-0.00031516768575249823,0.00010483844818656675,-1.2309727336755067e-06,0.0,0.0,0.0,0.0,0.0,0.0,0.0,0.0,0.0,0.0,0.0019169986516097473,0.00052867197560151817,5.177233071183156e-09
19.0,3,3,-72625749.664522752,-118925546.05962424,-49390313.309586078,-923178.41387891094,-9.7189690519261434e-05,-0.00040184235079902928,5.5699480696221878e-05,-6.0745139633232337e-06,0.0,0.0,0.0,0.0,0.0,0.0,0.0,0.0,0.0,0.0,0.001520171003648186,0.001973027619963378,4.106019877955471e-09
19.0,3,4,-65488747.945248336,-92193002.873919547,-29297907.611450709,-1006131.0808953966,-0.00013548810115935668,-0.00031120209859001317,0.00010264762823703166,-6.6203425122917097e-06,0.0,0.0,0.0,0.0,0.0,0.0,0.0,0.0,0.0,0.0,0.0019169827823682835,0.0019730285803362712,5.177135770036497e-09
19.0,4,1,-59150081.774323538,-69254567.303257406,-11457585.951774575,-144221.2285111052,-0.00016822520672866715,-0.00023471272150905198,0.000145591415783705,-9.4897568360307224e-07,0.0,0.0,0.0,0.0,0.0,0.0,0.0,0.0,0.0,0.0,0.0022074532820832828,0.00052867299086152412,5.960992100160109e-09
19.0,4,2,-49660180.462358907,-32076257.660931546,15946007.400608286,-160058.9920427,-0.00022281510690048376,-0.00010711289486709176,0.00020887360923784034,-1.053188167640966e-06,0.0,0.0,0.0,0.0,0.0,0.0,0.0,0.0,0.0,0.0,0.002604161703205403,0.0005286748691823599,7.03101973828087e-09
19.0,4,3,-59438122.915554322,-68879417.908691436,-11649705.913069032,-994010.19130818069,-0.00016995459893938999,-0.00023207831999423235,0.00014449318493696314,-6.5405870588078288e-06,0.0,0.0,0.0,0.0,0.0,0.0,0.0,0.0,0.0,0.0,0.002207434920998098,0.0019730299391758554,5.960861842353427e-09
19.0,4,4,-49747256.089958906,-31891659.360709865,16124352.09499868,-1030904.3998780752,-0.00022382393496997083,-0.00010633410849151216,0.00020961124688705004,-6.7833509511977345e-06,0.0,0.0,0.0,0.0,0.0,0.0,0.0,0.0,0.0,0.0,0.0026041395318576531,0.0019730331140305874,7.030828167631031e-09
19.0,5,1,-41845702.502274625,-1270723.5127641335,38662390.411082193,-180408.68909738277,-0.00026830734621071566,-1.3239844597366074e-06,0.00026143590515917219,-1.1870891742607785e-06,0.0,0.0,0.0,0.0,0.0,0.0,0.0,0.0,0.0,0.0,0.0028945260621069937,0.00052867672476400863,7.813842335836716e-09
19.0,5,2,-29978558.916023113,45678387.673766777,73032985.772663385,-569268.37569823558,-0.00033745676462547522,0.00016036594393534226,0.00034035919942608192,-3.7457859120943903e-06,0.0,0.0,0.0,0.0,0.0,0.0,0.0,0.0,0.0,0.0,0.0032910953348241232,0.00052868005826702219,8.882434553432416e-09
19.0,5,3,-42090153.385702968,-1291057.7065699473,39102755.645347655,-766238.51325610734,-0.00027019324967178358,-1.7352001030883514e-06,0.00026405609175252944,-5.041849417225186e-06,0.0,0.0,0.0,0.0,0.0,0.0,0.0,0.0,0.0,0.0,0.0028945005226889199,0.0019730367025867879,7.813576609856463e-09
19.0,5,4,-29843404.214449711,45748456.731683105,74263107.927073717,-469048.96281056985,-0.0003388352932330843,0.00015855915179246956,0.00034618555665813982,-3.0863421752935496e-06,0.0,0.0,0.0,0.0,0.0,0.0,0.0,0.0,0.0,0.0,0.00329106382536934,0.001973043862848006,8.882047637362855e-09
19.0,6,1,-20374418.476744346,83551435.77979508,100591927.69350594,-138076.81415882049,-0.0003928186066715373,0.00029101351433649208,0.00040313995112870954,-9.0854543716503869e-07,0.0,0.0,0.0,0.0,0.0,0.0,0.0,0.0,0.0,0.0,0.0035813464190945837,0.00052868386936143989,9.664118458904073e-09
19.0,6,2,-6200309.5247704163,139991493.87784418,141253354.45232189,-28673.565366670438,-0.00047536840798551445,0.00048657365840368961,0.00049487670098375281,-1.8867206011269148e-07,0.0,0.0,0.0,0.0,0.0,0.0,0.0,0.0,0.0,0.0,0.0039777466637998969,0.00052869111429435108,1.0731043316554803e-08
19.0,6,3,-20667845.839398474,83083072.37399511,102230463.77434006,-212526.36138370726,-0.00039613461631136194,0.00028654642553276776,0.00041253626094703771,-1.3984234579047937e-06,0.0,0.0,0.0,0.0,0.0,0.0,0.0,0.0,0.0,0.0,0.0035813092318359059,0.0019730511410808753,9.663560597614982e-09
19.0,6,4,-6302934.4821031466,138753351.10615516,143981786.60629961,-686825.26114057982,-0.00047823618999619423,0.00047623416917454532,0.00051063727476549582,-4.5193102183050154e-06,0.0,0.0,0.0,0.0,0.0,0.0,0.0,0.0,0.0,0.0,0.0039776988230974227,0.0019730644860823988,1.0730176177111132e-08
19.0,7,1,-87978523.136712089,-164982922.94201005,-87127327.688781977,-218317.25325312556,-4.155841968690903e-05,-0.00054824737040576961,-3.595755363952889e-05,-1.4365275264055662e-06,0.0,0.0,0.0,0.0,0.0,0.0,0.0,0.0,0.0,0.0,0.00014528529546358287,0.003030376501764544,3.925118599732495e-10
19.0,7,2,-85428307.489629537,-157974462.67764974,-82251529.78984113,-835228.00357996952,-4.7584469349512113e-05,-0.00052493817048668507,-2.6681272084904375e-05,-5.4958002635561989e-06,0.0,0.0,0.0,0.0,0.0,0.0,0.0,0.0,0.0,0.0,0.0005422038074370365,0.0030303757409306476,1.4648050999058347e-09
19.0,7,3,-91652154.199611425,-156457745.36909443,-90832314.509676114,-741803.73793822399,-6.7542476389599682e-05,-0.00049396326628479775,-6.2147931229825321e-05,-4.881068595633514e-06,0.0,0.0,0.0,0.0,0.0,0.0,0.0,0.0,0.0,0.0,0.00014528107133094227,0.0044747953679119355,3.9250929111138365e-10
19.0,7,4,-88990865.197462499,-149888286.58876786,-85931104.452421606,-2249161.509565094,-7.2359688142233141e-05,-0.00047306472089702245,-5.2226462439863987e-05,-1.4799482732938319e-05,0.0,0.0,0.0,0.0,0.0,0.0,0.0,0.0,0.0,0.0,0.00054218834864880089,0.0044747909743118085,1.4647943399361424e-09
19.0,8,1,-83249150.994289652,-149549212.41412586,-75569066.19914028,-1192466.3684096986,-6.0558874762487779e-05,-0.0004968132789050099,-1.0023916810404942e-05,-7.8464287041358157e-06,0.0,0.0,0.0,0.0,0.0,0.0,0.0,0.0,0.0,0.0,0.00083275890352094346,0.0030303746783369675,2.2496613787288366e-09
19.0,8,2,-78366980.574378118,-133314672.22600865,-63237292.481471322,-1610464.6264128517,-8.1282798634072257e-05,-0.00044283860970180112,1.8270549017254513e-05,-1.0596857241796564e-05,0.0,0.0,0.0,0.0,0.0,0.0,0.0,0.0,0.0,0.0,0.0012296388561757543,0.0030303729623896024,3.3215456295729376e-09
19.0,8,3,-86430108.137512922,-142004653.89190626,-79151684.845203474,-3528931.2653497593,-8.272352548293119e-05,-0.00044840403654683946,-3.4831500219535002e-05,-2.3220367726001414e-05,0.0,0.0,0.0,0.0,0.0,0.0,0.0,0.0,0.0,0.0,0.00083273569864264203,0.0044747847440234148,2.24964397408491e-09
19.0,8,4,-81353973.767262608,-127141167.65654221,-66888214.060063042,-4623135.2883674167,-0.0001002034457240767,-0.00040148318151553655,-5.0187468507036042e-06,-3.0420230197457599e-05,0.0,0.0,0.0,0.0,0.0,0.0,0.0,0.0,0.0,0.0,0.00122960625147719,0.004474773185525833,3.3215106382943755e-09
19.0,9,1,-74234376.880440056,-117833623.89649382,-51188893.133792028,-1811644.9822334137,-0.00010411630749434862,-0.00039099935285998234,4.7522975558595349e-05,-1.1920623983095861e-05,0.0,0.0,0.0,0.0,0.0,0.0,0.0,0.0,0.0,0.0,0.0015201539104213275,0.0030303715762311626,4.105964596373334e-09
19.0,9,2,-66772771.46925851,-91407673.25466086,-30919579.45014232,-1939199.3633628264,-0.00014058679807270354,-0.00030268445182065094,9.5327205413080999e-05,-1.2759931810927396e-05,0.0,0.0,0.0,0.0,0.0,0.0,0.0,0.0,0.0,0.0,0.0019169619955593808,0.0030303702752770682,5.177060852814227e-09
19.0,9,3,-76370527.729472384,-112583647.68032755,-54574732.720713995,-5438044.1378235789,-0.00011774239761371628,-0.00035602472689034325,2.5673933543913935e-05,-3.5782330426879147e-05,0.0,0.0,0.0,0.0,0.0,0.0,0.0,0.0,0.0,0.0,0.0015201155963032002,0.0044747628157099286,4.105921210325401e-09
19.0,9,4,-68767021.338754594,-88236428.006357208,-34456636.374566682,-5758556.2124485336,-0.00014998006497191318,-0.00027808876084473841,7.5782268092443197e-05,-3.7891299877911349e-05,0.0,0.0,0.0,0.0,0.0,0.0,0.0,0.0,0.0,0.0,0.0019169177469364289,0.0044747477697856114,5.176983422451794e-09
19.0,10,1,-60733972.335500933,-68502891.4945409,-13256596.711161152,-1940917.1304737595,-0.00017448987031249541,-0.00022560935837897834,0.00013791126129566029,-1.2771234718517336e-05,0.0,0.0,0.0,0.0,0.0,0.0,0.0,0.0,0.0,0.0,0.0022074116620923226,0.0030303697818277698,5.960763414477542e-09
19.0,10,2,-50800898.988434754,-31932068.192160904,14682854.807541117,-1629044.1198858337,-0.00022675073779447453,-0.00010259383115499255,0.00020413236218304673,-1.0719110308848785e-05,0.0,0.0,0.0,0.0,0.0,0.0,0.0,0.0,0.0,0.0,0.0026041130803739834,0.0030303706711267506,7.0306966829698206e-09
19.0,10,3,-61569797.046403721,-66375393.118596166,-16391142.429819375,-5875110.8027739776,-0.00017707785906552199,-0.00020869868122054834,0.00012019768831160292,-3.8658229082252769e-05,0.0,0.0,0.0,0.0,0.0,0.0,0.0,0.0,0.0,0.0,0.0022073646478428357,0.0044747366744935218,5.96067909454557e-09
19.0,10,4,-51653251.382670879,-31993219.854153987,11358306.234496333,-5358893.9196108114,-0.00022566309339429525,-9.6300085936654124e-05,0.0001889529557266649,-3.5261521991039138e-05,0.0,0.0,0.0,0.0,0.0,0.0,0.0,0.0,0.0,0.0,0.002604064357333217,0.0044747234378297949,7.0305673866903e-09
19.0,11,1,-42752859.940799616,-1608406.9125775918,37897430.245802023,-1546958.0834485628,-0.00027110095657049266,-3.7045564479175804e-07,0.00025957795285734607,-1.0178984189091542e-05,0.0,0.0,0.0,0.0,0.0,0.0,0.0,0.0,0.0,0.0,0.0028944720937691751,0.003030372383650011,7.813419934109167e-09
19.0,11,2,-30590326.263716549,44690728.819267698,73096931.998483941,-1086904.2286781201,-0.00033905613541063037,0.00015629320703540602,0.0003432060239546489,-7.1518298247020299e-06,0.0,0.0,0.0,0.0,0.0,0.0,0.0,0.0,0.0,0.0,0.0032910328369202134,0.0030303770575829891,8.881827581451753e-09
19.0,11,3,-42691554.928574502,-2548617.1119755544,34896074.09303537,-4716647.9962562714,-0.00026456675667294705,-4.2622583972593727e-07,0.00024595984228924597,-3.1035543815366264e-05,0.0,0.0,0.0,0.0,0.0,0.0,0.0,0.0,0.0,0.0,0.0028944235436026318,0.0044747157349032413,7.813290185530957e-09
19.0,11,4,-30811545.08487194,42236813.226825692,69847601.797337353,-3321073.2836214113,-0.00033115110116253729,0.00014950709652843312,0.00033118608532239978,-2.1852662206228885e-05,0.0,0.0,0.0,0.0,0.0,0.0,0.0,0.0,0.0,0.0,0.0032909860911406147,0.0044747093884650686,8.881672564223963e-09
19.0,12,1,-20593738.516918428,82340897.83118248,101681609.36171524,-874923.15202004171,-0.00039372425394937051,0.00028358565322113337,0.00041084753509203903,-5.7569943402918743e-06,0.0,0.0,0.0,0.0,0.0,0.0,0.0,0.0,0.0,0.0,0.0035812765945601919,0.0030303817348606168,9.663323720006749e-09
19.0,12,2,-6017355.8012125045,138415995.37444001,144009795.81130421,639681.18514712458,-0.00047631952907953832,0.00047405192165625524,0.00051085912853082141,4.2091021982680798e-06,0.0,0.0,0.0,0.0,0.0,0.0,0.0,0.0,0.0,0.0,0.0039776637822466782,0.0030303902883236479,1.0729884992061042e-08
19.0,12,3,-20615154.443954259,79260385.364604011,98316391.62202774,-2148188.9379622857,-0.00038364707985864946,0.00027353397208166393,0.00039892249325551208,-1.413508321179184e-05,0.0,0.0,0.0,0.0,0.0,0.0,0.0,0.0,0.0,0.0,0.0035812320820670937,0.004474708873164833,9.663194113184138e-09
19.0,12,4,-7005707.1416931301,134308063.08671442,139747410.7856454,-1566871.7274226102,-0.00046803618442679411,0.00046180842367612751,0.00049759933153509326,-1.0310015966440775e-05,0.0,0.0,0.0,0.0,0.0,0.0,0.0,0.0,0.0,0.0,0.0039776234258063915,0.0044747133364765853,1.0729800462280036e-08
19.0,13,1,-96539801.973084882,-143821789.175199,-95770933.286373466,-1236015.1819526048,-0.00010414250837613991,-0.00041525798416605072,-9.908335241757883e-05,-8.1329798972481393e-06,0.0,0.0,0.0,0.0,0.0,0.0,0.0,0.0,0.0,0.0,0.0001452756997294308,0.0055322399196086223,3.925112742585429e-10
19.0,13,2,-93645269.450416088,-137767963.27089587,-90775682.51861234,-4518265.1919029327,-0.00010712738690465745,-0.00039745471224341436,-8.8245504893388836e-05,-2.9730184962721295e-05,0.0,0.0,0.0,0.0,0.0,0.0,0.0,0.0,0.0,0.0,0.0005421687986939223,0.0055322303146556262,1.4648012332055795e-09
19.0,13,3,-95977716.680908203,-108538121.12735865,-95316753.425745368,-2385517.0018031658,-0.0001577978816106367,-0.00024044534286828058,-0.00015344874339166516,-1.569670187186483e-05,0.0,0.0,0.0,0.0,0.0,0.0,0.0,0.0,0.0,0.0,0.00014526820551577055,0.0069769378233847995,3.9254076301753083e-10
19.0,13,4,-92645931.370777741,-103646528.48798145,-90178833.727528617,-8469010.3068852704,-0.00015698558455338281,-0.00022936951358458322,-0.00014075208206080353,-5.5726087819305072e-05,0.0,0.0,0.0,0.0,0.0,0.0,0.0,0.0,0.0,0.0,0.00054214188221613337,0.0069769135112279328,1.4649100700008507e-09
19.0,14,1,-90884272.336195946,-130776908.85882665,-84062667.432549924,-6689964.5769962333,-0.00011497483114060469,-0.00037746837945951481,-7.0088670874613902e-05,-4.4019966916635212e-05,0.0,0.0,0.0,0.0,0.0,0.0,0.0,0.0,0.0,0.0,0.00083270630661864324,0.0055322164933828697,2.2496514195176727e-09
19.0,14,2,-85220445.689814821,-117521103.19716641,-71752870.800015897,-9232862.9446039479,-0.00012704934953352605,-0.00033958767593189951,-3.8432706758649157e-05,-6.0752238175493973e-05,0.0,0.0,0.0,0.0,0.0,0.0,0.0,0.0,0.0,0.0,0.001229565117642053,0.0055321902139464051,3.321515677989651e-09
19.0,14,3,-90961306.267454013,-99166086.010904908,-84473079.276601702,-12674649.094632611,-0.00016465665018300962,-0.00021864410089491649,-0.00012196411658320139,-8.3399191042682574e-05,0.0,0.0,0.0,0.0,0.0,0.0,0.0,0.0,0.0,0.0,0.0008326655677435089,0.0069768785747221203,2.2498001699822003e-09
19.0,14,4,-84149449.51728785,-89336516.416656911,-72397392.51401028,-17672610.530177049,-0.00016520767147598501,-0.00019933857167383346,-8.7879136394418766e-05,-0.00011628577728856498,0.0,0.0,0.0,0.0,0.0,0.0,0.0,0.0,0.0,0.0,0.0012295081563011025,0.0069768108753567905,3.321721622280861e-09
19.0,15,1,-80029233.156336859,-104727296.19644211,-59611735.134723477,-10589062.203651911,-0.00014049049627844266,-0.0003030037510823352,-6.1433592962266449e-06,-6.9676029300029567e-05,0.0,0.0,0.0,0.0,0.0,0.0,0.0,0.0,0.0,0.0,0.0015200671703021204,0.0055321662123379127,4.105914376333248e-09
19.0,15,2,-71426761.553426847,-82640175.227926359,-39343934.823773228,-11829920.738763561,-0.00016439891388544885,-0.00023818317586365566,4.6706085995671911e-05,-7.7840878461064226e-05,0.0,0.0,0.0,0.0,0.0,0.0,0.0,0.0,0.0,0.0,0.0019168619320183023,0.0055321304498130329,5.176964199265527e-09
19.0,15,3,-80516170.570770711,-81065968.941079915,-61760382.108951457,-20639769.396616336,-0.000176915218194804,-0.00018053289147143854,-5.3502130116033288e-05,-0.00013580968262973548,0.0,0.0,0.0,0.0,0.0,0.0,0.0,0.0,0.0,0.0,0.0015200001175426298,0.0069767476145766527,4.106113212662454e-09
19.0,15,4,-70071076.148079708,-64510341.157179065,-41853662.95635955,-23133782.272463933,-0.00018230025424100755,-0.00014571061800088125,3.3703245605110758e-06,-0.00015222028735281266,0.0,0.0,0.0,0.0,0.0,0.0,0.0,0.0,0.0,0.0,0.0019167854307034257,0.0069766499895676827,5.177179106552985e-09
19.0,16,1,-64031238.599171653,-63109427.5874753,-21504014.729570813,-11970466.86494766,-0.00018646695413492541,-0.00018040143767796341,9.3362178927048137e-05,-7.8765671971355603e-05,0.0,0.0,0.0,0.0,0.0,0.0,0.0,0.0,0.0,0.0,0.0022073053186902093,0.0055321030194463248,5.960631079201715e-09
19.0,16,2,-52818700.416265123,-31275620.845250301,6534894.9198411182,-11406634.016702974,-0.00022500315511917913,-8.3249691541901572e-05,0.00016554350219239998,-7.5055651829905568e-05,0.0,0.0,0.0,0.0,0.0,0.0,0.0,0.0,0.0,0.0,0.0026040032803667321,0.0055320684442204194,7.03049824129361e-09
19.0,16,3,-64980146.589933939,-51327634.569032721,-26075042.874333806,-24137214.159711704,-0.00020260450258915053,-0.00011277097349162059,5.3391079859498298e-05,-0.00015882286917090301,0.0,0.0,0.0,0.0,0.0,0.0,0.0,0.0,0.0,0.0,0.0022072247476232869,0.0069765716896186911,5.9607617800133954e-09
19.0,16,4,-51274908.762739047,-26371145.666136187,1678666.6777765751,-23229757.980830882,-0.00021736042701208703,-5.3493665836440221e-05,0.00013107409938650574,-0.00015285180751386721,0.0,0.0,0.0,0.0,0.0,0.0,0.0,0.0,0.0,0.0,0.0026039223951400858,0.0069764659345688063,7.030590696360409e-09
19.0,17,1,-43601962.455159023,-4270881.8604468666,29920679.522845842,-10103390.910628105,-0.00025853649258238544,2.6201773082047818e-07,0.00022524249163288648,-6.6480312191932923e-05,0.0,0.0,0.0,0.0,0.0,0.0,0.0,0.0,0.0,0.0,0.0028943634429127538,0.0055320464381381027,7.813179703660213e-09
19.0,17,2,-30282654.014618784,38539126.338368721,65461022.251266085,-7858446.8012756547,-0.00031573350484471693,0.00013711380987794087,0.00031425988498480555,-5.1708579952393808e-05,0.0,0.0,0.0,0.0,0.0,0.0,0.0,0.0,0.0,0.0,0.0032909302243125747,0.0055320256545953999,8.881547770014216e-09
19.0,17,3,-44933848.394040637,-6856994.7406992726,22718752.002291001,-21752790.755253676,-0.00024973081844351807,8.1487859546804424e-07,0.00019542329216434403,-0.00014313336316956919,0.0,0.0,0.0,0.0,0.0,0.0,0.0,0.0,0.0,0.0,0.0028942858963514487,0.0069763909758597826,7.813090782781773e-09
19.0,17,4,-29307717.163572378,28200439.481404446,57945830.545018941,-16473301.004847309,-0.00028264969245961086,9.575397826433666e-05,0.00029147865146292003,-0.00010839432061189529,0.0,0.0,0.0,0.0,0.0,0.0,0.0,0.0,0.0,0.0,0.0032908619950014189,0.0069763051449899961,8.881326517531827e-09
19.0,18,1,-19876954.261106469,73647420.146729529,93955085.345290661,-5149280.442805022,-0.00036419672998292427,0.00025119365362063665,0.00038481809062716884,-3.3882265313657042e-05,0.0,0.0,0.0,0.0,0.0,0.0,0.0,0.0,0.0,0.0,0.0035811813948487987,0.0055320178597814988,9.663028466456279e-09
19.0,18,2,-5266679.2649544403,128228407.23654932,136266362.6179904,-667074.79708560323,-0.00044423513269494495,0.00043416253648494976,0.00048705228289483204,-4.389352164823269e-06,0.0,0.0,0.0,0.0,0.0,0.0,0.0,0.0,0.0,0.0,0.003977581291969747,0.005532020841860945,1.072964456954611e-08
19.0,18,3,-21408816.813576341,56596147.693987586,84779713.4569453,-12649865.785002254,-0.00033041794468635568,0.00018285472177341494,0.00036830258449367675,-8.323611686531483e-05,0.0,0.0,0.0,0.0,0.0,0.0,0.0,0.0,0.0,0.0,0.003581123574110571,0.0069762559543505428,9.662545649128177e-09
19.0,18,4,-5891875.5245215297,105172441.53367104,127304669.50664264,-3689559.1976689929,-0.00039677321306630321,0.00033402999317660379,0.00047966005323875691,-2.4277299520661974e-05,0.0,0.0,0.0,0.0,0.0,0.0,0.0,0.0,0.0,0.0,0.0039775390060093202,0.0069762226577190231,1.072889588583973e-08
19.0,19,1,-89119525.853679538,-63540972.503066637,-88421192.974608332,-3611997.6573817288,-0.00020549740781367119,-3.719052676663834e-05,-0.00020090237746938272,-2.3766944585571774e-05,0.0,0.0,0.0,0.0,0.0,0.0,0.0,0.0,0.0,0.0,0.00014526164756405746,0.0080347546954400734,3.9258591889080737e-10
19.0,19,2,-87040626.439642623,-60548174.715472922,-84433735.636133283,-12248210.036890775,-0.00020613171384267531,-3.181138149763868e-05,-0.00018897837235558383,-8.0593222042741296e-05,0.0,0.0,0.0,0.0,0.0,0.0,0.0,0.0,0.0,0.0,0.00054211704415728596,0.0080347126234847771,1.4650674352600803e-09
19.0,19,3,9575931.2230166774,-11695803.071755277,10483631.02444952,-2003553.1327798998,4.9794887949826485e-05,-9.0173123709772981e-05,5.5767552643254587e-05,-1.3183379613691739e-05,0.0,0.0,0.0,0.0,0.0,0.0,0.0,0.0,0.0,0.0,0.0001452994495554855,0.0094798421818635091,3.927703086282513e-10
19.0,19,4,8762119.3804421164,-10652701.735923909,12147918.548687633,-6699447.6521667233,4.1448154338043892e-05,-8.6301368607644542e-05,6.3726712865099395e-05,-4.4082365551257039e-05,0.0,0.0,0.0,0.0,0.0,0.0,0.0,0.0,0.0,0.0,0.00054225607783808306,0.0094797715372341388,1.4657370860331867e-09
19.0,20,1,-83791743.272919357,-57277178.381181672,-78372633.009584159,-18833850.487957466,-0.00020463201436718678,-3.0166177379552783e-05,-0.00016897426883444116,-0.00012392673621076011,0.0,0.0,0.0,0.0,0.0,0.0,0.0,0.0,0.0,0.0,0.00083262853914196498,0.0080346517715656277,2.250045659134666e-09
19.0,20,2,-80048825.113149688,-52939840.24425292,-68682811.713782266,-26076152.512429949,-0.00020808033547205283,-2.9703215034712133e-05,-0.0001332919673042152,-0.00017158108353178907,0.0,0.0,0.0,0.0,0.0,0.0,0.0,0.0,0.0,0.0,0.0012294557510602387,0.0080345323170455309,3.322019650008988e-09
19.0,20,3,7177778.6995223137,-10013075.192504473,14998349.110768769,-9934074.5245778281,2.8012160706753974e-05,-8.5103657902782276e-05,7.9471514012755657e-05,-6.5366210371722101e-05,0.0,0.0,0.0,0.0,0.0,0.0,0.0,0.0,0.0,0.0,0.0008328387479585392,0.0094796698310955982,2.2510316467573858e-09
19.0,20,4,4358841.0413801279,-9253893.4099581782,19747994.48374965,-13994988.254814366,5.2135255103101171e-06,-8.4358267179495929e-05,0.00010647415516110156,-9.2087022716678529e-05,0.0,0.0,0.0,0.0,0.0,0.0,0.0,0.0,0.0,0.0,0.0012297561030208324,0.0094794692895842254,3.3233882953546342e-09
19.0,21,1,-74189625.778362095,-47498418.120982036,-57891372.248252586,-31048819.751428332,-0.00020443226010841972,-2.8804113722859025e-05,-9.7189751880299185e-05,-0.00020430123396439841,0.0,0.0,0.0,0.0,0.0,0.0,0.0,0.0,0.0,0.0,0.0015199383394760941,0.0080344199737501926,4.10648135911774e-09
19.0,21,2,-68366254.842342824,-39890863.124279432,-41744655.545523591,-35622523.005036078,-0.00021284715471342532,-2.5479077208568241e-05,-3.7677031340354803e-05,-0.0002343962013731374,0.0,0.0,0.0,0.0,0.0,0.0,0.0,0.0,0.0,0.0,0.001916713439643987,0.0080342421726980005,5.177485100132867e-09
19.0,21,3,1108779.5371011868,-8815427.544773113,24448956.677140482,-16641359.301330218,-1.9157078343634511e-05,-8.4458360942367395e-05,0.00013442128723782404,-0.00010950014420275283,0.0,0.0,0.0,0.0,0.0,0.0,0.0,0.0,0.0,0.0,0.0015202981202866333,0.0094792790516157396,4.108027483007444e-09
19.0,21,4,-2741027.1697238013,-7282485.9870749824,32955053.7224131,-19487219.879567903,-5.4267792870453246e-05,-8.4150591888623995e-05,0.00018061241939980758,-0.00012822590680755679,0.0,0.0,0.0,0.0,0.0,0.0,0.0,0.0,0.0,0.0,0.0019171435882488731,0.0094789714638564976,5.179227684655867e-09
19.0,22,1,-59496287.01099661,-30996176.83022064,-25603969.971328355,-37825197.977236882,-0.00020805320310853561,-2.0522478119029754e-05,1.4958243012481472e-05,-0.00024888980269021868,0.0,0.0,0.0,0.0,0.0,0.0,0.0,0.0,0.0,0.0,0.0022071485448926596,0.0080340970229968289,5.961119978890491e-09
19.0,22,2,-51463791.075280406,-18628354.327263713,-2755337.5405519605,-38064022.173986949,-0.00022353272222525326,-7.4755484233034214e-06,9.6968902033259905e-05,-0.00025046126590483412,0.0,0.0,0.0,0.0,0.0,0.0,0.0,0.0,0.0,0.0,0.0026038455911325336,0.0080338924808883699,7.030728275083634e-09
19.0,22,3,-6704497.9352077432,-6465832.5657378025,40207769.153274909,-21037768.547642387,-8.6834749484347335e-05,-8.5264331353235122e-05,0.00022184796795786849,-0.00013842851704348689,0.0,0.0,0.0,0.0,0.0,0.0,0.0,0.0,0.0,0.0,0.0022076211419805487,0.0094787140662982057,5.962819090747131e-09
19.0,22,4,-9903718.6292326152,-3489008.1009039581,53164401.002178028,-21649496.86981627,-0.00012800571393017609,-8.5796918653773538e-05,0.00028698251324450589,-0.00014245368940339105,0.0,0.0,0.0,0.0,0.0,0.0,0.0,0.0,0.0,0.0,0.0026043643269911916,0.0094783367451292521,7.032379117139334e-09
19.0,23,1,-39970130.323414885,-4879685.7255539373,18859085.358417511,-36095975.06282492,-0.00022193810303699883,8.9570224169261602e-06,0.00016515813614945826,-0.00023751151591338795,0.0,0.0,0.0,0.0,0.0,0.0,0.0,0.0,0.0,0.0,0.0028942134955812614,0.0080337423058430522,7.813258133294637e-09
19.0,23,2,-29638759.964932777,15053449.99549105,48904284.722192459,-30387533.989006255,-0.00024924702067860382,4.4827720860984941e-05,0.00026756621336268023,-0.00019994997364766116,0.0,0.0,0.0,0.0,0.0,0.0,0.0,0.0,0.0,0.0,0.0032908040302908311,0.0080335549841591952,8.881126328566562e-09
19.0,23,3,-12926940.894726992,-1851358.1473117471,63663703.035424829,-21197338.53775043,-0.0001622982093968536,-8.9420874918861313e-05,0.00034166822766354535,-0.00013947848757839783,0.0,0.0,0.0,0.0,0.0,0.0,0.0,0.0,0.0,0.0,0.0028947571556452159,0.0094780455106772063,7.814599943483645e-09
19.0,23,4,-12893955.827164434,2878251.6326970384,81995837.335291162,-17806986.762209933,-0.00019857083970524351,-9.4789714619355041e-05,0.00042580399930371426,-0.00011716997289534136,0.0,0.0,0.0,0.0,0.0,0.0,0.0,0.0,0.0,0.0,0.0032913746952101808,0.0094776513975258058,8.882145710172541e-09
19.0,24,1,-17311871.291475527,35037108.238215469,75499338.650240973,-22185026.372632347,-0.00026120694254113883,8.3249342764227946e-05,0.00034949081887535575,-0.00014597747353192083,0.0,0.0,0.0,0.0,0.0,0.0,0.0,0.0,0.0,0.0,0.0035810821396473885,0.0080334365598815419,9.66228010892205e-09
19.0,24,2,-5700321.5971149728,65412011.54308828,112679059.87293352,-7321986.2857206762,-0.00030988550082288932,0.00015803365123964809,0.0004690508292500298,-4.8178669760042049e-05,0.0,0.0,0.0,0.0,0.0,0.0,0.0,0.0,0.0,0.0,0.0039775316870207097,0.0080333229119417017,1.0728108301933267e-08
19.0,24,3,-12187634.296341896,5897693.4061020017,96819710.568792045,-14012363.808820628,-0.00022323166976204208,-0.00010423021347996124,0.00049403665945053931,-9.2201353862039721e-05,0.0,0.0,0.0,0.0,0.0,0.0,0.0,0.0,0.0,0.0,0.0035816693427683961,0.0094773705174949832,9.662794974027165e-09
19.0,24,4,-4644877.7601868957,13348980.860535413,122204930.93401897,-4383898.3924501305,-0.0002373995694363304,-0.00011899997971197763,0.00059727217177154418,-2.8846051422321856e-05,0.0,0.0,0.0,0.0,0.0,0.0,0.0,0.0,0.0,0.0,0.003978149915027423,0.0094770280191838509,1.0728164770281771e-08
19.0,25,1,-668652.01521328301,-225747.48018018203,5032133.5803145487,72243.084217266121,-2.8140904603381261e-05,-2.0463892662807503e-05,7.0672712385767879e-05,1.2522134597659468e-06,-0.00013680316307899073,-0.00010968517042940985,0.00024648833350840053,5.8912935721002114e-06,-6.2808714774135495e-05,-5.0801167175910746e-05,0.00011360988195004624,2.5625310680387772e-06,0.0002470836458629869,0.00011387047925088968,0.0041831348338840658,0.00042341630490548077,3.757924691706041e-09
19.0,25,2,-417083.18557906942,-48507.724010864506,5206785.8190990416,16175.354174070109,-2.6194221521406965e-05,-1.980558018755809e-05,7.128617455968029e-05,2.8037280568388183e-07,-0.00012282274537010304,-0.00010131548099482134,0.00022413822636492434,2.524486648839006e-06,-6.0574860006875758e-05,-5.0148456480229926e-05,0.00011072331648710564,1.3393541913049941e-06,0.00022450524245682987,0.00011090184979076431,0.0043479322951440122,0.00042342139969307041,3.906079458498509e-09
19.0,25,3,-625181.74549480155,83557.615019765915,5165310.4687884692,-125894.79531982912,-2.9331228941830301e-05,-1.7046413359577791e-05,7.1037302772413075e-05,-2.1821764522103714e-06,-0.00014256492570434353,-9.2982843484707466e-05,0.00023554776918905101,-8.7938354435938035e-06,-6.7070831903689917e-05,-4.3812425976125521e-05,0.00011088325787981546,-3.997219086840662e-06,0.00023750389562590012,0.00011179464176917146,0.0041830791876930791,0.0015802325808860051,3.757934431302511e-09
19.0,25,4,-503380.62804149371,-34530.554717715597,5143405.7217334732,-82024.861066250727,-2.7147242375282936e-05,-1.9020507771004125e-05,7.0730387687483145e-05,-1.4217642584816791e-06,-0.00012224234024619802,-9.1601318982997032e-05,0.00021384365922919501,-6.4786777817903479e-06,-6.2136266465974668e-05,-4.6389727689236585e-05,0.00010852599415521123,-3.4468975416001375e-06,0.00021471474148867555,0.00010898752069960055,0.0043478755651007572,0.0015802414414978947,3.906076631531919e-09
19.0,26,1,-302157.19453570084,26257.326081836363,5273910.1251572007,-14147.614652176939,-2.52294323987655e-05,-1.9536914041394843e-05,7.1422401142578147e-05,-2.4522532063773364e-07,-0.00011417697323203938,-9.5216396597635108e-05,0.00020939336982967455,1.1315623483340316e-06,-5.9380130655173791e-05,-4.9478515271103227e-05,0.00010885864592627702,8.2454157408619909e-07,0.00020969194929850837,0.00010902299957363358,0.0044685741988948549,0.00042342513467568435,4.01453291983822e-09
19.0,26,2,-53361.235478651943,219909.73846607376,5459212.3455071235,-20399.666251667273,-2.3427971475608147e-05,-1.8691274593899567e-05,7.2123303928145293e-05,-3.5359421502889941e-07,-0.00010313865617403641,-8.7267775622566556e-05,0.00019040643179660304,-1.0361372383751921e-07,-5.7856710730529012e-05,-4.8606963870128205e-05,0.00010646367460065722,1.5688880883482764e-08,0.0001906303443019921,0.00010660326089706499,0.0046333761207906117,0.00042343029453042634,4.162689731473032e-09
19.0,26,3,-186995.628759271,76804.049898329889,5337018.1513764597,-58066.54298480921,-2.4148563855222787e-05,-1.9576036091824347e-05,7.1601008333796565e-05,-1.0064867450700262e-06,-0.0001074447598170963,-9.1174630432686664e-05,0.00019861939024978296,-5.2018961241768919e-06,-5.7893724179067437e-05,-4.8967158730832e-05,0.00010686088290989944,-3.1109663973130303e-06,0.00019894426691863942,0.0001070614366671098,0.0044685179258892116,0.0015802476818207961,4.014537818991247e-09
19.0,26,4,-143575.24583906983,-121564.13833141606,5229996.9169696625,-37782.898755591748,-2.234806772574058e-05,-2.1966541862274596e-05,7.0793849762944104e-05,-6.5490357843025698e-07,-9.1575053048151555e-05,-8.9890943331284717e-05,0.00018146599637943633,-2.8086595089873477e-06,-5.3098485495153308e-05,-5.1964677988239707e-05,0.00010506316348339306,-1.7398534263747199e-06,0.00018149989024361277,0.00010508758464735702,0.0046333220477502027,0.0015802560584822966,4.162675058776541e-09
19.0,27,1,-516277.28070311109,91415.235392759554,5217000.258387574,121812.84218888846,-2.8117359051162807e-05,-1.7584022105501054e-05,7.1259451626409057e-05,2.1114225979407325e-06,-0.00013398497312059967,-9.4203612008453335e-05,0.00022818858512905298,6.7187182904159108e-06,-6.372934028778894e-05,-4.4719023145269321e-05,0.00010844836343305825,2.9677819617026878e-06,0.00022947828287390445,0.00010906623908353517,0.0041830391477449824,0.00242709317882752,3.757937807469874e-09
19.0,27,2,-302404.29097663797,65259.003350643208,5283905.8013985902,76603.876382694158,-2.542871643201879e-05,-1.9055885997012572e-05,7.1400658502485221e-05,1.3278005239666989e-06,-0.00011271668927071446,-9.3662438817926466e-05,0.00020637912808864096,4.476699276693455e-06,-5.8069183772938791e-05,-4.8581171372323194e-05,0.000106650355145262,2.3321589266043544e-06,0.00020673973795519673,0.0001068293018750056,0.0043478378696206847,0.0024270969856112871,3.906085824175837e-09
19.0,27,3,-959193.64993824065,-296681.30028884625,4798732.6309387209,-41440.981668740213,-3.0797453988442715e-05,-1.9313906594519881e-05,6.9006601546757972e-05,-7.183103489248303e-07,-0.00013561252059189282,-9.1640949131651159e-05,0.00022725346972354407,3.8789171446874002e-07,-6.492750168278399e-05,-4.3721967743265017e-05,0.00010864946942604904,5.8042884559731007e-07,0.00022869439773331787,0.00010937156930131776,0.0041830266536134544,0.0035839231108717264,3.757912769054379e-09
19.0,27,4,-436647.84766467684,42524.829446614487,5196961.6513989866,-6266.6191037328608,-2.6779917225578092e-05,-1.8474257488982372e-05,7.0869314091525401e-05,-1.0862139779803623e-07,-0.00011715138524357308,-8.7089792943262421e-05,0.00020424117818683551,5.9613537543817607e-07,-6.1125810001383046e-05,-4.5048254599824499e-05,0.00010617406460120753,3.4468437973244584e-07,0.00020498652993454714,0.000106588662167098,0.0043478241931492285,0.0035839264964174027,3.906080742686889e-09
19.0,28,1,-285856.05114873988,-86861.32771976199,5195562.9628276872,56597.010652932193,-2.4246220555748237e-05,-2.0796978682979278e-05,7.0765042353176499e-05,9.8101485131749102e-07,-0.00010014766305820508,-9.2535846896214257e-05,0.00019268350995441932,3.6205593882646429e-06,-5.4652738713976638e-05,-5.089233057141633e-05,0.00010554506928539297,2.1300826315633006e-06,0.000192786173784267,0.00010560509164877181,0.0044684817861821036,0.0024270996829942305,4.014529169416781e-09
19.0,28,2,-10326.496774875792,-64520.615114499349,5312040.3442021245,43661.378742508874,-2.112776554001551e-05,-2.2067130257902335e-05,7.1126593036919183e-05,7.5679723153682059e-07,-8.4005225929460558e-05,-9.1017317422491259e-05,0.00017502254335195188,2.2529254051996044e-06,-4.9462084097673305e-05,-5.4318560810656293e-05,0.00010378064490832965,1.3626972503753852e-06,0.00017510213444281355,0.00010384538596699184,0.0046332877926690049,0.0024271034939606427,4.1626811048876836e-09
19.0,28,3,-390858.32406652207,9214.0633005064446,5179915.1826531366,8582.1955134975306,-2.5967961304701535e-05,-1.9033373257006377e-05,7.0592112811772555e-05,1.4875805556729052e-07,-0.00010693336378344797,-8.3543932995904164e-05,0.00019047729677935219,9.2594656643120376e-07,-5.8813593966153308e-05,-4.5757944212684333e-05,0.00010457153817883768,4.8153945895819019e-07,0.00019096096609688674,0.00010484733315026227,0.0044684668048453006,0.0035839288186362804,4.014528643253089e-09
19.0,28,4,-11880.087945341133,214450.66519746021,5441383.3296686485,11720.865519019919,-2.2781737152068977e-05,-1.8858670764260421e-05,7.1741495419906843e-05,2.0316166899634531e-07,-9.2015156704588317e-05,-7.9696638269753528e-05,0.00017171179497434187,1.1865678416653415e-06,-5.5143792361653033e-05,-4.7601050665445195e-05,0.00010274484302709825,7.9483200824357392e-07,0.00017186631548886071,0.00010284316988815369,0.0046332705029027118,0.0035839320517971015,4.16269013537737e-09
19.0,29,1,-425042.20737649011,124003.71652318607,5267641.7224707427,-22780.163323286197,-2.723381118766225e-05,-1.7717015173401208e-05,7.143937692968979e-05,-3.9485616427029407e-07,-0.00012573164477116153,-9.2926936219478134e-05,0.00021865858099063971,-4.4392744652981742e-06,-6.1284103542421834e-05,-4.554297985927608e-05,0.00010682708340169797,-2.6321755861294933e-06,0.00021956401154132982,0.00010729552073950789,0.0041829932543730845,0.0044307810012020931,3.757941304157838e-09
19.0,29,2,-379409.93991016876,-17745.797216550913,5188760.4865343403,-62487.813619383225,-2.5742857956073402e-05,-1.9474012816050694e-05,7.0772096102298068e-05,-1.0831221027359757e-06,-0.00010827758858760959,-9.0139554186015328e-05,0.00019841714277362489,-4.3298545931143738e-06,-5.7047771800513295e-05,-4.7954625217781954e-05,0.00010500239701829523,-2.2791834413765223e-06,0.00019876033795807393,0.00010517552725045866,0.0043477933544851296,0.0044307861442595183,3.906080508657771e-09
19.0,29,3,-435307.59915966634,160385.3607734798,5265117.3867721679,25863.195267871906,-2.7506112312311473e-05,-1.7180767673470272e-05,7.1301254110506983e-05,4.4829538464311288e-07,-0.00012530926899033325,-8.7099705547126407e-05,0.00021240897453745971,4.9711535388600778e-06,-6.2566407207694183e-05,-4.3226230795980007e-05,0.00010579263800367422,3.0284510707330423e-06,0.00021366904783043006,0.00010648788137323745,0.004182962207581715,0.0055876152653375529,3.7579417769953976e-09
19.0,29,4,-671688.39849558519,-218620.62721183221,4927844.8895267425,66776.006338698819,-2.7792742362534103e-05,-1.9939567660282394e-05,6.926583462985291e-05,1.1574507765374459e-06,-0.000110161302921535,-8.3422754466207338e-05,0.00019358405738774241,4.5523958370774271e-06,-5.9375214346307163e-05,-4.4685606747885235e-05,0.00010406082109419241,2.4616037382897053e-06,0.00019427413634360714,0.00010445083360175053,0.004347761698652676,0.0055876192963962932,3.906064799602564e-09
19.0,30,1,-223171.22014291352,-26711.369295029668,5240103.0121340156,-69666.673959731386,-2.3829182839928119e-05,-2.0423878758564817e-05,7.0867570519538673e-05,-1.2075556819686774e-06,-9.6609606701452907e-05,-8.7808717606883038e-05,0.00018441832430833596,-4.0373304464354181e-06,-5.4290263086955226e-05,-4.9580844591747942e-05,0.00010387110767870318,-2.2157993766684033e-06,0.00018454875657082534,0.00010394198967853265,0.0044684378316450502,0.0044307897700188049,4.014532753051293e-09
19.0,30,2,-81040.35967383557,-74246.576301547466,5257886.6180781052,-55628.753977592503,-2.1815098296090699e-05,-2.1697339384304374e-05,7.0726302651609598e-05,-9.6423173561160294e-07,-8.3571954660654514e-05,-8.4587644480411294e-05,0.00016815959914106586,-3.1267393016214331e-06,-5.0404629366154855e-05,-5.1207998024598463e-05,0.00010161262739075337,-1.9580330684280098e-06,0.00016820162238257282,0.00010164113393931354,0.0046332440951697704,0.0044307946510221624,4.162678116781933e-09
19.0,30,3,15983.436770063592,266448.48307278007,5491679.9336104374,64601.790489367566,-2.2819401176465355e-05,-1.8478007040551595e-05,7.209267143543446e-05,1.1197643684823708e-06,-9.5013738200096326e-05,-8.2805235593928607e-05,0.00017781897379402499,3.8168806690235601e-06,-5.4581280652103904e-05,-4.7526344953284855e-05,0.00010210762560538877,2.2108078002726751e-06,0.00017801393117697903,0.00010222355591368505,0.0044684059372486372,0.0055876223397465482,4.014549536861429e-09
19.0,30,4,-309825.63271320798,-201446.79236874823,5070924.2796315784,40493.795398938273,-2.360891838522744e-05,-2.1730351819256796e-05,6.9657413428748891e-05,7.0189245358159659e-07,-8.3776970021769606e-05,-8.0106858711411801e-05,0.00016388382873318137,2.4711793367250409e-06,-5.1162761825215212e-05,-4.8902847831162718e-05,0.00010006560965637794,1.5982808034057097e-06,0.00016392452027768584,0.00010009377900930577,0.0046332121644563342,0.0055876262894967808,4.1626660628418624e-09
19.0,31,1,-885930.09350720956,-305248.86129609426,4799774.2259684317,21356.447883063836,-2.9790502705452133e-05,-1.9725361347126149e-05,6.8761705498792308e-05,3.701784299731063e-07,-0.00012114231865326087,-8.731578908290885e-05,0.00020845810773616972,-2.6903856792098955e-06,-6.0713517168347873e-05,-4.3936482484901296e-05,0.00010464999965324916,-2.0207192831496493e-06,0.00020943770943915378,0.00010520125911450086,0.0041829302789281458,0.0064344751752141499,3.757914086580624e-09
19.0,31,2,-208287.01926779654,176136.90779971122,5346929.4652932929,-18038.328369711813,-2.4869425749275971e-05,-1.8206077680105842e-05,7.1420993316449592e-05,-3.1266435840833809e-07,-0.00010305140136747924,-8.3283461619210327e-05,0.00018633486298668959,-2.4022015538859402e-06,-5.6384049276658296e-05,-4.5744658546702807e-05,0.00010212870782336112,-1.4777983097454713e-06,0.00018670941642407905,0.0001023386373258223,0.004347731150738542,0.0064344834531895921,3.906091407670967e-09
19.0,31,3,-845605.47924783826,460041.04322592285,5110112.6834741477,-113100.39328354578,-3.3555354630104802e-05,-1.0924148240559611e-05,6.9677093523742967e-05,-1.9604068169147939e-06,-0.00014892552184033307,-5.684509543765044e-05,0.00020577061727798351,-5.2963334412681809e-06,-7.5429379054210762e-05,-2.6102428210709887e-05,0.00010153180726492064,-2.1821922592724765e-06,0.00021282159680263788,0.00010600757942586633,0.0041829098232158742,0.0075913434759662737,3.757936452809356e-09
19.0,31,4,-410353.89089005534,278967.18454223545,5259889.9684723802,-190974.24908109449,-2.7626813823925878e-05,-1.5678581849766154e-05,7.0657413071689685e-05,-3.3102203174056373e-06,-0.0001108167834791649,-7.1800086289604921e-05,0.00018261686976876987,-1.2182099091208576e-05,-6.1616269610695221e-05,-3.9113760937917179e-05,0.00010073003054861243,-7.5657728046605168e-06,0.0001845681154521739,0.00010206965073461942,0.0043477055850643966,0.0075913349921354163,3.90608752707856e-09
19.0,32,1,-537507.36653542239,-204551.99807134503,4972736.4750701673,-13976.502139167498,-2.623950279513426e-05,-2.0468276408423576e-05,6.9271390459362618e-05,-2.4225937041223663e-07,-9.6396782195193073e-05,-7.9097249345497719e-05,0.00017549403154069082,-1.9561353783076009e-06,-5.5204624328252083e-05,-4.5317384481636558e-05,0.00010052200880988866,-1.3259216806292338e-06,0.0001757974152843118,0.00010070306548728736,0.0044683758567559467,0.0064344892306365271,4.014516490622864e-09
19.0,32,2,140715.66631716397,302406.7370789391,5534440.6162671363,15327.441788659655,-2.1471180529155455e-05,-1.8668535302618019e-05,7.2020051936644091e-05,2.6567565767010074e-07,-8.2690953039444206e-05,-7.4632163977560574e-05,0.00015732311701700479,-2.9848466109803869e-07,-5.1366327146466156e-05,-4.6362128398849422e-05,9.7728455545315591e-05,-3.5257672909291342e-07,0.00015739536327116636,9.777783977862192e-05,0.0046331818854605574,0.0064344973130279585,4.162697541844519e-09
19.0,32,3,-404549.69125263114,-195206.58715729904,5027798.6554874945,-195353.05343734115,-2.4724364156689201e-05,-2.1095750352370106e-05,6.943634052013965e-05,-3.3861195929139125e-06,-8.8423556843021702e-05,-8.1757957552111086e-05,0.00017018151439513287,-1.1254748161986741e-05,-5.1421141827641944e-05,-4.8499306298712926e-05,9.9920448126354904e-05,-7.2285281588375464e-06,0.0001707441321002001,0.00010035238660205018,0.0044683501675660681,0.007591327807639086,4.014520716364388e-09
19.0,32,4,50659.368568362901,-493976.88748920243,5065584.5773829566,-122501.86852609682,-1.7610972511996845e-05,-2.7051334283661315e-05,6.9314397774122784e-05,-2.1233657211190114e-06,-5.9915112462441328e-05,-9.4765711440280933e-05,0.00015468082390272228,-5.8918532707439477e-06,-3.6582229363442664e-05,-6.1922349961948033e-05,9.8504579325390751e-05,-3.9831394529597438e-06,0.00015623952774082225,9.993566431109452e-05,0.0046331607034191639,0.0075913201770324793,4.16266745295508e-09
19.0,33,1,-193156.60908541968,1294570.1896268688,5868606.4831225835,9030.8300244041475,-3.1228128145470079e-05,-5.4408636344570868e-06,7.3842432119468668e-05,1.565343870896719e-07,-0.00017233080979259745,-5.2777791249220603e-05,0.000225108601041818,-2.7593401620365437e-07,-8.2007859058700087e-05,-2.2416989005752284e-05,0.00010442484806445232,-7.6750109662101387e-07,0.00023588651453289035,0.00011071412669618861,0.0041830202382799261,0.0084382685768756519,3.75798145756105e-09
19.0,33,2,-362581.85268977424,251183.29099528422,5324912.621781284,-21594.468355836754,-2.7138808353636598e-05,-1.6500212529762257e-05,7.1444429203861771e-05,-3.7430411816783706e-07,-0.00012109710774897277,-8.1018592792109198e-05,0.00020211570054108198,8.6558611888537946e-07,-6.3218315673655771e-05,-4.1879873498861631e-05,0.0001050981891725174,6.4384726235434406e-07,0.00020346602293244023,0.0001058437740294919,0.0043478127747432682,0.0084382181598904368,3.906089298063702e-09
19.0,33,3,-821273.33057117718,586242.07287157606,5465380.8557465207,80229.330127429057,-3.5156802788754737e-05,-1.0759869129080359e-05,7.3811869774085358e-05,1.3906417222087699e-06,-0.00025184150310756233,-9.3513841526054147e-05,0.00034535534463361661,1.1640798753947731e-05,-9.8268377568954795e-05,-3.4656100900458048e-05,0.00013292447846941283,4.9352023421057284e-06,0.0003580530130734328,0.00013843997110850374,0.0041836423657889785,0.0095951513203739354,3.757946590261122e-09
19.0,33,4,-464654.37544540782,235260.19392608269,5475136.7959835175,204677.31476446043,-2.9036979632243839e-05,-1.6905127096471329e-05,7.3919400672524193e-05,3.5477401225839797e-06,-0.0001891702137712799,-0.00012426263646797629,0.00031343285023925616,2.2989024927293746e-05,-7.9047336553558762e-05,-5.1814512056442009e-05,0.00013086184861000076,1.0127133711272225e-05,0.0003168835436628282,0.0001323954469719996,0.0043484195794897193,0.0095950356749444823,3.906089969465754e-09
19.0,34,1,45389.240550020477,-74801.309335849248,5358135.6134275738,-26675.923926646734,-2.0528147342366631e-05,-2.2611450207055024e-05,7.1559456454177621e-05,-4.6238268139520993e-07,-8.7388856932464601e-05,-9.9466385999022268e-05,0.00018685524293148698,-1.6337290099190168e-09,-4.832830628862056e-05,-5.675065316293663e-05,0.00010507895945155726,2.105355768270287e-08,0.00018702421432696675,0.00010527343752452717,0.0044684572097662811,0.0084381811611152005,4.014540000694616e-09
19.0,34,2,-235972.86948936572,-1336667.5838210699,4490454.3700571563,16109.602207957105,-1.5761452071469232e-05,-3.4840160453218778e-05,6.6163286747337189e-05,2.7923310493792321e-07,-5.072417240327066e-05,-0.00012490849372870835,0.00017563266613197903,1.5449236246695225e-06,-2.6977655054769284e-05,-7.7342986804399607e-05,0.00010432064185916887,8.4955470935944956e-07,0.00018112734418645497,0.00010917271928350823,0.0046332701251119504,0.0084381311485254972,4.162629612745246e-09
19.0,34,3,-358832.33994712331,-156871.38743085554,5319032.8614884773,213029.78694846688,-2.5433077095525471e-05,-2.1932420585243498e-05,7.298325306269164e-05,3.6925163071067598e-06,-0.00015343758105596851,-0.00014114158937964457,0.00029457917043561311,2.2458453985587473e-05,-6.6890815884003998e-05,-6.2477142705261133e-05,0.00012936795858926512,1.0411167479101616e-05,0.0002959068062998649,0.0001300450600235726,0.0044690535058375122,0.0095949570385325273,4.0145287515550055e-09
19.0,34,4,-22575.079544864362,-601497.82102962816,5213152.4423890095,81122.337115358139,-1.8747619546035719e-05,-2.8782280398438287e-05,7.2004990834151431e-05,1.406120509999541e-06,-0.00010887332077380922,-0.00016384741851134416,0.00027272073928515334,7.7885362869356925e-06,-4.9845987710370193e-05,-7.7142386608522717e-05,0.00012698837431889288,3.8719977411889329e-06,0.0002748341597267756,0.00012816642429635936,0.0046338520888474077,0.0095948477439327558,4.1626667161640954e-09
20.0,1,1,-90882239.645275787,-179587628.62126505,-89956117.597588256,-8896.5278231170269,-2.8532079200590697e-05,-0.00061221353866260011,-2.2438196126806681e-05,-5.8539153076110031e-08,0.0,0.0,0.0,0.0,0.0,0.0,0.0,0.0,0.0,0.0,0.00014529988434168511,0.00052869197223208084,3.9259949899882206e-10
20.0,1,2,-88298708.146535307,-171921345.91020358,-84842287.370057866,-88277.06619206864,-3.5807000149863511e-05,-0.00058604395663480052,-1.30637514406419e-05,-5.8086309554381165e-07,0.0,0.0,0.0,0.0,0.0,0.0,0.0,0.0,0.0,0.0,0.00054225752263807516,0.00052869210542154572,1.465128310783187e-09
20.0,1,3,-91805083.695624724,-178273759.09798658,-90879993.219135106,-130244.23047376271,-3.3762489817071383e-05,-0.00060272637396461225,-2.767539448176968e-05,-8.5700703651735864e-07,0.0,0.0,0.0,0.0,0.0,0.0,0.0,0.0,0.0,0.0,0.00014529858473999956,0.0019731110042718572,3.9259474787277875e-10
20.0,1,4,-89168548.643535644,-170647861.12940907,-85715978.687668398,-395001.63463306043,-4.0787876306695855e-05,-0.00057692175246374289,-1.8069965997089339e-05,-2.5991107558855373e-06,0.0,0.0,0.0,0.0,0.0,0.0,0.0,0.0,0.0,0.0,0.00054225268259500928,0.0019731109317086071,1.4651098157854713e-09
20.0,2,1,-86062153.654411629,-162593343.92742336,-77738365.294282556,-89760.529417876824,-5.0586667701762803e-05,-0.00055416189969817995,4.1838597078865457e-06,-5.9062428356962945e-07,0.0,0.0,0.0,0.0,0.0,0.0,0.0,0.0,0.0,0.0,0.00083284046755939089,0.0005286923190145139,2.2501519185087447e-09
20.0,2,2,-81176816.244261995,-144739226.53988904,-64740216.98820366,-145786.67238095496,-7.4906560446923561e-05,-0.00049314722019214944,3.3246262657940387e-05,-9.5927630426668354e-07,0.0,0.0,0.0,0.0,0.0,0.0,0.0,0.0,0.0,0.0,0.0012297562550351077,0.00052869281212431733,3.32225161709495e-09
20.0,2,3,-86867441.869074002,-161401162.91425046,-78556529.615898207,-629893.52225128538,-5.5204055147735061e-05,-0.00054563593962499623,-5.1825252183840318e-07,-4.1446993764134577e-06,0.0,0.0,0.0,0.0,0.0,0.0,0.0,0.0,0.0,0.0,0.00083283305224029244,0.0019731108623976933,2.2501217705712277e-09
20.0,2,4,-81892530.166312113,-143744640.65272477,-65473256.757318184,-855758.79614802403,-7.8898372923692743e-05,-0.00048588525992428796,2.9140446107487375e-05,-5.6308928786539979e-06,0.0,0.0,0.0,0.0,0.0,0.0,0.0,0.0,0.0,0.0,0.0012297453527346991,0.0019731109051542403,3.3222014030230213e-09
20.0,3,1,-76879033.206026137,-127655834.94444025,-51970496.552295193,-132340.36628064315,-0.00010058556226528866,-0.00043469691770405352,6.3312608916260885e-05,-8.7079961012663191e-07,0.0,0.0,0.0,0.0,0.0,0.0,0.0,0.0,0.0,0.0,0.001520295792202523,0.00052869334960605786,4.1068197210283155e-09
20.0,3,2,-69371699.372559145,-98779655.409342006,-30662745.569983572,-199188.54363837937,-0.00014233950331546128,-0.00033584385403749253,0.00011236541270548594,-1.3106606171405363e-06,0.0,0.0,0.0,0.0,0.0,0.0,0.0,0.0,0.0,0.0,0.0019171340409459016,0.00052869441932376204,5.178097644108172e-09
20.0,3,3,-77447316.672859967,-126803961.63492864,-52570332.342309505,-985885.9432228785,-0.00010382519888026359,-0.00042859192273067543,5.9865358014758515e-05,-6.4871295064065404e-06,0.0,0.0,0.0,0.0,0.0,0.0,0.0,0.0,0.0,0.0,0.0015202823769815356,0.0019731111607253909,4.106751086315811e-09
20.0,3,4,-69808676.776254714,-98208623.686419159,-31082073.67936122,-1075291.8909932205,-0.00014476408204334057,-0.00033163573271222259,0.00011005696633421859,-7.0754206427353908e-06,0.0,0.0,0.0,0.0,0.0,0.0,0.0,0.0,0.0,0.0,0.001917117144210632,0.0019731121685081241,5.177993874530228e-09
20.0,4,1,-63039727.800043985,-73702854.422208637,-12038584.605493218,-154774.35417279889,-0.00017972716533645104,-0.00024989053851029436,0.00015586035688369308,-1.0184152504570167e-06,0.0,0.0,0.0,0.0,0.0,0.0,0.0,0.0,0.0,0.0,0.0022076032915183648,0.00052869549540329741,5.961925921351066e-09
20.0,4,2,-52896280.620729163,-34015965.850692332,17204607.097754203,-173697.27514704087,-0.00023791945627400353,-0.00011368698508716121,0.00022334438491361695,-1.1429280704675288e-06,0.0,0.0,0.0,0.0,0.0,0.0,0.0,0.0,0.0,0.0,0.0026043276465550248,0.0005286974860305401,7.032007954418558e-09
20.0,4,3,-63336956.478018612,-73300272.223246887,-12234827.325342134,-1062237.2285413165,-0.00018153932510332239,-0.00024709794270692451,0.00015471268472128883,-6.989520963801862e-06,0.0,0.0,0.0,0.0,0.0,0.0,0.0,0.0,0.0,0.0,0.0022075837439049992,0.0019731136022315995,5.961787079447377e-09
20.0,4,4,-52979626.758400723,-33815568.601568401,17401752.945838504,-1100064.0446658165,-0.0002389643050559504,-0.00011286480238399368,0.00022414517339794371,-7.2384214139010716e-06,0.0,0.0,0.0,0.0,0.0,0.0,0.0,0.0,0.0,0.0,0.0026043040470679481,0.0019731169609461144,7.0318039637852305e-09
20.0,5,1,-44549351.614000544,-1180093.0520053208,41403655.758665971,-194110.80507651533,-0.00028629998714652658,-9.3026580859799813e-07,0.00027927080136561913,-1.2772490974034707e-06,0.0,0.0,0.0,0.0,0.0,0.0,0.0,0.0,0.0,0.0,0.0028947005775457938,0.00052869945326998534,7.814839449312332e-09
20.0,5,2,-31886329.85014645,48805574.484115392,77973826.762563422,-601100.03538813931,-0.00035974310322048477,0.00017120962729895813,0.00036313672729114616,-3.9552382328539562e-06,0.0,0.0,0.0,0.0,0.0,0.0,0.0,0.0,0.0,0.0,0.0032912766919044466,0.000528702988668548,8.883396696610038e-09
20.0,5,3,-44799631.833767168,-1198685.9955441952,41877592.965720229,-820950.82007686829,-0.00028827083218171392,-1.3766085662068201e-06,0.00028206530699891307,-5.4018563961057933e-06,0.0,0.0,0.0,0.0,0.0,0.0,0.0,0.0,0.0,0.0,0.0028946733993285173,0.0019731207613830565,7.814556766672903e-09
20.0,5,4,-31736266.076609448,48877850.88941288,79281382.522454962,-510654.19503720844,-0.00036117291917379837,0.00016926797046262843,0.0003693232086080454,-3.3601046033448314e-06,0.0,0.0,0.0,0.0,0.0,0.0,0.0,0.0,0.0,0.0,0.0032912431777360504,0.0019731283507911919,8.882985469100569e-09
20.0,6,1,-21648946.447303012,89055710.890879184,107234152.44984861,-146749.83788373636,-0.00041838271631486497,0.00031005392897037385,0.00042966807442839267,-9.6561393327498517e-07,0.0,0.0,0.0,0.0,0.0,0.0,0.0,0.0,0.0,0.0,0.003581529119185971,0.00052870702818352366,9.665021702194563e-09
20.0,6,2,-6559067.6922816038,148950514.64001024,150337624.42359179,-38265.46558732375,-0.00050567059818189925,0.00051758245356458112,0.00052670963594054771,-2.5178676356459025e-07,0.0,0.0,0.0,0.0,0.0,0.0,0.0,0.0,0.0,0.0,0.0039779257588640482,0.00052871470823831739,1.073181716478949e-08
20.0,6,3,-21949191.245466664,88554436.084369898,108971569.27806394,-235412.48991437486,-0.00042183704469997879,0.00030527682313034583,0.00043962155954485252,-1.5490141836365866e-06,0.0,0.0,0.0,0.0,0.0,0.0,0.0,0.0,0.0,0.0,0.0035814895880675966,0.0019731360692609133,9.664429727312347e-09
20.0,6,4,-6656057.5932436585,147625317.09722242,153220877.76394865,-722316.24005125486,-0.00050861727584686851,0.00050655416961639817,0.00054337295880345674,-4.7528408595372566e-06,0.0,0.0,0.0,0.0,0.0,0.0,0.0,0.0,0.0,0.0,0.0039778749653832709,0.0019731502362355631,1.0730898470854563e-08
20.0,7,1,-93876052.499019161,-176139700.81009144,-92963513.531006932,-232854.63502745118,-4.4197183836160471e-05,-0.00058549198972301583,-3.819267742663994e-05,-1.5321834984806287e-06,0.0,0.0,0.0,0.0,0.0,0.0,0.0,0.0,0.0,0.0,0.00014529669515843708,0.0030305052357483845,3.9259035851146743e-10
20.0,7,2,-91143272.579435468,-168626028.57429513,-87737546.83704187,-890936.1567913068,-5.0661913747264866e-05,-0.00056049844819344133,-2.8252238362315081e-05,-5.8623599116867988e-06,0.0,0.0,0.0,0.0,0.0,0.0,0.0,0.0,0.0,0.0,0.00054224575304986922,0.0030305044218428374,1.4650930785014546e-09
20.0,7,3,-97783469.695598602,-167048917.77308092,-96904184.916235179,-790331.01935951842,-7.1871446228873558e-05,-0.00052763809457870726,-6.6085752380662223e-05,-5.2003781073856309e-06,0.0,0.0,0.0,0.0,0.0,0.0,0.0,0.0,0.0,0.0,0.00014529219360776899,0.0044749892963020727,3.9258761784543664e-10
20.0,7,4,-94934656.768405154,-160004636.00773779,-91653032.404180378,-2398121.8078018175,-7.7054167751195148e-05,-0.00050521463114600366,-5.5461079434596057e-05,-1.5779641495335959e-05,0.0,0.0,0.0,0.0,0.0,0.0,0.0,0.0,0.0,0.0,0.00054222927748983902,0.0044749846114772607,1.4650815864350926e-09
20.0,8,1,-88808922.769053429,-159597969.57699838,-80579253.228764176,-1272151.5218911082,-6.4564601812162279e-05,-0.00053035652980844012,-1.0413376237059037e-05,-8.3707570140434914e-06,0.0,0.0,0.0,0.0,0.0,0.0,0.0,0.0,0.0,0.0,0.00083282253291865505,0.0030305032848004657,2.250094356526427e-09
20.0,8,2,-83580533.450921714,-142205889.4772647,-67371658.160612077,-1718415.4249541534,-8.6770141986763273e-05,-0.00047252498464010002,1.988425742347413e-05,-1.1307173496198328e-05,0.0,0.0,0.0,0.0,0.0,0.0,0.0,0.0,0.0,0.0,0.0012297302742159794,0.0030305014461289677,3.322158932828752e-09
20.0,8,3,-92189403.042266071,-151552156.74295595,-84389354.253509223,-3762098.0873394986,-8.8159427836915344e-05,-0.00047876634718745477,-3.6835106806895355e-05,-2.4754605414693899e-05,0.0,0.0,0.0,0.0,0.0,0.0,0.0,0.0,0.0,0.0,0.00083279780320928882,0.0044749779667643558,2.250075806685483e-09
20.0,8,4,-86759260.233438343,-135624395.62448829,-71257174.887008399,-4928889.510329539,-0.00010692341975902694,-0.0004284560106321356,-4.9196981795178835e-06,-3.2432092977968366e-05,0.0,0.0,0.0,0.0,0.0,0.0,0.0,0.0,0.0,0.0,0.0012296955284602585,0.004474965639088866,3.322121585581808e-09
20.0,9,1,-79156163.938078374,-125635922.42969653,-54480980.669232167,-1933442.5787886679,-0.00011119611279408447,-0.00041703292366893199,5.1166593114923479e-05,-1.2722052168429434e-05,0.0,0.0,0.0,0.0,0.0,0.0,0.0,0.0,0.0,0.0,0.0015202641645873658,0.0030304999587775234,4.1066921407393e-09
20.0,9,2,-71172639.234581813,-97367091.270149127,-32805084.393649518,-2070122.958490507,-0.00015019115862410722,-0.00032255065301814011,0.00010226735222922729,-1.3621409066867535e-05,0.0,0.0,0.0,0.0,0.0,0.0,0.0,0.0,0.0,0.0,0.0019170949946296578,0.0030304985542550793,5.1779140111570344e-09
20.0,9,3,-81423714.092035323,-120036693.76345138,-58082157.967946723,-5796963.4105790546,-0.00012569078472456763,-0.00037976419096248524,2.7896654571935356e-05,-3.8144019241610176e-05,0.0,0.0,0.0,0.0,0.0,0.0,0.0,0.0,0.0,0.0,0.0015202233358517156,0.0044749545793866651,4.106645915363946e-09
20.0,9,4,-73292978.693883419,-93984397.493338436,-36569418.231188215,-6138935.2517775455,-0.00016018986462466492,-0.00029633940032507898,8.14511632198694e-05,-4.0394193956696251e-05,0.0,0.0,0.0,0.0,0.0,0.0,0.0,0.0,0.0,0.0,0.0019170478450113784,0.0044749385324678098,5.1778314815796235e-09
20.0,10,1,-64712265.006542295,-72894252.970733002,-13942227.070865691,-2073182.382970389,-0.00018635968656698559,-0.00024019716737136033,0.00014770716304976652,-1.3641540079945159e-05,0.0,0.0,0.0,0.0,0.0,0.0,0.0,0.0,0.0,0.0,0.0022075589599849892,0.0030304980126265543,5.961682219178472e-09
20.0,10,2,-54098076.449947342,-33855675.861590087,15868757.244828515,-1744025.2590364874,-0.00024207105083525339,-0.00010887605496386269,0.00021831071487637171,-1.1475686204460087e-05,0.0,0.0,0.0,0.0,0.0,0.0,0.0,0.0,0.0,0.0,0.002604275864112297,0.0030304989352678826,7.031663931661106e-09
20.0,10,3,-65601383.899400651,-70624421.834609166,-17279596.163384028,-6262398.9088102104,-0.00018911857106017403,-0.00022217016067384602,0.00012883879224281537,-4.1206584819971182e-05,0.0,0.0,0.0,0.0,0.0,0.0,0.0,0.0,0.0,0.0,0.0022075088621620045,0.0044749266977272863,5.961592334369445e-09
20.0,10,4,-55004223.372396991,-33915746.540946424,12328674.59075848,-5709938.7818909781,-0.00024091354318068792,-0.00010215136562974328,0.00020213692541687497,-3.7571397184842636e-05,0.0,0.0,0.0,0.0,0.0,0.0,0.0,0.0,0.0,0.0,0.0026042239436230401,0.0044749125785704096,7.031526247994926e-09
20.0,11,1,-45503287.363520972,-1534188.5734812394,40594464.874212965,-1654134.9475921856,-0.00028923167337276096,8.499666570047063e-08,0.00027729153635152828,-1.088420795515658e-05,0.0,0.0,0.0,0.0,0.0,0.0,0.0,0.0,0.0,0.0,0.0028946431119385237,0.0030305007419792656,7.814389995679909e-09
20.0,11,2,-32526932.104504876,47758307.122523926,78040341.942276388,-1158404.3664197645,-0.00036139652604490891,0.00016688034806894064,0.00036613613718291187,-7.6223007310420493e-06,0.0,0.0,0.0,0.0,0.0,0.0,0.0,0.0,0.0,0.0,0.0032912101707654375,0.0030305056988305075,8.882751641706664e-09
20.0,11,3,-45440235.658660926,-2535540.7328242064,37395240.665692843,-5028046.3233860973,-0.00028227950418723707,3.3388424768556467e-08,0.00026277793002701071,-3.3084544807880521e-05,0.0,0.0,0.0,0.0,0.0,0.0,0.0,0.0,0.0,0.0,0.0028945913738046831,0.0044749043586069185,7.81425172938077e-09
20.0,11,4,-32766372.57248465,45134404.400223926,74572850.46319899,-3545195.1053119861,-0.00035296932554663144,0.00015961778693379097,0.00035332276202816685,-2.3327383792952868e-05,0.0,0.0,0.0,0.0,0.0,0.0,0.0,0.0,0.0,0.0,0.0032911603553955038,0.0044748975837782959,8.882586276602768e-09
20.0,12,1,-21881479.613772556,87761303.786284715,108377309.45265266,-933404.44626301387,-0.00041930640698638382,0.00030214310778599291,0.00043779642507069415,-6.1418012564106311e-06,0.0,0.0,0.0,0.0,0.0,0.0,0.0,0.0,0.0,0.0,0.0035814548267206654,0.0030305106684434526,9.664177774517037e-09
20.0,12,2,-6369200.2715517581,147248246.93311283,153229527.65216404,665523.3900072719,-0.00050660088520249622,0.00050420191740419668,0.00054355874453555374,4.3791439062478486e-06,0.0,0.0,0.0,0.0,0.0,0.0,0.0,0.0,0.0,0.0,0.0039778376474796234,0.0030305197719557569,1.0730588871032161e-08
20.0,12,3,-21890083.939246289,84474805.734259009,104795670.52205549,-2291103.6114106555,-0.00040849777218120837,0.00029138320187045648,0.00042509449217415738,-1.5075461763082114e-05,0.0,0.0,0.0,0.0,0.0,0.0,0.0,0.0,0.0,0.0,0.0035814074032280352,0.0044748970302054139,9.664039849493607e-09
20.0,12,4,-7405051.7432218939,142868309.8273313,148698738.4628464,-1653941.7549891844,-0.00049770119501459011,0.00049109752411964961,0.00052946174454133912,-1.0882936747828834e-05,0.0,0.0,0.0,0.0,0.0,0.0,0.0,0.0,0.0,0.0,0.0039777946758217195,0.0044749017777658646,1.0730498528624832e-08
20.0,13,1,-102994274.6958791,-153578871.46796739,-102169510.22853667,-1317411.7099686554,-0.00011088893039891914,-0.0004437355771592599,-0.00010546198020380588,-8.6685690515937514e-06,0.0,0.0,0.0,0.0,0.0,0.0,0.0,0.0,0.0,0.0,0.00014528646761652295,0.0055324852975046756,3.925897396398201e-10
20.0,13,2,-99894968.518816441,-147083900.33034846,-96816757.010507837,-4816258.8493691916,-0.00011411180399552926,-0.00042461497531540989,-9.3857172270858649e-05,-3.169098322884928e-05,0.0,0.0,0.0,0.0,0.0,0.0,0.0,0.0,0.0,0.0,0.00054220843961596632,0.0055324750571372518,1.4650889733582078e-09
20.0,13,3,-102394567.10492665,-115973770.43002898,-101685507.42395397,-2544251.5935442233,-0.00016807117651534016,-0.00025742233439451348,-0.00016340556381453994,-1.6741175485520989e-05,0.0,0.0,0.0,0.0,0.0,0.0,0.0,0.0,0.0,0.0,0.00014527848445028554,0.0069772668194610903,3.9262121495799615e-10
20.0,13,4,-98820959.357376397,-110713742.77493986,-96174314.694342181,-9025936.7835762966,-0.00016722166598541637,-0.00024547618087298391,-0.00014980674410265121,-5.9390664035932027e-05,0.0,0.0,0.0,0.0,0.0,0.0,0.0,0.0,0.0,0.0,0.00054217977452756042,0.0069772408950499977,1.4652051917946916e-09
20.0,14,1,-96940451.459524989,-139584921.79035684,-89626064.717599273,-7130733.1545717493,-0.00012254889861505424,-0.00040314951339192793,-7.442023385318303e-05,-4.6920224157082108e-05,0.0,0.0,0.0,0.0,0.0,0.0,0.0,0.0,0.0,0.0,0.00083276647410024602,0.0055324603217687049,2.250083767862888e-09
20.0,14,2,-90879558.732988775,-125368406.13673787,-76442460.315788686,-9841254.5300617665,-0.00013553662466995184,-0.00036247324058662098,-4.0540517084775342e-05,-6.4755454807806419e-05,0.0,0.0,0.0,0.0,0.0,0.0,0.0,0.0,0.0,0.0,0.0012296516836106299,0.0055324323064321421,3.3221270476874163e-09
20.0,14,3,-97026652.282108366,-105898695.06196555,-90064185.435014263,-13509420.421492944,-0.00017551191022531371,-0.00023388995171677406,-0.00012969887837143451,-8.8891986373423559e-05,0.0,0.0,0.0,0.0,0.0,0.0,0.0,0.0,0.0,0.0,0.00083272308739105647,0.0069772036453445438,2.2502425197875568e-09
20.0,14,4,-89728210.046123952,-95331674.578368962,-77124369.718166724,-18832865.740804773,-0.00017616050024209332,-0.00021303129686426546,-9.3227230884134884e-05,-0.00012392025657449539,0.0,0.0,0.0,0.0,0.0,0.0,0.0,0.0,0.0,0.0,0.0012295910254830835,0.0069771314683909312,3.3223469774026214e-09
20.0,15,1,-85325905.564164802,-111662928.56210515,-63452864.134860583,-11286825.785647636,-0.00014994657535961819,-0.00032324418668606562,-6.0219627547963434e-06,-7.4267313669561447e-05,0.0,0.0,0.0,0.0,0.0,0.0,0.0,0.0,0.0,0.0,0.0015201717190350991,0.0055324067191708359,4.106638685166867e-09
20.0,15,2,-76128321.270611823,-88021072.570771977,-41780271.354269803,-12608820.615956305,-0.00017555548295149312,-0.00025380978650654692,5.0454685498037432e-05,-8.2966039652992483e-05,0.0,0.0,0.0,0.0,0.0,0.0,0.0,0.0,0.0,0.0,0.0019169883538416043,0.0055323685954060831,5.177811067541948e-09
20.0,15,3,-85852477.468321294,-86456385.610669941,-65745931.784627564,-21994234.704618312,-0.00018878272585703639,-0.00019275644143369047,-5.6481655258331681e-05,-0.00014472206435638848,0.0,0.0,0.0,0.0,0.0,0.0,0.0,0.0,0.0,0.0,0.0015201003187809451,0.0069770640289883983,4.106850847958779e-09
20.0,15,4,-74676093.820189103,-68702252.603088364,-44450652.549328208,-24648262.655412003,-0.00019459887896012729,-0.00015529100375160447,4.2845246021373366e-06,-0.00016218556827261098,0.0,0.0,0.0,0.0,0.0,0.0,0.0,0.0,0.0,0.0,0.0019169068988681582,0.0069769599645418739,5.178040654983118e-09
20.0,16,1,-68218561.56990996,-67143747.915171191,-22727758.419124808,-12758901.65889122,-0.00019909582784136213,-0.00019202355399318102,0.0001002336568908042,-8.3953572915504223e-05,0.0,0.0,0.0,0.0,0.0,0.0,0.0,0.0,0.0,0.0,0.0022074456324987081,0.0055323393540930906,5.961541359442091e-09
20.0,16,2,-56243191.610078797,-33157838.814580232,7186952.03912054,-12157969.797685714,-0.00024018195694516765,-8.828033555078715e-05,0.00017718838826656397,-7.9999441268772001e-05,0.0,0.0,0.0,0.0,0.0,0.0,0.0,0.0,0.0,0.0,0.0026041588654465821,0.0055323024969070305,7.0314526307160846e-09
20.0,16,3,-69242924.282276496,-54597105.551278099,-27603356.073654488,-25715767.60928791,-0.00021633789204398906,-0.0001199684047940195,5.7650466768743854e-05,-0.00016920975086911444,0.0,0.0,0.0,0.0,0.0,0.0,0.0,0.0,0.0,0.0,0.0022073598482109536,0.0069768765087810242,5.961680820544016e-09
20.0,16,4,-54607966.455546774,-27932859.213397861,2009988.6838166639,-24748201.301974505,-0.00023208169684099558,-5.6559491187655713e-05,0.00014046444797601582,-0.00016284316456699225,0.0,0.0,0.0,0.0,0.0,0.0,0.0,0.0,0.0,0.0,0.0026040727380060788,0.0069767637943995587,7.031551410913492e-09
20.0,17,1,-46400706.323375538,-4372852.7624429055,32096062.816998862,-10767234.216904901,-0.00027580620350307607,7.3707292786060374e-07,0.00024070253744058745,-7.0848401147234242e-05,0.0,0.0,0.0,0.0,0.0,0.0,0.0,0.0,0.0,0.0,0.0028945273493728935,0.0055322790375135046,7.814134290725968e-09
20.0,17,2,-32192520.413525946,41198063.056860819,69904247.715039045,-8366722.9458060395,-0.00033650425308723151,0.0001464057861479134,0.0003352924811987261,-5.5053036983403735e-05,0.0,0.0,0.0,0.0,0.0,0.0,0.0,0.0,0.0,0.0,0.0032911008618106826,0.0055322568766380037,8.882453774278015e-09
20.0,17,3,-47832138.656175539,-7128972.2131157331,24418672.163913548,-23171225.611610327,-0.00026647841920313819,1.3484159921952526e-06,0.00020893191599304794,-0.00015246666452439593,0.0,0.0,0.0,0.0,0.0,0.0,0.0,0.0,0.0,0.0,0.0028944447721601999,0.0069766839199897051,7.814039685067844e-09
20.0,17,4,-31179283.877397776,30174313.185876854,61885483.44929456,-17562385.116357613,-0.00030135089807055968,0.00010235577060578737,0.0003110152709390758,-0.00011556049406563309,0.0,0.0,0.0,0.0,0.0,0.0,0.0,0.0,0.0,0.0,0.0032910281882750801,0.0069765924594531051,8.882217606590814e-09
20.0,18,1,-21115154.634426691,78488891.776820377,100144220.71484351,-5484587.4090673458,-0.00038781609090896241,0.00026757853447704333,0.00041007059888923552,-3.6088585151663131e-05,0.0,0.0,0.0,0.0,0.0,0.0,0.0,0.0,0.0,0.0,0.0035813534293690948,0.0055322485612997905,9.66386312233007e-09
20.0,18,2,-5562193.930558309,136390547.69699615,144986577.48418221,-727960.90361597831,-0.0004723868274390533,0.00046166221247025509,0.00051822408846993913,-4.7899827457931374e-06,0.0,0.0,0.0,0.0,0.0,0.0,0.0,0.0,0.0,0.0,0.0039777498000590711,0.0055322517248113457,1.0730332308824428e-08
20.0,18,3,-22735455.509895615,60327428.575204715,90371446.618459091,-13482803.537471307,-0.00035178150035546682,0.00019477227692449328,0.00039246191564910703,-8.8716847276561203e-05,0.0,0.0,0.0,0.0,0.0,0.0,0.0,0.0,0.0,0.0,0.0035812918414951699,0.0069765400315858093,9.663349548131301e-09
20.0,18,4,-6224192.1858646944,111821270.26454513,135433273.82500955,-3912513.4678420159,-0.00042178314059081992,0.00035495600233287675,0.00051032298576073271,-2.5744338618400463e-05,0.0,0.0,0.0,0.0,0.0,0.0,0.0,0.0,0.0,0.0,0.0039777047904012491,0.0069765045465364746,1.0729535647923015e-08
20.0,19,1,-95137769.480780959,-67950887.398738533,-94388931.902119756,-3858312.5319912899,-0.00021919193290854865,-4.0302248808709551e-05,-0.00021426458164095795,-2.5387696460502686e-05,0.0,0.0,0.0,0.0,0.0,0.0,0.0,0.0,0.0,0.0,0.00014527145741149815,0.0080351599445601801,3.926693554446428e-10
20.0,19,2,-92907023.793792203,-64731909.159778297,-90111548.592691362,-13082921.119239273,-0.00021988245572005896,-3.4490201428247451e-05,-0.00020148822889681537,-8.6085620964594415e-05,0.0,0.0,0.0,0.0,0.0,0.0,0.0,0.0,0.0,0.0,0.00054215316242617025,0.0080351150527431491,1.4653728705807729e-09
20.0,19,3,10168444.759628747,-12529136.09005351,11140937.325673297,-2145951.0010097125,5.303557784586447e-05,-9.6314504145044775e-05,5.9434578930437607e-05,-1.4120357586643908e-05,0.0,0.0,0.0,0.0,0.0,0.0,0.0,0.0,0.0,0.0,0.00014531177631566748,0.0094803578434863589,3.9286626049256734e-10
20.0,19,4,9303932.010937823,-11404581.058690745,12931297.390118569,-7169111.0607666178,4.4107448251033157e-05,-9.2154567747122833e-05,6.7975512446042467e-05,-4.7172750779844342e-05,0.0,0.0,0.0,0.0,0.0,0.0,0.0,0.0,0.0,0.0,0.00054230144927690021,0.0094802823596898018,1.4660878976887848e-09
20.0,20,1,-89408363.678220004,-61206817.757650003,-83605554.237976611,-20113858.423481081,-0.00021823827063800999,-3.2672098480659352e-05,-0.0001800557845212084,-0.00013234918842650549,0.0,0.0,0.0,0.0,0.0,0.0,0.0,0.0,0.0,0.0,0.00083268343137027226,0.0080350501255810024,2.250504318347977e-09
20.0,20,2,-85391906.77580674,-56528429.696274579,-73214177.578377336,-27840582.895824596,-0.00022196621438508361,-3.2044535201762093e-05,-0.00014183675626599818,-0.00018319103545452585,0.0,0.0,0.0,0.0,0.0,0.0,0.0,0.0,0.0,0.0,0.0012295349450148867,0.0080349226918369071,3.3226645087891397e-09
20.0,20,3,7609408.0725102611,-10717087.780973,15986827.564638223,-10629502.812252114,2.9720851504360261e-05,-9.0867491211559624e-05,8.4844271762562245e-05,-6.9942128504618908e-05,0.0,0.0,0.0,0.0,0.0,0.0,0.0,0.0,0.0,0.0,0.00083290761225818743,0.0094801736987205516,2.251556756150271e-09
20.0,20,4,4606176.9464933686,-9889797.8831263296,21085240.981506936,-14966034.894899491,5.3420846370254823e-06,-9.0041429741872134e-05,0.00011377432598741477,-9.8476509608438643e-05,0.0,0.0,0.0,0.0,0.0,0.0,0.0,0.0,0.0,0.0,0.001229855218775298,0.0094799595123948033,3.3241249362041608e-09
20.0,21,1,-79093956.713604286,-50672478.161472447,-61648577.617356598,-33138966.264099993,-0.00021800251543747153,-3.098918656444406e-05,-0.00010321192098416172,-0.00021805439801777794,0.0,0.0,0.0,0.0,0.0,0.0,0.0,0.0,0.0,0.0,0.0015200342556696178,0.0080348028633116918,4.1072435886566215e-09
20.0,21,2,-72853773.077897638,-42492293.187085174,-44363606.038552135,-38002677.404935583,-0.00022703654461298124,-2.7258006931435229e-05,-3.9571245494087825e-05,-0.00025005761732447613,0.0,0.0,0.0,0.0,0.0,0.0,0.0,0.0,0.0,0.0,0.0019168300059942134,0.0080346132642310567,5.178366703049615e-09
20.0,21,3,1135470.5066342279,-9415139.8365430422,26118521.126374178,-17789401.756248791,-2.0713989904762056e-05,-9.0137005962868499e-05,0.00014367448317312683,-0.00011705426355611704,0.0,0.0,0.0,0.0,0.0,0.0,0.0,0.0,0.0,0.0,0.0015204178529675733,0.0094797563821725269,4.108892383295632e-09
20.0,21,4,-2960727.4337594472,-7754342.7696014345,35228329.532690316,-20814737.392518088,-5.821253625447765e-05,-8.9754525164317952e-05,0.00019307145858476175,-0.00013696097204276902,0.0,0.0,0.0,0.0,0.0,0.0,0.0,0.0,0.0,0.0,0.0019172885432197206,0.0094794280997373675,5.180224027036755e-09
20.0,22,1,-63351502.145957537,-32957326.260350488,-27108502.205393985,-40334832.944111183,-0.00022185350175391141,-2.1859824426617034e-05,1.6625437854996751e-05,-0.00026540320077225157,0.0,0.0,0.0,0.0,0.0,0.0,0.0,0.0,0.0,0.0,0.00220727853348385,0.0080344585220623894,5.962063137425732e-09
20.0,22,2,-54758287.300869003,-19713975.665568665,-2710817.3249001577,-40564611.29615283,-0.00023836026357940433,-7.7686930191280265e-06,0.00010411208886247075,-0.00026691514232868562,0.0,0.0,0.0,0.0,0.0,0.0,0.0,0.0,0.0,0.0,0.0026039909081060596,0.0080342405278171856,7.0316986814331615e-09
20.0,22,3,-7183149.717644982,-6875563.5582924262,42975397.309765309,-22456374.634970125,-9.2953485915552047e-05,-9.092956898701222e-05,0.00023708975352480761,-0.00014776294509810341,0.0,0.0,0.0,0.0,0.0,0.0,0.0,0.0,0.0,0.0,0.0022077822489434684,0.0094791534990341306,5.963872559686386e-09
20.0,22,4,-10576010.897883378,-3683794.2063905299,56805897.73516167,-23084034.462878972,-0.00013681297806487528,-9.1462192234852358e-05,0.00030655998074056111,-0.00015189294676574362,0.0,0.0,0.0,0.0,0.0,0.0,0.0,0.0,0.0,0.0,0.0026045436930555261,0.0094787511838771623,7.033455008825832e-09
20.0,23,1,-42495036.195459291,-5053388.9044618607,20316304.417781476,-38451923.547941066,-0.00023659058748834143,9.7754516864216404e-06,0.0001767080337467828,-0.00025301365694545221,0.0,0.0,0.0,0.0,0.0,0.0,0.0,0.0,0.0,0.0,0.0028943677229315203,0.0080340805103277669,7.81421864810364e-09
20.0,23,2,-31472906.949523479,16163205.749150701,52282357.710936561,-32341080.83493004,-0.00026550852501455529,4.7937096542720804e-05,0.00028560111645127182,-0.00021280431189383964,0.0,0.0,0.0,0.0,0.0,0.0,0.0,0.0,0.0,0.0,0.0032909666277309651,0.0080338809433695545,8.882005633095352e-09
20.0,23,3,-13780550.167906769,-1930582.8946097866,67987011.442363888,-22579218.032535803,-0.00017327190794498535,-9.5299123286691183e-05,0.00036475864745059565,-0.00014857125465408556,0.0,0.0,0.0,0.0,0.0,0.0,0.0,0.0,0.0,0.0,0.0028949469991603029,0.0094784408330011016,7.815644874561747e-09
20.0,23,4,-13721179.745236509,3118904.4160337374,87486329.154248521,-18941835.550014056,-0.00021176216776722849,-0.0001009544139860703,0.00045418324079138297,-0.00012463727791909248,0.0,0.0,0.0,0.0,0.0,0.0,0.0,0.0,0.0,0.0,0.0032915745738472829,0.0094780211105862655,8.883087835943455e-09
20.0,24,1,-18375134.783400886,37357915.586558282,80498435.911042869,-23608309.782633718,-0.0002780887092832142,8.8634762151117058e-05,0.00037249938588622563,-0.00015534267836972985,0.0,0.0,0.0,0.0,0.0,0.0,0.0,0.0,0.0,0.0,0.0035812479219485679,0.0080337547943731512,9.663066312711996e-09
20.0,24,2,-6025130.2725763097,69483558.735855132,119874637.27355514,-7807674.1879751049,-0.00032931160105774979,0.00016753557261772913,0.00049910886939579511,-5.137449615687619e-05,0.0,0.0,0.0,0.0,0.0,0.0,0.0,0.0,0.0,0.0,0.0039776971773920712,0.0080336337057375137,1.0728695961320765e-08
20.0,24,3,-12940219.644884512,6316962.5415473878,103211432.68023166,-14878846.840408444,-0.00023775596267483349,-0.00011104370388811151,0.00052652190962443085,-9.7902812209887561e-05,0.0,0.0,0.0,0.0,0.0,0.0,0.0,0.0,0.0,0.0,0.0035818734216533374,0.0094777221701620729,9.663612702986895e-09
20.0,24,4,-4900580.075544998,14133155.253204077,130077771.47163831,-4641387.2713678153,-0.00025235616460297591,-0.00012711418613980705,0.00063580138857749014,-3.0540328245600225e-05,0.0,0.0,0.0,0.0,0.0,0.0,0.0,0.0,0.0,0.0,0.003978355602182581,0.0094773576289898104,1.072875461485406e-08
20.0,25,1,-679042.86650818819,-226868.17652845918,5081481.5938144745,68726.415185950624,-2.8472358555919907e-05,-2.0634663929604605e-05,7.137673208967293e-05,1.1912578632231439e-06,-0.00015230349667031751,-0.00012180102049872484,0.00027410451716904235,6.4056564791817061e-06,-7.0462149442612193e-05,-5.6783483368278815e-05,0.00012724563281089104,2.8165047432886311e-06,0.00027477524345215524,0.00012754346644943638,0.0041833103449795432,0.00042340842499718855,3.757925450034611e-09
20.0,25,2,-420612.20860520937,-46227.042661275482,5257167.0294312648,11985.86379766368,-2.6451922728482772e-05,-1.9962579852121237e-05,7.196291739748285e-05,2.0775497249283715e-07,-0.00013690181931688163,-0.000112781752400971,0.00024968357171785259,2.6080872514841188e-06,-6.7898492203239151e-05,-5.6112964645770321e-05,0.0001240114568490094,1.3828430947966376e-06,0.0002500952705735726,0.0001242132331673591,0.0043481040863364781,0.00042341389044274209,3.9060804820554e-09
20.0,25,3,-615037.09691781411,92630.65933164279,5229498.8060364556,-124223.57005474974,-2.9489012487043255e-05,-1.7222771378719342e-05,7.1816276497497442e-05,-2.1532085476156623e-06,-0.00015855708030880516,-0.00010379345974989755,0.00026235054005870274,-9.7036599548101745e-06,-7.5082750168411748e-05,-4.9228436126202491e-05,0.00012431118629461425,-4.4530249610527471e-06,0.0002644935544989528,0.00012531619926222702,0.0041832507379203493,0.0015802046465237525,3.7579361029529925e-09
20.0,25,4,-508138.68575943238,-40919.841206778307,5188034.8032408524,-78987.142204142423,-2.7363642324928735e-05,-1.9265182352682734e-05,7.1370031484409551e-05,-1.3691104648718021e-06,-0.00013624907827161384,-0.00010242278775854357,0.0002386718660301574,-7.0173148916427604e-06,-6.9537743850289153e-05,-5.2108037045677706e-05,0.00012164578089596686,-3.7315237916762222e-06,0.0002396187314794992,0.00012214735299408806,0.0043480433425833248,0.0015802140510429116,3.906077329037231e-09
20.0,26,1,-306776.03669872019,24976.23486345727,5319278.9679688048,-18354.945491956754,-2.5467367967311991e-05,-1.9716995260234252e-05,7.2050918780258461e-05,-3.1815238852725038e-07,-0.00012737244034341332,-0.00010620753986020862,0.000233579980203622,1.0095591547072068e-06,-6.6504982994760879e-05,-5.5413147811341976e-05,0.00012191813080610285,7.5866712009920057e-07,0.00023391242862545828,0.00012210077188906087,0.0044687434476179295,0.00042341788650180072,4.014533764900916e-09
20.0,26,2,-52878.91675389139,219706.53575981688,5504335.2779138833,-23331.49059099628,-2.3601219478080014e-05,-1.8876404967842399e-05,7.2723826562828072e-05,-4.0441250357726866e-07,-0.00011521166379142533,-9.7647281914875418e-05,0.0002128589457063008,-2.4860366510679444e-07,-6.4722757283925707e-05,-5.4509897733076092e-05,0.00011923265501700179,-6.6768949639410608e-08,0.0002131047604050233,0.00011938469732073571,0.0046335421006414614,0.0004234233901538228,4.162690739444583e-09
20.0,26,3,-180852.95767069003,80649.802403223002,5389166.1496853791,-54731.996396630107,-2.4290636577296958e-05,-1.9757922069349111e-05,7.2256361283541611e-05,-9.4868793754158872e-07,-0.00012000705472322001,-0.00010204700601459498,0.00022205406073781496,-5.5556698686890109e-06,-6.4808931351904704e-05,-5.4952113988407816e-05,0.00011976104534031251,-3.3057093175836487e-06,0.000222402796882222,0.00011997473310383477,0.0044686832202549803,0.001580220683786009,4.0145391493862306e-09
20.0,26,4,-148157.48133863928,-127806.93600140535,5268270.8947771639,-35844.392036868048,-2.2537288919618229e-05,-2.2184546133772835e-05,7.1347469599722355e-05,-6.2130279530571278e-07,-0.00010254548106159761,-0.00010073821970320398,0.00020328370076480161,-3.0256481755923774e-06,-5.9455533028046451e-05,-5.8250364263072166e-05,0.00011770589729111866,-1.8655926911701484e-06,0.0002033191491375677,0.00011773121924821618,0.0046334842819974933,0.0015802295930602002,4.162675668168796e-09
20.0,27,1,-536641.46414148854,76908.710937682539,5252668.4444725495,123574.72848601335,-2.8473528143527454e-05,-1.7838658442155143e-05,7.1874510272449223e-05,2.1419619604242314e-06,-0.0001494983579849528,-0.00010525731266416702,0.00025475567064911974,7.6169359939508837e-06,-7.15117184155926e-05,-5.02641753477415e-05,0.00012177589376333409,3.4183780975762448e-06,0.0002561899910864187,0.0001224663202142586,0.0041832086047315867,0.0024270512729387683,3.757937823453214e-09
20.0,27,2,-308354.51116933348,65998.912554595154,5330091.5011368003,77237.776724379728,-2.5695755137023364e-05,-1.9206962459141938e-05,7.2037309076282961e-05,1.3387881298892487e-06,-0.00012621723514327001,-0.00010464136685536991,0.00023085860199863995,4.9969544509646582e-06,-6.5245904947175656e-05,-5.4417432171523622e-05,0.00011966333711869927,2.6087204313491726e-06,0.00023126982248254942,0.00011986918781924346,0.0043480036519542393,0.0024270553146326624,3.9060866777939955e-09
20.0,27,3,-965371.46305191144,-299316.52421959466,4847142.9154413436,-46138.677985342765,-3.106292507224581e-05,-1.9517972799152321e-05,6.9687324154970619e-05,-7.9973708507927434e-07,-0.00015117736145405815,-0.00010240517221846717,0.00025358253367252541,5.525432178197809e-08,-7.2796085441451846e-05,-4.9163664816337449e-05,0.00012195975025778931,4.1227090435458861e-07,0.00025517172811982675,0.00012275680410503507,0.0041831953169302761,0.0035838619650300062,3.757913562670489e-09
20.0,27,4,-428059.19321707031,51944.856176060624,5254717.5362922139,-9428.7506276401637,-2.6934105479434049e-05,-1.8614035289953097e-05,7.1567357832060248e-05,-1.6343167754576278e-07,-0.00013089053623246372,-9.7618613302063797e-05,0.00022850914953452751,5.3302937957049953e-07,-6.8471073189529811e-05,-5.0677201741994993e-05,0.00011914827493152475,3.1094646776313133e-07,0.0002293252878202206,0.00011960071659320587,0.0043479891537085182,0.0035838655852960476,3.906082321047289e-09
20.0,28,1,-294184.29612937709,-86246.783140196698,5237818.3102537571,56661.100082440244,-2.4528743390179268e-05,-2.0924493165033487e-05,7.1359301787128388e-05,9.8212573476229752e-07,-0.00011238816566256894,-0.00010344604951041398,0.00021583421517298298,3.9830448543661564e-06,-6.1427159853348609e-05,-5.6930506037395281e-05,0.00011835766589074392,2.3306980528724521e-06,0.0002159533972117691,0.00011842683014184382,0.0044686451459647484,0.002427058176693881,4.014529908981924e-09
20.0,28,2,-9756.6686626796145,-53052.433469481766,5361046.9979603859,44242.764441303581,-2.1362067173466025e-05,-2.2112527096783922e-05,7.1731863048000492e-05,7.6687458364926202e-07,-9.4605192518768349e-05,-0.00010187570799946434,0.00019648090051823275,2.5170169184545191e-06,-5.5660282331779265e-05,-6.0667869077356203e-05,0.00011632815140913552,1.5171221688002528e-06,0.00019656317688144598,0.0001163944626472866,0.0046334481587873939,0.0024270622122829861,4.16268246013841e-09
20.0,28,3,-399852.93986692955,-2630.357705688104,5215904.7865971094,6262.676977919692,-2.6184470247124747e-05,-1.9299278822996547e-05,7.1155330344918594e-05,1.0855306761727461e-07,-0.00011971328381104259,-9.3791091545097129e-05,0.00021350437535613983,9.6584765416290434e-07,-6.5900237070806294e-05,-5.1440136061430577e-05,0.00011734037313223691,5.0366505340023631e-07,0.00021403447383181741,0.00011764191371682633,0.0044686292773691901,0.0035838680679537195,4.01452896763917e-09
20.0,28,4,-2887.983000070788,219067.61763052922,5490969.4947942542,9394.4690985407778,-2.2878654889700093e-05,-1.9031424478769687e-05,7.2348208058734919e-05,1.6283746437470682e-07,-0.00010331728668469463,-8.9682114400936965e-05,0.00019299940108563163,1.2422796601948956e-06,-6.1777019937488917e-05,-5.3461532729161459e-05,0.00011523855266665038,8.2752889185178946e-07,0.00019316758700856182,0.00011534489976464112,0.0046334298346798553,0.0035838715253662294,4.162691538375641e-09
20.0,29,1,-429292.61624528281,126412.50263686967,5318428.2057765992,-18837.332294587733,-2.7503264383590972e-05,-1.7871042322967002e-05,7.2123896531454978e-05,-3.2651375977285399e-07,-0.0001406454536939489,-0.00010389640500407234,0.0002445418586980213,-4.5730432545843338e-06,-6.8886562178641642e-05,-5.1134775310177796e-05,0.00012002133748881952,-2.7003636769616382e-06,0.0002455477358633095,0.00012054097847132165,0.0041831595820726207,0.0044307058299970763,3.757942285128184e-09
20.0,29,2,-390172.80739874789,-23179.82651728997,5228553.019960843,-59814.641435513076,-2.6023796872424182e-05,-1.9662585203812237e-05,7.1367450801808707e-05,-1.03678711821556e-06,-0.00012146219176199105,-0.00010089909200513422,0.00022236128376712524,-4.725152806274527e-06,-6.4147653512467497e-05,-5.3748613792806594e-05,0.00011789626730527408,-2.49204919751021e-06,0.00022274972247293722,0.00011809376107989818,0.0043479561100712178,0.0044307112565449723,3.906081000212248e-09
20.0,29,3,-425456.33300757501,169560.15045924881,5326114.8482555114,21126.082564787495,-2.7655451101626721e-05,-1.7341832054868434e-05,7.2038449373600143e-05,3.6618543112298322e-07,-0.00014011893347110022,-9.7743958081858412e-05,0.00023786289155295869,5.1189861355894162e-06,-7.0185793392568704e-05,-4.8702562386403826e-05,0.00011888835577897253,3.1045095632595891e-06,0.0002392368893609126,0.00011964221186794566,0.0041831265461352565,0.0055875210082407985,3.757943380855587e-09
20.0,29,4,-688945.83389355382,-237575.96300535044,4957467.1405704729,63738.198721364373,-2.8065509162174543e-05,-2.0241764733445692e-05,6.980564906186861e-05,1.1047954445036492e-06,-0.00012344761470370124,-9.3758609695060368e-05,0.00021720622439876173,4.9689956155623376e-06,-6.6582624378015714e-05,-5.0292486094294616e-05,0.00011687511047231037,2.687595907834762e-06,0.00021796252812675615,0.00011730104785474021,0.0043479224656389932,0.0055875253285480979,3.906064662306586e-09
20.0,30,1,-220784.96233097883,-19965.282948719338,5289831.6102143908,-68126.1349552545,-2.4023264806809073e-05,-2.0542390364183226e-05,7.1494089117310662e-05,-1.1808530058910777e-06,-0.00010852706142386743,-9.8469120151451975e-05,0.00020699618157531943,-4.4638067385326846e-06,-6.0987370168818975e-05,-5.5571540879269176e-05,0.00011655891104808816,-2.4554605082681223e-06,0.00020714364278724408,0.00011663936259915835,0.0044685982164948818,0.0044307150856036284,4.0145340133138e-09
20.0,30,2,-87599.594416279346,-78189.965866263025,5294680.1980610723,-54612.336870216073,-2.2033955520996301e-05,-2.1870855292796015e-05,7.1258894215277808e-05,-9.4661383908374549e-07,-9.4100308618001594e-05,-9.5060903417580898e-05,0.00018916121203558253,-3.4466620711760047e-06,-5.6643307148579865e-05,-5.7414029647814419e-05,0.00011405733679639433,-2.1476059634956499e-06,0.00018920650815604386,0.00011408778272112107,0.0046334015304465301,0.0044307202484720727,4.162678700466174e-09
20.0,30,3,29431.622073319973,284517.74910850427,5551796.0046833809,62854.976773436436,-2.2952833387523284e-05,-1.8531340518913413e-05,7.2768149244384461e-05,1.089486264072898e-06,-0.00010689186623710587,-9.3110018568472641e-05,0.00020000188480557855,4.2045470033131249e-06,-6.1321201502678128e-05,-5.3373513743172703e-05,0.00011469471524585082,2.4307783864818947e-06,0.00020021994513430978,0.0001148237546924971,0.0044685643248421024,0.00558752858222945,4.014551498820933e-09
20.0,30,4,-324432.38874445041,-209741.08729590965,5100773.2711869041,39121.873028524453,-2.3889893918823324e-05,-2.1901911360381956e-05,7.0147004186653497e-05,6.7811246582775725e-07,-9.444502999930379e-05,-9.0112332136794881e-05,0.0001845573621360986,2.6971834943048398e-06,-5.7551015245023267e-05,-5.4894330294204103e-05,0.00011244534553922738,1.7336166585239556e-06,0.0001846032394128293,0.00011247662021498846,0.0046333675782500305,0.0055875327870054566,4.16266621709231e-09
20.0,31,1,-900306.39008989651,-311823.31640030723,4839411.061938474,28109.821366791733,-3.0114436183351299e-05,-1.9914062906065075e-05,6.9373999651807148e-05,4.872369036910566e-07,-0.00013578235704223024,-9.7871559224005765e-05,0.00023365391626623599,-2.4953941578436077e-06,-6.8285908933640336e-05,-4.9396339892919839e-05,0.00011768224882656015,-1.9198599480685152e-06,0.00023474462587599803,0.00011829097760555682,0.004183092748567159,0.006434366904815002,3.7579144610910516e-09
20.0,31,2,-196061.91490362119,193784.64250071882,5408100.451813003,-13748.528187160831,-2.5021699242636513e-05,-1.8264358914294613e-05,7.2117115113784987e-05,-2.3830782191078775e-07,-0.00011587990710824788,-9.3608922121927497e-05,0.00020948882923017544,-2.4905413408927699e-06,-6.3426860942627871e-05,-5.1413307675757461e-05,0.00011484016861838536,-1.5262958975727156e-06,0.00020990866225807487,0.00011507495648565238,0.0043478901134292956,0.0064343757298118334,3.9060933043407985e-09
20.0,31,3,-868634.55326004256,432636.36782465619,5138027.259893436,-115720.40933537924,-3.3864448554339613e-05,-1.1309085922204813e-05,7.025102287365405e-05,-2.0058204284799068e-06,-0.00016604603200945692,-6.4820003702316793e-05,0.00023086603571177372,-6.1094935528069124e-06,-8.419807832139605e-05,-3.0186980201020454e-05,0.0001143850585224165,-2.5986693255876408e-06,0.0002384836788276004,0.00011915106172832477,0.0041830709628775786,0.0075912186341834127,3.7579360014727495e-09
20.0,31,4,-408788.69382697018,280485.43204221781,5308159.3831706997,-189759.67606801805,-2.7805095178544593e-05,-1.5857676996812005e-05,7.1288671489414988e-05,-3.2891677185123124e-06,-0.00012448590060100496,-8.1056949015592732e-05,0.00020554284961659772,-1.339669346155443e-05,-6.9131077248635019e-05,-4.4202857366513933e-05,0.00011333393461514897,-8.2335121096311706e-06,0.00020767778507950834,0.00011477454103486424,0.0043478628059075179,0.007591209581936046,3.906088596885453e-09
20.0,32,1,-553851.94329878758,-223587.49918849324,4999322.9960035859,-10810.801444336144,-2.6487634564577546e-05,-2.0763050866665779e-05,6.9767397716663624e-05,-1.8738722503515981e-07,-0.00010840931013411942,-8.9086846994987107e-05,0.00019749615712910657,-2.0224138373447568e-06,-6.205603591245769e-05,-5.1015009260501727e-05,0.00011307104517295945,-1.3637240433023459e-06,0.0001978306514423347,0.0001132698459391148,0.0044685324634249953,0.0064343819020343286,4.014516302346189e-09
20.0,32,2,155071.5928223005,309756.9019755125,5585992.1078824224,18772.568067318327,-2.1515374801801079e-05,-1.8834162776478738e-05,7.2620580792574413e-05,3.2539117983351755e-07,-9.3267343908668267e-05,-8.4329864916425697e-05,0.00017759720882509398,-1.9187343201601114e-07,-5.7774086846164509e-05,-5.2237531568826535e-05,0.00011001161841499106,-2.8798617254593122e-07,0.00017767617510247412,0.00011006507400895132,0.0046333355140495787,0.0064343905567386655,4.162699168240369e-09
20.0,32,3,-413840.85060342983,-197646.37912730779,5065478.4396795463,-193089.87901106363,-2.4989206250254682e-05,-2.1241835411335245e-05,6.9985661447983572e-05,-3.34689123619177e-06,-9.9897314950518122e-05,-9.1925033776578226e-05,0.00019182234872709648,-1.2421681828496774e-05,-5.8027270964350145e-05,-5.4353094230835713e-05,0.00011238036519518592,-7.9004033914762069e-06,0.0001924399947112032,0.00011284398672814021,0.0044685049989050211,0.0075912018834387177,4.014521271949114e-09
20.0,32,4,53548.906995283673,-468693.61708941148,5121698.4794347882,-122533.26874160596,-1.7898034022777729e-05,-2.6950237773579097e-05,6.9949891899507012e-05,-2.1239099915211697e-06,-6.8441521679310892e-05,-0.00010623066507456304,0.00017467218675387396,-6.5813888834380768e-06,-4.1791983809042763e-05,-6.8927592843792964e-05,0.0001107195766528358,-4.4044619698129394e-06,0.00017631854296046824,0.00011220421843978789,0.0046333128675066278,0.0075911936924322769,4.162669324195765e-09
20.0,33,1,-180396.30801335117,1294403.448577554,5932894.0745172091,7725.9995345142024,-3.1314474199223717e-05,-5.7512784183147013e-06,7.4649225764639279e-05,1.3391732526491277e-07,-0.00019079192423697981,-6.0474739877719615e-05,0.00025126666411469931,-2.1713155256912756e-07,-9.1274967573636969e-05,-2.6280666593240308e-05,0.00011755563416687721,-7.3799204134141336e-07,0.00026277277061750317,0.00012421045005768676,0.0041831879625278158,0.0084381340029987487,3.7579829984570815e-09
20.0,33,2,-378700.98373119393,227378.08198573114,5354311.7877478264,-25837.807971282396,-2.7376105928683499e-05,-1.6870735456256781e-05,7.1996115443619555e-05,-4.4785533816889489e-07,-0.00013519587798199568,-9.1073481841596909e-05,0.00022626935982359258,6.9398563621224733e-07,-7.0764880244273944e-05,-4.726190623923904e-05,0.00011802678648351297,5.5199333717810195e-07,0.0002277330800741367,0.00011883306919335504,0.004347976403159674,0.0084380802616434974,3.906089078798297e-09
20.0,33,3,-832356.12777217012,589887.30232319515,5529741.7854249775,80972.16868556074,-3.5576598054621606e-05,-1.0924378599635287e-05,7.469976577412892e-05,1.4035175905497187e-06,-0.00027513301785887692,-0.00010404054452431928,0.00037917356238319628,1.2375459939842564e-05,-0.00010868965597988657,-3.9366004634267324e-05,0.00014805566061415384,5.2635536940256514e-06,0.0003926753943881173,0.0001539309577073963,0.0041838508724071806,0.0095950009464940353,3.7579477311411865e-09
20.0,33,4,-465029.12065588357,239048.32088607899,5539870.0214372175,205298.72011006376,-2.9316061644704974e-05,-1.7112052657977616e-05,7.4768856818242102e-05,3.5585111485744379e-06,-0.00020771430148724178,-0.00013697198665038935,0.00034468628813763108,2.4694637461370735e-05,-8.7755464340735434e-05,-5.7782597098257587e-05,0.00014553806143899301,1.0927915641912461e-05,0.00034837968936520056,0.00014718563226694286,0.0043486229994318592,0.0095948776895564535,3.906091389128957e-09
20.0,34,1,53096.965592173859,-61653.777225318132,5413998.6774287224,-30956.116368930219,-2.070142005958464e-05,-2.2690432935087822e-05,7.2220876278915555e-05,-5.3657268372812369e-07,-9.8377156723641359e-05,-0.00011117573746453171,0.00020955289418817316,-1.9638909851057982e-07,-5.449158375630867e-05,-6.3318366375542039e-05,0.00011780995013185081,-8.8216219099946289e-08,0.00020972679406872926,0.00011800719256562901,0.0044686184795730798,0.0084380408188167409,4.014541643301746e-09
20.0,34,2,-245071.3451060548,-1327186.7701930429,4537302.7697273921,13820.278566024417,-1.6108081932884795e-05,-3.4864749301059266e-05,6.6786402724228308e-05,2.3955149514442316e-07,-5.8098150541768923e-05,-0.00013875205305676614,0.00019685020359853505,1.6261102257779823e-06,-3.1302148467826777e-05,-8.546158079608996e-05,0.0001167637292639167,8.9703382680190625e-07,0.00020267135284412325,0.00012180726668084686,0.004633428973667161,0.0084379875591269748,4.162630661300427e-09
20.0,34,3,-363923.02910434129,-162843.3356455341,5373164.234978741,213014.04006761548,-2.5693590652057384e-05,-2.2208209298771383e-05,7.3749255258716062e-05,3.6922433611720019e-06,-0.00016906029558160329,-0.00015518114265573743,0.00032424143823734075,2.4140492203868408e-05,-7.4475780855907001e-05,-6.929338346171811e-05,0.0001437691643176251,1.1227735781719831e-05,0.0003256466744010708,0.0001444839411543947,0.0044692538556539594,0.0095947938368603613,4.0145296736921845e-09
20.0,34,4,-20955.122764257016,-602789.72215471929,5269022.0154297864,81379.530084723796,-1.8944330809957041e-05,-2.9029463866058384e-05,7.2748606252073081e-05,1.4105785214685454e-06,-0.00012056861274674045,-0.00017988031996370933,0.00030044893271044971,8.3925265290879776e-06,-5.5762857177606339e-05,-8.5253720030087072e-05,0.00014101657720769339,4.1775909811861379e-06,0.00030268394741539526,0.00014225614395871415,0.0046340490318005859,0.0095946773102318084,4.162667963801717e-09
