id,x,y,z,temperature,displacement_x,displacement_y,displacement_z
1,0,0,0,600,-9.0749181890062026e-41,-4.2687506508168754e-40,-9.8801248291336234e-40
2,0,0,0.00025000000000000001,624.95826446674391,-4.07694396023177e-36,-2.0931363631306758e-36,-3.4744189563732022e-36
3,0,0,0.00050000000000000001,649.92963913703124,-2.871944211730171e-36,-2.6739029990430322e-36,-3.9011269956518379e-36
4,0,0,0.00075000000000000002,674.93630975104429,-1.4700829498568457e-36,-2.8170693604143754e-36,-2.7229510997846692e-36
5,0,0,0.001,700,7.0914456742298614e-41,-3.9861930874906134e-40,7.2358656105689773e-40
6,0,0.001,0,600,1.2455064927566712e-37,-2.839586545669525e-37,-3.7233376833546671e-37
7,0,0.001,0.00025000000000000001,624.9539622484632,-3.3239656405174302e-36,-2.6677228072588241e-36,-4.9176005953222676e-36
8,0,0.001,0.00050000000000000001,649.92402007470093,-3.4369114394600132e-37,-4.8812418484360366e-36,-3.913865154090386e-36
9,0,0.001,0.00075000000000000002,674.93196730851253,-1.8255700540169572e-36,-6.1117585198732413e-36,-7.797934668719024e-37
10,0,0.001,0.001,700,-2.4245635124549155e-36,-3.7860933338291376e-36,1.5656779482543325e-36
11,0,0.002,0,600,4.7564534429077141e-37,1.5715494672017336e-37,-1.2708642182603936e-37
12,0,0.002,0.00025000000000000001,624.95133927942356,1.2445450051741749e-36,-7.7411332003044659e-37,-4.2320293028801182e-36
13,0,0.002,0.00050000000000000001,649.92047227228386,4.8866907674698673e-36,-2.7616562377860053e-36,-3.1059875857875308e-36
14,0,0.002,0.00075000000000000002,674.92927751815137,1.1252824923402551e-36,-4.3860616927220669e-36,5.2508281510152062e-37
15,0,0.002,0.001,700,-1.4116284896803743e-36,-3.8897535708555611e-36,1.4307798449125787e-36
16,0,0.0030000000000000005,0,600,6.37722923561713e-37,5.1760776576638353e-37,-4.1021380600992016e-39
17,0,0.0030000000000000005,0.00025000000000000001,624.95077419147901,1.3223773964484371e-36,2.3832477232525486e-37,-3.9917998942793811e-36
18,0,0.0030000000000000005,0.00050000000000000001,649.91972187066801,4.6703441972019861e-36,-1.4505649745176095e-36,-2.8915009046910167e-36
19,0,0.0030000000000000005,0.00075000000000000002,674.92873109677328,4.2838796548354614e-37,-2.7924042678318399e-36,9.386207033146345e-37
20,0,0.0030000000000000005,0.001,700,-1.0239615803727906e-36,-3.9747736615095003e-36,1.5475672226969841e-36
21,0,0.0040000000000000001,0,600,4.5637635407946657e-37,4.2150315269396984e-37,-3.5367878174530844e-38
22,0,0.0040000000000000001,0.00025000000000000001,624.95133927942345,1.1677540871764111e-36,1.0922883823647602e-36,-3.8574628354045703e-36
23,0,0.0040000000000000001,0.00050000000000000001,649.92047227228375,5.4478437692902541e-36,-9.3531607915714589e-39,-2.6447666538028684e-36
24,0,0.0040000000000000001,0.00075000000000000002,674.92927751815137,2.3019596474284707e-36,-9.3819183541668356e-37,9.6275290754646106e-37
25,0,0.0040000000000000001,0.001,700,4.6310749585974819e-37,-3.1115240426472291e-36,1.9692439878237446e-36
26,0,0.0050000000000000001,0,600,-2.2015213037656699e-36,4.5628431415206478e-37,-1.0846393550421725e-36
27,0,0.0050000000000000001,0.00025000000000000001,624.95396224846309,-1.7451270477042112e-36,2.3168418345009075e-36,-3.6095858839327392e-36
28,0,0.0050000000000000001,0.00050000000000000001,649.92402007470082,3.7471326192389824e-36,2.4682198715358422e-36,-3.2638582099434718e-36
29,0,0.0050000000000000001,0.00075000000000000002,674.93196730851253,3.7691534358837259e-36,2.1736907987258806e-36,-2.8834519185123844e-37
30,0,0.0050000000000000001,0.001,700,1.6997917482687061e-36,-1.3608209558701342e-36,2.6920213469317576e-36
31,0,0.006000000000000001,0,600,-9.0749185046339236e-41,4.2687506548733921e-40,-9.8801248449101685e-40
32,0,0.006000000000000001,0.00025000000000000001,624.95826446674391,-4.0769439602354617e-36,2.0931363631314973e-36,-3.4744189563732302e-36
33,0,0.006000000000000001,0.00050000000000000001,649.92963913703113,-2.8719442117324389e-36,2.6739029990438173e-36,-3.9011269956521366e-36
34,0,0.006000000000000001,0.00075000000000000002,674.93630975104418,-1.470082949858566e-36,2.8170693604150743e-36,-2.7229510997847945e-36
35,0,0.006000000000000001,0.001,700,7.0914455916610567e-41,3.9861930908248213e-40,7.235865618343641e-40
36,0.002,0,0,600,-3.6455409747001663e-07,-3.0044618373057538e-07,-2.100928793214967e-06
37,0.002,0,0.00025000000000000001,624.95106375992793,3.9536957256248717e-08,-5.5346733112141164e-07,-2.0671300656784427e-06
38,0.002,0,0.00050000000000000001,649.92041241258198,3.7054758570991549e-07,-8.3418307958540408e-07,-1.9883076818850163e-06
39,0.002,0,0.00075000000000000002,674.92938957800789,6.9354707335189929e-07,-1.104447673438694e-06,-1.8487135440657238e-06
40,0.002,0,0.001,700,1.0627613275374052e-06,-1.344617917829034e-06,-1.644224333176907e-06
41,0.002,0.001,0,600,-7.478708653197993e-08,-2.0062693666706446e-07,-1.4317402969835082e-06
42,0.002,0.001,0.00025000000000000001,624.94762543377783,2.9955423165309597e-07,-3.1098826503795985e-07,-1.3964650440299372e-06
43,0.002,0.001,0.00050000000000000001,649.91656173289493,6.480313093242684e-07,-4.2527890415897972e-07,-1.3045281413031741e-06
44,0.002,0.001,0.00075000000000000002,674.92674946990769,1.0213610572717237e-06,-5.4852724062054888e-07,-1.1570822857156032e-06
45,0.002,0.001,0.001,700,1.3431293894693595e-06,-6.7685533322045165e-07,-9.314737766372492e-07
46,0.002,0.002,0,600,1.0282659826178884e-07,-1.1130690064204379e-07,-1.1398620341559316e-06
47,0.002,0.002,0.00025000000000000001,624.94448128089164,3.7228218501515017e-07,-1.5560289586319853e-07,-1.127289216747932e-06
48,0.002,0.002,0.00050000000000000001,649.91159022053853,6.4117293424008965e-07,-2.08306939599887e-07,-1.0468412228249371e-06
49,0.002,0.002,0.00075000000000000002,674.92315511967706,9.2634447074887071e-07,-2.5757464303787259e-07,-8.7988324865323048e-07
50,0.002,0.002,0.001,700,1.1093100417193779e-06,-2.9790365166504426e-07,-6.1581647929155409e-07
51,0.002,0.0030000000000000005,0,600,1.2807515061772485e-07,3.6999237512695877e-20,-1.0678752207580884e-06
52,0.002,0.0030000000000000005,0.00025000000000000001,624.94406739976091,4.122892581569029e-07,5.9074254197328837e-20,-1.0517491253878941e-06
53,0.002,0.0030000000000000005,0.00050000000000000001,649.91160546129106,6.7420988328040073e-07,8.0839531203056283e-20,-9.6544709962363687e-07
54,0.002,0.0030000000000000005,0.00075000000000000002,674.92256192581317,9.5938107551652274e-07,9.9649133728831335e-20,-8.0984223986162963e-07
55,0.002,0.0030000000000000005,0.001,700,1.1907869848643686e-06,1.1356121340401803e-19,-5.5413044024554554e-07
56,0.002,0.0040000000000000001,0,600,1.0282659826154597e-07,1.1130690064212599e-07,-1.1398620341561097e-06
57,0.002,0.0040000000000000001,0.00025000000000000001,624.94448128089164,3.7228218501494821e-07,1.5560289586332797e-07,-1.1272892167480879e-06
58,0.002,0.0040000000000000001,0.00050000000000000001,649.91159022053853,6.4117293423991252e-07,2.0830693960005715e-07,-1.0468412228250748e-06
59,0.002,0.0040000000000000001,0.00075000000000000002,674.92315511967706,9.2634447074872777e-07,2.5757464303808663e-07,-8.7988324865335457e-07
60,0.002,0.0040000000000000001,0.001,700,1.1093100417192555e-06,2.9790365166529509e-07,-6.1581647929166897e-07
61,0.002,0.0050000000000000001,0,600,-7.47870865324715e-08,2.0062693666720022e-07,-1.4317402969838691e-06
62,0.002,0.0050000000000000001,0.00025000000000000001,624.94762543377783,2.9955423165267976e-07,3.1098826503814222e-07,-1.3964650440302572e-06
63,0.002,0.0050000000000000001,0.00050000000000000001,649.91656173289482,6.4803130932391381e-07,4.2527890415920689e-07,-1.3045281413034634e-06
64,0.002,0.0050000000000000001,0.00075000000000000002,674.92674946990769,1.021361057271437e-06,5.4852724062081527e-07,-1.1570822857158656e-06
65,0.002,0.0050000000000000001,0.001,700,1.3431293894691397e-06,6.7685533322075288e-07,-9.3147377663749081e-07
66,0.002,0.006000000000000001,0,600,-3.6455409747075672e-07,3.0044618373085236e-07,-2.1009287932154994e-06
67,0.002,0.006000000000000001,0.00025000000000000001,624.95106375992782,3.9536957255606322e-08,5.5346733112172769e-07,-2.0671300656789251e-06
68,0.002,0.006000000000000001,0.00050000000000000001,649.9204124125821,3.7054758570934326e-07,8.3418307958574797e-07,-1.9883076818854572e-06
69,0.002,0.006000000000000001,0.00075000000000000002,674.92938957800811,6.9354707335139054e-07,1.1044476734390703e-06,-1.8487135440661285e-06
70,0.002,0.006000000000000001,0.001,700,1.0627613275369742e-06,1.3446179178294442e-06,-1.644224333177278e-06
71,0.0040000000000000001,0,0,600,-5.0826817623944871e-08,-1.3609403023866154e-07,-5.9160504445832281e-06
72,0.0040000000000000001,0,0.00025000000000000001,624.95172925224699,5.0073299200209573e-07,-4.1740165445739433e-07,-5.9332503373894126e-06
73,0.0040000000000000001,0,0.00050000000000000001,649.92278577525803,1.1093304162923612e-06,-6.8708170067939831e-07,-5.9215327889013039e-06
74,0.0040000000000000001,0,0.00075000000000000002,674.93287841546612,1.7281120071954169e-06,-9.8391035868418758e-07,-5.8944048739617077e-06
75,0.0040000000000000001,0,0.001,700,2.3375172533676998e-06,-1.304189231016022e-06,-5.8723636023312303e-06
76,0.0040000000000000001,0.001,0,600,-1.304001969406808e-07,-1.9494463097941124e-07,-4.924284340999099e-06
77,0.0040000000000000001,0.001,0.00025000000000000001,624.95463093950673,4.0345846114251262e-07,-3.938226054920571e-07,-4.9292354149454058e-06
78,0.0040000000000000001,0.001,0.00050000000000000001,649.92613778647694,9.8835043983560842e-07,-6.0012857685933418e-07,-4.9110474841952241e-06
79,0.0040000000000000001,0.001,0.00075000000000000002,674.93474472659318,1.5204765706331156e-06,-7.9087561844524074e-07,-4.8867617751231826e-06
80,0.0040000000000000001,0.001,0.001,700,2.1518384420873361e-06,-9.7012867689102433e-07,-4.8838231589582485e-06
81,0.0040000000000000001,0.002,0,600,1.5410781271491288e-09,-1.060986322781663e-07,-4.3672764278754727e-06
82,0.0040000000000000001,0.002,0.00025000000000000001,624.95526520352951,5.4215172771491337e-07,-1.8845794248460317e-07,-4.359743990459709e-06
83,0.0040000000000000001,0.002,0.00050000000000000001,649.92720118389445,1.125090057978988e-06,-2.6872121122808716e-07,-4.3367881785660245e-06
84,0.0040000000000000001,0.002,0.00075000000000000002,674.93618443017942,1.6656059201271647e-06,-3.5772009619625291e-07,-4.3125082290989969e-06
85,0.0040000000000000001,0.002,0.001,700,2.3641022302874967e-06,-4.4713430165082247e-07,-4.3286662646901618e-06
86,0.0040000000000000001,0.0030000000000000005,0,600,9.2030911080868029e-09,2.735104499315679e-19,-4.1955901461895716e-06
87,0.0040000000000000001,0.0030000000000000005,0.00025000000000000001,624.95535893599413,5.3259995599500234e-07,3.2483749385866001e-19,-4.1834743342442734e-06
88,0.0040000000000000001,0.0030000000000000005,0.00050000000000000001,649.92752840240678,1.0918805813801849e-06,3.7506358736673717e-19,-4.1556034371981076e-06
89,0.0040000000000000001,0.0030000000000000005,0.00075000000000000002,674.93656877583237,1.5997925217926109e-06,4.265353561709579e-19,-4.1288954186487422e-06
90,0.0040000000000000001,0.0030000000000000005,0.001,700,2.2183964792793428e-06,4.8382556426825668e-19,-4.1476821472143542e-06
91,0.0040000000000000001,0.0040000000000000001,0,600,1.5410781267212643e-09,1.0609863227873821e-07,-4.3672764278758836e-06
92,0.0040000000000000001,0.0040000000000000001,0.00025000000000000001,624.95526520352951,5.4215172771450065e-07,1.8845794248527416e-07,-4.3597439904601257e-06
93,0.0040000000000000001,0.0040000000000000001,0.00050000000000000001,649.92720118389434,1.1250900579786181e-06,2.6872121122886813e-07,-4.3367881785664421e-06
94,0.0040000000000000001,0.0040000000000000001,0.00075000000000000002,674.93618443017942,1.6656059201268191e-06,3.5772009619713086e-07,-4.3125082290994111e-06
95,0.0040000000000000001,0.0040000000000000001,0.001,700,2.3641022302872062e-06,4.4713430165179211e-07,-4.3286662646905692e-06
96,0.0040000000000000001,0.0050000000000000001,0,600,-1.3040019694158731e-07,1.949446309800305e-07,-4.9242843409999308e-06
97,0.0040000000000000001,0.0050000000000000001,0.00025000000000000001,624.95463093950673,4.0345846114166702e-07,3.9382260549277962e-07,-4.9292354149462435e-06
98,0.0040000000000000001,0.0050000000000000001,0.00050000000000000001,649.92613778647694,9.8835043983485032e-07,6.0012857686015675e-07,-4.9110474841960593e-06
99,0.0040000000000000001,0.0050000000000000001,0.00075000000000000002,674.93474472659318,1.5204765706324306e-06,7.9087561844616771e-07,-4.8867617751240102e-06
100,0.0040000000000000001,0.0050000000000000001,0.001,700,2.1518384420867262e-06,9.7012867689206152e-07,-4.8838231589590667e-06
101,0.0040000000000000001,0.006000000000000001,0,600,-5.082681762523252e-08,1.3609403023932186e-07,-5.9160504445844834e-06
102,0.0040000000000000001,0.006000000000000001,0.00025000000000000001,624.95172925224699,5.0073299200088267e-07,4.1740165445815656e-07,-5.9332503373906696e-06
103,0.0040000000000000001,0.006000000000000001,0.00050000000000000001,649.92278577525803,1.1093304162912257e-06,6.8708170068027774e-07,-5.9215327889025559e-06
104,0.0040000000000000001,0.006000000000000001,0.00075000000000000002,674.93287841546623,1.7281120071943708e-06,9.8391035868517078e-07,-5.8944048739629486e-06
105,0.0040000000000000001,0.006000000000000001,0.001,700,2.3375172533667643e-06,1.3041892310170984e-06,-5.8723636023324636e-06
106,0.006000000000000001,0,0,600,-1.796397391896954e-07,-8.5878725591375752e-08,-1.1850721822348392e-05
107,0.006000000000000001,0,0.00025000000000000001,624.95295448414493,7.0948808030987197e-07,-4.5873873292975752e-07,-1.1812516719142664e-05
108,0.006000000000000001,0,0.00050000000000000001,649.92138570008228,1.5293962198303416e-06,-8.4776170192931674e-07,-1.1748677612423618e-05
109,0.006000000000000001,0,0.00075000000000000002,674.92858463212451,2.3420793462474088e-06,-1.1983750459920876e-06,-1.1638794365678572e-05
110,0.006000000000000001,0,0.001,700,3.1637649754824981e-06,-1.5175151800732742e-06,-1.1456332122156369e-05
111,0.006000000000000001,0.001,0,600,-1.043997728570385e-07,-2.1092517359591467e-08,-1.0707279155491032e-05
112,0.006000000000000001,0.001,0.00025000000000000001,624.94974485887099,7.9623700693127851e-07,-2.3899366104587371e-07,-1.0678595214149405e-05
113,0.006000000000000001,0.001,0.00050000000000000001,649.91795761594688,1.6261037676139636e-06,-4.433686300630105e-07,-1.0618884114850036e-05
114,0.006000000000000001,0.001,0.00075000000000000002,674.92673084510454,2.5389485629775922e-06,-6.7193404889293104e-07,-1.0508399558080325e-05
115,0.006000000000000001,0.001,0.001,700,3.3109990162320091e-06,-9.1868599029655173e-07,-1.0303770828143326e-05
116,0.006000000000000001,0.002,0,600,-1.4702146463074678e-07,-4.0310848997160604e-08,-1.0030915443860005e-05
117,0.006000000000000001,0.002,0.00025000000000000001,624.94877966222441,7.1734295567366729e-07,-1.5735139402589411e-07,-1.0015382802565147e-05
118,0.006000000000000001,0.002,0.00050000000000000001,649.91612932961846,1.5197010882454115e-06,-2.8035757320397674e-07,-9.9615698274323997e-06
119,0.006000000000000001,0.002,0.00075000000000000002,674.92440816713884,2.4005010188106387e-06,-3.9065398165096055e-07,-9.8491915827695259e-06
120,0.006000000000000001,0.002,0.001,700,3.0593088507265487e-06,-5.0128037932827106e-07,-9.6154380804053412e-06
121,0.006000000000000001,0.0030000000000000005,0,600,-9.4891256025410182e-08,6.8049252154289717e-19,-9.8110202753303138e-06
122,0.006000000000000001,0.0030000000000000005,0.00025000000000000001,624.94844659111595,7.7636858558360238e-07,7.7394027320984377e-19,-9.7965046697340345e-06
123,0.006000000000000001,0.0030000000000000005,0.00050000000000000001,649.91577077170712,1.5969154108779184e-06,8.6389211013187232e-19,-9.742514374174738e-06
124,0.006000000000000001,0.0030000000000000005,0.00075000000000000002,674.92390899744794,2.5019914700336421e-06,9.4930726970445345e-19,-9.6320809065577395e-06
125,0.006000000000000001,0.0030000000000000005,0.001,700,3.2523407049758701e-06,1.028154822169209e-18,-9.3938216149806537e-06
126,0.006000000000000001,0.0040000000000000001,0,600,-1.4702146463138992e-07,4.0310848998526478e-08,-1.003091544386073e-05
127,0.006000000000000001,0.0040000000000000001,0.00025000000000000001,624.9487796622243,7.1734295567308665e-07,1.5735139402744301e-07,-1.0015382802565854e-05
128,0.006000000000000001,0.0040000000000000001,0.00050000000000000001,649.91612932961834,1.5197010882448526e-06,2.80357573205694e-07,-9.9615698274330926e-06
129,0.006000000000000001,0.0040000000000000001,0.00075000000000000002,674.92440816713895,2.4005010188101288e-06,3.9065398165286331e-07,-9.8491915827702103e-06
130,0.006000000000000001,0.0040000000000000001,0.001,700,3.0593088507260425e-06,5.0128037933035836e-07,-9.6154380804060239e-06
131,0.006000000000000001,0.0050000000000000001,0,600,-1.0439977285830053e-07,2.1092517360993098e-08,-1.070727915549248e-05
132,0.006000000000000001,0.0050000000000000001,0.00025000000000000001,624.94974485887121,7.9623700693010515e-07,2.3899366104746322e-07,-1.0678595214150825e-05
133,0.006000000000000001,0.0050000000000000001,0.00050000000000000001,649.91795761594688,1.6261037676128514e-06,4.433686300647816e-07,-1.0618884114851429e-05
134,0.006000000000000001,0.0050000000000000001,0.00075000000000000002,674.92673084510454,2.5389485629765648e-06,6.719340488948717e-07,-1.0508399558081699e-05
135,0.006000000000000001,0.0050000000000000001,0.001,700,3.3109990162310545e-06,9.1868599029865661e-07,-1.0303770828144683e-05
136,0.006000000000000001,0.006000000000000001,0,600,-1.7963973919156385e-07,8.587872559287447e-08,-1.1850721822350555e-05
137,0.006000000000000001,0.006000000000000001,0.00025000000000000001,624.95295448414504,7.0948808030812063e-07,4.5873873293143623e-07,-1.1812516719144789e-05
138,0.006000000000000001,0.006000000000000001,0.00050000000000000001,649.9213857000824,1.5293962198286774e-06,8.477617019311567e-07,-1.1748677612425707e-05
139,0.006000000000000001,0.006000000000000001,0.00075000000000000002,674.92858463212451,2.342079346245816e-06,1.1983750459941076e-06,-1.1638794365680638e-05
140,0.006000000000000001,0.006000000000000001,0.001,700,3.1637649754809773e-06,1.5175151800754815e-06,-1.1456332122158407e-05
141,0.0080000000000000002,0,0,600,-7.8553376866541138e-08,-7.9190607519396194e-09,-1.9549552878542145e-05
142,0.0080000000000000002,0,0.00025000000000000001,624.95099554435956,9.7497674775034013e-07,-3.3952067751204437e-07,-1.9557705309724635e-05
143,0.0080000000000000002,0,0.00050000000000000001,649.92320698829383,2.0924185057493431e-06,-6.5745828233534206e-07,-1.9522908392671773e-05
144,0.0080000000000000002,0,0.00075000000000000002,674.93451875887445,3.2108516509562576e-06,-1.0248749717566131e-06,-1.9466857271180391e-05
145,0.0080000000000000002,0,0.001,700,4.3281747342276921e-06,-1.4259626854126713e-06,-1.9422812882910057e-05
146,0.0080000000000000002,0.001,0,600,-1.3392010411942837e-07,-5.0925914609603644e-08,-1.8354297904399531e-05
147,0.0080000000000000002,0.001,0.00025000000000000001,624.9539058108486,8.9551376179408766e-07,-2.9866176718922156e-07,-1.8355052656265053e-05
148,0.0080000000000000002,0.001,0.00050000000000000001,649.92598171179009,2.0119435510878334e-06,-5.6509634903967067e-07,-1.8316774040178265e-05
149,0.0080000000000000002,0.001,0.00075000000000000002,674.93568435354973,3.0158532589291391e-06,-7.9860026728044698e-07,-1.82622752017458e-05
150,0.0080000000000000002,0.001,0.001,700,4.1966670160094425e-06,-1.0062541800307712e-06,-1.8245569528839554e-05
151,0.0080000000000000002,0.002,0,600,-6.1556866231463866e-08,-2.118463738373075e-09,-1.7649082113969683e-05
152,0.0080000000000000002,0.002,0.00025000000000000001,624.95420330329023,9.8594514842971446e-07,-1.1239034973690348e-07,-1.7643838148360534e-05
153,0.0080000000000000002,0.002,0.00050000000000000001,649.92694706642226,2.1183698105326964e-06,-2.166344484378174e-07,-1.7603941921092936e-05
154,0.0080000000000000002,0.002,0.00075000000000000002,674.93789255780894,3.1326587602336888e-06,-3.3775952409280632e-07,-1.7547392143415437e-05
155,0.0080000000000000002,0.002,0.001,700,4.4244553503488715e-06,-4.556763759861688e-07,-1.7562410561076759e-05
156,0.0080000000000000002,0.0030000000000000005,0,600,-1.2578978009678337e-07,1.2656195832020257e-18,-1.7414399426088988e-05
157,0.0080000000000000002,0.0030000000000000005,0.00025000000000000001,624.95459356688173,9.1996986676130542e-07,1.3847848442170174e-18,-1.7407064797288504e-05
158,0.0080000000000000002,0.0030000000000000005,0.00050000000000000001,649.92740345067114,2.027104006330832e-06,1.5070027199156037e-18,-1.736718324099947e-05
159,0.0080000000000000002,0.0030000000000000005,0.00075000000000000002,674.93833146812085,3.0169114868789659e-06,1.6314266899398692e-18,-1.7311682750923568e-05
160,0.0080000000000000002,0.0030000000000000005,0.001,700,4.2049791047431452e-06,1.7606175396299888e-18,-1.733396563528286e-05
161,0.0080000000000000002,0.0040000000000000001,0,600,-6.1556866232237578e-08,2.1184637409258147e-09,-1.7649082113970666e-05
162,0.0080000000000000002,0.0040000000000000001,0.00025000000000000001,624.95420330329011,9.8594514842893795e-07,1.1239034973970078e-07,-1.764383814836152e-05
163,0.0080000000000000002,0.0040000000000000001,0.00050000000000000001,649.92694706642226,2.1183698105319704e-06,2.1663444844087328e-07,-1.7603941921093922e-05
164,0.0080000000000000002,0.0040000000000000001,0.00075000000000000002,674.93789255780882,3.132658760232976e-06,3.3775952409609583e-07,-1.7547392143416416e-05
165,0.0080000000000000002,0.0040000000000000001,0.001,700,4.4244553503482311e-06,4.5567637598968981e-07,-1.7562410561077718e-05
166,0.0080000000000000002,0.0050000000000000001,0,600,-1.3392010412104157e-07,5.092591461219311e-08,-1.8354297904401506e-05
167,0.0080000000000000002,0.0050000000000000001,0.00025000000000000001,624.9539058108486,8.9551376179253505e-07,2.9866176719204948e-07,-1.8355052656267031e-05
168,0.0080000000000000002,0.0050000000000000001,0.00050000000000000001,649.92598171179009,2.0119435510863777e-06,5.6509634904274392e-07,-1.8316774040180234e-05
169,0.0080000000000000002,0.0050000000000000001,0.00075000000000000002,674.93568435354962,3.0158532589277491e-06,7.9860026728377603e-07,-1.8262275201747759e-05
170,0.0080000000000000002,0.0050000000000000001,0.001,700,4.1966670160081279e-06,1.0062541800343572e-06,-1.8245569528841499e-05
171,0.0080000000000000002,0.006000000000000001,0,600,-7.8553376868911864e-08,7.919060754591888e-09,-1.9549552878545116e-05
172,0.0080000000000000002,0.006000000000000001,0.00025000000000000001,624.95099554435956,9.7497674774804001e-07,3.3952067751494328e-07,-1.9557705309727603e-05
173,0.0080000000000000002,0.006000000000000001,0.00050000000000000001,649.92320698829383,2.0924185057471159e-06,6.574582823385033e-07,-1.9522908392674724e-05
174,0.0080000000000000002,0.006000000000000001,0.00075000000000000002,674.93451875887433,3.2108516509541244e-06,1.0248749717600084e-06,-1.9466857271183328e-05
175,0.0080000000000000002,0.006000000000000001,0.001,700,4.3281747342256821e-06,1.425962685416292e-06,-1.9422812882912984e-05
176,0.01,0,0,600,-2.2088426669356163e-07,-2.2011324929033904e-08,-2.9372108164561762e-05
177,0.01,0,0.00025000000000000001,624.95394441940505,1.1578623589907821e-06,-4.2392487485895001e-07,-2.9342367649779481e-05
178,0.01,0,0.00050000000000000001,649.92160958935153,2.4734224682907941e-06,-8.4264808908103463e-07,-2.9296642860090029e-05
179,0.01,0,0.00075000000000000002,674.92762062068573,3.7960206551949618e-06,-1.1999339023344015e-06,-2.9211890239150486e-05
180,0.01,0,0.001,700,5.1259596502632524e-06,-1.5157632921096281e-06,-2.9052697846244514e-05
181,0.01,0.001,0,600,-1.5764719147455255e-07,1.5725028633908581e-08,-2.8144927654256308e-05
182,0.01,0.001,0.00025000000000000001,624.95090703171252,1.2494877213992753e-06,-2.1770453522178606e-07,-2.8118988793222791e-05
183,0.01,0.001,0.00050000000000000001,649.91905592473597,2.5569980182341835e-06,-4.2728757011845791e-07,-2.8073569044924636e-05
184,0.01,0.001,0.00075000000000000002,674.9267119193305,4.0044226058083404e-06,-6.7938443705120144e-07,-2.7988439102704542e-05
185,0.01,0.001,0.001,700,5.24184497486801e-06,-9.6542569628857157e-07,-2.7796095020662904e-05
186,0.01,0.002,0,600,-2.13459574656345e-07,-1.7349329502343118e-08,-2.7407661087128708e-05
187,0.01,0.002,0.00025000000000000001,624.95061321109051,1.1694382790055453e-06,-1.4683376013281573e-07,-2.7385649795781475e-05
188,0.01,0.002,0.00050000000000000001,649.91792949993464,2.4518488789125332e-06,-2.84475899014274e-07,-2.7340818883211293e-05
189,0.01,0.002,0.00075000000000000002,674.9239483485668,3.8940347368066813e-06,-4.0082765338667391e-07,-2.7258773401334189e-05
190,0.01,0.002,0.001,700,5.0000314410307359e-06,-5.2065065089419804e-07,-2.702741668141546e-05
191,0.01,0.0030000000000000005,0,600,-1.3708133507862547e-07,2.0227638105445615e-18,-2.7165943534056253e-05
192,0.01,0.0030000000000000005,0.00025000000000000001,624.95012696506387,1.2427958126015965e-06,2.1830429713044651e-18,-2.7144947360096888e-05
193,0.01,0.0030000000000000005,0.00050000000000000001,649.91752506782655,2.5518283804755881e-06,2.3469957259101536e-18,-2.7097805876503992e-05
194,0.01,0.0030000000000000005,0.00075000000000000002,674.92353144876631,4.0096326573978021e-06,2.5084306222001092e-18,-2.7014920786623858e-05
195,0.01,0.0030000000000000005,0.001,700,5.2279850986845641e-06,2.6527392224994675e-18,-2.6776787790083106e-05
196,0.01,0.0040000000000000001,0,600,-2.1345957465734759e-07,1.7349329506380394e-08,-2.7407661087129999e-05
197,0.01,0.0040000000000000001,0.00025000000000000001,624.95061321109051,1.169438279004624e-06,1.4683376013719306e-07,-2.7385649795782756e-05
198,0.01,0.0040000000000000001,0.00050000000000000001,649.91792949993464,2.4518488789116273e-06,2.8447589901895503e-07,-2.734081888321256e-05
199,0.01,0.0040000000000000001,0.00075000000000000002,674.92394834856668,3.8940347368058368e-06,4.0082765339168331e-07,-2.7258773401335452e-05
200,0.01,0.0040000000000000001,0.001,700,5.0000314410298846e-06,5.2065065089955214e-07,-2.7027416681416731e-05
201,0.01,0.0050000000000000001,0,600,-1.5764719147652635e-07,-1.5725028629822633e-08,-2.8144927654258887e-05
202,0.01,0.0050000000000000001,0.00025000000000000001,624.95090703171263,1.2494877213973911e-06,2.1770453522619817e-07,-2.8118988793225352e-05
203,0.01,0.0050000000000000001,0.00050000000000000001,649.91905592473597,2.5569980182323569e-06,4.272875701231995e-07,-2.807356904492718e-05
204,0.01,0.0050000000000000001,0.00075000000000000002,674.92671191933061,4.0044226058066099e-06,6.7938443705625663e-07,-2.7988439102707063e-05
205,0.01,0.0050000000000000001,0.001,700,5.2418449748663616e-06,9.6542569629391994e-07,-2.7796095020665428e-05
206,0.01,0.006000000000000001,0,600,-2.2088426669647185e-07,2.2011324933168179e-08,-2.9372108164565632e-05
207,0.01,0.006000000000000001,0.00025000000000000001,624.95394441940516,1.1578623589879949e-06,4.2392487486342658e-07,-2.9342367649783323e-05
208,0.01,0.006000000000000001,0.00050000000000000001,649.92160958935153,2.473422468288101e-06,8.4264808908581433e-07,-2.9296642860093848e-05
209,0.01,0.006000000000000001,0.00075000000000000002,674.92762062068573,3.7960206551923385e-06,1.1999339023395161e-06,-2.9211890239154288e-05
210,0.01,0.006000000000000001,0.001,700,5.1259596502606927e-06,1.515763292115098e-06,-2.9052697846248279e-05
211,0.012000000000000002,0,0,600,-1.5038940246810187e-07,4.7364996898409158e-09,-4.1081242496026415e-05
212,0.012000000000000002,0,0.00025000000000000001,624.95007947227623,1.4151223261897846e-06,-3.28733044775972e-07,-4.1087226800714116e-05
213,0.012000000000000002,0,0.00050000000000000001,649.92284315475945,3.0407613462836086e-06,-6.4408062991081637e-07,-4.1045112129457511e-05
214,0.012000000000000002,0,0.00075000000000000002,674.93518330470704,4.6511230058760588e-06,-1.0354696033853484e-06,-4.0976177601639716e-05
215,0.012000000000000002,0,0.001,700,6.2455284081032341e-06,-1.4757594361933286e-06,-4.091593311072791e-05
216,0.012000000000000002,0.001,0,600,-1.938544781547482e-07,-2.2620194527011193e-08,-3.9839422832030276e-05
217,0.012000000000000002,0.001,0.00025000000000000001,624.95330879332289,1.3335866494615453e-06,-2.8496789416532074e-07,-3.9843687531732404e-05
218,0.012000000000000002,0.001,0.00050000000000000001,649.92521821450111,2.9714220192571664e-06,-5.7595805216930426e-07,-3.9803114368712348e-05
219,0.012000000000000002,0.001,0.00075000000000000002,674.93582506015923,4.447178601640075e-06,-8.1326026764925084e-07,-3.9733527782998675e-05
220,0.012000000000000002,0.001,0.001,700,6.1657366360180101e-06,-1.0077282472905338e-06,-3.9714029299112059e-05
221,0.012000000000000002,0.002,0,600,-1.2316617619718123e-07,9.4499935119305813e-09,-3.9097060733718099e-05
222,0.012000000000000002,0.002,0.00025000000000000001,624.95338498836827,1.4264938721811334e-06,-1.0587587884249952e-07,-3.9101493771227346e-05
223,0.012000000000000002,0.002,0.00050000000000000001,649.92606072903027,3.091481716318565e-06,-2.1173846009424262e-07,-3.9063874260497752e-05
224,0.012000000000000002,0.002,0.00075000000000000002,674.93893277984762,4.5552227427371488e-06,-3.4351757301098758e-07,-3.8988174397742951e-05
225,0.012000000000000002,0.002,0.001,700,6.4155432955871936e-06,-4.7139258748251163e-07,-3.9013376891897778e-05
226,0.012000000000000002,0.0030000000000000005,0,600,-1.9959180206147781e-07,2.9375266783714456e-18,-3.8847864155917982e-05
227,0.012000000000000002,0.0030000000000000005,0.00025000000000000001,624.95390843340806,1.3547031259456781e-06,3.1317339918997625e-18,-3.8850928323605584e-05
228,0.012000000000000002,0.0030000000000000005,0.00050000000000000001,649.92647350402501,2.9877566364109442e-06,3.3274978190292267e-18,-3.8815857617768916e-05
229,0.012000000000000002,0.0030000000000000005,0.00075000000000000002,674.93928460142968,4.4449149666132653e-06,3.5238423464379193e-18,-3.8741817838636054e-05
230,0.012000000000000002,0.0030000000000000005,0.001,700,6.1846517695089788e-06,3.7304904113106359e-18,-3.8773528898839109e-05
231,0.012000000000000002,0.0040000000000000001,0,600,-1.2316617619829746e-07,-9.4499935060212047e-09,-3.9097060733719684e-05
232,0.012000000000000002,0.0040000000000000001,0.00025000000000000001,624.95338498836816,1.4264938721800049e-06,1.058758788487957e-07,-3.9101493771228925e-05
233,0.012000000000000002,0.0040000000000000001,0.00050000000000000001,649.92606072903016,3.0914817163174986e-06,2.1173846010094707e-07,-3.9063874260499338e-05
234,0.012000000000000002,0.0040000000000000001,0.00075000000000000002,674.93893277984762,4.5552227427360874e-06,3.4351757301806709e-07,-3.898817439774451e-05
235,0.012000000000000002,0.0040000000000000001,0.001,700,6.4155432955862161e-06,4.7139258748996028e-07,-3.9013376891899323e-05
236,0.012000000000000002,0.0050000000000000001,0,600,-1.9385447815703728e-07,2.2620194532948858e-08,-3.9839422832033434e-05
237,0.012000000000000002,0.0050000000000000001,0.00025000000000000001,624.95330879332278,1.3335866494593231e-06,2.8496789417163288e-07,-3.9843687531735555e-05
238,0.012000000000000002,0.0050000000000000001,0.00050000000000000001,649.92521821450111,2.9714220192550501e-06,5.7595805217600567e-07,-3.9803114368715485e-05
239,0.012000000000000002,0.0050000000000000001,0.00075000000000000002,674.93582506015912,4.4471786016380176e-06,8.1326026765636115e-07,-3.9733527783001806e-05
240,0.012000000000000002,0.0050000000000000001,0.001,700,6.1657366360160212e-06,1.0077282472980512e-06,-3.9714029299115169e-05
241,0.012000000000000002,0.006000000000000001,0,600,-1.5038940247150612e-07,-4.7364996838343975e-09,-4.1081242496031144e-05
242,0.012000000000000002,0.006000000000000001,0.00025000000000000001,624.95007947227612,1.4151223261864558e-06,3.2873304478236842e-07,-4.1087226800718839e-05
243,0.012000000000000002,0.006000000000000001,0.00050000000000000001,649.92284315475945,3.0407613462803547e-06,6.4408062991761836e-07,-4.1045112129462214e-05
244,0.012000000000000002,0.006000000000000001,0.00075000000000000002,674.93518330470715,4.6511230058729104e-06,1.0354696033925174e-06,-4.0976177601644412e-05
245,0.012000000000000002,0.006000000000000001,0.001,700,6.245528408100228e-06,1.4757594362008664e-06,-4.0915933110732613e-05
246,0.014000000000000002,0,0,600,-2.9928861426551585e-07,-5.0634297090477612e-09,-5.486253668507931e-05
247,0.014000000000000002,0,0.00025000000000000001,624.95495222471993,1.563784678109448e-06,-4.2327889165056357e-07,-5.4839283355630668e-05
248,0.014000000000000002,0,0.00050000000000000001,649.92224905396438,3.3686529789363262e-06,-8.6433274070041821e-07,-5.4801864998494977e-05
249,0.014000000000000002,0,0.00075000000000000002,674.92729402428813,5.1988570695144627e-06,-1.2124761831849758e-06,-5.4730728423826858e-05
250,0.014000000000000002,0,0.001,700,7.0614418567370399e-06,-1.5009896796552937e-06,-5.4593505911701364e-05
251,0.014000000000000002,0.001,0,600,-2.4161455655851475e-07,1.2989238962244151e-08,-5.3624820749619174e-05
252,0.014000000000000002,0.001,0.00025000000000000001,624.95135621665838,1.6698073851983464e-06,-2.1777973419477104e-07,-5.35997912302257e-05
253,0.014000000000000002,0.001,0.00050000000000000001,649.91995779845104,3.4630107469592495e-06,-4.1373653517537243e-07,-5.3556904655891912e-05
254,0.014000000000000002,0.001,0.00075000000000000002,674.92679056327472,5.4355118828482319e-06,-6.7678137937033564e-07,-5.3488467035080931e-05
255,0.014000000000000002,0.001,0.001,700,7.1322449652935423e-06,-9.9365559464325606e-07,-5.3301348873536014e-05
256,0.014000000000000002,0.002,0,600,-2.9955161748177958e-07,-1.263703098401686e-08,-5.2882653409804812e-05
257,0.014000000000000002,0.002,0.00025000000000000001,624.95137296206428,1.584762494056226e-06,-1.4554829791231578e-07,-5.2854511164578871e-05
258,0.014000000000000002,0.002,0.00050000000000000001,649.91919898632966,3.3427412670741218e-06,-2.9034286876404465e-07,-5.2805521329271141e-05
259,0.014000000000000002,0.002,0.00075000000000000002,674.92315707983028,5.3437728452182898e-06,-4.0436317601187935e-07,-5.2745516214818108e-05
260,0.014000000000000002,0.002,0.001,700,6.8842105993929192e-06,-5.2146201038636958e-07,-5.2505856851830916e-05
261,0.014000000000000002,0.0030000000000000005,0,600,-2.180873822358763e-07,4.0327923693780421e-18,-5.2637755278041163e-05
262,0.014000000000000002,0.0030000000000000005,0.00025000000000000001,624.95082029493278,1.6625614409939087e-06,4.2655350116191924e-18,-5.2610248701701431e-05
263,0.014000000000000002,0.0030000000000000005,0.00050000000000000001,649.91888399896538,3.4585388384471627e-06,4.4980792539139924e-18,-5.2557190538484233e-05
264,0.014000000000000002,0.0030000000000000005,0.00075000000000000002,674.92292339714413,5.4532322152356787e-06,4.7314665449517334e-18,-5.2495511647901887e-05
265,0.014000000000000002,0.0030000000000000005,0.001,700,7.1205168811241543e-06,4.9527209168066554e-18,-5.2251126959378068e-05
266,0.014000000000000002,0.0040000000000000001,0,600,-2.9955161748309984e-07,1.2637030992040035e-08,-5.2882653409806696e-05
267,0.014000000000000002,0.0040000000000000001,0.00025000000000000001,624.95137296206417,1.5847624940549914e-06,1.4554829792082587e-07,-5.2854511164580755e-05
268,0.014000000000000002,0.0040000000000000001,0.00050000000000000001,649.91919898632966,3.3427412670728898e-06,2.9034286877301187e-07,-5.2805521329273005e-05
269,0.014000000000000002,0.0040000000000000001,0.00075000000000000002,674.92315707983039,5.3437728452171302e-06,4.0436317602133203e-07,-5.2745516214819965e-05
270,0.014000000000000002,0.0040000000000000001,0.001,700,6.8842105993917452e-06,5.2146201039630623e-07,-5.2505856851832793e-05
271,0.014000000000000002,0.0050000000000000001,0,600,-2.4161455656115145e-07,-1.2989238954159647e-08,-5.3624820749622949e-05
272,0.014000000000000002,0.0050000000000000001,0.00025000000000000001,624.95135621665838,1.6698073851957992e-06,2.1777973420334929e-07,-5.3599791230229434e-05
273,0.014000000000000002,0.0050000000000000001,0.00050000000000000001,649.91995779845115,3.463010746956755e-06,4.1373653518441869e-07,-5.3556904655895632e-05
274,0.014000000000000002,0.0050000000000000001,0.00075000000000000002,674.92679056327472,5.4355118828458433e-06,6.7678137937982813e-07,-5.3488467035084651e-05
275,0.014000000000000002,0.0050000000000000001,0.001,700,7.1322449652912443e-06,9.936555946531979e-07,-5.3301348873539727e-05
276,0.014000000000000002,0.006000000000000001,0,600,-2.9928861426939769e-07,5.0634297171854954e-09,-5.4862536685084907e-05
277,0.014000000000000002,0.006000000000000001,0.00025000000000000001,624.95495222472005,1.5637846781056859e-06,4.2327889165916249e-07,-5.4839283355636272e-05
278,0.014000000000000002,0.006000000000000001,0.00050000000000000001,649.92224905396449,3.3686529789326616e-06,8.6433274070947405e-07,-5.4801864998500581e-05
279,0.014000000000000002,0.006000000000000001,0.00075000000000000002,674.92729402428824,5.1988570695108544e-06,1.2124761831945304e-06,-5.4730728423832435e-05
280,0.014000000000000002,0.006000000000000001,0.001,700,7.0614418567334815e-06,1.5009896796653421e-06,-5.459350591170692e-05
281,0.016,0,0,600,-2.6985491518757305e-07,-1.2532909157251673e-09,-7.0581051884119363e-05
282,0.016,0,0.00025000000000000001,624.94902321098459,1.8121260302860129e-06,-3.2238916627921542e-07,-7.0588343083016162e-05
283,0.016,0,0.00050000000000000001,649.92209263305131,3.9523917799637409e-06,-6.1653385935877864e-07,-7.0548192984071719e-05
284,0.016,0,0.00075000000000000002,674.93533665180178,6.056084967253465e-06,-1.0241474324003948e-06,-7.0477238132143178e-05
285,0.016,0,0.001,700,8.1072190892383408e-06,-1.5032850484612266e-06,-7.0401994172721312e-05
286,0.016,0.001,0,600,-3.017846827203609e-07,-9.8996472789651008e-09,-6.9322714696644908e-05
287,0.016,0.001,0.00025000000000000001,624.9531281651482,1.7176883144460887e-06,-2.8251565873256522e-07,-6.933413051940931e-05
288,0.016,0.001,0.00050000000000000001,649.92437799789479,3.861903678596812e-06,-5.9633595402890404e-07,-6.9302632587520867e-05
289,0.016,0.001,0.00075000000000000002,674.93576786392009,5.8179079837474613e-06,-8.2683422733558538e-07,-6.9225866967604954e-05
290,0.016,0.001,0.001,700,8.0857645114784545e-06,-9.9100628338802785e-07,-6.9211555570567197e-05
291,0.016,0.002,0,600,-2.3077096632223606e-07,1.1164166699131389e-08,-6.8564768231787527e-05
292,0.016,0.002,0.00025000000000000001,624.95294061634047,1.8210086085763268e-06,-1.0419385258096476e-07,-6.8583408844689973e-05
293,0.016,0.002,0.00050000000000000001,649.92482596450486,4.0097126811479162e-06,-2.0539999029577569e-07,-6.8563083020730767e-05
294,0.016,0.002,0.00075000000000000002,674.9399080087253,5.9155199896625245e-06,-3.4253050986886922e-07,-6.8473704966029271e-05
295,0.016,0.002,0.001,700,8.3518317789356759e-06,-4.7794279168790342e-07,-6.8519454182420228e-05
296,0.016,0.0030000000000000005,0,600,-3.0756554925766657e-07,5.2649975161660262e-18,-6.8311713731652275e-05
297,0.016,0.0030000000000000005,0.00025000000000000001,624.9535082944609,1.7436369064337346e-06,5.5200927725525739e-18,-6.8329485574077003e-05
298,0.016,0.0030000000000000005,0.00050000000000000001,649.92511910989776,3.884636210884625e-06,5.7909616945303218e-18,-6.8313261318013894e-05
299,0.016,0.0030000000000000005,0.00075000000000000002,674.93999744936912,5.8122107657275996e-06,6.0616330584996131e-18,-6.822639475384026e-05
300,0.016,0.0030000000000000005,0.001,700,8.1170952167673426e-06,6.3288311906893198e-18,-6.8274796004242884e-05
301,0.016,0.0040000000000000001,0,600,-2.3077096632366355e-07,-1.1164166688610851e-08,-6.8564768231789682e-05
302,0.016,0.0040000000000000001,0.00025000000000000001,624.95294061634058,1.8210086085748818e-06,1.0419385259204197e-07,-6.8583408844692128e-05
303,0.016,0.0040000000000000001,0.00050000000000000001,649.92482596450486,4.0097126811465431e-06,2.0539999030740958e-07,-6.8563083020732935e-05
304,0.016,0.0040000000000000001,0.00075000000000000002,674.9399080087253,5.9155199896611413e-06,3.4253050988101626e-07,-6.8473704966031426e-05
305,0.016,0.0040000000000000001,0.001,700,8.3518317789343799e-06,4.7794279170059261e-07,-6.8519454182422329e-05
306,0.016,0.0050000000000000001,0,600,-3.0178468272326241e-07,9.8996472895355988e-09,-6.9322714696649232e-05
307,0.016,0.0050000000000000001,0.00025000000000000001,624.9531281651482,1.7176883144432515e-06,2.8251565874362663e-07,-6.9334130519413634e-05
308,0.016,0.0050000000000000001,0.00050000000000000001,649.92437799789479,3.861903678594082e-06,5.9633595404050712e-07,-6.9302632587525163e-05
309,0.016,0.0050000000000000001,0.00075000000000000002,674.93576786392009,5.817907983744783e-06,8.2683422734776762e-07,-6.9225866967609278e-05
310,0.016,0.0050000000000000001,0.001,700,8.0857645114758388e-06,9.9100628340075473e-07,-6.9211555570571507e-05
311,0.016,0.006000000000000001,0,600,-2.6985491519193172e-07,1.2532909263192979e-09,-7.0581051884125896e-05
312,0.016,0.006000000000000001,0.00025000000000000001,624.94902321098436,1.8121260302817326e-06,3.2238916629039721e-07,-7.0588343083022694e-05
313,0.016,0.006000000000000001,0.00050000000000000001,649.92209263305119,3.9523917799595303e-06,6.1653385937052731e-07,-7.0548192984078184e-05
314,0.016,0.006000000000000001,0.00075000000000000002,674.93533665180178,6.0560849672493772e-06,1.0241474324126359e-06,-7.0477238132149629e-05
315,0.016,0.006000000000000001,0.001,700,8.1072190892344021e-06,1.5032850484739806e-06,-7.0401994172727763e-05
316,0.018000000000000002,0,0,600,-4.3479803937718815e-07,7.8544168788178046e-09,-8.8346956586809951e-05
317,0.018000000000000002,0,0.00025000000000000001,624.95613086922367,1.9094624255546792e-06,-4.2863220536891699e-07,-8.8329785095531948e-05
318,0.018000000000000002,0,0.00050000000000000001,649.92311351779585,4.1939221503059058e-06,-8.9951572063120078e-07,-8.8296351798830487e-05
319,0.018000000000000002,0,0.00075000000000000002,674.92727990692106,6.5304430187507941e-06,-1.2335249288247822e-06,-8.8231564125050007e-05
320,0.018000000000000002,0,0.001,700,8.9467126832489317e-06,-1.4807255421668633e-06,-8.8118162100326745e-05
321,0.018000000000000002,0.001,0,600,-3.8988621743208204e-07,5.5449424147884856e-09,-8.7115251117395604e-05
322,0.018000000000000002,0.001,0.00025000000000000001,624.95143856211939,2.0351218130368875e-06,-2.1536824194289675e-07,-8.7089508549742715e-05
323,0.018000000000000002,0.001,0.00050000000000000001,649.92088535627829,4.332035938262935e-06,-3.8673560388005931e-07,-8.7041877320445034e-05
324,0.018000000000000002,0.001,0.00075000000000000002,674.92684539702282,6.8182520823851823e-06,-6.6126194893908738e-07,-8.6987647687264009e-05
325,0.018000000000000002,0.001,0.001,700,8.9538655147489626e-06,-1.0177666545668691e-06,-8.6799940878356461e-05
326,0.018000000000000002,0.002,0,600,-4.4689344491672089e-07,-1.1806769342813064e-08,-8.6380979270279649e-05
327,0.018000000000000002,0.002,0.00025000000000000001,624.95181636575603,1.9370272574356078e-06,-1.4644375347237891e-07,-8.6343852344077354e-05
328,0.018000000000000002,0.002,0.00050000000000000001,649.92074530225432,4.1759702043523829e-06,-2.9846522002610166e-07,-8.6279826721506267e-05
329,0.018000000000000002,0.002,0.00075000000000000002,674.92207530137159,6.7363157622795975e-06,-4.0917876900292258e-07,-8.6242913802245887e-05
330,0.018000000000000002,0.002,0.001,700,8.6911521518373739e-06,-5.1888924301145757e-07,-8.5985830442754409e-05
331,0.018000000000000002,0.0030000000000000005,0,600,-3.6712184285997866e-07,6.6504872099884332e-18,-8.6135763060799227e-05
332,0.018000000000000002,0.0030000000000000005,0.00025000000000000001,624.95124797428673,2.0252203388600522e-06,6.9497477675946383e-18,-8.6099110240447552e-05
333,0.018000000000000002,0.0030000000000000005,0.00050000000000000001,649.92056174935908,4.3251935306210214e-06,7.249875607514915e-18,-8.6030149144109743e-05
334,0.018000000000000002,0.0030000000000000005,0.00075000000000000002,674.92221721024498,6.8449650541814516e-06,7.5566671822078547e-18,-8.5990134874832665e-05
335,0.018000000000000002,0.0030000000000000005,0.001,700,8.9330753050070377e-06,7.850779405882999e-18,-8.573406440572491e-05
336,0.018000000000000002,0.0040000000000000001,0,600,-4.4689344491835026e-07,1.1806769356024e-08,-8.6380979270282075e-05
337,0.018000000000000002,0.0040000000000000001,0.00025000000000000001,624.95181636575603,1.9370272574340692e-06,1.4644375348624171e-07,-8.634385234407982e-05
338,0.018000000000000002,0.0040000000000000001,0.00050000000000000001,649.92074530225432,4.1759702043508362e-06,2.9846522004057957e-07,-8.6279826721508693e-05
339,0.018000000000000002,0.0040000000000000001,0.00075000000000000002,674.92207530137159,6.7363157622781398e-06,4.0917876901804429e-07,-8.6242913802248312e-05
340,0.018000000000000002,0.0040000000000000001,0.001,700,8.6911521518359051e-06,5.1888924302721704e-07,-8.5985830442756889e-05
341,0.018000000000000002,0.0050000000000000001,0,600,-3.8988621743533337e-07,-5.5449424014958569e-09,-8.7115251117400591e-05
342,0.018000000000000002,0.0050000000000000001,0.00025000000000000001,624.95143856211939,2.0351218130337293e-06,2.1536824195684421e-07,-8.7089508549747661e-05
343,0.018000000000000002,0.0050000000000000001,0.00050000000000000001,649.92088535627818,4.3320359382598281e-06,3.8673560389462817e-07,-8.704187732044994e-05
344,0.018000000000000002,0.0050000000000000001,0.00075000000000000002,674.92684539702293,6.8182520823821898e-06,6.6126194895425689e-07,-8.6987647687268888e-05
345,0.018000000000000002,0.0050000000000000001,0.001,700,8.9538655147460725e-06,1.0177666545826451e-06,-8.6799940878361367e-05
346,0.018000000000000002,0.006000000000000001,0,600,-4.3479803938195461e-07,-7.8544168654613391e-09,-8.834695658681731e-05
347,0.018000000000000002,0.006000000000000001,0.00025000000000000001,624.95613086922378,1.9094624255500332e-06,4.286322053828744e-07,-8.8329785095539307e-05
348,0.018000000000000002,0.006000000000000001,0.00050000000000000001,649.92311351779585,4.1939221503013649e-06,8.995157206457635e-07,-8.8296351798837887e-05
349,0.018000000000000002,0.006000000000000001,0.00075000000000000002,674.92727990692106,6.5304430187462946e-06,1.2335249288400025e-06,-8.823156412505738e-05
350,0.018000000000000002,0.006000000000000001,0.001,700,8.9467126832444797e-06,1.4807255421827416e-06,-8.8118162100334118e-05
351,0.02,0,0,600,-4.5951959263066662e-07,-1.100174626894382e-08,-0.00010806918830805243
352,0.02,0,0.00025000000000000001,624.9476923070763,2.1427440046621326e-06,-3.1293684033736281e-07,-0.00010807892065404804
353,0.02,0,0.00050000000000000001,649.92116477677041,4.8104146870759883e-06,-5.7301700596670538e-07,-0.0001080438913488682
354,0.02,0,0.00075000000000000002,674.93526802804547,7.406567302297149e-06,-9.9735385743358387e-07,-0.00010797812361198298
355,0.02,0,0.001,700,9.8910382179340671e-06,-1.5259181450576441e-06,-0.0001078860550709392
356,0.02,0.001,0,600,-4.6549020898624131e-07,1.4656104703030803e-09,-0.00010679608792290184
357,0.02,0.001,0.00025000000000000001,624.95307256072033,2.0318092741212804e-06,-2.8557998684807527e-07,-0.00010681885892465787
358,0.02,0.001,0.00050000000000000001,649.92335319445272,4.6590113271684349e-06,-6.3098106818571495e-07,-0.0001068033490522575
359,0.02,0.001,0.00075000000000000002,674.93583524139842,7.1082543887124228e-06,-8.4895443872661646e-07,-0.00010672002728257649
360,0.02,0.001,0.001,700,9.9527047796878696e-06,-9.668795879095179e-07,-0.00010671860871280942
361,0.02,0.002,0,600,-3.927704239843419e-07,1.2828652168950689e-08,-0.00010602413584111336
362,0.02,0.002,0.00025000000000000001,624.95239245758012,2.1558439821572663e-06,-1.0158250787626543e-07,-0.00010606408395437079
363,0.02,0.002,0.00050000000000000001,649.92295955544398,4.858141521653698e-06,-1.9543613622723445e-07,-0.00010607184294271444
364,0.02,0.002,0.00075000000000000002,674.94132033303242,7.2056777451935017e-06,-3.3625428819285691e-07,-0.0001059635556394924
365,0.02,0.002,0.001,700,1.0241659400431433e-05,-4.8196006346596963e-07,-0.00010604116147057001
366,0.02,0.0030000000000000005,0,600,-4.6574745672946084e-07,8.1096359931901919e-18,-0.00010577087401904628
367,0.02,0.0030000000000000005,0.00025000000000000001,624.95295543689645,2.0630197126745562e-06,8.4726119903495127e-18,-0.00010580942974150564
368,0.02,0.0030000000000000005,0.00050000000000000001,649.92312394194073,4.6856354868564128e-06,8.8331574079038282e-18,-0.00010582114811792105
369,0.02,0.0030000000000000005,0.00075000000000000002,674.94089865849526,7.0960213532109631e-06,9.1683700830434188e-18,-0.00010571742915296379
370,0.02,0.0030000000000000005,0.001,700,9.9999682310895852e-06,9.5330054190376858e-18,-0.00010578928204593244
371,0.02,0.0040000000000000001,0,600,-3.9277042398606656e-07,-1.2828652152607326e-08,-0.00010602413584111611
372,0.02,0.0040000000000000001,0.00025000000000000001,624.95239245758023,2.1558439821555265e-06,1.0158250789325793e-07,-0.00010606408395437354
373,0.02,0.0040000000000000001,0.00050000000000000001,649.92295955544398,4.8581415216520556e-06,1.9543613624492698e-07,-0.00010607184294271718
374,0.02,0.0040000000000000001,0.00075000000000000002,674.94132033303254,7.2056777451918389e-06,3.3625428821124869e-07,-0.0001059635556394952
375,0.02,0.0040000000000000001,0.001,700,1.0241659400429859e-05,4.8196006348503274e-07,-0.00010604116147057275
376,0.02,0.0050000000000000001,0,600,-4.6549020898970949e-07,-1.4656104540258891e-09,-0.0001067960879229074
377,0.02,0.0050000000000000001,0.00025000000000000001,624.95307256072044,2.0318092741178754e-06,2.8557998686506786e-07,-0.00010681885892466343
378,0.02,0.0050000000000000001,0.00050000000000000001,649.92335319445272,4.6590113271651434e-06,6.3098106820342249e-07,-0.00010680334905226306
379,0.02,0.0050000000000000001,0.00075000000000000002,674.93583524139831,7.108254388709188e-06,8.4895443874501677e-07,-0.00010672002728258199
380,0.02,0.0050000000000000001,0.001,700,9.9527047796846814e-06,9.6687958792863078e-07,-0.00010671860871281487
381,0.02,0.006000000000000001,0,600,-4.5951959263589768e-07,1.1001746285357932e-08,-0.00010806918830806074
382,0.02,0.006000000000000001,0.00025000000000000001,624.94769230707641,2.1427440046569945e-06,3.1293684035442566e-07,-0.00010807892065405633
383,0.02,0.006000000000000001,0.00050000000000000001,649.92116477677052,4.8104146870709239e-06,5.7301700598447285e-07,-0.00010804389134887646
384,0.02,0.006000000000000001,0.00075000000000000002,674.93526802804547,7.4065673022922176e-06,9.9735385745205533e-07,-0.00010797812361199126
385,0.02,0.006000000000000001,0.001,700,9.8910382179293e-06,1.5259181450768078e-06,-0.00010788605507094752
386,0.022000000000000002,0,0,600,-6.3995309326527315e-07,1.941005713524788e-08,-0.00012982347212845099
387,0.022000000000000002,0,0.00025000000000000001,624.9576587317373,2.1798257336133568e-06,-4.398877747421524e-07,-0.00012981494148728807
388,0.022000000000000002,0,0.00050000000000000001,649.92408645653882,4.9263219246912332e-06,-9.5207844754838556e-07,-0.00012978762054314906
389,0.022000000000000002,0,0.00075000000000000002,674.92742557192275,7.7721130639517806e-06,-1.2696181683840533e-06,-0.00012972559283845763
390,0.022000000000000002,0,0.001,700,1.0770411609251562e-05,-1.4613795484245279e-06,-0.00012964206220572762
391,0.022000000000000002,0.001,0,600,-6.2762009820313691e-07,-5.6177483800163258e-09,-0.00012860532822157487
392,0.022000000000000002,0.001,0.00025000000000000001,624.95163558474587,2.3291429088764433e-06,-2.090411200979522e-07,-0.00012857566567190222
393,0.022000000000000002,0.001,0.00050000000000000001,649.92210677115645,5.158555681808651e-06,-3.4308118685593949e-07,-0.00012852098980590209
394,0.022000000000000002,0.001,0.00075000000000000002,674.92656553319125,8.1420529227882824e-06,-6.3440269550838171e-07,-0.00012848690606857095
395,0.022000000000000002,0.001,0.001,700,1.0681073543387924e-05,-1.0479636220851693e-06,-0.00012829247265107042
396,0.022000000000000002,0.002,0,600,-6.8507819311558718e-07,-1.2393112064141166e-08,-0.00012788264959460809
397,0.022000000000000002,0.002,0.00025000000000000001,624.95278003758585,2.2077989449916065e-06,-1.4893506520097016e-07,-0.0001278290263028301
398,0.022000000000000002,0.002,0.00050000000000000001,649.92313940965823,4.9400631634068704e-06,-3.0995624083640467e-07,-0.00012774456747843341
399,0.022000000000000002,0.002,0.00075000000000000002,674.92017189415355,8.0547904387868485e-06,-4.1808480988211432e-07,-0.00012774560443146258
400,0.022000000000000002,0.002,0.001,700,1.039266499887663e-05,-5.1548112954483724e-07,-0.0001274605861439709
401,0.022000000000000002,0.0030000000000000005,0,600,-6.0753299368809234e-07,9.797262126686941e-18,-0.00012763385857089002
402,0.022000000000000002,0.0030000000000000005,0.00025000000000000001,624.95224158450708,2.320152660329902e-06,1.0186015790505335e-17,-0.00012758269709612415
403,0.022000000000000002,0.0030000000000000005,0.00050000000000000001,649.92306332253122,5.1565940411987095e-06,1.057746763056556e-17,-0.00012749525448995183
404,0.022000000000000002,0.0030000000000000005,0.00075000000000000002,674.92099781891682,8.1823827427779812e-06,1.0969965736743875e-17,-0.00012749036615368641
405,0.022000000000000002,0.0030000000000000005,0.001,700,1.0646919085654777e-05,1.1336763461562908e-17,-0.00012721828192000512
406,0.022000000000000002,0.0040000000000000001,0,600,-6.8507819311749543e-07,1.2393112083670295e-08,-0.00012788264959461121
407,0.022000000000000002,0.0040000000000000001,0.00025000000000000001,624.95278003758585,2.2077989449898044e-06,1.4893506522130597e-07,-0.00012782902630283324
408,0.022000000000000002,0.0040000000000000001,0.00050000000000000001,649.92313940965812,4.9400631634050408e-06,3.0995624085748515e-07,-0.00012774456747843648
409,0.022000000000000002,0.0040000000000000001,0.00075000000000000002,674.92017189415355,8.0547904387851205e-06,4.1808480990398852e-07,-0.00012774560443146562
410,0.022000000000000002,0.0040000000000000001,0.001,700,1.03926649988749e-05,5.1548112956751623e-07,-0.00012746058614397402
411,0.022000000000000002,0.0050000000000000001,0,600,-6.276200982069673e-07,5.6177483996208455e-09,-0.00012860532822158111
412,0.022000000000000002,0.0050000000000000001,0.00025000000000000001,624.95163558474587,2.3291429088727163e-06,2.0904112011834812e-07,-0.00012857566567190843
413,0.022000000000000002,0.0050000000000000001,0.00050000000000000001,649.92210677115634,5.1585556818049851e-06,3.4308118687712637e-07,-0.00012852098980590824
414,0.022000000000000002,0.0050000000000000001,0.00075000000000000002,674.92656553319114,8.1420529227847316e-06,6.3440269553033479e-07,-0.00012848690606857708
415,0.022000000000000002,0.0050000000000000001,0.001,700,1.0681073543384495e-05,1.0479636221078626e-06,-0.0001282924726510766
416,0.022000000000000002,0.006000000000000001,0,600,-6.3995309327089808e-07,-1.9410057115595587e-08,-0.00012982347212846021
417,0.022000000000000002,0.006000000000000001,0.00025000000000000001,624.95765873173718,2.1798257336078494e-06,4.398877747625812e-07,-0.00012981494148729732
418,0.022000000000000002,0.006000000000000001,0.00050000000000000001,649.92408645653893,4.9263219246858367e-06,9.5207844756954127e-07,-0.00012978762054315828
419,0.022000000000000002,0.006000000000000001,0.00075000000000000002,674.92742557192264,7.7721130639464426e-06,1.2696181684059881e-06,-0.0001297255928384669
420,0.022000000000000002,0.006000000000000001,0.001,700,1.0770411609246287e-05,1.4613795484472872e-06,-0.00012964206220573686
421,0.024000000000000004,0,0,600,-7.4063644507532306e-07,-1.7265044081470544e-08,-0.00015355822587847538
422,0.024000000000000004,0,0.00025000000000000001,624.94596095819418,2.3912002824004446e-06,-2.9590370633513927e-07,-0.00015356770481426168
423,0.024000000000000004,0,0.00050000000000000001,649.92019585988578,5.6094592891573138e-06,-5.1003432170675982e-07,-0.00015353434256290592
424,0.024000000000000004,0,0.00075000000000000002,674.93504341918015,8.6920780872228476e-06,-9.5321887927805065e-07,-0.0001534780943654755
425,0.024000000000000004,0,0.001,700,1.1574306943870433e-05,-1.5470223147996398e-06,-0.00015336244366344822
426,0.024000000000000004,0.001,0,600,-6.9313518864549875e-07,1.8848751112580915e-08,-0.00015226078395109532
427,0.024000000000000004,0.001,0.00025000000000000001,624.95255502587463,2.2589921116374073e-06,-2.9256563457202493e-07,-0.00015230144862229137
428,0.024000000000000004,0.001,0.00050000000000000001,649.92188269895496,5.3330014402381685e-06,-6.8497784340762031e-07,-0.00015230280319493132
429,0.024000000000000004,0.001,0.00075000000000000002,674.93651522673395,8.2958902659441599e-06,-8.833734277720259e-07,-0.00015220328081528699
430,0.024000000000000004,0.001,0.001,700,1.1760572309994984e-05,-9.3409127099831099e-07,-0.00015222348205547764
431,0.024000000000000004,0.002,0,600,-6.1240867686307689e-07,1.4354580924431696e-08,-0.00015147237950453518
432,0.024000000000000004,0.002,0.00025000000000000001,624.95065910172366,2.4157104334657339e-06,-9.8313484935102824e-08,-0.00015154616312604708
433,0.024000000000000004,0.002,0.00050000000000000001,649.91994229122156,5.6131988191463799e-06,-1.8291913192481283e-07,-0.0001515839636531235
434,0.024000000000000004,0.002,0.00075000000000000002,674.94411304000471,8.4124478065438215e-06,-3.267729974100924e-07,-0.00015143335622520794
435,0.024000000000000004,0.002,0.001,700,1.2084494009971681e-05,-4.892575357264896e-07,-0.00015155662966486727
436,0.024000000000000004,0.0030000000000000005,0,600,-6.8569483752498749e-07,1.1576528882830881e-17,-0.00015122494802815746
437,0.024000000000000004,0.0030000000000000005,0.00025000000000000001,624.95118493465566,2.2900992117941951e-06,1.1979648682962392e-17,-0.00015129280042569456
438,0.024000000000000004,0.0030000000000000005,0.00050000000000000001,649.92004891543968,5.3512681560099001e-06,1.2396085675701271e-17,-0.00015132986775104123
439,0.024000000000000004,0.0030000000000000005,0.00075000000000000002,674.94277453922462,8.2693316564221996e-06,1.2810806934525923e-17,-0.00015118753266047652
440,0.024000000000000004,0.0030000000000000005,0.001,700,1.1824599632040926e-05,1.3242299594152631e-17,-0.0001512881021311861
441,0.024000000000000004,0.0040000000000000001,0,600,-6.1240867686506287e-07,-1.4354580901317774e-08,-0.00015147237950453852
442,0.024000000000000004,0.0040000000000000001,0.00025000000000000001,624.95065910172366,2.4157104334636985e-06,9.8313484959075167e-08,-0.00015154616312605044
443,0.024000000000000004,0.0040000000000000001,0.00050000000000000001,649.91994229122167,5.6131988191444513e-06,1.8291913194968042e-07,-0.00015158396365312689
444,0.024000000000000004,0.0040000000000000001,0.00075000000000000002,674.94411304000471,8.4124478065418547e-06,3.2677299743579191e-07,-0.00015143335622521133
445,0.024000000000000004,0.0040000000000000001,0.001,700,1.2084494009969774e-05,4.8925753575301857e-07,-0.00015155662966487057
446,0.024000000000000004,0.0050000000000000001,0,600,-6.9313518864951803e-07,-1.8848751089418021e-08,-0.00015226078395110215
447,0.024000000000000004,0.0050000000000000001,0.00025000000000000001,624.95255502587463,2.2589921116334529e-06,2.9256563459602132e-07,-0.00015230144862229814
448,0.024000000000000004,0.0050000000000000001,0.00050000000000000001,649.92188269895473,5.3330014402343263e-06,6.8497784343245203e-07,-0.0001523028031949381
449,0.024000000000000004,0.0050000000000000001,0.00075000000000000002,674.93651522673395,8.2958902659403686e-06,8.8337342779771598e-07,-0.00015220328081529377
450,0.024000000000000004,0.0050000000000000001,0.001,700,1.1760572309991222e-05,9.3409127102488623e-07,-0.00015222348205548442
451,0.024000000000000004,0.006000000000000001,0,600,-7.4063644508134758e-07,1.7265044104718336e-08,-0.00015355822587848555
452,0.024000000000000004,0.006000000000000001,0.00025000000000000001,624.94596095819406,2.3912002823945056e-06,2.9590370635919818e-07,-0.0001535677048142719
453,0.024000000000000004,0.006000000000000001,0.00050000000000000001,649.92019585988578,5.6094592891514337e-06,5.1003432173170155e-07,-0.00015353434256291606
454,0.024000000000000004,0.006000000000000001,0.00075000000000000002,674.93504341918015,8.6920780872170793e-06,9.5321887930382502e-07,-0.00015347809436548564
455,0.024000000000000004,0.006000000000000001,0.001,700,1.1574306943864807e-05,1.5470223148262152e-06,-0.00015336244366345839
456,0.026000000000000002,0,0,600,-9.2273749112039781e-07,2.8986122224583786e-08,-0.00017928571802013608
457,0.026000000000000002,0,0.00025000000000000001,624.95956169059014,2.3577441590872538e-06,-4.5899040461957098e-07,-0.00017929343595605302
458,0.026000000000000002,0,0.00050000000000000001,649.92501384727518,5.5353911294252172e-06,-1.0269289884425395e-06,-0.00017928103288229096
459,0.026000000000000002,0,0.00075000000000000002,674.92782381645054,8.8997729606218349e-06,-1.3281960297635542e-06,-0.00017922002919328997
460,0.026000000000000002,0,0.001,700,1.25258029903366e-05,-1.4490896018493152e-06,-0.00017917856498399982
461,0.026000000000000002,0.001,0,600,-9.7839815865485569e-07,-2.14213322646435e-08,-0.00017808394045580096
462,0.026000000000000002,0.001,0.00025000000000000001,624.95285405646757,2.537486100650181e-06,-1.9652074964467639e-07,-0.00017804419942561687
463,0.026000000000000002,0.001,0.00050000000000000001,649.9239763211292,5.9440159667108494e-06,-2.7645019801492186e-07,-0.00017798839020234823
464,0.026000000000000002,0.001,0.00075000000000000002,674.92522640223854,9.3984759901774511e-06,-5.958776052191963e-07,-0.00017799363924888729
465,0.026000000000000002,0.001,0.001,700,1.2287857388111623e-05,-1.0931577630564022e-06,-0.00017778509152426036
466,0.026000000000000002,0.002,0,600,-1.0444389410648364e-06,-7.0885414148672663e-09,-0.00017736601674885944
467,0.026000000000000002,0.002,0.00025000000000000001,624.95607943034577,2.3813290978803624e-06,-1.4864061882903236e-07,-0.00017728189750711062
468,0.026000000000000002,0.002,0.00050000000000000001,649.92707973476922,5.6307985395922592e-06,-3.2197073399238177e-07,-0.00017718569639057227
469,0.026000000000000002,0.002,0.00075000000000000002,674.91593228808051,9.2801108462671653e-06,-4.2897033812585074e-07,-0.00017726480233508487
470,0.026000000000000002,0.002,0.001,700,1.1957779252792958e-05,-5.0671089712461315e-07,-0.00017693900289525577
471,0.026000000000000002,0.0030000000000000005,0,600,-9.5644855171279887e-07,1.3442414242883485e-17,-0.00017710147131312623
472,0.026000000000000002,0.0030000000000000005,0.00025000000000000001,624.95554163704537,2.5402035980085313e-06,1.3938947376533601e-17,-0.00017702847829344166
473,0.026000000000000002,0.0030000000000000005,0.00050000000000000001,649.92697099634438,5.9656196618526151e-06,1.4398190124166832e-17,-0.00017693803372572799
474,0.026000000000000002,0.0030000000000000005,0.00075000000000000002,674.91801380780373,9.4619118475210992e-06,1.4848631172758959e-17,-0.0001770061953495002
475,0.026000000000000002,0.0030000000000000005,0.001,700,1.2240767726668125e-05,1.5298495621457469e-17,-0.00017671673205225659
476,0.026000000000000002,0.0040000000000000001,0,600,-1.0444389410670173e-06,7.088541441840023e-09,-0.00017736601674886313
477,0.026000000000000002,0.0040000000000000001,0.00025000000000000001,624.95607943034577,2.3813290978783189e-06,1.4864061885688148e-07,-0.00017728189750711431
478,0.026000000000000002,0.0040000000000000001,0.00050000000000000001,649.92707973476911,5.6307985395901662e-06,3.2197073402112149e-07,-0.00017718569639057591
479,0.026000000000000002,0.0040000000000000001,0.00075000000000000002,674.91593228808063,9.28011084626519e-06,4.2897033815556995e-07,-0.00017726480233508856
480,0.026000000000000002,0.0040000000000000001,0.001,700,1.1957779252791003e-05,5.0671089715525689e-07,-0.00017693900289525943
481,0.026000000000000002,0.0050000000000000001,0,600,-9.7839815865916942e-07,2.1421332291578585e-08,-0.00017808394045580833
482,0.026000000000000002,0.0050000000000000001,0.00025000000000000001,624.95285405646769,2.5374861006459383e-06,1.9652074967262138e-07,-0.00017804419942562421
483,0.026000000000000002,0.0050000000000000001,0.00050000000000000001,649.92397632112909,5.9440159667066532e-06,2.7645019804380155e-07,-0.00017798839020235561
484,0.026000000000000002,0.0050000000000000001,0.00075000000000000002,674.92522640223854,9.3984759901733684e-06,5.9587760524893786e-07,-0.00017799363924889464
485,0.026000000000000002,0.0050000000000000001,0.001,700,1.2287857388107675e-05,1.0931577630870474e-06,-0.00017778509152426773
486,0.026000000000000002,0.006000000000000001,0,600,-9.227374911268251e-07,-2.8986122197623379e-08,-0.00017928571802014719
487,0.026000000000000002,0.006000000000000001,0.00025000000000000001,624.95956169059036,2.3577441590809582e-06,4.5899040464744159e-07,-0.0001792934359560641
488,0.026000000000000002,0.006000000000000001,0.00050000000000000001,649.92501384727541,5.5353911294190322e-06,1.0269289884713149e-06,-0.00017928103288230204
489,0.026000000000000002,0.006000000000000001,0.00075000000000000002,674.92782381645054,8.8997729606157024e-06,1.3281960297933314e-06,-0.00017922002919330102
490,0.026000000000000002,0.006000000000000001,0.001,700,1.2525802990330507e-05,1.4490896018800309e-06,-0.0001791785649840108
491,0.028000000000000004,0,0,600,-1.1420315264487653e-06,-6.5079716931321497e-09,-0.0002070659878240757
492,0.028000000000000004,0,0.00025000000000000001,624.94413501682504,2.5426962328535671e-06,-2.6153704573625488e-07,-0.00020706540301897129
493,0.028000000000000004,0,0.00050000000000000001,649.91944177196046,6.3517227918667272e-06,-4.1985180094980172e-07,-0.00020702353456949154
494,0.028000000000000004,0,0.00075000000000000002,674.93427368406685,9.9063692979149273e-06,-8.867615662751659e-07,-0.00020698108850275126
495,0.028000000000000004,0,0.001,700,1.3127503028267623e-05,-1.5687095999769181e-06,-0.00020682763188081219
496,0.028000000000000004,0.001,0,600,-9.9395054468634708e-07,5.3545836453195472e-08,-0.00020572100979539081
497,0.028000000000000004,0.001,0.00025000000000000001,624.95000656286356,2.3805217657446516e-06,-3.0094472699928012e-07,-0.00020578913102616301
498,0.028000000000000004,0.001,0.00050000000000000001,649.91961095204545,5.8454237320496032e-06,-7.6559743070429468e-07,-0.00020579646946988452
499,0.028000000000000004,0.001,0.00075000000000000002,674.93926441006818,9.3544897009952496e-06,-9.3461814866479422e-07,-0.0002056532202793558
500,0.028000000000000004,0.001,0.001,700,1.3500986027317924e-05,-8.9237293689080073e-07,-0.0002057046995636033
501,0.028000000000000004,0.002,0,600,-8.8565795674453688e-07,1.0115235945888485e-08,-0.00020491336385499418
502,0.028000000000000004,0.002,0.00025000000000000001,624.94436413384949,2.5867285303439446e-06,-9.88419358219348e-08,-0.00020503987908218976
503,0.028000000000000004,0.002,0.00050000000000000001,649.91514658247957,6.2445700458618594e-06,-1.7306466447430766e-07,-0.00020508718269256551
504,0.028000000000000004,0.002,0.00075000000000000002,674.95153807402858,9.5237984574849441e-06,-3.2189304311547024e-07,-0.00020483576488630157
505,0.028000000000000004,0.002,0.001,700,1.387538543491626e-05,-5.1375274762726217e-07,-0.00020502054963082646
506,0.028000000000000004,0.0030000000000000005,0,600,-9.8168114679718809e-07,1.5522059885139809e-17,-0.00020468225850831407
507,0.028000000000000004,0.0030000000000000005,0.00025000000000000001,624.94514580575242,2.4026468282809012e-06,1.5963332138879553e-17,-0.00020478820587923317
508,0.028000000000000004,0.0030000000000000005,0.00050000000000000001,649.91542960043319,5.8343854420456313e-06,1.6471260683512791e-17,-0.00020482134092830772
509,0.028000000000000004,0.0030000000000000005,0.00075000000000000002,674.94833936644739,9.3033345474064492e-06,1.6989841200164634e-17,-0.00020458551500638649
510,0.028000000000000004,0.0030000000000000005,0.001,700,1.3575030932941309e-05,1.7473938418409951e-17,-0.00020471528801463811
511,0.028000000000000004,0.0040000000000000001,0,600,-8.856579567467578e-07,-1.0115235914956371e-08,-0.00020491336385499822
512,0.028000000000000004,0.0040000000000000001,0.00025000000000000001,624.94436413384949,2.5867285303416474e-06,9.8841935853960865e-08,-0.00020503987908219364
513,0.028000000000000004,0.0040000000000000001,0.00050000000000000001,649.91514658247945,6.2445700458596961e-06,1.730646645073547e-07,-0.00020508718269256955
514,0.028000000000000004,0.0040000000000000001,0.00075000000000000002,674.95153807402858,9.5237984574827351e-06,3.2189304314944256e-07,-0.00020483576488630552
515,0.028000000000000004,0.0040000000000000001,0.001,700,1.3875385434914083e-05,5.1375274766227512e-07,-0.00020502054963083034
516,0.028000000000000004,0.0050000000000000001,0,600,-9.939505446909217e-07,-5.3545836422171725e-08,-0.0002057210097953988
517,0.028000000000000004,0.0050000000000000001,0.00025000000000000001,624.95000656286356,2.3805217657401806e-06,3.0094472703119674e-07,-0.00020578913102617101
518,0.028000000000000004,0.0050000000000000001,0.00050000000000000001,649.91961095204545,5.8454237320452528e-06,7.6559743073724098e-07,-0.00020579646946989252
519,0.028000000000000004,0.0050000000000000001,0.00075000000000000002,674.93926441006829,9.3544897009909518e-06,9.3461814869883193e-07,-0.00020565322027936379
520,0.028000000000000004,0.0050000000000000001,0.001,700,1.3500986027313651e-05,8.9237293692583041e-07,-0.00020570469956361116
521,0.028000000000000004,0.006000000000000001,0,600,-1.1420315264555587e-06,6.5079717241468062e-09,-0.00020706598782408762
522,0.028000000000000004,0.006000000000000001,0.00025000000000000001,624.94413501682516,2.5426962328468239e-06,2.6153704576835732e-07,-0.00020706540301898332
523,0.028000000000000004,0.006000000000000001,0.00050000000000000001,649.91944177196046,6.3517227918600534e-06,4.1985180098293897e-07,-0.00020702353456950349
524,0.028000000000000004,0.006000000000000001,0.00075000000000000002,674.93427368406674,9.9063692979083967e-06,8.867615663092197e-07,-0.00020698108850276324
525,0.028000000000000004,0.006000000000000001,0.001,700,1.3127503028261269e-05,1.5687096000120008e-06,-0.00020682763188082417
526,0.029999999999999999,0,0,600,-1.2869609087927394e-06,3.035332011632904e-08,-0.00023673654904449949
527,0.029999999999999999,0,0.00025000000000000001,624.96057901524398,2.419602617747998e-06,-5.0045584677170762e-07,-0.00023677744140147529
528,0.029999999999999999,0,0.00050000000000000001,649.92557688610623,5.9744431089552355e-06,-1.1475011117881859e-06,-0.00023679377957935916
529,0.029999999999999999,0,0.00075000000000000002,674.92986846308497,9.8772607002916754e-06,-1.4391399642349123e-06,-0.00023672830983506308
530,0.029999999999999999,0,0.001,700,1.4207582571136708e-05,-1.4762090218523942e-06,-0.00023675006332601303
531,0.029999999999999999,0.001,0,600,-1.4561580460259859e-06,-4.5983806229314379e-08,-0.00023551942650232763
532,0.029999999999999999,0.001,0.00025000000000000001,624.95895736960222,2.6529671623119156e-06,-1.8229711121813805e-07,-0.0002354610105678098
533,0.029999999999999999,0.001,0.00050000000000000001,649.92698287702058,6.7034959462969373e-06,-1.8946817670470689e-07,-0.00023542774945593071
534,0.029999999999999999,0.001,0.00075000000000000002,674.91923864516298,1.0587126636263777e-05,-5.6166838106004122e-07,-0.00023551665880389329
535,0.029999999999999999,0.001,0.001,700,1.3755591498398936e-05,-1.1822584846906407e-06,-0.00023528744258184618
536,0.029999999999999999,0.002,0,600,-1.5507950175504004e-06,1.8525778140071528e-08,-0.00023476291431222547
537,0.029999999999999999,0.002,0.00025000000000000001,624.97040316573577,2.4435928957129518e-06,-1.3895757548261977e-07,-0.00023462835707420624
538,0.029999999999999999,0.002,0.00050000000000000001,649.93332699284463,6.2488990860459006e-06,-3.3326582470562319e-07,-0.00023456329924461113
539,0.029999999999999999,0.002,0.00075000000000000002,674.90102548157336,1.0385997008685967e-05,-4.4265780074264946e-07,-0.00023481011222420433
540,0.029999999999999999,0.002,0.001,700,1.3356024834953086e-05,-4.9278582021336716e-07,-0.00023443200725940997
541,0.029999999999999999,0.0030000000000000005,0,600,-1.4178590847791378e-06,1.7613303375005799e-17,-0.00023445468179427725
542,0.029999999999999999,0.0030000000000000005,0.00025000000000000001,624.9687195713891,2.6759566881376317e-06,1.8170495539168252e-17,-0.00023435410368339592
543,0.029999999999999999,0.0030000000000000005,0.00050000000000000001,649.93284051595242,6.7640425604619228e-06,1.8724552951775272e-17,-0.00023431353791251265
544,0.029999999999999999,0.0030000000000000005,0.00075000000000000002,674.90635427736379,1.0669045505269429e-05,1.9262570151438784e-17,-0.00023453637651598666
545,0.029999999999999999,0.0030000000000000005,0.001,700,1.3689143637466452e-05,1.9802091275311898e-17,-0.00023423648564188502
546,0.029999999999999999,0.0040000000000000001,0,600,-1.5507950175528627e-06,-1.8525778104860507e-08,-0.0002347629143122297
547,0.029999999999999999,0.0040000000000000001,0.00025000000000000001,624.97040316573577,2.4435928957106623e-06,1.3895757551891757e-07,-0.00023462835707421058
548,0.029999999999999999,0.0040000000000000001,0.00050000000000000001,649.93332699284463,6.248899086043556e-06,3.3326582474294844e-07,-0.00023456329924461539
549,0.029999999999999999,0.0040000000000000001,0.00075000000000000002,674.90102548157336,1.0385997008683745e-05,4.4265780078110184e-07,-0.00023481011222420861
550,0.029999999999999999,0.0040000000000000001,0.001,700,1.335602483495093e-05,4.9278582025291068e-07,-0.00023443200725941439
551,0.029999999999999999,0.0050000000000000001,0,600,-1.4561580460307765e-06,4.5983806264547442e-08,-0.00023551942650233628
552,0.029999999999999999,0.0050000000000000001,0.00025000000000000001,624.95895736960233,2.6529671623071777e-06,1.8229711125453198e-07,-0.00023546101056781844
553,0.029999999999999999,0.0050000000000000001,0.00050000000000000001,649.92698287702058,6.7034959462922515e-06,1.8946817674221835e-07,-0.00023542774945593939
554,0.029999999999999999,0.0050000000000000001,0.00075000000000000002,674.91923864516298,1.0587126636259224e-05,5.6166838109860303e-07,-0.00023551665880390183
555,0.029999999999999999,0.0050000000000000001,0.001,700,1.3755591498394526e-05,1.1822584847302318e-06,-0.00023528744258185472
556,0.029999999999999999,0.006000000000000001,0,600,-1.2869609087999231e-06,-3.0353320081032773e-08,-0.00023673654904451247
557,0.029999999999999999,0.006000000000000001,0.00025000000000000001,624.96057901524375,2.4196026177410049e-06,5.0045584680803707e-07,-0.00023677744140148814
558,0.029999999999999999,0.006000000000000001,0.00050000000000000001,649.92557688610623,5.9744431089483627e-06,1.1475011118255273e-06,-0.00023679377957937207
559,0.029999999999999999,0.006000000000000001,0.00075000000000000002,674.92986846308497,9.8772607002848263e-06,1.4391399642734216e-06,-0.00023672830983507601
560,0.029999999999999999,0.006000000000000001,0.001,700,1.4207582571129907e-05,1.4762090218921423e-06,-0.0002367500633260261
561,0.032000000000000001,0,0,600,-1.6579645204007648e-06,6.8911955197180546e-08,-0.00026862524979452229
562,0.032000000000000001,0,0.00025000000000000001,624.94698420002339,2.6302149072407443e-06,-1.7248951646722186e-07,-0.00026859579950473981
563,0.032000000000000001,0,0.00050000000000000001,649.91942254735477,7.0993433124629598e-06,-2.7626052524994498e-07,-0.00026853856586367262
564,0.032000000000000001,0,0.00075000000000000002,674.92818915876205,1.1095853014635191e-05,-7.9032068528120683e-07,-0.00026853041499150189
565,0.032000000000000001,0,0.001,700,1.4560631544196294e-05,-1.6082200939719685e-06,-0.00026831939402575976
566,0.032000000000000001,0.001,0,600,-1.3858785451315717e-06,1.3998977851680555e-07,-0.00026717658441897414
567,0.032000000000000001,0.001,0.00025000000000000001,624.93390550286131,2.3739676970934096e-06,-2.9389344391791334e-07,-0.0002672829783726826
568,0.032000000000000001,0.001,0.00050000000000000001,649.91651194073393,6.1459912450395908e-06,-8.7848194143945506e-07,-0.00026725905088744058
569,0.032000000000000001,0.001,0.00075000000000000002,674.95601742385031,1.0248815466076359e-05,-1.0141498131031886e-06,-0.00026700862999537309
570,0.032000000000000001,0.001,0.001,700,1.5150979465367582e-05,-8.6481737402808908e-07,-0.00026709798192144194
571,0.032000000000000001,0.002,0,600,-1.2240601137359354e-06,8.1786606161306177e-10,-0.00026632741038908037
572,0.032000000000000001,0.002,0.00025000000000000001,624.90691514605749,2.6426292498296531e-06,-1.0690353334488712e-07,-0.00026652568401916671
573,0.032000000000000001,0.002,0.00050000000000000001,649.90934929424861,6.702120152550873e-06,-1.7535486117714516e-07,-0.0002665102202608551
574,0.032000000000000001,0.002,0.00075000000000000002,674.99152079387909,1.0509032912495267e-05,-3.4167064619405147e-07,-0.000266031732218636
575,0.032000000000000001,0.002,0.001,700,1.556122319390785e-05,-5.8731373901449352e-07,-0.00026628802363261414
576,0.032000000000000001,0.0030000000000000005,0,600,-1.3880268002523206e-06,1.9803082018537564e-17,-0.00026610849200373244
577,0.032000000000000001,0.0030000000000000005,0.00025000000000000001,624.91221238772175,2.375728885030907e-06,2.042487642410698e-17,-0.00026625480129566584
578,0.032000000000000001,0.0030000000000000005,0.00050000000000000001,649.91016451958194,6.0786510998932205e-06,2.0991201666888536e-17,-0.0002662043520901374
579,0.032000000000000001,0.0030000000000000005,0.00075000000000000002,674.98116115920152,1.0156875507314643e-05,2.1548871108083066e-17,-0.00026576420308702288
580,0.032000000000000001,0.0030000000000000005,0.001,700,1.5196847391449992e-05,2.2169629736377391e-17,-0.00026591180627003221
581,0.032000000000000001,0.0040000000000000001,0,600,-1.2240601137383659e-06,-8.1786602185523794e-10,-0.00026632741038908509
582,0.032000000000000001,0.0040000000000000001,0.00025000000000000001,624.90691514605737,2.6426292498271273e-06,1.0690353338571676e-07,-0.00026652568401917137
583,0.032000000000000001,0.0040000000000000001,0.00050000000000000001,649.9093492942485,6.702120152548492e-06,1.7535486121923216e-07,-0.00026651022026085976
584,0.032000000000000001,0.0040000000000000001,0.00075000000000000002,674.99152079387909,1.0509032912492849e-05,3.4167064623732696e-07,-0.00026603173221864066
585,0.032000000000000001,0.0040000000000000001,0.001,700,1.5561223193905427e-05,5.8731373905887222e-07,-0.00026628802363261875
586,0.032000000000000001,0.0050000000000000001,0,600,-1.3858785451366155e-06,-1.3998977847716848e-07,-0.00026717658441898341
587,0.032000000000000001,0.0050000000000000001,0.00025000000000000001,624.93390550286142,2.373967697088493e-06,2.9389344395876945e-07,-0.00026728297837269198
588,0.032000000000000001,0.0050000000000000001,0.00050000000000000001,649.9165119407337,6.1459912450348177e-06,8.7848194148144216e-07,-0.0002672590508874498
589,0.032000000000000001,0.0050000000000000001,0.00075000000000000002,674.95601742385031,1.0248815466071636e-05,1.014149813146327e-06,-0.00026700862999538247
590,0.032000000000000001,0.0050000000000000001,0.001,700,1.5150979465362914e-05,8.6481737407253343e-07,-0.00026709798192145131
591,0.032000000000000001,0.006000000000000001,0,600,-1.6579645204082289e-06,-6.8911955157322418e-08,-0.00026862524979453628
592,0.032000000000000001,0.006000000000000001,0.00025000000000000001,624.94698420002339,2.6302149072333049e-06,1.7248951650815457e-07,-0.00026859579950475374
593,0.032000000000000001,0.006000000000000001,0.00050000000000000001,649.91942254735488,7.0993433124555897e-06,2.7626052529213178e-07,-0.00026853856586368661
594,0.032000000000000001,0.006000000000000001,0.00075000000000000002,674.92818915876205,1.1095853014628027e-05,7.9032068532456073e-07,-0.00026853041499151582
595,0.032000000000000001,0.006000000000000001,0.001,700,1.4560631544189299e-05,1.6082200940162645e-06,-0.00026831939402577364
596,0.034000000000000002,0,0,600,-1.7180531867094747e-06,1.7567163977233753e-07,-0.00030226651720528916
597,0.034000000000000002,0,0.00025000000000000001,624.94334222936016,2.3497327359139765e-06,-4.6453244769089648e-07,-0.00030236493481129945
598,0.034000000000000002,0,0.00050000000000000001,649.92568791712984,6.1850428383360246e-06,-1.2559933469701173e-06,-0.00030240262567741879
599,0.034000000000000002,0,0.00075000000000000002,674.9516024387483,1.0662425818247801e-05,-1.5698524467212327e-06,-0.00030228914918597983
600,0.034000000000000002,0,0.001,700,1.5815217057935858e-05,-1.5267789802676981e-06,-0.00030239654833865088
601,0.034000000000000002,0.001,0,600,-2.0256420056760229e-06,5.5965461298687551e-08,-0.00030079945751404849
602,0.034000000000000002,0.001,0.00025000000000000001,625.01149572793497,2.7009908234532913e-06,-6.1264658775931562e-08,-0.0003007129769652477
603,0.034000000000000002,0.001,0.00050000000000000001,649.93010803499919,7.4873223605381498e-06,1.2716990352370497e-09,-0.0003007672199767907
604,0.034000000000000002,0.001,0.00075000000000000002,674.86561928667061,1.1737077283354059e-05,-4.8533555798502378e-07,-0.00030103754168192928
605,0.034000000000000002,0.001,0.001,700,1.5103320243112892e-05,-1.2943617378696685e-06,-0.00030078908316628379
606,0.034000000000000002,0.002,0,600,-2.1652511138277628e-06,1.5915878312492906e-07,-0.00029983444268556536
607,0.034000000000000002,0.002,0.00025000000000000001,625.09271105730465,2.4065504719280567e-06,-4.4241135694217648e-08,-0.00029962911950900527
608,0.034000000000000002,0.002,0.00050000000000000001,649.93733514732423,6.8033185061151835e-06,-2.877258331177195e-07,-0.00029970311263597288
609,0.034000000000000002,0.002,0.00075000000000000002,674.77421928662784,1.1344064123829587e-05,-4.1899022619874749e-07,-0.00030029415444714653
610,0.034000000000000002,0.002,0.001,700,1.458608137828327e-05,-4.545667053366094e-07,-0.0002998677425933548
611,0.034000000000000002,0.0030000000000000005,0,600,-1.9612733730255207e-06,2.2190166702950759e-17,-0.00029942698033051494
612,0.034000000000000002,0.0030000000000000005,0.00025000000000000001,625.07426071321549,2.7016072521106667e-06,2.2791304716830316e-17,-0.00029929422716749339
613,0.034000000000000002,0.0030000000000000005,0.00050000000000000001,649.93663464888652,7.5256636221908079e-06,2.344242438964225e-17,-0.00029941256969843295
614,0.034000000000000002,0.0030000000000000005,0.00075000000000000002,674.80037789261223,1.1738708050157325e-05,2.4087525890932742e-17,-0.00029993359407734548
615,0.034000000000000002,0.0030000000000000005,0.001,700,1.4932885238428715e-05,2.4652686091506724e-17,-0.00029964289355192931
616,0.034000000000000002,0.0040000000000000001,0,600,-2.1652511138304348e-06,-1.5915878308071873e-07,-0.00029983444268557035
617,0.034000000000000002,0.0040000000000000001,0.00025000000000000001,625.09271105730465,2.4065504719255787e-06,4.4241135739808481e-08,-0.00029962911950901031
618,0.034000000000000002,0.0040000000000000001,0.00050000000000000001,649.93733514732435,6.8033185061126382e-06,2.8772583316449805e-07,-0.00029970311263597787
619,0.034000000000000002,0.0040000000000000001,0.00075000000000000002,674.77421928662784,1.1344064123827167e-05,4.1899022624680035e-07,-0.00030029415444715146
620,0.034000000000000002,0.0040000000000000001,0.001,700,1.4586081378280969e-05,4.5456670538605897e-07,-0.00029986774259335984
621,0.034000000000000002,0.0050000000000000001,0,600,-2.0256420056812067e-06,-5.5965461254292033e-08,-0.00030079945751405852
622,0.034000000000000002,0.0050000000000000001,0.00025000000000000001,625.01149572793497,2.7009908234481549e-06,6.1264658821512126e-08,-0.00030071297696525768
623,0.034000000000000002,0.0050000000000000001,0.00050000000000000001,649.93010803499919,7.4873223605330523e-06,-1.2716989883530558e-09,-0.00030076721997680073
624,0.034000000000000002,0.0050000000000000001,0.00075000000000000002,674.86561928667049,1.1737077283349089e-05,4.853355580332027e-07,-0.00030103754168193925
625,0.034000000000000002,0.0050000000000000001,0.001,700,1.5103320243108034e-05,1.2943617379189616e-06,-0.00030078908316629377
626,0.034000000000000002,0.006000000000000001,0,600,-1.7180531867172971e-06,-1.7567163972805992e-07,-0.00030226651720530417
627,0.034000000000000002,0.006000000000000001,0.00025000000000000001,624.94334222936004,2.349732735906379e-06,4.6453244773658215e-07,-0.00030236493481131452
628,0.034000000000000002,0.006000000000000001,0.00050000000000000001,649.92568791712949,6.1850428383285749e-06,1.2559933470169564e-06,-0.0003024026256774337
629,0.034000000000000002,0.006000000000000001,0.00075000000000000002,674.9516024387483,1.0662425818240339e-05,1.5698524467692309e-06,-0.00030228914918599469
630,0.034000000000000002,0.006000000000000001,0.001,700,1.5815217057928455e-05,1.5267789803170604e-06,-0.00030239654833866578
631,0.036000000000000004,0,0,600,-2.4421929804615902e-06,5.8045126346556617e-07,-0.00033835147652335612
632,0.036000000000000004,0,0.00025000000000000001,625.02208392121588,2.5454763139852848e-06,3.1387285441959214e-07,-0.00033825372948289336
633,0.036000000000000004,0,0.00050000000000000001,649.91933000108781,7.7944775558133198e-06,2.0777478883805042e-07,-0.00033822255584922239
634,0.036000000000000004,0,0.00075000000000000002,674.84766600342437,1.2178004150355591e-05,-4.7334822745320944e-07,-0.00033834970620961211
635,0.036000000000000004,0,0.001,700,1.5752345022738242e-05,-1.6107932788970632e-06,-0.00033806398005243465
636,0.036000000000000004,0.001,0,600,-2.0645186813009125e-06,7.1244608206616485e-07,-0.00033660046417350269
637,0.036000000000000004,0.001,0.00025000000000000001,624.74938931308179,2.0615425027194053e-06,9.7661594097213959e-08,-0.0003367399208710789
638,0.036000000000000004,0.001,0.00050000000000000001,649.92278889391184,6.0250259345073958e-06,-7.3005649234007012e-07,-0.00033655852927836309
639,0.036000000000000004,0.001,0.00075000000000000002,675.1549883000074,1.0775218155253078e-05,-8.9811809913654122e-07,-0.00033602583587706699
640,0.036000000000000004,0.001,0.001,700,1.6488991334142971e-05,-7.1130567887660236e-07,-0.00033612815528594886
641,0.036000000000000004,0.002,0,600,-1.4734221377586682e-06,3.1635487425597341e-07,-0.0003354614145693759
642,0.036000000000000004,0.002,0.00025000000000000001,624.47382237342151,2.7506245309707267e-06,1.4915021995217148e-07,-0.00033571776544876738
643,0.036000000000000004,0.002,0.00050000000000000001,649.9330134001118,7.1209351631939973e-06,3.5788493486670222e-08,-0.0003354759921399865
644,0.036000000000000004,0.002,0.00075000000000000002,675.46019495304063,1.1477584350789191e-05,-1.9902456825593285e-07,-0.00033454012776189192
645,0.036000000000000004,0.002,0.001,700,1.711308921699983e-05,-5.4944194367206292e-07,-0.00033484483751476841
646,0.036000000000000004,0.0030000000000000005,0,600,-1.4770771575650254e-06,2.4492188026733993e-17,-0.0003351131401518567
647,0.036000000000000004,0.0030000000000000005,0.00025000000000000001,624.54351699142762,2.6563626602662705e-06,2.5237623309669701e-17,-0.00033530122988456877
648,0.036000000000000004,0.0030000000000000005,0.00050000000000000001,649.93096281938813,6.4822576512957877e-06,2.5900945149678815e-17,-0.00033502086676434834
649,0.036000000000000004,0.0030000000000000005,0.00075000000000000002,675.37886834342555,1.1196243839397862e-05,2.6556004308684049e-17,-0.00033418955998215297
650,0.036000000000000004,0.0030000000000000005,0.001,700,1.6972583723861056e-05,2.7330117706864202e-17,-0.00033433615409711562
651,0.036000000000000004,0.0040000000000000001,0,600,-1.4734221377612898e-06,-3.1635487420661854e-07,-0.00033546141456938122
652,0.036000000000000004,0.0040000000000000001,0.00025000000000000001,624.47382237342151,2.7506245309679636e-06,-1.491502199016904e-07,-0.00033571776544877264
653,0.036000000000000004,0.0040000000000000001,0.00050000000000000001,649.93301340011192,7.120935163191402e-06,-3.5788493434786463e-08,-0.00033547599213999181
654,0.036000000000000004,0.0040000000000000001,0.00075000000000000002,675.46019495304074,1.1477584350786555e-05,1.9902456830914799e-07,-0.00033454012776189723
655,0.036000000000000004,0.0040000000000000001,0.001,700,1.7113089216997129e-05,5.4944194372640178e-07,-0.00033484483751477362
656,0.036000000000000004,0.0050000000000000001,0,600,-2.0645186813063233e-06,-7.1244608201714684e-07,-0.00033660046417351326
657,0.036000000000000004,0.0050000000000000001,0.00025000000000000001,624.74938931308179,2.0615425027141029e-06,-9.7661594046701361e-08,-0.00033673992087108958
658,0.036000000000000004,0.0050000000000000001,0.00050000000000000001,649.92278889391196,6.0250259345022026e-06,7.3005649239182796e-07,-0.00033655852927837361
659,0.036000000000000004,0.0050000000000000001,0.00075000000000000002,675.15498830000752,1.0775218155247916e-05,8.9811809918956432e-07,-0.00033602583587707751
660,0.036000000000000004,0.0050000000000000001,0.001,700,1.6488991334137862e-05,7.1130567893118337e-07,-0.00033612815528595948
661,0.036000000000000004,0.006000000000000001,0,600,-2.4421929804695235e-06,-5.8045126341614762e-07,-0.00033835147652337195
662,0.036000000000000004,0.006000000000000001,0.00025000000000000001,625.02208392121588,2.5454763139773032e-06,-3.138728543691122e-07,-0.00033825372948290919
663,0.036000000000000004,0.006000000000000001,0.00050000000000000001,649.91933000108759,7.7944775558053289e-06,-2.077747887861043e-07,-0.00033822255584923828
664,0.036000000000000004,0.006000000000000001,0.00075000000000000002,674.84766600342437,1.2178004150347774e-05,4.7334822750652831e-07,-0.00033834970620962788
665,0.036000000000000004,0.006000000000000001,0.001,700,1.5752345022730568e-05,1.6107932789514055e-06,-0.00033806398005245054
666,0.038000000000000006,0,0,600,-3.5573472713460734e-06,3.9903436986973609e-07,-0.00037651011793249232
667,0.038000000000000006,0,0.00025000000000000001,624.64118148665909,8.2793496166553838e-07,-7.6087369221724008e-07,-0.0003766387106281737
668,0.038000000000000006,0,0.00050000000000000001,649.93146700448949,4.711180042193631e-06,-2.0131494425229876e-06,-0.00037644241972257251
669,0.038000000000000006,0,0.00075000000000000002,675.26659759600795,9.8288664815666658e-06,-2.5007409754850917e-06,-0.00037590417072820895
670,0.038000000000000006,0,0.001,700,1.5889583542507694e-05,-2.3160527973461082e-06,-0.00037597496217066124
671,0.038000000000000006,0.001,0,600,-2.6427566037886717e-06,1.3893801178600331e-07,-0.00037338532152564156
672,0.038000000000000006,0.001,0.00025000000000000001,625.71089431954624,2.6035099388770099e-06,-1.766136178055965e-07,-0.00037323283854435378
673,0.038000000000000006,0.001,0.00050000000000000001,649.88753221929187,8.2518637552738801e-06,-1.9640585381621989e-07,-0.00037360343747221711
674,0.038000000000000006,0.001,0.00075000000000000002,674.10537149980689,1.2725680077706218e-05,-9.618263629263279e-07,-0.00037439616563496591
675,0.038000000000000006,0.001,0.001,700,1.6250114201370625e-05,-2.1483239175839819e-06,-0.00037418725090859262
676,0.038000000000000006,0.002,0,600,-2.0577336293109129e-06,1.2282857320184891e-07,-0.00037151206956511745
677,0.038000000000000006,0.002,0.00025000000000000001,626.74114768486629,2.9067284661443122e-06,-2.0755488259782948e-07,-0.00037134743989971925
678,0.038000000000000006,0.002,0.00050000000000000001,649.80504484772189,7.7715601785225588e-06,-5.9601647589415819e-07,-0.00037179232820671627
679,0.038000000000000006,0.002,0.00075000000000000002,672.97910207562722,1.2639314048567622e-05,-8.6697607826921996e-07,-0.00037300896877946217
680,0.038000000000000006,0.002,0.001,700,1.6238605237447568e-05,-9.9967844195314243e-07,-0.00037266278736350995
681,0.038000000000000006,0.0030000000000000005,0,600,-1.8627988264713494e-06,2.7046945406415689e-17,-0.0003708672075457101
682,0.038000000000000006,0.0030000000000000005,0.00025000000000000001,626.47287108807586,3.1234132814786204e-06,2.7860172910097844e-17,-0.00037068500477869008
683,0.038000000000000006,0.0030000000000000005,0.00050000000000000001,649.82575298245536,8.7021978583055239e-06,2.8512921173206379e-17,-0.00037120464138566868
684,0.038000000000000006,0.0030000000000000005,0.00075000000000000002,673.27638972934983,1.300808206206219e-05,2.9185885244811341e-17,-0.00037237097914182715
685,0.038000000000000006,0.0030000000000000005,0.001,700,1.6339152433216481e-05,2.9974726602291127e-17,-0.00037218591416598735
686,0.038000000000000006,0.0040000000000000001,0,600,-2.0577336293138013e-06,-1.2282857314768364e-07,-0.00037151206956512314
687,0.038000000000000006,0.0040000000000000001,0.00025000000000000001,626.74114768486629,2.906728466141666e-06,2.0755488265326238e-07,-0.00037134743989972489
688,0.038000000000000006,0.0040000000000000001,0.00050000000000000001,649.805044847722,7.7715601785197873e-06,5.9601647595109278e-07,-0.00037179232820672191
689,0.038000000000000006,0.0040000000000000001,0.00075000000000000002,672.97910207562711,1.2639314048564942e-05,8.6697607832769456e-07,-0.00037300896877946776
690,0.038000000000000006,0.0040000000000000001,0.001,700,1.6238605237445044e-05,9.9967844201287668e-07,-0.00037266278736351559
691,0.038000000000000006,0.0050000000000000001,0,600,-2.6427566037942985e-06,-1.3893801173188267e-07,-0.00037338532152565268
692,0.038000000000000006,0.0050000000000000001,0.00025000000000000001,625.71089431954636,2.6035099388714004e-06,1.7661361786131655e-07,-0.00037323283854436506
693,0.038000000000000006,0.0050000000000000001,0.00050000000000000001,649.88753221929187,8.2518637552683761e-06,1.9640585387329747e-07,-0.00037360343747222839
694,0.038000000000000006,0.0050000000000000001,0.00075000000000000002,674.10537149980689,1.2725680077700859e-05,9.618263629847376e-07,-0.00037439616563497702
695,0.038000000000000006,0.0050000000000000001,0.001,700,1.6250114201365326e-05,2.1483239176439183e-06,-0.00037418725090860374
696,0.038000000000000006,0.006000000000000001,0,600,-3.5573472713545852e-06,-3.9903436981568094e-07,-0.00037651011793250923
697,0.038000000000000006,0.006000000000000001,0.00025000000000000001,624.64118148665909,8.2793496165731887e-07,7.6087369227268485e-07,-0.0003766387106281904
698,0.038000000000000006,0.006000000000000001,0.00050000000000000001,649.93146700448949,4.7111800421855859e-06,2.0131494425798566e-06,-0.00037644241972258926
699,0.038000000000000006,0.006000000000000001,0.00075000000000000002,675.26659759600795,9.8288664815586105e-06,2.5007409755434891e-06,-0.00037590417072822576
700,0.038000000000000006,0.006000000000000001,0.001,700,1.5889583542499715e-05,2.3160527974059078e-06,-0.00037597496217067809
701,0.040000000000000001,0,0,600,-3.6402535459041412e-06,-2.7601378100593183e-06,-0.00041650680035996317
702,0.040000000000000001,0,0.00025000000000000001,626.24646059119709,2.206535832491625e-06,-3.360002333893161e-06,-0.00041627747590242359
703,0.040000000000000001,0,0.00050000000000000001,649.92928095210073,8.361957240302027e-06,-3.6511801716962645e-06,-0.00041670910263098024
704,0.040000000000000001,0,0.00075000000000000002,673.64569192934812,1.329732994472383e-05,-4.8182710974486519e-06,-0.00041810054090273869
705,0.040000000000000001,0,0.001,700,1.686151945441488e-05,-8.0946350911659167e-06,-0.00041865818755170353
706,0.040000000000000001,0.001,0,600,-2.6428145294089259e-06,-2.2292895888265558e-06,-0.00041324676089122278
707,0.040000000000000001,0.001,0.00025000000000000001,622.08175023311492,1.7557990683744506e-06,-3.3211672717064361e-06,-0.00041379936952379157
708,0.040000000000000001,0.001,0.00050000000000000001,650.15272119383098,5.8613777290092059e-06,-4.9126011926371291e-06,-0.00041336058689041565
709,0.040000000000000001,0.001,0.00075000000000000002,678.14753172598751,1.1209457170281919e-05,-5.8708039250434904e-06,-0.00041172434236748303
710,0.040000000000000001,0.001,0.001,700,1.7992709514393455e-05,-5.6643692634210469e-06,-0.0004113762642945252
711,0.040000000000000001,0.002,0,600,-2.7587501361491614e-06,-1.2132930961647244e-06,-0.00041049721259124941
712,0.040000000000000001,0.002,0.00025000000000000001,618.13674389955861,1.9576305914307393e-06,-1.8929785193814514e-06,-0.00041050394975273728
713,0.040000000000000001,0.002,0.00050000000000000001,650.66138339645704,6.3670879070367509e-06,-2.3909638992137903e-06,-0.00040971686806702068
714,0.040000000000000001,0.002,0.00075000000000000002,682.60381714218875,1.1111256212942038e-05,-2.8371181413860043e-06,-0.00040859647797583985
715,0.040000000000000001,0.002,0.001,700,1.6395438921895636e-05,-3.7646940563946574e-06,-0.0004094228987048042
716,0.040000000000000001,0.0030000000000000005,0,600,-2.3340475801362607e-06,2.9636214242603135e-17,-0.00040894517969510056
717,0.040000000000000001,0.0030000000000000005,0.00025000000000000001,619.21062319034161,1.8733629238381728e-06,3.0314781231199862e-17,-0.00040955155196649884
718,0.040000000000000001,0.0030000000000000005,0.00050000000000000001,650.50418595254223,5.5140822009700773e-06,3.1199250734303575e-17,-0.00040909065199787044
719,0.040000000000000001,0.0030000000000000005,0.00075000000000000002,681.41181413641175,1.0462612878127628e-05,3.1998146451169389e-17,-0.00040717147659916748
720,0.040000000000000001,0.0030000000000000005,0.001,700,1.6850935861976154e-05,3.265625944149563e-17,-0.00040689813505385833
721,0.040000000000000001,0.0040000000000000001,0,600,-2.7587501361520095e-06,1.2132930962240267e-06,-0.00041049721259125554
722,0.040000000000000001,0.0040000000000000001,0.00025000000000000001,618.13674389955872,1.9576305914277286e-06,1.8929785194424509e-06,-0.00041050394975274319
723,0.040000000000000001,0.0040000000000000001,0.00050000000000000001,650.66138339645704,6.3670879070340167e-06,2.390963899276162e-06,-0.00040971686806702665
724,0.040000000000000001,0.0040000000000000001,0.00075000000000000002,682.60381714218863,1.1111256212939325e-05,2.8371181414498054e-06,-0.00040859647797584581
725,0.040000000000000001,0.0040000000000000001,0.001,700,1.6395438921892841e-05,3.7646940564602237e-06,-0.00040942289870481022
726,0.040000000000000001,0.0050000000000000001,0,600,-2.642814529414834e-06,2.2292895888858426e-06,-0.00041324676089123493
727,0.040000000000000001,0.0050000000000000001,0.00025000000000000001,622.0817502331148,1.7557990683687916e-06,3.3211672717670506e-06,-0.00041379936952380361
728,0.040000000000000001,0.0050000000000000001,0.00050000000000000001,650.15272119383087,5.8613777290036104e-06,4.9126011926994293e-06,-0.00041336058689042763
729,0.040000000000000001,0.0050000000000000001,0.00075000000000000002,678.14753172598751,1.1209457170276369e-05,5.8708039251073872e-06,-0.00041172434236749501
730,0.040000000000000001,0.0050000000000000001,0.001,700,1.7992709514388126e-05,5.6643692634862862e-06,-0.00041137626429453735
731,0.040000000000000001,0.006000000000000001,0,600,-3.6402535459128415e-06,2.760137810118794e-06,-0.00041650680035998128
732,0.040000000000000001,0.006000000000000001,0.00025000000000000001,626.24646059119686,2.2065358324828506e-06,3.3600023339541914e-06,-0.00041627747590244153
733,0.040000000000000001,0.006000000000000001,0.00050000000000000001,649.92928095210061,8.3619572402933449e-06,3.651180171758665e-06,-0.00041670910263099823
734,0.040000000000000001,0.006000000000000001,0.00075000000000000002,673.64569192934812,1.3297329944715426e-05,4.8182710975124691e-06,-0.00041810054090275664
735,0.040000000000000001,0.006000000000000001,0.001,700,1.6861519454406603e-05,8.0946350912313246e-06,-0.00041865818755172131
736,0.042000000000000003,0,0,600,-1.3325611551272031e-06,-4.8417327610464931e-06,-0.000462287030618021
737,0.042000000000000003,0,0.00025000000000000001,628.26550676221962,4.5429158791041739e-06,-5.1995936121564498e-06,-0.00046173600518088873
738,0.042000000000000003,0,0.00050000000000000001,649.89536542117639,1.0090251381823559e-05,-4.5355326849636385e-06,-0.0004625946295454856
739,0.042000000000000003,0,0.00075000000000000002,671.63886643995045,1.645861674047015e-05,-6.1811939609540237e-06,-0.00046566714179396184
740,0.042000000000000003,0,0.001,700,2.3479929199037917e-05,-1.2735666528796868e-05,-0.00046681636714661703
741,0.042000000000000003,0.001,0,600,-8.331300325047751e-07,-3.7999865023447178e-06,-0.000458133332791591
742,0.042000000000000003,0.001,0.00025000000000000001,617.49142550520298,5.6116997581477456e-06,-5.4995747576195288e-06,-0.00045935813260480045
743,0.042000000000000003,0.001,0.00050000000000000001,650.51128437721002,1.2383525458060477e-05,-8.2907091158953674e-06,-0.00045858819389101794
744,0.042000000000000003,0.001,0.00075000000000000002,683.15168019772568,1.8424831368997437e-05,-9.9686889455607824e-06,-0.00045524592650621968
745,0.042000000000000003,0.001,0.001,700,2.3838670316001959e-05,-8.417516168345905e-06,-0.00045496773287306125
746,0.042000000000000003,0.002,0,600,-2.5261020946504592e-07,-2.1343348918980824e-06,-0.00045423953596498274
747,0.042000000000000003,0.002,0.00025000000000000001,603.23863004286966,5.8515736158700931e-06,-2.9237588767702924e-06,-0.00045435326076164942
748,0.042000000000000003,0.002,0.00050000000000000001,653.59259960184909,1.232310987062001e-05,-3.1116676171076261e-06,-0.00045318906662840684
749,0.042000000000000003,0.002,0.00075000000000000002,698.5721116508912,1.8419320271983272e-05,-3.9897985578043129e-06,-0.00045057943949845819
750,0.042000000000000003,0.002,0.001,700,2.3533280713480164e-05,-6.2089039284846475e-06,-0.00045322113474437746
751,0.042000000000000003,0.0030000000000000005,0,600,-7.1608967481045339e-08,3.2363440928195398e-17,-0.00045181856219102251
752,0.042000000000000003,0.0030000000000000005,0.00025000000000000001,607.11908088680002,6.1202867572286843e-06,3.3201660197871669e-17,-0.00045314936735267147
753,0.042000000000000003,0.0030000000000000005,0.00050000000000000001,652.72180942707723,1.2850490013871226e-05,3.3854049478931989e-17,-0.00045239827143279319
754,0.042000000000000003,0.0030000000000000005,0.00075000000000000002,694.42328529645499,1.869103005728044e-05,3.4653892769493764e-17,-0.00044836567605697282
755,0.042000000000000003,0.0030000000000000005,0.001,700,2.3883551295580901e-05,3.5532652872824937e-17,-0.00044846898558475155
756,0.042000000000000003,0.0040000000000000001,0,600,-2.5261020946806914e-07,2.1343348919624794e-06,-0.00045423953596498913
757,0.042000000000000003,0.0040000000000000001,0.00025000000000000001,603.23863004286966,5.8515736158673326e-06,2.9237588768362436e-06,-0.00045435326076165565
758,0.042000000000000003,0.0040000000000000001,0.00050000000000000001,653.59259960184909,1.2323109870617023e-05,3.1116676171754315e-06,-0.0004531890666284134
759,0.042000000000000003,0.0040000000000000001,0.00075000000000000002,698.57211165089132,1.8419320271980338e-05,3.9897985578738128e-06,-0.00045057943949846458
760,0.042000000000000003,0.0040000000000000001,0.001,700,2.3533280713477419e-05,6.2089039285555459e-06,-0.00045322113474438391
761,0.042000000000000003,0.0050000000000000001,0,600,-8.3313003251065658e-07,3.7999865024094379e-06,-0.00045813333279160379
762,0.042000000000000003,0.0050000000000000001,0.00025000000000000001,617.49142550520287,5.6116997581417791e-06,5.4995747576859354e-06,-0.00045935813260481329
763,0.042000000000000003,0.0050000000000000001,0.00050000000000000001,650.51128437721002,1.2383525458054667e-05,8.290709115963147e-06,-0.00045858819389103057
764,0.042000000000000003,0.0050000000000000001,0.00075000000000000002,683.15168019772568,1.8424831368991768e-05,9.9686889456301086e-06,-0.00045524592650623248
765,0.042000000000000003,0.0050000000000000001,0.001,700,2.3838670315996199e-05,8.4175161684169982e-06,-0.00045496773287307405
766,0.042000000000000003,0.006000000000000001,0,600,-1.332561155136028e-06,4.8417327611110667e-06,-0.00046228703061804003
767,0.042000000000000003,0.006000000000000001,0.00025000000000000001,628.26550676221984,4.542915879095646e-06,5.1995936122225861e-06,-0.00046173600518090776
768,0.042000000000000003,0.006000000000000001,0.00050000000000000001,649.89536542117639,1.009025138181509e-05,4.5355326850315332e-06,-0.00046259462954550469
769,0.042000000000000003,0.006000000000000001,0.00075000000000000002,671.63886643995022,1.6458616740461568e-05,6.1811939610236015e-06,-0.00046566714179398103
770,0.042000000000000003,0.006000000000000001,0.001,700,2.3479929199029464e-05,1.2735666528867859e-05,-0.00046681636714663617
771,0.044000000000000004,0,0,600,1.0571716222418743e-06,-4.6027076385113004e-06,-0.00051794105614456681
772,0.044000000000000004,0,0.00025000000000000001,627.79602054115264,8.763514136475241e-06,-5.8918896636839094e-06,-0.00051757139931646453
773,0.044000000000000004,0,0.00050000000000000001,649.92596663389702,1.6733269736637205e-05,-6.3630581048141746e-06,-0.00051836630295684259
774,0.044000000000000004,0,0.00075000000000000002,672.15969407292687,2.3997541360950911e-05,-7.9213045918385585e-06,-0.00052083860660500519
775,0.044000000000000004,0,0.001,700,3.0972804421999268e-05,-1.3094506667051615e-05,-0.00052240909964285922
776,0.044000000000000004,0.001,0,600,1.3767539377123784e-06,-3.9537299404958604e-06,-0.00051260761891320941
777,0.044000000000000004,0.001,0.00025000000000000001,618.68260555251595,8.7809323570873135e-06,-5.3269931919432647e-06,-0.00051364678533356335
778,0.044000000000000004,0.001,0.00050000000000000001,650.43806873099015,1.5889655544779155e-05,-7.7305046630565788e-06,-0.00051325464046011928
779,0.044000000000000004,0.001,0.00075000000000000002,681.85441877997891,2.3646503232134292e-05,-9.5546272482661705e-06,-0.00051091130636223014
780,0.044000000000000004,0.001,0.001,700,3.1682498263512643e-05,-9.43556415113041e-06,-0.00051009633309367051
781,0.044000000000000004,0.002,0,600,1.9464117751959155e-06,-2.0073638688386078e-06,-0.00050830795074766142
782,0.044000000000000004,0.002,0.00025000000000000001,607.03163511514504,9.3502097686932979e-06,-3.1937678156732943e-06,-0.00050807612306205143
783,0.044000000000000004,0.002,0.00050000000000000001,652.91967856584426,1.6554221723886495e-05,-3.9882381345300417e-06,-0.00050725648235418078
784,0.044000000000000004,0.002,0.00075000000000000002,694.50734105506035,2.4186706005502763e-05,-4.7453879032888477e-06,-0.00050595929141333167
785,0.044000000000000004,0.002,0.001,700,3.227133674051937e-05,-6.3344799829158574e-06,-0.00050754538631983277
786,0.044000000000000004,0.0030000000000000005,0,600,1.9306569953445823e-06,3.4976857682162782e-17,-0.0005054842372783833
787,0.044000000000000004,0.0030000000000000005,0.00025000000000000001,610.23175196814509,9.3726932031151178e-06,3.5550584097460404e-17,-0.00050656901343217649
788,0.044000000000000004,0.0030000000000000005,0.00050000000000000001,652.19910168067781,1.6323421085453323e-05,3.6601206170454432e-17,-0.00050630465878052
789,0.044000000000000004,0.0030000000000000005,0.00075000000000000002,691.11232050844274,2.4139379479466128e-05,3.7541110701219518e-17,-0.00050350824382148888
790,0.044000000000000004,0.0030000000000000005,0.001,700,3.2150318085903471e-05,3.805654091103534e-17,-0.00050280824293809487
791,0.044000000000000004,0.0040000000000000001,0,600,1.9464117751930856e-06,2.0073638689084795e-06,-0.00050830795074766782
792,0.044000000000000004,0.0040000000000000001,0.00025000000000000001,607.03163511514515,9.3502097686901893e-06,3.1937678157452412e-06,-0.00050807612306205804
793,0.044000000000000004,0.0040000000000000001,0.00050000000000000001,652.91967856584426,1.6554221723883693e-05,3.9882381346032355e-06,-0.00050725648235418728
794,0.044000000000000004,0.0040000000000000001,0.00075000000000000002,694.50734105506035,2.4186706005499974e-05,4.7453879033634315e-06,-0.00050595929141333828
795,0.044000000000000004,0.0040000000000000001,0.001,700,3.2271336740516347e-05,6.3344799829927342e-06,-0.00050754538631983927
796,0.044000000000000004,0.0050000000000000001,0,600,1.3767539377065711e-06,3.9537299405657931e-06,-0.00051260761891322253
797,0.044000000000000004,0.0050000000000000001,0.00025000000000000001,618.68260555251595,8.7809323570816807e-06,5.3269931920144435e-06,-0.00051364678533357636
798,0.044000000000000004,0.0050000000000000001,0.00050000000000000001,650.43806873099004,1.5889655544773372e-05,7.7305046631298489e-06,-0.00051325464046013251
799,0.044000000000000004,0.0050000000000000001,0.00075000000000000002,681.85441877997891,2.3646503232128437e-05,9.5546272483413769e-06,-0.00051091130636224326
800,0.044000000000000004,0.0050000000000000001,0.001,700,3.1682498263507045e-05,9.4355641512066091e-06,-0.00051009633309368353
801,0.044000000000000004,0.006000000000000001,0,600,1.0571716222331403e-06,4.6027076385811137e-06,-0.00051794105614458655
802,0.044000000000000004,0.006000000000000001,0.00025000000000000001,627.79602054115276,8.7635141364663472e-06,5.8918896637557767e-06,-0.00051757139931648448
803,0.044000000000000004,0.006000000000000001,0.00050000000000000001,649.92596663389713,1.6733269736628464e-05,6.3630581048873566e-06,-0.0005183663029568621
804,0.044000000000000004,0.006000000000000001,0.00075000000000000002,672.1596940729271,2.3997541360942417e-05,7.921304591913133e-06,-0.00052083860660502492
805,0.044000000000000004,0.006000000000000001,0.001,700,3.0972804421990703e-05,1.3094506667128619e-05,-0.00052240909964287917
806,0.046000000000000006,0,0,600,3.0092672379824343e-06,-4.4122413348042799e-06,-0.00058375750037035644
807,0.046000000000000006,0,0.00025000000000000001,627.89226021620289,1.1739335996683261e-05,-5.2364038969684874e-06,-0.00058327008872672594
808,0.046000000000000006,0,0.00050000000000000001,649.91180532290298,2.0251431980243636e-05,-4.9652707786840445e-06,-0.00058403196330321123
809,0.046000000000000006,0,0.00075000000000000002,672.02693228608314,2.9090992768655526e-05,-6.834321119758634e-06,-0.00058684933474061637
810,0.046000000000000006,0,0.001,700,3.8202373811707219e-05,-1.3298678579222978e-05,-0.00058801032116262756
811,0.046000000000000006,0.001,0,600,3.0871536934908733e-06,-3.5791361920373459e-06,-0.00057810782100446365
812,0.046000000000000006,0.001,0.00025000000000000001,618.36475831463645,1.1945997389671357e-05,-5.480143523345037e-06,-0.00057937933200016562
813,0.046000000000000006,0.001,0.00050000000000000001,650.44694161844745,2.1043103904851369e-05,-8.423741798828237e-06,-0.00057885247925044091
814,0.046000000000000006,0.001,0.00075000000000000002,682.21371092728862,2.9858826442026543e-05,-1.032398995838276e-05,-0.00057591431251505459
815,0.046000000000000006,0.001,0.001,700,3.8357984255569868e-05,-9.1538507077075848e-06,-0.00057574269355642992
816,0.046000000000000006,0.002,0,600,3.2099247532740773e-06,-2.0060915775985601e-06,-0.00057347655203245475
817,0.046000000000000006,0.002,0.00025000000000000001,606.05365450089164,1.1929972582617958e-05,-2.9775689079622257e-06,-0.00057366722049071448
818,0.046000000000000006,0.002,0.00050000000000000001,653.06078165132772,2.1044979289370421e-05,-3.3551047880988999e-06,-0.00057266378192702264
819,0.046000000000000006,0.002,0.00075000000000000002,695.57287857626295,2.9771559418081781e-05,-4.3609784227630658e-06,-0.00057044852270438724
820,0.046000000000000006,0.002,0.001,700,3.8102803489738281e-05,-6.6178593970168667e-06,-0.00057320816195277396
821,0.046000000000000006,0.0030000000000000005,0,600,3.4103625446191909e-06,3.7761106137982892e-17,-0.00057069110806511232
822,0.046000000000000006,0.0030000000000000005,0.00025000000000000001,609.42252554758863,1.2128929525532283e-05,3.86688406184975e-17,-0.00057207394392436552
823,0.046000000000000006,0.0030000000000000005,0.00050000000000000001,652.31228980302001,2.1297572606237822e-05,3.9363435951962894e-17,-0.00057157712643300326
824,0.046000000000000006,0.0030000000000000005,0.00075000000000000002,691.97109969834344,3.0012820018750958e-05,4.0140435112157248e-17,-0.00056804347278857246
825,0.046000000000000006,0.0030000000000000005,0.001,700,3.8497349522356967e-05,4.1116031665138165e-17,-0.00056829853240651814
826,0.046000000000000006,0.0040000000000000001,0,600,3.2099247532709915e-06,2.0060915776735665e-06,-0.00057347655203246136
827,0.046000000000000006,0.0040000000000000001,0.00025000000000000001,606.05365450089153,1.1929972582615231e-05,2.9775689080388927e-06,-0.00057366722049072099
828,0.046000000000000006,0.0040000000000000001,0.00050000000000000001,653.0607816513276,2.1044979289367409e-05,3.3551047881775875e-06,-0.00057266378192702948
829,0.046000000000000006,0.0040000000000000001,0.00075000000000000002,695.57287857626284,2.9771559418078786e-05,4.3609784228436966e-06,-0.00057044852270439397
830,0.046000000000000006,0.0040000000000000001,0.001,700,3.8102803489735584e-05,6.6178593970988943e-06,-0.00057320816195278079
831,0.046000000000000006,0.0050000000000000001,0,600,3.0871536934846285e-06,3.579136192112495e-06,-0.00057810782100447731
832,0.046000000000000006,0.0050000000000000001,0.00025000000000000001,618.36475831463633,1.1945997389665106e-05,5.4801435234220696e-06,-0.00057937933200017907
833,0.046000000000000006,0.0050000000000000001,0.00050000000000000001,650.44694161844757,2.1043103904845484e-05,8.4237417989067315e-06,-0.00057885247925045446
834,0.046000000000000006,0.0050000000000000001,0.00075000000000000002,682.2137109272885,2.9858826442020881e-05,1.0323989958462901e-05,-0.00057591431251506858
835,0.046000000000000006,0.0050000000000000001,0.001,700,3.8357984255564013e-05,9.1538507077898758e-06,-0.00057574269355644369
836,0.046000000000000006,0.006000000000000001,0,600,3.0092672379733613e-06,4.4122413348791483e-06,-0.00058375750037037682
837,0.046000000000000006,0.006000000000000001,0.00025000000000000001,627.892260216203,1.1739335996674474e-05,5.2364038970450084e-06,-0.00058327008872674643
838,0.046000000000000006,0.006000000000000001,0.00050000000000000001,649.91180532290309,2.0251431980234779e-05,4.9652707787626221e-06,-0.00058403196330323193
839,0.046000000000000006,0.006000000000000001,0.00075000000000000002,672.02693228608337,2.9090992768646507e-05,6.8343211198391598e-06,-0.00058684933474063687
840,0.046000000000000006,0.006000000000000001,0.001,700,3.8202373811698498e-05,1.3298678579304844e-05,-0.00058801032116264805
841,0.048000000000000008,0,0,600,4.2574815162051706e-06,-4.2811475094445727e-06,-0.00065947069382893083
842,0.048000000000000008,0,0.00025000000000000001,627.88833644508532,1.4394223305044077e-05,-5.5943760812169041e-06,-0.00065915912429660804
843,0.048000000000000008,0,0.00050000000000000001,649.92080060641581,2.4635542179600648e-05,-6.132696809280824e-06,-0.00066007407941650806
844,0.048000000000000008,0,0.00075000000000000002,672.05981558325118,3.4537869120653875e-05,-7.8186406102761943e-06,-0.00066273580478078923
845,0.048000000000000008,0,0.001,700,4.4459192313842317e-05,-1.3247127549686142e-05,-0.00066436358584035665
846,0.048000000000000008,0.001,0,600,4.4899901197102393e-06,-3.5404327763080505e-06,-0.00065382531952918211
847,0.048000000000000008,0.001,0.00025000000000000001,618.4596010322897,1.4545984799963756e-05,-5.0647822592249697e-06,-0.00065495044960364593
848,0.048000000000000008,0.001,0.00050000000000000001,650.4544430492025,2.4505004527036925e-05,-7.6051605002146965e-06,-0.00065456187159496277
849,0.048000000000000008,0.001,0.00075000000000000002,682.0946721158067,3.4797109850649653e-05,-9.520274440172531e-06,-0.00065215939139474358
850,0.048000000000000008,0.001,0.001,700,4.5049472418214833e-05,-9.4161937343733646e-06,-0.00065143310767832641
851,0.048000000000000008,0.002,0,600,4.7021877918438336e-06,-1.788869127026776e-06,-0.00064914282160965977
852,0.048000000000000008,0.002,0.00025000000000000001,606.32020852903565,1.4910561206228415e-05,-2.9983603136939757e-06,-0.00064903286512006295
853,0.048000000000000008,0.002,0.00050000000000000001,653.04805065277708,2.4826894493958533e-05,-3.8264535589354293e-06,-0.00064823487457571786
854,0.048000000000000008,0.002,0.00075000000000000002,695.26476752600547,3.5150914139642225e-05,-4.6546266821466192e-06,-0.00064684490350500165
855,0.048000000000000008,0.002,0.001,700,4.5270549971631189e-05,-6.3552982343895235e-06,-0.00064851154191984466
856,0.048000000000000008,0.0030000000000000005,0,600,4.7479448748190095e-06,4.0273406094846889e-17,-0.00064623341742845028
857,0.048000000000000008,0.0030000000000000005,0.00025000000000000001,609.64339310118532,1.4902162553352363e-05,4.1259322143843245e-17,-0.00064741079407576593
858,0.048000000000000008,0.0030000000000000005,0.00050000000000000001,652.30074224372402,2.4741710432335237e-05,4.2154263000884287e-17,-0.00064714307694250595
859,0.048000000000000008,0.0030000000000000005,0.00075000000000000002,691.73297230929109,3.514940565106314e-05,4.2992500054591002e-17,-0.00064426670967412003
860,0.048000000000000008,0.0030000000000000005,0.001,700,4.5313395135495739e-05,4.3940919594824158e-17,-0.00064365661977601788
861,0.048000000000000008,0.0040000000000000001,0,600,4.7021877918407564e-06,1.7888691271077278e-06,-0.00064914282160966682
862,0.048000000000000008,0.0040000000000000001,0.00025000000000000001,606.32020852903588,1.4910561206225014e-05,2.9983603137764076e-06,-0.00064903286512006989
863,0.048000000000000008,0.0040000000000000001,0.00050000000000000001,653.04805065277719,2.4826894493955494e-05,3.8264535590196252e-06,-0.00064823487457572469
864,0.048000000000000008,0.0040000000000000001,0.00075000000000000002,695.26476752600547,3.5150914139639244e-05,4.6546266822325973e-06,-0.00064684490350500881
865,0.048000000000000008,0.0040000000000000001,0.001,700,4.527054997162793e-05,6.3552982344770762e-06,-0.00064851154191985149
866,0.048000000000000008,0.0050000000000000001,0,600,4.4899901197042567e-06,3.5404327763882866e-06,-0.00065382531952919609
867,0.048000000000000008,0.0050000000000000001,0.00025000000000000001,618.45960103228958,1.4545984799957821e-05,5.0647822593072437e-06,-0.00065495044960366014
868,0.048000000000000008,0.0050000000000000001,0.00050000000000000001,650.45444304920261,2.4505004527030663e-05,7.6051605002987849e-06,-0.00065456187159497676
869,0.048000000000000008,0.0050000000000000001,0.00075000000000000002,682.0946721158067,3.4797109850643209e-05,9.5202744402583372e-06,-0.00065215939139475767
870,0.048000000000000008,0.0050000000000000001,0.001,700,4.5049472418208734e-05,9.4161937344610952e-06,-0.00065143310767834051
871,0.048000000000000008,0.006000000000000001,0,600,4.2574815161957127e-06,4.2811475095255609e-06,-0.00065947069382895208
872,0.048000000000000008,0.006000000000000001,0.00025000000000000001,627.88833644508532,1.439422330503455e-05,5.594376081299306e-06,-0.00065915912429662907
873,0.048000000000000008,0.006000000000000001,0.00050000000000000001,649.92080060641592,2.463554217959134e-05,6.132696809364964e-06,-0.00066007407941652909
874,0.048000000000000008,0.006000000000000001,0.00075000000000000002,672.05981558325129,3.453786912064491e-05,7.8186406103621376e-06,-0.00066273580478081048
875,0.048000000000000008,0.006000000000000001,0.001,700,4.4459192313833175e-05,1.3247127549773747e-05,-0.00066436358584037779
876,0.050000000000000003,0,0,600,5.1303826854745246e-06,-4.2652264617777207e-06,-0.00074572123307596768
877,0.050000000000000003,0,0.00025000000000000001,627.87064419048272,1.660791706851818e-05,-5.1653734457321184e-06,-0.00074536030116282583
878,0.050000000000000003,0,0.00050000000000000001,649.91317948523044,2.7896816947463303e-05,-4.9562533083861046e-06,-0.00074621918744003203
879,0.050000000000000003,0,0.00075000000000000002,672.05157313764801,3.9221223088147079e-05,-6.8655941418717059e-06,-0.00074909781707162976
880,0.050000000000000003,0,0.001,700,5.0492275419486463e-05,-1.3316849139436863e-05,-0.00075037197679579616
881,0.050000000000000003,0.001,0,600,5.4658497233986276e-06,-3.4748072572792504e-06,-0.00073987155341173031
882,0.050000000000000003,0.001,0.00025000000000000001,618.42000679675573,1.6734601671910552e-05,-5.3961921784407615e-06,-0.00074123280894933046
883,0.050000000000000003,0.001,0.00050000000000000001,650.44498845536464,2.821833413761439e-05,-8.3627186518718175e-06,-0.00074083775522805983
884,0.050000000000000003,0.001,0.00075000000000000002,682.1563160851174,3.9686608142799139e-05,-1.0306362358369561e-05,-0.00073806737343086524
885,0.050000000000000003,0.001,0.001,700,5.1148446031692651e-05,-9.2177468760593423e-06,-0.00073800793283383605
886,0.050000000000000003,0.002,0,600,5.7184992300868856e-06,-1.9152124632184281e-06,-0.00073511356147425405
887,0.050000000000000003,0.002,0.00025000000000000001,606.2242171578755,1.6940074982349326e-05,-2.9285044303391865e-06,-0.00073538526722343963
888,0.050000000000000003,0.002,0.00050000000000000001,653.03377183028897,2.8540337867939055e-05,-3.3438530917885395e-06,-0.00073452128605016958
889,0.050000000000000003,0.002,0.00075000000000000002,695.39247491260323,3.9878947775722718e-05,-4.3693053801843189e-06,-0.00073249921126753272
890,0.050000000000000003,0.002,0.001,700,5.1303120888840218e-05,-6.6230638833203196e-06,-0.0007353806114012842
891,0.050000000000000003,0.0030000000000000005,0,600,5.8656853388974301e-06,4.3208300420493309e-17,-0.00073226916296805411
892,0.050000000000000003,0.0030000000000000005,0.00025000000000000001,609.56521452617369,1.7018619149589009e-05,4.4062293555116598e-17,-0.00073374025201416255
893,0.050000000000000003,0.0030000000000000005,0.00050000000000000001,652.29142162902201,2.8613122097328557e-05,4.490140294317076e-17,-0.00073338407976556103
894,0.050000000000000003,0.0030000000000000005,0.00075000000000000002,691.82364714190749,3.9999171883064796e-05,4.5782163540760494e-17,-0.00073003229723262787
895,0.050000000000000003,0.0030000000000000005,0.001,700,5.1554536598605523e-05,4.6685798193399718e-17,-0.0007304122101243095
896,0.050000000000000003,0.0040000000000000001,0,600,5.7184992300837253e-06,1.9152124633045993e-06,-0.00073511356147426088
897,0.050000000000000003,0.0040000000000000001,0.00025000000000000001,606.2242171578755,1.6940074982346504e-05,2.9285044304271521e-06,-0.00073538526722344657
898,0.050000000000000003,0.0040000000000000001,0.00050000000000000001,653.03377183028897,2.8540337867935853e-05,3.343853091878294e-06,-0.00073452128605017652
899,0.050000000000000003,0.0040000000000000001,0.00075000000000000002,695.39247491260323,3.9878947775719465e-05,4.3693053802759263e-06,-0.00073249921126753966
900,0.050000000000000003,0.0040000000000000001,0.001,700,5.1303120888837277e-05,6.6230638834136245e-06,-0.00073538061140129135
901,0.050000000000000003,0.0050000000000000001,0,600,5.46584972339203e-06,3.4748072573654199e-06,-0.00073987155341174418
902,0.050000000000000003,0.0050000000000000001,0.00025000000000000001,618.42000679675573,1.6734601671903935e-05,5.3961921785287988e-06,-0.00074123280894934477
903,0.050000000000000003,0.0050000000000000001,0.00050000000000000001,650.44498845536464,2.8218334137608183e-05,8.3627186519616962e-06,-0.00074083775522807436
904,0.050000000000000003,0.0050000000000000001,0.00075000000000000002,682.15631608511751,3.9686608142793189e-05,1.0306362358461229e-05,-0.00073806737343087945
905,0.050000000000000003,0.0050000000000000001,0.001,700,5.1148446031686417e-05,9.2177468761528751e-06,-0.00073800793283385025
906,0.050000000000000003,0.006000000000000001,0,600,5.1303826854651793e-06,4.2652264618637885e-06,-0.00074572123307598914
907,0.050000000000000003,0.006000000000000001,0.00025000000000000001,627.87064419048272,1.6607917068508981e-05,5.1653734458200548e-06,-0.00074536030116284708
908,0.050000000000000003,0.006000000000000001,0.00050000000000000001,649.91317948523044,2.7896816947453942e-05,4.956253308475697e-06,-0.00074621918744005328
909,0.050000000000000003,0.006000000000000001,0.00075000000000000002,672.05157313764812,3.9221223088137416e-05,6.8655941419632253e-06,-0.00074909781707165144
910,0.050000000000000003,0.006000000000000001,0.001,700,5.0492275419477085e-05,1.3316849139530201e-05,-0.00075037197679581795
911,0.052000000000000005,0,0,600,5.6894160660283796e-06,-4.280723693656026e-06,-0.00084193016641493734
912,0.052000000000000005,0,0.00025000000000000001,627.88829117899638,1.825238658507412e-05,-5.5933370903775132e-06,-0.00084172834015980595
913,0.052000000000000005,0,0.00050000000000000001,649.9207513616991,3.0844190499607311e-05,-6.1313136304663676e-06,-0.00084275091971290367
914,0.052000000000000005,0,0.00075000000000000002,672.05971843170653,4.3350399331958353e-05,-7.8168044504976294e-06,-0.00084553134678791507
915,0.052000000000000005,0,0.001,700,5.6205184756662065e-05,-1.3246225810928165e-05,-0.00084729251764858993
916,0.052000000000000005,0.001,0,600,5.8242533823080421e-06,-3.5406881040573838e-06,-0.00083627959320093607
917,0.052000000000000005,0.001,0.00025000000000000001,618.45965460575985,1.8574947796856683e-05,-5.065131148317622e-06,-0.00083752750623876068
918,0.052000000000000005,0.001,0.00050000000000000001,650.45439954104484,3.131628737088346e-05,-7.606046954199779e-06,-0.00083726609483073759
919,0.052000000000000005,0.001,0.00075000000000000002,682.09463033595944,4.4165858687920927e-05,-9.5212936191402479e-06,-0.00083498068587271575
920,0.052000000000000005,0.001,0.001,700,5.6623217263083531e-05,-9.4168438501859244e-06,-0.00083435301076360282
921,0.052000000000000005,0.002,0,600,5.9507270764447524e-06,-1.7884824191683495e-06,-0.00083159285124018688
922,0.052000000000000005,0.002,0.00025000000000000001,606.32028563086442,1.8865408918982015e-05,-2.9981412622732775e-06,-0.00083160679749849013
923,0.052000000000000005,0.002,0.00050000000000000001,653.04791232320008,3.149463659382476e-05,-3.8260420582966227e-06,-0.0008309325489496719
924,0.052000000000000005,0.002,0.00075000000000000002,695.26474043421251,4.4439786365515062e-05,-4.6543992225634012e-06,-0.00082966304659679198
925,0.052000000000000005,0.002,0.001,700,5.6621113476497031e-05,-6.3551659134728723e-06,-0.00083142064912186556
926,0.052000000000000005,0.0030000000000000005,0,600,6.1448289608504177e-06,4.6059293851951743e-17,-0.00082869000929445592
927,0.052000000000000005,0.0030000000000000005,0.00025000000000000001,609.64345420592645,1.9015494056312127e-05,4.677361207368407e-17,-0.0008299917861531057
928,0.052000000000000005,0.0030000000000000005,0.00050000000000000001,652.30057816252452,3.164267776129621e-05,4.774179580325049e-17,-0.00082985124560876037
929,0.052000000000000005,0.0030000000000000005,0.00075000000000000002,691.73297161529763,4.4651275762219405e-05,4.8786629542597755e-17,-0.00082709426066201921
930,0.052000000000000005,0.0030000000000000005,0.001,700,5.6958152811019439e-05,4.9617210357546542e-17,-0.00082657882494417093
931,0.052000000000000005,0.0040000000000000001,0,600,5.9507270764414651e-06,1.7884824192595567e-06,-0.00083159285124019447
932,0.052000000000000005,0.0040000000000000001,0.00025000000000000001,606.32028563086442,1.8865408918978438e-05,2.9981412623668564e-06,-0.0008316067974984975
933,0.052000000000000005,0.0040000000000000001,0.00050000000000000001,653.04791232320019,3.1494636593821677e-05,3.8260420583921815e-06,-0.00083093254894967938
934,0.052000000000000005,0.0040000000000000001,0.00075000000000000002,695.2647404342124,4.4439786365512134e-05,4.6543992226606618e-06,-0.00082966304659679924
935,0.052000000000000005,0.0040000000000000001,0.001,700,5.6621113476493825e-05,6.355165913572203e-06,-0.00083142064912187293
936,0.052000000000000005,0.0050000000000000001,0,600,5.8242533823016436e-06,3.5406881041492759e-06,-0.00083627959320095124
937,0.052000000000000005,0.0050000000000000001,0.00025000000000000001,618.45965460575997,1.8574947796850581e-05,5.0651311484109396e-06,-0.00083752750623877553
938,0.052000000000000005,0.0050000000000000001,0.00050000000000000001,650.45439954104495,3.1316287370877009e-05,7.606046954294911e-06,-0.00083726609483075244
939,0.052000000000000005,0.0050000000000000001,0.00075000000000000002,682.09463033595944,4.4165858687914341e-05,9.5212936192375585e-06,-0.00083498068587273039
940,0.052000000000000005,0.0050000000000000001,0.001,700,5.6623217263077385e-05,9.4168438502850628e-06,-0.00083435301076361767
941,0.052000000000000005,0.006000000000000001,0,600,5.689416066018449e-06,4.280723693747542e-06,-0.00084193016641495946
942,0.052000000000000005,0.006000000000000001,0.00025000000000000001,627.8882911789965,1.8252386585064054e-05,5.5933370904713204e-06,-0.0008417283401598285
943,0.052000000000000005,0.006000000000000001,0.00050000000000000001,649.92075136169922,3.0844190499597615e-05,6.1313136305623076e-06,-0.00084275091971292547
944,0.052000000000000005,0.006000000000000001,0.00075000000000000002,672.05971843170653,4.3350399331949164e-05,7.8168044505949976e-06,-0.00084553134678793708
945,0.052000000000000005,0.006000000000000001,0.001,700,5.620518475665268e-05,1.3246225811027313e-05,-0.00084729251764861205
946,0.054000000000000006,0,0,600,5.3827078352771897e-06,-4.4127999710630399e-06,-0.00094865149253910012
947,0.054000000000000006,0,0.00025000000000000001,627.89229705533114,1.9608492370384071e-05,-5.2383075705717401e-06,-0.00094841654250054231
948,0.054000000000000006,0,0.00050000000000000001,649.91186497217745,3.3670859459169314e-05,-4.9679702205916217e-06,-0.0009494305217748819
949,0.054000000000000006,0,0.00075000000000000002,672.02713797852891,4.7475115697315764e-05,-6.8381645885001635e-06,-0.00095247406417119443
950,0.054000000000000006,0,0.001,700,6.0907097995762402e-05,-1.3300852078647707e-05,-0.00095383266625924477
951,0.054000000000000006,0.001,0,600,5.9581331605168415e-06,-3.5784082180128697e-06,-0.00094302538970009696
952,0.054000000000000006,0.001,0.00025000000000000001,618.36468318827656,1.9634089504467357e-05,-5.4792132980804297e-06,-0.00094451645239281598
953,0.054000000000000006,0.001,0.00050000000000000001,650.4470870679977,3.350716490693126e-05,-8.421879583340619e-06,-0.00094420675147471726
954,0.054000000000000006,0.001,0.00075000000000000002,682.21382026838717,4.7632690051108194e-05,-1.0322047129011106e-05,-0.00094150995652392689
955,0.054000000000000006,0.001,0.001,700,6.2054921230494259e-05,-9.1529917445287679e-06,-0.0009416120612822901
956,0.054000000000000006,0.002,0,600,6.3273953786480164e-06,-2.0067232777659052e-06,-0.00093840533343103789
957,0.054000000000000006,0.002,0.00025000000000000001,606.05356490623512,2.0046625452186354e-05,-2.9778760901448128e-06,-0.00093882272077933494
958,0.054000000000000006,0.002,0.00050000000000000001,653.06130516187591,3.4135344641179206e-05,-3.3558419565630036e-06,-0.00093804594515254985
959,0.054000000000000006,0.002,0.00075000000000000002,695.57299278988103,4.8092612152378639e-05,-4.3614777729145228e-06,-0.00093606784965604459
960,0.054000000000000006,0.002,0.001,700,6.2607346975705863e-05,-6.6183187613098586e-06,-0.00093911527878541427
961,0.054000000000000006,0.0030000000000000005,0,600,6.4172225755715427e-06,4.8600108882830793e-17,-0.00093561519768231495
962,0.054000000000000006,0.0030000000000000005,0.00025000000000000001,609.42240133481016,2.0001689725963416e-05,4.9614679482182231e-17,-0.00093721854533789439
963,0.054000000000000006,0.0030000000000000005,0.00050000000000000001,652.3128419809301,3.4025670567563086e-05,5.0611674626337153e-17,-0.00093694297267720881
964,0.054000000000000006,0.0030000000000000005,0.00075000000000000002,691.97122402874516,4.8088398351757882e-05,5.1641143356342283e-17,-0.00093365193523221673
965,0.054000000000000006,0.0030000000000000005,0.001,700,6.2713114703493158e-05,5.2686050135004788e-17,-0.00093419288578515923
966,0.054000000000000006,0.0040000000000000001,0,600,6.3273953786446943e-06,2.0067232778633373e-06,-0.00093840533343104537
967,0.054000000000000006,0.0040000000000000001,0.00025000000000000001,606.05356490623512,2.0046625452183393e-05,2.9778760902440698e-06,-0.00093882272077934264
968,0.054000000000000006,0.0040000000000000001,0.00050000000000000001,653.06130516187602,3.4135344641175784e-05,3.3558419566640695e-06,-0.00093804594515255755
969,0.054000000000000006,0.0040000000000000001,0.00075000000000000002,695.57299278988103,4.8092612152375115e-05,4.361477773017439e-06,-0.00093606784965605217
970,0.054000000000000006,0.0040000000000000001,0.001,700,6.2607346975702705e-05,6.6183187614145815e-06,-0.0009391152787854224
971,0.054000000000000006,0.0050000000000000001,0,600,5.9581331605101965e-06,3.5784082181098723e-06,-0.00094302538970011203
972,0.054000000000000006,0.0050000000000000001,0.00025000000000000001,618.36468318827656,1.9634089504460411e-05,5.4792132981794208e-06,-0.00094451645239283116
973,0.054000000000000006,0.0050000000000000001,0.00050000000000000001,650.4470870679977,3.35071649069247e-05,8.4218795834416429e-06,-0.00094420675147473287
974,0.054000000000000006,0.0050000000000000001,0.00075000000000000002,682.21382026838717,4.7632690051101885e-05,1.0322047129114234e-05,-0.00094150995652394218
975,0.054000000000000006,0.0050000000000000001,0.001,700,6.2054921230487618e-05,9.1529917446338695e-06,-0.00094161206128230549
976,0.054000000000000006,0.006000000000000001,0,600,5.3827078352674582e-06,4.4127999711604496e-06,-0.00094865149253912289
977,0.054000000000000006,0.006000000000000001,0.00025000000000000001,627.89229705533114,1.9608492370374716e-05,5.23830757067102e-06,-0.00094841654250056497
978,0.054000000000000006,0.006000000000000001,0.00050000000000000001,649.91186497217757,3.367085945915976e-05,4.9679702206924872e-06,-0.00094943052177490466
979,0.054000000000000006,0.006000000000000001,0.00075000000000000002,672.02713797852891,4.7475115697305823e-05,6.8381645886026003e-06,-0.00095247406417121698
980,0.054000000000000006,0.006000000000000001,0.001,700,6.0907097995752861e-05,1.3300852078751904e-05,-0.00095383266625926786
981,0.056000000000000008,0,0,600,5.1600804269112769e-06,-4.6015385174292828e-06,-0.0010653101972426344
982,0.056000000000000008,0,0.00025000000000000001,627.79589133892,2.0146555612972995e-05,-5.8887994938884673e-06,-0.0010652697333673191
983,0.056000000000000008,0,0.00050000000000000001,649.92582563811459,3.5012305998945003e-05,-6.3587787749065915e-06,-0.0010663802943510579
984,0.056000000000000008,0,0.00075000000000000002,672.15941527844984,5.0162821591078453e-05,-7.9157455813805884e-06,-0.0010692123157705457
985,0.056000000000000008,0,0.001,700,6.5956492366160663e-05,-1.3092005895074196e-05,-0.0010711838933824957
986,0.056000000000000008,0.001,0,600,5.1763849164955838e-06,-3.9548369193495777e-06,-0.0010599603580024896
987,0.056000000000000008,0.001,0.00025000000000000001,618.68277017076855,2.0577058098872047e-05,-5.3281444506604942e-06,-0.0010613640445750316
988,0.056000000000000008,0.001,0.00050000000000000001,650.43793136594263,3.6155356780178713e-05,-7.7330996556386423e-06,-0.0010613591773022089
989,0.056000000000000008,0.001,0.00075000000000000002,681.85426732104463,5.1523033225162423e-05,-9.5574189307870419e-06,-0.0010593640475580863
990,0.056000000000000008,0.001,0.001,700,6.6195327746342407e-05,-9.4371220733637784e-06,-0.0010588455629848459
991,0.056000000000000008,0.002,0,600,4.9139998363815279e-06,-2.0065446426122169e-06,-0.0010556211840940331
992,0.056000000000000008,0.002,0.00025000000000000001,607.03189577335013,2.0634174015027732e-05,-3.1933095833423878e-06,-0.0010557704380780844
993,0.056000000000000008,0.002,0.00050000000000000001,652.91915091449209,3.596480267058991e-05,-3.9870479017663769e-06,-0.0010553217939992712
994,0.056000000000000008,0.002,0.00075000000000000002,694.5071687762761,5.1581780112075673e-05,-4.7446562363710518e-06,-0.0010543912500101638
995,0.056000000000000008,0.002,0.001,700,6.5797960181555339e-05,-6.3339378532941691e-06,-0.0010562472790509032
996,0.056000000000000008,0.0030000000000000005,0,600,5.1589829528010535e-06,5.1888947992664222e-17,-0.001052808372473558
997,0.056000000000000008,0.0030000000000000005,0.00025000000000000001,610.23198857934199,2.074073802400321e-05,5.2498346257865311e-17,-0.0010542661799159447
998,0.056000000000000008,0.0030000000000000005,0.00050000000000000001,652.19856013350216,3.6242618023186456e-05,5.3522530010187688e-17,-0.0010543921842473842
999,0.056000000000000008,0.0030000000000000005,0.00075000000000000002,691.11222653468269,5.182422000103426e-05,5.4561903681142256e-17,-0.0010519519268715083
1000,0.056000000000000008,0.0030000000000000005,0.001,700,6.6283368712605277e-05,5.5263802106333759e-17,-0.0010515364331721033
1001,0.056000000000000008,0.0040000000000000001,0,600,4.9139998363782448e-06,2.0065446427146291e-06,-0.0010556211840940402
1002,0.056000000000000008,0.0040000000000000001,0.00025000000000000001,607.03189577335002,2.0634174015024039e-05,3.1933095834473394e-06,-0.0010557704380780917
1003,0.056000000000000008,0.0040000000000000001,0.00050000000000000001,652.91915091449209,3.5964802670586698e-05,3.9870479018732047e-06,-0.0010553217939992786
1004,0.056000000000000008,0.0040000000000000001,0.00075000000000000002,694.5071687762761,5.1581780112072508e-05,4.7446562364797016e-06,-0.0010543912500101714
1005,0.056000000000000008,0.0040000000000000001,0.001,700,6.5797960181551585e-05,6.3339378534051312e-06,-0.0010562472790509106
1006,0.056000000000000008,0.0050000000000000001,0,600,5.1763849164888354e-06,3.9548369194527836e-06,-0.0010599603580025052
1007,0.056000000000000008,0.0050000000000000001,0.00025000000000000001,618.68277017076866,2.057705809886567e-05,5.3281444507652722e-06,-0.0010613640445750467
1008,0.056000000000000008,0.0050000000000000001,0.00050000000000000001,650.43793136594263,3.6155356780171875e-05,7.7330996557455277e-06,-0.0010613591773022241
1009,0.056000000000000008,0.0050000000000000001,0.00075000000000000002,681.85426732104463,5.1523033225155315e-05,9.5574189308959144e-06,-0.001059364047558101
1010,0.056000000000000008,0.0050000000000000001,0.001,700,6.6195327746335604e-05,9.4371220734741891e-06,-0.0010588455629848607
1011,0.056000000000000008,0.006000000000000001,0,600,5.1600804269013065e-06,4.6015385175326835e-06,-0.0010653101972426561
1012,0.056000000000000008,0.006000000000000001,0.00025000000000000001,627.79589133892011,2.0146555612962448e-05,5.8887994939935197e-06,-0.001065269733367341
1013,0.056000000000000008,0.006000000000000001,0.00050000000000000001,649.92582563811459,3.5012305998934643e-05,6.3587787750132152e-06,-0.0010663802943510798
1014,0.056000000000000008,0.006000000000000001,0.00075000000000000002,672.15941527844973,5.0162821591068363e-05,7.9157455814890577e-06,-0.0010692123157705681
1015,0.056000000000000008,0.006000000000000001,0.001,700,6.5956492366150011e-05,1.3092005895185316e-05,-0.0010711838933825191
1016,0.05800000000000001,0,0,600,4.1609805784726996e-06,-4.8413053401318297e-06,-0.0011921121763866743
1017,0.05800000000000001,0,0.00025000000000000001,628.26559628549319,2.1237006427115029e-05,-5.2028630145555914e-06,-0.0011920760258181356
1018,0.05800000000000001,0,0.00050000000000000001,649.89546838699266,3.8240328116119717e-05,-4.5411777505801919e-06,-0.0011934556587254669
1019,0.05800000000000001,0,0.00075000000000000002,671.63923535411698,5.4480576751778105e-05,-6.189777352270586e-06,-0.0011969777500902333
1020,0.05800000000000001,0,0.001,700,6.9993726886377131e-05,-1.2741717465013346e-05,-0.0011985152463132472
1021,0.05800000000000001,0.001,0,600,4.1837150465677501e-06,-3.7971281189892334e-06,-0.0011879346986896223
1022,0.05800000000000001,0.001,0.00025000000000000001,617.49120827497234,2.0265606247439558e-05,-5.4966986391717606e-06,-0.0011895982873181628
1023,0.05800000000000001,0.001,0.00050000000000000001,650.51159515816755,3.6478809715362467e-05,-8.2869943701634546e-06,-0.0011892572011363454
1024,0.05800000000000001,0.001,0.00075000000000000002,683.15201274330843,5.3405794145163903e-05,-9.9660762579744198e-06,-0.0011864102003494221
1025,0.05800000000000001,0.001,0.001,700,7.0910031800986144e-05,-8.4181557986155262e-06,-0.0011866912881296008
1026,0.05800000000000001,0.002,0,600,4.0268188100997097e-06,-2.1342272517867582e-06,-0.0011840043458730919
1027,0.05800000000000001,0.002,0.00025000000000000001,603.23796690541531,2.035588739852781e-05,-2.9236358196210703e-06,-0.0011845809707610663
1028,0.05800000000000001,0.002,0.00050000000000000001,653.5938896782842,3.7093740063546319e-05,-3.1130199035439052e-06,-0.0011838838530402068
1029,0.05800000000000001,0.002,0.00075000000000000002,698.5730586587008,5.3706443085855201e-05,-3.9913683549865374e-06,-0.0011817516922249559
1030,0.05800000000000001,0.002,0.001,700,7.1434591110135619e-05,-6.2113343942070599e-06,-0.0011849814295948097
1031,0.05800000000000001,0.0030000000000000005,0,600,4.106764543482697e-06,5.4526492164195279e-17,-0.0011815788002251856
1032,0.05800000000000001,0.0030000000000000005,0.00025000000000000001,607.1182177055216,2.0209443242621936e-05,5.5343495362100698e-17,-0.0011833582356277027
1033,0.05800000000000001,0.0030000000000000005,0.00050000000000000001,652.7229356764193,3.6687159738280711e-05,5.6423868248430484e-17,-0.0011830508132476428
1034,0.05800000000000001,0.0030000000000000005,0.00075000000000000002,694.42423216749023,5.3659292833362494e-05,5.7472877732030727e-17,-0.0011795238550662073
1035,0.05800000000000001,0.0030000000000000005,0.001,700,7.1575596927381539e-05,5.8355801278859359e-17,-0.0011802198476207277
1036,0.05800000000000001,0.0040000000000000001,0,600,4.0268188100963826e-06,2.1342272518954825e-06,-0.0011840043458730988
1037,0.05800000000000001,0.0040000000000000001,0.00025000000000000001,603.23796690541542,2.0355887398524838e-05,2.923635819731899e-06,-0.0011845809707610737
1038,0.05800000000000001,0.0040000000000000001,0.00050000000000000001,653.5938896782842,3.7093740063542809e-05,3.1130199036563129e-06,-0.0011838838530402141
1039,0.05800000000000001,0.0040000000000000001,0.00075000000000000002,698.57305865870114,5.3706443085851609e-05,3.9913683551006573e-06,-0.0011817516922249633
1040,0.05800000000000001,0.0040000000000000001,0.001,700,7.1434591110132732e-05,6.2113343943233601e-06,-0.0011849814295948177
1041,0.05800000000000001,0.0050000000000000001,0,600,4.1837150465612695e-06,3.7971281190982576e-06,-0.0011879346986896373
1042,0.05800000000000001,0.0050000000000000001,0.00025000000000000001,617.49120827497245,2.0265606247432582e-05,5.4966986392824957e-06,-0.0011895982873181773
1043,0.05800000000000001,0.0050000000000000001,0.00050000000000000001,650.51159515816744,3.6478809715355833e-05,8.286994370276337e-06,-0.0011892572011363606
1044,0.05800000000000001,0.0050000000000000001,0.00075000000000000002,683.15201274330843,5.3405794145157527e-05,9.9660762580893842e-06,-0.0011864102003494364
1045,0.05800000000000001,0.0050000000000000001,0.001,700,7.0910031800979409e-05,8.4181557987319086e-06,-0.0011866912881296156
1046,0.05800000000000001,0.006000000000000001,0,600,4.1609805784625436e-06,4.8413053402409165e-06,-0.0011921121763866962
1047,0.05800000000000001,0.006000000000000001,0.00025000000000000001,628.26559628549319,2.1237006427105481e-05,5.202863014666828e-06,-0.0011920760258181578
1048,0.05800000000000001,0.006000000000000001,0.00050000000000000001,649.89546838699255,3.824032811610981e-05,4.5411777506929498e-06,-0.001193455658725489
1049,0.05800000000000001,0.006000000000000001,0.00075000000000000002,671.63923535411686,5.4480576751767818e-05,6.1897773523849481e-06,-0.0011969777500902556
1050,0.05800000000000001,0.006000000000000001,0.001,700,6.9993726886367184e-05,1.2741717465129862e-05,-0.0011985152463132689
1051,0.059999999999999998,0,0,600,2.470151230867266e-06,-2.7523730365119604e-06,-0.0013287487631150337
1052,0.059999999999999998,0,0.00025000000000000001,626.24636454491099,1.9297819074814763e-05,-3.3504534120196125e-06,-0.0013290147037529748
1053,0.059999999999999998,0,0.00050000000000000001,649.92936388743158,3.6000295950545274e-05,-3.6433842880061743e-06,-0.0013299282724920645
1054,0.059999999999999998,0,0.00075000000000000002,673.64551514367156,5.3578649845170386e-05,-4.8131015468329714e-06,-0.0013318970471439713
1055,0.059999999999999998,0,0.001,700,7.2857831821698839e-05,-8.0980218733663971e-06,-0.001333171627265588
1056,0.059999999999999998,0.001,0,600,1.6251301493092677e-06,-2.2252447500359119e-06,-0.0013253977218598226
1057,0.059999999999999998,0.001,0.00025000000000000001,622.08210823740183,2.0059690196156662e-05,-3.3206591767562975e-06,-0.0013265907283987279
1058,0.059999999999999998,0.001,0.00050000000000000001,650.1522888775512,3.8635054099858184e-05,-4.9164059952343121e-06,-0.001326814167457432
1059,0.059999999999999998,0.001,0.00075000000000000002,678.14687938700501,5.6325970739916822e-05,-5.8772076338789799e-06,-0.0013257419357292914
1060,0.059999999999999998,0.001,0.001,700,7.2211124908302116e-05,-5.6738058587987382e-06,-0.0013257964307239482
1061,0.059999999999999998,0.002,0,600,1.905398362614653e-06,-1.2105058349105546e-06,-0.0013226660169471968
1062,0.059999999999999998,0.002,0.00025000000000000001,618.1378029011903,2.0286126207014585e-05,-1.8908714264331662e-06,-0.0013233002742011348
1063,0.059999999999999998,0.002,0.00050000000000000001,650.6600376677078,3.8386829273385809e-05,-2.3888526478379832e-06,-0.0013231396540879091
1064,0.059999999999999998,0.002,0.00075000000000000002,682.60213635243872,5.6867723847314285e-05,-2.8374452357068477e-06,-0.0013226485732137046
1065,0.059999999999999998,0.002,0.001,700,7.3934485628798107e-05,-3.7664926905467833e-06,-0.0013239948884869791
1066,0.059999999999999998,0.0030000000000000005,0,600,1.5959988535569653e-06,5.6954438152911941e-17,-0.0013210807232146898
1067,0.059999999999999998,0.0030000000000000005,0.00025000000000000001,619.21209877014826,2.0438585104716711e-05,5.8084739139637355e-17,-0.0013223581541899386
1068,0.059999999999999998,0.0030000000000000005,0.00050000000000000001,650.50325455665086,3.9257047471419042e-05,5.8902566427603343e-17,-0.0013225908219027874
1069,0.059999999999999998,0.0030000000000000005,0.00075000000000000002,681.41016139842043,5.7601445613656732e-05,5.9647999519776926e-17,-0.0013212854278896106
1070,0.059999999999999998,0.0030000000000000005,0.001,700,7.364380737937363e-05,6.0598294276741593e-17,-0.001321434410951509
1071,0.059999999999999998,0.0040000000000000001,0,600,1.9053983626113437e-06,1.2105058350253758e-06,-0.0013226660169472044
1072,0.059999999999999998,0.0040000000000000001,0.00025000000000000001,618.1378029011903,2.0286126207010919e-05,1.890871426549449e-06,-0.0013233002742011426
1073,0.059999999999999998,0.0040000000000000001,0.00050000000000000001,650.6600376677078,3.8386829273382665e-05,2.3888526479564738e-06,-0.0013231396540879163
1074,0.059999999999999998,0.0040000000000000001,0.00075000000000000002,682.60213635243872,5.6867723847311161e-05,2.8374452358275931e-06,-0.0013226485732137118
1075,0.059999999999999998,0.0040000000000000001,0.001,700,7.3934485628794096e-05,3.7664926906691478e-06,-0.0013239948884869858
1076,0.059999999999999998,0.0050000000000000001,0,600,1.6251301493026981e-06,2.2252447501503388e-06,-0.0013253977218598372
1077,0.059999999999999998,0.0050000000000000001,0.00025000000000000001,622.08210823740171,2.005969019615054e-05,3.3206591768729284e-06,-0.0013265907283987425
1078,0.059999999999999998,0.0050000000000000001,0.00050000000000000001,650.15228887755143,3.8635054099851754e-05,4.9164059953524782e-06,-0.0013268141674574461
1079,0.059999999999999998,0.0050000000000000001,0.00075000000000000002,678.14687938700513,5.632597073991008e-05,5.8772076339986767e-06,-0.0013257419357293064
1080,0.059999999999999998,0.0050000000000000001,0.001,700,7.2211124908295597e-05,5.6738058589207499e-06,-0.0013257964307239632
1081,0.059999999999999998,0.006000000000000001,0,600,2.4701512308578199e-06,2.7523730366268333e-06,-0.0013287487631150553
1082,0.059999999999999998,0.006000000000000001,0.00025000000000000001,626.24636454491088,1.9297819074804616e-05,3.3504534121359025e-06,-0.001329014703752997
1083,0.059999999999999998,0.006000000000000001,0.00050000000000000001,649.9293638874318,3.6000295950535414e-05,3.6433842881247085e-06,-0.0013299282724920862
1084,0.059999999999999998,0.006000000000000001,0.00075000000000000002,673.64551514367179,5.3578649845160764e-05,4.8131015469537388e-06,-0.001331897047143993
1085,0.059999999999999998,0.006000000000000001,0.001,700,7.2857831821688865e-05,8.0980218734886205e-06,-0.0013331716272656096
1086,0.062,0,0,600,-2.4122864895186131e-06,4.0061357111499597e-07,-0.0014708699667438717
1087,0.062,0,0.00025000000000000001,624.64137191236478,1.6065741574796754e-05,-7.6633483859241392e-07,-0.0014716465562163454
1088,0.062,0,0.00050000000000000001,649.93176407829617,3.4841241202872698e-05,-2.0223022639108822e-06,-0.0014721269704387806
1089,0.062,0,0.00075000000000000002,675.26713029191319,5.2656295474813703e-05,-2.5123498333006009e-06,-0.0014721675901970008
1090,0.062,0,0.001,700,6.9232477468343404e-05,-2.3243529953116234e-06,-0.0014727203023398687
1091,0.062,0.001,0,600,-2.8950132591728233e-06,1.4357475750760102e-07,-0.0014676774286255358
1092,0.062,0.001,0.00025000000000000001,625.71054819458197,1.4526013114900758e-05,-1.7199263832476184e-07,-0.0014680805260741036
1093,0.062,0.001,0.00050000000000000001,649.88775207815672,3.1731268290206876e-05,-1.9055705089467582e-07,-0.0014689764431874296
1094,0.062,0.001,0.00075000000000000002,674.10590507578991,4.9838226742202677e-05,-9.5878667206641921e-07,-0.0014703876886918007
1095,0.062,0.001,0.001,700,6.9221845638299463e-05,-2.149602357329853e-06,-0.0014709135525389099
1096,0.062,0.002,0,600,-3.2199079915859411e-06,1.2395795090521755e-07,-0.0014657591169625981
1097,0.062,0.002,0.00025000000000000001,626.74033747594024,1.4256084335756305e-05,-2.0721693036344755e-07,-0.0014661614072142661
1098,0.062,0.002,0.00050000000000000001,649.80585455545963,3.2455629332451922e-05,-5.984121318128697e-07,-0.0014672144834826149
1099,0.062,0.002,0.00075000000000000002,672.98016155068615,4.9877913395932569e-05,-8.692068905765896e-07,-0.0014689974296184321
1100,0.062,0.002,0.001,700,6.9423705446995676e-05,-1.003790002753966e-06,-0.0014693965862046135
1101,0.062,0.0030000000000000005,0,600,-3.3310699637809222e-06,5.9799735281525947e-17,-0.0014650998748981521
1102,0.062,0.0030000000000000005,0.00025000000000000001,626.47192340736888,1.4129213571760786e-05,6.0949278423626578e-17,-0.0014654834581392408
1103,0.062,0.0030000000000000005,0.00050000000000000001,649.82627293255462,3.1614248977083497e-05,6.1831707971285151e-17,-0.0014665464038625883
1104,0.062,0.0030000000000000005,0.00075000000000000002,673.27730375017302,4.962596220564139e-05,6.2830483994912001e-17,-0.0014683322873789066
1105,0.062,0.0030000000000000005,0.001,700,6.9430693085883869e-05,6.4045971930847283e-17,-0.0014689155723600078
1106,0.062,0.0040000000000000001,0,600,-3.2199079915890658e-06,-1.2395795078495812e-07,-0.0014657591169626053
1107,0.062,0.0040000000000000001,0.00025000000000000001,626.74033747594035,1.4256084335753555e-05,2.0721693048522333e-07,-0.0014661614072142735
1108,0.062,0.0040000000000000001,0.00050000000000000001,649.80585455545975,3.2455629332448642e-05,5.984121319364788e-07,-0.0014672144834826217
1109,0.062,0.0040000000000000001,0.00075000000000000002,672.98016155068615,4.9877913395929167e-05,8.6920689070177779e-07,-0.001468997429618439
1110,0.062,0.0040000000000000001,0.001,700,6.9423705446993291e-05,1.0037900028804687e-06,-0.0014693965862046213
1111,0.062,0.0050000000000000001,0,600,-2.8950132591792073e-06,-1.4357475738757287e-07,-0.0014676774286255501
1112,0.062,0.0050000000000000001,0.00025000000000000001,625.71054819458209,1.4526013114893817e-05,1.7199263844675038e-07,-0.0014680805260741171
1113,0.062,0.0050000000000000001,0.00050000000000000001,649.88775207815672,3.1731268290200038e-05,1.9055705101836389e-07,-0.0014689764431874441
1114,0.062,0.0050000000000000001,0.00075000000000000002,674.10590507579002,4.9838226742196043e-05,9.5878667219224511e-07,-0.0014703876886918146
1115,0.062,0.0050000000000000001,0.001,700,6.9221845638292565e-05,2.1496023574580823e-06,-0.0014709135525389234
1116,0.062,0.006000000000000001,0,600,-2.4122864895284526e-06,-4.0061357099561414e-07,-0.0014708699667438934
1117,0.062,0.006000000000000001,0.00025000000000000001,624.64137191236455,1.6065741574787617e-05,7.6633483871393446e-07,-0.0014716465562163673
1118,0.062,0.006000000000000001,0.00050000000000000001,649.93176407829628,3.4841241202863225e-05,2.0223022640346282e-06,-0.0014721269704388025
1119,0.062,0.006000000000000001,0.00075000000000000002,675.26713029191319,5.2656295474803992e-05,2.512349833425952e-06,-0.0014721675901970225
1120,0.062,0.006000000000000001,0.001,700,6.9232477468334026e-05,2.3243529954384674e-06,-0.0014727203023398906
1121,0.064000000000000001,0,0,600,-8.2065612492964504e-06,5.8149994990204412e-07,-0.0016147445666011557
1122,0.064000000000000001,0,0.00025000000000000001,625.02191617452775,9.4707374676494078e-06,3.2182850629872575e-07,-0.0016152193754417781
1123,0.064000000000000001,0,0.00050000000000000001,649.91896507982926,2.7117253881674938e-05,2.1888030851268511e-07,-0.001615757363792574
1124,0.064000000000000001,0,0.00075000000000000002,674.84700800385963,4.5370937433820498e-05,-4.6172346519317931e-07,-0.0016165171930324872
1125,0.064000000000000001,0,0.001,700,6.4713274581861387e-05,-1.6058084490332128e-06,-0.0016169463928705009
1126,0.064000000000000001,0.001,0,600,-8.5677247654437149e-06,7.1015830463766603e-07,-0.0016129578020262227
1127,0.064000000000000001,0.001,0.00025000000000000001,624.74976173225559,1.0173107505105813e-05,9.4571431262180873e-08,-0.0016137618713525236
1128,0.064000000000000001,0.001,0.00050000000000000001,649.92264848843195,2.8867511673598046e-05,-7.3647927856969844e-07,-0.0016142524553403844
1129,0.064000000000000001,0.001,0.00075000000000000002,675.15449254580676,4.7042152799711273e-05,-9.0290596245493747e-07,-0.0016143357532633993
1130,0.064000000000000001,0.001,0.001,700,6.3960780045657777e-05,-7.1314020921006497e-07,-0.0016149364455564209
1131,0.064000000000000001,0.002,0,600,-9.1364091607063692e-06,3.1682191158277534e-07,-0.0016117651194554165
1132,0.064000000000000001,0.002,0.00025000000000000001,624.47430849917009,9.7253698610218288e-06,1.4995008409658315e-07,-0.0016126910843712585
1133,0.064000000000000001,0.002,0.00050000000000000001,649.93248433769384,2.7798166809003754e-05,3.9044796249710585e-08,-0.0016130712154281089
1134,0.064000000000000001,0.002,0.00075000000000000002,675.45967184866311,4.6657000339740237e-05,-1.9750868864661058e-07,-0.0016128046867593805
1135,0.064000000000000001,0.002,0.001,700,6.3409370548144986e-05,-5.4708901684803572e-07,-0.0016135972494415928
1136,0.064000000000000001,0.0030000000000000005,0,600,-9.1283285625619788e-06,6.2408882200868645e-17,-0.001611416130867767
1137,0.064000000000000001,0.0030000000000000005,0.00025000000000000001,624.54408827613076,9.8236933091410079e-06,6.36846009499706e-17,-0.0016122818597439385
1138,0.064000000000000001,0.0030000000000000005,0.00050000000000000001,649.93059667620082,2.843865201172146e-05,6.4724923631303349e-17,-0.0016126730205215164
1139,0.064000000000000001,0.0030000000000000005,0.00075000000000000002,675.37846107503549,4.6905221708634679e-05,6.544453314793811e-17,-0.0016124756145664185
1140,0.064000000000000001,0.0030000000000000005,0.001,700,6.3527108443315176e-05,6.6212389550425738e-17,-0.0016130987139939613
1141,0.064000000000000001,0.0040000000000000001,0,600,-9.1364091607098997e-06,-3.1682191145641295e-07,-0.0016117651194554237
1142,0.064000000000000001,0.0040000000000000001,0.00025000000000000001,624.47430849917009,9.7253698610179342e-06,-1.4995008396905694e-07,-0.0016126910843712655
1143,0.064000000000000001,0.0040000000000000001,0.00050000000000000001,649.93248433769395,2.7798166809000434e-05,-3.9044796120517612e-08,-0.0016130712154281161
1144,0.064000000000000001,0.0040000000000000001,0.00075000000000000002,675.45967184866322,4.6657000339737106e-05,1.9750868877807648e-07,-0.0016128046867593874
1145,0.064000000000000001,0.0040000000000000001,0.001,700,6.3409370548140757e-05,5.4708901698142234e-07,-0.0016135972494415994
1146,0.064000000000000001,0.0050000000000000001,0,600,-8.5677247654503743e-06,-7.1015830451245614e-07,-0.0016129578020262362
1147,0.064000000000000001,0.0050000000000000001,0.00025000000000000001,624.74976173225559,1.0173107505099587e-05,-9.457143113480922e-08,-0.0016137618713525379
1148,0.064000000000000001,0.0050000000000000001,0.00050000000000000001,649.92264848843195,2.8867511673591728e-05,7.3647927869912719e-07,-0.0016142524553403989
1149,0.064000000000000001,0.0050000000000000001,0.00075000000000000002,675.15449254580665,4.7042152799704904e-05,9.0290596258603721e-07,-0.0016143357532634136
1150,0.064000000000000001,0.0050000000000000001,0.001,700,6.3960780045651774e-05,7.1314020934298731e-07,-0.0016149364455564357
1151,0.064000000000000001,0.006000000000000001,0,600,-8.2065612493070247e-06,-5.8149994977689649e-07,-0.0016147445666011789
1152,0.064000000000000001,0.006000000000000001,0.00025000000000000001,625.02191617452786,9.4707374676384302e-06,-3.2182850617136027e-07,-0.0016152193754418
1153,0.064000000000000001,0.006000000000000001,0.00050000000000000001,649.91896507982915,2.7117253881664394e-05,-2.1888030838351856e-07,-0.0016157573637925952
1154,0.064000000000000001,0.006000000000000001,0.00075000000000000002,674.8470080038594,4.5370937433810205e-05,4.6172346532439695e-07,-0.0016165171930325091
1155,0.064000000000000001,0.006000000000000001,0.001,700,6.4713274581850748e-05,1.6058084491664547e-06,-0.0016169463928705228
1156,0.066000000000000003,0,0,600,-1.4079541156644495e-05,1.7516531202684881e-07,-0.0017606932488070687
1157,0.066000000000000003,0,0.00025000000000000001,624.94344544212515,4.7180047781808718e-06,-4.7314208636139175e-07,-0.0017614699510736446
1158,0.066000000000000003,0,0.00050000000000000001,649.926030195115,2.3513208157413059e-05,-1.2685139021674004e-06,-0.0017621846725071728
1159,0.066000000000000003,0,0.00075000000000000002,674.95226592232927,4.1926929352943145e-05,-1.5827097264021836e-06,-0.0017627062871648305
1160,0.066000000000000003,0,0.001,700,5.9400599764527729e-05,-1.5318573659438909e-06,-0.0017633805061943377
1161,0.066000000000000003,0.001,0,600,-1.349011059502214e-05,5.7571777619166459e-08,-0.0017592685044934594
1162,0.066000000000000003,0.001,0.00025000000000000001,625.0110391055058,4.4375789166641372e-06,-5.7871164506065117e-08,-0.0017597863176045221
1163,0.066000000000000003,0.001,0.00050000000000000001,649.93017615177041,2.2536183578811426e-05,9.011850452430074e-09,-0.0017604475463204516
1164,0.066000000000000003,0.001,0.00075000000000000002,674.86616523583552,4.0914352588839291e-05,-4.7969168562152107e-07,-0.0017613567631634896
1165,0.066000000000000003,0.001,0.001,700,6.0458101988414441e-05,-1.2921224588302401e-06,-0.0017618592257908818
1166,0.066000000000000003,0.002,0,600,-1.3180960594380145e-05,1.5847584214003657e-07,-0.001758323077885619
1167,0.066000000000000003,0.002,0.00025000000000000001,625.09217809750123,4.6785057969862153e-06,-4.5191552462072019e-08,-0.0017587216367575004
1168,0.066000000000000003,0.002,0.00050000000000000001,649.93767494679582,2.3385032465114646e-05,-2.9137688989987478e-07,-0.0017594524906044897
1169,0.066000000000000003,0.002,0.00075000000000000002,674.77468925283108,4.1186465977157849e-05,-4.2018428602507109e-07,-0.0017606380909831894
1170,0.066000000000000003,0.002,0.001,700,6.1096189306908026e-05,-4.5676016971011716e-07,-0.0017609911372878171
1171,0.066000000000000003,0.0030000000000000005,0,600,-1.3316566571454384e-05,6.5407458403950486e-17,-0.0017579007955140673
1172,0.066000000000000003,0.0030000000000000005,0.00025000000000000001,625.07366070621754,4.4542474408841429e-06,6.684153597442526e-17,-0.0017583639533921716
1173,0.066000000000000003,0.0030000000000000005,0.00050000000000000001,649.9368559868924,2.2735361427490955e-05,6.7296273423512187e-17,-0.0017591000867033765
1174,0.066000000000000003,0.0030000000000000005,0.00075000000000000002,674.8007536304184,4.0897635491338736e-05,6.8097649924299494e-17,-0.0017602483875245232
1175,0.066000000000000003,0.0030000000000000005,0.001,700,6.0846026026345162e-05,6.9850355571383295e-17,-0.0017607402727120736
1176,0.066000000000000003,0.0040000000000000001,0,600,-1.3180960594383397e-05,-1.5847584200814489e-07,-0.0017583230778856266
1177,0.066000000000000003,0.0040000000000000001,0.00025000000000000001,625.09217809750135,4.6785057969833769e-06,4.5191552594819134e-08,-0.0017587216367575076
1178,0.066000000000000003,0.0040000000000000001,0.00050000000000000001,649.93767494679605,2.33850324651112e-05,2.9137689003526807e-07,-0.0017594524906044964
1179,0.066000000000000003,0.0040000000000000001,0.00075000000000000002,674.77468925283119,4.1186465977154285e-05,4.2018428616258467e-07,-0.0017606380909831964
1180,0.066000000000000003,0.0040000000000000001,0.001,700,6.1096189306905681e-05,4.5676016984805844e-07,-0.0017609911372878247
1181,0.066000000000000003,0.0050000000000000001,0,600,-1.3490110595029318e-05,-5.7571777488893871e-08,-0.0017592685044934742
1182,0.066000000000000003,0.0050000000000000001,0.00025000000000000001,625.01103910550592,4.4375789166566359e-06,5.7871164639548867e-08,-0.001759786317604537
1183,0.066000000000000003,0.0050000000000000001,0.00050000000000000001,649.93017615177052,2.2536183578804155e-05,-9.011850317511326e-09,-0.0017604475463204661
1184,0.066000000000000003,0.0050000000000000001,0.00075000000000000002,674.86616523583552,4.0914352588832068e-05,4.7969168575803144e-07,-0.0017613567631635041
1185,0.066000000000000003,0.0050000000000000001,0.001,700,6.0458101988406879e-05,1.2921224589701642e-06,-0.0017618592257908961
1186,0.066000000000000003,0.006000000000000001,0,600,-1.4079541156654669e-05,-1.751653118945645e-07,-0.0017606932488070906
1187,0.066000000000000003,0.006000000000000001,0.00025000000000000001,624.94344544212527,4.7180047781711766e-06,4.7314208649431383e-07,-0.0017614699510736668
1188,0.066000000000000003,0.006000000000000001,0.00050000000000000001,649.92603019511489,2.3513208157403003e-05,1.2685139023026947e-06,-0.0017621846725071953
1189,0.066000000000000003,0.006000000000000001,0.00075000000000000002,674.95226592232939,4.1926929352933001e-05,1.5827097265397332e-06,-0.001762706287164853
1190,0.066000000000000003,0.006000000000000001,0.001,700,5.9400599764517985e-05,1.5318573660819725e-06,-0.0017633805061943596
1191,0.068000000000000005,0,0,600,-1.922712323418379e-05,6.9285810493003299e-08,-0.0019091653758643832
1192,0.068000000000000005,0,0.00025000000000000001,624.9468755875663,-8.6235900972204249e-07,-1.6282877390432507e-07,-0.0019097699197530653
1193,0.068000000000000005,0,0.00050000000000000001,649.91900744932718,1.7567974662083389e-05,-2.6199642471874704e-07,-0.0019103551866594029
1194,0.068000000000000005,0,0.00075000000000000002,674.92742721343609,3.6215859751282562e-05,-7.7652592584413347e-07,-0.0019110153792428913
1195,0.068000000000000005,0,0.001,700,5.5661763551715129e-05,-1.6039887894579239e-06,-0.0019115261514811646
1196,0.068000000000000005,0.001,0,600,-1.952135942724429e-05,1.3920627284306311e-07,-0.0019076885484159199
1197,0.068000000000000005,0.001,0.00025000000000000001,624.93439209817143,-4.0912968669110809e-07,-2.9713647176479365e-07,-0.0019084916546040795
1198,0.068000000000000005,0.001,0.00050000000000000001,649.91641786438845,1.8453873199513362e-05,-8.8701701207358209e-07,-0.001909155162133155
1199,0.068000000000000005,0.001,0.00075000000000000002,674.95535907597014,3.7247248594437283e-05,-1.0200764824495774e-06,-0.0019095803039523998
1200,0.068000000000000005,0.001,0.001,700,5.4974660229590907e-05,-8.6738712949106645e-07,-0.0019102396003216121
1201,0.068000000000000005,0.002,0,600,-1.9685296073435549e-05,1.4663939711607007e-09,-0.0019068247882521097
1202,0.068000000000000005,0.002,0.00025000000000000001,624.90744289976897,-4.5026245020557966e-07,-1.0577269274337278e-07,-0.0019077252268958587
1203,0.068000000000000005,0.002,0.00050000000000000001,649.90907905120605,1.7903935251866919e-05,-1.7109935589579508e-07,-0.0019083554296936973
1204,0.068000000000000005,0.002,0.00075000000000000002,674.99102349471184,3.727261157668394e-05,-3.4066895257302319e-07,-0.001908597665602104
1205,0.068000000000000005,0.002,0.001,700,5.4608226948872919e-05,-5.8524996609541573e-07,-0.0019093929684955557
1206,0.068000000000000005,0.0030000000000000005,0,600,-1.9535056245286937e-05,6.8830575271794009e-17,-0.0019066190147412829
1207,0.068000000000000005,0.0030000000000000005,0.00025000000000000001,624.9127937326416,-2.0492204467846096e-07,6.9596703865761974e-17,-0.0019074764036292923
1208,0.068000000000000005,0.0030000000000000005,0.00050000000000000001,649.90998288435173,1.8502329391697701e-05,7.0761352342651973e-17,-0.0019081041625069728
1209,0.068000000000000005,0.0030000000000000005,0.00075000000000000002,674.98075796457852,3.7567286881954351e-05,7.139519554527921e-17,-0.0019083568957952363
1210,0.068000000000000005,0.0030000000000000005,0.001,700,5.4922898232356794e-05,7.1909769352804238e-17,-0.0019090460725659155
1211,0.068000000000000005,0.0040000000000000001,0,600,-1.9685296073439219e-05,-1.4663938346435658e-09,-0.0019068247882521169
1212,0.068000000000000005,0.0040000000000000001,0.00025000000000000001,624.90744289976885,-4.5026245020966914e-07,1.0577269288191187e-07,-0.0019077252268958655
1213,0.068000000000000005,0.0040000000000000001,0.00050000000000000001,649.90907905120605,1.7903935251863535e-05,1.7109935603578337e-07,-0.0019083554296937045
1214,0.068000000000000005,0.0040000000000000001,0.00075000000000000002,674.99102349471173,3.7272611576680593e-05,3.4066895271546533e-07,-0.0019085976656021113
1215,0.068000000000000005,0.0040000000000000001,0.001,700,5.4608226948868257e-05,5.8524996624047214e-07,-0.001909392968495563
1216,0.068000000000000005,0.0050000000000000001,0,600,-1.9521359427251042e-05,-1.3920627270617202e-07,-0.0019076885484159353
1217,0.068000000000000005,0.0050000000000000001,0.00025000000000000001,624.93439209817154,-4.0912968669751928e-07,2.9713647190395704e-07,-0.0019084916546040945
1218,0.068000000000000005,0.0050000000000000001,0.00050000000000000001,649.91641786438834,1.8453873199506728e-05,8.8701701221525513e-07,-0.00190915516213317
1219,0.068000000000000005,0.0050000000000000001,0.00075000000000000002,674.95535907597025,3.7247248594430798e-05,1.0200764825928142e-06,-0.0019095803039524142
1220,0.068000000000000005,0.0050000000000000001,0.001,700,5.4974660229584782e-05,8.6738712963531659e-07,-0.0019102396003216268
1221,0.068000000000000005,0.006000000000000001,0,600,-1.9227123234194416e-05,-6.9285810355241451e-08,-0.0019091653758644056
1222,0.068000000000000005,0.006000000000000001,0.00025000000000000001,624.9468755875663,-8.6235900973296329e-07,1.6282877404308566e-07,-0.0019097699197530872
1223,0.068000000000000005,0.006000000000000001,0.00050000000000000001,649.9190074493273,1.756797466207297e-05,2.619964248586663e-07,-0.0019103551866594248
1224,0.068000000000000005,0.006000000000000001,0.00075000000000000002,674.9274272134362,3.6215859751272099e-05,7.7652592598652299e-07,-0.0019110153792429138
1225,0.068000000000000005,0.006000000000000001,0.001,700,5.5661763551704395e-05,1.603988789603661e-06,-0.0019115261514811887
1226,0.070000000000000007,0,0,600,-2.5141064069487541e-05,3.1201306148460319e-08,-0.0020593210194934813
1227,0.070000000000000007,0,0.00025000000000000001,624.96065280338905,-5.9770642595381302e-06,-5.105433517715865e-07,-0.0020600751559757022
1228,0.070000000000000007,0,0.00050000000000000001,649.92600349002282,1.3092929687750923e-05,-1.16324277775555e-06,-0.0020607916215626271
1229,0.070000000000000007,0,0.00075000000000000002,674.93066854833421,3.2077668985531981e-05,-1.4540166783085249e-06,-0.0020614131160557395
1230,0.070000000000000007,0,0.001,700,5.037529704777334e-05,-1.4800532716292087e-06,-0.0020620797864442258
1231,0.070000000000000007,0.001,0,600,-2.4701114934694323e-05,-4.5520322151492501e-08,-0.002058133695519567
1232,0.070000000000000007,0.001,0.00025000000000000001,624.95841203090947,-6.1654031106363902e-06,-1.787870271805538e-07,-0.002058736619908433
1233,0.070000000000000007,0.001,0.00050000000000000001,649.9270866473106,1.2681456222495498e-05,-1.8004022648585142e-07,-0.0020593784213078174
1234,0.070000000000000007,0.001,0.00075000000000000002,674.92000624863442,3.1439192008588094e-05,-5.5581648157081551e-07,-0.0020601387437456922
1235,0.070000000000000007,0.001,0.001,700,5.1178259012654556e-05,-1.1804208156884713e-06,-0.002060681243913007
1236,0.070000000000000007,0.002,0,600,-2.4460510244752347e-05,1.8323821139368841e-08,-0.0020573919604394406
1237,0.070000000000000007,0.002,0.00025000000000000001,624.96984935406101,-6.0458509299165889e-06,-1.3996114029527613e-07,-0.0020579130575590272
1238,0.070000000000000007,0.002,0.00050000000000000001,649.93353952240295,1.3269496510178657e-05,-3.3793569514139047e-07,-0.0020585620178174857
1239,0.070000000000000007,0.002,0.00075000000000000002,674.90155378119778,3.1498390150232673e-05,-4.4345702733728867e-07,-0.0020594388238263802
1240,0.070000000000000007,0.002,0.001,700,5.1677673723171829e-05,-4.9493159301049152e-07,-0.0020598674446202724
1241,0.070000000000000007,0.0030000000000000005,0,600,-2.4529281732934194e-05,7.0916666718913502e-17,-0.0020570757868081987
1242,0.070000000000000007,0.0030000000000000005,0.00025000000000000001,624.96812149122491,-6.2006313310436212e-06,7.2036082498431151e-17,-0.002057622560881457
1243,0.070000000000000007,0.0030000000000000005,0.00050000000000000001,649.93298943275249,1.283759739319062e-05,7.2817153768754959e-17,-0.0020582703507160145
1244,0.070000000000000007,0.0030000000000000005,0.00075000000000000002,674.90680809409139,3.1332057295803848e-05,7.4072638812935083e-17,-0.0020591476094676017
1245,0.070000000000000007,0.0030000000000000005,0.001,700,5.1454638691830983e-05,7.5582652459145464e-17,-0.0020596485748726741
1246,0.070000000000000007,0.0040000000000000001,0,600,-2.4460510244755938e-05,-1.832382099612657e-08,-0.0020573919604394485
1247,0.070000000000000007,0.0040000000000000001,0.00025000000000000001,624.9698493540609,-6.0458509299195934e-06,1.3996114044031954e-07,-0.0020579130575590354
1248,0.070000000000000007,0.0040000000000000001,0.00050000000000000001,649.93353952240307,1.3269496510175049e-05,3.3793569528877536e-07,-0.002058562017817493
1249,0.070000000000000007,0.0040000000000000001,0.00075000000000000002,674.90155378119778,3.1498390150229183e-05,4.4345702748610606e-07,-0.0020594388238263876
1250,0.070000000000000007,0.0040000000000000001,0.001,700,5.1677673723169823e-05,4.9493159316032e-07,-0.0020598674446202802
1251,0.070000000000000007,0.0050000000000000001,0,600,-2.4701114934701546e-05,4.5520322293874511e-08,-0.0020581336955195818
1252,0.070000000000000007,0.0050000000000000001,0.00025000000000000001,624.95841203090947,-6.1654031106437814e-06,1.787870273250158e-07,-0.0020587366199084477
1253,0.070000000000000007,0.0050000000000000001,0.00050000000000000001,649.9270866473106,1.2681456222488499e-05,1.8004022663198903e-07,-0.0020593784213078321
1254,0.070000000000000007,0.0050000000000000001,0.00075000000000000002,674.92000624863431,3.1439192008580891e-05,5.5581648171925888e-07,-0.0020601387437457069
1255,0.070000000000000007,0.0050000000000000001,0.001,700,5.117825901264696e-05,1.1804208158398278e-06,-0.0020606812439130221
1256,0.070000000000000007,0.006000000000000001,0,600,-2.5141064069497682e-05,-3.1201306005227551e-08,-0.0020593210194935038
1257,0.070000000000000007,0.006000000000000001,0.00025000000000000001,624.96065280338905,-5.9770642595480676e-06,5.1054335191664322e-07,-0.0020600751559757247
1258,0.070000000000000007,0.006000000000000001,0.00050000000000000001,649.92600349002259,1.3092929687740396e-05,1.1632427779026356e-06,-0.0020607916215626496
1259,0.070000000000000007,0.006000000000000001,0.00075000000000000002,674.93066854833398,3.2077668985521776e-05,1.4540166784569759e-06,-0.002061413116055762
1260,0.070000000000000007,0.006000000000000001,0.001,700,5.0375297047763548e-05,1.4800532717789476e-06,-0.0020620797864442488
1261,0.072000000000000008,0,0,600,-3.0723821333250635e-05,-8.1906377683269176e-09,-0.002211739180842972
1262,0.072000000000000008,0,0.00025000000000000001,624.94405084765526,-1.1762516778375169e-05,-2.5083735006316199e-07,-0.0022124253946784102
1263,0.072000000000000008,0,0.00050000000000000001,649.91892745832388,7.3304622605628198e-06,-4.0266981322596065e-07,-0.0022130885859894629
1264,0.072000000000000008,0,0.00075000000000000002,674.9333587212443,2.6417152017380564e-05,-8.714246067084729e-07,-0.002213754928496149
1265,0.072000000000000008,0,0.001,700,4.6103534826970975e-05,-1.5663546758877957e-06,-0.0022143419239562864
1266,0.072000000000000008,0.001,0,600,-3.0915332851230734e-05,5.3997112869780142e-08,-0.0022103758212685971
1267,0.072000000000000008,0.001,0.00025000000000000001,624.95057031861359,-1.1412418781489536e-05,-3.0427531581398307e-07,-0.0022111750568749302
1268,0.072000000000000008,0.001,0.00050000000000000001,649.91942479409363,7.7444216429246841e-06,-7.7574100833505335e-07,-0.0022118972353334385
1269,0.072000000000000008,0.001,0.00075000000000000002,674.938341874353,2.7121269032067884e-05,-9.4033194364693016e-07,-0.0022124844416059131
1270,0.072000000000000008,0.001,0.001,700,4.5603597023117586e-05,-8.9363425987432031e-07,-0.0022131713435666243
1271,0.072000000000000008,0.002,0,600,-3.1024792628094791e-05,1.0083509981404194e-08,-0.002209558294043709
1272,0.072000000000000008,0.002,0.00025000000000000001,624.94489783322092,-1.1377153062883185e-05,-9.7877595832267361e-08,-0.0022104241858048575
1273,0.072000000000000008,0.002,0.00050000000000000001,649.91489780778829,7.3634614423256981e-06,-1.6799665207620589e-07,-0.0022111513385281753
1274,0.072000000000000008,0.002,0.00075000000000000002,674.95090623530575,2.7243510534407078e-05,-3.2155435002100363e-07,-0.0022116699218746
1275,0.072000000000000008,0.002,0.001,700,4.5278072782972712e-05,-5.1197912916233664e-07,-0.0022124544437342516
1276,0.072000000000000008,0.0030000000000000005,0,600,-3.0946402997350034e-05,7.4615733451292096e-17,-0.002209333488683332
1277,0.072000000000000008,0.0030000000000000005,0.00025000000000000001,624.94570624973016,-1.1229814461968734e-05,7.5184416198165887e-17,-0.0022101859011511649
1278,0.072000000000000008,0.0030000000000000005,0.00050000000000000001,649.91522076922308,7.728671815769029e-06,7.632269098057783e-17,-0.0022109191595358971
1279,0.072000000000000008,0.0030000000000000005,0.00075000000000000002,674.94778750484704,2.738377609973994e-05,7.7472624964726455e-17,-0.002211432379610859
1280,0.072000000000000008,0.0030000000000000005,0.001,700,4.5505001514547879e-05,7.8238589891341557e-17,-0.0022121708279957725
1281,0.072000000000000008,0.0040000000000000001,0,600,-3.1024792628097888e-05,-1.008350983325237e-08,-0.0022095582940437164
1282,0.072000000000000008,0.0040000000000000001,0.00025000000000000001,624.94489783322103,-1.1377153062887033e-05,9.7877595982938217e-08,-0.0022104241858048653
1283,0.072000000000000008,0.0040000000000000001,0.00050000000000000001,649.91489780778841,7.3634614423224244e-06,1.6799665222842912e-07,-0.0022111513385281822
1284,0.072000000000000008,0.0040000000000000001,0.00075000000000000002,674.95090623530598,2.7243510534403734e-05,3.215543501749759e-07,-0.0022116699218746078
1285,0.072000000000000008,0.0040000000000000001,0.001,700,4.5278072782967949e-05,5.1197912931878892e-07,-0.0022124544437342598
1286,0.072000000000000008,0.0050000000000000001,0,600,-3.0915332851237415e-05,-5.3997112720912547e-08,-0.0022103758212686122
1287,0.072000000000000008,0.0050000000000000001,0.00025000000000000001,624.95057031861359,-1.1412418781496145e-05,3.0427531596450622e-07,-0.0022111750568749454
1288,0.072000000000000008,0.0050000000000000001,0.00050000000000000001,649.91942479409363,7.7444216429175674e-06,7.7574100848792606e-07,-0.0022118972353334537
1289,0.072000000000000008,0.0050000000000000001,0.00075000000000000002,674.938341874353,2.7121269032061131e-05,9.4033194380176842e-07,-0.0022124844416059278
1290,0.072000000000000008,0.0050000000000000001,0.001,700,4.5603597023111331e-05,8.9363426003001841e-07,-0.0022131713435666386
1291,0.072000000000000008,0.006000000000000001,0,600,-3.0723821333261681e-05,8.1906379167906306e-09,-0.0022117391808429954
1292,0.072000000000000008,0.006000000000000001,0.00025000000000000001,624.94405084765526,-1.1762516778386075e-05,2.5083735021361796e-07,-0.0022124253946784332
1293,0.072000000000000008,0.006000000000000001,0.00050000000000000001,649.91892745832399,7.3304622605524419e-06,4.0266981337780359e-07,-0.0022130885859894854
1294,0.072000000000000008,0.006000000000000001,0.00075000000000000002,674.9333587212443,2.6417152017369678e-05,8.7142460686246561e-07,-0.0022137549284961715
1295,0.072000000000000008,0.006000000000000001,0.001,700,4.6103534826959496e-05,1.5663546760447617e-06,-0.0022143419239563085
1296,0.07400000000000001,0,0,600,-3.6871204457378965e-05,3.2394343158902202e-08,-0.002365996158112965
1297,0.07400000000000001,0,0.00025000000000000001,624.95961745109798,-1.7278709699373657e-05,-4.6981398637721718e-07,-0.0023667579937390361
1298,0.07400000000000001,0,0.00050000000000000001,649.92556470891259,2.1616797343884099e-06,-1.0453000435975333e-06,-0.0023674772777127289
1299,0.07400000000000001,0,0.00075000000000000002,674.92880093696476,2.1686547842442833e-05,-1.3439269528514302e-06,-0.0023681521046231345
1300,0.07400000000000001,0,0.001,700,4.0687131286505117e-05,-1.4499728936345458e-06,-0.0023688235502353655
1301,0.07400000000000001,0.001,0,600,-3.653425305048142e-05,-2.2564219268618155e-08,-0.0023648151318124539
1302,0.07400000000000001,0.001,0.00025000000000000001,624.95224789122142,-1.7412835924490203e-05,-1.9328125300473098e-07,-0.0023654912223789655
1303,0.07400000000000001,0.001,0.00050000000000000001,649.92422208210462,2.0872836544785403e-06,-2.6571809275949912e-07,-0.0023661692588239185
1304,0.07400000000000001,0.001,0.00075000000000000002,674.9262897981007,2.127656823082826e-05,-5.9070969151513221e-07,-0.0023668841614402506
1305,0.07400000000000001,0.001,0.001,700,4.129245567218397e-05,-1.0933288072778952e-06,-0.0023674764644202213
1306,0.07400000000000001,0.002,0,600,-3.6330372634069163e-05,-6.5282500844351121e-09,-0.0023641094739354279
1307,0.07400000000000001,0.002,0.00025000000000000001,624.95555373828995,-1.7368692106062532e-05,-1.4937208269924116e-07,-0.002364730878509841
1308,0.07400000000000001,0.002,0.00050000000000000001,649.92735803556332,2.5105150994753309e-06,-3.2732960239020425e-07,-0.0023654008701660826
1309,0.07400000000000001,0.002,0.00075000000000000002,674.91663367689262,2.1232008442143498e-05,-4.2880379056454467e-07,-0.0023661531885258167
1310,0.07400000000000001,0.002,0.001,700,4.1703837628416434e-05,-5.0814133401234674e-07,-0.0023666642848152895
1311,0.07400000000000001,0.0030000000000000005,0,600,-3.6352990897677577e-05,7.7259294147405569e-17,-0.0023638416598013934
1312,0.07400000000000001,0.0030000000000000005,0.00025000000000000001,624.95500434659164,-1.7437075284465788e-05,7.8176983865254078e-17,-0.0023644689694716503
1313,0.07400000000000001,0.0030000000000000005,0.00050000000000000001,649.92723052433803,2.277237139650657e-06,7.9379157080202541e-17,-0.002365129280176279
1314,0.07400000000000001,0.0030000000000000005,0.00075000000000000002,674.91864604502825,2.1189185997595377e-05,8.0421318971269498e-17,-0.002365888542504092
1315,0.07400000000000001,0.0030000000000000005,0.001,700,4.1551735217644309e-05,8.1259361556361089e-17,-0.0023664249547858695
1316,0.07400000000000001,0.0040000000000000001,0,600,-3.6330372634073154e-05,6.5282502387925118e-09,-0.0023641094739354353
1317,0.07400000000000001,0.0040000000000000001,0.00025000000000000001,624.95555373829006,-1.7368692106065689e-05,1.4937208285578497e-07,-0.002364730878509848
1318,0.07400000000000001,0.0040000000000000001,0.00050000000000000001,649.92735803556309,2.5105150994717488e-06,3.2732960254828108e-07,-0.0023654008701660899
1319,0.07400000000000001,0.0040000000000000001,0.00075000000000000002,674.9166336768925,2.1232008442139863e-05,4.2880379072431753e-07,-0.0023661531885258245
1320,0.07400000000000001,0.0040000000000000001,0.001,700,4.1703837628413974e-05,5.0814133417448028e-07,-0.0023666642848152973
1321,0.07400000000000001,0.0050000000000000001,0,600,-3.6534253050488739e-05,2.2564219423010765e-08,-0.0023648151318124686
1322,0.07400000000000001,0.0050000000000000001,0.00025000000000000001,624.9522478912213,-1.741283592449764e-05,1.9328125316052904e-07,-0.0023654912223789806
1323,0.07400000000000001,0.0050000000000000001,0.00050000000000000001,649.92422208210439,2.0872836544716437e-06,2.6571809291766452e-07,-0.0023661692588239328
1324,0.07400000000000001,0.0050000000000000001,0.00075000000000000002,674.92628979810047,2.1276568230821023e-05,5.9070969167566105e-07,-0.0023668841614402658
1325,0.07400000000000001,0.0050000000000000001,0.001,700,4.1292455672176278e-05,1.0933288074398661e-06,-0.0023674764644202356
1326,0.07400000000000001,0.006000000000000001,0,600,-3.6871204457388838e-05,-3.2394343004509496e-08,-0.0023659961581129871
1327,0.07400000000000001,0.006000000000000001,0.00025000000000000001,624.95961745109764,-1.7278709699383936e-05,4.6981398653454582e-07,-0.0023667579937390591
1328,0.07400000000000001,0.006000000000000001,0.00050000000000000001,649.92556470891247,2.161679734377783e-06,1.0453000437564225e-06,-0.002367477277712751
1329,0.07400000000000001,0.006000000000000001,0.00075000000000000002,674.92880093696476,2.1686547842432584e-05,1.343926953011446e-06,-0.002368152104623157
1330,0.07400000000000001,0.006000000000000001,0.001,700,4.0687131286495318e-05,1.4499728937975159e-06,-0.0023688235502353884
1331,0.076000000000000012,0,0,600,-4.2838368235672801e-05,-2.222595286043884e-08,-0.0025223377948618013
1332,0.076000000000000012,0,0.00025000000000000001,624.94588730490352,-2.3328979690263204e-05,-2.8496691331652892e-07,-0.0025230822959354305
1333,0.076000000000000012,0,0.00050000000000000001,649.91953080620226,-3.6403474156623885e-06,-4.9069989863014706e-07,-0.0025238107737019528
1334,0.076000000000000012,0,0.00075000000000000002,674.93393280168323,1.5912546467854674e-05,-9.3779817987391291e-07,-0.0025245061923923457
1335,0.076000000000000012,0,0.001,700,3.5937315871222141e-05,-1.5487359879248584e-06,-0.0025251575329336921
1336,0.076000000000000012,0.001,0,600,-4.2945474338182925e-05,2.123684173617926e-08,-0.0025210295141620347
1337,0.076000000000000012,0.001,0.00025000000000000001,624.95316208219253,-2.301721605053418e-05,-2.9531682354462656e-07,-0.0025218393493790063
1338,0.076000000000000012,0.001,0.00050000000000000001,649.92150661450296,-3.4823445052034256e-06,-6.9611225611689572e-07,-0.0025225911750660877
1339,0.076000000000000012,0.001,0.00075000000000000002,674.93526663457192,1.6438705803172381e-05,-8.8786592287915757e-07,-0.002523272542362019
1340,0.076000000000000012,0.001,0.001,700,3.5601633664924047e-05,-9.3241245168837914e-07,-0.0025239860070759689
1341,0.076000000000000012,0.002,0,600,-4.3024740948130786e-05,1.3361826668599179e-08,-0.0025202332369061589
1342,0.076000000000000012,0.002,0.00025000000000000001,624.95112966145268,-2.2915010542847252e-05,-9.7812857307818815e-08,-0.0025210892390659465
1343,0.076000000000000012,0.002,0.00050000000000000001,649.91955425677895,-3.7233020989751841e-06,-1.7734642708464614e-07,-0.0025218477281110179
1344,0.076000000000000012,0.002,0.00075000000000000002,674.94328354876995,1.6634830677976813e-05,-3.2771291835907189e-07,-0.0025225117950696341
1345,0.076000000000000012,0.002,0.001,700,3.5343803009125073e-05,-4.8856080486872534e-07,-0.0025232926910945842
1346,0.076000000000000012,0.0030000000000000005,0,600,-4.2972739200273828e-05,8.0412568280338042e-17,-0.0025199893698851531
1347,0.076000000000000012,0.0030000000000000005,0.00025000000000000001,624.95164716835461,-2.2842154869042682e-05,8.137222444138745e-17,-0.0025208427150265117
1348,0.076000000000000012,0.0030000000000000005,0.00050000000000000001,649.91965624400245,-3.5283006389431768e-06,8.1863524237643953e-17,-0.0025216120192848813
1349,0.076000000000000012,0.0030000000000000005,0.00075000000000000002,674.9420230883502,1.6671273951812885e-05,8.2742918412446129e-17,-0.0025222691194912773
1350,0.076000000000000012,0.0030000000000000005,0.001,700,3.5507560179169419e-05,8.4227382824639034e-17,-0.0025230402646349275
1351,0.076000000000000012,0.0040000000000000001,0,600,-4.3024740948133876e-05,-1.336182650820745e-08,-0.0025202332369061663
1352,0.076000000000000012,0.0040000000000000001,0.00025000000000000001,624.95112966145246,-2.2915010542851253e-05,9.7812857469792968e-08,-0.0025210892390659539
1353,0.076000000000000012,0.0040000000000000001,0.00050000000000000001,649.91955425677918,-3.7233020989789475e-06,1.7734642724927234e-07,-0.0025218477281110253
1354,0.076000000000000012,0.0040000000000000001,0.00075000000000000002,674.94328354876984,1.6634830677973168e-05,3.2771291852589625e-07,-0.0025225117950696411
1355,0.076000000000000012,0.0040000000000000001,0.001,700,3.5343803009120383e-05,4.8856080503649577e-07,-0.002523292691094592
1356,0.076000000000000012,0.0050000000000000001,0,600,-4.2945474338189796e-05,-2.1236841576004509e-08,-0.0025210295141620499
1357,0.076000000000000012,0.0050000000000000001,0.00025000000000000001,624.95316208219265,-2.3017216050540939e-05,2.9531682370753042e-07,-0.0025218393493790211
1358,0.076000000000000012,0.0050000000000000001,0.00050000000000000001,649.92150661450285,-3.4823445052106466e-06,6.961122562810578e-07,-0.0025225911750661034
1359,0.076000000000000012,0.0050000000000000001,0.00075000000000000002,674.93526663457214,1.6438705803165476e-05,8.8786592304467289e-07,-0.0025232725423620333
1360,0.076000000000000012,0.0050000000000000001,0.001,700,3.5601633664917657e-05,9.3241245185644668e-07,-0.0025239860070759841
1361,0.076000000000000012,0.006000000000000001,0,600,-4.2838368235683901e-05,2.2225953020858562e-08,-0.0025223377948618234
1362,0.076000000000000012,0.006000000000000001,0.00025000000000000001,624.94588730490352,-2.3328979690273694e-05,2.8496691347736957e-07,-0.0025230822959354531
1363,0.076000000000000012,0.006000000000000001,0.00050000000000000001,649.91953080620215,-3.6403474156726977e-06,4.9069989879341922e-07,-0.0025238107737019749
1364,0.076000000000000012,0.006000000000000001,0.00075000000000000002,674.93393280168345,1.5912546467843849e-05,9.3779818004008669e-07,-0.0025245061923923682
1365,0.076000000000000012,0.006000000000000001,0.001,700,3.593731587121111e-05,1.5487359880920623e-06,-0.0025251575329337146
1366,0.078000000000000014,0,0,600,-4.9247421587051549e-05,2.6817525804624965e-08,-0.0026806307837446033
1367,0.078000000000000014,0,0.00025000000000000001,624.95771204979542,-2.9193284789778399e-05,-4.503811967589009e-07,-0.002681420417159657
1368,0.078000000000000014,0,0.00050000000000000001,649.92481389701254,-9.3312517231920607e-06,-9.7199775621831118e-07,-0.0026821607969292329
1369,0.078000000000000014,0,0.00075000000000000002,674.92861245650715,1.0715065305787757e-05,-1.2844710742372262e-06,-0.0026828821813324206
1370,0.078000000000000014,0,0.001,700,3.033941662021314e-05,-1.4568542526151889e-06,-0.002683573532631719
1371,0.078000000000000014,0.001,0,600,-4.8965474398222972e-05,-9.1028666220887293e-09,-0.0026794287835933362
1372,0.078000000000000014,0.001,0.00025000000000000001,624.95101414132193,-2.928989635841706e-05,-2.0679137023437331e-07,-0.0026801660617141792
1373,0.078000000000000014,0.001,0.00050000000000000001,649.92259179802102,-9.2020517633094974e-06,-3.3177624753223566e-07,-0.0026808976538976606
1374,0.078000000000000014,0.001,0.00075000000000000002,674.9279771420172,1.0453692317242622e-05,-6.3108923933164274e-07,-0.0026816155865768475
1375,0.078000000000000014,0.001,0.001,700,3.0817834097313231e-05,-1.0520449504935971e-06,-0.0026822585208275103
1376,0.078000000000000014,0.002,0,600,-4.8773648276730612e-05,-1.0627218037518992e-08,-0.0026787182068285448
1377,0.078000000000000014,0.002,0.00025000000000000001,624.95236018601486,-2.9300017568309106e-05,-1.4898907504062904e-07,-0.0026794156323019015
1378,0.078000000000000014,0.002,0.00050000000000000001,649.92362547682444,-8.8985893782434754e-06,-3.1561862157362129e-07,-0.0026801451699951773
1379,0.078000000000000014,0.002,0.00075000000000000002,674.92108632326824,1.035137678766989e-05,-4.1628027998166881e-07,-0.0026808673876158244
1380,0.078000000000000014,0.002,0.001,700,3.116657148761032e-05,-5.1543084229764075e-07,-0.0026814545534894021
1381,0.078000000000000014,0.0030000000000000005,0,600,-4.8782452500821875e-05,8.3334890033677468e-17,-0.002678467726407824
1382,0.078000000000000014,0.0030000000000000005,0.00025000000000000001,624.95184926078048,-2.9304977052105403e-05,8.3913372771368165e-17,-0.0026791663151274582
1383,0.078000000000000014,0.0030000000000000005,0.00050000000000000001,649.9235758803336,-8.9900598143242669e-06,8.5329191685999351e-17,-0.002679884577604335
1384,0.078000000000000014,0.0030000000000000005,0.00075000000000000002,674.92183644836871,1.0390901481732286e-05,8.6684319014305156e-17,-0.0026806137633358755
1385,0.078000000000000014,0.0030000000000000005,0.001,700,3.106517179256493e-05,8.6875984492790839e-17,-0.0026811995879807617
1386,0.078000000000000014,0.0040000000000000001,0,600,-4.8773648276734759e-05,1.0627218204081039e-08,-0.0026787182068285526
1387,0.078000000000000014,0.0040000000000000001,0.00025000000000000001,624.95236018601486,-2.9300017568312372e-05,1.4898907520993909e-07,-0.0026794156323019088
1388,0.078000000000000014,0.0040000000000000001,0.00050000000000000001,649.92362547682421,-8.8985893782468314e-06,3.1561862174395464e-07,-0.0026801451699951838
1389,0.078000000000000014,0.0040000000000000001,0.00075000000000000002,674.92108632326813,1.0351376787666254e-05,4.162802801531609e-07,-0.0026808673876158313
1390,0.078000000000000014,0.0040000000000000001,0.001,700,3.1166571487607223e-05,5.1543084247235527e-07,-0.0026814545534894086
1391,0.078000000000000014,0.0050000000000000001,0,600,-4.8965474398230439e-05,9.1028667885539092e-09,-0.0026794287835933493
1392,0.078000000000000014,0.0050000000000000001,0.00025000000000000001,624.95101414132171,-2.9289896358424825e-05,2.067913704016751e-07,-0.0026801660617141931
1393,0.078000000000000014,0.0050000000000000001,0.00050000000000000001,649.92259179802079,-9.2020517633171274e-06,3.317762477025824e-07,-0.0026808976538976754
1394,0.078000000000000014,0.0050000000000000001,0.00075000000000000002,674.92797714201708,1.0453692317234494e-05,6.3108923950473498e-07,-0.0026816155865768626
1395,0.078000000000000014,0.0050000000000000001,0.001,700,3.0817834097304504e-05,1.0520449506676515e-06,-0.0026822585208275238
1396,0.078000000000000014,0.006000000000000001,0,600,-4.9247421587062343e-05,-2.6817525639313542e-08,-0.0026806307837446254
1397,0.078000000000000014,0.006000000000000001,0.00025000000000000001,624.95771204979565,-2.9193284789790234e-05,4.503811969281321e-07,-0.0026814204171596795
1398,0.078000000000000014,0.006000000000000001,0.00050000000000000001,649.92481389701265,-9.3312517232039853e-06,9.719977563886908e-07,-0.0026821607969292546
1399,0.078000000000000014,0.006000000000000001,0.00075000000000000002,674.92861245650715,1.0715065305776339e-05,1.2844710744086492e-06,-0.0026828821813324427
1400,0.078000000000000014,0.006000000000000001,0.001,700,3.0339416620201454e-05,1.4568542527901793e-06,-0.0026835735326317411
1401,0.080000000000000002,0,0,600,-5.5561969023885194e-05,-2.0482538889013515e-08,-0.0028409306898809447
1402,0.080000000000000002,0,0.00025000000000000001,624.94760647021178,-3.5527257602428511e-05,-3.0288227633589941e-07,-0.0028417214450118283
1403,0.080000000000000002,0,0.00050000000000000001,649.92029796830889,-1.5280924556740448e-05,-5.5292680317205744e-07,-0.0028425015868522971
1404,0.080000000000000002,0,0.00075000000000000002,674.93394544931505,4.752048823627051e-06,-9.8405019501121905e-07,-0.00284323082027818
1405,0.080000000000000002,0,0.001,700,2.5176062602324868e-05,-1.5348062963757981e-06,-0.0028439364997593863
1406,0.080000000000000002,0.001,0,600,-5.5628780413103488e-05,6.8929154283822853e-09,-0.0028396494310600866
1407,0.080000000000000002,0.001,0.00025000000000000001,624.95365645183176,-3.5245681644457159e-05,-2.8676856242405687e-07,-0.0028404826653472132
1408,0.080000000000000002,0.001,0.00050000000000000001,649.92268640406519,-1.5279787970432295e-05,-6.4218852266142362e-07,-0.002841258187371026
1409,0.080000000000000002,0.001,0.00075000000000000002,674.93422244795909,5.158916569041625e-06,-8.5099828391677828e-07,-0.0028420025877057553
1410,0.080000000000000002,0.001,0.001,700,2.4940919380022635e-05,-9.6043536448169123e-07,-0.0028427457608691518
1411,0.080000000000000002,0.002,0,600,-5.5698218686509034e-05,1.0473435174698929e-08,-0.0028388690480824785
1412,0.080000000000000002,0.002,0.00025000000000000001,624.95270379699275,-3.5091722785432234e-05,-1.0195120117924454e-07,-0.0028397384254237176
1413,0.080000000000000002,0.002,0.00050000000000000001,649.92230106812531,-1.5413290079826844e-05,-1.8982292111810826e-07,-0.0028405112321253185
1414,0.080000000000000002,0.002,0.00075000000000000002,674.94028010121121,5.4028068754649447e-06,-3.3932935588053792e-07,-0.0028412588623572942
1415,0.080000000000000002,0.002,0.001,700,2.473919689854978e-05,-4.8335358967337742e-07,-0.0028420472859126008
1416,0.080000000000000002,0.0030000000000000005,0,600,-5.5650212385206695e-05,8.6042809709497634e-17,-0.0028386186042816093
1417,0.080000000000000002,0.0030000000000000005,0.00025000000000000001,624.95321923838731,-3.5070398717616176e-05,8.7662431390124066e-17,-0.0028394861022208282
1418,0.080000000000000002,0.0030000000000000005,0.00050000000000000001,649.92241334432242,-1.5333976408041589e-05,8.8438302701398381e-17,-0.0028402686047627615
1419,0.080000000000000002,0.0030000000000000005,0.00075000000000000002,674.93994663218439,5.3751322323465919e-06,8.8904947117869685e-17,-0.0028410097596932114
1420,0.080000000000000002,0.0030000000000000005,0.001,700,2.4862557972823334e-05,8.997634677185279e-17,-0.0028418078943833122
1421,0.080000000000000002,0.0040000000000000001,0,600,-5.5698218686512212e-05,-1.0473435001050521e-08,-0.0028388690480824854
1422,0.080000000000000002,0.0040000000000000001,0.00025000000000000001,624.95270379699264,-3.5091722785436205e-05,1.0195120135340753e-07,-0.0028397384254237241
1423,0.080000000000000002,0.0040000000000000001,0.00050000000000000001,649.92230106812519,-1.5413290079830951e-05,1.8982292129438513e-07,-0.0028405112321253255
1424,0.080000000000000002,0.0040000000000000001,0.00075000000000000002,674.94028010121121,5.4028068754609145e-06,3.3932935605956934e-07,-0.0028412588623573007
1425,0.080000000000000002,0.0040000000000000001,0.001,700,2.4739196898545281e-05,4.8335358985379195e-07,-0.0028420472859126068
1426,0.080000000000000002,0.0050000000000000001,0,600,-5.562878041311059e-05,-6.8929152562464862e-09,-0.0028396494310600996
1427,0.080000000000000002,0.0050000000000000001,0.00025000000000000001,624.95365645183153,-3.5245681644464362e-05,2.8676856259952938e-07,-0.002840482665347227
1428,0.080000000000000002,0.0050000000000000001,0.00050000000000000001,649.92268640406519,-1.5279787970439634e-05,6.4218852283855864e-07,-0.002841258187371039
1429,0.080000000000000002,0.0050000000000000001,0.00075000000000000002,674.93422244795897,5.1589165690349199e-06,8.5099828409526072e-07,-0.0028420025877057692
1430,0.080000000000000002,0.0050000000000000001,0.001,700,2.4940919380016387e-05,9.6043536466302299e-07,-0.0028427457608691665
1431,0.080000000000000002,0.006000000000000001,0,600,-5.5561969023897411e-05,2.0482539061741821e-08,-0.0028409306898809676
1432,0.080000000000000002,0.006000000000000001,0.00025000000000000001,624.94760647021167,-3.5527257602439299e-05,3.0288227651003959e-07,-0.0028417214450118505
1433,0.080000000000000002,0.006000000000000001,0.00050000000000000001,649.92029796830889,-1.5280924556751484e-05,5.529268033489103e-07,-0.0028425015868523188
1434,0.080000000000000002,0.006000000000000001,0.00075000000000000002,674.93394544931493,4.7520488236151401e-06,9.8405019519162119e-07,-0.0028432308202782012
1435,0.080000000000000002,0.006000000000000001,0.001,700,2.5176062602313511e-05,1.5348062965569941e-06,-0.0028439364997594062
1436,0.082000000000000017,0,0,600,-6.2273375209333701e-05,2.0926816369541692e-08,-0.0030032218764697144
1437,0.082000000000000017,0,0.00025000000000000001,624.95622021804581,-4.1742687806598522e-05,-4.3730460166444392e-07,-0.0030040484834099089
1438,0.082000000000000017,0,0.00050000000000000001,649.92406576996575,-2.142987844980866e-05,-9.1924466680138407e-07,-0.0030048218629820322
1439,0.082000000000000017,0,0.00075000000000000002,674.92866698741807,-8.7153848648743283e-07,-1.2451684097492489e-06,-0.0030055886252051993
1440,0.082000000000000017,0,0.001,700,1.9329325301945412e-05,-1.4677444670926976e-06,-0.0030063092853873478
1441,0.082000000000000017,0.001,0,600,-6.2012498855960855e-05,-1.1528595648418002e-09,-0.0030020048259953645
1442,0.082000000000000017,0.001,0.00025000000000000001,624.95090295742989,-4.1806938617424343e-05,-2.1504877342589249e-07,-0.0030027943450766066
1443,0.082000000000000017,0.001,0.00050000000000000001,649.92172215274286,-2.117196224363708e-05,-3.7596011418851611e-07,-0.0030035820692535008
1444,0.082000000000000017,0.001,0.00075000000000000002,674.92862695022438,-1.0292916198596315e-06,-6.6139041163703038e-07,-0.0030043257276123935
1445,0.082000000000000017,0.001,0.001,700,1.9735595391674592e-05,-1.0281680699095868e-06,-0.0030050177134534057
1446,0.082000000000000017,0.002,0,600,-6.1822243287584853e-05,-8.0965020417273491e-09,-0.0030012835901366184
1447,0.082000000000000017,0.002,0.00025000000000000001,624.95163436080259,-4.186038425653128e-05,-1.4520158751916843e-07,-0.0030020395449609121
1448,0.082000000000000017,0.002,0.00050000000000000001,649.92157556756536,-2.0960069226481517e-05,-3.0384299527994879e-07,-0.0030028353817492855
1449,0.082000000000000017,0.002,0.00075000000000000002,674.92319121033609,-1.1684085434874563e-06,-4.0483383806499761e-07,-0.003003570811662012
1450,0.082000000000000017,0.002,0.001,700,2.0036539551311381e-05,-5.1642175836267906e-07,-0.0030042258470591712
1451,0.082000000000000017,0.0030000000000000005,0,600,-6.1830164100131401e-05,8.9471804169076166e-17,-0.0030010368526882081
1452,0.082000000000000017,0.0030000000000000005,0.00025000000000000001,624.95113349336464,-4.1821121349852006e-05,8.9814302955425955e-17,-0.0030017953892863326
1453,0.082000000000000017,0.0030000000000000005,0.00050000000000000001,649.92146829271951,-2.0955613969976082e-05,9.1066311726653368e-17,-0.0030025826432544481
1454,0.082000000000000017,0.0030000000000000005,0.00075000000000000002,674.92323987596887,-1.0774302669707992e-06,9.2548431814926942e-17,-0.0030033244200322416
1455,0.082000000000000017,0.0030000000000000005,0.001,700,1.9969109728771457e-05,9.3170970468713445e-17,-0.0030039641743801679
1456,0.082000000000000017,0.0040000000000000001,0,600,-6.182224328758896e-05,8.0965022198935297e-09,-0.0030012835901366249
1457,0.082000000000000017,0.0040000000000000001,0.00025000000000000001,624.9516343608027,-4.1860384256534688e-05,1.4520158770063322e-07,-0.0030020395449609199
1458,0.082000000000000017,0.0040000000000000001,0.00050000000000000001,649.92157556756524,-2.0960069226484621e-05,3.0384299546301252e-07,-0.0030028353817492933
1459,0.082000000000000017,0.0040000000000000001,0.00075000000000000002,674.9231912103362,-1.1684085434902939e-06,4.0483383824933305e-07,-0.0030035708116620194
1460,0.082000000000000017,0.0040000000000000001,0.001,700,2.0036539551309321e-05,5.1642175854998038e-07,-0.0030042258470591799
1461,0.082000000000000017,0.0050000000000000001,0,600,-6.2012498855968499e-05,1.1528597437333663e-09,-0.0030020048259953784
1462,0.082000000000000017,0.0050000000000000001,0.00025000000000000001,624.95090295742989,-4.1806938617431519e-05,2.1504877360561573e-07,-0.003002794345076621
1463,0.082000000000000017,0.0050000000000000001,0.00050000000000000001,649.92172215274275,-2.1171962243644107e-05,3.7596011437102958e-07,-0.0030035820692535155
1464,0.082000000000000017,0.0050000000000000001,0.00075000000000000002,674.9286269502245,-1.0292916198672574e-06,6.613904118224659e-07,-0.0030043257276124082
1465,0.082000000000000017,0.0050000000000000001,0.001,700,1.9735595391666714e-05,1.0281680700963559e-06,-0.0030050177134534209
1466,0.082000000000000017,0.006000000000000001,0,600,-6.2273375209343431e-05,-2.0926816191514153e-08,-0.0030032218764697366
1467,0.082000000000000017,0.006000000000000001,0.00025000000000000001,624.95622021804581,-4.1742687806609988e-05,4.3730460184630105e-07,-0.0030040484834099315
1468,0.082000000000000017,0.006000000000000001,0.00050000000000000001,649.92406576996575,-2.1429878449819363e-05,9.1924466698510763e-07,-0.0030048218629820543
1469,0.082000000000000017,0.006000000000000001,0.00075000000000000002,674.92866698741796,-8.7153848649688742e-07,1.2451684099338024e-06,-0.0030055886252052218
1470,0.082000000000000017,0.006000000000000001,0.001,700,1.9329325301935583e-05,1.4677444672803546e-06,-0.0030063092853873704
1471,0.084000000000000005,0,0,600,-6.8921900163790295e-05,-1.5746819286735619e-08,-0.0031675001623069549
1472,0.084000000000000005,0,0.00025000000000000001,624.94886471389771,-4.8371817119176129e-05,-3.1426206182432624e-07,-0.0031683332046678002
1473,0.084000000000000005,0,0.00050000000000000001,649.92098640201891,-2.7589936004488733e-05,-5.9769229767415916e-07,-0.0031691583519490602
1474,0.084000000000000005,0,0.00075000000000000002,674.9338531139523,-7.0703096819168138e-06,-1.0160687668654829e-06,-0.0031699240803249118
1475,0.084000000000000005,0,0.001,700,1.3789362526712598e-05,-1.5237081740842202e-06,-0.0031706789037407356
1476,0.084000000000000005,0.001,0,600,-6.8973072840567784e-05,5.1553458931740286e-10,-0.0031662319182898268
1477,0.084000000000000005,0.001,0.00025000000000000001,624.95354450413879,-4.8115745075601879e-05,-2.8055262962987463e-07,-0.0031670974735292564
1478,0.084000000000000005,0.001,0.00050000000000000001,649.9232987294057,-2.7687877323201044e-05,-6.0628892882457174e-07,-0.0031678993451428441
1479,0.084000000000000005,0.001,0.00075000000000000002,674.93379945718152,-6.7460663316664841e-06,-8.2508115772543924e-07,-0.0031686934475921996
1480,0.084000000000000005,0.001,0.001,700,1.3612083531643385e-05,-9.7802343959315896e-07,-0.0031694699608638922
1481,0.084000000000000005,0.002,0,600,-6.9040466296478443e-05,7.1191829471845207e-09,-0.0031654625219401477
1482,0.084000000000000005,0.002,0.00025000000000000001,624.95292200266579,-4.792023188595876e-05,-1.0590931543722758e-07,-0.0031663607798590749
1483,0.084000000000000005,0.002,0.00050000000000000001,649.92376423437042,-2.773862181332006e-05,-2.0047432647193525e-07,-0.0031671504946489829
1484,0.084000000000000005,0.002,0.00075000000000000002,674.93871043719309,-6.4694220980906196e-06,-3.4908626358731592e-07,-0.0031679552122922941
1485,0.084000000000000005,0.002,0.001,700,1.3454479047379124e-05,-4.8308616494273653e-07,-0.0031687608829627919
1486,0.084000000000000005,0.0030000000000000005,0,600,-6.8990910219798759e-05,9.1345713940456639e-17,-0.0031652117201714405
1487,0.084000000000000005,0.0030000000000000005,0.00025000000000000001,624.95340687626765,-4.793572501404398e-05,9.3376598157312948e-17,-0.0031661055924776843
1488,0.084000000000000005,0.0030000000000000005,0.00050000000000000001,649.92395304424974,-2.7737963567077157e-05,9.4158424379944899e-17,-0.0031669014871724271
1489,0.084000000000000005,0.0030000000000000005,0.00075000000000000002,674.93891093160516,-6.5378210458335722e-06,9.4815199214079679e-17,-0.003167700418857367
1490,0.084000000000000005,0.0030000000000000005,0.001,700,1.354984006679353e-05,9.6452186048078721e-17,-0.0031685258092382369
1491,0.084000000000000005,0.0040000000000000001,0,600,-6.904046629648175e-05,-7.1191827618904602e-09,-0.003165462521940156
1492,0.084000000000000005,0.0040000000000000001,0.00025000000000000001,624.95292200266567,-4.7920231885962216e-05,1.059093156229239e-07,-0.0031663607798590823
1493,0.084000000000000005,0.0040000000000000001,0.00050000000000000001,649.9237642343702,-2.7738621813323739e-05,2.004743266601146e-07,-0.0031671504946489911
1494,0.084000000000000005,0.0040000000000000001,0.00075000000000000002,674.93871043719321,-6.4694220980945481e-06,3.4908626377803625e-07,-0.003167955212292301
1495,0.084000000000000005,0.0040000000000000001,0.001,700,1.3454479047374526e-05,4.8308616513425258e-07,-0.0031687608829627997
1496,0.084000000000000005,0.0050000000000000001,0,600,-6.897307284057391e-05,-5.1553440570872344e-10,-0.0031662319182898407
1497,0.084000000000000005,0.0050000000000000001,0.00025000000000000001,624.95354450413856,-4.8115745075608736e-05,2.80552629816778e-07,-0.0031670974735292716
1498,0.084000000000000005,0.0050000000000000001,0.00050000000000000001,649.92329872940547,-2.7687877323207793e-05,6.0628892901285943e-07,-0.0031678993451428601
1499,0.084000000000000005,0.0050000000000000001,0.00075000000000000002,674.93379945718129,-6.7460663316722083e-06,8.2508115791541878e-07,-0.0031686934475922161
1500,0.084000000000000005,0.0050000000000000001,0.001,700,1.3612083531637934e-05,9.7802343978642795e-07,-0.0031694699608639074
1501,0.084000000000000005,0.006000000000000001,0,600,-6.8921900163802303e-05,1.5746819471463264e-08,-0.0031675001623069797
1502,0.084000000000000005,0.006000000000000001,0.00025000000000000001,624.94886471389771,-4.8371817119185372e-05,3.1426206201035267e-07,-0.0031683332046678237
1503,0.084000000000000005,0.006000000000000001,0.00050000000000000001,649.92098640201914,-2.7589936004498494e-05,5.9769229786258534e-07,-0.0031691583519490828
1504,0.084000000000000005,0.006000000000000001,0.00075000000000000002,674.9338531139523,-7.0703096819276236e-06,1.0160687670564672e-06,-0.0031699240803249348
1505,0.084000000000000005,0.006000000000000001,0.001,700,1.3789362526702859e-05,1.5237081742757153e-06,-0.0031706789037407586
1506,0.085999999999999993,0,0,600,-7.5957333713407824e-05,1.5961246834815971e-08,-0.003333774640729697
1507,0.085999999999999993,0,0.00025000000000000001,624.95517408178409,-5.4943628727643257e-05,-4.2809519324603338e-07,-0.0033346419954853848
1508,0.085999999999999993,0,0.00050000000000000001,649.92345026573742,-3.4163161938216686e-05,-8.8160281718095303e-07,-0.0033354543537261897
1509,0.085999999999999993,0,0.00075000000000000002,674.92877129867645,-1.3097163260745858e-05,-1.2184770094624417e-06,-0.0033362659781593787
1510,0.085999999999999993,0,0.001,700,7.6518431584385541e-06,-1.4768751347676931e-06,-0.0033370215207090622
1511,0.085999999999999993,0.001,0,600,-7.5700209114757029e-05,2.7590584615744944e-09,-0.003332549975703107
1512,0.085999999999999993,0.001,0.00025000000000000001,624.95112141085883,-5.497930684598447e-05,-2.2024860031206023e-07,-0.0033333866070679582
1513,0.085999999999999993,0.001,0.00050000000000000001,649.9212970521445,-3.3820050007116962e-05,-4.0493714465865747e-07,-0.0033342281140084926
1514,0.085999999999999993,0.001,0.00075000000000000002,674.92890810084998,-1.3180572130040239e-05,-6.8266057045540626e-07,-0.0033350077219793848
1515,0.085999999999999993,0.001,0.001,700,8.0195412964087856e-06,-1.0141162823238535e-06,-0.0033357472697659405
1516,0.085999999999999993,0.002,0,600,-7.55074227980956e-05,-5.3840528112470746e-09,-0.0033318210201740595
1517,0.085999999999999993,0.002,0.00025000000000000001,624.95168233601157,-5.5067129060641954e-05,-1.418137145046545e-07,-0.0033326254700100011
1518,0.085999999999999993,0.002,0.00050000000000000001,649.92054614500069,-3.3678099013803211e-05,-2.9449935018854326e-07,-0.0033334830601116977
1519,0.085999999999999993,0.002,0.00075000000000000002,674.92439654297482,-1.3344786616400075e-05,-3.9640714969780239e-07,-0.0033342502115180079
1520,0.085999999999999993,0.002,0.001,700,8.2844742779086358e-06,-5.1573428840131009e-07,-0.0033349664588040598
1521,0.085999999999999993,0.0030000000000000005,0,600,-7.5515902878337698e-05,9.4992615509781554e-17,-0.0033315737537610375
1522,0.085999999999999993,0.0030000000000000005,0.00025000000000000001,624.95122663223265,-5.4994946144672289e-05,9.5340001198644107e-17,-0.0033323836873875661
1523,0.085999999999999993,0.0030000000000000005,0.00050000000000000001,649.92035958464021,-3.3606645416724476e-05,9.6328270443136002e-17,-0.0033332364548830794
1524,0.085999999999999993,0.0030000000000000005,0.00075000000000000002,674.92404103182128,-1.3219158644441608e-05,9.7373548297039798e-17,-0.0033340091817381573
1525,0.085999999999999993,0.0030000000000000005,0.001,700,8.2420396739634282e-06,9.7639852106454264e-17,-0.0033347029412244427
1526,0.085999999999999993,0.0040000000000000001,0,600,-7.5507422798099395e-05,5.3840530007650072e-09,-0.0033318210201740668
1527,0.085999999999999993,0.0040000000000000001,0.00025000000000000001,624.95168233601134,-5.5067129060645918e-05,1.4181371469694498e-07,-0.0033326254700100089
1528,0.085999999999999993,0.0040000000000000001,0.00050000000000000001,649.92054614500046,-3.3678099013806877e-05,2.9449935038244964e-07,-0.003333483060111705
1529,0.085999999999999993,0.0040000000000000001,0.00075000000000000002,674.9243965429747,-1.3344786616403296e-05,3.9640714989319224e-07,-0.0033342502115180158
1530,0.085999999999999993,0.0040000000000000001,0.001,700,8.2844742779059049e-06,5.1573428859931294e-07,-0.0033349664588040668
1531,0.085999999999999993,0.0050000000000000001,0,600,-7.5700209114764781e-05,-2.7590582710528588e-09,-0.0033325499757031235
1532,0.085999999999999993,0.0050000000000000001,0.00025000000000000001,624.9511214108586,-5.4979306845991084e-05,2.2024860050342411e-07,-0.0033333866070679747
1533,0.085999999999999993,0.0050000000000000001,0.00050000000000000001,649.9212970521445,-3.382005000712384e-05,4.0493714485213641e-07,-0.0033342281140085091
1534,0.085999999999999993,0.0050000000000000001,0.00075000000000000002,674.92890810084987,-1.3180572130048255e-05,6.8266057065138396e-07,-0.0033350077219794008
1535,0.085999999999999993,0.0050000000000000001,0.001,700,8.0195412964007337e-06,1.014116282521501e-06,-0.003335747269765957
1536,0.085999999999999993,0.006000000000000001,0,600,-7.5957333713415508e-05,-1.5961246644867778e-08,-0.0033337746407297209
1537,0.085999999999999993,0.006000000000000001,0.00025000000000000001,624.95517408178421,-5.4943628727654187e-05,4.2809519343870823e-07,-0.0033346419954854091
1538,0.085999999999999993,0.006000000000000001,0.00050000000000000001,649.92345026573787,-3.4163161938226641e-05,8.8160281737519537e-07,-0.0033354543537262122
1539,0.085999999999999993,0.006000000000000001,0.00075000000000000002,674.92877129867645,-1.3097163260754325e-05,1.2184770096571203e-06,-0.0033362659781594026
1540,0.085999999999999993,0.006000000000000001,0.001,700,7.6518431584289386e-06,1.4768751349642159e-06,-0.003337021520709086
1541,0.088000000000000009,0,0,600,-8.2939359783038485e-05,-1.1652467364203636e-08,-0.0035020382042615737
1542,0.088000000000000009,0,0.00025000000000000001,624.94972027427104,-6.1878243716079266e-05,-3.2195271048506764e-07,-0.0035029131370489758
1543,0.088000000000000009,0,0.00050000000000000001,649.92151872831425,-4.0573585108695909e-05,-6.2884268725470436e-07,-0.003503781336021992
1544,0.088000000000000009,0,0.00075000000000000002,674.93374682637909,-1.9564642190891154e-05,-1.037729307011099e-06,-0.0035045859735083557
1545,0.088000000000000009,0,0.001,700,1.752693996231367e-06,-1.515685427608292e-06,-0.0035053875955351373
1546,0.088000000000000009,0.001,0,600,-8.2986334804136422e-05,-2.2211588291457315e-09,-0.0035007756716161401
1547,0.088000000000000009,0.001,0.00025000000000000001,624.95328541326887,-6.1644301509834699e-05,-2.7653011113176586e-07,-0.003501679122995616
1548,0.088000000000000009,0.001,0.00050000000000000001,649.92357988229821,-4.0738099324601314e-05,-5.830828902661142e-07,-0.0035025123918733438
1549,0.088000000000000009,0.001,0.00075000000000000002,674.93359999275958,-1.9299317819367374e-05,-8.0751505552124637e-07,-0.003503351478389555
1550,0.088000000000000009,0.001,0.001,700,1.607945818080487e-06,-9.8860966409104679e-07,-0.0035041646509989728
1551,0.088000000000000009,0.002,0,600,-8.30537926889594e-05,4.7557375199147575e-09,-0.0035000125644827321
1552,0.088000000000000009,0.002,0.00025000000000000001,624.95274134283466,-6.1414998617664477e-05,-1.0886313879077854e-07,-0.0035009487873500509
1553,0.088000000000000009,0.002,0.00050000000000000001,649.92445949062699,-4.072396941115581e-05,-2.0846418759811542e-07,-0.0035017636590898428
1554,0.088000000000000009,0.002,0.00075000000000000002,674.93774772005042,-1.8997966842387883e-05,-3.5600498393288697e-07,-0.0035026156604031234
1555,0.088000000000000009,0.002,0.001,700,1.4844621928285465e-06,-4.8385528984968792e-07,-0.0035034463985336422
1556,0.088000000000000009,0.0030000000000000005,0,600,-8.3003286231305616e-05,9.7856261049549714e-17,-0.0034997630356093149
1557,0.088000000000000009,0.0030000000000000005,0.00025000000000000001,624.9531731437296,-6.1458698484980921e-05,9.9637879440500221e-17,-0.0035006919353527712
1558,0.088000000000000009,0.0030000000000000005,0.00050000000000000001,649.92471947732258,-4.0779985069205612e-05,1.0008484530552174e-16,-0.0035015093114525069
1559,0.088000000000000009,0.0030000000000000005,0.00075000000000000002,674.93825174466679,-1.9095288174687197e-05,1.0027631268217638e-16,-0.0035023563834958291
1560,0.088000000000000009,0.0030000000000000005,0.001,700,1.5590668075377156e-06,1.0238811447863733e-16,-0.0035032121553421605
1561,0.088000000000000009,0.0040000000000000001,0,600,-8.3053792688962327e-05,-4.7557373239770621e-09,-0.0035000125644827382
1562,0.088000000000000009,0.0040000000000000001,0.00025000000000000001,624.95274134283466,-6.1414998617667161e-05,1.088631389866336e-07,-0.0035009487873500578
1563,0.088000000000000009,0.0040000000000000001,0.00050000000000000001,649.92445949062699,-4.0723969411158832e-05,2.0846418779668724e-07,-0.003501763659089851
1564,0.088000000000000009,0.0040000000000000001,0.00075000000000000002,674.9377477200502,-1.8997966842391593e-05,3.5600498413463391e-07,-0.0035026156604031303
1565,0.088000000000000009,0.0040000000000000001,0.001,700,1.4844621928245993e-06,4.8385529005125392e-07,-0.0035034463985336496
1566,0.088000000000000009,0.0050000000000000001,0,600,-8.2986334804142778e-05,2.2211590235907563e-09,-0.0035007756716161562
1567,0.088000000000000009,0.0050000000000000001,0.00025000000000000001,624.95328541326876,-6.164430150984256e-05,2.765301113307186e-07,-0.0035016791229956316
1568,0.088000000000000009,0.0050000000000000001,0.00050000000000000001,649.92357988229821,-4.073809932460889e-05,5.830828904664538e-07,-0.0035025123918733586
1569,0.088000000000000009,0.0050000000000000001,0.00075000000000000002,674.93359999275958,-1.9299317819373462e-05,8.0751505572230065e-07,-0.003503351478389571
1570,0.088000000000000009,0.0050000000000000001,0.001,700,1.6079458180739768e-06,9.8860966429546951e-07,-0.0035041646509989871
1571,0.088000000000000009,0.006000000000000001,0,600,-8.2939359783051197e-05,1.1652467560516157e-08,-0.0035020382042615945
1572,0.088000000000000009,0.006000000000000001,0.00025000000000000001,624.94972027427104,-6.1878243716088617e-05,3.2195271068000549e-07,-0.0035029131370489974
1573,0.088000000000000009,0.006000000000000001,0.00050000000000000001,649.92151872831414,-4.0573585108706304e-05,6.288426874514069e-07,-0.003503781336022015
1574,0.088000000000000009,0.006000000000000001,0.00075000000000000002,674.93374682637909,-1.9564642190903856e-05,1.0377293072112601e-06,-0.0035045859735083791
1575,0.088000000000000009,0.006000000000000001,0.001,700,1.7526939962198338e-06,1.5156854278100777e-06,-0.0035053875955351633
1576,0.089999999999999997,0,0,600,-9.0311711487847475e-05,1.2405374768766518e-08,-0.0036722920062585906
1577,0.089999999999999997,0,0.00025000000000000001,624.95448357503756,-6.8812210952940247e-05,-4.2200852565784237e-07,-0.0036732016567216537
1578,0.089999999999999997,0,0.00050000000000000001,649.92300161424816,-4.755476590147012e-05,-8.5638496384147265e-07,-0.0036740554732508359
1579,0.089999999999999997,0,0.00075000000000000002,674.92886827142149,-2.5982527924937906e-05,-1.2010422013313791e-06,-0.0036749117004703457
1580,0.089999999999999997,0,0.001,700,-4.7026471587369473e-06,-1.4834431888658293e-06,-0.00367570560334819
1581,0.089999999999999997,0.001,0,600,-9.0051084479263966e-05,4.3493157396058324e-09,-0.003671064378330847
1582,0.089999999999999997,0.001,0.00025000000000000001,624.95137854941618,-6.8821897637494104e-05,-2.2343236361352577e-07,-0.0036719457971247198
1583,0.089999999999999997,0.001,0.00050000000000000001,649.92111833682213,-4.714959501616992e-05,-4.2329553869090407e-07,-0.0036728379970589193
1584,0.089999999999999997,0.001,0.00075000000000000002,674.92905651182195,-2.6010222454381349e-05,-6.9683937137097611e-07,-0.0036736579336599543
1585,0.089999999999999997,0.001,0.001,700,-4.3543173907385989e-06,-1.0059565789352375e-06,-0.0036744438573878507
1586,0.089999999999999997,0.002,0,600,-8.985516648856359e-05,-3.5759187199093587e-09,-0.003670331408647354
1587,0.089999999999999997,0.002,0.00025000000000000001,624.95190624205213,-6.8937600904403379e-05,-1.3940244114353733e-07,-0.0036711795942994617
1588,0.089999999999999997,0.002,0.00050000000000000001,649.92009020968578,-4.7063517061465875e-05,-2.8782811782760053e-07,-0.0036720923828296986
1589,0.089999999999999997,0.002,0.00075000000000000002,674.92517797436915,-2.6194263435212284e-05,-3.9076020460751314e-07,-0.0036728987300227731
1590,0.089999999999999997,0.002,0.001,700,-4.1163579216031758e-06,-5.1488684995091103e-07,-0.0036736711612912754
1591,0.089999999999999997,0.0030000000000000005,0,600,-8.9862891865613305e-05,1.0118741149394483e-16,-0.0036700829549132187
1592,0.089999999999999997,0.0030000000000000005,0.00025000000000000001,624.95150609704172,-6.8838957471759315e-05,1.0138598423655756e-16,-0.0036709394278463627
1593,0.089999999999999997,0.0030000000000000005,0.00050000000000000001,649.9198460710594,-4.6940863835861615e-05,1.0236916513221451e-16,-0.0036718508250448961
1594,0.089999999999999997,0.0030000000000000005,0.00075000000000000002,674.92459443146686,-2.6041639280883611e-05,1.0366364487023862e-16,-0.0036726618139145098
1595,0.089999999999999997,0.0030000000000000005,0.001,700,-4.1400318677486889e-06,1.0433619806398392e-16,-0.0036734076494010803
1596,0.089999999999999997,0.0040000000000000001,0,600,-8.9855166488568198e-05,3.5759189215911997e-09,-0.0036703314086473614
1597,0.089999999999999997,0.0040000000000000001,0.00025000000000000001,624.95190624205225,-6.8937600904408312e-05,1.3940244134845949e-07,-0.00367117959429947
1598,0.089999999999999997,0.0040000000000000001,0.00050000000000000001,649.9200902096859,-4.7063517061470591e-05,2.8782811803434963e-07,-0.0036720923828297072
1599,0.089999999999999997,0.0040000000000000001,0.00075000000000000002,674.92517797436926,-2.6194263435215814e-05,3.9076020481553712e-07,-0.0036728987300227805
1600,0.089999999999999997,0.0040000000000000001,0.001,700,-4.1163579216064352e-06,5.148868501612849e-07,-0.003673671161291284
1601,0.089999999999999997,0.0050000000000000001,0,600,-9.0051084479272924e-05,-4.3493155368616251e-09,-0.003671064378330864
1602,0.089999999999999997,0.0050000000000000001,0.00025000000000000001,624.95137854941618,-6.8821897637500894e-05,2.2343236381687461e-07,-0.003671945797124735
1603,0.089999999999999997,0.0050000000000000001,0.00050000000000000001,649.92111833682202,-4.714959501617696e-05,4.2329553889622047e-07,-0.0036728379970589354
1604,0.089999999999999997,0.0050000000000000001,0.00075000000000000002,674.92905651182218,-2.6010222454390347e-05,6.9683937157866287e-07,-0.0036736579336599695
1605,0.089999999999999997,0.0050000000000000001,0.001,700,-4.3543173907468219e-06,1.005956579143843e-06,-0.0036744438573878659
1606,0.089999999999999997,0.006000000000000001,0,600,-9.0311711487858467e-05,-1.2405374565727285e-08,-0.0036722920062586132
1607,0.089999999999999997,0.006000000000000001,0.00025000000000000001,624.95448357503722,-6.8812210952954924e-05,4.2200852586319211e-07,-0.0036732016567216767
1608,0.089999999999999997,0.006000000000000001,0.00050000000000000001,649.92300161424805,-4.7554765901483781e-05,8.5638496404838205e-07,-0.0036740554732508581
1609,0.089999999999999997,0.006000000000000001,0.00075000000000000002,674.92886827142161,-2.5982527924948958e-05,1.2010422015388128e-06,-0.0036749117004703678
1610,0.089999999999999997,0.006000000000000001,0.001,700,-4.7026471587497985e-06,1.4834431890758123e-06,-0.0036757056033482126
1611,0.092000000000000012,0,0,600,-9.7632301090302636e-05,-8.8625754283243417e-09,-0.003844541171449915
1612,0.092000000000000012,0,0.00025000000000000001,624.95026764684565,-7.6062045934100983e-05,-3.266313890714239e-07,-0.0038454589397740658
1613,0.092000000000000012,0,0.00050000000000000001,649.92188243327519,-5.4241258788339734e-05,-6.4865642480203807e-07,-0.003846370741554334
1614,0.092000000000000012,0,0.00075000000000000002,674.93366307030806,-3.2742737534034699e-05,-1.0513248463383292e-06,-0.0038472163015773461
1615,0.092000000000000012,0,0.001,700,-1.0954386809001074e-05,-1.5102128454403441e-06,-0.0038480638628231268
1616,0.092000000000000012,0.001,0,600,-9.7679302385208437e-05,-3.1283703032937018e-09,-0.0038432807487259928
1617,0.092000000000000012,0.001,0.00025000000000000001,624.9530500073829,-7.5848484011500255e-05,-2.7414413141984834e-07,-0.0038442254304444337
1618,0.092000000000000012,0.001,0.00050000000000000001,649.923685329813,-5.4456964863957837e-05,-5.6881421913247169e-07,-0.0038450948160479227
1619,0.092000000000000012,0.001,0.00075000000000000002,674.93348583694831,-3.2522077038373908e-05,-7.9619280523816718e-07,-0.0038459780312982829
1620,0.092000000000000012,0.001,0.001,700,-1.1080907178137375e-05,-9.9468342895853108e-07,-0.0038468309764166618
1621,0.092000000000000012,0.002,0,600,-9.7746700291306398e-05,3.3375604565271188e-09,-0.0038425205195118314
1622,0.092000000000000012,0.002,0.00025000000000000001,624.95252330530116,-7.5590551431874162e-05,-1.107964620952557e-07,-0.0038434996844803841
1623,0.092000000000000012,0.002,0.00050000000000000001,649.92474834005282,-5.4387961440891113e-05,-2.1387207837139739e-07,-0.0038443477504804002
1624,0.092000000000000012,0.002,0.00075000000000000002,674.93710840649612,-3.2198618942442945e-05,-3.6046323171544125e-07,-0.0038452442934541146
1625,0.092000000000000012,0.002,0.001,700,-1.1178246700180524e-05,-4.8454434399419063e-07,-0.0038461065323809837
1626,0.092000000000000012,0.0030000000000000005,0,600,-9.769650344540595e-05,1.0405827405531054e-16,-0.0038422721643677446
1627,0.092000000000000012,0.0030000000000000005,0.00025000000000000001,624.95289773833201,-7.5657809335739104e-05,1.0515834574119336e-16,-0.0038432413675437561
1628,0.092000000000000012,0.0030000000000000005,0.00050000000000000001,649.9250470264235,-5.4490298420894904e-05,1.0574371801896846e-16,-0.0038440888044095657
1629,0.092000000000000012,0.0030000000000000005,0.00075000000000000002,674.9377885416917,-3.2320590739617287e-05,1.0652246687220788e-16,-0.0038449813973698843
1630,0.092000000000000012,0.0030000000000000005,0.001,700,-1.1118508138769202e-05,1.0797860299529427e-16,-0.0038458721014861781
1631,0.092000000000000012,0.0040000000000000001,0,600,-9.7746700291309542e-05,-3.3375602480835155e-09,-0.0038425205195118392
1632,0.092000000000000012,0.0040000000000000001,0.00025000000000000001,624.95252330530104,-7.5590551431876831e-05,1.107964623051873e-07,-0.003843499684480391
1633,0.092000000000000012,0.0040000000000000001,0.00050000000000000001,649.92474834005282,-5.4387961440894108e-05,2.138720785837014e-07,-0.0038443477504804075
1634,0.092000000000000012,0.0040000000000000001,0.00075000000000000002,674.93710840649601,-3.2198618942447322e-05,3.604632319298056e-07,-0.0038452442934541215
1635,0.092000000000000012,0.0040000000000000001,0.001,700,-1.1178246700185374e-05,4.8454434420962795e-07,-0.0038461065323809923
1636,0.092000000000000012,0.0050000000000000001,0,600,-9.7679302385214793e-05,3.1283705117655219e-09,-0.0038432807487260084
1637,0.092000000000000012,0.0050000000000000001,0.00025000000000000001,624.9530500073829,-7.5848484011509104e-05,2.7414413163124225e-07,-0.0038442254304444489
1638,0.092000000000000012,0.0050000000000000001,0.00050000000000000001,649.923685329813,-5.4456964863966585e-05,5.6881421934521609e-07,-0.003845094816047937
1639,0.092000000000000012,0.0050000000000000001,0.00075000000000000002,674.93348583694819,-3.2522077038380542e-05,7.9619280545219441e-07,-0.0038459780312982981
1640,0.092000000000000012,0.0050000000000000001,0.001,700,-1.1080907178145007e-05,9.9468342917499098e-07,-0.0038468309764166765
1641,0.092000000000000012,0.006000000000000001,0,600,-9.763230109031444e-05,8.8625756390328052e-09,-0.0038445411714499349
1642,0.092000000000000012,0.006000000000000001,0.00025000000000000001,624.95026764684565,-7.6062045934109006e-05,3.2663138928184912e-07,-0.0038454589397740875
1643,0.092000000000000012,0.006000000000000001,0.00050000000000000001,649.92188243327507,-5.4241258788348808e-05,6.4865642501421272e-07,-0.0038463707415543565
1644,0.092000000000000012,0.006000000000000001,0.00075000000000000002,674.93366307030806,-3.2742737534047018e-05,1.0513248465532945e-06,-0.0038472163015773686
1645,0.092000000000000012,0.006000000000000001,0.001,700,-1.0954386809011691e-05,1.5102128456560104e-06,-0.0038480638628231485
1646,0.094,0,0,600,-0.00010535135409025641,1.0260583923529063e-08,-0.0040187744850571369
1647,0.094,0,0.00025000000000000001,624.95405103133203,-8.3364949159056402e-05,-4.186755268255333e-07,-0.0040197271918700457
1648,0.094,0,0.00050000000000000001,649.92271846241795,-6.1626311655355449e-05,-8.4140244564939822e-07,-0.0040206232168246807
1649,0.094,0,0.00075000000000000002,674.92893654982117,-3.9547338025326445e-05,-1.1907404348361556e-06,-0.0040215243588246656
1650,0.094,0,0.001,700,-1.7747022669231033e-05,-1.4878231790359348e-06,-0.0040223590395642057
1651,0.094,0.001,0,600,-0.00010508510809864848,4.7246494514469896e-09,-0.0040175462031711079
1652,0.094,0.001,0.00025000000000000001,624.95159239877137,-8.3349488572028962e-05,-2.2512521513936001e-07,-0.004018471815305449
1653,0.094,0.001,0.00050000000000000001,649.92106130248374,-6.116784241816709e-05,-4.3404808161576354e-07,-0.0040194125804766693
1654,0.094,0.001,0.00075000000000000002,674.92913336158995,-3.952964975740941e-05,-7.0558692050187862e-07,-0.004020274735426585
1655,0.094,0.001,0.001,700,-1.7407490841242018e-05,-1.001403278686104e-06,-0.0040211059061371077
1656,0.094,0.002,0,600,-0.00010488646342702931,-2.5066946985127458e-09,-0.0040168118398649323
1657,0.094,0.002,0.00025000000000000001,624.95208423549582,-8.3489236122206029e-05,-1.3793513398964061e-07,-0.0040177020716776739
1658,0.094,0.002,0.00050000000000000001,649.91990142329905,-6.1131698767184951e-05,-2.8359172146949359e-07,-0.0040186649658177928
1659,0.094,0.002,0.00075000000000000002,674.92569463646055,-3.9733202882762518e-05,-3.873140764739232e-07,-0.0040195135951921939
1660,0.094,0.002,0.001,700,-1.7189177677050245e-05,-5.1436476869656876e-07,-0.0040203382042957037
1661,0.094,0.0030000000000000005,0,600,-0.00010489258798344897,1.0699099208428372e-16,-0.004016562530874815
1662,0.094,0.0030000000000000005,0.00025000000000000001,624.95175864514908,-8.3367183340984135e-05,1.0874990790945239e-16,-0.0040174635576288569
1663,0.094,0.0030000000000000005,0.00050000000000000001,649.91964603614463,-6.0963237219103849e-05,1.0939496949919823e-16,-0.0040184279152746336
1664,0.094,0.0030000000000000005,0.00075000000000000002,674.92495427440258,-3.9554917092040283e-05,1.0964934435425039e-16,-0.0040192802052714666
1665,0.094,0.0030000000000000005,0.001,700,-1.7199918825730713e-05,1.1084904118246268e-16,-0.0040200750501241988
1666,0.094,0.0040000000000000001,0,600,-0.00010488646342703289,2.5066949150108632e-09,-0.0040168118398649392
1667,0.094,0.0040000000000000001,0.00025000000000000001,624.95208423549582,-8.348923612221038e-05,1.3793513420552482e-07,-0.0040177020716776809
1668,0.094,0.0040000000000000001,0.00050000000000000001,649.91990142329882,-6.1131698767189383e-05,2.8359172168724501e-07,-0.0040186649658177998
1669,0.094,0.0040000000000000001,0.00075000000000000002,674.92569463646043,-3.9733202882765364e-05,3.8731407669476364e-07,-0.0040195135951921999
1670,0.094,0.0040000000000000001,0.001,700,-1.7189177677052827e-05,5.1436476891800488e-07,-0.0040203382042957097
1671,0.094,0.0050000000000000001,0,600,-0.00010508510809865592,-4.7246492374056267e-09,-0.0040175462031711209
1672,0.094,0.0050000000000000001,0.00025000000000000001,624.95159239877125,-8.3349488572034451e-05,2.2512521535665642e-07,-0.0040184718153054629
1673,0.094,0.0050000000000000001,0.00050000000000000001,649.92106130248374,-6.1167842418172796e-05,4.340480818346484e-07,-0.0040194125804766841
1674,0.094,0.0050000000000000001,0.00075000000000000002,674.92913336158983,-3.9529649757417813e-05,7.0558692072136741e-07,-0.004020274735426598
1675,0.094,0.0050000000000000001,0.001,700,-1.7407490841249601e-05,1.001403278908285e-06,-0.0040211059061371207
1676,0.094,0.006000000000000001,0,600,-0.0001053513540902656,-1.0260583708475426e-08,-0.0040187744850571586
1677,0.094,0.006000000000000001,0.00025000000000000001,624.95405103133214,-8.336494915906967e-05,4.1867552704119694e-07,-0.0040197271918700657
1678,0.094,0.006000000000000001,0.00050000000000000001,649.92271846241806,-6.1626311655368202e-05,8.4140244586723053e-07,-0.0040206232168247006
1679,0.094,0.006000000000000001,0.00075000000000000002,674.92893654982117,-3.9547338025335803e-05,1.1907404350560381e-06,-0.0040215243588246864
1680,0.094,0.006000000000000001,0.001,700,-1.7747022669242271e-05,1.4878231792568997e-06,-0.0040223590395642274
1681,0.096000000000000016,0,0,600,-0.00011301733310132867,-7.5371949383301078e-09,-0.0041950073725348725
1682,0.096000000000000016,0,0.00025000000000000001,624.95063455166633,-9.0938713312226983e-05,-3.2893415647590478e-07,-0.004195969362720005
1683,0.096000000000000016,0,0.00050000000000000001,649.92208913157708,-6.8604175813097244e-05,-6.5954493342431929e-07,-0.0041969264143125349
1684,0.096000000000000016,0,0.00075000000000000002,674.93359112769144,-4.6617361136069079e-05,-1.0588746744725851e-06,-0.0041978141165797608
1685,0.096000000000000016,0,0.001,700,-2.4350128997729222e-05,-1.5068054617999469e-06,-0.0041987074765433563
1686,0.096000000000000016,0.001,0,600,-0.00011306478139787369,-3.3301383220610853e-09,-0.0041937474778908114
1687,0.096000000000000016,0.001,0.00025000000000000001,624.95281499181795,-9.0745344977469875e-05,-2.7324261026240744e-07,-0.0041947354341206602
1688,0.096000000000000016,0.001,0.00050000000000000001,649.92370515999721,-6.8867746904589138e-05,-5.6121598040911127e-07,-0.0041956443466059029
1689,0.096000000000000016,0.001,0.00075000000000000002,674.93347626779359,-4.643433552617173e-05,-7.8982529734940068e-07,-0.0041965723886757357
1690,0.096000000000000016,0.001,0.001,700,-2.4465844534384178e-05,-9.9814722078020205e-07,-0.0041974683295723913
1691,0.096000000000000016,0.002,0,600,-0.00011313173323742421,2.4347749782013058e-09,-0.0041929880552318494
1692,0.096000000000000016,0.002,0.00025000000000000001,624.95242475813893,-9.0461252914182558e-05,-1.1191400486777817e-07,-0.0041940129632527211
1693,0.096000000000000016,0.002,0.00050000000000000001,649.9249015165758,-6.8745726025527614e-05,-2.1709800685913665e-07,-0.0041949001681737394
1694,0.096000000000000016,0.002,0.00075000000000000002,674.93668235153723,-4.6086922958034603e-05,-3.6307336415275721e-07,-0.0041958410905526336
1695,0.096000000000000016,0.002,0.001,700,-2.454385361101494e-05,-4.8488418149231155e-07,-0.0041967405880491025
1696,0.096000000000000016,0.0030000000000000005,0,600,-0.0001130821386683623,1.1080911867442819e-16,-0.0041927404471600064
1697,0.096000000000000016,0.0030000000000000005,0.00025000000000000001,624.95263423478411,-9.0550480914841782e-05,1.105754173633614e-16,-0.0041937529235507283
1698,0.096000000000000016,0.0030000000000000005,0.00050000000000000001,649.92515707907557,-6.8893549397303712e-05,1.1171832371078787e-16,-0.004194636888247243
1699,0.096000000000000016,0.0030000000000000005,0.00075000000000000002,674.93757475900816,-4.623483298425772e-05,1.1340399574045147e-16,-0.0041955748073794208
1700,0.096000000000000016,0.0030000000000000005,0.001,700,-2.4493022889787936e-05,1.1410725936205e-16,-0.0041965059820868698
1701,0.096000000000000016,0.0040000000000000001,0,600,-0.00011313173323742803,-2.4347747567504052e-09,-0.0041929880552318546
1702,0.096000000000000016,0.0040000000000000001,0.00025000000000000001,624.95242475813905,-9.0461252914185607e-05,1.1191400509276547e-07,-0.0041940129632527271
1703,0.096000000000000016,0.0040000000000000001,0.00050000000000000001,649.9249015165758,-6.8745726025530406e-05,2.1709800708478924e-07,-0.0041949001681737454
1704,0.096000000000000016,0.0040000000000000001,0.00075000000000000002,674.93668235153712,-4.608692295803915e-05,3.6307336437786225e-07,-0.0041958410905526397
1705,0.096000000000000016,0.0040000000000000001,0.001,700,-2.4543853611019768e-05,4.8488418171959738e-07,-0.0041967405880491094
1706,0.096000000000000016,0.0050000000000000001,0,600,-0.00011306478139788004,3.3301385433745738e-09,-0.0041937474778908235
1707,0.096000000000000016,0.0050000000000000001,0.00025000000000000001,624.95281499181795,-9.0745344977478617e-05,2.732426104837057e-07,-0.0041947354341206724
1708,0.096000000000000016,0.0050000000000000001,0.00050000000000000001,649.92370515999721,-6.8867746904598001e-05,5.6121598063277307e-07,-0.004195644346605916
1709,0.096000000000000016,0.0050000000000000001,0.00075000000000000002,674.93347626779359,-4.6434335526178215e-05,7.8982529757643505e-07,-0.0041965723886757487
1710,0.096000000000000016,0.0050000000000000001,0.001,700,-2.4465844534391561e-05,9.9814722100791013e-07,-0.0041974683295724043
1711,0.096000000000000016,0.006000000000000001,0,600,-0.00011301733310134145,7.5371951586424493e-09,-0.0041950073725348933
1712,0.096000000000000016,0.006000000000000001,0.00025000000000000001,624.95063455166644,-9.0938713312235466e-05,3.2893415670010064e-07,-0.0041959693627200258
1713,0.096000000000000016,0.006000000000000001,0.00050000000000000001,649.92208913157708,-6.8604175813106338e-05,6.5954493364926911e-07,-0.004196926414312554
1714,0.096000000000000016,0.006000000000000001,0.00075000000000000002,674.93359112769122,-4.6617361136082191e-05,1.0588746746979183e-06,-0.0041978141165797799
1715,0.096000000000000016,0.006000000000000001,0.001,700,-2.4350128997741087e-05,1.5068054620279142e-06,-0.0041987074765433762
1716,0.098000000000000004,0,0,600,-0.00012109122038635716,8.9157268899977776e-09,-0.0043732208604155857
1717,0.098000000000000004,0,0.00025000000000000001,624.95358704370949,-9.8617633359694641e-05,-4.1795115694389944e-07,-0.004374217165322822
1718,0.098000000000000004,0,0.00050000000000000001,649.92256013084545,-7.6397278250575257e-05,-8.345990122158451e-07,-0.0043751556696962129
1719,0.098000000000000004,0,0.00075000000000000002,674.92909503247608,-5.3810025429588449e-05,-1.1860912162098864e-06,-0.0043761032428382722
1720,0.098000000000000004,0,0.001,700,-3.1495299429354056e-05,-1.4911239194006913e-06,-0.0043769807588183336
1721,0.098000000000000004,0.001,0,600,-0.00012082045713993222,4.0953434571613094e-09,-0.0043719930813997587
1722,0.098000000000000004,0.001,0.00025000000000000001,624.95202465358079,-9.8576868133516083e-05,-2.2599924551177207e-07,-0.0043729632882431096
1723,0.098000000000000004,0.001,0.00050000000000000001,649.92108986700089,-7.5884377919986775e-05,-4.3956437468589428e-07,-0.0043739519708760862
1724,0.098000000000000004,0.001,0.00075000000000000002,674.92894754999202,-5.3751152542835806e-05,-7.1043662873189216e-07,-0.0043748572334956709
1725,0.098000000000000004,0.001,0.001,700,-3.1159813248602274e-05,-9.9924099584991588e-07,-0.0043757322263884568
1726,0.098000000000000004,0.002,0,600,-0.00012061983461512439,-2.2308391197995526e-09,-0.0043712589670710927
1727,0.098000000000000004,0.002,0.00025000000000000001,624.95197802715256,-9.873999372490353e-05,-1.3763638425448119e-07,-0.0043721909528590163
1728,0.098000000000000004,0.002,0.00050000000000000001,649.91968125470771,-7.5900681391369111e-05,-2.81737176286209e-07,-0.0043732012416779617
1729,0.098000000000000004,0.002,0.00075000000000000002,674.92614070970762,-5.3978416445810417e-05,-3.8584350801138633e-07,-0.0043740939709108022
1730,0.098000000000000004,0.002,0.001,700,-3.0954978003273576e-05,-5.1463958941826746e-07,-0.0043749671000617848
1731,0.098000000000000004,0.0030000000000000005,0,600,-0.00012062478878256828,1.1383762449362996e-16,-0.0043710091656973624
1732,0.098000000000000004,0.0030000000000000005,0.00025000000000000001,624.95221198372803,-9.8594940514688332e-05,1.1583100108844579e-16,-0.0043719545860844682
1733,0.098000000000000004,0.0030000000000000005,0.00050000000000000001,649.91961861509367,-7.5683162486038459e-05,1.1597031261730377e-16,-0.0043729687412497756
1734,0.098000000000000004,0.0030000000000000005,0.00075000000000000002,674.92487574174504,-5.3770880620545582e-05,1.1536877821223013e-16,-0.0043738641209455425
1735,0.098000000000000004,0.0030000000000000005,0.001,700,-3.0959038969025326e-05,1.1644829174143812e-16,-0.0043747039753905988
1736,0.098000000000000004,0.0040000000000000001,0,600,-0.00012061983461512788,2.2308393488433359e-09,-0.0043712589670710988
1737,0.098000000000000004,0.0040000000000000001,0.00025000000000000001,624.95197802715268,-9.8739993724907921e-05,1.3763638448199295e-07,-0.0043721909528590215
1738,0.098000000000000004,0.0040000000000000001,0.00050000000000000001,649.91968125470783,-7.5900681391373882e-05,2.8173717651634864e-07,-0.0043732012416779677
1739,0.098000000000000004,0.0040000000000000001,0.00075000000000000002,674.92614070970762,-5.3978416445813629e-05,3.8584350824589275e-07,-0.0043740939709108083
1740,0.098000000000000004,0.0040000000000000001,0.001,700,-3.0954978003276863e-05,5.1463958965279723e-07,-0.00437496710006179
1741,0.098000000000000004,0.0050000000000000001,0,600,-0.00012082045713994168,-4.0953432310965017e-09,-0.0043719930813997726
1742,0.098000000000000004,0.0050000000000000001,0.00025000000000000001,624.95202465358068,-9.8576868133522764e-05,2.2599924574301545e-07,-0.0043729632882431235
1743,0.098000000000000004,0.0050000000000000001,0.00050000000000000001,649.92108986700077,-7.5884377919993159e-05,4.3956437491808274e-07,-0.0043739519708760975
1744,0.098000000000000004,0.0050000000000000001,0.00075000000000000002,674.9289475499919,-5.3751152542844649e-05,7.1043662896291033e-07,-0.0043748572334956831
1745,0.098000000000000004,0.0050000000000000001,0.001,700,-3.1159813248610365e-05,9.9924099608426597e-07,-0.0043757322263884698
1746,0.098000000000000004,0.006000000000000001,0,600,-0.0001210912203863668,-8.915726661300116e-09,-0.0043732208604156057
1747,0.098000000000000004,0.006000000000000001,0.00025000000000000001,624.9535870437096,-9.8617633359708763e-05,4.1795115717029457e-07,-0.0043742171653228402
1748,0.098000000000000004,0.006000000000000001,0.00050000000000000001,649.92256013084523,-7.6397278250588905e-05,8.3459901244480531e-07,-0.0043751556696962329
1749,0.098000000000000004,0.006000000000000001,0.00075000000000000002,674.92909503247586,-5.3810025429598126e-05,1.1860912164435707e-06,-0.0043761032428382913
1750,0.098000000000000004,0.006000000000000001,0.001,700,-3.1495299429365196e-05,1.4911239196344224e-06,-0.0043769807588183527
1751,0.10000000000000001,0,0,600,-0.00012910978729784478,-5.9162281726241514e-09,-0.0045534367268901931
1752,0.10000000000000001,0,0.00025000000000000001,624.95182146584807,-0.00010652275786941312,-3.2769950196076209e-07,-0.0045544448979928202
1753,0.10000000000000001,0,0.00050000000000000001,649.92229319363764,-8.3673486685499501e-05,-6.6270622831382461e-07,-0.0045554490816058398
1754,0.10000000000000001,0,0.00075000000000000002,674.93296828633095,-6.1199916922414699e-05,-1.0611536524878555e-06,-0.0045563779467582069
1755,0.10000000000000001,0,0.001,700,-3.8449266265248088e-05,-1.5022841322650686e-06,-0.0045573164851264629
1756,0.10000000000000001,0.001,0,600,-0.00012915668364155898,-1.6943327286780732e-09,-0.0045521767182400766
1757,0.10000000000000001,0.001,0.00025000000000000001,624.95149276573636,-0.00010635142764094086,-2.7245677525982338e-07,-0.0045532088087555942
1758,0.10000000000000001,0.001,0.00050000000000000001,649.92356377887847,-8.3991330510639096e-05,-5.5753591506963988e-07,-0.0045541588332950423
1759,0.10000000000000001,0.001,0.00075000000000000002,674.93437274073801,-6.1054589589387757e-05,-7.862829883316636e-07,-0.0045551337905365558
1760,0.10000000000000001,0.001,0.001,700,-3.8558702676878251e-05,-1.0000453172094637e-06,-0.00455607708303718
1761,0.10000000000000001,0.002,0,600,-0.00012922357820055423,2.640886100485794e-09,-0.0045514157519443432
1762,0.10000000000000001,0.002,0.00025000000000000001,624.9532322923302,-0.00010604171119934471,-1.1140488636775821e-07,-0.0045524887998033038
1763,0.10000000000000001,0.002,0.00050000000000000001,649.92540746584143,-8.3811601546831757e-05,-2.178085242904934e-07,-0.0045534188449547312
1764,0.10000000000000001,0.002,0.00075000000000000002,674.93571630889471,-6.0678956006974651e-05,-3.6389367495536597e-07,-0.0045544034993799977
1765,0.10000000000000001,0.002,0.001,700,-3.862511708996708e-05,-4.8421946964649341e-07,-0.0045553453210874333
1766,0.10000000000000001,0.0030000000000000005,0,600,-0.00012917438506151926,1.1832807724816793e-16,-0.0045511692702858699
1767,0.10000000000000001,0.0030000000000000005,0.00025000000000000001,624.95124816318662,-0.00010615449577938532,1.1694087997400045e-16,-0.0045522260364402193
1768,0.10000000000000001,0.0030000000000000005,0.00050000000000000001,649.92502253887619,-8.4012814143400694e-05,1.1785093262884501e-16,-0.0045531498382243452
1769,0.10000000000000001,0.0030000000000000005,0.00075000000000000002,674.93847370332958,-6.0859613926627357e-05,1.1998096088424351e-16,-0.0045541338286122857
1770,0.10000000000000001,0.0030000000000000005,0.001,700,-3.8578098130777452e-05,1.2032595916155851e-16,-0.0045551122627137501
1771,0.10000000000000001,0.0040000000000000001,0,600,-0.00012922357820055802,-2.6408858686208872e-09,-0.0045514157519443476
1772,0.10000000000000001,0.0040000000000000001,0.00025000000000000001,624.95323229232997,-0.00010604171119934786,1.1140488660550626e-07,-0.0045524887998033099
1773,0.10000000000000001,0.0040000000000000001,0.00050000000000000001,649.92540746584166,-8.3811601546834413e-05,2.1780852452942318e-07,-0.0045534188449547382
1774,0.10000000000000001,0.0040000000000000001,0.00075000000000000002,674.93571630889483,-6.0678956006978663e-05,3.6389367519326089e-07,-0.0045544034993800038
1775,0.10000000000000001,0.0040000000000000001,0.001,700,-3.8625117089970468e-05,4.8421946988790066e-07,-0.0045553453210874411
1776,0.10000000000000001,0.0050000000000000001,0,600,-0.00012915668364156462,1.6943329643182586e-09,-0.0045521767182400905
1777,0.10000000000000001,0.0050000000000000001,0.00025000000000000001,624.95149276573682,-0.00010635142764094941,2.7245677549407008e-07,-0.0045532088087556054
1778,0.10000000000000001,0.0050000000000000001,0.00050000000000000001,649.92356377887882,-8.3991330510648312e-05,5.5753591530652302e-07,-0.0045541588332950545
1779,0.10000000000000001,0.0050000000000000001,0.00075000000000000002,674.93437274073835,-6.1054589589394588e-05,7.8628298857334952e-07,-0.0045551337905365688
1780,0.10000000000000001,0.0050000000000000001,0.001,700,-3.855870267688561e-05,1.0000453174513988e-06,-0.0045560770830371938
1781,0.10000000000000001,0.006000000000000001,0,600,-0.00012910978729785915,5.9162284065732956e-09,-0.0045534367268902113
1782,0.10000000000000001,0.006000000000000001,0.00025000000000000001,624.95182146584818,-0.00010652275786942338,3.2769950219962798e-07,-0.0045544448979928402
1783,0.10000000000000001,0.006000000000000001,0.00050000000000000001,649.9222931936381,-8.3673486685510316e-05,6.6270622855349152e-07,-0.0045554490816058588
1784,0.10000000000000001,0.006000000000000001,0.00075000000000000002,674.93296828633117,-6.1199916922429458e-05,1.0611536527262502e-06,-0.0045563779467582251
1785,0.10000000000000001,0.006000000000000001,0.001,700,-3.844926626526118e-05,1.5022841325063887e-06,-0.004557316485126482
