time,node,t1x,t1y,t1z,t2x,t2y,t2z,slip1,slip2
0.02500000037252903,57,-8.6456097914377995e-06,-3.4422006819122603e-07,0.9999999999625675,7.985772259716356e-05,-0.99999999681131302,-3.4351452896230052e-07,1.9576854853635195e-06,-7.545432164288221e-05
0.02500000037252903,60,4.293784813482266e-06,-8.1460943301048542e-08,0.99999999999077849,-1.0102572988969959e-05,-0.9999999999489656,-8.1412249030944792e-08,-1.5967880552506494e-07,-0.00013242785441500564
0.02500000037252903,61,1.0058199853745729e-05,8.5399437168711526e-07,0.99999999994905175,8.0338325141419067e-05,-0.99999999677251294,8.5316920598013648e-07,2.9123342256626346e-07,-7.565601230017184e-05
0.02500000037252903,64,-4.4606425965067824e-06,6.2420942666240873e-08,0.9999999999900494,-9.8026351149507437e-06,-0.99999999995195232,6.2370643677339569e-08,-2.764535410551384e-07,-0.00013241918465188755
0.02500000037252903,68,-1.3901729531109438e-06,-8.2526158603692251e-08,0.99999999999903033,3.294421668213966e-05,-0.99999999945733598,-8.2415849401077429e-08,4.879380192634966e-07,-0.00010313045701865317
0.02500000037252903,69,5.9927739650213181e-07,2.2999366893657648e-07,0.99999999999979394,6.2727206758191715e-05,-0.99999999803262241,2.2995216760412062e-07,8.193571843499822e-07,-8.553852963248835e-05
0.02500000037252903,72,2.2874344458003983e-08,9.6210339604864406e-09,0.99999999999999967,-7.4992810379207139e-06,-0.99999999997188049,9.6183318323268308e-09,-1.837767948188223e-08,-0.00013016209159700786
0.02500000037252903,76,2.1186921136679382e-06,4.126373784509265e-07,0.99999999999767042,3.3360265528937643e-05,-0.99999999944346141,4.1249066549918588e-07,3.90569789229564e-07,-0.00010319379491568532
0.02500000037252903,78,-4.5027100859344071e-06,3.850249048179553e-07,0.99999999998978861,-0.00010244593079916298,-0.99999999475234158,3.8455098846085016e-07,8.45358295759663e-07,-0.00017822306412108881
0.02500000037252903,80,4.8027994341685556e-06,-7.5157594826935206e-07,0.99999999998818401,-0.00010278138877775073,-0.99999999471771095,-7.5106876081022213e-07,-1.1617320728908969e-07,-0.00017813300258820363
0.02500000037252903,83,6.0090457428142829e-08,6.0851791131835269e-08,0.99999999999999623,-5.3793481452261608e-05,-0.99999999855312882,6.080727558386054e-08,-5.596972639973289e-07,-0.00015895618784864061
0.02500000037252903,85,1.0364778537307081e-07,-1.7236732168142744e-07,0.99999999999997979,-8.4562392962761907e-05,-0.99999999642458581,-1.7235692087645873e-07,2.0210353322630856e-07,-0.00017145930953510414
0.02500000037252903,88,-4.4816647998828127e-08,-3.4175119673194997e-07,0.9999999999999406,-5.403911456001893e-05,-0.99999999853982868,-3.4170127148379182e-07,6.061855505811443e-07,-0.00015892050595153883
0.05000000074505806,57,-1.7306418217424179e-05,-6.9017050836464835e-07,0.99999999985000576,0.0001597892769838929,-0.99999998723345707,-6.8734457503712999e-07,3.921783892559194e-06,-0.00015083069279584583
0.05000000074505806,60,8.5901525152295486e-06,-1.6340036059832163e-07,0.9999999999630913,-2.0197257165968255e-05,-0.99999999979602217,-1.6320552796555998e-07,-3.224147094854566e-07,-0.0002647520855978047
0.05000000074505806,61,2.0129408504551153e-05,1.7095808370670147e-06,0.99999999979594223,0.00016074899105685916,-0.99999998707842508,1.7062765583614454e-06,5.748882869363896e-07,-0.0001512341005075266
0.05000000074505806,64,-8.9248657105920796e-06,1.2554957337572346e-07,0.99999999996016553,-1.9596281702757733e-05,-0.99999999980798504,1.2534831052904442e-07,-5.515508941188183e-07,-0.0002647346883961196
0.05000000074505806,68,-2.7852259672734789e-06,-1.6592491454307629e-07,0.99999999999610745,6.5917628856132016e-05,-0.99999999782741944,-1.6548297884368913e-07,9.757339793088148e-07,-0.00020619762582648724
0.05000000074505806,69,1.1977013917892298e-06,4.5990870238572647e-07,0.99999999999917688,0.00012551086460095323,-0.99999999212340573,4.5974274214747337e-07,1.6380202819912308e-06,-0.00017100912574018117
0.05000000074505806,72,4.5126220119184921e-08,1.9334673225010033e-08,0.99999999999999878,-1.4965658365210981e-05,-0.99999999988801436,1.9323841061570266e-08,-3.7694544847502456e-08,-0.000260218021075372
0.05000000074505806,76,4.2412224282312931e-06,8.2602525811964292e-07,0.99999999999066469,6.6749322336371876e-05,-0.99999999777192317,8.2543773435356833e-07,7.80182684267793e-07,-0.0002063242805687191
0.05000000074505806,78,-8.9883576673733078e-06,7.715318875759213e-07,0.999999999959307,-0.00020457366578958868,-0.99999997907451121,7.6964265656622739e-07,1.6891793193649809e-06,-0.0003561738997807613
0.05000000074505806,80,9.5844055993222814e-06,-1.5041844955582353e-06,0.9999999999529382,-0.0002052437117639043,-0.99999997893638082,-1.5021632414792675e-06,-2.3663064075301278e-07,-0.00035599390694893336
0.05000000074505806,83,1.2708794005134653e-07,1.2226082358219773e-07,0.99999999999998446,-0.00010741004905868417,-0.99999999423153318,1.220838952213415e-07,-1.1210216772055352e-06,-0.00031771345855158165
0.05000000074505806,85,2.0538913139138906e-07,-3.4449459149332005e-07,0.99999999999991962,-0.00016885570570540073,-0.99999998574381588,-3.4445338522162245e-07,4.01732452372174e-07,-0.0003426711753824447
0.05000000074505806,88,-9.9577182865282197e-08,-6.8356737833454598e-07,0.99999999999976141,-0.00010790022794267042,-0.99999999417853691,-6.8336921489318027e-07,1.2099305517638243e-06,-0.000317642097440618
0.07500000298023224,57,-2.5982430750878891e-05,-1.0378634755473224e-06,0.9999999996619181,0.0002397943724332461,-0.99999997124879703,-1.0314966298080647e-06,5.892314620925163e-06,-0.00022612948806857372
0.07500000298023224,60,1.2889106224180791e-05,-2.4581277204028579e-07,0.99999999991690536,-3.0283955405665051e-05,-0.99999999954141083,-2.4537427548856847e-07,-4.881898423625026e-07,-0.00039697303954687343
0.07500000298023224,61,3.0213638192734821e-05,2.5667666419332555e-06,0.99999999954027385,0.00024123170893875027,-0.99999997090035575,2.5593238806458847e-06,8.509488586169008e-07,-0.0002267346364776136
0.07500000298023224,64,-1.3392661465504159e-05,1.89377347381433e-07,0.99999999991030031,-2.9380848244335838e-05,-0.99999999956836505,1.8892435785436235e-07,-8.252965803465439e-07,-0.0003969468560606215
0.07500000298023224,68,-4.185159006457662e-06,-2.5019922147013503e-07,0.99999999999121092,9.8920122390994998e-05,-0.99999999510737358,-2.4920329366617634e-07,1.4633829378485833e-06,-0.0003092018394624068
0.07500000298023224,69,1.7952752890911749e-06,6.8974274426222656e-07,0.9999999999981507,0.00018835074197683544,-0.99999998226176123,6.893694352466885e-07,2.455991559050954e-06,-0.00025641215428508755
0.07500000298023224,72,6.6761171917904495e-08,2.9139346333338188e-08,0.99999999999999722,-2.2399124331796151e-05,-0.99999999974913922,2.9114921236383825e-08,-5.794390968681015e-08,-0.00039016815780579576
0.07500000298023224,76,6.3675977491159385e-06,1.24016233132317e-06,0.99999999997895783,0.00010016705569341668,-0.99999999498251324,1.2388388909021893e-06,1.1688500867133692e-06,-0.00030939178859918406
0.07500000298023224,78,-1.3456962179164607e-05,1.1595069226754114e-06,0.99999999990878286,-0.00030638388795612093,-0.99999995306378808,1.1552705903811822e-06,2.5314545737520785e-06,-0.0005338531667351872
0.07500000298023224,80,1.4344859836781296e-05,-2.257813144452441e-06,0.99999999989456356,-0.00030738765459236816,-0.9999999527538751,-2.2532821349175216e-06,-3.61336405403975e-07,-0.0005335833708797859
0.07500000298023224,83,2.0099008277506721e-07,1.8422394690366291e-07,0.99999999999996292,-0.00016084996857609977,-0.99999998706362692,1.8382840095995585e-07,-1.6839707697830011e-06,-0.0004762723632400545
0.07500000298023224,85,3.0523448053301241e-07,-5.1638262268721837e-07,0.99999999999982003,-0.00025288047913050754,-0.99999996802559787,-5.1629079646299954e-07,5.98899774419536e-07,-0.0005136362217819356
0.07500000298023224,88,-1.6426077488948329e-07,-1.0254473231845126e-06,0.99999999999946088,-0.00016158360942435132,-0.99999998694484327,-1.0250049006454028e-06,1.8112553694834378e-06,-0.0004761653247769474
0.10000000149011612,57,-3.4673652923335371e-05,-1.3873111142198384e-06,0.99999999939790651,0.00031987271949059597,-0.99999994883977361,-1.3759771758463381e-06,7.869297020264946e-06,-0.0003013510801158609
0.10000000149011612,60,1.7190648971960897e-05,-3.2869273083526439e-07,0.9999999998521869,-4.0362571039188683e-05,-0.99999999918537774,-3.2791296582625723e-07,-6.569862555227028e-07,-0.0005290910613343246
0.10000000149011612,61,4.0310901192809056e-05,3.425559009051997e-06,0.99999999918164839,0.00032178619123769258,-0.99999994822100013,3.4123129753019974e-06,1.1193994165476833e-06,-0.00030215799011347
0.10000000149011612,64,-1.7864021975130934e-05,2.5389574583317018e-07,0.99999999984040611,-3.9156243621072293e-05,-0.99999999923336225,2.5309017201778572e-07,-1.0976952832164769e-06,-0.0005290560315467298
0.10000000149011612,68,-5.5899720902708058e-06,-3.3535204320744297e-07,0.99999999998431999,0.00013195158379246017,-0.99999999129433403,-3.3357870939688023e-07,1.9508799035822397e-06,-0.00041214342960812166
0.10000000149011612,69,2.3920023803910161e-06,9.1949343252197002e-07,0.9999999999967164,0.00025124660839520249,-0.99999996843714822,9.1882995264241987e-07,3.2732732626628e-06,-0.0003417479794905452
0.10000000149011612,72,8.7784706640978148e-08,3.9033479145327296e-08,0.99999999999999534,-2.9799671418901366e-05,-0.99999999955598906,3.8989963866886286e-08,-7.911913148989291e-08,-0.0005200128700690969
0.10000000149011612,76,8.4978249068154798e-06,1.6550472901831491e-06,0.99999999996252387,0.00013361335151931716,-0.99999999107237048,1.6526918192270535e-06,1.5565834022681484e-06,-0.0004123966492894979
0.10000000149011612,78,-1.7908542756415497e-05,1.5489360411017107e-06,0.99999999983844234,-0.00040787727815194273,-0.99999991681687161,1.5414303795768349e-06,3.3721754530639432e-06,-0.0007112615228500587
0.10000000149011612,80,1.9084203020267033e-05,-3.012449457484227e-06,0.99999999981335919,-0.0004092139007470006,-0.99999991626747498,-3.0044241233580852e-06,-4.902546970948283e-07,-0.0007109020502973277
0.10000000149011612,83,2.8179457484995321e-07,2.4673801954984695e-07,0.99999999999992983,-0.00021411350525971738,-0.99999997707767285,2.4603933279693678e-07,-2.2485421604060894e-06,-0.0006346334514629868
0.10000000149011612,85,4.0319419475763182e-07,-6.8803222937095028e-07,0.99999999999968192,-0.00033663725260965399,-0.99999994333744191,-6.8787055194889079e-07,7.936184245200471e-07,-0.0006843550711472995
0.10000000149011612,88,-2.3884679115757291e-07,-1.3673898209759801e-06,0.99999999999903655,-0.00021508952775182015,-0.99999997686731357,-1.3666093915466148e-06,2.410180300928649e-06,-0.0006344907366907376
0.125,57,-4.3380090392989942e-05,-1.7385255629970907e-06,0.99999999905757264,0.0004000240300308229,-0.99999991998890392,-1.7207926913212613e-06,9.852750407280246e-06,-0.0003764958396536011
0.125,60,2.1494783748474955e-05,-4.1203482622944111e-07,0.9999999997689023,-5.0433007867103876e-05,-0.99999999872817136,-4.1081611171581086e-07,-8.287859224194071e-07,-0.000661106495113633
0.125,61,5.0421209893979534e-05,4.2859651463603444e-06,0.99999999871966605,0.00040241215173185055,-0.99999991902313068,4.2652456318770775e-06,1.3802242524483712e-06,-0.00037750452938328083
0.125,64,-2.2338939398114986e-05,3.1909627964548516e-07,0.99999999975043496,-4.8922377128381838e-05,-0.99999999880324986,3.1783717230282942e-07,-1.3687518572521622e-06,-0.0006610625578361349
0.125,68,-6.9996653023020238e-06,-4.213863567154953e-07,0.99999999997541356,0.00016501190020132663,-0.99999998638544885,-4.1861115470824868e-07,2.4382198304236655e-06,-0.0005150227266017444
0.125,69,2.9878859498820819e-06,1.1491584007121673e-06,0.99999999999487599,0.00031419823445377287,-0.99999995063907432,1.1481219957442355e-06,4.089867626009781e-06,-0.0004270169638624246
0.125,72,1.0820229046921455e-07,4.9015494059123923e-08,0.99999999999999301,-3.7167292250122918e-05,-0.99999999930929506,4.8947357635957405e-08,-1.0121361471848897e-07,-0.0006497525250654298
0.125,76,1.0631910766567665e-05,2.0706788316892268e-06,0.99999999994133737,0.00016708809638411103,-0.9999999860386477,2.0669942081992705e-06,1.9433940497803048e-06,-0.0005153391915789307
0.125,78,-2.2343118257523202e-05,1.9398053496874425e-06,0.99999999974851117,-0.00050905451512429836,-0.99999987042988292,1.9281176370643941e-06,4.211333241867331e-06,-0.0008883996241107857
0.125,80,2.3802475576190591e-05,-3.7680810739406299e-06,0.99999999970962183,-0.00051072313158682719,-0.99999986957388087,-3.7555878957236786e-06,-6.233498008850212e-07,-0.0008879505992487528
0.125,83,3.6949916880096539e-07,3.0979991617824209e-07,0.99999999999988387,-0.00026720092385238271,-0.99999996430178495,3.0871523604570892e-07,-2.814733561603506e-06,-0.0007927972712010504
0.125,85,4.992785544356525e-07,-8.5944422645589188e-07,0.99999999999950606,-0.00042012656398401915,-0.99999991174646219,-8.5919404297012002e-07,9.859012349725429e-07,-0.0008548283440803649
0.125,88,-3.2331480715962047e-07,-1.70939368018796e-06,0.99999999999848677,-0.00026841825113212115,-0.99999996397436164,-1.7081837504095571e-06,3.0067255747573205e-06,-0.0007926188803462342
0.15000000596046448,57,-5.2101749017578289e-05,-2.0915189576248933e-06,0.99999999864051659,0.00048024801732326323,-0.99999988467878032,-2.065949652886573e-06,1.1842694084703404e-05,-0.0004515641354738949
0.15000000596046448,60,2.5801513559071235e-05,-4.9583368226152934e-07,0.99999999966701802,-6.0495170178705765e-05,-0.99999999817004526,-4.9407826314703982e-07,-1.0035707383115793e-06,-0.0007930196841266904
0.15000000596046448,61,6.0544576884486986e-05,5.1479922540779522e-06,0.99999999815392615,0.00048310930559205764,-0.99999988328959499,5.1181236339762578e-06,1.6334076691104343e-06,-0.0004527746203370787
0.15000000596046448,64,-2.6817405997907369e-05,3.8497049062956837e-07,0.99999999964033914,-5.8679158488435265e-05,-0.99999999827830477,3.8315681202530265e-07,-1.6384713364412845e-06,-0.0007929667769977332
0.15000000596046448,68,-8.414238794744645e-06,-5.0830515152402817e-07,0.99999999996447109,0.00019810095939104793,-0.99999998037787752,-5.0430257082954679e-07,2.925397612310076e-06,-0.0006178400594513158
0.15000000596046448,69,3.5829292795457065e-06,1.3787352800300302e-06,0.99999999999263078,0.00037720539186482491,-0.99999992885709532,1.3772432636815954e-06,4.9057768745289165e-06,-0.0005122194682092773
0.15000000596046448,72,1.2801934761403236e-07,5.9083811158059687e-08,0.99999999999999012,-4.4501979605224073e-05,-0.9999999990097852,5.8985489538880749e-08,-1.2422081286596246e-07,-0.0007793874889223033
0.15000000596046448,76,1.2769862239936494e-05,2.4870556607050503e-06,0.99999999991537258,0.0002005911775104775,-0.99999997987850997,2.4817437544603616e-06,2.3292934713898342e-06,-0.000618219743077102
0.15000000596046448,78,-2.6760707277149694e-05,2.3321010178222126e-06,0.99999999963921282,-0.0006099162755349892,-0.99999981399837068,2.3153279860639986e-06,5.048919112859358e-06,-0.0010652681246351619
0.15000000596046448,80,2.8499717494560919e-05,-4.5246957005450768e-06,0.9999999995836466,-0.00061191602637608144,-0.99999981276921523,-4.5067721388550613e-06,-7.605860893573845e-07,-0.001064729669921746
0.15000000596046448,83,4.6410169513988864e-07,3.7340652055372919e-07,0.99999999999982259,-0.00032011248857393999,-0.99999994876392684,3.7185465430502284e-07,-3.382542785117099e-06,-0.0009507643688775247
0.15000000596046448,85,5.934977558621667e-07,-1.0306194317549581e-06,0.99999999999929279,-0.00050334894956261867,-0.99999987331937878,-1.0302626569330582e-06,1.1757609442702702e-06,-0.001025056659378965
0.15000000596046448,88,-4.1764462933016247e-07,-2.0514577239852973e-06,0.99999999999780853,-0.00032157004722537343,-0.99999994829425043,-2.0497290361084468e-06,3.6009113508775477e-06,-0.0009505503013525354
0.17499999701976776,57,-6.083863491583455e-05,-2.4463034336353906e-06,0.999999998146338,0.00056054439609746457,-0.99999984289207011,-2.4114545381920335e-06,1.3839147359316648e-05,-0.0005265563344583416
0.17499999701976776,60,3.0110841461649282e-05,-5.800839599616057e-07,0.99999999954650021,-7.0548962766256749e-05,-0.99999999751125501,-5.7769400954561274e-07,-1.1813225227918316e-06,-0.000924830970709157
0.17499999701976776,61,7.0681015017277592e-05,6.0116475325541436e-06,0.99999999748402724,0.00056387736945125665,-0.99999984100331729,5.9709487669412831e-06,1.8789339769410415e-06,-0.0005279686271216834
0.17499999701976776,64,-3.1299414185364255e-05,4.51509950547266e-07,0.99999999951007135,-6.8426497863030884e-05,-0.99999999765880643,4.4904057756593498e-07,-1.9068589390563685e-06,-0.000924769030193181
0.17499999701976776,68,-9.8336927971890954e-06,-5.9611143122887779e-07,0.99999999995147149,0.00023121864977359126,-0.99999997326879309,-5.9065491301973824e-07,3.4124080902853396e-06,-0.0007205957581100145
0.17499999701976776,69,4.1771356505176639e-06,1.6082217016643535e-06,0.99999999998998268,0.0004402678534890527,-0.9999999030808141,1.606191455637199e-06,5.721003238259823e-06,-0.0005973558531352478
0.17499999701976776,72,1.4724125917872104e-07,6.9236847778896863e-08,0.9999999999999869,-5.1803726429143257e-05,-0.99999999865818445,6.9102744444377404e-08,-1.4813421941895641e-07,-0.0009089181287903804
0.17499999701976776,76,1.4911686293170214e-05,2.9041764943485843e-06,0.99999999988460353,0.00023412248278225413,-0.9999999725891352,2.896938166772344e-06,2.7142931524871e-06,-0.0007210386323405895
0.17499999701976776,78,-3.1161328165300363e-05,2.7258092904899601e-06,0.99999999951077079,-0.00071046323398661247,-0.99999974761731147,2.7030570734855092e-06,5.8849241256214625e-06,-0.0012418676766816445
0.17499999701976776,80,3.3175968346875186e-05,-5.282281128827682e-06,0.99999999943572637,-0.00071279326230592631,-0.9999997459490273,-5.2579755554119823e-06,-9.019280209377701e-07,-0.0012412399126549873
0.17499999701976776,83,5.6560007021905773e-07,4.3755473106938492e-07,0.99999999999974432,-0.00037284846311373628,-0.99999993049191438,4.3545613504525736e-07,-3.951967746166752e-06,-0.0011085352893705823
0.17499999701976776,85,6.8586191195445724e-07,-1.2015586665566218e-06,0.99999999999904288,-0.00058630494412412898,-0.9999998281225202,-1.2010777780076228e-06,1.3632101959960542e-06,-0.0011950406340479032
0.17499999701976776,88,-5.218163027739632e-07,-2.3935807964740497e-06,0.99999999999699918,-0.00037454518313850078,-0.99999992985509145,-2.3912463099869012e-06,4.192757720601448e-06,-0.0011082855437757955
0.20000000298023224,57,-6.9590754583062758e-05,-2.8028911321951309e-06,0.99999999757463554,0.00064091288259287595,-0.999999794611516,-2.757313831518455e-06,1.584212956019325e-05,-0.0006014728016006016
0.20000000298023224,60,3.4422770657625765e-05,-6.6478035583153761e-07,0.99999999940731543,-8.059429094954383e-05,-0.9999999967520613,-6.616579782299294e-07,-1.3620230114547114e-06,-0.0010565406963025008
0.20000000298023224,61,8.0830537546701023e-05,6.8769381939185413e-06,0.99999999670956574,0.00064471606146639278,-0.99999979214729695,6.8237228292485611e-06,2.116787502768991e-06,-0.0006030869120061003
0.20000000298023224,64,-3.5784956618283551e-05,5.1870626217262485e-07,0.99999999935958384,-7.8164305872894916e-05,-0.99999999694503794,5.1547998940201869e-07,-2.1739200912576435e-06,-0.0010564696576886383
0.20000000298023224,68,-1.1258027625982581e-05,-6.8480821348222139e-07,0.99999999993639388,0.00026436486037241492,-0.99999996505538002,-6.7767015052437377e-07,3.899246009353352e-06,-0.0008232901472196
0.20000000298023224,69,4.7705083512988711e-06,1.8376152993307699e-06,0.99999999998693268,0.00050338539333849889,-0.99999987329988138,1.8349642733693821e-06,6.535548938888031e-06,-0.0006824264749823885
0.20000000298023224,72,1.6587335970305045e-07,7.9473019062376382e-08,0.99999999999998312,-5.9072525855175369e-05,-0.99999999825521513,7.9297505637295153e-08,-1.729474035779036e-07,-0.0010383448070680672
0.20000000298023224,76,1.7057389964254203e-05,3.3220400666639044e-06,0.99999999984900467,0.00026768190072498963,-0.99999996416771264,3.3125751706460911e-06,3.0984046028447348e-06,-0.0008237961826160907
0.20000000298023224,78,-3.5544999053434026e-05,3.1209164865808896e-06,0.99999999936340644,-0.00081069606304252776,-0.99999967138111445,3.0913005685625988e-06,6.719339222178126e-06,-0.0014181989306616995
0.20000000298023224,80,3.7831267307381407e-05,-6.0408252351800817e-06,0.9999999992661518,-0.00081335551452721834,-0.99999966920829353,-6.0091968644390024e-06,-1.0473401370201195e-06,-0.001417481975947128
0.20000000298023224,83,6.7399231781256993e-07,5.0224145821616987e-07,0.99999999999964673,-0.00042540911060523593,-0.99999990951341533,4.995182271470393e-07,-4.523006472923861e-06,-0.0012661105760250408
0.20000000298023224,85,7.7638104773129199e-07,-1.3722627588102122e-06,0.99999999999875699,-0.00066899508090185089,-0.99999977622182512,-1.3716407903889085e-06,1.548261536559771e-06,-0.001364780883307087
0.20000000298023224,88,-6.3581014391507337e-07,-2.7357617670514895e-06,0.99999999999605571,-0.00042734392540264753,-0.99999990868484656,-2.7327366403678482e-06,4.7822847067398224e-06,-0.0012658251501500915
0.22499999403953552,57,-7.8358114906430329e-05,-3.1612942012431058e-06,0.99999999692500596,0.00072135319463451845,-0.99999973981993462,-3.1035340247144407e-06,1.7851660057753445e-05,-0.0006763139000129897
0.22499999403953552,60,3.8737304494462371e-05,-7.499176062311081e-07,0.99999999924942939,-9.0631060580101719e-05,-0.99999999589272726,-7.4596483877656136e-07,-1.5456538664050514e-06,-0.0011881492014532247
0.22499999403953552,61,9.0993158142961943e-05,7.7438714646925133e-06,0.99999999583013888,0.00072562510139066814,-0.99999973670460751,7.6764476348858242e-06,2.3469525734187836e-06,-0.000678129835388101
0.22499999403953552,64,-4.0274026205459373e-05,5.8655106184845846e-07,0.99999999918882931,-8.7892493602615194e-05,-0.99999999613728519,5.8246660463708907e-07,-2.4396604167554756e-06,-0.0011880689988543211
0.22499999403953552,68,-1.2687243687773267e-05,-7.7439853270264456e-07,0.99999999991921706,0.00029753948085384718,-0.9999999557348348,-7.6535026925346553e-07,4.385906048624022e-06,-0.0009259235519255997
0.22499999403953552,69,5.3630506773721847e-06,2.0669137098411589e-06,0.99999999998348288,0.00056655778663288684,-0.99999983950399529,2.0635594217705744e-06,7.349416211553464e-06,-0.0007674316896245873
0.22499999403953552,72,1.8392093752698613e-07,8.9790737563808792e-08,0.99999999999997913,-6.6308371203861909e-05,-0.99999999780159587,8.9568154421760681e-08,-1.9865398084619815e-07,-0.0011676678867640932
0.22499999403953552,76,1.9206980365596889e-05,3.7406451303458819e-06,0.99999999980854959,0.00030126932053729154,-0.99999995461144586,3.7286525100252448e-06,3.4816393922538045e-06,-0.0009264927176567172
0.22499999403953552,78,-3.9911737855949975e-05,3.5174090019924955e-06,0.99999999919734051,-0.00091061543325328062,-0.99999958538362499,3.480054166280616e-06,7.5521552287416494e-06,-0.0015942625351506624
0.22499999403953552,80,4.2465653159090508e-05,-6.8003159881347239e-06,0.99999999907521198,-0.00091360345616854893,-0.99999958264142352,-6.7604348091543523e-06,-1.1967870623209344e-06,-0.001593456506468718
0.22499999403953552,83,7.8927657167029607e-07,5.6746362713906127e-07,0.99999999999952749,-0.00047779469363662565,-0.99999988585594979,5.6403948352511563e-07,-5.095657106588533e-06,-0.0014234907706643174
0.22499999403953552,85,8.6506510298660399e-07,-1.5427325421346839e-06,0.99999999999843592,-0.00075141989160153037,-0.99999971768284457,-1.5419530773787651e-06,1.7309274154426275e-06,-0.0015342780206044104
0.22499999403953552,88,-7.5960673824391519e-07,-3.0779995285548011e-06,0.99999999999497435,-0.0004799665399851985,-0.99999988481132818,-3.074201100856091e-06,5.369512263165384e-06,-0.0014231696614895489
0.25,57,-8.7140723276163729e-05,-3.5215248004531303e-06,0.99999999619704671,0.00080186505168581667,-0.99999967850021598,-3.4501216218678549e-06,1.9867758282492652e-05,-0.0007510799909474845
0.25,60,4.3054446550415424e-05,-8.354904861769132e-07,0.99999999907280845,-0.00010065917806563835,-0.99999999493351999,-8.3060930178829513e-07,-1.7321966692832743e-06,-0.00131965682582342
0.25,61,0.00010116889101801471,8.6124545977797113e-06,0.99999999484534041,0.00080660421063474873,-0.99999967465839779,8.529125025004058e-06,2.569413523424454e-06,-0.0007530977558184114
0.25,64,-4.4766616197165055e-05,6.5503601857459579e-07,0.99999999899776038,-9.7610972616746659e-05,-0.99999999523583771,6.4999201605188084e-07,-2.704085758755624e-06,-0.001319567392174953
0.25,68,-1.4121341489427201e-05,-8.6488543949707968e-07,0.99999999989991983,0.00033074240150602572,-0.99999994530436587,-8.536972711585827e-07,4.8723828018642895e-06,-0.0010284962960995653
0.25,69,5.9547659373198631e-06,2.296114576698401e-06,0.99999999997963429,0.00062978480980727765,-0.99999980168290048,2.2919746124463589e-06,8.162607307005011e-06,-0.0008523718513255604
0.25,72,2.0138923205739175e-07,1.0018841422885135e-07,0.9999999999999748,-7.3511256002335156e-05,-0.99999999729804279,9.9913071088733235e-08,-2.252476264445354e-07,-0.0012968877298507324
0.25,76,2.1360464699594484e-05,4.1599904633553725e-06,0.99999999976321252,0.00033488463207581712,-0.99999994391754887,4.1451679538444646e-06,3.864009154887004e-06,-0.0010291285599445044
0.25,78,-4.4261562302923369e-05,3.9152733172538898e-06,0.99999999901279224,-0.0010102220131758257,-0.99999948971812624,3.8693135952910132e-06,8.383362850995778e-06,-0.00177005913689742
0.25,80,4.7079164318040017e-05,-7.56074145064165e-06,0.99999999886319368,-0.0010135377583714894,-0.99999948634226155,-7.5116881597071145e-06,-1.3502335008501712e-06,-0.0017691641490718008
0.25,83,9.1145109173485022e-07,6.33218176667531e-07,0.99999999999938416,-0.00053000547422704116,-0.99999985954689086,6.2901846022802474e-07,-5.669917910709081e-06,-0.0015806764136014608
0.25,85,9.5192392722203277e-07,-1.7129688568228142e-06,0.99999999999807976,-0.00083357990638704927,-0.99999965257074397,-1.7120160224671185e-06,1.9112201831632076e-06,-0.001703532657623254
0.25,88,-8.931869696065309e-07,-3.4202930012847788e-06,0.999999999993752,-0.00053241329226761487,-0.99999985826219961,-3.4156407745246169e-06,5.954460275879255e-06,-0.001580319617300156
0.2750000059604645,57,-9.5938587654057322e-05,-3.8835951047977826e-06,0.99999999539035245,0.00088244817491298826,-0.99999961063532461,-3.7970831425573168e-06,2.1890443745041884e-05,-0.0008257714338117743
0.2750000059604645,60,4.7374200681500671e-05,-9.2149380699584241e-07,0.99999999887741786,-0.0001106785503854557,-0.99999999387470995,-9.1558611651542791e-07,-1.921632921411992e-06,-0.001451063908198276
0.2750000059604645,61,0.00011135775100668967,9.4826948795587822e-06,0.99999999375476489,0.00088765311233665839,-0.99999960599188975,9.3817568746438735e-06,2.784154690890587e-06,-0.0008279910300177327
0.2750000059604645,64,-4.9262720240368665e-05,7.2415283477822951e-07,0.99999999878632995,-0.00010731965497405174,-0.99999999424098807,7.1804785283543409e-07,-2.967202187022912e-06,-0.001450965175257238
0.2750000059604645,68,-1.5560321644217652e-05,-9.5627200132209998e-07,0.99999999987848098,0.00036397351324071042,-0.99999993376119423,-9.4271317484670337e-07,5.358670771729106e-06,-0.0011310087023503428
0.2750000059604645,69,6.5456574580181048e-06,2.5252155512246248e-06,0.9999999999753888,0.00069306624054089514,-0.99999975982638845,2.5202075648262454e-06,8.975124497008764e-06,-0.0009372473127591901
0.2750000059604645,72,2.1828343201175123e-07,1.1066445831701652e-07,0.99999999999997002,-8.068117399712344e-05,-0.99999999674526796,1.1033063483129472e-07,-2.527220772216195e-07,-0.0014260046972722823
0.2750000059604645,76,2.3517850270054914e-05,4.5800748708294444e-06,0.99999999971296682,0.00036852772586171465,-0.99999993208324889,4.5621192978779504e-06,4.245525599720157e-06,-0.0011317040307025322
0.2750000059604645,78,-4.8594489950698803e-05,4.3144959909078957e-06,0.99999999880998036,-0.0011095164693982684,-0.99999938447734271,4.2590746115856317e-06,9.21295267346259e-06,-0.001945589380836802
0.2750000059604645,80,5.1671838846970117e-05,-8.3220897921908227e-06,0.99999999863038203,-0.0011131590903117286,-0.99999938040408964,-8.2629557257741556e-06,-1.5076442350937956e-06,-0.00194460554679958
0.2750000059604645,83,1.0405142796867511e-06,6.9950205972795419e-07,0.99999999999921407,-0.00058204171381920106,-0.99999983061346609,6.9445371692363427e-07,-6.245787275651064e-06,-0.001737668043652244
0.2750000059604645,85,1.0369672810637195e-06,-1.882972555058982e-06,0.99999999999768963,-0.00091547565388072117,-0.99999958095030528,-1.8818310146229569e-06,2.089152090448651e-06,-0.0018725454042939028
0.2750000059604645,88,-1.0365320345541411e-06,-3.762641137943617e-06,0.99999999999238398,-0.00058468444704235303,-0.9999998290649762,-3.7570567590134119e-06,6.537148562821082e-06,-0.0017372755555904304
0.30000001192092896,57,-0.00010475171665139432,-4.2475173090338267e-06,0.99999999450451815,0.00096310228724876478,-0.99999953620829651,-4.1444251259776489e-06,2.3919736055592618e-05,-0.00090038858618518
0.30000001192092896,60,5.1696571076951008e-05,-1.0079224258936359e-06,0.99999999866322431,-0.00012068908510546156,-0.99999999271657147,-1.0008900803876525e-06,-2.113944042842061e-06,-0.0015823707864919686
0.30000001192092896,61,0.00012155975365131841,1.0354599640102745e-05,0.99999999255800431,0.000968771531428511,-0.99999953068837888,1.0234345102539612e-05,2.9911604150088993e-06,-0.0009028100128951892
0.30000001192092896,64,-5.3762332438529089e-05,7.93893250750365e-07,0.99999999855449062,-0.00011701845324039938,-0.99999999315303145,7.8662578497783469e-07,-3.229016009095416e-06,-0.0015822626848353315
0.30000001192092896,68,-1.7004184882238213e-05,-1.0485613061851549e-06,0.9999999998548792,0.00039723270759264406,-0.99999992110255198,-1.0324000192256695e-06,5.844764362186179e-06,-0.0012334610920379922
0.30000001192092896,69,7.1357285863915438e-06,2.7542142954563696e-06,0.99999999997074784,0.00075640185778527529,-0.99999971392429732,2.7482560090414008e-06,9.786970079973098e-06,-0.001022058425032054
0.30000001192092896,72,2.3460867344076014e-07,1.212172772808029e-07,0.99999999999996503,-8.7818119165837359e-05,-0.99999999614398183,1.2081922361548448e-07,-2.810711346496786e-07,-0.0015550191489525384
0.30000001192092896,76,2.5679144491547944e-05,5.0008971916160466e-06,0.9999999996577863,0.00040219849308314489,-0.99999991910578501,4.9795043712055565e-06,4.626200521845166e-06,-0.00123421944990909
0.30000001192092896,78,-5.2910538204547173e-05,4.7150636724504779e-06,0.9999999985891217,-0.0012084994665651882,-0.99999926975344477,4.6493330117046265e-06,1.0040915156534702e-05,-0.0021208539101006574
0.30000001192092896,80,5.6243714473223277e-05,-9.0843492897631792e-06,0.99999999837705966,-0.001212468119227734,-0.99999926491963143,-9.0142363579673579e-06,-1.6689841232152596e-06,-0.0021197813408989955
0.30000001192092896,83,1.1764646883750585e-06,7.6631224414000155e-07,0.99999999999901434,-0.00063390367326914736,-0.99999979908275727,7.603438177657295e-07,-6.823263725098446e-06,-0.0018944661981468414
0.30000001192092896,85,1.1202048331091723e-06,-2.0527444973189517e-06,0.99999999999726574,-0.00099710766116307688,-0.99999950288592832,-2.05139944477054e-06,2.264735286929562e-06,-0.002041316868803588
0.30000001192092896,88,-1.1896234597927971e-06,-4.1050429218839185e-06,0.99999999999086675,-0.00063678026850241365,-0.9999997972470257,-4.0984501649419649e-06,7.117596874134056e-06,-0.001894038012885016
0.32499998807907104,57,-0.00011358011961280654,-4.6133036306233224e-06,0.99999999353913704,0.0010438271134558788,-0.99999945520224043,-4.4921541334511335e-06,2.5955654944910027e-05,-0.0009749318038359179
0.32499998807907104,60,5.6021562318748366e-05,-1.0947712354132068e-06,0.99999999843019305,-0.00013069069039659632,-0.99999999145938145,-1.0865160284306684e-06,-2.3091113706093458e-06,-0.0017135777977567263
0.32499998807907104,61,0.00013177491529896046,1.1228176260219773e-05,0.99999999125465,0.0010499591947079911,-0.99999944873123325,1.1086891677683042e-05,3.1904150343747923e-06,-0.0009775550575669087
0.32499998807907104,64,-5.826544741534609e-05,8.6424903803527398e-07,0.99999999830219544,-0.00012670728050151169,-0.99999999197226641,8.5571751661093567e-07,-3.4895337812168686e-06,-0.0017134602567794811
0.32499998807907104,68,-1.8452932056184107e-05,-1.1417564598090392e-06,0.99999999982909293,0.00043051987671789503,-0.99999990732568311,-1.1227598606076175e-06,6.330657870982176e-06,-0.0013358537852872358
0.32499998807907104,69,7.7249826956340382e-06,2.9831084839410195e-06,0.99999999996571276,0.00081979144178964702,-0.99999966396651085,2.9761176876991474e-06,1.0598146387355111e-05,-0.0011068055377061094
0.32499998807907104,72,2.5037003864944252e-07,1.3184527705479861e-07,0.99999999999996003,-9.4922085730059347e-05,-0.99999999549489016,1.3137721446062666e-07,-3.102886672650369e-07,-0.001683931443804959
0.32499998807907104,76,2.784435490362631e-05,5.4224562998025402e-06,0.99999999959764452,0.00043589682559874016,-0.99999990498240876,5.3973210376620993e-06,5.006045814643996e-06,-0.0013366751363118883
0.32499998807907104,78,-5.7209724338529499e-05,5.1169631020338361e-06,0.99999999835043207,-0.0013071716673982939,-0.99999914563804981,5.0400846326948046e-06,1.0867240635006309e-05,-0.0022958533660280686
0.32499998807907104,80,6.0794828607581767e-05,-9.8475083357438063e-06,0.99999999810350781,-0.0013114655104494997,-0.99999913998105483,-9.7655289561865932e-06,-1.8342180982097907e-06,-0.0022946921708295034
0.32499998807907104,83,1.3193010385985382e-06,8.3364571399336421e-07,0.9999999999987822,-0.0006855916128353436,-0.99999976498170084,8.266873328459667e-07,-7.402345921832665e-06,-0.002051071412941912
0.32499998807907104,85,1.2016461593042908e-06,-2.2222855574651531e-06,0.99999999999680877,-0.0010784764537679567,-0.99999941844163442,-2.2207227109594213e-06,2.43798181937777e-06,-0.0022098476576053717
0.32499998807907104,88,-1.3524431209367135e-06,-4.4474973763660521e-06,0.9999999999891952,-0.00068870102023376335,-0.99999976283556824,-4.4398221253322046e-06,7.695824892159438e-06,-0.002050607524235017
0.3499999940395355,57,-0.00012242380669700648,-4.9809663160753889e-06,0.99999999249380067,0.0011246223801922679,-0.99999936760033692,-4.8402767543163348e-06,2.7998220285410923e-05,-0.001049401440738509
0.3499999940395355,60,6.0349179438539054e-05,-1.1820351751828209e-06,0.99999999817828955,-0.00014068327505188045,-0.99999999010342078,-1.1724588449690415e-06,-2.5071161570315327e-06,-0.0018446852781875448
0.3499999940395355,61,0.00014200325319342581,1.2103432182470876e-05,0.9999999898442915,0.001131215830905525,-0.99999936010389268,1.1939398629816351e-05,3.381902883788135e-06,-0.0010522265153755967
0.3499999940395355,64,-6.2772060379374028e-05,9.3521201069586288e-07,0.99999999802939699,-0.00013638605037615066,-0.99999999069899459,9.2531479722083203e-07,-3.7487623203551598e-06,-0.0018445582261019642
0.3499999940395355,68,-1.9906564151806276e-05,-1.2358605911092391e-06,0.99999999980110066,0.00046383491339201664,-0.99999989242784415,-1.2137947781174003e-06,6.816345481614324e-06,-0.001438187101001734
0.3499999940395355,69,8.3134231889684718e-06,3.2118958058828294e-06,0.99999999996028555,0.0008832347741267242,-0.99999960994295878,3.2037903580062588e-06,1.1408655789626423e-05,-0.0011914889988225287
0.3499999940395355,72,2.6557255339869148e-07,1.4254686302728083e-07,0.99999999999995448,-0.00010199306816933008,-0.99999999479869683,1.4200298440203095e-07,-3.403686137503409e-07,-0.0018127419397397828
0.3499999940395355,76,3.0013489182154059e-05,5.8447511124091288e-06,0.99999999953251473,0.0004696226159398157,-0.99999988971038278,5.8155672034445292e-06,5.385073481649768e-06,-0.0014390714074430815
0.3499999940395355,78,-6.1492065512888192e-05,5.5201811157489028e-06,0.99999999809412676,-0.0014055337327233725,-0.99999901222222565,5.4313253576364804e-06,1.1691919314964027e-05,-0.0024705883881794
0.3499999940395355,80,6.5325218359301061e-05,-1.0611555450527755e-05,0.99999999781000537,-0.0014101519274255111,-0.99999900567997457,-1.0516832482655469e-05,-2.003311164684517e-06,-0.002469338674275624
0.3499999940395355,83,1.4690222306091031e-06,9.0149947036039892e-07,0.99999999999851463,-0.00073710579216877681,-0.9999997283370895,8.9348283898036006e-07,-7.983032674655627e-06,-0.002207484222433173
0.3499999940395355,85,1.281300740546641e-06,-2.3915966220457562e-06,0.99999999999631928,-0.0011595825556825672,-0.9999993276810667,-2.3898022177397036e-06,2.608903630864947e-06,-0.002378138375430462
0.3499999940395355,88,-1.5249732623073565e-06,-4.790003560811511e-06,0.999999999987365,-0.00074044696520737395,-0.9999997258576786,-4.7811737920303787e-06,8.271852232345127e-06,-0.002206984623230843
0.375,57,-0.00013128278896837878,-5.3505176425920617e-06,0.99999999136810058,0.001205487816080042,-0.99999927338583672,-5.1887996070621698e-06,3.0047452114718485e-05,-0.001123797849091456
0.375,60,6.4679427981644924e-05,-1.2697092249005143e-06,0.99999999790747984,-0.00015066674850413962,-0.99999998864897333,-1.2587134565595682e-06,-2.707939567766328e-06,-0.001975693563132813
0.375,61,0.00015224478557462147,1.2980374920442983e-05,0.9999999883265176,0.0012125411707596141,-0.99999926478986845,1.2791868058118416e-05,3.5656082918248596e-06,-0.0011268247359105497
0.375,64,-6.7282167194193302e-05,1.0067740159258044e-06,0.9999999977360482,-0.00014605467703181522,-0.99999998933352019,9.9540941220096225e-07,-4.006708716683434e-06,-0.0019755569269665784
0.375,68,-2.1365082295683485e-05,-1.3308768489901793e-06,0.99999999977088116,0.00049717771100899822,-0.99999987640630217,-1.3055068704126251e-06,7.301821254986441e-06,-0.0015404613568788768
0.375,69,8.9010535038154223e-06,3.4405739684394027e-06,0.99999999995446687,0.00094673163772181733,-0.99999955184361577,3.4312717950408138e-06,1.2218500703535652e-05,-0.0012761091549265819
0.375,72,2.8022118570523599e-07,1.5332043900972444e-07,0.99999999999994904,-0.00010903106123510273,-0.99999999405610207,1.5269490945140346e-07,-3.7130498572934405e-07,-0.0019414509936757508
0.375,76,3.2186555152481839e-05,6.2677805913817967e-06,0.99999999946237028,0.00050337575731358426,-0.99999987328698248,6.2342408190087493e-06,5.763295650564136e-06,-0.001541408579634616
0.375,78,-6.5757578796885163e-05,5.9247046404846859e-06,0.99999999782041948,-0.001503586321493839,-0.99999886959649409,5.8230511107255897e-06,1.2514941271950582e-05,-0.002645059614346201
0.375,80,6.9834920556989411e-05,-1.1376479275240052e-05,0.99999999749682977,-0.0015085280317506029,-0.99999886210745581,-1.1268145955048724e-05,-2.1762283964701987e-06,-0.0026437214871575876
0.375,83,1.6256273610884601e-06,9.6987052808661552e-07,0.99999999999820832,-0.00078844647030117186,-0.99999968917557192,9.6072891657745162e-07,-8.565322944950067e-06,-0.0023637051595688614
0.375,85,1.3591779623390302e-06,-2.5606785936666582e-06,0.99999999999579781,-0.0012404264893426645,-0.99999923066749297,-2.558639379608631e-06,2.7775125593758624e-06,-0.0025461896252974227
0.375,88,-1.7071965155472939e-06,-5.132560577870596e-06,0.99999999998537115,-0.00079201836577026956,-0.99999968634028502,-5.1225063429439149e-06,8.84569844337998e-06,-0.002363169842015287
0.4000000059604645,57,-0.00014015707848251242,-5.7219699259842121e-06,0.99999999016162622,0.0012864231517725302,-0.99999917254206161,-5.5377293466893687e-06,3.210337065734698e-05,-0.0011981213793353942
0.4000000059604645,60,6.901231407043811e-05,-1.3577884105141785e-06,0.99999999761772851,-0.00016064102084282768,-0.9999999870963262,-1.3452748381160798e-06,-2.9115626784565373e-06,-0.0021066029870997404
0.4000000059604645,61,0.00016249953178188801,1.3859012067983412e-05,0.99999998670091494,0.0012939349470916716,-0.99999916277274237,1.3644302139791231e-05,3.741515578652179e-06,-0.0012013500670272112
0.4000000059604645,64,-7.1795764447012432e-05,1.0789269438476144e-06,0.99999999742210222,-0.00015571307519594138,-0.99999998787615074,1.0659931925871661e-06,-4.263380347043996e-06,-0.0021064566926945723
0.4000000059604645,68,-2.2828487765122758e-05,-1.4268084081518004e-06,0.99999999973841225,0.00053054816357988644,-0.99999985925833601,-1.3978982614068256e-06,7.787079119853737e-06,-0.0016426768694240948
0.4000000059604645,69,9.4878771174013057e-06,3.6691406975172905e-06,0.99999999994825872,0.0010102818168799522,-0.99999948965850238,3.6585597925188804e-06,1.3027683598184682e-05,-0.0013606663510921397
0.4000000059604645,72,2.9432084331100931e-07,1.6416440841575465e-07,0.99999999999994327,-0.0001160360599632776,-0.99999999326780298,1.6345136576642672e-07,-4.030918706629274e-07,-0.0020700589615466696
0.4000000059604645,76,3.4363560802182893e-05,6.6915437501760277e-06,0.99999999938718442,0.00053715614360796428,-0.9999998557094949,6.6533398855478161e-06,6.1407245868642976e-06,-0.0016436869680328456
0.4000000059604645,78,-7.0006281190773947e-05,6.3305207121879544e-06,0.99999999752952251,-0.0016013300908182101,-0.99999871785083327,6.2152578757414014e-06,1.3336296449067457e-05,-0.0028192676805646358
0.4000000059604645,80,7.4323971769813625e-05,-1.2142268594271268e-05,0.99999999716425625,-0.0016065944832011,-0.99999870935401669,-1.2019468469418024e-05,-2.3529349354929577e-06,-0.002817841243642281
0.4000000059604645,83,1.7891157372643746e-06,1.0387559216707487e-06,0.99999999999786005,-0.00083961390563530352,-0.99999964752365367,1.0284241555955866e-06,-9.149215853240479e-06,-0.0025197347558608106
0.4000000059604645,85,1.4352871127415016e-06,-2.7295323905270796e-06,0.9999999999952448,-0.0013210087756321835,-0.9999991274638077,-2.7272356206221969e-06,2.94382033611647e-06,-0.0027140020085223864
0.4000000059604645,88,-1.8990959205148124e-06,-5.4751675752476999e-06,0.9999999999832081,-0.00084341548363799979,-0.99999964431017097,-5.4638209840389271e-06,9.41738300770518e-06,-0.0025191637112947237
0.42500001192092896,57,-0.0001490466883856483,-6.095335522643694e-06,0.99999998887396568,0.0013674281200297667,-0.99999906505240233,-5.8870726660591022e-06,3.416599634983156e-05,-0.0012723723801720016
0.42500001192092896,60,7.3347844470663659e-05,-1.4462678020252872e-06,0.99999999730900091,-0.00017060600283522106,-0.99999998544577018,-1.4321380106521807e-06,-3.1179664725210057e-06,-0.002237413883764968
0.42500001192092896,61,0.0001727675123605789,1.4739351311372519e-05,0.99999998496706888,0.0013753968948835378,-0.99999905403616607,1.4496703141521714e-05,3.909609051381088e-06,-0.001275802854868888
0.42500001192092896,64,-7.6312849523645519e-05,1.1516627219278656e-06,0.99999999708751131,-0.00016536116017473059,-0.99999998632719678,1.1370580094033579e-06,-4.518784889595569e-06,-0.0022372578557740457
0.42500001192092896,68,-2.4296781998231136e-05,-1.5236584662255632e-06,0.99999999970367248,0.00056394616573174014,-0.99999984098123695,-1.4909710973129997e-06,8.272112863102256e-06,-0.0017448339539672662
0.42500001192092896,69,1.0073897550718285e-05,3.8975937422960068e-06,0.99999999994166255,0.0010738850973152408,-0.99999942337768355,3.8856521672899205e-06,1.3836207002000343e-05,-0.0014451609309489102
0.42500001192092896,72,3.0787637146305395e-07,1.7507717378791623e-07,0.99999999999993727,-0.00012300805969116802,-0.99999999243449333,1.7427072916767897e-07,-4.357234353164012e-07,-0.002198566198313962
0.42500001192092896,76,3.6544514295780768e-05,7.1160396576825149e-06,0.99999999930693029,0.0005709636693937986,-0.9999998369752181,7.0728624588016325e-06,6.517372708265836e-06,-0.0017459068866160629
0.42500001192092896,78,-7.4238189646549959e-05,6.7376164668815909e-06,0.99999999722164779,-0.0016987656959853547,-0.99999855707468155,6.6079416872587855e-06,1.415597465245058e-05,-0.002993213221128399
0.42500001192092896,80,7.8792408320867068e-05,-1.2908912334285981e-05,0.99999999681255825,-0.0017043519397564124,-0.99999854750963113,-1.2770799199588171e-05,-2.5333959882109053e-06,-0.002991698576157675
0.42500001192092896,83,1.9594868935530365e-06,1.1081527022653324e-06,0.99999999999746625,-0.00089060835593261095,-0.99999960340769833,1.096567152624008e-06,-9.734710687458534e-06,-0.0026755735414004914
0.42500001192092896,85,1.5096373793111026e-06,-2.8981589508549425e-06,0.99999999999466072,-0.0014013299338766609,-0.99999901813253389,-2.8955923789087071e-06,3.1078385839878323e-06,-0.0028815761247321537
0.42500001192092896,88,-2.100654948225216e-06,-5.8178237499517831e-06,0.99999999998087008,-0.00089463857988402395,-0.9999995997939759,-5.8051189537676602e-06,9.986925341965083e-06,-0.0026749667603542283
0.44999998807907104,57,-0.00015795163301434968,-6.4706268364690528e-06,0.9999999875047062,0.0014485024557909616,-0.99999895090031843,-6.2368363021404693e-06,3.623534986659513e-05,-0.00134655119858308
0.44999998807907104,60,7.76860266633626e-05,-1.5351425146113316e-06,0.9999999969812623,-0.00018056160594467747,-0.9999999836975989,-1.519298042337277e-06,-3.327131837166022e-06,-0.0023681265859811316
0.44999998807907104,61,0.00018304874917662769,1.5621400438891185e-05,0.9999999831245634,0.001456926751357269,-0.99999893856386024,1.5349073428265314e-05,4.06987300083746e-06,-0.001350183443887877
0.44999998807907104,64,-8.0833420684883146e-05,1.2249733188691576e-06,0.99999999673222861,-0.00017499884786296237,-0.99999998468697104,1.2085957774789448e-06,-4.772930338414708e-06,-0.0023679607478680224
0.44999998807907104,68,-2.5769966603460389e-05,-1.6214302477609085e-06,0.99999999966663977,0.00059737161270691274,-0.9999998215723066,-1.5847275505291995e-06,8.756916119361794e-06,-0.001846932924676861
0.44999998807907104,69,1.0659118374290222e-05,4.1259308765253251e-06,0.99999999993467992,0.0011375412661811693,-0.99999935299126819,4.1125467606004814e-06,1.4644073510484272e-05,-0.0015295932367087848
0.44999998807907104,72,3.2089255134011607e-07,1.8605713787775987e-07,0.99999999999993117,-0.00012994705607076285,-0.99999999155686392,1.8515137620880516e-07,-4.6919392892535474e-07,-0.0023269730579747387
0.44999998807907104,76,3.8729423989871202e-05,7.5412674443741711e-06,0.99999999922158045,0.00060479822993001647,-0.99999981708146268,7.4928066550770145e-06,6.8932526005923764e-06,-0.0018480686482092894
0.44999998807907104,78,-7.8453321093695431e-05,7.1459791553171179e-06,0.99999999689700569,-0.0017958937904902332,-0.99999838735693869,7.0010986454716684e-06,1.4973965550394142e-05,-0.003166896868600984
0.44999998807907104,80,8.3240266317190925e-05,-1.3676399573389601e-05,0.99999999644200699,-0.0018018010576421001,-0.9999983766637327,-1.3522137406667303e-05,-2.7175768240266936e-06,-0.0031652941154021604
0.44999998807907104,83,2.1367406071162682e-06,1.1780579408556622e-06,0.99999999999702327,-0.00094143007830267732,-0.99999955685392683,1.165156514141988e-06,-1.0321806909999672e-05,-0.002831222044870921
0.44999998807907104,85,1.5822378490523854e-06,-3.0665592309078848e-06,0.99999999999404643,-0.0014813904818428555,-0.99999890273582515,-3.063711104743573e-06,3.2695788160631605e-06,-0.0030489125718736578
0.44999998807907104,88,-2.3118575219262164e-06,-6.1605283513162844e-06,0.99999999997835154,-0.00094568791493318137,-0.99999955281819464,-6.1464015262640709e-06,1.0554344797441049e-05,-0.0028305795170694027
0.4749999940395355,57,-0.0001668719280000779,-6.8478563241311076e-06,0.9999999860534331,0.0015296458962540018,-0.9999988300693371,-6.5870270405328384e-06,3.831145214724719e-05,-0.0014206581798504494
0.4749999940395355,60,8.2026868918082767e-05,-1.6244077141499101e-06,0.99999999663447714,-0.0001905077423503107,-0.99999998185210892,-1.6067500539481937e-06,-3.539039559538878e-06,-0.0024987414257856802
0.4749999940395355,61,0.00019334326553495598,1.6505167353874725e-05,0.99999998117298039,0.0015385242560606502,-0.99999881633961318,1.6201415475445023e-05,4.222291699615745e-06,-0.0014244921768678065
0.4749999940395355,64,-8.5357477148853512e-05,1.2988507471098012e-06,0.99999999635620707,-0.00018462605476409567,-0.99999998295578985,1.2805984578667276e-06,-5.025825021200605e-06,-0.002498565699821957
0.4749999940395355,68,-2.7248043371819835e-05,-1.7201270056573148e-06,0.99999999962729269,0.00063082440036131223,-0.99999980102885833,-1.6791698209601859e-06,9.241482359909253e-06,-0.0019489740945772172
0.4749999940395355,69,1.1243543213163174e-05,4.3541499017366061e-06,0.99999999992731226,0.0012012501121006318,-0.99999927848940939,4.3392414412704786e-06,1.545128579437129e-05,-0.0016139636091946107
0.4749999940395355,72,3.3337409710783218e-07,1.9710270264739688e-07,0.99999999999992495,-0.00013685304508588485,-0.99999999063560274,1.9609168316788145e-07,-5.034976867209683e-07,-0.0024552798935719906
0.4749999940395355,76,4.091829844818199e-05,7.9672263075970841e-06,0.99999999913110793,0.00063865972116759415,-0.99999979602555034,7.9131706564001546e-06,7.268377035253566e-06,-0.0019501725645020389
0.4749999940395355,78,-8.2651692462031934e-05,7.5555961386228474e-06,0.99999999655580518,-0.0018927150260678726,-0.9999982087859699,7.394724911998573e-06,1.5790258669015674e-05,-0.003340319253829788
0.4749999940395355,80,8.7667581664596018e-05,-1.4444719551656447e-05,0.9999999960528726,-0.0018989424913537477,-0.99999819690521552,-1.4273482449928086e-05,-2.905442771559812e-06,-0.0033386284903592607
0.4749999940395355,83,2.320876917598589e-06,1.2484687265620303e-06,0.99999999999652756,-0.00099207932919098902,-0.99999950788841963,1.2341908549062122e-06,-1.0910504166476849e-05,-0.0029866807935607907
0.4749999940395355,85,1.6530975054199274e-06,-3.2347342103439516e-06,0.99999999999340183,-0.0015611909357334136,-0.99999878133546705,-3.2315932659989256e-06,3.4290524338110832e-06,-0.0032160119462247617
0.4749999940395355,88,-2.532688041979005e-06,-6.5032806839917328e-06,0.99999999997564626,-0.00099656374855084458,-0.99999950340917942,-6.4876700145190478e-06,1.111966066093503e-05,-0.0029860025079201337
0.5,57,-0.00017580759038255458,-7.2270365004588423e-06,0.99999998451973049,0.0016108581809584708,-0.99999870254305312,-6.9376517200349696e-06,4.039432442457953e-05,-0.0014946936675762788
0.5,60,8.6370380371425927e-05,-1.7140586130491657e-06,0.99999999626860969,-0.00020044432496996116,-0.99999997990960032,-1.6944892146208774e-06,-3.7536703221178637e-06,-0.0026292587344112234
0.5,61,0.00020365108630741996,1.7390660086640357e-05,0.99999997911189964,0.0016201891509599617,-0.99999868734728126,1.7053731879939277e-05,4.366849394908448e-06,-0.0014987293949464285
0.5,64,-8.9885019177222945e-05,1.3732870632037832e-06,0.9999999959593987,-0.00019424269800540121,-0.99999998113397159,1.3530580581351231e-06,-5.277477616066089e-06,-0.0026290730416744686
0.5,68,-2.8731014288649311e-05,-1.8197520213066635e-06,0.9999999995856087,0.00066430442516456545,-0.99999977934821693,-1.7743001360387792e-06,9.725804879771501e-06,-0.002050957775564771
0.5,69,1.1827175752976033e-05,4.582248650772101e-06,0.99999999991956035,0.0012650114252021824,-0.9999991998623039,4.5657341091833362e-06,1.6257846606625018e-05,-0.001698272387869685
0.5,72,3.4532565343013248e-07,2.082122711918511e-07,0.99999999999991851,-0.00014372602306881658,-0.9999999896713937,2.0709002795894302e-07,-5.386291338923092e-07,-0.0025834870572063787
0.5,76,4.3111146458839462e-05,8.3939155184192313e-06,0.99999999903548564,0.00067254803975533859,-0.99999977380481442,8.3339527172136425e-06,7.642758985828912e-06,-0.002052218946065794
0.5,78,-8.6833320706568913e-05,7.9664548979381822e-06,0.99999999619825486,-0.0019892300527176703,-0.9999980214496087,7.7888167196554003e-06,1.6604843389045057e-05,-0.003513481005962125
0.5,80,9.2074390090332011e-05,-1.521386167776404e-05,0.99999999564542252,-0.0019957768936953429,-0.99999800832243901,-1.5024833793764784e-05,-3.096959217168159e-06,-0.0035117023283110322
0.5,83,2.5118961457871218e-06,1.3193821687566229e-06,0.99999999999597478,-0.001042556364366583,-0.99999945653711597,1.3036688001535679e-06,-1.1500802294567385e-05,-0.0031419503133809368
0.5,85,1.7222252261366046e-06,-3.4026848926833289e-06,0.99999999999272782,-0.0016407318101830581,-0.99999865399288035,-3.3992403486827376e-06,3.586270724773167e-06,-0.0033828748424091994
0.5,88,-2.7631314124036661e-06,-6.8460801125560621e-06,0.99999999997274824,-0.0010472663398340787,-0.99999945159313919,-6.8289257751761837e-06,1.1682892154807712e-05,-0.0031412362580063506
0.5249999761581421,57,-0.00018475863872945345,-7.6081799453838362e-06,0.99999998290318026,0.0016921390518745616,-0.99999856830512712,-7.2887172386967272e-06,4.248398825726204e-05,-0.001568658003704734
0.5249999761581421,60,9.0716571113042848e-05,-1.8040904746413312e-06,0.99999999588362454,-0.00021037126748127549,-0.99999997787037609,-1.7825107461575847e-06,-3.971004697519834e-06,-0.0027596788422946934
0.5249999761581421,61,0.00021397223806550773,1.8277886807360131e-05,0.99999997694089982,0.0017019211805288591,-0.99999855157078577,1.7906025371935382e-05,4.503530306637622e-06,-0.0015728954376401218
0.5249999761581421,64,-9.4416048169307151e-05,1.4482743678327215e-06,0.99999999554175623,-0.00020384869535314257,-0.9999999792218377,1.425966632284399e-06,-5.527897171392524e-06,-0.002759483102666419
0.5249999761581421,68,-3.0218881544819412e-05,-1.9203086083685774e-06,0.99999999954156582,0.00069781158419911823,-0.999999756527718,-1.8701207543701225e-06,1.0209876785390226e-05,-0.0021528842784262455
0.5249999761581421,69,1.2410019745533802e-05,4.8102249898115448e-06,0.99999999991142652,0.0013288249971514852,-0.99999911710019196,4.7920226972717236e-06,1.706375879274004e-05,-0.0017825199108693999
0.5249999761581421,72,3.5675179296763419e-07,2.1938424640647586e-07,0.99999999999991218,-0.00015056598671704075,-0.9999999886649179,2.1814478878838584e-07,-5.745827892285671e-07,-0.0027115949000468967
0.5249999761581421,76,4.5307977051059923e-05,8.8213344261450111e-06,0.99999999893468561,0.00070646308304477315,-0.99999975041659861,8.7551511687267538e-06,8.016411649006588e-06,-0.0021542081023724143
0.5249999761581421,78,-9.0998222840791228e-05,8.3785430382941076e-06,0.99999999582456178,-0.0020854395187390462,-0.9999978254351588,8.1833703764384382e-06,1.7417708943665457e-05,-0.0036863827524562026
0.5249999761581421,80,9.6460727175722857e-05,-1.5983815540096747e-05,0.99999999521992278,-0.0020923049158199101,-0.99999781100322971,-1.5776191019080591e-05,-3.2920916009092867e-06,-0.0036845162548500656
0.5249999761581421,83,2.7097989117837124e-06,1.3907953975885695e-06,0.99999999999536127,-0.0010928614389091732,-0.99999940282581612,1.3735889862115756e-06,-1.2092701333023976e-05,-0.0032970311288776787
0.5249999761581421,85,1.7896297815534623e-06,-3.5704123067828606e-06,0.9999999999920246,-0.0017200136182543365,-0.99999852076912199,-3.5666538584902049e-06,3.7412448612743826e-06,-0.0035495018534050125
0.5249999761581421,88,-3.0031730658236979e-06,-7.1889260652999825e-06,0.99999999996965006,-0.001097795947202055,-0.99999939739614196,-7.1701702125027652e-06,1.2244058438406827e-05,-0.0032962812910617223
0.550000011920929,57,-0.00019372509326404401,-7.9912993095789919e-06,0.99999998120336342,0.0017734882534946865,-0.99999842733928423,-7.6402305584837933e-06,4.458046556005773e-05,-0.0016425515285433785
0.550000011920929,60,9.5065452272262432e-05,-1.8944986148153809e-06,0.99999999547948537,-0.0002202884843471797,-0.99999997573474153,-1.8708099245667421e-06,-4.191023142966978e-06,-0.0028900020790862406
0.550000011920929,61,0.00022430674922603063,1.9166855841723285e-05,0.99999997465955648,0.0017837200918529603,-0.9999984089941143,1.8758298829470919e-05,4.6323186208101445e-06,-0.001646990642868173
0.550000011920929,64,-9.8950566757417899e-05,1.5238048087265103e-06,0.99999999510323156,-0.00021344396523380226,-0.99999997721971257,1.4993162835641615e-06,-5.7770931267153125e-06,-0.0028897962112491085
0.550000011920929,68,-3.1711647551747333e-05,-2.0218001129044659e-06,0.99999999949514173,0.0007313457751596035,-0.99999973256470909,-1.9666339657211077e-06,1.0693690978914896e-05,-0.002254753912855454
0.550000011920929,69,1.2992079015429776e-05,5.0380768233429192e-06,0.99999999990291188,0.0013926906211901373,-0.99999903019335601,5.0181051764425345e-06,1.7869025298164044e-05,-0.001866706515033206
0.550000011920929,72,3.6765701357484607e-07,2.3061703182472907e-07,0.99999999999990574,-0.00015737293311390941,-0.9999999876168536,2.2925434498125085e-07,-6.113532698132772e-07,-0.0028396037723412786
0.550000011920929,76,4.7508799515985602e-05,9.249482467545176e-06,0.99999999882868051,0.00074040474909641929,-0.99999972585825958,9.1767644279645213e-06,8.389348464298222e-06,-0.0022561403418126266
0.550000011920929,78,-9.5146415959380194e-05,8.7918482981975788e-06,0.99999999543493145,-0.0021813440707619015,-0.99999762082939792,8.5783822752133033e-06,1.8228844412263283e-05,-0.003859025119099698
0.550000011920929,80,0.00010082662837155227,-1.6754570916354522e-05,0.99999999477663759,-0.0021885272072612234,-0.99999760503488344,-1.6527553833196954e-05,-3.4908054141604344e-06,-0.0038570708938962554
0.550000011920929,83,2.9145861592365618e-06,1.4627055661455063e-06,0.99999999999468281,-0.0011429948071960681,-0.99999934678017954,1.4439500627541045e-06,-1.2686201532608503e-05,-0.003451923763249388
0.550000011920929,85,1.855319831079967e-06,-3.7379175096311244e-06,0.99999999999129296,-0.0017990368714313042,-0.99999838172488742,-3.7338353236799918e-06,3.893985897341524e-06,-0.003715893570559438
0.550000011920929,88,-3.2527989956492023e-06,-7.5318180407272217e-06,0.99999999996634548,-0.0011481528283853527,-0.99999934084411346,-7.511404785086652e-06,1.2803178607819031e-05,-0.0034511381294690118
0.574999988079071,57,-0.00020270697600486764,-8.3764073228395783e-06,0.99999997941985852,0.0018549055329340803,-0.99999827962931465,-7.9921987125877433e-06,4.6683778642275893e-05,-0.0017163745807866266
0.574999988079071,60,9.9417036115185793e-05,-1.9852784023616878e-06,0.99999999505615578,-0.00023019589083982822,-0.99999997350300607,-1.9593820803056388e-06,-4.413705992623123e-06,-0.003020228773661348
0.574999988079071,61,0.00023465465020803321,2.0057575684701906e-05,0.99999997226744397,0.0018655856347367635,-0.99999825960131827,1.961055529097299e-05,4.753198484769022e-06,-0.001721015346979302
0.574999988079071,64,-0.00010348857891450998,1.5998705821636022e-06,0.9999999946437772,-0.00022302842675192775,-0.99999997512792282,1.5730991658618178e-06,-6.025075336251e-06,-0.003020012695096675
0.574999988079071,68,-3.320931495630498e-05,-2.1242299165595784e-06,0.99999999944631468,0.00076490689635302087,-0.99999970745654743,-2.0638420940451507e-06,1.1177240143966673e-05,-0.002356566987473904
0.574999988079071,69,1.3573357467300888e-05,5.2658020964707161e-06,0.99999999989401767,0.0014566080921750092,-0.99999893913212046,5.2439795578351952e-06,1.8673649180272316e-05,-0.0019508325359402228
0.574999988079071,72,3.7804573457785081e-07,2.4190903253205084e-07,0.99999999999989919,-0.00016414685974730275,-0.99999998652787525,2.4041707788319126e-07,-6.489352953854245e-07,-0.0029675140234295973
0.574999988079071,76,4.9713623425822633e-05,9.6783591723714621e-06,0.9999999987174425,0.00077437293668702108,-0.9999997001271641,9.5987910030858214e-06,8.76158313750302e-06,-0.0023580159717166913
0.574999988079071,78,-9.9277917272547745e-05,9.2063585482300343e-06,0.99999999502956893,-0.0022769443537853434,-0.99999740771858003,8.9738488923746362e-06,1.9038238718143122e-05,-0.004031408730025978
0.574999988079071,80,0.0001051721290307456,-1.752611778827696e-05,0.99999999431582942,-0.0022844444159803843,-0.9999973905041698,-1.7278922084822515e-05,-3.6930661958042977e-06,-0.004029366867710796
0.574999988079071,83,3.1262591772066685e-06,1.5351098491684356e-06,0.99999999999393496,-0.0011929567228876651,-0.99999928842572827,1.5147506916078533e-06,-1.3281303366337578e-05,-0.0036066287383642796
0.574999988079071,85,1.9193039212215844e-06,-3.9052015906158035e-06,0.99999999999053291,-0.0018778020796160631,-0.99999823692051271,-3.9007862994197619e-06,4.044504766886802e-06,-0.0038820505836021225
0.574999988079071,88,-3.5119957859830053e-06,-7.874755609419387e-06,0.99999999996282696,-0.0011983372404159036,-0.99999928196283949,-7.8526310078971912e-06,1.3360271697298819e-05,-0.0036058072942776963
0.6000000238418579,57,-0.00021170431091132206,-8.763516801246946e-06,0.99999997755224257,0.0019363906400387655,-0.99999812515907072,-8.3446288114271614e-06,4.879395024450602e-05,-0.0017901274975393692
0.6000000238418579,60,0.00010377133615155853,-2.0764252602418566e-06,0.99999999461359912,-0.00024009340306931667,-0.99999997117548101,-2.0482225994388271e-06,-4.639033451115536e-06,-0.003150359254131307
0.6000000238418579,61,0.00024501597359646615,2.0950055017545537e-05,0.99999996976413352,0.001947517561817546,-0.99999810337651152,2.0462797970923176e-05,4.866154001764881e-06,-0.001794969884778675
0.6000000238418579,64,-0.00010803009007009322,1.6764639340594719e-06,0.99999999416334451,-0.00023260199970983681,-0.99999997294679766,1.6473074846684099e-06,-6.271854093325568e-06,-0.0031501328811168808
0.6000000238418579,68,-3.4711886653665568e-05,-2.2276014379881407e-06,0.99999999939506146,0.00079849484669836004,-0.99999968120060234,-2.161747498737294e-06,1.1660516727173863e-05,-0.002458323809849761
0.6000000238418579,69,1.4153859092788779e-05,5.4933987992850166e-06,0.99999999988474553,0.0015205772066194917,-0.99999884390685234,5.4696438971381701e-06,1.9477633617725833e-05,-0.0020348983079455096
0.6000000238418579,72,3.8792229450553569e-07,2.5325865456956419e-07,0.99999999999989275,-0.0001708877645315099,-0.9999999853986542,2.5163137025171286e-07,-6.873236936166478e-07,-0.0030953260017566047
0.6000000238418579,76,5.1922458656155192e-05,1.0107964171499539e-05,0.9999999986009438,0.00080836754531659445,-0.99999967322068983,1.0021229501313042e-05,9.133129665258093e-06,-0.0024598352983753805
0.6000000238418579,78,-0.00010339274413978029,9.6220618021674456e-06,0.99999999460867817,-0.0023722410112117149,-0.99999718618843736,9.3697667990064739e-06,1.9845880622851063e-05,-0.004203534207729992
0.6000000238418579,80,0.00010949726443692888,-1.8298446347664175e-05,0.99999999383775806,-0.0023800571884086321,-0.99999716749733258,-1.8030295770306655e-05,-3.898839529204169e-06,-0.004201404796912523
0.6000000238418579,83,3.344819626648621e-06,1.6080054463279423e-06,0.99999999999311318,-0.0012427474389123448,-0.99999922778784567,1.5859895501273035e-06,-1.3878007542139325e-05,-0.003761146574776789
0.6000000238418579,85,1.9815904822544506e-06,-4.0722656707214418e-06,0.99999999998974498,-0.001956309751120116,-0.99999808641597576,-4.0675083670656984e-06,4.192812280291841e-06,-0.004047973480657797
0.6000000238418579,88,-3.7807506470759857e-06,-8.2177384216743886e-06,0.99999999995908739,-0.001248349439614511,-0.99999922077796533,-8.1938504601280814e-06,1.3915356679326314e-05,-0.0037602893052202774
0.625,57,-0.00022071712404913408,-9.1526406552400246e-06,0.9999999756000898,0.0020179433274986687,-0.9999979639124672,-8.6975280494329996e-06,5.0911003580232865e-05,-0.0018638106143422629
0.625,60,0.00010812836724207264,-2.1679346680136491e-06,0.9999999941517782,-0.00024998093801179618,-0.99999996875248087,-2.137326925943269e-06,-4.866985584334213e-06,-0.0032803938478550582
0.625,61,0.00025539075432644466,2.1844302726241203e-05,0.99999996714919392,0.0020295156286925281,-0.99999794030387001,2.1315030276848545e-05,4.9711692231340775e-06,-0.0018688545895568895
0.625,64,-0.00011257510723036867,1.7535771607972628e-06,0.99999999366188508,-0.0002421646046324765,-0.99999997067666924,1.72193349777832e-06,-6.517440159124425e-06,-0.0032801570954615797
0.625,68,-3.6219365809371489e-05,-2.3319181350357129e-06,0.99999999934135986,0.0008321095257276714,-0.99999965379425393,-2.2603525766254651e-06,1.2143512919350077e-05,-0.002560024686519368
0.625,69,1.4733587978142362e-05,5.7208649717929421e-06,0.99999999987509658,0.0015845977627407905,-0.99999874450796,5.6950962994625411e-06,2.0280981922540194e-05,-0.002118904164219636
0.625,72,3.9729094611025137e-07,2.6466430591525646e-07,0.99999999999988598,-0.00017759564583134848,-0.99999998422985847,2.6289560722433954e-07,-7.26513405427015e-07,-0.0032230400548846315
0.625,76,5.4135315410117528e-05,1.0538297206654642e-05,0.99999999847915599,0.00084238847521738846,-0.9999996451362263,1.0444078638422117e-05,9.5040023620944e-06,-0.0025615986270617758
0.625,78,-0.00010749091410610201,1.0038946228540627e-05,0.99999999417246144,-0.0024672346848898753,-0.99999695632418417,9.7661326724540854e-06,2.0651758721232867e-05,-0.004375402173087819
0.625,80,0.00011380206983538028,-1.9071547015442512e-05,0.99999999334268241,-0.0024753661694927155,-0.99999693610009399,-1.8781675052910653e-05,-4.108091038895927e-06,-0.004373185300495621
0.625,83,3.5702695659746736e-06,1.6813895827938416e-06,0.99999999999221301,-0.0012923672074511082,-0.99999916489177798,1.6576653318631261e-06,-1.4476315015331462e-05,-0.003915477791747441
0.625,85,2.0421878250407367e-06,-4.2391109076153208e-06,0.99999999998892963,-0.0020345603926589452,-0.999997930270899,-4.2340031393300719e-06,4.338919121716631e-06,-0.004213662848262347
0.625,88,-4.0590514512987087e-06,-8.5607662136803881e-06,0.99999999995511868,-0.0012981896815800905,-0.99999915731499645,-8.5350647915803011e-06,1.4468452465868974e-05,-0.003914584680730347
0.6499999761581421,57,-0.00022974544376485283,-9.5437919004709773e-06,0.99999997356297321,0.0020995633509780631,-0.99999779587347915,-9.0509037145015254e-06,5.303496238247135e-05,-0.0019374242651979822
0.6499999761581421,60,0.00011248814572458223,-2.2598021708080012e-06,0.99999999367065517,-0.00025985841354264589,-0.99999996623432286,-2.2266905705524155e-06,-5.097542309623174e-06,-0.0034103328814520835
0.6499999761581421,61,0.00026577902988303111,2.2740327921067774e-05,0.99999996442219186,0.0021115795940540904,-0.99999777036762971,2.216725582726698e-05,5.06822814232143e-06,-0.001942669793120157
0.6499999761581421,64,-0.00011712363911681554,1.8312026191069892e-06,0.99999999313934995,-0.00025171616278783933,-0.99999996831787163,1.7969695250233258e-06,-6.761844792667696e-06,-0.0034100856635405435
0.6499999761581421,68,-3.7731755874114902e-05,-2.4371835107140088e-06,0.99999999928518735,0.00086575083358594873,-0.99999962523489294,-2.3596597677417505e-06,1.2626220634950674e-05,-0.002661669923008968
0.6499999761581421,69,1.5312548314365735e-05,5.9481987074927518e-06,0.99999999986507249,0.0016486695605089719,-0.99999864092589152,5.9203349228505178e-06,2.1083697552944617e-05,-0.0022028504367903367
0.6499999761581421,72,4.0615585318508821e-07,2.7612439646914473e-07,0.99999999999987932,-0.00018427050248584538,-0.9999999830221532,2.7420817628978783e-07,-7.664994909917435e-07,-0.0033506565295079995
0.6499999761581421,76,5.6352204246050288e-05,1.0969358140266881e-05,0.99999999835205111,0.00087643562736362986,-0.99999961587117214,1.0867337248339975e-05,9.874215890549169e-06,-0.0026633062620550897
0.6499999761581421,78,-0.00011157244494228639,1.0457000146196364e-05,0.99999999372112036,-0.0025619260151586313,-0.99999671821051872,1.016294329186251e-05,2.145586143653536e-05,-0.004547013245376366
0.6499999761581421,80,0.00011808658046881057,-1.9845410449375765e-05,0.99999999283085961,-0.0025703720027503503,-0.99999669639765665,-1.9533060270688276e-05,-4.320786384983961e-06,-0.004544708995846831
0.6499999761581421,83,3.8026114815745859e-06,1.7552595080478413e-06,0.99999999999122957,-0.0013418162799187978,-0.99999909976263424,1.7297767454799919e-06,-1.5076227002700575e-05,-0.004069622907262188
0.6499999761581421,85,2.1011041369762447e-06,-4.4057384975014547e-06,0.99999999998808753,-0.0021125545093434732,-0.99999776854455169,-4.4002722622197682e-06,4.482835846580705e-06,-0.004379119271377222
0.6499999761581421,88,-4.3468867747999129e-06,-8.9038388080685304e-06,0.99999999995091315,-0.0013478582211751448,-0.99999909159930089,-8.8762757234318515e-06,1.5019577909130327e-05,-0.0040686939379628055
0.675000011920929,57,-0.00023878930087936067,-9.9369836653252118e-06,0.99999997144046249,0.0021812504692482215,-0.99999762102614065,-9.4047631939701373e-06,5.5165850952751356e-05,-0.0020109687825991245
0.675000011920929,60,0.0001168506895493015,-2.3520233669744593e-06,0.99999999317019206,-0.00026972574847108932,-0.99999996362132704,-2.3163090982563739e-06,-5.3306833847867415e-06,-0.0035401766808157795
0.675000011920929,61,0.00027618084051522855,2.3638139956857355e-05,0.99999996158269011,0.0021937092198359822,-0.99999759355208584,2.3019478470191748e-05,5.15731468660927e-06,-0.002016415825822844
0.675000011920929,64,-0.00012167569631315888,1.9093327151431311e-06,0.99999999259568972,-0.00026125659621637382,-0.99999996587074202,1.8724079371931569e-06,-7.005079785760105e-06,-0.003539918910033503
0.675000011920929,68,-3.9249060606122398e-05,-2.5434011101516321e-06,0.99999999922652105,0.00089941867103229638,-0.99999959551992024,-2.4596715520457466e-06,1.3108631488453753e-05,-0.002763259823859431
0.675000011920929,69,1.5890744405184411e-05,6.1753981593888237e-06,0.99999999985467425,0.0017127924017000314,-0.99999853315113574,6.1453579842234529e-06,2.188578412721278e-05,-0.0022867374565883987
0.675000011920929,72,4.1452108609298972e-07,2.8763733870700763e-07,0.99999999999987277,-0.00019091233383799534,-0.99999998177619953,2.8556746792774042e-07,-8.072771364613388e-07,-0.00347817577146814
0.675000011920929,76,5.857313610411286e-05,1.1401146962608419e-05,0.99999999821960073,0.00091050890348132944,-0.99999958542293887,1.1291004290001731e-05,1.0243785293608835e-05,-0.00276495850666578
0.675000011920929,78,-0.00011563735468431716,1.0876212045247201e-05,0.99999999325485511,-0.0026563156408897001,-0.99999647193162544,1.0560195559079605e-05,2.2258177012484832e-05,-0.0047183680422931695
0.675000011920929,80,0.00012235083160933648,-2.0620027566465396e-05,0.99999999230254422,-0.0026650753303188285,-0.99999644847470581,-2.0284451959041035e-05,-4.536891260137565e-06,-0.0047159764987662915
0.675000011920929,83,4.0418483224050475e-06,1.8296125016693184e-06,0.99999999999015798,-0.0013910949069470249,-0.99999903242538768,1.8023225206551159e-06,-1.5677744998939624e-05,-0.004223582438053389
0.675000011920929,85,2.1583474782908929e-06,-4.5721496801946452e-06,0.99999999998721867,-0.0021902926046706694,-0.99999760129585036,-4.5663174201950944e-06,4.624572876043221e-06,-0.004544343333405262
0.675000011920929,88,-4.6442459431879166e-06,-9.2469561289523139e-06,0.99999999994646227,-0.0013973553125133371,-0.9999990236561076,-9.2174850635052822e-06,1.5568751801898344e-05,-0.004222617592813438
0.699999988079071,57,-0.00024784872890210415,-1.0332229203902171e-05,0.99999996923212597,0.0022630044443427964,-0.99999743935454388,-9.7591139858925335e-06,5.730369421668734e-05,-0.002084444497558024
0.699999988079071,60,0.00012121601842407769,-2.4445939226495583e-06,0.99999999265035044,-0.00027958286257744416,-0.99999996091381582,-2.4061781427124725e-06,-5.56638839583457e-06,-0.0036699255711283843
0.699999988079071,61,0.00028659622947860394,2.4537748458159039e-05,0.99999995863024915,0.0022759042713780412,-0.99999740984159025,2.3871702306344142e-05,5.238412707839457e-06,-0.002090093016601644
0.699999988079071,64,-0.00012623129142846437,1.9879599170635754e-06,0.99999999203085455,-0.00027078582775723071,-0.99999996333561925,1.9482411684420251e-06,-7.247157500691429e-06,-0.0036696571589066576
0.699999988079071,68,-4.0771284093933538e-05,-2.6505745278125114e-06,0.99999999916533855,0.00093311293944146943,-0.99999956464674855,-2.5603904563935584e-06,1.359073676774569e-05,-0.0028647946926511525
0.699999988079071,69,1.6468180678796837e-05,6.4024615455641992e-06,0.99999999984390386,0.0017769660899566494,-0.99999842117422166,6.3701637648761157e-06,2.26872454386327e-05,-0.002370565553496482
0.699999988079071,72,4.2239061633660885e-07,2.9920154842046311e-07,0.999999999999866,-0.00019752113976303327,-0.99999998049265537,2.9697187633306672e-07,-8.488416615243269e-07,-0.0036055981257703245
0.699999988079071,76,6.0798122339777607e-05,1.18336638065071e-05,0.99999999808177642,0.00094460820606158402,-0.99999955378894745,1.1715078861752165e-05,1.0612726031943454e-05,-0.0028665556632627024
0.699999988079071,78,-0.00011968566168743942,1.1296570590840164e-05,0.99999999277386487,-0.0027504041995484764,-0.99999621757117851,1.0957886502310332e-05,2.30586935077437e-05,-0.004889467179981289
0.699999988079071,80,0.00012659485860630352,-2.1395389556495779e-05,0.99999999175798948,-0.0027594767930238665,-0.99999619241541182,-2.1035850864348787e-05,-4.756371384582482e-06,-0.00488698842348735
0.699999988079071,83,4.2879835334843645e-06,1.9044458727229751e-06,0.99999999998899314,-0.0014402033383634084,-0.999998962904876,1.8753014075767706e-06,-1.6280870793430585e-05,-0.004377356899623588
0.699999988079071,85,2.2139257772129351e-06,-4.7383457405238352e-06,0.99999999998632327,-0.0022677751805155427,-0.9999974285833626,-4.7321403376614269e-06,4.764140494419278e-06,-0.004709335616208599
0.699999988079071,88,-4.9511190792824916e-06,-9.5901182051294272e-06,0.99999999994175803,-0.0014466812089437026,-0.99999895351050783,-9.5586947097002538e-06,1.611599287845881e-05,-0.004376356159941823
0.7250000238418579,57,-0.00025692376426569993,-1.0729541908898816e-05,0.99999996693752757,0.0023448250417215026,-0.99999725084283675,-1.0113963710044074e-05,5.944851778514979e-05,-0.002157851739638115
0.7250000238418579,60,0.00012558415398176235,-2.5375095738744537e-06,0.99999999211109059,-0.00028942967665631465,-0.99999995811211473,-2.496293408186163e-06,-5.804636741098529e-06,-0.0037995798768779244
0.7250000238418579,61,0.00029702524329905063,2.5439163344257033e-05,0.99999995556442589,0.0023581645176087075,-0.99999721922055118,2.4723931712027463e-05,5.311505973594569e-06,-0.002163701693012539
0.7250000238418579,64,-0.00013079043928076984,2.0670767568248589e-06,0.99999999144479401,-0.00028030378108006193,-0.99999996071284514,2.0244617178939075e-06,-7.488090912994404e-06,-0.0037993007334267293
0.7250000238418579,68,-4.2298430781387193e-05,-2.758707412648046e-06,0.99999999910161619,0.00096683354080579777,-0.99999953261280039,-2.6618190594152218e-06,1.4072527406254201e-05,-0.0029662748320318476
0.7250000238418579,69,1.7044861698710793e-05,6.629387154170535e-06,0.99999999983276211,0.0018411904308541479,-0.99999830498571685,6.594750615383767e-06,2.3488085473437372e-05,-0.002454335056402373
0.7250000238418579,72,4.2976831106664845e-07,3.1081544391089755e-07,0.99999999999985922,-0.00020409692070256239,-0.99999997917217565,3.0841979859387948e-07,-8.911885266080438e-07,-0.0037329239366011343
0.7250000238418579,76,6.3027174757347907e-05,1.2266908958900815e-05,0.9999999979385491,0.00097873343837450301,-0.99999952096662892,1.2139560212558836e-05,1.0981054024895489e-05,-0.0029680980333021893
0.7250000238418579,78,-0.00012371738467149742,1.1718064637445998e-05,0.99999999227834779,-0.0028441923272407139,-0.99999595521234308,1.1356013290283934e-05,2.385739878715078e-05,-0.005060311273051165
0.7250000238418579,80,0.00013081869692457219,-2.2171487906405319e-05,0.99999999119744676,-0.0028535770304394777,-0.99999592830343398,-2.1787257968422472e-05,-4.9791925002704254e-06,-0.00505774538270006
0.7250000238418579,83,4.5410210982631506e-06,1.9797569613838373e-06,0.99999999998772982,-0.0014891418231685845,-0.99999889122580199,1.9487121786947254e-06,-1.6885606489183848e-05,-0.0045309468062701055
0.7250000238418579,85,2.2678468249846298e-06,-4.9043280141965125e-06,0.99999999998540223,-0.0023450027371164908,-0.99999725046530763,-4.8977427849229719e-06,4.901548843703408e-06,-0.004874096700127455
0.7250000238418579,88,-5.2674971606033211e-06,-9.9333251789726563e-06,0.99999999993679134,-0.0014958361630333279,-0.99999888118745672,-9.8999066591345931e-06,1.6661319815963092e-05,-0.004529910152795516
0.75,57,-0.00026601444659440113,-1.1128935323061177e-05,0.99999996455622986,0.0024267120304600704,-0.99999705547522222,-1.0469320117272643e-05,6.160034802220443e-05,-0.0022311908369876954
0.75,60,0.00012995511996191032,-2.6307661249599634e-06,0.99999999155237296,-0.00029926611256402957,-0.99999995521655061,-2.5866506677227898e-06,-6.045407616563827e-06,-0.003929139921873221
0.75,61,0.00030746793207314611,2.6342394859331355e-05,0.99999995238477346,0.0024404897312412287,-0.99999702167343041,2.5576171366897612e-05,5.376578155433695e-06,-0.0022372421812707315
0.75,64,-0.00013535315709584136,2.1466758314338569e-06,0.99999999083745728,-0.00028981038072032169,-0.99999995800276342,2.1010621506857496e-06,-7.727893660730744e-06,-0.003928849956178366
0.75,68,-4.3830505496348764e-05,-2.8678034675973406e-06,0.99999999903533121,0.0010005803777369602,-0.99999949941550892,-2.7639599907084368e-06,1.4553993948501862e-05,-0.0030677005437458097
0.75,69,1.76207921776309e-05,6.8561733524944263e-06,0.99999999982125021,0.0019054652319726911,-0.9999981845762268,6.819116964575175e-06,2.4288308428385803e-05,-0.0025380462932575966
0.75,72,4.3665792765543912e-07,3.2247744870045524e-07,0.99999999999985267,-0.00021063967770230157,-0.99999997781541161,3.1990963738475642e-07,-9.343133435380278e-07,-0.003860153547346966
0.75,76,6.5260305652250196e-05,1.270088287509465e-05,0.99999999778989002,0.0010128845044836564,-0.99999948695342611,1.2564447755887059e-05,1.1348785695410193e-05,-0.00306958591735939
0.75,78,-0.00012773254278291199,1.2140683234705258e-05,0.99999999176850052,-0.0029376806587803951,-0.99999568493777868,1.175457323789711e-05,2.4654280512690063e-05,-0.0052309009346104725
0.75,80,0.00013502238219577142,-2.2948314418788759e-05,0.99999999062116551,-0.0029473766809655555,-0.9999956562219201,-2.2538674507019516e-05,-5.20532036578742e-06,-0.005228247987576477
0.75,83,4.8009655825124051e-06,2.055543140592352e-06,0.9999999999863628,-0.0015379106095123284,-0.999998817412734,2.0225536305024126e-06,-1.7491954525381685e-05,-0.004684352671112289
0.75,85,2.3201182698926818e-06,-5.0700978925722067e-06,0.99999999998445566,-0.0024219757730654283,-0.99999706699955848,-5.0631265830500751e-06,5.036807918107798e-06,-0.005038627164000593
0.75,88,-5.5933720795707322e-06,-1.0276577315336998e-05,0.99999999993155309,-0.0015448204265505921,-0.99999880671177266,-1.0241123017308467e-05,1.720475123414247e-05,-0.004683280083636228
0.7749999761581421,57,-0.00027512081899375813,-1.1530423155945662e-05,0.99999996208779141,0.0025086651834554164,-0.99999685323595533,-1.0825191103949553e-05,6.375921212170915e-05,-0.0023044621163767543
0.7749999761581421,60,0.00013432894241752663,-2.7243594526032031e-06,0.99999999097415648,-0.00030909209326914118,-0.99999995222745397,-2.6772457670485808e-06,-6.288679995156568e-06,-0.004058606029265888
0.7749999761581421,61,0.00031792434979437839,2.7247453603856813e-05,0.99999994909084067,0.0025228796890019445,-0.99999681718474132,2.6428426282724626e-05,5.433612816871172e-06,-0.002310714806293953
0.7749999761581421,64,-0.0001399194647373781,2.2267498042111505e-06,0.99999999020879227,-0.00029930555211784155,-0.99999995520572027,2.1780350989981836e-06,-7.966580098223793e-06,-0.004058305149084055
0.7749999761581421,68,-4.5367513482200906e-05,-2.9778664557140876e-06,0.99999999896646052,0.0010343533534701241,-0.99999946505231774,-2.8668159366271618e-06,1.5035126513821282e-05,-0.003169072128667198
0.7749999761581421,69,1.8195976990298908e-05,7.0828185933111205e-06,0.99999999980937015,0.001969790302980428,-0.99999805993639546,7.0432613257858672e-06,2.5087918733128063e-05,-0.002621699591142159
0.7749999761581421,72,4.4306310557332366e-07,3.3418599042813938e-07,0.99999999999984601,-0.00021714941245308227,-0.99999997642301108,3.3143979984444369e-07,-9.782118847334398e-07,-0.0039872873006157345
0.7749999761581421,76,6.7497527851010007e-05,1.3135586193218326e-05,0.99999999763577019,0.0010470613092657178,-0.99999945174679017,1.2989741083739579e-05,1.1715938023061849e-05,-0.003171019615163703
0.7749999761581421,78,-0.00013173115566024804,1.2564415647100861e-05,0.99999999124451899,-0.0030308698277600322,-0.99999540682964028,1.2153563825632784e-05,2.5449326134004727e-05,-0.005401236776291648
0.7749999761581421,80,0.00013920595027547804,-2.3725861229746265e-05,0.99999999002939355,-0.0030408763819073934,-0.99999537625351098,-2.3290101987652477e-05,-5.434720749610352e-06,-0.005398496847796573
0.7749999761581421,83,5.0678221842731707e-06,2.1318018203102986e-06,0.99999999998488631,-0.0015865099446668504,-0.99999874149010759,2.0968245879296118e-06,-1.8099917700449504e-05,-0.004837575006121125
0.7749999761581421,85,2.3707476108221862e-06,-5.2356568254102825e-06,0.99999999998348366,-0.002498694785290786,-0.9999968782436448,-5.2282936067232419e-06,5.1699275584286136e-06,-0.0052029275851860745
0.7749999761581421,88,-5.9287367130543246e-06,-1.0619875013277883e-05,0.99999999992603417,-0.0015936342504442541,-0.99999873010813867,-1.0582346010096158e-05,1.774630569694467e-05,-0.004836466463568969
0.800000011920929,57,-0.00028424292839326036,-1.1934019301687835e-05,0.99999995953176768,0.0025906842776628244,-0.99999664410934186,-1.1181584727115587e-05,6.592513819469958e-05,-0.0023776659032364884
0.800000011920929,60,0.00013870564994807673,-2.8182855162544154e-06,0.99999999037639986,-0.00031890754291436586,-0.999999949145157,-2.7680746346965176e-06,-6.534432605516846e-06,-0.004187978521570318
0.800000011920929,61,0.00032839455473911139,2.8154350573446709e-05,0.99999994568217299,0.0026053341718831422,-0.99999660573904758,2.7280701839246411e-05,5.4825933998969335e-06,-0.002384119891749744
0.800000011920929,64,-0.00014448938496351322,2.3072914157529138e-06,0.99999998955874692,-0.00030878922166012815,-0.99999995232206373,2.2553732727595091e-06,-8.204165359620827e-06,-0.004187666633424023
0.800000011920929,68,-4.6909460433513556e-05,-3.0889002077072511e-06,0.9999999988949807,0.0010681523718662077,-0.99999942952068099,-2.9703896474415208e-06,1.5515914753688568e-05,-0.0032703898868354066
0.800000011920929,69,1.8770421192943815e-05,7.3093214243329367e-06,0.99999999979712251,0.0020341654557252354,-0.99999793105690316,7.267182306187022e-06,2.5886921073694897e-05,-0.0027052952763359167
0.800000011920929,72,4.4898735962486896e-07,3.4593950195370015e-07,0.99999999999983935,-0.00022362612733757317,-0.99999997499561843,3.4300869865897314e-07,-1.0228800954011424e-06,-0.004114325538259641
0.800000011920929,76,6.9738854765778423e-05,1.3571019754793654e-05,0.99999999747615975,0.0010812637584302338,-0.99999941534418435,1.3415439986745725e-05,1.2082528602030605e-05,-0.0032723994256362997
0.800000011920929,78,-0.00013571324350573915,1.2989251366855901e-05,0.9999999907065974,-0.0031237604666248297,-0.99999512096958243,1.2552982712144242e-05,2.624252287568324e-05,-0.005571319408285505
0.800000011920929,80,0.00014336943730172637,-2.4504120849517816e-05,0.99999998942237611,-0.0031340767695682789,-0.99999508848034191,-2.404154223013862e-05,-5.667359423163765e-06,-0.005568492571579944
0.800000011920929,83,5.3415967923387844e-06,2.2085304479848987e-06,0.99999999998329492,-0.0016349400749943884,-0.99999866348222466,2.1715239049561691e-06,-1.870949920058102e-05,-0.0049906143221523265
0.800000011920929,85,2.4197421893083962e-06,-5.401006328922926e-06,0.99999999998248701,-0.002575160269040476,-0.99999668425475363,-5.3932457923881236e-06,5.300917444599396e-06,-0.005366998539586238
0.800000011920929,88,-6.2735850023610012e-06,-1.0963218816491104e-05,0.99999999992022492,-0.0016422778848196608,-0.99999865140110289,-1.0923577994480287e-05,1.8286001712866534e-05,-0.0049894698025727225
0.824999988079071,57,-0.00029338082592044357,-1.2339737857478526e-05,0.99999995688771004,0.0026727690943631828,-0.9999964280797361,-1.1538509220045661e-05,6.809815536636422e-05,-0.002450802521702754
0.824999988079071,60,0.00014308527396259162,-2.91254035669996e-06,0.99999998975906079,-0.00032871238688127305,-0.99999994596999464,-2.8591332803199018e-06,-6.7826439060006115e-06,-0.004317257720687947
0.824999988079071,61,0.00033887860988457468,2.9063097199315832e-05,0.99999994215831045,0.0026878529654310794,-0.99999638732095941,2.8133003821322107e-05,5.523503208983178e-06,-0.002457457760107439
0.824999988079071,64,-0.00014906294371931931,2.3882934836743147e-06,0.99999998888726738,-0.00031826131673178443,-0.99999994935214431,2.3330694590991101e-06,-8.440665430301598e-06,-0.004316934729861008
0.824999988079071,68,-4.8456352537518192e-05,-3.2009086243704144e-06,0.99999999882086799,0.0011019773374180085,-0.99999939281806272,-3.0746839393413058e-06,1.5996347802644436e-05,-0.0033716541174949226
0.824999988079071,69,1.9344130038711552e-05,7.5356804980874315e-06,0.99999999978450904,0.0020985905043402527,-0.99999779792846644,7.4908786165413329e-06,2.6685320419952503e-05,-0.00278883367439881
0.824999988079071,72,4.5443406928011079e-07,3.5773642274107264e-07,0.9999999999998328,-0.00023006982548390002,-0.99999997353387438,3.546147534231342e-07,-1.0683141069470692e-06,-0.00424126860140081
0.824999988079071,76,7.1984300446192753e-05,1.4007184622753781e-05,0.99999999731102962,0.0011154917585446001,-0.99999937774308056,1.3841544471657754e-05,1.2448575709229338e-05,-0.003373725646932716
0.824999988079071,78,-0.00013967882716901543,1.3415180132876446e-05,0.99999999015492913,-0.0032163532067635624,-0.999994827438759,1.2952827752796423e-05,2.703385772449396e-05,-0.005741149439380376
0.824999988079071,80,0.00014751287976692254,-2.5283086186229135e-05,0.99999998880035801,-0.0032269784793556074,-0.99999479298404403,-2.4792997390173509e-05,-5.903202152505064e-06,-0.005738235765720895
0.824999988079071,83,5.6222960500569496e-06,2.2857265128718231e-06,0.99999999998158262,-0.0016832012459147463,-0.99999858341325587,2.2466504690937278e-06,-1.9320702630426733e-05,-0.00514347112898386
0.824999988079071,85,2.4671091812235326e-06,-5.5661479916476728e-06,0.9999999999814656,-0.0026513727178631079,-0.9999964850897326,-5.5579851442331105e-06,5.429787087695737e-06,-0.00553084060167538
0.824999988079071,88,-6.6279120428047295e-06,-1.1306609429435188e-05,0.9999999999141157,-0.0016907515789163947,-0.99999857061507946,-1.1264821474987618e-05,1.8823857735539495e-05,-0.005142290609538203
0.8500000238418579,57,-0.0003025345673426894,-1.2747593147161743e-05,0.99999995415516629,0.0027549194194707444,-0.99999620513153853,-1.1895973012522805e-05,7.027829389035634e-05,-0.002523872294664219
0.8500000238418579,60,0.00014746784898763299,-3.0071201050007847e-06,0.99999998912209531,-0.00033850655186981051,-0.99999994270230308,-2.9504178033246525e-06,-7.033292054862947e-06,-0.004446443947934137
0.8500000238418579,61,0.00034937658340726102,2.9973705397370485e-05,0.99999993851878799,0.0027704358600793844,-0.99999616191513208,2.8985338464231598e-05,5.556325391649487e-06,-0.002530728732696374
0.8500000238418579,64,-0.00015364017047312127,2.469748910689088e-06,0.99999998819429903,-0.00032772176577189631,-0.99999994629631406,2.4111165301013735e-06,-8.676097230346402e-06,-0.0044461097584654816
0.8500000238418579,68,-5.0008196519769173e-05,-3.3138956850270518e-06,0.99999999874409906,0.0011358281552551199,-0.99999935494193759,-3.1797017023983658e-06,1.6476414222104963e-05,-0.003472865119139473
0.8500000238418579,69,1.9917109001566483e-05,7.7618945837147676e-06,0.99999999977153098,0.0021630652653659749,-0.9999976605418367,7.7143490828507243e-06,2.7483122056591275e-05,-0.002872315110261436
0.8500000238418579,72,4.5940646966932349e-07,3.6957519948854426e-07,0.99999999999982614,-0.00023648051082674555,-0.99999997203841662,3.6625639124637593e-07,-1.1145102524253963e-06,-0.004368116830460011
0.8500000238418579,76,7.4233879647201426e-05,1.4444082106305181e-05,0.99999999714034982,0.0011497452170617514,-0.99999933894096071,1.4268054785609109e-05,1.2814098381584561e-05,-0.0034749985764901676
0.8500000238418579,78,-0.00014362792824318239,1.3842191950225607e-05,0.99999998958970593,-0.0033086486786074007,-0.99999452631782748,1.3353097018643893e-05,2.782331741361147e-05,-0.00591072747699928
0.8500000238418579,80,0.0001516363145973512,-2.6062750582591095e-05,0.99999998816358038,-0.0033195821458967571,-0.99999448984574746,-2.5544469995784507e-05,-6.142214689347218e-06,-0.005907727035624415
0.8500000238418579,83,5.9099274306186243e-06,2.3633875491202937e-06,0.99999999997974354,-0.0017312937018643117,-0.99999850130723977,2.3222032046448718e-06,-1.9933532049393048e-05,-0.005296145935356669
0.8500000238418579,85,2.5128555864217539e-06,-5.7310834817309629e-06,0.99999999998042011,-0.0027273326235827391,-0.9999962808050904,-5.7225137415862862e-06,5.556545820446123e-06,-0.00569445434452782
0.8500000238418579,88,-6.9917141868609869e-06,-1.1650047729883217e-05,0.99999999990769606,-0.001739055581075583,-0.99999848777434897,-1.1606079116579269e-05,1.9359892164713074e-05,-0.005294929392306419
0.875,57,-0.00031170421357196089,-1.3157599746053497e-05,0.99999995133367936,0.0028371350438860109,-0.99999597524919204,-1.2253984751886393e-05,7.246558527939998e-05,-0.0025968755438152344
0.875,60,0.00015185341301434698,-3.1020209859373122e-06,0.99999998846545923,-0.00034828996598528606,-0.99999993934242126,-3.0419243959682456e-06,-7.286354874431373e-06,-0.004575537524068975
0.875,61,0.00035988854925028343,3.0886187623737654e-05,0.99999993476313564,0.0028530826515304592,-0.99999592950626293,2.9837712504911319e-05,5.581042920068499e-06,-0.002603933129770375
0.875,64,-0.00015822109860498852,2.5516506884453194e-06,0.99999998747978647,-0.00033717049833904708,-0.99999994315492724,2.4895074462701266e-06,-8.91047871196165e-06,-0.004575192038747342
0.875,68,-5.1564999699925241e-05,-3.4278654534999707e-06,0.99999999866465017,0.0011697047311512913,-0.99999931588978996,-3.2854459059868788e-06,1.6956101934680364e-05,-0.003574023189562376
0.875,69,2.048936380031826e-05,7.9879625806923662e-06,0.9999999997581891,0.0022275895578892763,-0.99999751888779997,7.9375926599182919e-06,2.828033162019108e-05,-0.002955739908327914
0.875,72,4.6390763834640618e-07,3.8145428731888996e-07,0.9999999999998197,-0.00024285818817737129,-0.99999997050987843,3.7793204791573543e-07,-1.1614650844384789e-06,-0.004494870565189335
0.875,76,7.6487607903623491e-05,1.4881713787253594e-05,0.99999999696409014,0.001184024042353449,-0.99999929893531658,1.4694971441759913e-05,1.3179116506488409e-05,-0.00357621851108181
0.875,78,-0.00014756056917566708,1.427027711132251e-05,0.99999998901111875,-0.0034006475117459678,-0.99999421768694952,1.3753788817020492e-05,2.8610888404685164e-05,-0.006080054127249593
0.875,80,0.00015573977924499842,-2.6843107861712638e-05,0.99999998751228436,-0.0034118884031758465,-0.99999417914608224,-2.6295962992796035e-05,-6.384362760413756e-06,-0.006076966985349952
0.875,83,6.204499322780764e-06,2.4415111398655424e-06,0.99999999997777156,-0.0017792176862517536,-0.99999841718808413,2.3981810769859558e-06,-2.054799201273053e-05,-0.005448639249022091
0.875,85,2.5569882175186639e-06,-5.8958145562808391e-06,0.99999999997935052,-0.0028030404762731326,-0.99999607145700009,-5.8868337483870341e-06,5.681202786824667e-06,-0.005857840339852954
0.875,88,-7.3649891635477935e-06,-1.1993534789528144e-05,0.99999999990095612,-0.0017871901387096565,-0.99999840290305897,-1.1947353765625905e-05,1.9894123346754292e-05,-0.005447386657714701
0.8999999761581421,57,-0.00032088983125638489,-1.3569772512389757e-05,0.99999994842278739,0.002919415763911231,-0.99999573841717992,-1.2612553330145347e-05,7.466006245734453e-05,-0.0026698125897165843
0.8999999761581421,60,0.00015624200791526779,-3.1972393304878243e-06,0.99999998778910615,-0.00035806255884397281,-0.99999993589069014,-3.1336493554388524e-06,-7.54180981027742e-06,-0.004704538769333001
0.8999999761581421,61,0.00037041458778559749,3.1800556940223751e-05,0.99999993089087647,0.002935793141200206,-0.99999569007908606,3.0690133242489456e-05,5.597638565021829e-06,-0.0026770712705819857
0.8999999761581421,64,-0.00016280576586478156,2.6339919095828788e-06,0.99999998674367241,-0.00034660744518603639,-0.99999993992833969,2.5682352681612614e-06,-9.14382897356713e-06,-0.004704181889689538
0.8999999761581421,68,-5.3126770053017756e-05,-3.5428220894304013e-06,0.99999999858249744,0.0012036069715327712,-0.99999927565911417,-3.3919196094732237e-06,1.743539814637444e-05,-0.003675128625913629
0.8999999761581421,69,2.1060900427612471e-05,8.2138835338978512e-06,0.99999999974448539,0.0022921632037049854,-0.99999737295717517,8.1606084462233344e-06,2.9076955140493784e-05,-0.0030391083925946807
0.8999999761581421,72,4.6794048114143099e-07,3.9337215057462e-07,0.99999999999981304,-0.00024920286330534764,-0.99999996894889021,3.8964016866070795e-07,-1.2091753969807817e-06,-0.004621530144709629
0.8999999761581421,76,7.8745501616858327e-05,1.5320081552048937e-05,0.99999999678222051,0.0012183281437487771,-0.99999925772364961,1.5122295250560781e-05,1.3543650927444404e-05,-0.003677385746877727
0.8999999761581421,78,-0.00015147677339739398,1.4699426228778239e-05,0.99999998841935689,-0.0034923503350608592,-0.99999390162579282,1.4154901723627569e-05,2.9396556865847818e-05,-0.006249129994977563
0.8999999761581421,80,0.00015982331179700731,-2.7624152373214613e-05,0.99999998684670754,-0.0035038978846932741,-0.99999386096517984,-2.704747979046863e-05,-6.629612055378908e-06,-0.006245956217661618
0.8999999761581421,83,6.5060211323474428e-06,2.5200949206872571e-06,0.99999999997566036,-0.0018269734414042877,-0.9999983310795677,2.4745830962384517e-06,-2.1164087621356903e-05,-0.005600951576796197
0.8999999761581421,85,2.599513685018942e-06,-6.0603430715016369e-06,0.9999999999782575,-0.0028784967642230012,-0.99999585710130034,-6.0509474234527651e-06,5.803766927936772e-06,-0.006020999158032098
0.8999999761581421,88,-7.747736220424843e-06,-1.2337071893137149e-05,0.99999999989388455,-0.0018351554982613872,-0.99999831602522515,-1.2288648469472952e-05,2.0426569574199133e-05,-0.0055996629116488
0.925000011920929,57,-0.00033009149347508823,-1.3984126621851356e-05,0.99999994542202353,0.0030017613817390535,-0.99999549462002191,-1.2971687913494275e-05,7.686175993993678e-05,-0.002742683751863272
0.925000011920929,60,0.00016063367992689206,-3.2927715805834124e-06,0.99999998709298921,-0.00036782426169470008,-0.99999993234745188,-3.2255890881499916e-06,-7.799633880561223e-06,-0.004833448003487748
0.925000011920929,61,0.00038095478659884354,3.2716827090895945e-05,0.99999992690152717,0.0030185671367506705,-0.999995443618372,3.1542608609153543e-05,5.606094868477765e-06,-0.002750143473466338
0.925000011920929,64,-0.00016739421490752414,2.7167657728977883e-06,0.9999999859858979,-0.00035603253835193773,-0.99999993661690967,2.6472931610565256e-06,-9.376168395595773e-06,-0.004833079629789465
0.925000011920929,68,-5.4693516284600026e-05,-3.6587698557665496e-06,0.99999999849761634,0.0012375347834898583,-0.99999923424741477,-3.4991259689764844e-06,1.7914289255749895e-05,-0.0037761817247657496
0.925000011920929,69,2.163172518458873e-05,8.4396566532837264e-06,0.99999999973042031,0.0023567860275120899,-0.99999722274081315,8.3833957033765894e-06,2.987299909162612e-05,-0.0031224208867879784
0.925000011920929,72,4.715077147422189e-07,4.0532726529493827e-07,0.99999999999980671,-0.00025551454303661506,-0.9999999673560781,4.0137921059592935e-07,-1.2576382495887611e-06,-0.0047480959075530925
0.925000011920929,76,8.1007578157151093e-05,1.5759187629256573e-05,0.99999999659471006,0.0012526574315820578,-0.9999992153034698,1.5550027356321061e-05,1.3907723570211032e-05,-0.0037785005795158543
0.925000011920929,78,-0.00015537656547194852,1.5129630262542736e-05,0.99999998781460864,-0.0035837577768826645,-0.99999357821353374,1.4556434608776892e-05,3.0180308645751527e-05,-0.00641795568383081
0.925000011920929,80,0.00016388695109779199,-2.8405879049370723e-05,0.99999998616708663,-0.0035956112236526392,-0.99999353538267555,-2.7799024317039081e-05,-6.877928212454526e-06,-0.006414695334087777
0.925000011920929,83,6.814503402117536e-06,2.5991365868007546e-06,0.9999999999734035,-0.0018745612085070763,-0.99999824300533946,2.5514083247003306e-06,-2.1781824578956873e-05,-0.005753083424622599
0.925000011920929,85,2.6404383814021161e-06,-6.2246709933260213e-06,0.99999999997714073,-0.0029537019738997759,-0.99999563779349809,-6.2148571312516662e-06,5.924246967122329e-06,-0.006183931368164778
0.925000011920929,88,-8.1399562897351121e-06,-1.2680660564516027e-05,0.99999999988647115,-0.0018829519051609346,-0.99999822716473197,-1.26299665028617e-05,2.0957249086969054e-05,-0.005751758659103944
0.949999988079071,57,-0.00033930928056993993,-1.4400677610966186e-05,0.9999999423309146,0.0030841717060331999,-0.99999524384227023,-1.3331397979850633e-05,7.907071404867704e-05,-0.002815489348763465
0.949999988079071,60,0.00016502848022981637,-3.3886143024526934e-06,0.99999998637705889,-0.00037757500756612357,-0.99999992871305066,-3.317740122546684e-06,-8.059803615676679e-06,-0.004962265545864984
0.949999988079071,61,0.00039150924142162369,3.3635012593335607e-05,0.99999992279459682,0.0031014044527152835,-0.99999519010892002,3.2395147254738904e-05,5.6063941093595485e-06,-0.0028231500559388716
0.949999988079071,64,-0.00017198649393494988,2.7999655971979727e-06,0.99999998520640299,-0.00036544571126722659,-0.99999993322099645,2.7266744082461795e-06,-9.607518804112156e-06,-0.004961885577105166
0.949999988079071,68,-5.626524791869535e-05,-3.7757131336117079e-06,0.9999999984099831,0.0012714880747896123,-0.99999919165220552,-3.6070682513660325e-06,1.83927607431641e-05,-0.003877182782191397
0.949999988079071,69,2.2201844721897258e-05,8.665281334684401e-06,0.99999999971599551,0.0024214578571413151,-0.99999706822959411,8.6059538766732017e-06,3.0668470450776736e-05,-0.0032056777145260287
0.949999988079071,72,4.7461184643084697e-07,4.1731812048768064e-07,0.99999999999980038,-0.00026179323536730845,-0.99999996573206507,4.1314764395375501e-07,-1.306850998229104e-06,-0.004874568191714312
0.949999988079071,76,8.3273855986912821e-05,1.6199034633444968e-05,0.99999999640152804,0.0012870118172482608,-0.99999917167229724,1.5978169280040213e-05,1.4271357592204521e-05,-0.0038795633041854892
0.949999988079071,78,-0.00015925997128114124,1.5560880563500097e-05,0.9999999871970604,-0.003674870465173714,-0.99999324752885754,1.495838667984763e-05,3.0962129244345924e-05,-0.00658653179633206
0.949999988079071,80,0.00016793073690399057,-2.9188283482851209e-05,0.99999998547365565,-0.003687029053178885,-0.99999320247770884,-2.8550601096653361e-05,-7.129276801222435e-06,-0.006583184934986102
0.949999988079071,83,7.1299579510541279e-06,2.6786339001270547e-06,0.9999999999709942,-0.0019219812275281488,-0.99999815298892003,2.6286558841812714e-06,-2.2401209260481767e-05,-0.005905035297646378
0.949999988079071,85,2.6797684612039651e-06,-6.3888004135806024e-06,0.99999999997600098,-0.0030286565898989502,-0.99999541358876953,-6.3785653582248171e-06,6.042651391231958e-06,-0.006346637538118844
0.949999988079071,88,-8.5416521843994642e-06,-1.3024302596095729e-05,0.99999999987870369,-0.0019305796037697477,-0.99999813634533263,-1.2971311398026246e-05,2.1486180071435465e-05,-0.005903674404256138
0.9750000238418579,57,-0.0003485432811510935,-1.4819441426547191e-05,0.99999993914898078,0.0031666465526346381,-0.99999498606850423,-1.3691693361351303e-05,8.128696317111782e-05,-0.002888229698030357
0.9750000238418579,60,0.00016942646564941594,-3.4847641993975561e-06,0.99999998564126447,-0.00038731473144234673,-0.9999999249878323,-3.4100991212442969e-06,-8.32229498479408e-06,-0.005090991715424756
0.9750000238418579,61,0.00040207805726254409,3.4555128850154982e-05,0.99999991856958625,0.0031843049112576511,-0.99999492953555447,3.3247758650349067e-05,5.598518262855388e-06,-0.002896091334810964
0.9750000238418579,64,-0.00017658265747290961,2.8835848321714376e-06,0.99999998440512472,-0.00037484689888205952,-0.99999992974096097,2.8063724212198535e-06,-9.837903668187305e-06,-0.005090600049315546
0.9750000238418579,68,-5.7841975404825185e-05,-3.8936564348545832e-06,0.99999999831957265,0.0013054667538924703,-0.99999914787101063,-3.7157498458849725e-06,1.8870797037733763e-05,-0.003978132093853913
0.9750000238418579,69,2.2771266088999145e-05,8.8907571887562443e-06,0.99999999970121189,0.0024861785238337467,-0.99999690941442876,8.8282826237331316e-06,3.146337677079299e-05,-0.0032888791995123096
0.9750000238418579,72,4.7725514886725501e-07,4.2934322031689688e-07,0.99999999999979405,-0.00026803894960370373,-0.99999996407746961,4.2494395422597911e-07,-1.356811331188389e-06,-0.005000947334710638
0.9750000238418579,76,8.5544354808477811e-05,1.6639625620738216e-05,0.99999999620264302,0.0013213912132718309,-0.99999912682765923,1.6406722973711387e-05,1.463457756456861e-05,-0.003980574215725571
0.9750000238418579,78,-0.000163127018240233,1.5993168917452292e-05,0.99999998656689715,-0.0037656890277581495,-0.99999290964996024,1.5360757523893018e-05,3.174200377411856e-05,-0.006754858933969215
0.9750000238418579,80,0.00017195471006303554,-2.9971362002107169e-05,0.99999998476664742,-0.003778152006588906,-0.99999286232892448,-2.9302215323733055e-05,-7.383623302365643e-06,-0.0067514256196277884
0.9750000238418579,83,7.4523980502423703e-06,2.7585846939868425e-06,0.99999999996842603,-0.0019692337371308983,-0.99999806105370248,2.7063249610161771e-06,-2.302224879546434e-05,-0.006056807700303616
0.9750000238418579,85,2.7175098171781583e-06,-6.5527335665442119e-06,0.99999999997483846,-0.0031033610948903246,-0.99999518454196379,-6.5420747295202533e-06,6.158988427790005e-06,-0.006509118234593345
0.9750000238418579,88,-8.952828840740619e-06,-1.3368000084935237e-05,0.99999999987057175,-0.0019780388373180579,-0.99999804359065148,-1.3312686981291492e-05,2.201338066050107e-05,-0.006055410650547628
1.0,57,-0.00035779359332265481,-1.5240434489268477e-05,0.99999993587573477,0.0032491857454219736,-0.99999472128332589,-1.4052584299631567e-05,8.351054807720481e-05,-0.002960905116490983
1.0,60,0.00017382769951621325,-3.5812181270055679e-06,0.99999998488555275,-0.00039704337048100912,-0.99999992117214354,-3.5026628954762681e-06,-8.587083304952093e-06,-0.005219626830825337
1.0,61,0.0004126613497869469,3.5477192283487851e-05,0.999999914225986,0.0032672683431083701,-0.99999466188311881,3.4100453213397735e-05,5.582448951544557e-06,-0.0029689676263265534
1.0,64,-0.00018118276732383249,2.9676170768978506e-06,0.99999998358199882,-0.00038423603782649247,-0.99999992617716527,2.8863807573656844e-06,-1.006734834485282e-05,-0.005219223363786789
1.0,68,-5.9423710246959502e-05,-4.0126044218234738e-06,0.99999999822636076,0.0013394707299735093,-0.9999991029013634,-3.8251742826032415e-06,1.9348381352578444e-05,-0.004079029955117732
1.0,69,2.3339996795083938e-05,9.1160840719473125e-06,0.99999999968607067,0.0025509478625824322,-0.99999674628625301,9.0503818451096695e-06,3.2257726268285827e-05,-0.003372025665769456
1.0,72,4.7943962920326704e-07,4.4140108707705347e-07,0.99999999999978773,-0.0002742516965327271,-0.99999996239290745,4.367666450839845e-07,-1.407517314627504e-06,-0.0051272336736541985
1.0,76,8.7819095742928418e-05,1.7080964152186853e-05,0.99999999599802347,0.0013557955333917389,-0.9999990807670931,1.6835690882201279e-05,1.4997409695598094e-05,-0.004081533608743457
1.0,78,-0.00016697773556992399,1.6426487601041021e-05,0.99999998592430306,-0.0038562140925898132,-0.99999256465454922,1.5763547161819144e-05,3.2519916913772954e-05,-0.006922937697302155
1.0,80,0.00017595891273560651,-3.0755111776269975e-05,0.99999998404629187,-0.0038689807177131937,-0.99999251501447284,-3.0053872966553586e-05,-7.640933083546216e-06,-0.006919417986294494
1.0,83,7.7818386298190436e-06,2.8389868852044683e-06,0.99999999996569156,-0.0020163189745647111,-0.99999796722295375,2.7844148185273781e-06,-2.364495117063168e-05,-0.0062084011364269805
1.0,85,2.75366804929786e-06,-6.7164728504237193e-06,0.99999999997365319,-0.0031778159695428584,-0.99999495070760314,-6.705388030673017e-06,6.273266016235846e-06,-0.006671374023192046
1.0,88,-9.3734936130365399e-06,-1.3711755476242643e-05,0.99999999986206256,-0.0020253298478236791,-0.99999794892418314,-1.3654097417282264e-05,2.2538868931662043e-05,-0.006206967900790219
1.025000000372529,57,-0.00035825397329906011,-1.525377984383229e-05,0.99999993571070434,0.0032521199853611286,-0.99999471174492893,-1.4063334359103421e-05,8.36370279459879e-05,-0.0030828366203502827
1.025000000372529,60,0.00017395253052658374,-3.5909779153922966e-06,0.99999998486381092,-0.00039709524630262785,-0.99999992115151137,-3.5123283361822841e-06,-8.58954505299284e-06,-0.005343051659341966
1.025000000372529,61,0.00041319259300310826,3.5511150555794685e-05,0.99999991400541588,0.0032702126229243252,-0.99999465225792483,3.413140618009544e-05,5.576661956599752e-06,-0.003090911775550574
1.025000000372529,64,-0.00018132310629118264,2.9836375344936738e-06,0.99999998355651443,-0.00038424573594830557,-0.99999992617339273,2.9023031548727713e-06,-1.0087425318171382e-05,-0.005342648941225675
1.025000000372529,68,-5.9539061595833977e-05,-4.0178564045271483e-06,0.99999999821947838,0.001340710555955826,-0.99999910123986435,-3.8299880784358187e-06,1.935546834153133e-05,-0.0042019697848270435
1.025000000372529,69,2.3371841208633923e-05,9.125482792332947e-06,0.99999999968524134,0.0025532497472299368,-0.99999674041151321,9.059633936211587e-06,3.230403734999221e-05,-0.003494358425155331
1.025000000372529,72,4.7590320926725685e-07,4.4532104240077458e-07,0.99999999999978761,-0.00027377021226068977,-0.9999999625248378,4.4067051240662414e-07,-1.4121854675563119e-06,-0.005250485509540793
1.025000000372529,76,8.7977514168145385e-05,1.7100931043515144e-05,0.99999999598375744,0.0013570561190142567,-0.99999907905687391,1.6855082900844349e-05,1.5047394285130253e-05,-0.004204477150085465
1.025000000372529,78,-0.00016672606947933105,1.6427018695487596e-05,0.99999998596628525,-0.0038520963618040869,-0.99999258052500595,1.5765751686082837e-05,3.243779261220002e-05,-0.0070445857049454726
1.025000000372529,80,0.0001756593771371528,-3.0749188339432977e-05,0.99999998409913515,-0.0038648717490670174,-0.99999253090379125,-3.0049847466660734e-05,-7.634041134961167e-06,-0.007041072329170342
1.025000000372529,83,7.9186436754461441e-06,2.8369472494522187e-06,0.99999999996462352,-0.0020140591615302531,-0.9999979717769184,2.7827238317578215e-06,-2.3666642965511064e-05,-0.006330985939558053
1.025000000372529,85,2.7294700931910412e-06,-6.7135320845938092e-06,0.99999999997373923,-0.003174333250167524,-0.99999496176905456,-6.7025363034810112e-06,6.240038414522907e-06,-0.006793358621648985
1.025000000372529,88,-9.5562048600081107e-06,-1.3704693625288973e-05,0.9999999998604302,-0.0020230638623030691,-0.99999795351108345,-1.3647485692960163e-05,2.250089901078685e-05,-0.006329554886007284
1.050000000745058,57,-0.0003587160247848097,-1.5267196022888529e-05,0.999999935544861,0.0032550523669969238,-0.99999470220396991,-1.4074147581974257e-05,8.376389369092316e-05,-0.003204769103048165
1.050000000745058,60,0.00017407832527140344,-3.600763953405843e-06,0.99999998484188535,-0.0003971463720679959,-0.99999992113117409,-3.5220197464835238e-06,-8.59163140518838e-06,-0.005466476470014629
1.050000000745058,61,0.00041372573621143051,3.5545275112682099e-05,0.99999991378377073,0.0032731551271089955,-0.99999464262986759,3.4162516616365507e-05,5.570880737685955e-06,-0.0032128569474766306
1.050000000745058,64,-0.00018146451100627066,2.999689352931033e-06,0.99999998353081643,-0.0003842545886987286,-0.99999992616994482,2.9182566348232424e-06,-1.0108043601768531e-05,-0.005466074500495266
1.050000000745058,68,-5.9654656171372766e-05,-4.0231297678696163e-06,0.99999999821256824,0.0013419491966979995,-0.99999909957841826,-3.8348220224361294e-06,1.9362231289778066e-05,-0.004324910027015998
1.050000000745058,69,2.3403780078507421e-05,9.134924802700888e-06,0.99999999968440811,0.002555549694393072,-0.99999673453642524,9.0689289320056972e-06,3.235048486750107e-05,-0.0036166921451790835
1.050000000745058,72,4.7233562916651136e-07,4.4924699161793178e-07,0.9999999999997875,-0.00027328837326917967,-0.99999996265663305,4.4458034907416512e-07,-1.4168983277011816e-06,-0.00537373735754779
1.050000000745058,76,8.8136272146731404e-05,1.7120983250606167e-05,0.99999999596943479,0.0013583156039951047,-0.99999907734655891,1.6874558653571325e-05,1.5097823547976599e-05,-0.004327421117490549
1.050000000745058,78,-0.00016647455615900628,1.6427613641957073e-05,0.99999998600817774,-0.0038479785277255023,-0.99999259637890325,1.5768017335810358e-05,3.2355499563687005e-05,-0.007166232989008083
1.050000000745058,80,0.00017535990949092768,-3.0743376629010911e-05,0.9999999841518733,-0.0038607627298964612,-0.99999254677641758,-3.0045930889737677e-05,-7.627046568432808e-06,-0.007162725938574827
1.050000000745058,83,8.0557425128078999e-06,2.8349158150512261e-06,0.99999999996353417,-0.0020117981306480731,-0.99999797632822607,2.7810407114179817e-06,-2.368846625870729e-05,-0.006453570385716229
1.050000000745058,85,2.7052235929613955e-06,-6.7106137488729234e-06,0.99999999997382483,-0.0031708498317692545,-0.99999497282059291,-6.699706984902525e-06,6.206761817368486e-06,-0.006915342572565689
1.050000000745058,88,-9.7393281976041164e-06,-1.3697675574192016e-05,0.99999999985875954,-0.0020207966825423356,-0.99999795809526182,-1.3640917434684596e-05,2.246291875008654e-05,-0.0064521415100555176
1.0750000029802322,57,-0.00035917990906414194,-1.5280690577133566e-05,0.99999993537814469,0.0032579830092593519,-0.99999469266007757,-1.4085030921468631e-05,8.389118454438689e-05,-0.0033267025758809492
1.0750000029802322,60,0.00017420519403860029,-3.6105784705665107e-06,0.99999998481975694,-0.00039719677762065439,-0.99999992111112024,-3.5317393018224819e-06,-8.593330757464278e-06,-0.005589901272017893
1.0750000029802322,61,0.00041426096202593077,3.5579583343367242e-05,0.99999991356097051,0.0032760959841311769,-0.99999463299854108,3.4193801226941472e-05,5.565102625605497e-06,-0.003334803157293996
1.0750000029802322,64,-0.00018160710413815497,3.0157749163701149e-06,0.99999998350488228,-0.00038426261772886975,-0.99999992616681277,2.9342435241585609e-06,-1.0129234874976223e-05,-0.0055895000506975085
1.0750000029802322,68,-5.9770511771338712e-05,-4.0284266447724694e-06,0.9999999982056289,0.001343186656625591,-0.99999909791702413,-3.839678160803533e-06,1.9368650667979835e-05,-0.0044478506934519536
1.0750000029802322,69,2.3435821897863148e-05,9.144414559357536e-06,0.99999999968357101,0.0025578477536625237,-0.99999672866087619,9.0782712614221009e-06,3.2397081010171426e-05,-0.0037390268519100624
1.0750000029802322,72,4.6873280583336904e-07,4.5317937855285497e-07,0.9999999999997875,-0.00027280620245476742,-0.99999996278828673,4.4849659520510639e-07,-1.421661767273788e-06,-0.005496989226714222
1.0750000029802322,76,8.8295394692028525e-05,1.7141129418998929e-05,0.99999999595505251,0.0013595740015063403,-0.99999907563613433,1.6894126676983459e-05,1.514872554924834e-05,-0.0044503655239677775
1.0750000029802322,78,-0.00016622322883156411,1.6428279752852017e-05,0.99999998604997475,-0.003843860624676277,-0.99999261221610736,1.5770351281796565e-05,3.2273031219858236e-05,-0.007287879562870939
1.0750000029802322,80,0.00017506053645224717,-3.0737689655849343e-05,0.99999998420450142,-0.0038566537014856216,-0.99999256263219116,-3.0042136126634414e-05,-7.619946464374286e-06,-0.0072843788268907705
1.0750000029802322,83,8.193162585953565e-06,2.8328937238357189e-06,0.9999999999624235,-0.0020095358670101857,-0.99999798087689873,2.7793666224381497e-06,-2.3710434372472878e-05,-0.006576154488342733
1.0750000029802322,85,2.6809243991294962e-06,-6.7077205270379214e-06,0.99999999997390965,-0.0031673657045824745,-0.99999498386224162,-6.6969027701739389e-06,6.17343216449432e-06,-0.0070373258851947115
1.0750000029802322,88,-9.9229025958450997e-06,-1.3690706808022898e-05,0.99999999985705035,-0.0020185282974669425,-0.99999796267673247,-1.3634398170524513e-05,2.24249274097484e-05,-0.006574727785955519
1.1000000014901161,57,-0.00035964582124538411,-1.5294272656982366e-05,0.99999993521048203,0.0032609120550606487,-0.99999468311280137,-1.4095992805908346e-05,8.401894822121897e-05,-0.003448637052317795
1.1000000014901161,60,0.00017433327064028927,-3.6204241570599313e-06,0.99999998479740149,-0.00039724649891780645,-0.9999999210913354,-3.5414896267502583e-06,-8.594628998783823e-06,-0.005713326076348278
1.1000000014901161,61,0.00041479849132599234,3.5614096316786511e-05,0.99999991333692007,0.0032790353484648291,-0.99999462336345268,3.4225280253604698e-05,5.559324104027394e-06,-0.0034567504231831346
1.1000000014901161,64,-0.00018175103453495046,3.0318970959119477e-06,0.99999998347868435,-0.00038426984910862593,-0.9999999261639867,2.950266624499885e-06,-1.0151037622716418e-05,-0.005712925602739684
1.1000000014901161,68,-5.9886649797509408e-05,-4.0337496170104972e-06,0.99999999819865892,0.0013444229407849762,-0.99999909625567951,-3.8445589706018919e-06,1.937470258531772e-05,-0.004570791798403401
1.1000000014901161,69,2.3467976920682856e-05,9.1539574602469476e-06,0.99999999968272946,0.0025601439842409348,-0.99999672278472695,9.0876662893673136e-06,3.24438405005511e-05,-0.003861362576952263
1.1000000014901161,72,4.650897743355409e-07,4.571187366835148e-07,0.99999999999978739,-0.00027232372747694163,-0.99999996291979076,4.5241977978089668e-07,-1.42648292368133e-06,-0.005620241127877139
1.1000000014901161,76,8.8454911881069342e-05,1.7161380018889411e-05,0.99999999594060773,0.0013608313271840074,-0.9999990739255824,1.6913797309786399e-05,1.5200134437546246e-05,-0.0045733103852883305
1.1000000014901161,78,-0.00016597212811083511,1.6429025903703422e-05,0.99999998609166973,-0.0038397426943525227,-0.99999262803645761,1.5772762226787663e-05,3.2190379701834544e-05,-0.007409525442635824
1.1000000014901161,80,0.00017476129070757312,-3.0732143224931105e-05,0.99999998425701309,-0.0038525447139784812,-0.99999257847091882,-3.0038478835727097e-05,-7.61273727690614e-06,-0.007406031009004052
1.1000000014901161,83,8.3309370728159239e-06,2.8308823646522669e-06,0.99999999996129074,-0.0020072723527043194,-0.99999798542296403,2.7777029816288959e-06,-2.3732563376819513e-05,-0.006698738263639433
1.1000000014901161,85,2.6565674969354915e-06,-6.704855682338177e-06,0.99999999997399369,-0.0031638808568093821,-0.99999499489403088,-6.694126936440011e-06,6.140044556991072e-06,-0.007159308570666148
1.1000000014901161,88,-1.0106975186545954e-05,-1.3683793997886725e-05,0.99999999985530141,-0.0020162586938298494,-0.99999796725551349,-1.3627934623718308e-05,2.23869240385639e-05,-0.006697313729397335
1.125,57,-0.00036011400384727095,-1.530795365681415e-05,0.99999993504178331,0.003263839680891042,-0.99999467356157901,-1.410704373316036e-05,8.414724434532185e-05,-0.003570572548849072
1.125,60,0.00017446272194372871,-3.6303043509816168e-06,0.99999998477478969,-0.00039729558047229082,-0.99999992107180202,-3.5512739775043422e-06,-8.595508462489589e-06,-0.005836750896561276
1.125,61,0.00041533859862035789,3.5648840266791166e-05,0.9999999131115006,0.0032819734110047329,-0.99999461372398857,3.4256978903388659e-05,5.553540441792881e-06,-0.0035786987674940296
1.125,64,-0.00018189648783686777,3.0480594428943166e-06,0.99999998345218843,-0.00038427631508818825,-0.99999992616145472,2.9663294004873804e-06,-1.0173499932456022e-05,-0.005836351170063309
1.125,68,-6.0003096674625731e-05,-4.0391018961407727e-06,0.99999999819165708,0.0013456580550919325,-0.9999990945943803,-3.8494675335240635e-06,1.938035697740087e-05,-0.0046937333596468985
1.125,69,2.3500257865931464e-05,9.1635602261318612e-06,0.99999999968188358,0.0025624384587678009,-0.99999671690780434,9.0971206956508744e-06,3.249078160604909e-05,-0.0039836993596797975
1.125,72,4.6140032721128248e-07,4.6106572526861256e-07,0.99999999999978706,-0.00027184098265826311,-0.99999996305113537,4.5635055645339285e-07,-1.4313707172749142e-06,-0.005743493074393737
1.125,76,8.8614860850218043e-05,1.7181748079857954e-05,0.99999999592609701,0.0013620876001204259,-0.99999907221488127,1.6933583418539539e-05,1.5252092930508443e-05,-0.004696255721097851
1.125,78,-0.00016572130501438243,1.6429863169817497e-05,0.99999998613325414,-0.0038356247887871638,-0.99999264383975384,1.5775261029366718e-05,3.210753525833623e-05,-0.007531170648227092
1.125,80,0.00017446221344606956,-3.0726757059090097e-05,0.99999998430940107,-0.0038484358299449434,-0.9999925942923592,-3.0034978555691424e-05,-7.605414573644843e-06,-0.007527682503315903
1.125,83,8.4691071990115945e-06,2.8288834764881636e-06,0.99999999996013589,-0.0020050075656094938,-0.9999979899664575,2.7760515627793633e-06,-2.3754873199933784e-05,-0.006821321731676142
1.125,85,2.6321466591197774e-06,-6.7020232876966217e-06,0.99999999997407729,-0.0031603952737812046,-0.99999500591599888,-6.6913835739371619e-06,6.106592918938339e-06,-0.007281290642741059
1.125,88,-1.0291604556432503e-05,-1.3676945475725054e-05,0.99999999985351196,-0.0020139878553493418,-0.99999797183162931,-1.3621535191175813e-05,2.2348907385874737e-05,-0.006819899359809542
1.1500000059604645,57,-0.00036058476992136592,-1.5321748315153056e-05,0.99999993487193173,0.0032667661131598478,-0.99999466400568282,-1.411819728615463e-05,8.427615028818789e-05,-0.0036925090864334655
1.1500000059604645,60,0.00017459376412938524,-3.6402233519978328e-06,0.99999998475188312,-0.00039734407950528744,-0.99999992105249746,-3.5610965477134219e-06,-8.595946139794895e-06,-0.0059601757500264444
1.1500000059604645,61,0.00041588163819238267,3.5683849118969849e-05,0.99999991288455914,0.0032849104168063683,-0.99999460407935348,3.4288929778513676e-05,5.547745057251395e-06,-0.0037006482187528712
1.1500000059604645,64,-0.00018204370457832402,3.0642665171164743e-06,0.99999998342534979,-0.00038428205709741854,-0.99999992615920008,2.9824362995532994e-06,-1.0196684263535746e-05,-0.005959776769888186
1.1500000059604645,68,-6.0119886260792102e-05,-4.0444876313120576e-06,0.9999999981846206,0.0013468920067541694,-0.99999909293312139,-3.8544078315201384e-06,1.938557451100437e-05,-0.004816675400187585
1.1500000059604645,69,2.3532681111737304e-05,9.1732315463794737e-06,0.99999999968103248,0.0025647312698378415,-0.99999671102988252,9.1066431169474787e-06,3.2537927859312167e-05,-0.004106037251050024
1.1500000059604645,72,4.5765639784041348e-07,4.6502118856846386e-07,0.99999999999978706,-0.00027135801221971745,-0.99999996318230799,4.6028976222120428e-07,-1.436336733733504e-06,-0.005866745083373032
1.1500000059604645,76,8.8775289176261105e-05,1.72022504423407e-05,0.99999999591151523,0.0013633428445509862,-0.9999990705040015,1.6953501633879893e-05,1.530465655601809e-05,-0.004819201556815488
1.1500000059604645,78,-0.00016547082611539828,1.6430805907560914e-05,0.99999998617471708,-0.0038315069754206077,-0.99999265962573769,1.5777861763387417e-05,3.202448534098592e-05,-0.007652815205268417
1.1500000059604645,80,0.00017416335857478951,-3.0721556733400313e-05,0.99999998436165505,-0.0038443271304817979,-0.99999261009620122,-3.0031660621207011e-05,-7.597972589077041e-06,-0.007649333333468103
1.1500000059604645,83,8.6077261771146147e-06,2.8268993192787854e-06,0.99999999995895783,-0.0020027414773494492,-0.99999799450742777,2.7744146708141572e-06,-2.377738951977666e-05,-0.006943904918278619
1.1500000059604645,85,2.607653849362538e-06,-6.6992286284074095e-06,0.99999999997416023,-0.0031569089365447267,-0.99999501692819848,-6.6886779903833239e-06,6.073069421128908e-06,-0.007403272119097141
1.1500000059604645,88,-1.0476866363157736e-05,-1.3670172061640649e-05,0.99999999985168098,-0.0020117157612387295,-0.99999797640511345,-1.3615210777121274e-05,2.2310875751740967e-05,-0.006942484702182724
1.1749999970197678,57,-0.00036105854674829956,-1.5335676794920157e-05,0.9999999347007692,0.0032696916591256316,-0.99999465444411861,-1.4129472053290128e-05,8.44057722164981e-05,-0.0038144466932306656
1.1749999970197678,60,0.00017472669345461889,-3.650187020421964e-06,0.99999998472862939,-0.00039739207380368164,-0.99999992103339064,-3.5709630524275941e-06,-8.595910296405078e-06,-0.006083600660300632
1.1749999970197678,61,0.00041642809350597775,3.571916927265379e-05,0.99999991265588817,0.0032878466986537417,-0.9999945944284615,3.4321177475480132e-05,5.541928301797808e-06,-0.0038225988154536833
1.1749999970197678,64,-0.00018219301444917098,3.08052451419413e-06,0.99999998339810792,-0.00038428713142533999,-0.99999992615720179,2.9985933632865696e-06,-1.022067648050486e-05,-0.006083202425562847
1.1749999970197678,68,-6.0237064381570258e-05,-4.0499124934605956e-06,0.99999999817754703,0.0013481248050717701,-0.99999909127189468,-3.8593853080156027e-06,1.939030071000014e-05,-0.004939617951515455
1.1749999970197678,69,2.3565268952133268e-05,9.1829833025583631e-06,0.99999999968017539,0.0025670225423379623,-0.99999670515065264,9.1162453631763323e-06,3.258531130699613e-05,-0.00422837632082104
1.1749999970197678,72,4.5384689122620285e-07,4.6898627156579757e-07,0.99999999999978706,-0.00027087487639642391,-0.99999996331329233,4.6423853211949306e-07,-1.441396898600506e-06,-0.005989997178003947
1.1749999970197678,76,8.8936261245593602e-05,1.7222910126926838e-05,0.9999999958968564,0.0013645970930487418,-0.99999906879290223,1.6973574691048298e-05,1.5357901678367824e-05,-0.004942147927228187
1.1749999970197678,78,-0.0001652207832953295,1.643187378908409e-05,0.99999998621604314,-0.0038273893467014024,-0.99999267539405612,1.5780583711283564e-05,3.194121285386935e-05,-0.00777445914864148
1.1749999970197678,80,0.00017386480070480162,-3.0716577322819923e-05,0.99999998441376137,-0.0038402187267480166,-0.99999262588201931,-3.0028559775164292e-05,-7.590403378366358e-06,-0.007770983531614672
1.1749999970197678,83,8.7468666619377774e-06,2.8249329980278406e-06,0.99999999995775601,-0.0020004740494130868,-0.99999799904594278,2.7727954722620043e-06,-2.3800147343617998e-05,-0.007066487858599552
1.1749999970197678,85,2.5830780963623684e-06,-6.6964789577998024e-06,0.99999999997424249,-0.0031534218191812077,-0.99999502793070294,-6.6860174698395974e-06,6.039463390365747e-06,-0.007525253023763806
1.1749999970197678,88,-1.0662863957812535e-05,-1.3663488606584125e-05,0.99999999984980625,-0.0020094423834246698,-0.99999798097601333,-1.3608976347742049e-05,2.227282670101557e-05,-0.007065069790521581
1.2000000029802322,57,-0.00036153597284177476,-1.5349769303000845e-05,0.99999993452806024,0.003272616775649907,-0.99999464487539858,-1.4140895893495473e-05,8.453626964499369e-05,-0.003936385410666629
1.2000000029802322,60,0.00017486195466021322,-3.6602040921102114e-06,0.99999998470494988,-0.00039743967919524538,-0.99999992101443613,-3.5808820095683461e-06,-8.595352945370551e-06,-0.0062070256624054574
1.2000000029802322,61,0.00041697868687787601,3.575487022027578e-05,0.99999991242517816,0.0032907827516942259,-0.99999458476968683,3.4353788798774645e-05,5.5360747179915926e-06,-0.003944550614473203
1.2000000029802322,64,-0.00018234491248410767,3.0968426388418356e-06,0.9999999833703711,-0.00038429162185438047,-0.99999992615542754,3.0148095651672879e-06,-1.0245605949426116e-05,-0.006206628171789436
1.2000000029802322,68,-6.0354698867807861e-05,-4.0553849665407713e-06,0.99999999817043217,0.0013493564632235037,-0.9999990896106864,-3.8644081081985132e-06,1.939445286493487e-05,-0.005062561060851456
1.2000000029802322,69,2.3598054602094598e-05,9.192833285208619e-06,0.99999999967931175,0.0025693124608986771,-0.99999669926965029,9.1259451182722166e-06,3.2632979714672435e-05,-0.004350716673603002
1.2000000029802322,72,4.4995507908068447e-07,4.7296267200860096e-07,0.99999999999978684,-0.00027039166502680417,-0.99999996344406339,4.6819854897023214e-07,-1.4465752039565338e-06,-0.006113249392732806
1.2000000029802322,76,8.9097872345623706e-05,1.7243761590321655e-05,0.99999999588211097,0.0013658503936267174,-0.99999906708152075,1.6993836622084935e-05,1.54119433509027e-05,-0.005065094884487005
1.2000000029802322,78,-0.0001649713154384852,1.6433096355281223e-05,0.99999998625720909,-0.0038232720414276681,-0.9999926911441801,1.5783455824792399e-05,3.185769225729889e-05,-0.007896102530393875
1.2000000029802322,80,0.00017356665292231135,-3.0711871513642996e-05,0.99999998446569882,-0.0038361107856389139,-0.99999264164917545,-3.0025728201161261e-05,-7.582694933327603e-06,-0.007892633145686905
1.2000000029802322,83,8.8866373121148428e-06,2.8229891912751584e-06,0.99999999995652911,-0.0019982052245265686,-0.99999800358210766,2.7711987378328907e-06,-2.3823198963891673e-05,-0.007189070605063381
1.2000000029802322,85,2.5584029884357203e-06,-6.6937851785049379e-06,0.99999999997432387,-0.003149933882853576,-0.99999503892362662,-6.6834129610989556e-06,6.005758883128613e-06,-0.007647233392538261
1.2000000029802322,88,-1.0849751999126175e-05,-1.3656917450808064e-05,0.99999999984788579,-0.0020071676803588272,-0.99999798554440367,-1.3602854416266518e-05,2.223475642363511e-05,-0.00718765467551785
1.2249999940395355,57,-0.0003620181869543052,-1.5364079869844053e-05,0.99999993435338641,0.0032755422743487553,-0.99999463529686761,-1.4152518660690445e-05,8.466792868147275e-05,-0.0040583253114976495
1.2249999940395355,60,0.00017500034512369194,-3.670290115377936e-06,0.99999998468070406,-0.0003974871016576057,-0.99999992099555179,-3.5908685770861217e-06,-8.594187380947889e-06,-0.0063304508185592434
1.2249999940395355,61,0.00041753470619253035,3.579107621488214e-05,0.99999991219188022,0.003293719456104913,-0.99999457510012868,3.438688322113408e-05,5.530154745999762e-06,-0.004066503716137446
1.2249999940395355,64,-0.00018250028646183883,3.1132372107036855e-06,0.99999998334197648,-0.00038429567737281132,-0.99999992615381972,3.0311008103395639e-06,-1.0271705546275899e-05,-0.006330054070202606
1.2249999940395355,68,-6.0472909346803105e-05,-4.0609202065740852e-06,0.99999999816326812,0.0013505870036088811,-0.99999908794947034,-3.8694907865301022e-06,1.9397880865633484e-05,-0.005185504812779887
1.2249999940395355,69,2.3631097085636396e-05,9.2028132940517261e-06,0.99999999967843989,0.0025716013518411259,-0.99999669338604558,9.1357739928373136e-06,3.2681018009012055e-05,-0.0044730584967657685
1.2249999940395355,72,4.4595081218053679e-07,4.7695339227078125e-07,0.99999999999978695,-0.00026990853805849979,-0.99999996357457843,4.7217278840573866e-07,-1.4519148509504816e-06,-0.006236501788699798
1.2249999940395355,76,8.9260290482840035e-05,1.726486640151038e-05,0.99999999586726229,0.0013671028309266238,-0.99999906536974403,1.7014348242353604e-05,1.5466988600333944e-05,-0.005188042521976024
1.2249999940395355,78,-0.0001647226732243821,1.6434526572574754e-05,0.99999998629817355,-0.0038191553084958268,-0.99999270687516262,1.578653000591615e-05,3.1773877932338545e-05,-0.008017745443345499
1.2249999940395355,80,0.00017326911986447231,-3.0707533821355429e-05,0.99999998451742955,-0.0038320036064110742,-0.99999265739652532,-3.002325950526536e-05,-7.5748255407912065e-06,-0.00801428226108813
1.2249999940395355,83,9.027232199883126e-06,2.8210763162310791e-06,0.99999999995527533,-0.0019959349008867571,-0.9999980081161165,2.7696330496867062e-06,-2.3846637693036348e-05,-0.007311653251069973
1.2249999940395355,85,2.5335992000073978e-06,-6.6911668612824249e-06,0.99999999997440447,-0.0031464450580517187,-0.99999504990717936,-6.6808841177919764e-06,5.9719274492065036e-06,-0.00776921328915676
1.2249999940395355,88,-1.1037806894101485e-05,-1.365049872132748e-05,0.99999999984591537,-0.0020048915785363078,-0.99999799011042156,-1.3596885419929254e-05,2.2196657817074652e-05,-0.007310239447451568
1.25,57,-0.00036250903186292404,-1.5378791545266995e-05,0.99999993417534516,0.0032784708888799752,-0.9999946256995571,-1.4164509363677961e-05,8.480172149251702e-05,-0.00418026663752187
1.25,60,0.00017514457493868476,-3.680497435373618e-06,0.99999998465541584,-0.00039753503538452931,-0.99999992097646129,-3.6009737754708984e-06,-8.592116416668208e-06,-0.006453876338297282
1.25,61,0.00041810049600993823,3.5828207970782478e-05,0.99999991195415339,0.0032966597782600584,-0.99999456540998788,3.4420865390428519e-05,5.5240602418343286e-06,-0.004188458455327212
1.25,64,-0.00018266215487847828,3.1297629129159291e-06,0.99999998331237061,-0.00038429980049247716,-0.99999992615218536,3.0475203739656224e-06,-1.0299770553025538e-05,-0.006453480328306741
1.25,68,-6.0592093370496676e-05,-4.0665694809909934e-06,0.99999999815603047,0.00135181649880695,-0.99999908628815271,-3.8746825927500332e-06,1.940006695666876e-05,-0.005308449494666763
1.25,69,2.3664594614463396e-05,9.2130309517804891e-06,0.9999999996775536,0.0025738903097474648,-0.9999966874970273,9.1458389760545071e-06,3.272971157957541e-05,-0.004595402426613764
1.25,72,4.4173085010797858e-07,4.8096845958562521e-07,0.99999999999978684,-0.00026942603468014918,-0.9999999637046918,4.7617118685870291e-07,-1.4575635667901708e-06,-0.006359754571618105
1.25,76,8.9424073748881882e-05,1.7286432865043336e-05,0.9999999958522573,0.0013683546881366577,-0.99999906365718438,1.7035315330860875e-05,1.552374371396625e-05,-0.005310991156783564
1.25,78,-0.0001644757146558753,1.643634440200675e-05,0.99999998633879295,-0.0038150399942387583,-0.99999272258377914,1.5789982563215924e-05,3.168961517589721e-05,-0.008139388201502522
1.25,80,0.00017297290372695481,-3.0703885592448923e-05,0.99999998456882278,-0.0038278982065179375,-0.99999267312017426,-3.0021471909003336e-05,-7.566720544935733e-06,-0.008135931166453813
1.25,83,9.1693080788721851e-06,2.8192230940928651e-06,0.99999999995398803,-0.0019936627351224189,-0.9999980126486433,2.768127688727104e-06,-2.387077914614972e-05,-0.007434236112124184
1.25,85,2.5085673736451191e-06,-6.6886906030340218e-06,0.9999999999744843,-0.0031429551090433809,-0.99999506088209278,-6.6784978192917075e-06,5.937872838537958e-06,-0.007891192928930927
1.25,88,-1.1227964848563244e-05,-1.3644369071614463e-05,0.99999999984388199,-0.0020026138311796328,-0.99999799467455042,-1.3591207067801188e-05,2.2158505722016985e-05,-0.0074328244111611244
1.2750000059604645,57,-0.00036300621173983977,-1.5393793771823932e-05,0.99999993399475839,0.0032814009730755545,-0.99999461608884344,-1.417676573959104e-05,8.493705723504875e-05,-0.004302209247154652
1.2750000059604645,60,0.00017529299221636226,-3.6907949398882922e-06,0.99999998462937245,-0.00039758306268657188,-0.9999999209573307,-3.6111672956009283e-06,-8.589323515865183e-06,-0.006577302095802684
1.2750000059604645,61,0.00041867346320923192,3.5866011806422029e-05,0.99999991171307634,0.0032996019306534377,-0.99999455570513895,3.4455491108748816e-05,5.517868787294188e-06,-0.0043104146347894695
1.2750000059604645,64,-0.00018282867572168827,3.1463876333881638e-06,0.99999998328188777,-0.00038430368715994831,-0.99999992615064104,3.0640369999255934e-06,-1.0329311502056021e-05,-0.006576906821595643
1.2750000059604645,68,-6.0712023768093617e-05,-4.0723019430031382e-06,0.9999999981487333,0.0013530449062185514,-0.99999908462679499,-3.87995386422549e-06,1.9401337537340298e-05,-0.005431394930853908
1.2750000059604645,69,2.3698430418214629e-05,9.2234214468365337e-06,0.99999999967665631,0.0025761786758946724,-0.99999668160429223,9.1560756267639642e-06,3.277889197777145e-05,-0.0047177480752498445
1.2750000059604645,72,4.3735952485689777e-07,4.8500203668200011e-07,0.99999999999978684,-0.00026894383187382867,-0.99999996383449163,4.8018796225130751e-07,-1.4634296810120442e-06,-0.0064830076180446925
1.2750000059604645,76,8.9588903727346345e-05,1.7308335621536098e-05,0.99999999583712496,0.0013696057958230252,-0.99999906194407795,1.7056614006689904e-05,1.5581775713447566e-05,-0.005433940595448697
1.2750000059604645,78,-0.00016422991027712497,1.643844034872212e-05,0.99999998637915699,-0.0038109255811165084,-0.99999273827202073,1.5793706281250813e-05,3.1604998602048164e-05,-0.008261030614325609
1.2750000059604645,80,0.00017267756948248481,-3.0700731013212644e-05,0.99999998461996109,-0.0038237939642837252,-0.99999268882252734,-3.0020171553667723e-05,-7.558426879860452e-06,-0.008257579686942535
1.2750000059604645,83,9.3124682104202095e-06,2.8174118622597947e-06,0.99999999995267008,-0.0019913889354320263,-0.99999801717926073,2.7666646515802001e-06,-2.3895432507243826e-05,-0.007556818997381712
1.2750000059604645,85,2.483367829348144e-06,-6.6863157431803874e-06,0.99999999997456301,-0.0031394641784735044,-0.99999507184790681,-6.6762132307922414e-06,5.903653341878e-06,-0.00801317218118268
1.2750000059604645,88,-1.1419658958462439e-05,-1.3638444901796097e-05,0.99999999984179211,-0.0020003345870465033,-0.99999799923648225,-1.3585735112662529e-05,2.2120316772153584e-05,-0.007555409382390126
1.300000011920929,57,-0.00036350323948166789,-1.5408776367404005e-05,0.99999993381398,0.0032843279118203463,-0.99999460647987493,-1.4189001221995083e-05,8.507228592826758e-05,-0.004424152736864243
1.300000011920929,60,0.00017544099075344496,-3.7010944496434669e-06,0.99999998460338035,-0.00039763001149691009,-0.99999992093862666,-3.6213632059045579e-06,-8.586317138372415e-06,-0.0067007277373848685
1.300000011920929,61,0.00041924627599600314,3.5903775225053955e-05,0.99999991147173561,0.0033025409031347424,-0.99999454600213578,3.4490074894385673e-05,5.511774602607084e-06,-0.004432371693796003
1.300000011920929,64,-0.00018299471667679318,3.1630196518839118e-06,0.99999998325146433,-0.00038430648794938657,-0.99999992614951405,3.0805613593322096e-06,-1.0358971154905759e-05,-0.006700333199897146
1.300000011920929,68,-6.0832039308721964e-05,-4.0780308415703032e-06,0.99999999814141638,0.0013542721062066755,-0.99999908296556317,-3.8852212359250622e-06,1.9402583971630206e-05,-0.005554340633053943
1.300000011920929,69,2.3732271460276677e-05,9.2338025989781476e-06,0.99999999967575803,0.0025784646066785689,-0.99999667571259987,9.166302826510636e-06,3.28280793973753e-05,-0.004840094362043744
1.300000011920929,72,4.3301359110193813e-07,4.8903735513292189e-07,0.99999999999978673,-0.00026846101973820039,-0.99999996396422253,4.8420650033488583e-07,-1.4692606101840068e-06,-0.00660626058101093
1.300000011920929,76,8.9753852596150533e-05,1.7330222154608659e-05,0.99999999582195453,0.0013708556778763718,-0.99999906023108631,1.707789598816017e-05,1.5639880749727145e-05,-0.005556890299464748
1.300000011920929,78,-0.00016398379377071098,1.6440508675999063e-05,0.99999998641951249,-0.0038068106298724457,-0.99999275394538245,1.5797401684052714e-05,3.15202907783605e-05,-0.00838267214967936
1.300000011920929,80,0.00017238191480120437,-3.0697523834233559e-05,0.99999998467106865,-0.0038196891497333037,-0.99999270451022304,-3.0018817552216412e-05,-7.550072599283946e-06,-0.008379227333780433
1.300000011920929,83,9.4556003705410592e-06,2.8155936346119641e-06,0.99999999995133193,-0.0019891140824990043,-0.99999802170680352,2.7651940017948658e-06,-2.3920063279065637e-05,-0.007679401372995696
1.300000011920929,85,2.4581690603305407e-06,-6.6839289923006423e-06,0.9999999999746414,-0.0031359726662364951,-0.99999508280335825,-6.6739165812097631e-06,5.869431995161506e-06,-0.008135150681468929
1.300000011920929,88,-1.1611302444183743e-05,-1.3632493579014782e-05,0.99999999983966648,-0.001998054262039352,-0.99999800379537918,-1.3580235124801848e-05,2.2082135103341857e-05,-0.0076779938455097535
1.324999988079071,57,-0.00036400009867200504,-1.5423738543312479e-05,0.99999993363301609,0.0032872517042626505,-0.99999459687268233,-1.4201215084332874e-05,8.520740287039148e-05,-0.004546097107320152
1.324999988079071,60,0.00017558855887490752,-3.711395762251414e-06,0.99999998457744166,-0.00039767588128735082,-0.99999992092034951,-3.6315613100184426e-06,-8.58309970047327e-06,-0.00682415326269084
1.324999988079071,61,0.00041981891582277382,3.5941496396295454e-05,0.99999991123013943,0.0033054766938623603,-0.99999453630101287,3.4524614987903345e-05,5.505778681143475e-06,-0.004554329632601524
1.324999988079071,64,-0.0001831602648243985,3.1796587814499089e-06,0.99999998322110339,-0.00038430820306154358,-0.99999992614880395,3.097093271650059e-06,-1.0388745035816364e-05,-0.0068237594628726
1.324999988079071,68,-6.095213835733232e-05,-4.0837559643072075e-06,0.99999999813407991,0.0013554981003320202,-0.99999908130445991,-3.890484504214777e-06,1.940380952245882e-05,-0.005677286600408479
1.324999988079071,69,2.3766116897735641e-05,9.2441739376189415e-06,0.99999999967485842,0.0025807481052897295,-0.99999666982195923,9.1765201074428707e-06,3.287727261261369e-05,-0.004962441284732865
1.324999988079071,72,4.2869345066410155e-07,4.930743827274172e-07,0.9999999999997865,-0.00026797759707318758,-0.99999996409388403,4.8822676928158271e-07,-1.475055764262579e-06,-0.006729513460329813
1.324999988079071,76,8.9918918026152793e-05,1.7352091571993782e-05,0.99999999580674659,0.0013721043349749675,-0.99999905851821314,1.7099160393938359e-05,1.5698054740581176e-05,-0.005679840267843689
1.324999988079071,78,-0.00016373735981778191,1.6442548558115178e-05,0.99999998645985955,-0.0038026951376610328,-0.99999276960386896,1.5801067963312438e-05,3.143549203947598e-05,-0.0085043128069165
1.324999988079071,80,0.00017208593476587453,-3.0694262557844438e-05,0.99999998472214657,-0.0038155837592508792,-0.99999272018326757,-3.0017408422956175e-05,-7.5416580935737755e-06,-0.008500874106445937
1.324999988079071,83,9.5987022812139175e-06,2.8137682707187307e-06,0.99999999994997391,-0.0019868381760807371,-0.9999980262312641,2.7637155970794699e-06,-2.3944670522577027e-05,-0.007801983238538233
1.324999988079071,85,2.4329713669961967e-06,-6.6815300342123772e-06,0.99999999997471878,-0.003132480573582504,-0.99999509374843731,-6.6716075534947024e-06,5.8352090501969225e-06,-0.008257128429674703
1.324999988079071,88,-1.1802892038552771e-05,-1.3626514447812302e-05,0.99999999983750498,-0.0019957728554388502,-0.99999800835123509,-1.3574706445150687e-05,2.2043960984912257e-05,-0.007800577800145521
1.3499999940395355,57,-0.00036449677300821306,-1.5438679511725669e-05,0.99999993345187266,0.0032901723500145773,-0.99999458726729429,-1.4213406600554928e-05,8.534240341178635e-05,-0.004668042359260034
1.3499999940395355,60,0.00017573568499634388,-3.7216986790856294e-06,0.99999998455155892,-0.00039772067166484257,-0.99999992090249934,-3.6417614152801624e-06,-8.579673689555675e-06,-0.006947578671372547
1.3499999940395355,61,0.0004203913642708633,3.5979173498364474e-05,0.99999991098829599,0.0033084093014646662,-0.99999452660180177,3.4559109638049933e-05,5.499881989793022e-06,-0.004676288451531617
1.3499999940395355,64,-0.00018332530735088928,3.1963048402412337e-06,0.99999998319080752,-0.00038430883282473109,-0.99999992614851041,3.1136325613843353e-06,-1.0418628618474412e-05,-0.006947185610187397
1.3499999940395355,68,-6.1072319287428203e-05,-4.0894770995439303e-06,0.99999999812672402,0.0013567228901834795,-0.99999907964348755,-3.8957434661250955e-06,1.9405017481567163e-05,-0.005800232832085631
1.3499999940395355,69,2.3799965893684849e-05,9.2545349958580343e-06,0.9999999996739577,0.0025830291752129918,-0.99999666393237741,9.1867270053765028e-06,3.292647040614726e-05,-0.005084788841102226
1.3499999940395355,72,4.2439950041700422e-07,4.9711308890719221e-07,0.99999999999978639,-0.00026749356275900156,-0.99999996422347526,4.9224873891169513e-07,-1.4808145603204048e-06,-0.006852766255830162
1.3499999940395355,76,9.0084097700567268e-05,1.7373942987936073e-05,0.99999999579150078,0.0013733517678321721,-0.99999905680546197,1.7120406349140289e-05,1.575629357854817e-05,-0.005802790499624943
1.3499999940395355,78,-0.00016349060309208535,1.644455917656168e-05,0.9999999865001995,-0.0037985791017373645,-0.99999278524748325,1.5804704317841855e-05,3.13506027145251e-05,-0.00862595258540137
1.3499999940395355,80,0.00017178962443892843,-3.0690945699297632e-05,0.99999998477319518,-0.0038114777893253978,-0.99999273584166837,-3.0015942697072296e-05,-7.533183759846668e-06,-0.008622520004429283
1.3499999940395355,83,9.7417716981985141e-06,2.8119356319085478e-06,0.99999999994859534,-0.0019845612158619088,-0.99999803075263627,2.762229296949745e-06,-2.3969253312637336e-05,-0.007924564593625658
1.3499999940395355,85,2.4077750431471439e-06,-6.6791185538594564e-06,0.99999999997479605,-0.0031289879017876144,-0.99999510468313346,-6.6692858317475402e-06,5.800984751661503e-06,-0.008379105425716439
1.3499999940395355,88,-1.1994424522834469e-05,-1.362050685505019e-05,0.99999999983530774,-0.0019934903664553623,-0.99999801290404433,-1.3569148417044208e-05,2.2005794681563705e-05,-0.00792316124596691
1.375,57,-0.00036499324629476999,-1.545359848958619e-05,0.99999993327055603,0.003293089849110573,-0.99999457766373856,-1.4225575049049833e-05,8.547728295146496e-05,-0.004789988493487912
1.375,60,0.00017588235761398634,-3.7320030048112482e-06,0.99999998452573413,-0.00039776438236065545,-0.9999999208850765,-3.6519633322642877e-06,-8.57604165884279e-06,-0.007071003963087388
1.375,61,0.00042096360304223019,3.6016804721273316e-05,0.99999991074621319,0.0033113387249997838,-0.99999451690453511,3.4593557104993023e-05,5.494085469586512e-06,-0.004798248150980256
1.375,64,-0.00018348983153256576,3.2129576476566887e-06,0.99999998316057925,-0.00038430837768493338,-0.99999992614863376,3.1301790542248434e-06,-1.0448617327367226e-05,-0.007070611641512957
1.375,68,-6.1192580482762545e-05,-4.0951940372617896e-06,0.9999999981193487,0.0013579464773751991,-0.99999907798264842,-3.9009979202897408e-06,1.940621116943546e-05,-0.005923179327281666
1.375,69,2.3833817616025496e-05,9.2648853098854069e-06,0.99999999967305542,0.0025853078202026946,-0.9999966580438614,9.1969230592042991e-06,3.297567156759256e-05,-0.005207137028982052
1.375,72,4.2013213305964843e-07,5.0115344227876326e-07,0.99999999999978606,-0.0002670089157499539,-0.99999996435299576,4.9627237820664034e-07,-1.4865364208411842e-06,-0.006976018967357111
1.375,76,9.0249389315662183e-05,1.7395775522738061e-05,0.99999999577621734,0.0013745979771931892,-0.99999905509283638,1.714163298488311e-05,1.581459313121787e-05,-0.005925740993877076
1.375,78,-0.00016324351826361836,1.6446539716882387e-05,0.99999998654053235,-0.0037944625194464847,-0.99999280087622922,1.5808309950400989e-05,3.126562312830684e-05,-0.008747591484511085
1.375,80,0.00017149297887090426,-3.0687571777906163e-05,0.99999998482421537,-0.0038073712365395513,-0.99999275148543021,-3.0014418909740586e-05,-7.524650000529969e-06,-0.008744165027232364
1.375,83,9.8848064065735281e-06,2.8100955780466777e-06,0.99999999994719702,-0.0019822832014595101,-0.9999980352709138,2.7607349594998095e-06,-2.399381073512968e-05,-0.00804714543791487
1.375,85,2.3825803777626851e-06,-6.676694238238148e-06,0.99999999997487266,-0.003125494652149655,-0.99999511560743692,-6.6669511021387725e-06,5.766759338355226e-06,-0.00850108166953977
1.375,88,-1.2185896719640739e-05,-1.3614470150637081e-05,0.99999999983307497,-0.0019912067942333194,-0.99999801745380101,-1.3563560386935503e-05,2.196763645461572e-05,-0.008045744182684257
1.4000000059604645,57,-0.00036548950243757433,-1.5468494699377899e-05,0.99999993308907242,0.0032960042020087773,-0.9999945680620409,-1.4237719713434574e-05,8.561203693686888e-05,-0.004911935510875383
1.4000000059604645,60,0.00017602856530024986,-3.742308543802761e-06,0.99999998449996963,-0.00039780701323040095,-0.9999999208680812,-3.6621668712019289e-06,-8.572206228845203e-06,-0.007194429137499408
1.4000000059604645,61,0.00042153561395341725,3.605438826544935e-05,0.99999991050389958,0.0033142649639549618,-0.99999450720924132,3.4627955658956916e-05,5.488390035922533e-06,-0.004920208731410754
1.4000000059604645,64,-0.00018365382473384977,3.2296170255600817e-06,0.99999998313042104,-0.00038430683820533885,-0.99999992614917332,3.1467325782670683e-06,-1.0478706535778487e-05,-0.007194037556527329
1.4000000059604645,68,-6.1312920336537515e-05,-4.1009065690965774e-06,0.99999999811195428,0.0013591688635468113,-0.99999907632194407,-3.9062476669518066e-06,1.940739393673924e-05,-0.006046126085221033
1.4000000059604645,69,2.3867671238072053e-05,9.2752244182578707e-06,0.99999999967215225,0.0025875840442831114,-0.99999665215641753,9.2071078101702761e-06,3.3024874894164156e-05,-0.005329485846247756
1.4000000059604645,72,4.1589173740564011e-07,5.0519541277143613e-07,0.99999999999978595,-0.00026652365507414972,-0.99999996448244488,5.0029765746664281e-07,-1.4922207736076421e-06,-0.007099271594772531
1.4000000059604645,76,9.0414790581102772e-05,1.7417588301565276e-05,0.99999999576089671,0.0013758429638347182,-0.99999905338033979,1.716283943709136e-05,1.5872949239871944e-05,-0.0060486917496970875
1.4000000059604645,78,-0.00016299609999134997,1.6448489368157378e-05,0.99999998658085909,-0.0037903453882258986,-0.99999281649010952,1.5811884067209581e-05,3.1180553600640735e-05,-0.008869229503633998
1.4000000059604645,80,0.00017119599309009753,-3.0684139322100853e-05,0.99999998487520758,-0.0038032640975715626,-0.99999276711455976,-3.0012835605223863e-05,-7.516057223468105e-06,-0.008865809174369002
1.4000000059604645,83,1.0027804221402905e-05,2.8082479715667037e-06,0.99999999994577848,-0.0019800041324243185,-0.99999803978608981,2.7592324454367819e-06,-2.4018341887340086e-05,-0.008169725771104456
1.4000000059604645,85,2.3573876539474873e-06,-6.6742567750481972e-06,0.99999999997494848,-0.0031220008259927544,-0.99999512652133737,-6.6646030515639332e-06,5.732533043024947e-06,-0.008623057161120237
1.4000000059604645,88,-1.2377305493785286e-05,-1.3608403686777327e-05,0.9999999998308069,-0.0019889221378521032,-0.99999802200049959,-1.3557941703648633e-05,2.1929486561573184e-05,-0.008168326610049185
1.425000011920929,57,-0.00036598552544206262,-1.5483367367349785e-05,0.99999993290742795,0.0032989154095922385,-0.99999455846222596,-1.4249839880781747e-05,8.57466608625148e-05,-0.005033883412362047
1.425000011920929,60,0.00017617429669961756,-3.7526151033267935e-06,0.99999998447426741,-0.00039784856425462497,-0.99999992085151368,-3.6723718451650575e-06,-8.5681700886883e-06,-0.0073178541942775805
1.425000011920929,61,0.00042210737893354867,3.609192234283401e-05,0.9999999102613627,0.0033171880182484492,-0.99999449751594949,3.4662303581325302e-05,5.482796578330507e-06,-0.0050421701933564735
1.425000011920929,64,-0.00018381727440172285,3.2462827978573523e-06,0.99999998310033544,-0.00038430421506695011,-0.99999992615012911,3.1632929635923537e-06,-1.050889156449879e-05,-0.007317463354914123
1.425000011920929,68,-6.1433337252095492e-05,-4.1066144877310982e-06,0.99999999810454032,0.0013603900503644617,-0.99999907466137727,-3.9114925073555444e-06,1.9408569165182546e-05,-0.006169073105155828
1.425000011920929,69,2.3901525938018224e-05,9.2855518627286751e-06,0.99999999967124786,0.0025898578517512356,-0.99999664627005092,9.2172808027005617e-06,3.3074079189677014e-05,-0.005451835290819281
1.425000011920929,72,4.1167869816192547e-07,5.0923897024009842e-07,0.9999999999997855,-0.00026603777983377969,-0.99999996461182183,5.0432454691376621e-07,-1.4978670520175982e-06,-0.007222524137955039
1.425000011920929,76,9.0580299220161415e-05,1.7439380455999011e-05,0.99999999574553866,0.0013770867285659871,-0.99999905166797598,1.7184024848049752e-05,1.593135771784731e-05,-0.006171642766210601
1.425000011920929,78,-0.00016274834292726072,1.6450407322970265e-05,0.9999999866211805,-0.0037862277056005941,-0.99999283208912737,1.5815425877900559e-05,3.1095394447563865e-05,-0.008990866642170442
1.425000011920929,80,0.00017089866210968086,-3.0680646864711899e-05,0.99999998492617259,-0.0037991563691930699,-0.99999278272906089,-3.0011191332126525e-05,-7.507405842757355e-06,-0.008987452445364006
1.425000011920929,83,1.0170762985610828e-05,2.8063926735753399e-06,0.99999999994433997,-0.001977724008239954,-0.99999804429815875,2.7577216141809963e-06,-2.4042845877006464e-05,-0.008292305592934316
1.425000011920929,85,2.3321971501129048e-06,-6.6718058539319109e-06,0.99999999997502387,-0.0031185064246644031,-0.9999951374248246,-6.6622413688782347e-06,5.698306092726604e-06,-0.008745031900463284
1.425000011920929,88,-1.2568647749907486e-05,-1.3602306818620597e-05,0.99999999982850318,-0.0019866363963263606,-0.99999802654413472,-1.3552291719021982e-05,2.189134525603464e-05,-0.008290908527854537
1.449999988079071,57,-0.00036648129941167605,-1.5498215724590223e-05,0.99999993272562893,0.0033018234731687123,-0.99999454886431738,-1.4261934842696324e-05,8.588115027003567e-05,-0.005155832198956811
1.449999988079071,60,0.00017631954052495604,-3.7629224919701873e-06,0.99999998444862992,-0.00039788903553854879,-0.99999992083537381,-3.6825780684956436e-06,-8.56393599644699e-06,-0.007441279133097886
1.449999988079071,61,0.00042267888002102405,3.6129405175207261e-05,0.9999999100186111,0.0033201078882280832,-0.99999448782468636,3.4696599162973408e-05,5.477305960863843e-06,-0.00516413253742181
1.449999988079071,64,-0.00018398016806071968,3.2629547912269539e-06,0.99999998307032534,-0.00038430050906918363,-0.99999992615150091,3.1798600429990308e-06,-1.0539167679173543e-05,-0.007440889036362367
1.449999988079071,68,-6.1553829644000308e-05,-4.1123175872788551e-06,0.99999999809710727,0.0013616100395198506,-0.99999907300095003,-3.9167322441297025e-06,1.940974026978152e-05,-0.006292020386365492
1.449999988079071,69,2.3935380899006736e-05,9.2958671876690263e-06,0.99999999967034214,0.0025921292471769385,-0.99999664038476666,9.2274415838249513e-06,3.3123283265174366e-05,-0.00557418536066073
1.449999988079071,72,4.0749339681052719e-07,5.132840856145638e-07,0.99999999999978528,-0.00026555128920562174,-0.99999996474112662,5.0835301784136567e-07,-1.5034746937056588e-06,-0.007345776596799434
1.449999988079071,76,9.0745912971042095e-05,1.7461151122565645e-05,0.99999999573014375,0.0013783292722273702,-0.99999904995574795,1.7205188364932781e-05,1.5989814350011902e-05,-0.0062945940425710055
1.449999988079071,78,-0.00016250024170886759,1.6452292778146637e-05,0.99999998666149659,-0.0037821094691895267,-0.99999284767328434,1.5818934596284861e-05,3.101014598020745e-05,-0.009112502899532507
1.449999988079071,80,0.00017060098091855138,-3.0677092946964752e-05,0.99999998497711062,-0.0037950480482709104,-0.99999279832893906,-3.0009484647425331e-05,-7.498696278405759e-06,-0.009109094839753397
1.449999988079071,83,1.0313680570588471e-05,2.8045295464542407e-06,0.99999999994288136,-0.0019754428283230941,-0.99999804880711407,2.7562023264711135e-06,-2.406732182213627e-05,-0.0084148849031862
1.449999988079071,85,2.307009139472031e-06,-6.6693411653386963e-06,0.9999999999750987,-0.0031150114495402934,-0.99999514831788827,-6.6598657437630779e-06,5.664078708434744e-06,-0.00886700588760457
1.449999988079071,88,-1.2759920432168398e-05,-1.3596178903100203e-05,0.99999999982616417,-0.0019843495686047053,-0.99999803108470109,-1.3546609786749167e-05,2.1853212788144736e-05,-0.008413489935934519
1.4749999940395355,57,-0.00036697680854126544,-1.5513039006419414e-05,0.99999993254368169,0.0033047283944740631,-0.99999453926833615,-1.4274003894725717e-05,8.60155007480889e-05,-0.005277781871738645
1.4749999940395355,60,0.0001764642855532716,-3.7732305201087856e-06,0.99999998442305915,-0.00039792842731374898,-0.99999992081966194,-3.6927853572760486e-06,-8.559506780876052e-06,-0.007564703953641354
1.4749999940395355,61,0.00042325009936098023,3.6166834994282876e-05,0.99999990977565267,0.0033230245746761308,-0.99999447813547693,3.4730840704366909e-05,5.471919022179371e-06,-0.005286095764282957
1.4749999940395355,64,-0.00018414249330953955,3.2796328342748323e-06,0.99999998304039284,-0.00038429572113107645,-0.99999992615328792,3.1964336511591662e-06,-1.0569530088536113e-05,-0.00756431460056791
1.4749999940395355,68,-6.1674395936773106e-05,-4.1180156631886393e-06,0.99999999808965545,0.0013628288327313181,-0.99999907134066435,-3.9219666811952077e-06,1.9410910700841913e-05,-0.006414967928156819
1.4749999940395355,69,2.3969235309253487e-05,9.3061699398790028e-06,0.99999999966943542,0.0025943982354063966,-0.9999966345005683,9.2375897029867455e-06,3.317248593895791e-05,-0.005696536053780425
1.4749999940395355,72,4.0333621112734836e-07,5.1733072982393636e-07,0.99999999999978484,-0.00026506418244077871,-0.9999999648703578,5.1238304153855091e-07,-1.5090431408971346e-06,-0.007469028971217122
1.4749999940395355,76,9.0911629585841303e-05,1.7482899443062652e-05,0.99999999571471199,0.0013795705956916786,-0.99999904824365959,1.7226329140131922e-05,1.6048314890719632e-05,-0.006417545577960049
1.4749999940395355,78,-0.00016225179096064122,1.645414493294884e-05,0.99999998670180856,-0.0037779906767016259,-0.99999286324258241,1.5822409438543042e-05,3.092480850596749e-05,-0.009234138275142472
1.4749999940395355,80,0.00017030294448249181,-3.0673476111295621e-05,0.99999998502802234,-0.003790939131765478,-0.99999281391419814,-3.0007714109281117e-05,-7.489928956483192e-06,-0.009230736357084175
1.4749999940395355,83,1.0456554874607681e-05,2.802658453129581e-06,0.99999999994140276,-0.0019731605920241717,-0.99999805331295011,2.7546744436304003e-06,-2.409176885052667e-05,-0.008537463701682551
1.4749999940395355,85,2.2818238900310128e-06,-6.666862400086995e-06,0.99999999997517308,-0.0031115159020244434,-0.99999515920051807,-6.6574758662879909e-06,5.629851105807385e-06,-0.008988979122608994
1.4749999940395355,88,-1.2951120523034725e-05,-1.3590019298320314e-05,0.99999999982378984,-0.0019820616535704814,-0.99999803562219347,-1.3540895261763102e-05,2.181508940444441e-05,-0.008536070834164695
1.5,57,-0.00036747203711801193,-1.5527836452471081e-05,0.99999993236159179,0.0033076301756716987,-0.99999452967430269,-1.4286046336436305e-05,8.614970793087224e-05,-0.005399732431858081
1.5,60,0.00017660852062195213,-3.7835390012129532e-06,0.99999998439755755,-0.0003979667399369067,-0.99999992080437772,-3.702993530636073e-06,-8.554885342506712e-06,-0.007688128655595956
1.5,61,0.0004238210192000934,3.6204210040805394e-05,0.9999999095324954,0.0033259380788073236,-0.99999446844834539,3.4765026514674154e-05,5.466636574293046e-06,-0.00540805987468895
1.5,64,-0.00018430423781620097,3.296316759571549e-06,0.99999998301054094,-0.00038428985229026213,-0.99999992615549016,3.2130136266571096e-06,-1.0599973942939579e-05,-0.007687740047233094
1.5,68,-6.1795034566355732e-05,-4.1237085130899692e-06,0.99999999808218443,0.0013640464317431762,-0.99999906968052199,-3.9271956246088834e-06,1.9412083944104505e-05,-0.006537915729864034
1.5,69,2.4003088361981605e-05,9.3164596682914288e-06,0.99999999966852771,0.0025966648215623297,-0.99999662861745897,9.2477247117471559e-06,3.3221686035403994e-05,-0.005818887368230528
1.5,72,3.9920751572095588e-07,5.213788744333876e-07,0.99999999999978439,-0.0002645764588651106,-0.99999996499951493,5.1641458992698388e-07,-1.5145718404355947e-06,-0.007592281261137175
1.5,76,9.1077446831765987e-05,1.7504624564239364e-05,0.99999999569924325,0.0013808106998630496,-0.9999990465317139,1.724744633093667e-05,1.6106855061992827e-05,-0.006540497371587128
1.5,78,-0.00016200298529188932,1.645596299046955e-05,0.99999998674211699,-0.003773871325939804,-0.99999287879702314,1.5825849624625112e-05,3.0839382328171496e-05,-0.00935577276843434
1.5,80,0.00017000454774484668,-3.0669794909283017e-05,0.99999998507890864,-0.0037868296167343279,-0.99999282948484258,-3.0005878284966359e-05,-7.4811043091073975e-06,-0.009352376996914687
1.5,83,1.0599383823051712e-05,2.8007792556519068e-06,0.9999999999399044,-0.001970877298625663,-0.99999805781566076,2.7531378261482936e-06,-2.4116186099559154e-05,-0.00866004198828956
1.5,85,2.2566416654649829e-06,-6.6643692509043645e-06,0.9999999999752468,-0.0031080197835496974,-0.99999517007270355,-6.6550714284477655e-06,5.595623494818816e-06,-0.009110951605573119
1.5,88,-1.3142245042128197e-05,-1.3583827365154371e-05,0.99999999982138055,-0.001979772650040719,-0.99999804015660654,-1.3535147501832913e-05,2.1776975347689894e-05,-0.008658651222464057
1.524999976158142,57,-0.00036796696951715439,-1.5542607305545745e-05,0.99999993217936622,0.0033105288193582228,-0.99999452008223599,-1.4298061470276049e-05,8.628376749852112e-05,-0.005521683880538056
1.524999976158142,60,0.00017675223462621057,-3.7938477473511791e-06,0.999999984372127,-0.00039800397389243834,-0.99999992078952138,-3.713202406256872e-06,-8.55007465502442e-06,-0.007811553238655883
1.524999976158142,61,0.00042439162188726058,3.6241528564516714e-05,0.99999990928914739,0.0033288484022727656,-0.99999445876331405,3.4799154911725744e-05,5.461459404588247e-06,-0.005530024869463114
1.524999976158142,64,-0.00018446538931310167,3.3130063982311769e-06,0.99999998298077208,-0.00038428290370517396,-0.99999992615810696,3.2295998065705215e-06,-1.0630494331301905e-05,-0.007811165376066226
1.524999976158142,68,-6.1915743979884771e-05,-4.1293959340298601e-06,0.99999999807469431,0.0013652628383272649,-0.99999906802052474,-3.9324188798010249e-06,1.9413263524203763e-05,-0.0066608637908483264
1.524999976158142,69,2.4036939255108689e-05,9.3267359246033071e-06,0.99999999966761877,0.0025989290110485768,-0.99999662273544077,9.2578461644176472e-06,3.3270882386132753e-05,-0.005941239302106821
1.524999976158142,72,3.9510768277897084e-07,5.2542849149442985e-07,0.99999999999978395,-0.00026408811787954542,-0.99999996512859701,5.2044763541142977e-07,-1.5200602426088315e-06,-0.007715533466505091
1.524999976158142,76,9.124336249214945e-05,1.752632563693601e-05,0.99999999568373832,0.0013820495856779608,-0.99999904481991397,1.7268539098672348e-05,1.6165430553256827e-05,-0.0066634494226893186
1.524999976158142,78,-0.00016175381929345965,1.645774615595906e-05,0.99999998678242208,-0.0037697514147992718,-0.99999289433660743,1.5829254376591768e-05,3.0753867746661095e-05,-0.009477406378852167
1.524999976158142,80,0.00016970578562030116,-3.0666047893352344e-05,0.99999998512976984,-0.0037827195003302047,-0.99999284504087482,-3.0003975742594504e-05,-7.472222775824595e-06,-0.009474016758813679
1.524999976158142,83,1.0742165366945965e-05,2.7988918179708563e-06,0.99999999993838595,-0.0019685929473436006,-0.9999980623152408,2.7515923364526991e-06,-2.414057271543822e-05,-0.008782619762914745
1.524999976158142,85,2.2314627244333052e-06,-6.6618614101559592e-06,0.99999999997531996,-0.0031045230955817232,-0.99999518093443385,-6.6526521218929821e-06,5.561396079770357e-06,-0.009232923336623292
1.524999976158142,88,-1.3333291045265041e-05,-1.3577602465095528e-05,0.99999999981893606,-0.0019774825567663535,-0.99999804468793529,-1.3529365865414169e-05,2.1738870857025155e-05,-0.008781231100792769
1.550000011920929,57,-0.00036846159020051259,-1.5557350812322375e-05,0.99999993199701043,0.0033134243285655885,-0.99999451049215327,-1.4310048602287829e-05,8.641767517683829e-05,-0.005643636219075238
1.550000011920929,60,0.00017689541651189623,-3.8041565752203756e-06,0.99999998434676995,-0.00039804012979183793,-0.99999992077509248,-3.7234118064044253e-06,-8.545077766277301e-06,-0.007934977702520704
1.550000011920929,61,0.00042496188986859777,3.6278788824299846e-05,0.99999990904561664,0.0033317555471635493,-0.99999444908040391,3.4833224222170728e-05,5.456388274410537e-06,-0.005651990749503894
1.550000011920929,64,-0.00018462593559252709,3.3297015875308e-06,0.99999998295108838,-0.00038427487665574316,-0.99999992616113798,3.2461920340904983e-06,-1.066108627929897e-05,-0.00793459058678159
1.550000011920929,68,-6.203652263728588e-05,-4.1350777258537804e-06,0.99999999806718554,0.0013664780542821473,-0.99999906636067504,-3.9376362549552277e-06,1.9414453005377802e-05,-0.006783812110497452
1.550000011920929,69,2.4070787191354851e-05,9.3369982627744604e-06,0.99999999966670883,0.0026011908095520085,-0.99999661685451591,9.2679536175578066e-06,3.3320073829409985e-05,-0.006063591853548593
1.550000011920929,72,3.9103708145207799e-07,5.2947955374903708e-07,0.9999999999997834,-0.00026359915896112583,-0.99999996525760337,5.2448215108381292e-07,-1.5255078014110726e-06,-0.007838785587282814
1.550000011920929,76,9.1409374367324391e-05,1.75480018180066e-05,0.99999999566819697,0.0013832872541044219,-0.99999904310826315,1.7289606610622949e-05,1.6224037018569914e-05,-0.006786401730530813
1.550000011920929,78,-0.0001615042875366811,1.6459493637892884e-05,0.99999998682272495,-0.0037656309412713619,-0.99999290986133604,1.583262291968432e-05,3.066826505761008e-05,-0.009599039105850304
1.550000011920929,80,0.00016940665299502902,-3.0662233625586086e-05,0.99999998518060651,-0.0037786087798025699,-0.99999286058229875,-3.0002005059928505e-05,-7.463284801776598e-06,-0.009595655642359103
1.550000011920929,83,1.0884897483119361e-05,2.7969960032067435e-06,0.99999999993684796,-0.00196630753732638,-0.99999806681168435,2.7500378361828858e-06,-2.416492785298328e-05,-0.008905197025508156
1.550000011920929,85,2.2062873208959636e-06,-6.6593385727831333e-06,0.99999999997539257,-0.0031010258396187858,-0.99999519178569884,-6.6502176408680037e-06,5.5271690600458586e-06,-0.009354894315916363
1.550000011920929,88,-1.3524255624142518e-05,-1.3571343962297126e-05,0.9999999998164566,-0.001975191372431166,-0.99999804921617508,-1.3523549713689002e-05,2.1700776168538447e-05,-0.008903810469153658
1.574999988079071,57,-0.00036895588371076393,-1.5572066223314426e-05,0.99999993181453106,0.0033163167067605686,-0.99999450090407027,-1.4322007042082289e-05,8.655142673631574e-05,-0.00576558944884151
1.574999988079071,60,0.00017703805527506571,-3.81446530173134e-06,0.99999998432148818,-0.0003980752083754404,-0.99999992076109112,-3.7336215535146444e-06,-8.539897800099161e-06,-0.008058402046897855
1.574999988079071,61,0.00042553180568422223,3.6315989085756088e-05,0.99999990880191136,0.0033346595160114894,-0.99999443939963406,3.4867232779060936e-05,5.451423918791403e-06,-0.005773957515786074
1.574999988079071,64,-0.00018478586450319391,3.3464021646400088e-06,0.99999998292149272,-0.00038426577254334116,-0.99999992616458233,3.2627901522533651e-06,-1.0691744747225403e-05,-0.008058015679100751
1.574999988079071,68,-6.2157369009627265e-05,-4.140753689171837e-06,0.99999999805965778,0.0013676920814339663,-0.99999906470097477,-3.9428475589783583e-06,1.9415655993740963e-05,-0.006906760688226518
1.574999988079071,69,2.4104631378640656e-05,9.3472462381504757e-06,0.99999999966579778,0.0026034502230446845,-0.99999661097468406,9.2780466290968324e-06,3.336925920988604e-05,-0.006185945020738563
1.574999988079071,72,3.8699607851440795e-07,5.3353203375817305e-07,0.99999999999978273,-0.00026310958166204679,-0.99999996538653391,5.2851810985191053e-07,-1.5309139741723696e-06,-0.007962037623450994
1.574999988079071,76,9.1575480273157903e-05,1.7569652266675236e-05,0.99999999565261943,0.0013845237061433113,-0.99999904139676488,1.7310648036390309e-05,1.6282670075658325e-05,-0.006909354294403705
1.574999988079071,78,-0.00016125438457129608,1.6461204644299364e-05,0.99999998686302594,-0.0037615099034410031,-0.99999292537120921,1.583595447866176e-05,3.058257455377514e-05,-0.009720670948894231
1.574999988079071,80,0.00016910714472626566,-3.0658350661586211e-05,0.99999998523141931,-0.0037744974524998171,-0.99999287610911658,-2.9999964808245115e-05,-7.454290840469678e-06,-0.009717293647141918
1.574999988079071,83,1.1027578172678106e-05,2.7950916739714065e-06,0.99999999993528998,-0.0019640210676544786,-0.99999807130498586,2.7484741865080662e-06,-2.418925067538492e-05,-0.009027773776064518
1.574999988079071,85,2.1811157045204814e-06,-6.656800431568442e-06,0.99999999997546485,-0.0030975280171939511,-0.99999520262648756,-6.647767677474023e-06,5.492942628979936e-06,-0.009476864543641703
1.574999988079071,88,-1.3715135904277556e-05,-1.356505121861915e-05,0.99999999981394216,-0.0019728990956520459,-0.99999805374132111,-1.3517698405608824e-05,2.166269151402202e-05,-0.009026389327593956
1.600000023841858,57,-0.00036944983467382435,-1.5586752791992489e-05,0.99999993163193412,0.0033192059578536818,-0.999994491318001,-1.4333936101946202e-05,8.668501799218568e-05,-0.005887543571285444
1.600000023841858,60,0.00017718013995629184,-3.8247737463780084e-06,0.99999998429628445,-0.00039810921051348919,-0.99999992074751687,-3.7438314725644961e-06,-8.53453795778884e-06,-0.008181826271499952
1.600000023841858,61,0.00042610135196766928,3.6353127623079567e-05,0.99999990855803966,0.0033375603117939724,-0.99999442972102248,3.4901178923722609e-05,5.446567047648403e-06,-0.005895925169362539
1.600000023841858,64,-0.00018494516394511383,3.3631079709084999e-06,0.99999998289198788,-0.00038425559289313532,-0.99999992616843969,3.2793940082288342e-06,-1.0722464627491395e-05,-0.00818144065275176
1.600000023841858,68,-6.2278281581443237e-05,-4.1464236258274261e-06,0.99999999805211148,0.0013689049216359696,-0.99999906304142527,-3.9480526019651981e-06,1.9416876139097723e-05,-0.007029709523477094
1.600000023841858,69,2.4138471029486067e-05,9.3574794086267261e-06,0.99999999966488595,0.0026057072577879837,-0.99999660509594623,9.2881247594997128e-06,3.3418437378951935e-05,-0.006308298801902753
1.600000023841858,72,3.8298503832665758e-07,5.3758590553074529e-07,0.99999999999978229,-0.00026261938561202973,-0.99999996551538672,5.3255548606822679e-07,-1.536278221326623e-06,-0.008085289575006375
1.600000023841858,76,9.174167804405733e-05,1.7591276147948168e-05,0.99999999563700581,0.0013857589428271108,-0.99999903968542181,1.7331662551302247e-05,1.6341325304137714e-05,-0.0070323071136269176
1.600000023841858,78,-0.00016100410492188722,1.6462878391299244e-05,0.99999998690332592,-0.0037573882994920509,-0.99999294086622692,1.5839248286351458e-05,3.0496796524383093e-05,-0.009842301907458214
1.600000023841858,80,0.00016880725563658594,-3.0654397570712498e-05,0.99999998528220901,-0.0037703855158675516,-0.99999289162133087,-2.9997853572594321e-05,-7.445241351676464e-06,-0.009838930772760783
1.600000023841858,83,1.1170205461864356e-05,2.7931786954528849e-06,0.99999999993371236,-0.0019617335373406466,-0.99999807579514022,2.7469012512147109e-06,-2.4213540353892616e-05,-0.009150350014621219
1.600000023841858,85,2.1559481202698054e-06,-6.6542466813997055e-06,0.99999999997553646,-0.0030940296298777492,-0.99999521345678921,-6.645301925934987e-06,5.458716974868557e-06,-0.009598834020019776
1.600000023841858,88,-1.3905929045676266e-05,-1.355872360031385e-05,0.99999999981139309,-0.0019706057249778137,-0.99999805826336863,-1.3511811304582907e-05,2.1624617122022438e-05,-0.00914896767620429
1.625,57,-0.00036994342779236031,-1.5601409774300384e-05,0.99999993144922594,0.0033220920862003832,-0.99999448173395822,-1.4345835096378438e-05,8.681844480422596e-05,-0.0060094985879333655
1.625,60,0.00017732165963723403,-3.8350817291263824e-06,0.99999998427116032,-0.00039814213720611169,-0.99999992073436972,-3.754041388962471e-06,-8.529001519840632e-06,-0.008305250376047471
1.625,61,0.0004266705114409068,3.6390202717606043e-05,0.99999990831400964,0.0033404579379367363,-0.99999442004458516,3.493506100431851e-05,5.441818344877517e-06,-0.006017893711365408
1.625,64,-0.00018510382186497594,3.3798188483409409e-06,0.99999998286257585,-0.00038424433935423233,-0.99999992617270927,3.2960034497972287e-06,-1.0753240741655738e-05,-0.008304865507469464
1.625,68,-6.239925885016275e-05,-4.1520873377826505e-06,0.99999999804454631,0.0013701165767703541,-0.99999906138202821,-3.9532511940860379e-06,1.9418117136930685e-05,-0.007152658615717801
1.625,69,2.4172305360948893e-05,9.367697334184903e-06,0.99999999966397302,0.0026079619203365238,-0.99999659921830009,9.2981875713035767e-06,3.346760719459345e-05,-0.006430653195310546
1.625,72,3.7900432360592989e-07,5.4164114281834075e-07,0.99999999999978162,-0.00026212857051754877,-0.99999996564416171,5.3659425382515884e-07,-1.5416000057235615e-06,-0.00820854144196438
1.625,76,9.1907965532256509e-05,1.7612872630184255e-05,0.99999999562135644,0.001386992965220758,-0.99999903797423728,1.7352649333985767e-05,1.6399998243903195e-05,-0.007155260187547008
1.625,78,-0.00016075344308762407,1.6464514087649986e-05,0.99999998694362513,-0.0037532661277062101,-0.99999295634638818,1.5842503568195838e-05,3.0410931256004567e-05,-0.009963931981027565
1.625,80,0.00016850698051433752,-3.0650372917681313e-05,0.99999998533297585,-0.003766272967452574,-0.99999290711894273,-2.9995669933396162e-05,-7.436136802617005e-06,-0.00996056701882564
1.625,83,1.1312777400713064e-05,2.7912569288160153e-06,0.99999999993211497,-0.0019594449453286217,-0.99999808028214199,2.7453188901050193e-06,-2.4237796066730424e-05,-0.009272925741260048
1.625,85,2.1307848089926925e-06,-6.6516770187061549e-06,0.99999999997560751,-0.0030905306792788608,-0.99999522427659282,-6.6428200820317874e-06,5.424492281351316e-06,-0.009720802745302386
1.625,88,-1.4096632240570695e-05,-1.3552360472509279e-05,0.99999999980880916,-0.0019683112588886188,-0.99999806278231307,-1.350588777295769e-05,2.158655321801933e-05,-0.009271545515119243
1.649999976158142,57,-0.00037043664784620119,-1.561603643001346e-05,0.99999993126641229,0.0033249750966054263,-0.99999447215195314,-1.4357703343441389e-05,8.695170307658685e-05,-0.006131454500391655
1.649999976158142,60,0.00017746260343558715,-3.8453890722789871e-06,0.99999998424611858,-0.00039817398958478774,-0.99999992072164912,-3.7642511304141352e-06,-8.523291847171954e-06,-0.008428674360266855
1.649999976158142,61,0.00042723926691530056,3.6427212656717128e-05,0.99999990806982941,0.0033433523983190825,-0.99999441037033721,3.4968877374742792e-05,5.437178467942353e-06,-0.006139863143007647
1.649999976158142,64,-0.00018526182625132787,3.3965346422508201e-06,0.99999998283325953,-0.0003842320137013946,-0.99999992617739042,3.312618328004686e-06,-1.0784067838690254e-05,-0.008428290242995311
1.649999976158142,68,-6.2520299327469255e-05,-4.1577446292920341e-06,0.9999999980369626,0.0013713270487472477,-0.99999905972278591,-3.9584431477595954e-06,1.9419382730688943e-05,-0.007275607964443667
1.649999976158142,69,2.4206133595356333e-05,9.3778995759005242e-06,0.99999999966305897,0.002610214217540647,-0.99999659334174495,9.3082346281225842e-06,3.351676752120249e-05,-0.0065530081992744935
1.649999976158142,72,3.7505429517686803e-07,5.4569772026245942e-07,0.99999999999978084,-0.00026163713616274552,-0.99999996577285777,5.4063438810206056e-07,-1.546878792676123e-06,-0.00833179322435808
1.649999976158142,76,9.207434060945946e-05,1.76344408850622e-05,0.9999999956056711,0.0013882257744221257,-0.99999903626321396,1.7373607566331516e-05,1.645868439305412e-05,-0.007278213515537402
1.649999976158142,78,-0.00016050239353824282,1.6466110953147587e-05,0.99999998698392423,-0.0037491433864654134,-0.99999297181169267,1.5845719560668287e-05,3.0324979031730296e-05,-0.010085561169097054
1.649999976158142,80,0.00016820631411181667,-3.0646275272365751e-05,0.9999999853837207,-0.0037621598049031968,-0.99999292260195405,-2.9993412476247045e-05,-7.42697766890533e-06,-0.010082202384957035
1.649999976158142,83,1.1455292062393367e-05,2.7893262395274323e-06,0.99999999993049793,-0.0019571552904933836,-0.99999808476598639,2.7437269673215131e-06,-2.4262016999727322e-05,-0.009395500956108485
1.649999976158142,85,2.1056260073064106e-06,-6.6490911372354175e-06,0.9999999999756779,-0.0030870311670467558,-0.99999523508588761,-6.640321838879036e-06,5.3902687260199656e-06,-0.00984277071977523
1.649999976158142,88,-1.4287242713206145e-05,-1.3545961199888448e-05,0.99999999980619092,-0.0019660156957957246,-0.99999806729815022,-1.3499927172696765e-05,2.1548500023182796e-05,-0.009394122844519045
1.675000011920929,57,-0.00037092947968808633,-1.563063202113357e-05,0.99999993108349983,0.0033278549943294264,-0.99999446257199487,-1.4369540163166987e-05,8.708478875713443e-05,-0.006253411310348009
1.675000011920929,60,0.00017760296050193223,-3.855695600607356e-06,0.99999998422116099,-0.00039820476891571781,-0.99999992070935473,-3.7744605270563917e-06,-8.517412383625598e-06,-0.008552098223891608
1.675000011920929,61,0.00042780760128584424,3.6464155734463176e-05,0.99999990782550652,0.003346243697279319,-0.99999440069829126,3.5002626395259042e-05,5.432648048680719e-06,-0.006261833465584593
1.675000011920929,64,-0.00018541916512935781,3.4132552020519997e-06,0.99999998280404123,-0.00038421861783638072,-0.99999992618248223,3.3292384979562867e-06,-1.0814940591593469e-05,-0.008551714859077993
1.675000011920929,68,-6.2641401539306578e-05,-4.1633953054421097e-06,0.99999999802936046,0.0013725363395056293,-0.99999905806369938,-3.9636282761924934e-06,1.9420676713444653e-05,-0.007398557569176388
1.675000011920929,69,2.423995495958251e-05,9.3880856968726199e-06,0.99999999966214426,0.0026124641565525605,-0.99999658746627751,9.3182654955797374e-06,3.356591722956638e-05,-0.006675363812150384
1.675000011920929,72,3.7113531228876863e-07,5.4975561314903136e-07,0.99999999999977995,-0.00026114508241103167,-0.99999996590147411,5.4467586451986611e-07,-1.5521140496317963e-06,-0.008455044922238144
1.675000011920929,76,9.2240801167078911e-05,1.7655980089086192e-05,0.99999999558995056,0.0013894573715615276,-0.9999990345523555,1.7394536435000827e-05,1.6517379206317078e-05,-0.0074011670969984745
1.675000011920929,78,-0.00016025095071233508,1.6467668203191092e-05,0.99999998702422421,-0.0037450200742539679,-0.99999298726213859,1.5848895495843299e-05,3.023894013233334e-05,-0.010207189471170865
1.675000011920929,80,0.00016790525113925551,-3.0642103205643693e-05,0.99999998543444391,-0.0037580460259705843,-0.99999293807036538,-2.9991079787790051e-05,-7.417764433431096e-06,-0.010203836870784525
1.675000011920929,83,1.1597747542636648e-05,2.7873864897771868e-06,0.99999999992886146,-0.0019548645716408351,-0.99999808924666811,2.7421253437686435e-06,-2.4286202345096087e-05,-0.009518075659338767
1.675000011920929,85,2.0804719470239717e-06,-6.6464887329381136e-06,0.99999999997574773,-0.0030835310948760064,-0.99999524588466249,-6.6378068918122317e-06,5.356046482020328e-06,-0.00996473794375591
1.675000011920929,88,-1.4477757719388494e-05,-1.3539525148520991e-05,0.99999999980353782,-0.0019637190340402151,-0.99999807181087563,-1.3493928867212467e-05,2.151045775591398e-05,-0.009516699664629178
1.699999988079071,57,-0.00037142190824194322,-1.5645195811790709e-05,0.99999993090049466,0.0033307317850931255,-0.99999445299409162,-1.4381344877458489e-05,8.721769783794882e-05,-0.006375369019573444
1.699999988079071,60,0.00017774272001613902,-3.8660011378712963e-06,0.99999998419628966,-0.00039823447659877636,-0.99999992069748589,-3.7846694079767883e-06,-8.511366657488524e-06,-0.008675521966662594
1.699999988079071,61,0.00042837549752955433,3.6501030250624991e-05,0.99999990758104962,0.0033491318396164974,-0.99999439102845877,3.5036306431563705e-05,5.428227692923589e-06,-0.006383804680476103
1.699999988079071,64,-0.00018557582655922257,3.4299803753267411e-06,0.99999998277492375,-0.00038420415378836152,-0.99999992618798406,3.3458638128846628e-06,-1.0845853594688387e-05,-0.008675139355473854
1.699999988079071,68,-6.2762564026140754e-05,-4.1690391710866067e-06,0.99999999802173978,0.0013737444510137878,-0.99999905640477083,-3.9688063923150254e-06,1.9422002930948552e-05,-0.007521507429464885
1.699999988079071,69,2.4273768685334399e-05,9.3982552618079429e-06,0.99999999966122843,0.0026147117448292461,-0.99999658159189453,9.3282797408904162e-06,3.361505519727233e-05,-0.006797720032337636
1.699999988079071,72,3.6724773273210512e-07,5.538147969286074e-07,0.99999999999977918,-0.00026065240920433486,-0.99999996603000973,5.4871865886134437e-07,-1.557305245536431e-06,-0.00857829653567471
1.699999988079071,76,9.2407345116710978e-05,1.7677489420236855e-05,0.99999999557419439,0.0013906877578026616,-0.9999990328416638,1.7415435128075747e-05,1.657607809330482e-05,-0.007524120931358387
1.699999988079071,78,-0.00015999910901500047,1.6469185052792596e-05,0.99999998706452542,-0.0037408961896596335,-0.99999300269772462,1.5852030605415337e-05,3.015281483543618e-05,-0.010328816886763783
1.699999988079071,80,0.00016760378626761346,-3.0637855287194663e-05,0.99999998548514624,-0.0037539316285119112,-0.99999295352417772,-2.9988670453500269e-05,-7.408497588114503e-06,-0.010325470475948648
1.699999988079071,83,1.1740141960000529e-05,2.7854375430527121e-06,0.99999999992720512,-0.0019525727875054604,-0.99999809372418269,2.7405138816879285e-06,-2.4310351301734928e-05,-0.00964064985117032
1.699999988079071,85,2.0553228565199528e-06,-6.6438695013778303e-06,0.99999999997581734,-0.0030800304645043817,-0.99999525667290601,-6.6352749357926603e-06,5.3218257170288555e-06,-0.010086704417596773
1.699999988079071,88,-1.466817454521061e-05,-1.3533051682966054e-05,0.99999999980085053,-0.0019614212718923338,-0.99999807632048521,-1.3487892218466373e-05,2.1472426630780004e-05,-0.009639275975722504
1.725000023841858,57,-0.00037191391850235076,-1.5659727068710333e-05,0.99999993071740267,0.0033336054750839296,-0.99999444341824961,-1.439311681055588e-05,8.735042635439243e-05,-0.0064973276299241135
1.725000023841858,60,0.00017788187118265362,-3.8763055125248573e-06,0.99999998417150704,-0.00039826311417001588,-0.99999992068604227,-3.7948776069221438e-06,-8.505158283697265e-06,-0.008798945588328186
1.725000023841858,61,0.00042894293870587548,3.6537834510687928e-05,0.99999990733646682,0.0033520168306001305,-0.99999438136084962,3.5069915854751581e-05,5.423917979588772e-06,-0.0065057767891479705
1.725000023841858,64,-0.00018573179862738649,3.4467100157775487e-06,0.9999999827459094,-0.00038418862371802329,-0.99999992619389477,3.3624941321043323e-06,-1.0876801360801522e-05,-0.008798563731946527
1.725000023841858,68,-6.2883785343732619e-05,-4.1746760335111232e-06,0.99999999801410067,0.0013749513852695022,-0.99999905474600115,-3.9739773114449184e-06,1.9423365283056163e-05,-0.007644457544884414
1.725000023841858,69,2.4307574009479433e-05,9.4084078367383735e-06,0.99999999966031183,0.0026169569901375194,-0.99999657571859135,9.3382769325784885e-06,3.3664180307934824e-05,-0.006920076858278899
1.725000023841858,72,3.6339191392616772e-07,5.578752476604411e-07,0.9999999999997784,-0.00026015911656598602,-0.99999996615846365,5.5276274751545088e-07,-1.5624518509235892e-06,-0.00870154806475624
1.725000023841858,76,9.2573970392375907e-05,1.7698968061135972e-05,0.99999999555840335,0.0013919169343417624,-0.99999903113114241,1.7436302838221843e-05,1.6634776415629844e-05,-0.007647075018071838
1.725000023841858,78,-0.00015974686281504535,1.6470660721439623e-05,0.99999998710482851,-0.0037367717313769194,-0.9999930181184481,1.5855124125570902e-05,3.0066603416572097e-05,-0.010450443415398232
1.725000023841858,80,0.0001673019141220256,-3.0633530088726721e-05,0.99999998553582803,-0.0037498166104898917,-0.99999296896339063,-2.9986183060936835e-05,-7.399177633233002e-06,-0.010447103200098657
1.725000023841858,83,1.1882473454734706e-05,2.7834792621908755e-06,0.99999999992552968,-0.0019502799367516169,-0.99999809819852503,2.738892442708142e-06,-2.4334463074326383e-05,-0.009763223531869052
1.725000023841858,85,2.0301789599267138e-06,-6.6412331371942376e-06,0.99999999997588618,-0.0030765292777187657,-0.99999526745060663,-6.6327256648737441e-06,5.287606593828163e-06,-0.010208670141683038
1.725000023841858,88,-1.4858490505761026e-05,-1.3526540167196671e-05,0.99999999979812904,-0.0019591224075506341,-0.99999808082697483,-1.3481816587892823e-05,2.1434406858891238e-05,-0.00976185177811817
1.75,57,-0.00037240549552919935,-1.5674225060492069e-05,0.99999993053423042,0.0033364760709630871,-0.99999443384447284,-1.4404855288327386e-05,8.748297038570307e-05,-0.006619287143343474
1.75,60,0.00017802040322424092,-3.8866085519282536e-06,0.99999998414681512,-0.00039829068330408588,-0.9999999206750233,-3.8050849565116137e-06,-8.498790965684191e-06,-0.00892236908864345
1.75,61,0.00042950990795086527,3.6574566824586927e-05,0.99999990709176567,0.0033548986759757335,-0.9999943716954719,3.5103453040075777e-05,5.419719461380838e-06,-0.0066277497931539935
1.75,64,-0.00018588706944309177,3.4634439789064487e-06,0.99999998271700086,-0.00038417202991658278,-0.99999992620021383,3.3791293166928645e-06,-1.0907778318118654e-05,-0.008921987988266527
1.75,68,-6.3005064065387405e-05,-4.1803056995933958e-06,0.99999999800644346,0.0013761571443009939,-0.99999905308739201,-3.9791408484460201e-06,1.942476772722328e-05,-0.007767407915037217
1.75,69,2.4341370173650514e-05,9.418542989114184e-06,0.99999999965939435,0.0026191999005614887,-0.99999656984636243,9.3482566405700822e-06,3.371329145190991e-05,-0.007042434288460365
1.75,72,3.595682117972631e-07,5.6193694268204156e-07,0.9999999999997774,-0.00025966520460030422,-0.99999996628683507,5.5680810814665072e-07,-1.567553337141143e-06,-0.008824799509589806
1.75,76,9.2740674950748893e-05,1.7720415197198511e-05,0.99999999554257701,0.00139314490240958,-0.99999902942079366,1.7457138760840162e-05,1.669346948610981e-05,-0.007770029356621008
1.75,78,-0.00015949420644039989,1.6472094428447288e-05,0.99999998714513405,-0.0037326466982083618,-0.99999303352430657,1.5858175292356751e-05,2.998030614866219e-05,-0.010572069056606733
1.75,80,0.0001669996292791718,-3.062912618297258e-05,0.99999998558649017,-0.0037457009699751399,-0.99999298438800377,-2.9983616198746932e-05,-7.389805077530038e-06,-0.010568735042894855
1.75,83,1.2024740189048172e-05,2.7815115105280336e-06,0.99999999992383448,-0.0019479860179713708,-0.99999810266969069,2.7372608889982902e-06,-2.4358536873097034e-05,-0.009885796701748746
1.75,85,2.0050404771287779e-06,-6.6385793357875343e-06,0.99999999997595468,-0.0030730275363557453,-0.99999527821775336,-6.6301587738850604e-06,5.253389270217096e-06,-0.010330635116435803
1.75,88,-1.5048702946127207e-05,-1.351998996625806e-05,0.99999999979537313,-0.0019568224391404193,-0.9999980853303404,-1.3475701338060544e-05,2.1396398648035813e-05,-0.009884427072184057
1.774999976158142,57,-0.00037289662444875567,-1.5688689057550401e-05,0.99999993035098389,0.0033393435798704661,-0.99999442427276486,-1.4416559638202092e-05,8.761532605492824e-05,-0.006741247561864529
1.774999976158142,60,0.00017815830538277003,-3.8969100859738913e-06,0.99999998412221602,-0.00039831718581459589,-0.99999992066442822,-3.8152912918628449e-06,-8.49226849859012e-06,-0.009045792467371647
1.774999976158142,61,0.00043007638847606164,3.6611225506800108e-05,0.99999990684695483,0.0033577773819686344,-0.99999436203233172,3.51369163670405e-05,5.415632664632544e-06,-0.006749723694138495
1.774999976158142,64,-0.00018604162713596684,3.4801821202923662e-06,0.99999998268820056,-0.0003841543748094652,-0.99999992620693989,3.3957692277680586e-06,-1.0938778806813815e-05,-0.009045412124213295
1.774999976158142,68,-6.3126398779549155e-05,-4.1859279775978716e-06,0.99999999799876793,0.0013773617301667911,-0.99999905142894496,-3.9842968195251593e-06,1.9426214280226907e-05,-0.007890358539552713
1.774999976158142,69,2.4375156423817529e-05,9.4286602874099958e-06,0.99999999965847597,0.0026214404845040337,-0.99999656397520187,9.3582184358009693e-06,3.376238752619379e-05,-0.007164792321412389
1.774999976158142,72,3.5577698221658446e-07,5.659998587159298e-07,0.9999999999997764,-0.00025917067349357886,-0.99999996641512323,5.6085471780236769e-07,-1.5726091764210417e-06,-0.008948050870303106
1.774999976158142,76,9.2907456770029281e-05,1.7741830015547539e-05,0.99999999552671592,0.0013943716632697401,-0.99999902771062033,1.7477942092984525e-05,1.6752152565651913e-05,-0.007892983946515412
1.774999976158142,78,-0.00015924113418013062,1.6473485390103768e-05,0.99999998718544247,-0.0037285210890680679,-0.99999304891529672,1.5861183338817739e-05,2.989392330231609e-05,-0.010693693809931789
1.774999976158142,80,0.00016669692626859712,-3.0624642139174323e-05,0.99999998563713288,-0.0037415847051511125,-0.99999299979801637,-2.9980968452144993e-05,-7.380380439395755e-06,-0.01069036600400648
1.774999976158142,83,1.2166940345852082e-05,2.7795341497542023e-06,0.99999999992211985,-0.0019456910296842952,-0.99999810713767523,2.7356190811174845e-06,-2.4382571913815925e-05,-0.010008369361172515
1.774999976158142,85,1.9799076245533425e-06,-6.6359077916779561e-06,0.99999999997602229,-0.0030695252423053104,-0.99999528897433421,-6.6275739567894151e-06,5.219173899080681e-06,-0.010452599342310775
1.774999976158142,88,-1.5238809238353657e-05,-1.3513400442316001e-05,0.99999999979258336,-0.0019545213647128639,-0.99999808983057881,-1.3469545828713981e-05,2.1358402202448587e-05,-0.010007001858336768
1.800000011920929,57,-0.00037338729044907222,-1.5703118332215783e-05,0.99999993016766919,0.0033422080094372962,-0.99999441470312611,-1.4428229189279639e-05,8.77474895278151e-05,-0.006863208887611926
1.800000011920929,60,0.00017829556690714997,-3.907209948121892e-06,0.99999998409771218,-0.00039834262365786172,-0.99999992065425669,-3.8254964516312056e-06,-8.485594770258273e-06,-0.009169215724282793
1.800000011920929,61,0.00043064236356806938,3.664780887646758e-05,0.99999990660204208,0.0033606529552957132,-0.99999435237143397,3.5170304219513896e-05,5.411658088642651e-06,-0.0068716984938380675
1.800000011920929,64,-0.00018619545984510723,3.4969243043176966e-06,0.99999998265951096,-0.00038413566095682179,-0.99999992621407185,3.4124137352187612e-06,-1.0969797075611297e-05,-0.009168836139573224
1.800000011920929,68,-6.3247788093703279e-05,-4.1915426770950855e-06,0.9999999979910742,0.001378565144956933,-0.99999904977066123,-3.9894450421486162e-06,1.942770902116771e-05,-0.008013309418086877
1.800000011920929,69,2.4408932011864852e-05,9.4387593015498682e-06,0.99999999965755704,0.0026236787506984187,-0.99999655810510224,9.3681618906373728e-06,3.381146743381084e-05,-0.007287150955708957
1.800000011920929,72,3.5201858064586626e-07,5.7006397429449559e-07,0.99999999999977551,-0.00025867552351644567,-0.99999996654332668,5.6490255533693651e-07,-1.5776188411227209e-06,-0.00907130214704225
1.800000011920929,76,9.3074313855959068e-05,1.7763211708080292e-05,0.99999999551082008,0.0013955972182208599,-0.99999902600062551,1.749871203641983e-05,1.6810820861161206e-05,-0.008015938787291755
1.800000011920929,78,-0.00015898764027483692,1.6474832823807952e-05,0.999999987225755,-0.0037243949029862038,-0.99999306429141555,1.5864147499168796e-05,2.9807455146255284e-05,-0.01081531767492419
1.800000011920929,80,0.00016639379956407519,-3.0620076525641945e-05,0.99999998568775705,-0.0037374678143160989,-0.99999301519342743,-2.9978238405502774e-05,-7.37090424702279e-06,-0.01081199608311335
1.800000011920929,83,1.2309072128266635e-05,2.7775470409038244e-06,0.99999999992038602,-0.0019433949703364726,-0.99999811160247443,2.7339668790090762e-06,-2.440656741671225e-05,-0.010130941510552756
1.800000011920929,85,1.9547806145220896e-06,-6.6332181987916942e-06,0.99999999997608968,-0.0030660223975153894,-0.99999529972033752,-6.6249709069707178e-06,5.184960628217315e-06,-0.010574562819800402
1.800000011920929,88,-1.5428806782176377e-05,-1.3506770954972428e-05,0.99999999978975962,-0.0019522191822450381,-0.9999980943276856,-1.3463349417093968e-05,2.1320417722851127e-05,-0.010129576137043397
1.824999988079071,57,-0.00037387747877867474,-1.5717512158062236e-05,0.99999992998429288,0.0033450693677874155,-0.99999440513555615,-1.4439863271660079e-05,8.787945701381936e-05,-0.006985171122804739
1.824999988079071,60,0.00017843217705678264,-3.9175079700034187e-06,0.99999998407330548,-0.00039836699893325072,-0.99999992064450771,-3.8357002726118531e-06,-8.478773765471559e-06,-0.009292638859156164
1.824999988079071,61,0.00043120781658417633,3.6684315254995377e-05,0.99999990635703551,0.0033635254031706987,-0.99999434271278143,3.5203614983341685e-05,5.407796205787854e-06,-0.006993674194084101
1.824999988079071,64,-0.00018634855572008361,3.5136703906351064e-06,0.99999998263093481,-0.0003841158910578688,-0.99999992622160916,3.4290627041704003e-06,-1.1000827278500298e-05,-0.009292260034141625
1.824999988079071,68,-6.3369230632777981e-05,-4.1971496074217217e-06,0.99999999798336214,0.0013797673907930312,-0.99999904811254225,-3.99458533350309e-06,1.9429256094434934e-05,-0.008136260550323349
1.824999988079071,69,2.4442696194216389e-05,9.4488396018419982e-06,0.999999999656637,0.0026259147082095735,-0.99999655223605466,9.3780865778131533e-06,3.3860530084578036e-05,-0.007409510189968567
1.824999988079071,72,3.4829336276276659e-07,5.7412926755589407e-07,0.99999999999977451,-0.00025817975502379526,-0.99999996667144464,5.6895159920856138e-07,-1.5825818037490931e-06,-0.00919455333997484
1.824999988079071,76,9.3241244237872288e-05,1.7784559466367122e-05,0.99999999549488983,0.0013968215685956715,-0.99999902429081133,1.7519447792526427e-05,1.6869469523311314e-05,-0.00813889387851427
1.824999988079071,78,-0.00015873371891744599,1.6476135949798195e-05,0.99999998726607153,-0.0037202681391057036,-0.99999307965265916,1.5867067010520728e-05,2.9720901947048566e-05,-0.010936940651143874
1.824999988079071,80,0.00016609024358325391,-3.0615427911292071e-05,0.99999998573836324,-0.0037333502958815409,-0.99999303057423461,-2.9975424643888558e-05,-7.3613770382598065e-06,-0.010933625279905133
1.824999988079071,83,1.2451133761192039e-05,2.7755500468260896e-06,0.99999999991863275,-0.0019410978382984811,-0.99999811606408373,2.732304144472449e-06,-2.4430522606844445e-05,-0.010253513150353579
1.824999988079071,85,1.9296596556747619e-06,-6.6305102505148165e-06,0.9999999999761563,-0.0030625190039901382,-0.99999531045575141,-6.6223493172867318e-06,5.15074960062094e-06,-0.01069652554943455
1.824999988079071,88,-1.5618693005001375e-05,-1.3500100865403935e-05,0.99999999978690191,-0.0019499158896360517,-0.99999809882165736,-1.345711146207542e-05,2.1282445406521067e-05,-0.010252149908822302
1.850000023841858,57,-0.00037436717474524395,-1.5731869809592135e-05,0.99999992980086094,0.0033479276635540282,-0.99999439557005265,-1.4451461216123333e-05,8.801122476617486e-05,-0.007107134269758699
1.850000023841858,60,0.00017856812509068444,-3.9278039870430886e-06,0.99999998404899848,-0.00039839031388805773,-0.99999992063518017,-3.8459025953654829e-06,-8.471809567168723e-06,-0.009416061871778288
1.850000023841858,61,0.0004317727309510135,3.6720742968018828e-05,0.99999990611194356,0.0033663947333140314,-0.99999433305637497,3.523684704830802e-05,5.4040474616502235e-06,-0.007115650796805469
1.850000023841858,64,-0.00018650090291202936,3.5304202469465441e-06,0.99999998260247447,-0.000384095067949897,-0.99999992622955003,3.4457160077678447e-06,-1.1031863470289005e-05,-0.009415683807721764
1.850000023841858,68,-6.349072504127557e-05,-4.2027485792406494e-06,0.99999999797563244,0.0013809684698291992,-0.99999904645458915,-3.9997175120543287e-06,1.9430859712876744e-05,-0.008259211935973166
1.850000023841858,69,2.4476448232346226e-05,9.4589007600134648e-06,0.99999999965571629,0.0026281483664447915,-0.99999654636805102,9.3879920714641718e-06,3.3909574395165875e-05,-0.007531870022854183
1.850000023841858,72,3.4460168407679335e-07,5.781957181474955e-07,0.9999999999997734,-0.00025768336845675353,-0.99999996679947611,5.7300182938208113e-07,-1.5874975360549665e-06,-0.009317804449288489
1.850000023841858,76,9.340824597254173e-05,1.7805872486225625e-05,0.99999999547892515,0.0013980447157623949,-0.99999902258118023,1.7540148566870074e-05,1.6928093644296877e-05,-0.008261849219775035
1.850000023841858,78,-0.00015847936425144083,1.6477393981208424e-05,0.99999998730639317,-0.0037161407966924027,-0.99999309499902256,1.5869941102940945e-05,2.9634263969667876e-05,-0.011058562738159815
1.850000023841858,80,0.00016578625268551614,-3.0610694859137982e-05,0.99999998578895177,-0.003729232148381125,-0.99999304594043614,-2.9972525746563774e-05,-7.351799361358027e-06,-0.011055253594080472
1.850000023841858,83,1.2593123487166176e-05,2.7735430269426793e-06,0.99999999991686028,-0.0019387996318655193,-0.99999812052249937,2.7306307359143606e-06,-2.445443671314811e-05,-0.010376084281090082
1.850000023841858,85,1.9045449524938288e-06,-6.627783639900999e-06,0.99999999997622258,-0.0030590150637984518,-0.99999532118056378,-6.6197088802783049e-06,5.116540954399296e-06,-0.010818487531780021
1.850000023841858,88,-1.580846535893836e-05,-1.3493389530064823e-05,0.99999999978401044,-0.0019476114847079599,-0.99999810331249117,-1.3450831317865597e-05,2.124448544757991e-05,-0.010374723174243936
1.875,57,-0.00037485636371229229,-1.5746190562639681e-05,0.9999999296173796,0.0033507829058843836,-0.99999438600661084,-1.4463022354541417e-05,8.814278908135645e-05,-0.007229098330889382
1.875,60,0.00017870340026606408,-3.9380978368541309e-06,0.99999998402479295,-0.00039841257091697733,-0.99999992062627363,-3.8561032626142518e-06,-8.464706360567967e-06,-0.009539484761944564
1.875,61,0.00043233709016231401,3.6757090343273844e-05,0.99999990586677401,0.0033692609539622666,-0.99999432340221361,3.5269998806008215e-05,5.400412274006602e-06,-0.0072376283040311296
1.875,64,-0.00018665248956725725,3.5471737417091237e-06,0.9999999825741327,-0.0003840731946150608,-0.99999992623789391,3.4623735198822872e-06,-1.1062899603557268e-05,-0.009539107460125595
1.875,68,-6.3612269984194357e-05,-4.2083394040545314e-06,0.99999999796788464,0.0013821683842526202,-0.99999904479680324,-4.0048413970596712e-06,1.9432524160289994e-05,-0.008382163574774873
1.875,69,2.4510187392763424e-05,9.4689423484246498e-06,0.9999999996547948,0.0026303797351600829,-0.99999654050108044,9.3978779463416572e-06,3.3958599288596886e-05,-0.007654230453073769
1.875,72,3.4094390144878738e-07,5.8226330555897218e-07,0.9999999999997724,-0.00025718636434477225,-0.9999999669274201,5.7705322566299809e-07,-1.59236550936983e-06,-0.00944105547519233
1.875,76,9.3575317145094052e-05,1.7827149964781208e-05,0.99999999546292628,0.0013992666611240814,-0.9999990208717352,1.7560813566261521e-05,1.6986688254161785e-05,-0.008384804810693848
1.875,78,-0.00015822457036231545,1.6478606134038405e-05,0.99999998734672046,-0.003712012875137173,-0.9999931103305012,1.587276900945426e-05,2.9547541477254558e-05,-0.01118018393555042
1.875,80,0.00016548182116628158,-3.0605875930671206e-05,0.99999998583952343,-0.0037251133704693786,-0.99999306129202903,-2.9969540291384753e-05,-7.342171775636849e-06,-0.01117688102534899
1.875,83,1.2735039570413782e-05,2.771525841814521e-06,0.99999999991506872,-0.0019365003492556045,-0.99999812497771723,2.7289465129251683e-06,-2.447830896835248e-05,-0.010498654903331503
1.875,85,1.8794367066403015e-06,-6.6250380578578305e-06,0.99999999997628819,-0.0030555105790738726,-0.99999533189476231,-6.6170492863514304e-06,5.082334822783351e-06,-0.01094044876744332
1.875,88,-1.5998121321665809e-05,-1.3486636303711148e-05,0.99999999978108545,-0.0019453059652022966,-0.99999810780018328,-1.3444508337032382e-05,2.1206538036431173e-05,-0.010497295933932444
1.899999976158142,57,-0.0003753450310965706,-1.5760473693394552e-05,0.99999992943385507,0.003353635104451485,-0.9999943764452246,-1.4474546018903139e-05,8.827414629888741e-05,-0.007351063308714876
1.899999976158142,60,0.00017883799183192385,-3.9483893555759144e-06,0.99999998400069134,-0.00039843377256797255,-0.9999999206177872,-3.8663021155806393e-06,-8.45746843572061e-06,-0.00966290752945854
1.899999976158142,61,0.00043290087777619424,3.6793355710363445e-05,0.99999990562153496,0.003372124073877976,-0.99999431375029502,3.5303068649617103e-05,5.396891033122184e-06,-0.007359606717892867
1.899999976158142,64,-0.00018680330382570592,3.563930744944357e-06,0.99999998254591183,-0.00038405027417943581,-0.99999992624663891,3.4790351159214893e-06,-1.1093929523688431e-05,-0.009662530991173887
1.899999976158142,68,-6.3733864146286071e-05,-4.2139218927633696e-06,0.99999999796011874,0.0013833671362841445,-0.99999904313918542,-4.0099568071268824e-06,1.9434253795194774e-05,-0.008505115466494613
1.899999976158142,69,2.4543912947326422e-05,9.4789639399178593e-06,0.99999999965387287,0.0026326088244678475,-0.9999965346351315,9.4077437776599416e-06,3.400760369440702e-05,-0.00777659147938048
1.899999976158142,72,3.373203721769377e-07,5.8633201035348291e-07,0.99999999999977129,-0.00025668874330589576,-0.99999996705527505,5.8110576892788922e-07,-1.5971851936597736e-06,-0.00956430641791681
1.899999976158142,76,9.3742455868891326e-05,1.7848391100419732e-05,0.99999999544689333,0.0014004874061202598,-0.99999901916247802,1.7581441998709548e-05,1.704524831911192e-05,-0.008507760650918258
1.899999976158142,78,-0.00015796933127850557,1.6479771625619228e-05,0.99999998738705365,-0.0037078843739557403,-0.99999312564708975,1.5875549964505e-05,2.9460734731621696e-05,-0.011301804242902688
1.899999976158142,80,0.00016517694325579016,-3.0600969686023594e-05,0.99999998589007899,-0.0037209939609277841,-0.99999307662901027,-2.9966466854967968e-05,-7.332494852127874e-06,-0.011298507573430433
1.899999976158142,83,1.2876880293313046e-05,2.7694983518769332e-06,0.99999999991325794,-0.0019341999886074099,-0.99999812942973354,2.7272513350071277e-06,-2.45021386086188e-05,-0.010621225017701826
1.899999976158142,85,1.8543351157570863e-06,-6.6222731952643797e-06,0.99999999997635336,-0.0030520055520192467,-0.99999534259833467,-6.6143702258983755e-06,5.048131333596539e-06,-0.011062409257071165
1.899999976158142,88,-1.6187658395572985e-05,-1.3479840540829074e-05,0.9999999997781267,-0.0019429993287799392,-0.99999811228473068,-1.3438141871929947e-05,2.1168603359503738e-05,-0.01061986818856769
1.925000011920929,57,-0.00037583316236832436,-1.5774718479082227e-05,0.99999992925029357,0.0033564842694678476,-0.99999436688588594,-1.4486031541986511e-05,8.84052928023437e-05,-0.007473029205858865
1.925000011920929,60,0.00017897188902415737,-3.9586783844743175e-06,0.99999998397669587,-0.00039845392154237973,-0.99999992060971932,-3.8764990005897931e-06,-8.450100190722142e-06,-0.009786330174132739
1.925000011920929,61,0.00043346407741460527,3.6829537400689855e-05,0.99999990537623484,0.0033749841023615135,-0.99999430410061441,3.5336054973815737e-05,5.393484100975555e-06,-0.007481586040628562
1.925000011920929,64,-0.00018695333380984764,3.5806911341217425e-06,0.99999998251781463,-0.00038402630991726767,-0.99999992625578393,3.4957006787164975e-06,-1.1124946964630851e-05,-0.009785954400696727
1.925000011920929,68,-6.3855506235307571e-05,-4.2194958583013955e-06,0.99999999795233518,0.0013845647281794079,-0.99999904148173691,-4.0150635628473985e-06,1.9436053054293836e-05,-0.008628067610926602
1.925000011920929,69,2.4577624173133079e-05,9.4889651078775057e-06,0.99999999965294994,0.0026348356448469353,-0.99999652877019218,9.4175891411569168e-06,3.4056586548888175e-05,-0.007898953100573232
1.925000011920929,72,3.3373145482129166e-07,5.9040181438514293e-07,0.99999999999976996,-0.00025619050604953908,-0.99999996718304052,5.8515944134222489e-07,-1.6019560570691323e-06,-0.009687557277714833
1.925000011920929,76,9.3909660289382386e-05,1.7869595094160288e-05,0.99999999543082663,0.0014017069522270231,-0.99999901745341147,1.7602033074789135e-05,1.7103768737985475e-05,-0.00863071674012416
1.925000011920929,78,-0.00015771364096541676,1.6480889660691103e-05,0.9999999874273936,-0.0037037552927973467,-0.99999314094878222,1.5878283190054559e-05,2.9373843993190943e-05,-0.011423423659813012
1.925000011920929,80,0.00016487161311064724,-3.0595974672842741e-05,0.99999998594061867,-0.0037168739186682507,-0.9999930919513762,-2.9963304001595806e-05,-7.322769172694096e-06,-0.011420133238054464
1.925000011920929,83,1.3018643956193505e-05,2.7674604137221456e-06,0.99999999991142796,-0.0019318985479801485,-0.99999813387854464,2.7255450578586287e-06,-2.4525924872695963e-05,-0.01074379462488054
1.925000011920929,85,1.8292403732677954e-06,-6.6194887412433098e-06,0.9999999999764182,-0.0030484999849120036,-0.99999535329126799,-6.6116713875706641e-06,5.013930610773653e-06,-0.011184369001350222
1.925000011920929,88,-1.63770741074368e-05,-1.3473001586494102e-05,0.99999999977513487,-0.0019406915730188646,-0.99999811676613026,-1.3431731265560716e-05,2.1130681600804802e-05,-0.010742439938885259
1.949999988079071,57,-0.0003763207430460923,-1.5788924196649835e-05,0.99999992906670165,0.0033593304116947879,-0.99999435732858422,-1.4497478256057101e-05,8.8536225018905e-05,-0.007594996025054439
1.949999988079071,60,0.00017910508106001448,-3.9689647634888403e-06,0.99999998395280831,-0.00039847302070070953,-0.99999992060206944,-3.8866937626178686e-06,-8.442606135490007e-06,-0.00990975269578908
1.949999988079071,61,0.00043402667276019229,3.6865633745896934e-05,0.99999990513088166,0.0033778410492629404,-0.9999942944531649,3.5368956173236831e-05,5.390191812478091e-06,-0.007603566274585308
1.949999988079071,64,-0.00018710256762238418,3.5974547839280756e-06,0.99999998248984368,-0.00038400130525460103,-0.99999992626532774,3.5123700882916249e-06,-1.1155945544169301e-05,-0.009909377688533848
1.949999988079071,68,-6.3977194981607033e-05,-4.225061113131985e-06,0.99999999794453365,0.0013857611622289394,-0.99999903982445881,-4.0201614842918771e-06,1.9437926456022705e-05,-0.008751020007893942
1.949999988079071,69,2.4611320352988266e-05,9.4989454257341054e-06,0.99999999965202657,0.0026370602071509289,-0.99999652290624874,9.4274136125959804e-06,3.410554679529589e-05,-0.008021315315497516
1.949999988079071,72,3.3017750982284902e-07,5.944726989369034e-07,0.99999999999976874,-0.00025569165337767792,-0.99999996731071517,5.8921422449873802e-07,-1.6066775658397635e-06,-0.009810808054862317
1.949999988079071,76,9.4076928584110577e-05,1.7890761146514255e-05,0.99999999541472595,0.0014029253009572634,-0.99999901574453787,1.7622586004500209e-05,1.716224433932029e-05,-0.008753673078016257
1.949999988079071,78,-0.00015745749332098709,1.6481959450551922e-05,0.99999998746774121,-0.0036996256314477918,-0.9999931562355725,1.5880967914744746e-05,2.928686952078032e-05,-0.011545042185886329
1.949999988079071,80,0.00016456582481587183,-3.0590889438847474e-05,0.99999998599114326,-0.0037127532427354694,-0.99999310725912194,-2.9960050295762605e-05,-7.312995332273312e-06,-0.011541758018961217
1.949999988079071,83,1.3160328879483049e-05,2.7654118860090077e-06,0.99999999990957911,-0.0019295960253506571,-0.99999813832414697,2.7238275392884758e-06,-2.45496670021677e-05,-0.010866363725604802
1.949999988079071,85,1.8041526704060336e-06,-6.6166843834376487e-06,0.99999999997648226,-0.0030449938801062472,-0.99999536397354938,-6.6089524585496057e-06,4.979732772201211e-06,-0.011306328001009787
1.949999988079071,88,-1.6566366005878129e-05,-1.3466118789235302e-05,0.99999999977210963,-0.0019383826954110005,-0.99999812124437926,-1.3425275864434194e-05,2.109277293989558e-05,-0.010865011185679535
1.975000023841858,57,-0.00037680775869586178,-1.5803090123172689e-05,0.9999999288830852,0.0033621735424577462,-0.99999434777330742,-1.4508885493268681e-05,8.866693941939768e-05,-0.007716963769146992
1.975000023841858,60,0.00017923755713309419,-3.9792483367122742e-06,0.99999998392903189,-0.00039849107306386751,-0.99999992059483622,-3.8968862507734247e-06,-8.434990895547175e-06,-0.010033175094258922
1.975000023841858,61,0.00043458864755169469,3.6901643079175554e-05,0.99999990488548351,0.0033806949249948898,-0.99999428480793773,3.5401770643777297e-05,5.387014473097275e-06,-0.007725547422222979
1.975000023841858,64,-0.00018725099333826464,3.614221576847193e-06,0.99999998246200139,-0.00038397526377229485,-0.99999992627526857,3.5290432324465991e-06,-1.1186918759169966e-05,-0.0100328008545341
1.975000023841858,68,-6.4098929139343584e-05,-4.2306174708528189e-06,0.99999999793671468,0.0013869564407600666,-0.99999903816735192,-4.0252503926145155e-06,1.9439878604477676e-05,-0.008873972657247918
1.975000023841858,69,2.4645000774184094e-05,9.5089044677680487e-06,0.99999999965110231,0.0026392825226189609,-0.99999651704328685,9.4372167685731481e-06,3.41544833837948e-05,-0.008143678123045258
1.975000023841858,72,3.2665889898308091e-07,5.985446469323563e-07,0.99999999999976752,-0.000255192186187699,-0.99999996743829755,5.9327010162882504e-07,-1.6113491838007292e-06,-0.009934058749658727
1.975000023841858,76,9.4244258962930541e-05,1.7911888461266714e-05,0.99999999539859197,0.0014041424538618643,-0.999999014035859,1.7643100001050653e-05,1.7220669878003692e-05,-0.008876629664327774
1.975000023841858,78,-0.00015720088217302986,1.6482980203304004e-05,0.99999998750809693,-0.0036954953898314597,-0.99999317150745315,1.5883603364153928e-05,2.9199811572943258e-05,-0.011666659820736669
1.975000023841858,80,0.00016425957237607502,-3.0585712528108543e-05,0.99999998604165352,-0.0037086319323129959,-0.9999931225522436,-2.9956704298486237e-05,-7.303173938663408e-06,-0.011663381915899782
1.975000023841858,83,1.330193340048853e-05,2.7633526248434256e-06,0.99999999990771127,-0.001927292418611946,-0.99999814276653709,2.7220986345916314e-06,-2.457336424053165e-05,-0.010988932320671383
1.975000023841858,85,1.7790721938513976e-06,-6.6138598086858868e-06,0.99999999997654587,-0.0030414872400365846,-0.99999537464516641,-6.6062131252282809e-06,4.945537931661007e-06,-0.011428286256822294
1.975000023841858,88,-1.6755531663736414e-05,-1.3459191491196709e-05,0.99999999976905118,-0.0019360726933616563,-0.99999812571947488,-1.3418775008735113e-05,2.1054877553285856e-05,-0.010987581929804058
2.0,57,-0.00037729419492923055,-1.5817215535518498e-05,0.99999992869945054,0.0033650136736605458,-0.99999433822004125,-1.4520252585326708e-05,8.87974325187544e-05,-0.0078389324410986
2.0,60,0.00017936930640677373,-3.9895289470642557e-06,0.9999999839053676,-0.00039850808181889346,-0.99999992058801868,-3.9070763129724657e-06,-8.427259215924039e-06,-0.010156597369382066
2.0,61,0.00043514998558668498,3.693756373266051e-05,0.99999990464004862,0.0033835457405461357,-0.99999427516492212,3.5434496779977675e-05,5.383952359548703e-06,-0.007847529486117945
2.0,64,-0.00018739859899833585,3.6309913963130038e-06,0.99999998243429045,-0.00038394818920946873,-0.99999992628560519,3.5457199999113651e-06,-1.1217859980153766e-05,-0.010156223898556695
2.0,68,-6.4220707488175336e-05,-4.2361647444680401e-06,0.99999999792887773,0.0013881505661367652,-0.99999903651041677,-4.0303301083229065e-06,1.9441914193668448e-05,-0.008996925558868961
2.0,69,2.4678664730330963e-05,9.5188418079307587e-06,0.9999999996501775,0.0026415026028859413,-0.99999651118129074,9.446998185332729e-06,3.420339527101943e-05,-0.008266041522156155
2.0,72,3.2317598657570469e-07,6.0261764231495692e-07,0.9999999999997663,-0.00025469210547347787,-0.9999999675657868,5.9732705698208672e-07,-1.6159703716209877e-06,-0.010057309362426705
2.0,76,9.4411649672045817e-05,1.7932976241386423e-05,0.99999999538242434,0.0014053584125302708,-0.99999901232737753,1.766357427675922e-05,1.727904003182081e-05,-0.008999586498821138
2.0,78,-0.00015694380127153636,1.6483951120877076e-05,0.9999999875484612,-0.0036913645680211691,-0.9999931867644174,1.5886188757845759e-05,2.9112670406729017e-05,-0.01178827656398729
2.0,80,0.00016395284971113276,-3.058044247137039e-05,0.9999999860921498,-0.0037045099867262232,-0.99999313783073551,-2.9953264557645609e-05,-7.293305612233777e-06,-0.011785004928631345
2.0,83,1.3443455875399328e-05,2.7612824866193339e-06,0.99999999990582433,-0.0019249877255719432,-0.99999814720571156,2.7203581993952369e-06,-2.4597015833025814e-05,-0.01111150041093775
2.0,85,1.7539991273827871e-06,-6.6110147001345125e-06,0.99999999997660893,-0.0030379800672255103,-0.99999538530610499,-6.6034530703196649e-06,4.911346197820316e-06,-0.011550243769605192
2.0,88,-1.6944568674948537e-05,-1.3452219028474505e-05,0.99999999976595966,-0.0019337615641867114,-0.99999813019141437,-1.3412228032655759e-05,2.1016995613882777e-05,-0.01111015217217432
2.025000000372529,57,-0.00037923386490982755,-1.5873302275601321e-05,0.99999992796485448,0.0033763444907702676,-0.99999430002662082,-1.4565310792962946e-05,8.93166268419828e-05,-0.008326817100661313
2.025000000372529,60,0.00017988881569477302,-4.0306183605537847e-06,0.99999998381188393,-0.0003985657545414008,-0.99999992056487408,-3.9478090019891444e-06,-8.39523077355083e-06,-0.010650285160297708
2.025000000372529,61,0.00043738865395358701,3.7080330264290068e-05,0.99999990365810265,0.0033949186701145028,-0.99999423661458686,3.5564489901747018e-05,5.373332337599508e-06,-0.008335467583831474
2.025000000372529,64,-0.00018798057817478859,3.6980984788020369e-06,0.99999998232481291,-0.00038382964436529937,-0.99999992633087431,3.6124609471226745e-06,-1.1341234346445853e-05,-0.010649914789297747
2.025000000372529,68,-6.470824171179727e-05,-4.2582610566002555e-06,0.99999999789735516,0.0013929155971655414,-0.99999902988439549,-4.050555245981762e-06,1.9450947505148317e-05,-0.009488739788562227
2.025000000372529,69,2.4813142268305617e-05,9.5583653217345848e-06,0.99999999964647279,0.0026503608418928393,-0.99999648774254479,9.4858976758307481e-06,3.439876187640062e-05,-0.008755501528816595
2.025000000372529,72,3.0960892597509628e-07,6.1891980738802312e-07,0.99999999999976052,-0.00025268567386317132,-0.99999996807478642,6.1356537626767778e-07,-1.6339547153326261e-06,-0.010550311066291543
2.025000000372529,76,9.5081785124558228e-05,1.8016917386768498e-05,0.99999999531742256,0.0014102103504312446,-0.99999900549544563,1.7745059719388279e-05,1.7511866757069915e-05,-0.009491416418173484
2.025000000372529,78,-0.0001559106505758984,1.6487324025774816e-05,0.99999998771001841,-0.0036748355175850586,-0.99999324764282038,1.5896017721687058e-05,2.8763081728558107e-05,-0.012274734476486556
2.025000000372529,80,0.00016272112991941876,-3.0558404065772555e-05,0.99999998629400866,-0.003688015876016219,-0.99999319879816284,-2.9938541792501322e-05,-7.253192143435105e-06,-0.012271487998978418
2.025000000372529,83,1.400869321876751e-05,2.752891942091553e-06,0.99999999989808908,-0.0019157580623020551,-0.99999816493015858,2.7132799193058327e-06,-2.4691234388074902e-05,-0.011601768037410753
2.025000000372529,85,1.6537843592696253e-06,-6.5994221873032878e-06,0.9999999999768564,-0.0030239461302447343,-0.99999542784271989,-6.5921988864654045e-06,4.774605337536572e-06,-0.012038066316431442
2.025000000372529,88,-1.7699383132619781e-05,-1.34238652596516e-05,0.99999999975326581,-0.0019245057378395117,-0.99999814804753095,-1.3385566618329494e-05,2.0865670478138048e-05,-0.011600428441893717
2.050000000745058,57,-0.00038116309885117682,-1.592867310371222e-05,0.99999992723048192,0.0033876284254202821,-0.99999426186364149,-1.4609663415992524e-05,8.98319827573461e-05,-0.008814716873732354
2.050000000745058,60,0.00018039565465889377,-4.0716548204936046e-06,0.99999998372041454,-0.00039860670026294678,-0.99999992054839193,-3.9884978576581948e-06,-8.36170884031573e-06,-0.011143970871291521
2.050000000745058,61,0.00043961583324799428,3.7221523526266326e-05,0.99999990267623384,0.003406243661028189,-0.99999419809823753,3.5692920280596808e-05,5.364604399698247e-06,-0.00882342057605342
2.050000000745058,64,-0.00018854829835165664,3.7652597428878558e-06,0.99999998221768083,-0.00038369455848004657,-0.9999999263824717,3.6792661861700635e-06,-1.1463557473463048e-05,-0.0111436036252771
2.050000000745058,68,-6.5196443849206145e-05,-4.2801971524923912e-06,0.99999999786555194,0.0013976623120011997,-0.99999902326126877,-4.0706189902058079e-06,1.946180191199622e-05,-0.00998055802617206
2.050000000745058,69,2.4947306415478528e-05,9.5975027349391325e-06,0.99999999964275998,0.0026591843592622321,-0.99999646431766398,9.5244106345922091e-06,3.459365689372415e-05,-0.009244970924220186
2.050000000745058,72,2.9664371904904054e-07,6.3524096900298488e-07,0.99999999999975442,-0.00025066939251270579,-0.99999996858222884,6.2982320568020863e-07,-1.6510850622396902e-06,-0.011043311453899337
2.050000000745058,76,9.5752821013053699e-05,1.810015715229119e-05,0.99999999525189076,0.0014150432515534427,-0.99999899866691622,1.7825841486683878e-05,1.7743293467725062e-05,-0.00998325026999958
2.050000000745058,78,-0.0001548689754200797,1.6489813103152206e-05,0.99999998787184319,-0.0036582988187538528,-0.99999330827600297,1.5904962335986159e-05,2.8412296851122563e-05,-0.012761178146591166
2.050000000745058,80,0.00016148083235631899,-3.0534708251602517e-05,0.99999998649578603,-0.0036715131619485717,-0.99999325952516616,-2.9922155242049741e-05,-7.212598666629413e-06,-0.012757956966510359
2.050000000745058,83,1.4572603852755822e-05,2.7443091872574791e-06,0.99999999989005395,-0.0019065111535158097,-0.99999818260229811,2.7059992095425648e-06,-2.4784937047023466e-05,-0.012092027656345839
2.050000000745058,85,1.5536762150148528e-06,-6.5874631417337466e-06,0.99999999997709577,-0.0030099051798164016,-0.99999547020349266,-6.5805752126333829e-06,4.637883860353914e-06,-0.012525876965674467
2.050000000745058,88,-1.8452101809210461e-05,-1.3394707839429962e-05,0.99999999974005083,-0.0019152319505456772,-0.99999816585238666,-1.3358086491623284e-05,2.071480027803733e-05,-0.012090696761507112
2.0750000029802322,57,-0.00038307939895088533,-1.5982656915614588e-05,0.99999992649736169,0.003398866310638154,-0.99999422372986846,-1.4652649212700425e-05,9.034099639581802e-05,-0.009302631827452307
2.0750000029802322,60,0.0001808784191083567,-4.1130501858558621e-06,0.9999999836330401,-0.00039860984090726425,-0.9999999205469754,-4.0295637922615675e-06,-8.32420098656919e-06,-0.011637648134117566
2.0750000029802322,61,0.0004418293565519597,3.7359695089933242e-05,0.99999990169553166,0.0034175206666138547,-0.99999415961771443,3.58183488384741e-05,5.360301078174001e-06,-0.009311388346753607
2.0750000029802322,64,-0.00018908994257712519,3.8333933804943307e-06,0.99999998211514929,-0.00038352025776818271,-0.99999992644908309,3.7470635361680441e-06,-1.1586115183769375e-05,-0.011637284165444347
2.0750000029802322,68,-6.5688610493336072e-05,-4.3019591681118276e-06,0.99999999783324978,0.0014023866658988702,-0.99999901664697011,-4.0905061596438061e-06,1.9480251919680916e-05,-0.010472378306630755
2.0750000029802322,69,2.5081448329057184e-05,9.635918329315232e-06,0.99999999963903496,0.0026679740792323122,-0.99999644090510498,9.5622007347734614e-06,3.4788352223872776e-05,-0.009734449323347815
2.0750000029802322,72,2.8435484688473182e-07,6.5179909944096087e-07,0.99999999999974698,-0.00024863433705274863,-0.99999996909027378,6.4631828282046586e-07,-1.667133854713144e-06,-0.011536308038172188
2.0750000029802322,76,9.6428946676440613e-05,1.818230706397116e-05,0.99999999518543092,0.0014198529234962939,-0.99999899184802554,1.7905528732338479e-05,1.7968729100427762e-05,-0.010475086045506898
2.0750000029802322,78,-0.00015378653673871431,1.6489948072682821e-05,0.99999998803889112,-0.0036418571276778575,-0.99999336828975049,1.591165458692922e-05,2.8067899429543052e-05,-0.01324761119550109
2.0750000029802322,80,0.00016019597964953705,-3.0506148276202066e-05,0.99999998670331147,-0.0036551034792482715,-0.99999331963992899,-2.9901014065098665e-05,-7.185832054390447e-06,-0.013244416104113546
2.0750000029802322,83,1.5142490267263308e-05,2.7351141556447421e-06,0.99999999988161203,-0.0018972684448175625,-0.99999820018096452,2.6981146192942392e-06,-2.4895822899012296e-05,-0.01258227843632594
2.0750000029802322,85,1.4519994924000413e-06,-6.5743207009711326e-06,0.99999999997733491,-0.0029959404384244841,-0.99999551213880633,-6.5677702979191639e-06,4.4987276883821e-06,-0.013013670411427723
2.0750000029802322,88,-1.9212373029171268e-05,-1.3362955619280237e-05,0.99999999972615805,-0.0019059601964032439,-0.999998183567397,-1.3328020381442624e-05,2.0579030825070755e-05,-0.012580956562288269
2.100000001490116,57,-0.00038498233156997966,-1.6035390635859107e-05,0.9999999257657326,0.0034100594974864167,-0.9999941856222454,-1.4694406607690672e-05,9.084424828533119e-05,-0.009790562328056446
2.100000001490116,60,0.00018133947322323754,-4.1546673233038548e-06,0.99999998354936703,-0.00039858265557958197,-0.9999999205576442,-4.0708673147251247e-06,-8.284076035092572e-06,-0.012131319068862868
2.100000001490116,61,0.00044402855691961612,3.7495131761005833e-05,0.99999990071637301,0.0034287512174647128,-0.99999412116938402,3.5941064583097544e-05,5.359584546472034e-06,-0.00979937128334978
2.100000001490116,64,-0.00018960787307414819,3.9022147951232832e-06,0.9999999820168135,-0.0003833147451696057,-0.99999992652762115,3.8155659014482518e-06,-1.1707698576259309e-05,-0.01213095849341444
2.100000001490116,68,-6.6183703577480632e-05,-4.3235346512950595e-06,0.9999999978005123,0.0014070902672150638,-0.99999901003955327,-4.1102052396700252e-06,1.9504941736003102e-05,-0.010964201317231343
2.100000001490116,69,2.5215431876787264e-05,9.6736752245431304e-06,0.99999999963530106,0.0026767311814934031,-0.99999641750260038,9.5993314291251933e-06,3.4982691005025137e-05,-0.010223936809409463
2.100000001490116,72,2.7276525632814064e-07,6.685277368870334e-07,0.99999999999973943,-0.00024658370854398632,-0.99999996959801707,6.6298424660245078e-07,-1.682105323788043e-06,-0.012029301711425118
2.100000001490116,76,9.710883742489571e-05,1.8263413322855662e-05,0.99999999511816062,0.0014246409500918926,-0.99999898503685136,1.7984169015795309e-05,1.818915427040595e-05,-0.01096692443480018
2.100000001490116,78,-0.00015267247780081673,1.6488094217999049e-05,0.99999998820962854,-0.0036254760354684089,-0.99999342781349476,1.5916429904892262e-05,2.7727321259824448e-05,-0.01373403240763238
2.100000001490116,80,0.00015887686310661584,-3.0473550929318331e-05,0.99999998691475234,-0.0036387526482022964,-0.99999337927138054,-2.9875910932737066e-05,-7.168319466626038e-06,-0.013730864010408354
2.100000001490116,83,1.5715980809647981e-05,2.7254183256500936e-06,0.99999999987278998,-0.0018880224659956087,-0.99999821768037833,2.6897317748975903e-06,-2.501791584438613e-05,-0.013072520792742563
2.100000001490116,85,1.3492801460223673e-06,-6.5602117532309046e-06,0.9999999999775715,-0.0029820244790559301,-0.99999555373364113,-6.5539994028872801e-06,4.35789359235004e-06,-0.013501448554133674
2.100000001490116,88,-1.9977034884534299e-05,-1.3329084708899965e-05,0.9999999997116269,-0.0018966833915578267,-0.99999820120604865,-1.3295836781141691e-05,2.0453410480307394e-05,-0.013071208185191655
2.125,57,-0.00038687141940871273,-1.6086991886740008e-05,0.99999992503585389,0.0034212095796828201,-0.99999414753681937,-1.4735054807376652e-05,9.134222903404856e-05,-0.010278508786167236
2.125,60,0.00018178085547644848,-4.1963831588768733e-06,0.99999998346905539,-0.00039853171698460887,-0.99999992057777665,-4.1122832850699283e-06,-8.242623462134595e-06,-0.012624985512384484
2.125,61,0.00044621273779493049,3.7628078683697029e-05,0.99999989973915526,0.0034399370617265532,-0.99999408274878965,3.6061314904224142e-05,5.36171488297536e-06,-0.01028736981280239
2.125,64,-0.00019010411940261791,3.9714697601241568e-06,0.99999998192232553,-0.00038308506383010968,-0.99999992661536974,3.8845168641655594e-06,-1.1827148701156212e-05,-0.012624628413689198
2.125,68,-6.6680790327359104e-05,-4.3449114347176151e-06,0.99999999776739701,0.001411774541600797,-0.99999900343729786,-4.1297049373699112e-06,1.9534782323365177e-05,-0.011456027660596028
2.125,69,2.5349131310585737e-05,9.7108269497168623e-06,0.99999999963156083,0.0026854569930460804,-0.99999639410744312,9.6358565553253525e-06,3.517652696841618e-05,-0.010713433469035579
2.125,72,2.6189774748223181e-07,6.8536756296129356e-07,0.99999999999973088,-0.00024452031735211802,-0.99999997010467567,6.7976186947184076e-07,-1.6959997717031856e-06,-0.012522293259681792
2.125,76,9.7791301690661127e-05,1.8343512150128154e-05,0.99999999505018844,0.001429408730266455,-0.99999897823170458,1.8061799820983307e-05,1.8405319870167264e-05,-0.011458766042229866
2.125,78,-0.00015153490679943056,1.6484572562644713e-05,0.99999998838271542,-0.003609126025973053,-0.99999348695673806,1.5919582944380455e-05,2.7388353321317353e-05,-0.01422044072872446
2.125,80,0.0001575326166369836,-3.0437643913987079e-05,0.99999998712851212,-0.0036224313538815935,-0.9999934385285788,-2.9847543394369622e-05,-7.156067268408763e-06,-0.014217299467150035
2.125,83,1.6290951758438562e-05,2.7153203132444058e-06,0.9999999998636161,-0.0018787667093735658,-0.9999982351126746,2.6809441100271001e-06,-2.5146045284000256e-05,-0.013562755131764727
2.125,85,1.2459886355928616e-06,-6.5453274346635521e-06,0.99999999997780309,-0.0029681336956224927,-0.9999955950600985,-6.5394522202109067e-06,4.216056846220308e-06,-0.013989213070849278
2.125,88,-2.0743254002918265e-05,-1.329351521233871e-05,0.9999999996965,-0.0018873953701329599,-0.99999821877983242,-1.32619490496764e-05,2.0333687688597792e-05,-0.01356145197064757
2.1500000059604645,57,-0.00038874593404298572,-1.6137479458808957e-05,0.99999992430808737,0.0034323184210834738,-0.99999410946863432,-1.47746150968055e-05,9.183506529704959e-05,-0.010766471649684221
2.1500000059604645,60,0.00018220290483966179,-4.2381413217086866e-06,0.99999998339206964,-0.00039846017680662468,-0.99999992060611376,-4.1537546479707907e-06,-8.200737968363148e-06,-0.013118648263984912
2.1500000059604645,61,0.00044838102253195794,3.7758568363937959e-05,0.99999989876436945,0.0034510800879241632,-0.99999404435091355,3.6179135292200437e-05,5.36635342638063e-06,-0.010775384374193722
2.1500000059604645,64,-0.00019057895645222697,4.0410504906906147e-06,0.9999999818316655,-0.00038283457829099487,-0.99999992671102378,3.9538079172071741e-06,-1.1943528070770716e-05,-0.013118294713161076
2.1500000059604645,68,-6.7179472889254774e-05,-4.3660770886866357e-06,0.99999999773392778,0.0014164402388576098,-0.99999899683941451,-4.148993402480227e-06,1.956962191659038e-05,-0.011947857625099888
2.1500000059604645,69,2.5482474260951452e-05,9.74737806997901e-06,0.99999999962781605,0.0026941530387701801,-0.99999637071634428,9.6717808638179315e-06,3.5369767679480375e-05,-0.01120293935337578
2.1500000059604645,72,2.5178376401499517e-07,7.0229391867602271e-07,0.99999999999972167,-0.00024244553105939512,-0.99999997060983925,6.9662654259895591e-07,-1.7087863062236617e-06,-0.013015283066986807
2.1500000059604645,76,9.8475829954643499e-05,1.8422586212408206e-05,0.99999999498155956,0.0014341569713636332,-0.99999897143186089,1.8138404596313821e-05,1.8617233982669707e-05,-0.011950611152131842
2.1500000059604645,78,-0.00015037689785781427,1.6479480233131977e-05,0.99999998855760763,-0.003592794577848368,-0.99999354576598987,1.5921200559759927e-05,2.705004659526823e-05,-0.014706835702222865
2.1500000059604645,80,0.00015616674920012125,-3.039866269964729e-05,0.99999998734393369,-0.0036061271232419962,-0.99999349745794297,-2.981613503736758e-05,-7.147400262771172e-06,-0.014703721956075114
2.1500000059604645,83,1.6866448713460903e-05,2.704854027366545e-06,0.99999999985410326,-0.0018694981794286165,-0.99999825248318241,2.6717833281809547e-06,-2.5277948110201804e-05,-0.014052981744360355
2.1500000059604645,85,1.1423295421311028e-06,-6.5297326710015238e-06,0.9999999999780288,-0.0029542581591134307,-0.99999563614856057,-6.5241930506500242e-06,4.073504112579714e-06,-0.014476964779287014
2.1500000059604645,88,-2.1509743510703563e-05,-1.3256390601908812e-05,0.99999999968079956,-0.0018780932541005626,-0.99999823629383899,-1.3226497744658449e-05,2.0218027439074286e-05,-0.014051688185056792
2.1749999970197678,57,-0.00039060506888145255,-1.6186843682216527e-05,0.99999992358283019,0.0034433882713736678,-0.99999407141131846,-1.4813080475300284e-05,9.232279568704574e-05,-0.011254451446670906
2.1749999970197678,60,0.00018260545189779074,-4.2799036548611871e-06,0.99999998331846562,-0.00039837033461846488,-0.99999992064173515,-4.1952429399417322e-06,-8.159280995942439e-06,-0.013612307844277994
2.1749999970197678,61,0.00045053247801690982,3.788657140369897e-05,0.99999989779254161,0.0034621825329950715,-0.99999400596944443,3.6294499437503136e-05,5.373261114020382e-06,-0.011263415479297625
2.1749999970197678,64,-0.00019103212813154823,4.1108897678887092e-06,0.99999998174491322,-0.00038256573034922334,-0.99999992681363448,4.0233715226152357e-06,-1.2055874251763582e-05,-0.013611957905610613
2.1749999970197678,68,-6.7679510538231117e-05,-4.3870188643480953e-06,0.99999999770011894,0.0014210879426899724,-0.99999899024533345,-4.1680583642106064e-06,1.960962860439192e-05,-0.012439691423908258
2.1749999970197678,69,2.5615404497449842e-05,9.7833187376154919e-06,0.99999999962406894,0.0027028211182123993,-0.99999634732521669,9.7070946490220425e-06,3.556233708519409e-05,-0.011692454522609376
2.1749999970197678,72,2.4246037577877141e-07,7.1929179239414944e-07,0.9999999999997119,-0.00024036036948967991,-0.99999997111319139,7.1356329393374718e-07,-1.720421237570038e-06,-0.013508271420484434
2.1749999970197678,76,9.9162114855449706e-05,1.8500601949084815e-05,0.9999999949123014,0.0014388862088570255,-0.99999896463682891,1.8213950402433649e-05,1.882464444900161e-05,-0.012442459971853568
2.1749999970197678,78,-0.0001492001274858092,1.6472850493560311e-05,0.99999998873398355,-0.0035764739318087714,-0.99999360426991069,1.592131022351767e-05,2.6711800255513422e-05,-0.01519321703751306
2.1749999970197678,80,0.00015478121274967017,-3.0356703095761488e-05,0.99999998756062325,-0.003589832201149847,-0.99999355608814466,-2.9781774861011341e-05,-7.141280504020974e-06,-0.015190131153531508
2.1749999970197678,83,1.7441830488013643e-05,2.694035093615594e-06,0.99999999984426235,-0.0018602147980141493,-0.99999826979541206,2.6622636643291356e-06,-2.541215373796679e-05,-0.014543200925727624
2.1749999970197678,85,1.0384361913178184e-06,-6.513456727406823e-06,0.99999999997824818,-0.002940391754316768,-0.99999567701764291,-6.5082507562816068e-06,3.930417065290952e-06,-0.014964704288142136
2.1749999970197678,88,-2.2275628369943368e-05,-1.3217776170361545e-05,0.99999999966454334,-0.0018687750192896257,-0.99999825375145679,-1.3189546287997264e-05,2.0105258430224382e-05,-0.014541917110614396
2.2000000029802322,57,-0.00039244796126364272,-1.6235058708374438e-05,0.99999992286050743,0.0034544219110819166,-0.99999403335656212,-1.4850427787271569e-05,9.280542714542107e-05,-0.011742448822159269
2.2000000029802322,60,0.00018298801507966888,-4.3216409513202719e-06,0.99999998324835471,-0.00039826417885038866,-0.99999992068384402,-4.2367188385125417e-06,-8.119183130567622e-06,-0.014105964647411741
2.2000000029802322,61,0.00045266612823908304,3.8012022131312924e-05,0.99999989682422585,0.0034732471437467498,-0.99999396759619696,3.6407344718987295e-05,5.38223689983791e-06,-0.011751463752324841
2.2000000029802322,64,-0.00019146304495805776,4.1809411761467209e-06,0.99999998166221093,-0.00038228061557315802,-0.99999992692238571,4.0931611518582987e-06,-1.2163112288683196e-05,-0.014105618381287778
2.2000000029802322,68,-6.8180754116990046e-05,-4.4077234955510444e-06,0.99999999766597847,0.0014257181796816086,-0.99999898365455453,-4.1868869613988197e-06,1.9655197521366248e-05,-0.012931529246262898
2.2000000029802322,69,2.5747875540542477e-05,9.8186304164812957e-06,0.9999999996203206,0.0027114634112243873,-0.99999632392887694,9.7417794845104349e-06,3.575416901890876e-05,-0.012181979060711716
2.2000000029802322,72,2.3397172149413704e-07,7.3635118430351097e-07,0.99999999999970157,-0.00023826574080185474,-0.99999997161445109,7.3056215898125187e-07,-1.7308488904144313e-06,-0.014001258576349608
2.2000000029802322,76,9.9849968813816307e-05,1.8577515388701265e-05,0.99999999484242985,0.0014435969161156574,-0.9999989578461963,1.8288393776505637e-05,1.9027109667710937e-05,-0.012934312683647795
2.2000000029802322,78,-0.00014800554849804897,1.6464681247750286e-05,0.99999998891163588,-0.0035601587032786752,-0.9999936624882001,1.591990637421777e-05,2.637318092101792e-05,-0.015679584526310256
2.2000000029802322,80,0.00015337715896045911,-3.0311784565643882e-05,0.99999998777832144,-0.0035735411819249239,-0.99999361443895574,-2.9744478131905035e-05,-7.136980925424883e-06,-0.01567652683331568
2.2000000029802322,83,1.8016602646459847e-05,2.6828692675364617e-06,0.99999999983410215,-0.0018509148724647783,-0.99999828705208293,2.6523898847292483e-06,-2.554756323796726e-05,-0.015033413013458025
2.2000000029802322,85,9.3440831960470011e-07,-6.4965095682307643e-06,0.99999999997846112,-0.0029265302592024526,-0.999995717680081,-6.4916350047548878e-06,3.786926814896961e-06,-0.015452432137144237
2.2000000029802322,88,-2.3040223377530072e-05,-1.317769488305118e-05,0.99999999964774822,-0.001859438992368216,-0.99999827115534645,-1.315111628111218e-05,1.999452417588118e-05,-0.015032139078055479
2.2249999940395355,57,-0.00039427368392142351,-1.628208515158421e-05,0.99999992214157496,0.0034654228914010217,-0.99999399529325794,-1.4886620293526885e-05,9.328295861599284e-05,-0.012230464594398012
2.2249999940395355,60,0.00018334982282571002,-4.3633297461351326e-06,0.99999998318190186,-0.00039814363901058354,-0.9999999207316671,-4.2781588977286815e-06,-8.08152901979659e-06,-0.014599619001111919
2.2249999940395355,61,0.00045478094428278945,3.8134822700373895e-05,0.99999989586000859,0.0034842774211131934,-0.99999392922023245,3.6517576218863588e-05,5.393091842464373e-06,-0.012239529986584792
2.2249999940395355,64,-0.00019187079964068298,4.2511730097548985e-06,0.99999998158376158,-0.00038198124761240583,-0.99999992703649476,4.1631451341887118e-06,-1.2263964550928962e-05,-0.01459927646620156
2.2249999940395355,68,-6.8683133059529208e-05,-4.4281768976284033e-06,0.99999999763150926,0.001430331472235796,-0.99999897706657359,-4.2054654381039301e-06,1.97069591907707e-05,-0.013423371282453956
2.2249999940395355,69,2.5879849522699383e-05,9.8532864896736341e-06,0.99999999961657304,0.0027200826537575528,-0.99999630052055211,9.7758088275539583e-06,3.594520590044067e-05,-0.012671513089944833
2.2249999940395355,72,2.2637239978981452e-07,7.5346572751482995e-07,0.99999999999969058,-0.00023616255867726146,-0.99999997211334302,7.4761680485270841e-07,-1.7399979970388944e-06,-0.014494244792624655
2.2249999940395355,76,0.00010053930903761193,1.8653272194736591e-05,0.99999999477195134,0.0014482895560500269,-0.99999895105955494,1.8361680775015973e-05,1.9223988069809957e-05,-0.013426169469630699
2.2249999940395355,78,-0.00014679359100657383,1.6454941748345626e-05,0.99999998909043819,-0.0035438450424572143,-0.99999372043476631,1.5916956487074712e-05,2.603385521146484e-05,-0.016165938013297954
2.2249999940395355,80,0.00015195516922661371,-3.02638660126141e-05,0.99999998799686252,-0.0035572501733728695,-0.99999367252441373,-2.9704201425450272e-05,-7.133969923945171e-06,-0.0161629088334242
2.2249999940395355,83,1.8590356263708286e-05,2.6713546395281736e-06,0.99999999982363119,-0.0018415968682253094,-0.99999830425555924,2.6421593509951574e-06,-2.56832879812404e-05,-0.015523618423647667
2.2249999940395355,85,8.3032570420094732e-07,-6.4788861076779741e-06,0.99999999997866729,-0.0029126706706647759,-0.99999575814482689,-6.4743404785289099e-06,3.643132913405861e-06,-0.015940148866315885
2.2249999940395355,88,-2.3802949519357167e-05,-1.3136136670107876e-05,0.99999999963043074,-0.0018500836307033604,-0.99999828850786332,-1.3111196608560763e-05,1.9885150329361064e-05,-0.015522354501273528
2.25,57,-0.00039608121150049567,-1.6327868173257702e-05,0.99999992142653404,0.0034763959847157588,-0.9999939572058939,-1.4921605694059092e-05,9.37553964612203e-05,-0.012718499858167542
2.25,60,0.00018368973402198269,-4.4049512112639663e-06,0.99999998311933902,-0.00039801079368151902,-0.99999992078437172,-4.3195444389522365e-06,-8.047681730992905e-06,-0.015093271200054789
2.25,61,0.00045687581370445742,3.825483512750118e-05,0.99999989490052366,0.0034952780710702127,-0.99999389082624446,3.6625058659780669e-05,5.405632328072705e-06,-0.012727615246883022
2.25,64,-0.00019225407171988043,4.3215677081039619e-06,0.99999998150984781,-0.00038166977011595425,-0.9999999271551302,4.2333060913523453e-06,-1.2356804836659429e-05,-0.015092932455545445
2.25,68,-6.9186669789483098e-05,-4.4483637310268733e-06,0.99999999759670843,0.0014349283853305401,-0.99999897048081443,-4.2237786807567654e-06,1.9765861475691237e-05,-0.013915217745857923
2.25,69,2.6011298940405947e-05,9.8872496474035936e-06,0.99999999961282726,0.0027286824683492375,-0.99999627709095362,9.8091453922993424e-06,3.613540017402878e-05,-0.013161056793898725
2.25,72,2.1973410292664184e-07,7.7063267367934766e-07,0.99999999999967892,-0.0002340518492518885,-0.99999997260957296,7.6472451838343579e-07,-1.7477730608533149e-06,-0.014987230359260972
2.25,76,0.00010123017828372486,1.8727803843454211e-05,0.99999999470086032,0.0014529646245808132,-0.9999989442764412,1.8433743112748099e-05,1.941436587548013e-05,-0.01391803053339258
2.25,78,-0.0001455641684956276,1.644356887617048e-05,0.99999998927034084,-0.0035275303442300018,-0.99999377811887724,1.5912397345459557e-05,2.5693559066265195e-05,-0.01665227738614549
2.25,80,0.00015051527113906616,-3.0212839404616871e-05,0.99999998821616864,-0.0035409565034426765,-0.99999373035398353,-2.9660836205581101e-05,-7.131869218829692e-06,-0.01664927704629443
2.25,83,1.9162740472422612e-05,2.6594810738186116e-06,0.99999999981285825,-0.0018322592517912306,-0.99999832140814571,2.6315614166492598e-06,-2.581856790967514e-05,-0.016013817707575075
2.25,85,7.2625385801088676e-07,-6.4605649200954778e-06,0.9999999999788669,-0.0028988109726061028,-0.99999579841780384,-6.4563455686519871e-06,3.49911004037929e-06,-0.016427855078905634
2.25,88,-2.4563292933922573e-05,-1.3093055566147278e-05,0.99999999961260821,-0.0018407073623627167,-0.99999830581135885,-1.3069740510125464e-05,1.9776579716836173e-05,-0.016012563934257512
2.2750000059604645,57,-0.00039786933781195199,-1.637233026064387e-05,0.99999992071596522,0.0034873481858390706,-0.999993919070996,-1.4955308806537785e-05,9.422277150818972e-05,-0.013206556212440447
2.2750000059604645,60,0.00018400599462488866,-4.4464913572062826e-06,0.99999998306101112,-0.00039786817973500456,-0.99999992084094402,-4.3608618006557691e-06,-8.019538729759807e-06,-0.0155869215340471
2.2750000059604645,61,0.00045894946910906919,3.8371854039745644e-05,0.99999989394648725,0.0035062560066052139,-0.99999385239098026,3.6729588948234345e-05,5.419642372876436e-06,-0.013215721094535707
2.2750000059604645,64,-0.00019261084697656623,4.3921269847904472e-06,0.99999998144088531,-0.00038134876492061588,-0.99999992727729636,4.3036461263165764e-06,-1.2439348210749542e-05,-0.015586586642841571
2.2750000059604645,68,-6.9691534243808989e-05,-4.4682668534230726e-06,0.99999999756156244,0.0014395096001783585,-0.99999896389652232,-4.2418095987149941e-06,1.9833389561580624e-05,-0.014407068907452485
2.2750000059604645,69,2.6142213046486002e-05,9.9204633283049404e-06,0.99999999960908459,0.0027372680995697706,-0.99999625362622802,9.8417325518614894e-06,3.632471989113679e-05,-0.013650610466100213
2.2750000059604645,72,2.1416035310041397e-07,7.8785438353269025e-07,0.99999999999966682,-0.00023193492375746816,-0.99999997310278954,7.8188770063472228e-07,-1.7540342188193126e-06,-0.015480215646491768
2.2750000059604645,76,0.0001019228185028408,1.8801016691428603e-05,0.99999999462913025,0.00145762271703445,-0.99999893749623481,1.8504487124311951e-05,1.9596866578250598e-05,-0.014409896133362394
2.2750000059604645,78,-0.0001443164813968519,1.6430449818681567e-05,0.99999998945139668,-0.0035112133452751947,-0.9999938355449195,1.5906118378927828e-05,2.535208497429815e-05,-0.01713860257948644
2.2750000059604645,80,0.00014905674008580436,-3.0158495396753677e-05,0.99999998843627658,-0.0035246588051276243,-0.99999378793235927,-2.9614175116940305e-05,-7.130460353071152e-06,-0.017135631427511903
2.2750000059604645,83,1.9733451542854281e-05,2.6472264166251018e-06,0.99999999980179155,-0.0018229002971091629,-0.99999833851243947,2.620573667854191e-06,-2.59527176683712e-05,-0.016504011671194082
2.2750000059604645,85,6.2224527665127746e-07,-6.4415001097888362e-06,0.99999999997905986,-0.002884950215482756,-0.99999583850174678,-6.4376042430155162e-06,3.354906280789971e-06,-0.0169155515425735
2.2750000059604645,88,-2.5320780186936165e-05,-1.304835184634858e-05,0.9999999995942993,-0.0018313083763194429,-0.99999832306856262,-1.3026647730638515e-05,1.9668334271808776e-05,-0.016502768192993837
2.300000011920929,57,-0.00039963642128507988,-1.6415352813018558e-05,0.99999992001063021,0.003498291731647233,-0.99999388084644381,-1.4987612878346556e-05,9.468517583432081e-05,-0.013694636445352047
2.300000011920929,60,0.00018429545361557781,-4.48794286378827e-06,0.99999998300752191,-0.00039771960205918093,-0.99999992089986667,-4.4021043577334409e-06,-8.000288984434274e-06,-0.016080570335389788
2.300000011920929,61,0.00046100028313100723,3.8485510961849568e-05,0.99999989299879655,0.0035172233981979363,-0.9999938138723955,3.6830799803736449e-05,5.434850432860253e-06,-0.013703850265984037
2.300000011920929,64,-0.00019293751658706825,4.4628936852549433e-06,0.99999998137759849,-0.00038102205724963717,-0.99999992740152643,4.3742089078515017e-06,-1.2507724990751771e-05,-0.016080239370964092
2.300000011920929,68,-7.0198230799008859e-05,-4.4878682476601253e-06,0.99999999752603375,0.0014440761123534361,-0.99999895731247535,-4.2595398202391204e-06,1.9912262065007795e-05,-0.01489892518820907
2.300000011920929,69,2.6272620920127209e-05,9.9528191571673455e-06,0.99999999960534536,0.0027458486418651821,-0.9999962301017693,9.8734616419559111e-06,3.6513168423650177e-05,-0.014140174654314695
2.300000011920929,72,2.0983053324626575e-07,8.0514444640537345e-07,0.99999999999965372,-0.00022981384896207289,-0.99999997359247783,7.9911999823510492e-07,-1.7585355633912506e-06,-0.01597320123589289
2.300000011920929,76,0.00010261791453845831,1.887275489222755e-05,0.99999999455669142,0.0014622647072934844,-0.99999893071789903,1.8573756341399074e-05,1.9769051066556074e-05,-0.014901766671673634
2.300000011920929,78,-0.000143048257109123,1.6415362943368781e-05,0.99999998963386594,-0.0034948950121546788,-0.99999389270940597,1.5897905078466513e-05,2.500928800967114e-05,-0.017624913608720275
2.300000011920929,80,0.00014757731301047605,-3.0100403294860015e-05,0.9999999886574511,-0.003508357870397934,-0.99999384525657731,-2.9563794594160419e-05,-7.129785277716711e-06,-0.017621972047031406
2.300000011920929,83,2.0302240564635056e-05,2.6345436609845897e-06,0.99999999979043908,-0.0018135176257570106,-0.99999835557215466,2.6091492893411579e-06,-2.6085067761001493e-05,-0.016994201730923947
2.300000011920929,85,5.1833360369272038e-07,-6.4215922079274357e-06,0.99999999997924716,-0.0028710892345543207,-0.99999587839421422,-6.4180169677458147e-06,3.210524219976433e-06,-0.017403239464267348
2.300000011920929,88,-2.6074957762017124e-05,-1.3001808232122013e-05,0.99999999957552477,-0.0018218841035662254,-0.99999834028351708,-1.2981700901518365e-05,1.9559985476023346e-05,-0.016992968720662277
2.324999988079071,57,-0.00040137860022419671,-1.6456596966570004e-05,0.99999991931219656,0.0035092666961439871,-0.9999938423918967,-1.5018177946798073e-05,9.514298465531458e-05,-0.014182749620320085
2.324999988079071,60,0.00018454765809505956,-4.5293311936805985e-06,0.99999998296082337,-0.00039757597112674038,-0.99999992095679913,-4.4433001000750753e-06,-8.000009372431631e-06,-0.016574218258959918
2.324999988079071,61,0.00046302479661429312,3.8594603559201766e-05,0.99999989205924122,0.0035282202900961076,-0.99999377512959819,3.6927484010366082e-05,5.450745115905442e-06,-0.014192011698126278
2.324999988079071,64,-0.00019322212271281322,4.5341160476276427e-06,0.99999998132232626,-0.0003807004513049462,-0.99999992752370059,4.4452456807205785e-06,-1.2549626125860977e-05,-0.01657389134013781
2.324999988079071,68,-7.0709016300794241e-05,-4.5071413329976905e-06,0.99999999748996049,0.0014486306824809971,-0.99999895072487621,-4.2769402289088302e-06,2.001166259046632e-05,-0.01539078782296596
2.324999988079071,69,2.6402762987704212e-05,9.983947545299484e-06,0.99999999960160757,0.0027544536213328979,-0.99999620643638409,9.9039616089228721e-06,3.670094040742214e-05,-0.014629751222537686
2.324999988079071,72,2.0733126736488491e-07,8.2257277221111977e-07,0.99999999999964018,-0.00022769485835822219,-0.99999997407719199,8.1649147034734366e-07,-1.760465975653409e-06,-0.016466188864682835
2.324999988079071,76,0.00010331849079119653,1.8942542842790598e-05,0.99999999448323462,0.0014668930417001541,-0.99999892393807832,1.8641071319121409e-05,1.992292111695644e-05,-0.015393643331669093
2.324999988079071,78,-0.00014174981777144132,1.6397526268096785e-05,0.99999998981905514,-0.0034785861897398372,-0.99999394957455801,1.5887007389060649e-05,2.4665212415450543e-05,-0.018111210862806624
2.324999988079071,80,0.00014606702695719859,-3.0036997102013012e-05,0.9999999888811012,-0.0034920639928637488,-0.99999390229057816,-2.950816174258917e-05,-7.1310336624379714e-06,-0.018108299519163082
2.324999988079071,83,2.0869048189587421e-05,2.6212575565316588e-06,0.99999999977880605,-0.0018041049897879701,-0.99999837259789615,2.59711537300604e-06,-2.621470786942053e-05,-0.01748439254972594
2.324999988079071,85,4.1447704615584747e-07,-6.4004681265161799e-06,0.99999999997943123,-0.0028572368013912259,-0.99999591807013721,-6.3972108869161155e-06,3.0657596832109475e-06,-0.017890922478937032
2.324999988079071,88,-2.6825340371754265e-05,-1.2952606611404834e-05,0.99999999955631558,-0.0018124275671436466,-0.99999835746816268,-1.2934083815405334e-05,1.945109069012197e-05,-0.017483170291246818
2.3499999940395355,57,-0.00040309761537736858,-1.6495679211649347e-05,0.99999991862009929,0.0035202447974260489,-0.99999380380588621,-1.5046625774575126e-05,9.559588893804447e-05,-0.014670889271939144
2.3499999940395355,60,0.00018477015260827029,-4.5707020664105473e-06,0.9999999829195495,-0.00039743056845980792,-0.99999992101441326,-4.4844928616813231e-06,-8.011592460824393e-06,-0.017067865148768145
2.3499999940395355,61,0.00046502302256181132,3.8700648998949633e-05,0.99999989112791821,0.0035392152684522197,-0.9999937362727408,3.7021173954940903e-05,5.467064558911498e-06,-0.014680198769468307
2.3499999940395355,64,-0.00019347363452482382,4.6053999211360394e-06,0.99999998127337142,-0.0003803767480694609,-0.99999992764656342,4.5163599076812525e-06,-1.2573866708606056e-05,-0.01706754234509456
2.3499999940395355,68,-7.1221350216246385e-05,-4.5258489912957664e-06,0.99999999745351786,0.0014531716824595139,-0.99999894413625479,-4.2937770851870639e-06,2.0124578707472496e-05,-0.01588265601919457
2.3499999940395355,69,2.6532179020757172e-05,1.0014614389003968e-05,0.99999999959787556,0.0027630613426831651,-0.99999618268938018,9.9340008852959277e-06,3.688767259737926e-05,-0.015119338798433414
2.3499999940395355,72,2.0627054735183147e-07,8.4002715936813561e-07,0.99999999999962597,-0.00022557366207675501,-0.99999997455791334,8.3388970394931916e-07,-1.7604510642255167e-06,-0.016959177381640385
2.3499999940395355,76,0.00010402183932554431,1.9010941005885307e-05,0.99999999440902054,0.0014715059661720461,-0.9999989171595336,1.8706996953551553e-05,2.006432501013607e-05,-0.01588552534203034
2.3499999940395355,78,-0.00014042984715650255,1.6377522360629672e-05,0.99999999000561746,-0.0034622744483437645,-0.99999400618386758,1.5873977406093102e-05,2.4319518931379935e-05,-0.018597493776220164
2.3499999940395355,80,0.00014453501889192573,-2.9969566632964369e-05,0.99999998910572674,-0.003475764447949932,-0.99999395907889677,-2.9448534305419092e-05,-7.132582917711284e-06,-0.018594613103088995
2.3499999940395355,83,2.1433351984117742e-05,2.6074455222857321e-06,0.99999999976690634,-0.0017946659357553857,-0.9999983895824528,2.5845463480796435e-06,-2.6341420020621396e-05,-0.01797458070997177
2.3499999940395355,85,3.1086001287944716e-07,-6.3784760657597249e-06,0.99999999997960909,-0.002843382704855462,-0.99999595755890258,-6.3755336192479531e-06,2.920956695426297e-06,-0.0183785980964219
2.3499999940395355,88,-2.7571521029135039e-05,-1.2901502174673055e-05,0.99999999953668106,-0.0018029431924511778,-0.99999837461359575,-1.2884548496953678e-05,1.934143042959987e-05,-0.017973369318069494
2.375,57,-0.00040479617114229317,-1.6533727501999014e-05,0.99999991793334442,0.003531171003314855,-0.99999376528262252,-1.5074097339402936e-05,9.604346348872312e-05,-0.015159043368956415
2.375,60,0.00018497708143335598,-4.6118352551074785e-06,0.99999998288110492,-0.00039726978090957757,-0.99999992107811764,-4.5254588243577815e-06,-8.02198611279886e-06,-0.017561510501348236
2.375,61,0.00046699809674731246,3.8804363996456216e-05,0.99999989020349345,0.0035501569452461917,-0.99999369748429856,3.7112599081193731e-05,5.484146342692e-06,-0.015168399828507127
2.375,64,-0.00019370783477546527,4.6764657025381847e-06,0.99999998122770251,-0.00038003855385892332,-0.99999992777482472,4.587267813561007e-06,-1.2596407335268662e-05,-0.01756119182183016
2.375,68,-7.1731955029244023e-05,-4.5442812809725917e-06,0.99999999741693812,0.0014576957022415017,-0.99999893755176605,-4.3103451277348764e-06,2.0238601723306366e-05,-0.01637452827919521
2.375,69,2.6660555449496943e-05,1.0044694182964152e-05,0.99999999959415953,0.0027716329216186941,-0.99999615896846195,9.9634552590923715e-06,3.707293386728544e-05,-0.015608934883767347
2.375,72,2.0579687518564238e-07,8.5744092882541419e-07,0.9999999999996112,-0.00022344242276948383,-0.99999997503637927,8.5124802971280252e-07,-1.7595670599287908e-06,-0.01745216463084641
2.375,76,0.00010472270878261622,1.9078212355188371e-05,0.99999999433458808,0.0014761007447796448,-0.99999891038651156,1.8771803540578697e-05,2.0203812773671014e-05,-0.016377411268653084
2.375,78,-0.00013910318246755388,1.6356462582220081e-05,0.9999999901913853,-0.0034459387230451151,-0.99999406260976442,1.5859876103703506e-05,2.3971702796102274e-05,-0.019083761547637194
2.375,80,0.00014299676063345479,-2.990026956314394e-05,0.99999998932895007,-0.0034594397267457299,-0.99999401568868418,-2.9387016873882467e-05,-7.132010930822991e-06,-0.01908091162379329
2.375,83,2.1994524926710314e-05,2.5934431870319523e-06,0.9999999997547574,-0.0017852076687499194,-0.99999840651221317,2.5717730708523388e-06,-2.646543278969943e-05,-0.018464759957414163
2.375,85,2.0761651100241468e-07,-6.3560993400833698e-06,0.9999999999797784,-0.0028295103744307667,-0.99999599690732477,-6.3534679085484592e-06,2.7765239447203685e-06,-0.01886626174248202
2.375,88,-2.831324744584635e-05,-1.2849572666580228e-05,0.99999999951662433,-0.0017934389085831092,-0.99999839170478944,-1.2834168294812925e-05,1.9230763076431535e-05,-0.018463559466607375
2.4000000059604645,57,-0.00040647148606024017,-1.6570656347929005e-05,0.99999991725316884,0.0035420431452100518,-0.99999372683148957,-1.5100519157105597e-05,9.648625342342544e-05,-0.015647212703523303
2.4000000059604645,60,0.00018516600398457196,-4.652578205484888e-06,0.99999998284595215,-0.00039708439032815703,-0.99999992115156611,-4.5660487124074132e-06,-8.02985078469087e-06,-0.018055153695410994
2.4000000059604645,61,0.00046894699004834374,3.8905539476346056e-05,0.99999988928753358,0.0035610429971272496,-0.99999365877430269,3.7201563634487971e-05,5.500962873121827e-06,-0.01565661559562056
2.4000000059604645,64,-0.00019392152957243346,4.7470609728262943e-06,0.99999998118595279,-0.00037967731407091227,-0.99999992791171877,4.6577205939386903e-06,-1.2617596348265623e-05,-0.018054839132292458
2.4000000059604645,68,-7.224053524976042e-05,-4.5623759976653603e-06,0.99999999738024492,0.0014622005471257599,-0.99999893097484904,-4.3265839019657414e-06,2.035160069449318e-05,-0.0168664039255927
2.4000000059604645,69,2.6787813292542412e-05,1.0074128200710744e-05,0.99999999959046248,0.0027801667364035533,-0.99999613527906805,9.9922663948830783e-06,3.725659861303055e-05,-0.016098539631209274
2.4000000059604645,72,2.062649137022806e-07,8.7475289350438714e-07,0.99999999999959599,-0.00022129634265336673,-0.99999997551358688,8.6850555666692713e-07,-1.7573789392902594e-06,-0.01794514941634097
2.4000000059604645,76,0.00010542087992506749,1.9144190000436616e-05,0.99999999425996888,0.0014806749565062119,-0.99999890362285093,1.8835326233202187e-05,2.0343623250542655e-05,-0.016869300411624717
2.4000000059604645,78,-0.00013777738738164543,1.6334394386185812e-05,0.99999999037528964,-0.0034296282495437239,-0.99999411868221266,1.5844717277694047e-05,2.3616877107864345e-05,-0.019570009812228964
2.4000000059604645,80,0.00014146114107247784,-2.9829551941123856e-05,0.99999998954947156,-0.0034431385581459471,-0.99999407195091472,-2.9324017073766709e-05,-7.122269436443666e-06,-0.019567190610357867
2.4000000059604645,83,2.2549237272869484e-05,2.5792730157622997e-06,0.99999999974243969,-0.0017757405147815226,-0.99999842336829559,2.5588099842466007e-06,-2.6578771022220687e-05,-0.01895493062904771
2.4000000059604645,85,1.0544199578145484e-07,-6.3335142548118394e-06,0.99999999997993783,-0.0028156550855917674,-0.99999603601532083,-6.3311880760512514e-06,2.6334062499603373e-06,-0.01935391458455819
2.4000000059604645,88,-2.9045802962252746e-05,-1.2797101212060069e-05,0.99999999949628782,-0.0017839251640609133,-0.99999840872253321,-1.2783215709842495e-05,1.9112814878768015e-05,-0.01895374102245531
2.425000011920929,57,-0.00040811840116092459,-1.6606277938902589e-05,0.99999991658179754,0.0035528569165848792,-0.99999368846955361,-1.5125725184675885e-05,9.692546483456277e-05,-0.016135398998444322
2.425000011920929,60,0.00018533189795589123,-4.6926638973847459e-06,0.99999998281503311,-0.00039685481101141035,-0.9999999212425188,-4.6060023605124462e-06,-8.03236370470356e-06,-0.018548793329131293
2.425000011920929,61,0.00047086412032415627,3.9003770676591397e-05,0.99999988838283682,0.0035718688551621444,-0.99999362016090376,3.728768682503473e-05,5.515436804381916e-06,-0.01614484767102254
2.425000011920929,64,-0.00019410799979801638,4.8166628965510111e-06,0.999999981149442,-0.00037927443949574777,-0.99999992806427407,4.7272031316008156e-06,-1.2638239315541e-05,-0.01854848280553112
2.425000011920929,68,-7.274667588349877e-05,-4.5800181816123836e-06,0.99999999734347234,0.0014666814910652597,-0.99999892441269522,-4.3423814885439314e-06,2.0459265829430634e-05,-0.01735828152488913
2.425000011920929,69,2.6913831781533114e-05,1.0102808024926424e-05,0.99999999958678953,0.002788659435212261,-0.99999611163151403,1.0020326516653793e-05,3.743845776670883e-05,-0.016588153422494558
2.425000011920929,72,2.0842600572727165e-07,8.9184316279426084e-07,0.99999999999958056,-0.00021912523932913683,-0.99999997599167234,8.8554298023935223e-07,-1.7529985380286674e-06,-0.01843812921126855
2.425000011920929,76,0.0001061162093238735,1.9208534722073816e-05,0.99999999418519103,0.0014852233621125551,-0.99999889687662136,1.8897229302902467e-05,2.0488362095873302e-05,-0.017361191282858797
2.425000011920929,78,-0.00013646724784902771,1.6311722132974627e-05,0.99999999055530886,-0.003413447699080648,-0.99999417404515567,1.5828839720545084e-05,2.3244937875799775e-05,-0.020056229587344827
2.425000011920929,80,0.00013994617640138078,-2.9757924399926217e-05,0.99999998976476689,-0.0034269664431707085,-0.99999412750518279,-2.925996815909209e-05,-7.08883228688299e-06,-0.020053440793239542
2.425000011920929,83,2.3090710717736989e-05,2.5651295849543965e-06,0.99999999973011955,-0.0017662863928929477,-0.99999844011173189,2.5458355823716217e-06,-2.666524657081842e-05,-0.019445093486538816
2.425000011920929,85,5.847527375305357e-09,-6.3107886008994109e-06,0.99999999998008704,-0.0028018926432513925,-0.99999607467120333,-6.3087574794869187e-06,2.493523045846831e-06,-0.01984155898759472
2.425000011920929,88,-2.9759780106845655e-05,-1.2744471386101846e-05,0.99999999947596696,-0.0017744243474371543,-0.99999842562682573,-1.2732053147509159e-05,1.8974807209393926e-05,-0.019443914652015237
2.449999988079071,57,-0.00040974021140090586,-1.6640756202625397e-05,0.99999991591801862,0.0035636150068558223,-0.99999365018912223,-1.5149867245945849e-05,9.736009104126862e-05,-0.016623600831858827
2.449999988079071,60,0.00018547939638823791,-4.7322674651600533e-06,0.99999998278749946,-0.00039659641921966141,-0.99999992134484694,-4.6454893044956083e-06,-8.031700361165533e-06,-0.019042430630339835
2.449999988079071,61,0.0004727529271011696,3.9099412053439851e-05,0.99999988748794666,0.0035826374774786496,-0.99999358163544727,3.7371310252277555e-05,5.528988587957608e-06,-0.016633094722745583
2.449999988079071,64,-0.00019427322002948781,4.8855867128774443e-06,0.99999998111702337,-0.00037884460671508164,-0.99999992822687855,4.7960243842622235e-06,-1.2657856150101732e-05,-0.019042124102565578
2.449999988079071,68,-7.3250203338757444e-05,-4.5972926379399519e-06,0.99999999730663625,0.001471142419971927,-0.99999891785990946,-4.357821372408801e-06,2.056455288532784e-05,-0.017850162242965407
2.449999988079071,69,2.7038609052005096e-05,1.0130825465059868e-05,0.9999999995831399,0.0027971132540462961,-0.99999608802059192,1.0047727307595238e-05,3.7618548969542586e-05,-0.0170777759259106
2.449999988079071,72,2.1167080276410253e-07,9.0878557474204338e-07,0.99999999999956457,-0.00021693689773653077,-0.9999999764687838,9.0243370117203154e-07,-1.7471636607910249e-06,-0.01893110596617694
2.449999988079071,76,0.00010680814336077605,1.9271499743240102e-05,0.99999999411031493,0.0014897502066580576,-0.99999889014184651,1.8957764697128585e-05,2.063460646905507e-05,-0.01785308508387847
2.449999988079071,78,-0.00013516340950525728,1.628831626758368e-05,0.99999999073277168,-0.0033973139173400987,-0.99999422898740897,1.5812158808739803e-05,2.2863194567305804e-05,-0.020542427493732213
2.449999988079071,80,0.00013844042843173799,-2.9685085776636666e-05,0.99999998997652184,-0.0034108401982221852,-0.99999418264148732,-2.9194621789257932e-05,-7.04195634567086e-06,-0.02053966894791898
2.449999988079071,83,2.362363459055743e-05,2.5509372015873858e-06,0.99999999971770825,-0.0017568280849436788,-0.9999984567731417,2.5327857073903226e-06,-2.6736682875555045e-05,-0.01993524783074946
2.449999988079071,85,-9.2192219755006003e-08,-6.2878398126345075e-06,0.99999999998022737,-0.0027881625649682179,-0.99999611304744396,-6.2860966584522667e-06,2.355557834535604e-06,-0.020329193196215067
2.449999988079071,88,-3.046180203622423e-05,-1.2691454571016197e-05,0.99999999945550289,-0.001764919051330292,-0.99999844244876102,-1.2680467362053332e-05,1.882611503844271e-05,-0.01993407971378015
2.4749999940395355,57,-0.00041133777515338349,-1.6674152089734961e-05,0.99999991526160004,0.0035743181841214507,-0.99999361198924608,-1.5173003843940478e-05,9.778975472469345e-05,-0.017111817686392843
2.4749999940395355,60,0.00018561026025162568,-4.7714353311219508e-06,0.99999998276303215,-0.00039631459291489479,-0.99999992145639605,-4.6845539635314877e-06,-8.028606498003783e-06,-0.019536066063233434
2.4749999940395355,61,0.0004746142581726297,3.9192589670727462e-05,0.99999988660261696,0.0035933497337277973,-0.99999354319665357,3.74525576010672e-05,5.54205046613109e-06,-0.01712135625931215
2.4749999940395355,64,-0.00019441943229073653,4.9539174457107604e-06,0.99999998108827137,-0.00037839301459495419,-0.99999992839753016,4.864267115480274e-06,-1.2676310709978483e-05,-0.019535763497564276
2.4749999940395355,68,-7.375090598042583e-05,-4.6142255888682671e-06,0.9999999972697563,0.001475584747944719,-0.99999891131467178,-4.3729296771066347e-06,2.0668363157133233e-05,-0.018342046496197813
2.4749999940395355,69,2.7162113889075246e-05,1.0158211801521339e-05,0.99999999957951513,0.0028055288939207515,-0.99999606444532063,1.0074500127410896e-05,3.77968455673969e-05,-0.01756740701332183
2.4749999940395355,72,2.1578163964140274e-07,9.255997837499773e-07,0.99999999999954836,-0.00021473398859508415,-0.99999997694423448,9.1919723190888386e-07,-1.7401383336948968e-06,-0.019424080349049216
2.4749999940395355,76,0.0001074962824894968,1.9333167433603955e-05,0.99999999403538875,0.0014942570213191881,-0.9999988834165302,1.9017014829279797e-05,2.0781224021467734e-05,-0.0183449822422254
2.4749999940395355,78,-0.00013386328641974623,1.6264144886270427e-05,0.99999999090804892,-0.0033811976462179089,-0.99999428361016451,1.5794655970677535e-05,2.2474033112419547e-05,-0.021028605707495228
2.4749999940395355,80,0.00013694064982193999,-2.961100037095883e-05,0.99999999018522356,-0.0033947305049386685,-0.9999942374615769,-2.9127958165073723e-05,-6.984911543242729e-06,-0.0210258772937458
2.4749999940395355,83,2.4149459153427243e-05,2.5366727270939788e-06,0.99999999970518438,-0.0017473595881060788,-0.99999847336289527,2.5196408536239053e-06,-2.679690954242263e-05,-0.020425393382348504
2.4749999940395355,85,-1.8899962031984293e-07,-6.2646640337171699e-06,0.99999999998035916,-0.0027744434259036671,-0.99999615120481766,-6.2632027617166557e-06,2.219106524052626e-06,-0.02081681663060563
2.4749999940395355,88,-3.1153928882238831e-05,-1.2638011232492665e-05,0.99999999943485673,-0.0017554032281879362,-0.99999845919882757,-1.2628423696445216e-05,1.8669790609632663e-05,-0.02042423594289649
2.5,57,-0.00041291140311946724,-1.6706501963829879e-05,0.99999991461252935,0.0035849668004285713,-0.99999357387042576,-1.5195171054168525e-05,9.821422252146061e-05,-0.017600049253793507
2.5,60,0.00018572558330174312,-4.8101860722204628e-06,0.99999998274143476,-0.00039601242608956061,-0.99999992157592166,-4.7232137337576418e-06,-8.023498701978274e-06,-0.02002969991305581
2.5,61,0.00047644838029274763,3.928337678222577e-05,0.99999988572687204,0.0036040060405841731,-0.9999935048448293,3.7531502084292189e-05,5.554830967901679e-06,-0.017609631984260063
2.5,64,-0.00019454800822695745,5.0216873774932535e-06,0.99999998106292742,-0.00037792268449263037,-0.99999992857505771,4.9319622726350137e-06,-1.2693546499448353e-05,-0.02002940127924262
2.5,68,-7.4248570248517512e-05,-4.6308301826938955e-06,0.99999999723285271,0.0014800093226120408,-0.99999890477597675,-4.387719719959837e-06,2.077113244465629e-05,-0.01883393452891891
2.5,69,2.7284309517118812e-05,1.0184984528553122e-05,0.99999999957591645,0.0028139067206989035,-0.99999604090563465,1.0100662593729714e-05,3.797330739233468e-05,-0.018057046605547692
2.5,72,2.2063163779383297e-07,9.4229326279635643e-07,0.99999999999953182,-0.00021251801503148387,-0.99999997741760849,9.358409706039568e-07,-1.7320778404748763e-06,-0.0199170527324298
2.5,76,0.00010818027321435992,1.9393580581087745e-05,0.99999999396045891,0.0014987447132056369,-0.99999887669958332,1.9075022818217784e-05,2.0927604543042506e-05,-0.01883688300741209
2.5,78,-0.00013256580673287719,1.6239208400583884e-05,0.99999999108129756,-0.0033650819907584625,-0.99999433797112192,1.5776337796429767e-05,2.2078727287974834e-05,-0.021514765393075688
2.5,80,0.00013544545009630822,-2.9535677675239842e-05,0.99999999039108689,-0.0033786204654949374,-0.999994292023343,-2.9059994223314751e-05,-6.91938520995111e-06,-0.021512067010559292
2.5,83,2.4668895246697343e-05,2.5223300567269878e-06,0.99999999969254161,-0.0017378774735829128,-0.99999848988666207,2.5063967411756553e-06,-2.6847937908518034e-05,-0.020915529957428708
2.5,85,-2.8473341187858468e-07,-6.241264833414386e-06,0.99999999998048272,-0.0027607227908973031,-0.99999618917810551,-6.2400798644547072e-06,2.0839728421094123e-06,-0.0213044289765351
2.5,88,-3.1837185769559587e-05,-1.2584137499464868e-05,0.99999999941401652,-0.0017458734445243724,-0.99999847588271951,-1.2575920757727378e-05,1.850744767598716e-05,-0.020914383160464046
2.524999976158142,57,-0.0004144612060197473,-1.6737832816529741e-05,0.99999991397087318,0.0035955610671652961,-0.99999353583364392,-1.5216396361776226e-05,9.863331692766804e-05,-0.018088295307745486
2.524999976158142,60,0.00018582619860183563,-4.8485278257211078e-06,0.99999998272255763,-0.00039569213889758165,-0.99999992170252672,-4.7614758862911549e-06,-8.016665682368755e-06,-0.02052333239317698
2.524999976158142,61,0.00047825534978980131,3.9371826400291216e-05,0.99999988486083324,0.0036146066594826215,-0.99999346658081756,3.7608197514679752e-05,5.567455603405741e-06,-0.018097921677722457
2.524999976158142,64,-0.00019465998091601312,5.0889094254038876e-06,0.99999998104079724,-0.00037743580475377482,-0.99999992875860833,4.9991217915977826e-06,-1.2709538050739003e-05,-0.02052303766220656
2.524999976158142,68,-7.4742986868251394e-05,-4.6471146216829046e-06,0.99999999719594501,0.0014844167739261776,-0.99999889824312405,-4.4021999659135485e-06,2.0873122237035877e-05,-0.01932582651944447
2.524999976158142,69,2.7405158179612084e-05,1.0211155863815057e-05,0.99999999957234464,0.0028222469835363323,-0.99999601740178112,1.0126227061298628e-05,3.814789061040348e-05,-0.018546694644216336
2.524999976158142,72,2.2612900786939366e-07,9.5886897602290181e-07,0.99999999999951472,-0.00021029003611536701,-0.99999997788859663,9.523678321965582e-07,-1.723095239742384e-06,-0.020410023374560795
2.524999976158142,76,0.0001088597865080647,1.9452767085367566e-05,0.99999999388556826,0.001503213950337228,-0.99999886999025789,1.9131816992517431e-05,2.1073336447439647e-05,-0.019328787560742872
2.524999976158142,78,-0.00013127046471765667,1.6213517574857514e-05,0.99999999125259331,-0.0033489548264279481,-0.99999439211091612,1.5757218511910757e-05,2.1678134553628755e-05,-0.022000907330451194
2.524999976158142,80,0.00013395413180273933,-2.9459145012403168e-05,0.99999999059422462,-0.0033624979651008416,-0.99999434636750328,-2.8990761526990778e-05,-6.8464716838545846e-06,-0.021998238883776618
2.524999976158142,83,2.5182374852209948e-05,2.5079086788229269e-06,0.99999999967977915,-0.001728379304390992,-0.99999850634826681,2.4930539951544035e-06,-2.6891091815613462e-05,-0.02140565740799549
2.524999976158142,85,-3.7949093935972344e-07,-6.2176496278277038e-06,0.9999999999805983,-0.0027469916935243172,-0.99999622699187629,-6.2167356997348173e-06,1.9500389018745005e-06,-0.021792030018445194
2.524999976158142,88,-3.2512205912217788e-05,-1.2529843193024894e-05,0.99999999939297979,-0.0017363272721104138,-0.99999849250425343,-1.2522969929739867e-05,1.8340156758244244e-05,-0.02140452121997411
2.550000011920929,57,-0.00041598719799888333,-1.676816684491544e-05,0.9999999133367361,0.0036061011347623237,-0.99999349788008562,-1.5236702830926685e-05,9.904689052041049e-05,-0.01857655566657509
2.550000011920929,60,0.00018591280105401846,-4.8864634369272949e-06,0.99999998270627632,-0.00039535549293855636,-0.99999992183549724,-4.799342564624125e-06,-8.008327381365192e-06,-0.021016963676993846
2.550000011920929,61,0.00048003512265686402,3.9457981216170115e-05,0.99999988400466755,0.0036251517832463797,-0.99999342840568872,3.7682687782060582e-05,5.580008110313744e-06,-0.018586225161793826
2.550000011920929,64,-0.00019475620415498611,5.1555867550919875e-06,0.99999998102172005,-0.0003769341260787922,-0.9999999289474989,5.0657480416454524e-06,-1.2724277280958159e-05,-0.021016672819989632
2.550000011920929,68,-7.5233952051113838e-05,-4.6630845861109072e-06,0.99999999715905408,0.0014888076171384124,-0.9999988917155731,-4.4163764004746609e-06,2.0974504751007283e-05,-0.019817722611539648
2.550000011920929,69,2.7524622424403701e-05,1.0236735345058545e-05,0.99999999956880214,0.0028305498779504813,-0.9999959939341464,1.0151203209852985e-05,3.8320550544760584e-05,-0.019036351083720746
2.550000011920929,72,2.3220060520447375e-07,9.7532760591050566e-07,0.99999999999949729,-0.0002080508794672727,-0.99999997835694632,9.6877846332179698e-07,-1.7132811195724077e-06,-0.02090299247278273
2.550000011920929,76,0.00010953451072744479,1.9510747299196599e-05,0.99999999381076077,0.0015076652751665077,-0.99999886328798437,1.9187418176473268e-05,2.12181118882508e-05,-0.019820696047878898
2.550000011920929,78,-0.00012997704601982012,1.6187088138475924e-05,0.99999999142197271,-0.0033328065604997948,-0.99999444606096044,1.5737315892893049e-05,2.1272899215502093e-05,-0.022487032099190802
2.550000011920929,80,0.00013246635418578595,-2.9381439052709542e-05,0.99999999079469792,-0.0033463534253602252,-0.99999440052550737,-2.8920299317854794e-05,-6.766960778184083e-06,-0.02248439349341004
2.550000011920929,83,2.5690185594686636e-05,2.4934107751887498e-06,0.99999999966689856,-0.0017188631693316736,-0.99999852275053724,2.4796155752412229e-06,-2.6927339419038585e-05,-0.021895775604468707
2.550000011920929,85,-4.7333775345224675e-07,-6.1938280224522733e-06,0.99999999998070632,-0.0027332430088340548,-0.99999626466517311,-6.1931800912592608e-06,1.8172274663337497e-06,-0.022279619590608948
2.550000011920929,88,-3.3179419082088743e-05,-1.2475145199449637e-05,0.99999999937174855,-0.0017267628150071327,-0.99999850906623367,-1.2469589183079153e-05,1.8168707846289862e-05,-0.0218946499915395
2.574999988079071,57,-0.00041748934147412507,-1.679752347622856e-05,0.99999991271024258,0.0036165871262473083,-0.99999346001101885,-1.5256110952864063e-05,9.945481493228474e-05,-0.019064830177356745
2.574999988079071,60,0.00018598600123553898,-4.9239926693245426e-06,0.99999998269248069,-0.00039500396962285819,-0.99999992197423138,-4.8368129298910869e-06,-7.9986602385742e-06,-0.02151059391181923
2.574999988079071,61,0.000481787602256547,3.9541878010614036e-05,0.99999988315856636,0.0036356415727274616,-0.99999339032061296,3.7755011072262017e-05,5.59254814048503e-06,-0.01907454228580756
2.574999988079071,64,-0.0001948374221067007,5.2217168311657949e-06,0.9999999810055562,-0.00037641913129593009,-0.99999992914114832,5.1318378031768035e-06,-1.2737767945402261e-05,-0.021510306899403808
2.574999988079071,68,-7.5721267733502729e-05,-4.6787442880818627e-06,0.99999999712219967,0.0014931822971751157,-0.99999888519287883,-4.4302535616068357e-06,2.1075399098012177e-05,-0.02030962292805811
2.574999988079071,69,2.7642665634925045e-05,1.0261730982836661e-05,0.99999999956528995,0.0028388155723152162,-0.99999597050318334,1.0175599193064362e-05,3.8491242866797245e-05,-0.019526015887904473
2.574999988079071,72,2.3878484417771457e-07,9.9166849178261812e-07,0.99999999999947986,-0.00020580123239364958,-0.99999997882244096,9.8507217554018094e-07,-1.7027121378077697e-06,-0.02139596018648803
2.574999988079071,76,0.00011020414823021059,1.956753722419655e-05,0.99999999373607862,0.0015120991534835592,-0.99999885659229715,1.924184286222031e-05,2.1361686240290427e-05,-0.020312608592948797
2.574999988079071,78,-0.00012868551196503045,1.6159938771689063e-05,0.99999999158944752,-0.0033166291692403246,-0.99999449984684441,1.571664980619701e-05,2.0863538744626754e-05,-0.02297314015704212
2.574999988079071,80,0.00013098199157576511,-2.9302602264288095e-05,0.99999999099253767,-0.0033301788389999945,-0.99999445452295177,-2.8848651621568467e-05,-6.681460218772414e-06,-0.02297053129470287
2.574999988079071,83,2.6192528016119091e-05,2.4788400873452135e-06,0.9999999996539034,-0.0017093274827232061,-0.99999853909567049,2.4660857828629863e-06,-2.695743490963013e-05,-0.02238588442812349
2.574999988079071,85,-5.6632015982901195e-07,-6.1698110275026955e-06,0.99999999998080635,-0.0027194707531945864,-0.99999630221354363,-6.1694242071819613e-06,1.6854859158534884e-06,-0.022767197556265308
2.574999988079071,88,-3.3839132013990965e-05,-1.2420064692009827e-05,0.99999999935032768,-0.0017171785065582734,-0.99999852557082514,-1.2415800484227364e-05,1.79937225999843e-05,-0.022384769355059318
2.600000023841858,57,-0.00041896757066041228,-1.6825920453745476e-05,0.99999991209152772,0.003627019154211754,-0.99999342222773668,-1.5274639639093644e-05,9.985697512095484e-05,-0.019553118707784044
2.600000023841858,60,0.00018604635402069128,-4.9611133236411023e-06,0.9999999826810706,-0.00039463886267626571,-0.99999992211820365,-4.8738842461129237e-06,-7.987810176772407e-06,-0.022004223226208645
2.600000023841858,61,0.00048351266432008415,3.9623550024955787e-05,0.99999988232273185,0.0036460761754374196,-0.99999335232679276,3.7825202137584155e-05,5.605120463222773e-06,-0.019562872918828602
2.600000023841858,64,-0.00019490430614809066,5.2872934709879873e-06,0.99999998099217791,-0.00037589212342700946,-0.9999999293390468,5.19738428361204e-06,-1.2750022977302708e-05,-0.022003940028094804
2.600000023841858,68,-7.6204741544652117e-05,-4.6940970172758856e-06,0.99999999708540133,0.0014975412117620103,-0.99999887867465698,-4.4438350740741422e-06,2.1175889822506378e-05,-0.02080152757810391
2.600000023841858,69,2.7759252293612769e-05,1.028614987877897e-05,0.99999999956180974,0.0028470442212344101,-0.99999594710937412,1.0199422254861319e-05,3.865992420506581e-05,-0.02001568902845595
2.600000023841858,72,2.4582801089439332e-07,1.0078901107189819e-06,0.99999999999946176,-0.00020354168905247934,-0.99999997928488893,1.0012474235175456e-06,-1.691455478303312e-06,-0.02188892664903895
2.600000023841858,76,0.00011086841342285392,1.962315019028448e-05,0.99999999366156334,0.0015165159998948446,-0.99999884990279908,1.9295104876872761e-05,2.150385724175463e-05,-0.020804525305957288
2.600000023841858,78,-0.00012739594098629841,1.6132090156818098e-05,0.99999999175501475,-0.0033004156977507358,-0.99999455349010835,1.5695241546326565e-05,2.045048794449459e-05,-0.023459231880381883
2.600000023841858,80,0.00012950106162516482,-2.9222681167517413e-05,0.99999999118775496,-0.003313967268793573,-0.99999450838136639,-2.8775865838465691e-05,-6.590458240650215e-06,-0.023456652659601732
2.600000023841858,83,2.6689544988565871e-05,2.4642013698898918e-06,0.999999999640798,-0.0016997708805024077,-0.99999855538542626,2.4524697872997552e-06,-2.6981991475569212e-05,-0.02287598376713023
2.600000023841858,85,-6.5847164185859004e-07,-6.1456106513078658e-06,0.99999999998089906,-0.0027056697203443943,-0.99999633965009949,-6.1454801733570513e-06,1.5547780364702704e-06,-0.023254763796868815
2.600000023841858,88,-3.4491569755077894e-05,-1.2364625743478362e-05,0.99999999932872385,-0.0017075730041807688,-0.99999854201975003,-1.236162850487225e-05,1.7815712103379818e-05,-0.02287487919662728
2.625,57,-0.00042042180550384953,-1.6853374497395659e-05,0.99999991148073064,0.0036373973304005989,-0.99999338453152087,-1.529230682691545e-05,0.0001002532659740659,-0.020041421141527536
2.625,60,0.00018609437577523453,-4.9978218911328653e-06,0.99999998267195234,-0.00039426133214235829,-0.99999992226694123,-4.9105525136227023e-06,-7.975900063463079e-06,-0.02249785173431679
2.625,61,0.00048521017173734263,3.970302841123625e-05,0.99999988149737229,0.0036564557361394709,-0.99999331442542561,3.7893293687153621e-05,5.617760406295458e-06,-0.020051216945385288
2.625,64,-0.00019495747689184928,5.352308013078086e-06,0.99999998098146736,-0.00037535427712005764,-0.99999992954073458,5.2623782635592825e-06,-1.276106312302683e-05,-0.022497572319025713
2.625,68,-7.6684186684058796e-05,-4.7091454655790787e-06,0.9999999970486797,0.0015018847250207446,-0.99999887216056726,-4.4571239673569137e-06,2.127603757838128e-05,-0.021293436661281105
2.625,69,2.7874348128630267e-05,1.0309998603271253e-05,0.99999999955836238,0.0028552359730876845,-0.99999592375320934,1.0222679105955623e-05,3.8826552496458574e-05,-0.02050537048407043
2.625,72,2.5328210026754308e-07,1.0239903483287655e-06,0.99999999999944367,-0.00020127277792195483,-0.99999997974411681,1.0173020742030203e-06,-1.6795714709073716e-06,-0.022381891974727237
2.625,76,0.00011152703148885091,1.9677597857708823e-05,0.99999999358725666,0.0015209161928024595,-0.99999884321914079,1.9347216377332965e-05,2.1644452919574842e-05,-0.021296446287180394
2.625,78,-0.00012610849544447762,1.6103564523087779e-05,0.99999999191866129,-0.0032841599673703527,-0.99999460700928899,1.5673113544939195e-05,2.0034124332078343e-05,-0.02394530758760596
2.625,80,0.00012802368456665803,-2.914172541253023e-05,0.99999999138034801,-0.0032977125545811288,-0.99999456211926618,-2.8701992015183596e-05,-6.494359518013005e-06,-0.02394275790072044
2.625,83,2.7181338685460729e-05,2.4495000985015978e-06,0.99999999962758723,-0.0016901921595624955,-0.99999857162123795,2.4387733758717404e-06,-2.7001523526330544e-05,-0.02336607351419206
2.625,85,-7.4981655645541237e-07,-6.1212396706638791e-06,0.99999999998098421,-0.0026918352682861243,-0.99999637698614574,-6.1213608552148952e-06,1.425079299823399e-06,-0.023742318205834216
2.625,88,-3.5136899561839918e-05,-1.2308854575334306e-05,0.99999999930694516,-0.0016979451280049495,-0.99999855841439977,-1.2307099927334923e-05,1.7635110288349203e-05,-0.023364979406372992
2.649999976158142,57,-0.00042185196067740259,-1.6879901745718432e-05,0.99999991087799223,0.0036477217715353114,-0.99999334692362218,-1.5309129885585938e-05,0.00010064359007953927,-0.020529737375389264
2.649999976158142,60,0.0001861305556704132,-5.0341139586061451e-06,0.99999998266503687,-0.00039387243863412286,-0.99999992242001245,-4.9468128613849263e-06,-7.963034318872642e-06,-0.022991479538712285
2.649999976158142,61,0.00048687998409711024,3.9780343199526526e-05,0.99999988068269552,0.0036667804033462051,-0.99999327661767989,3.7959317315381016e-05,5.63049739698442e-06,-0.020539574262869613
2.649999976158142,64,-0.00019499751858756656,5.416750042401914e-06,0.999999980973313,-0.00037480667129982377,-0.99999992974578977,5.3268088078925938e-06,-1.277091626243342e-05,-0.022991203873367234
2.649999976158142,68,-7.7159421754626541e-05,-4.7238919337657195e-06,0.99999999701205422,0.0015062131761828155,-0.9999988656502995,-4.4701228780246029e-06,2.137588579504949e-05,-0.021785350270451184
2.649999976158142,69,2.7987920201938413e-05,1.0333283445802946e-05,0.99999999955494978,0.0028633909746087283,-0.99999590043517605,1.0245376173441088e-05,3.8991087205249606e-05,-0.0209950602400141
2.649999976158142,72,2.6110343530643248e-07,1.0399666684144469e-06,0.99999999999942513,-0.00019899497917232235,-0.99999998019996528,1.0332335754828004e-06,-1.6671152708480223e-06,-0.022874856263186485
2.649999976158142,76,0.00011217973746772409,1.9730890869277029e-05,0.99999999351319935,0.0015253000840044499,-0.99999883654100519,1.9398188497885794e-05,2.1783324001340553e-05,-0.021788371630017598
2.649999976158142,78,-0.00012482340137352546,1.6074385396971981e-05,0.99999999208036627,-0.003267856389596539,-0.99999466042058716,1.5650289223984495e-05,1.9614783935752626e-05,-0.024431367553790648
2.649999976158142,80,0.00012655005826560085,-2.9059787271685798e-05,0.99999999157030572,-0.0032814091270391478,-0.99999461575282056,-2.8627082458424673e-05,-6.3935075013127735e-06,-0.024428847286347116
2.649999976158142,83,2.7667981202904372e-05,2.4347423001393071e-06,0.99999999961427755,-0.0016805902392899098,-0.99999858780428641,2.4250028106578768e-06,-2.7016473220770895e-05,-0.023856153564985695
2.649999976158142,85,-8.4037243937858848e-07,-6.0967114987651956e-06,0.99999999998106193,-0.0026779631836038871,-0.9999964142315777,-6.0970797329494106e-06,1.2963739188146871e-06,-0.024229860684562326
2.649999976158142,88,-3.5775245874311249e-05,-1.2252779117816652e-05,0.99999999928500061,-0.0016882938220165648,-0.99999857475591081,-1.2252243040020977e-05,1.7452294927617726e-05,-0.023855069877028155
2.675000011920929,57,-0.00042325795181880901,-1.6905518073493879e-05,0.99999991028345081,0.0036579926030410842,-0.99999330940524633,-1.532512590888032e-05,0.000101027856123874,-0.0210180673174778
2.675000011920929,60,0.00018615536367842106,-5.0699844754587991e-06,0.99999998266023771,-0.00039347316645897153,-0.99999992257701709,-4.9826598053575914e-06,-7.949301885266344e-06,-0.023485106732304993
2.675000011920929,61,0.00048852196429234628,3.9855523998799887e-05,0.99999987987890659,0.003677050333520086,-0.99999323890468028,3.8023304175622588e-05,5.643357467905059e-06,-0.021027944779885472
2.675000011920929,64,-0.00019502498922944854,5.4806078556224598e-06,0.99999998096760812,-0.00037425031123023328,-0.99999992995382014,5.3906637213027668e-06,-1.2779617141609916e-05,-0.023484834782474467
2.675000011920929,68,-7.7630270579822356e-05,-4.738338473487172e-06,0.99999999697554465,0.0015105268855665054,-0.99999885914356523,-4.4828341887470716e-06,2.147546509802457e-05,-0.02227726849365113
2.675000011920929,69,2.8099936965087463e-05,1.0356010596277511e-05,0.99999999955157326,0.0028715093738047978,-0.99999587715574823,1.0267519781583103e-05,3.9153489469942045e-05,-0.02148475828792522
2.675000011920929,72,2.6925172537412642e-07,1.0558162212417944e-06,0.99999999999940647,-0.00019670873635328206,-0.99999998065228601,1.0490390637688139e-06,-1.654138006109526e-06,-0.02336781960235812
2.675000011920929,76,0.00011282627554275851,1.978303930449941e-05,0.99999999343943136,0.0015296680052787684,-0.99999882986809918,1.9448031801140203e-05,2.192033884315895e-05,-0.022280301422974637
2.675000011920929,78,-0.00012354093550341806,1.6044577476713686e-05,0.99999999224010439,-0.0032514998400496129,-0.9999947137383246,1.5626792938086484e-05,1.9192771735717366e-05,-0.024917412020430206
2.675000011920929,80,0.00012508044215426347,-2.8976921360795139e-05,0.99999999175761045,-0.0032650518816093213,-0.99999466929631164,-2.855119153636604e-05,-6.288199131743956e-06,-0.024914921050402234
2.675000011920929,83,2.8149521606691722e-05,2.4199344491990564e-06,0.99999999960087416,-0.0016709641356373905,-0.99999860393554718,2.4111647423233986e-06,-2.7027228191437812e-05,-0.024346223817031273
2.675000011920929,85,-9.3015152945615587e-07,-6.0720401110209564e-06,0.99999999998113254,-0.0026640495894274811,-0.99999645139515769,-6.0726508321821001e-06,1.168652909056094e-06,-0.024717391139713277
2.675000011920929,88,-3.640670027273159e-05,-1.2196428755223308e-05,0.99999999926289962,-0.0016786181279041376,-0.99999859104521338,-1.2197087506354244e-05,1.726760167247453e-05,-0.02434515050287578
2.699999988079071,57,-0.00042463970011477473,-1.6930239338570896e-05,0.99999990969724195,0.0036682099614918952,-0.9999932719775434,-1.534031194326455e-05,0.00010140597763617585,-0.021506410886009138
2.699999988079071,60,0.00018616925662001492,-5.1054279357618075e-06,0.99999998265747103,-0.00039306444003041086,-0.99999992273757943,-5.0180874242940598e-06,-7.934778177527142e-06,-0.02397873339973078
2.699999988079071,61,0.00049013598336264852,3.9928600538761401e-05,0.99999987908620491,0.0036872656938896947,-0.99999320128749558,3.8085285501766433e-05,5.656365170014796e-06,-0.021516328415180926
2.699999988079071,64,-0.00019504042812911344,5.5438687773385829e-06,0.99999998096424825,-0.00037368614419957077,-0.99999993016445765,5.4539298575275497e-06,-1.2787207399495044e-05,-0.023978465129302365
2.699999988079071,68,-7.8096561998883282e-05,-4.7524869914202661e-06,0.9999999969391703,0.0015148261589124552,-0.99999885264009225,-4.4952601302714003e-06,2.1574796378704112e-05,-0.0227691914155089
2.699999988079071,69,2.8210368292927299e-05,1.0378186283576283e-05,0.99999999954823426,0.0028795913218663876,-0.99999585391538148,1.0289116290003244e-05,3.93137222054126e-05,-0.021974464625770667
2.699999988079071,72,2.7768938782083707e-07,1.0715359166466843e-06,0.99999999999938738,-0.00019441446465125878,-0.99999998110094079,1.0647154366239643e-06,-1.640687608795361e-06,-0.023860782070580372
2.699999988079071,76,0.00011346639843479866,1.9834053018271028e-05,0.99999999336599321,0.001534020273159247,-0.99999882320014655,1.9496756614388415e-05,2.2055379866749145e-05,-0.022772235751128377
2.699999988079071,78,-0.00012226141672409113,1.6014166593245095e-05,0.99999999239784609,-0.0032350855686847078,-0.9999947669752679,1.56026499820398e-05,1.876836888534266e-05,-0.025403441202209744
2.699999988079071,80,0.00012361514657384189,-2.8893184528926311e-05,0.99999999194223965,-0.0032486360887295828,-0.9999947227624616,-2.8474375623624204e-05,-6.178694973962501e-06,-0.025400979399350484
2.699999988079071,83,2.8625990822906775e-05,2.4050834079852104e-06,0.99999999958738406,-0.0016613129427827797,-0.9999986200158274,2.3972661628907189e-06,-2.70341339912019e-05,-0.024836284168801927
2.699999988079071,85,-1.0191618221861288e-06,-6.0472400086785443e-06,0.99999999998119604,-0.0026500908797265758,-0.99999648848470957,-6.0480886909751653e-06,1.0419127534786824e-06,-0.02520490948120735
2.699999988079071,88,-3.7031328404225423e-05,-1.2139834186998386e-05,0.99999999924065264,-0.0016689171665943232,-0.99999860728306578,-1.2141664242359449e-05,1.7081333919380832e-05,-0.02483522117890857
2.725000023841858,57,-0.00042599713586553335,-1.6954081584999384e-05,0.99999990911949554,0.0036783739962498578,-0.99999323464160328,-1.5354705176297183e-05,0.00010177787191740523,-0.021994768008517684
2.725000023841858,60,0.00018617268303423875,-5.1404385055344509e-06,0.99999998265665369,-0.00039264713602169389,-0.99999992290134343,-5.0530894822321282e-06,-7.919526344229562e-06,-0.024472359618374673
2.725000023841858,61,0.00049172192425311412,3.9999603120214538e-05,0.9999998783047831,0.0036974266643821788,-0.9999931637671321,3.8145293042620946e-05,5.6695451483777136e-06,-0.022004725096964318
2.725000023841858,64,-0.00019504436194974658,5.6065193749090389e-06,0.9999999809631317,-0.00037311507115759683,-0.99999993037735313,5.5165933288417968e-06,-1.2793735828201655e-05,-0.02447209498944942
2.725000023841858,68,-7.8558129634471441e-05,-4.766339325761989e-06,0.99999999690295116,0.001519111290698079,-0.9999988461396192,-4.5074028562544314e-06,2.167389300623167e-05,-0.023261119118347287
2.725000023841858,69,2.8319185505539113e-05,1.0399816891409641e-05,0.99999999954493379,0.0028876369744319226,-0.99999583071451059,1.0310172209237379e-05,3.947175017606749e-05,-0.022464179257917594
2.725000023841858,72,2.8638103372055054e-07,1.0871224755971384e-06,0.99999999999936806,-0.00019211255696708403,-0.99999998154579905,1.0802594039677687e-06,-1.6268094480762666e-06,-0.02435374373810885
2.725000023841858,76,0.00011409986685080313,1.9883941909255296e-05,0.99999999329292466,0.0015383571925879143,-0.99999881653688238,1.9544373296214867e-05,2.218834094825667e-05,-0.023264174697268228
2.725000023841858,78,-0.00012098520047731299,1.5983179717480883e-05,0.99999999255355965,-0.0032186091330110747,-0.99999482014287355,1.5577886630800161e-05,1.8341837901991883e-05,-0.025889455291863317
2.725000023841858,80,0.00012215452567100859,-2.8808635852484061e-05,0.99999999212416701,-0.0032321573271213528,-0.99999477616267618,-2.8396693134187776e-05,-6.0652264249358e-06,-0.025887022517152088
2.725000023841858,83,2.9097405142322407e-05,2.3901963959067934e-06,0.99999999957381391,-0.0016516358196348932,-0.99999863604578942,2.3833143837638982e-06,-2.703750320732027e-05,-0.02532633451895396
2.725000023841858,85,-1.1074078189374389e-06,-6.0223262098396667e-06,0.99999999998125255,-0.0026360836703047527,-0.99999652550726481,-6.0234083532899698e-06,9.161544591765693e-07,-0.025692415620649306
2.725000023841858,88,-3.7649174965337599e-05,-1.2083027367086373e-05,0.99999999921826999,-0.0016591901247082867,-0.99999862347008184,-1.2086005367898609e-05,1.689377005589322e-05,-0.02532528180009179
2.75,57,-0.00042733020142723016,-1.6977061225650794e-05,0.99999990855033494,0.0036884848705522316,-0.9999931973984495,-1.5368323106905224e-05,0.00010214345905232156,-0.022483138621353187
2.75,60,0.00018616608736936332,-5.1750101154844333e-06,0.99999998265770329,-0.00039222209272716342,-0.99999992306797003,-5.0876595173835442e-06,-7.903598027318628e-06,-0.024965985459143514
2.75,61,0.0004932796849089914,4.0068563015219322e-05,0.99999987753482389,0.0037075334389792573,-0.99999312634452753,3.8203359448686636e-05,5.68292354427827e-06,-0.02249313476249104
2.75,64,-0.00019503730982982584,5.6685456014948017e-06,0.99999998096415743,-0.00037253795571310055,-0.99999993059217296,5.5786396448165081e-06,-1.2799258855268943e-05,-0.024965724431942386
2.75,68,-7.9014811629859227e-05,-4.7798973110690381e-06,0.9999999968669061,0.0015233825668035498,-0.99999883964189262,-4.5192645067590515e-06,2.1772762471659687e-05,-0.023753051683090932
2.75,69,2.842636138007548e-05,1.0420909058455133e-05,0.9999999995416734,0.0028956464924090588,-0.99999580755354556,1.0330694300638567e-05,3.962754005275049e-05,-0.022953902195302193
2.75,72,2.952930592957267e-07,1.1025724616972565e-06,0.99999999999934852,-0.00018980338856327848,-0.99999998198673634,1.0956675193086717e-06,-1.612546837559887e-06,-0.024846704668249335
2.75,76,0.00011472644894542736,1.9932716142309724e-05,0.99999999322026434,0.001542679059854178,-0.99999880987804957,1.9590892457505701e-05,2.2319125432860697e-05,-0.023756118342835156
2.75,78,-0.00011971267522476935,1.5951645008204877e-05,0.99999999270721018,-0.0032020663464417762,-0.99999487325147407,1.5552530210459616e-05,1.7913426517273986e-05,-0.026375454463761955
2.75,80,0.00012069897279139436,-2.8723336714938249e-05,0.999999992303364,-0.0032156114322314899,-0.99999482950723118,-2.8318204628755325e-05,-5.948000974229831e-06,-0.026373050568901848
2.75,83,2.9563768794617317e-05,2.3752809727728608e-06,0.99999999956017072,-0.0016419319795667455,-0.99999865202597205,2.3693170254964288e-06,-2.703762239757155e-05,-0.025816374765601842
2.75,85,-1.1948910725541018e-06,-5.9973142646394e-06,0.99999999998130229,-0.002622024760734286,-0.9999965624691769,-5.9986253859727721e-06,7.913828790448294e-07,-0.026179909469995523
2.75,88,-3.8260267381585293e-05,-1.2026041505310004e-05,0.9999999991957631,-0.0016494362442977734,-0.99999863960675062,-1.2030144216810911e-05,1.6705169001635108e-05,-0.025815332260655216
2.774999976158142,57,-0.00042863885379008069,-1.6999195215333327e-05,0.99999990798987581,0.0036985427622160155,-0.99999316024903651,-1.5381183707523566e-05,0.0001025026609224167,-0.022971522669387397
2.774999976158142,60,0.0001861499138460245,-5.2091365292565973e-06,0.99999998266053713,-0.00039179011755659238,-0.99999992323713249,-5.1217909071009731e-06,-7.887033717101535e-06,-0.025459610987059317
2.774999976158142,61,0.00049480918097238196,4.0135512852321274e-05,0.99999987677649982,0.0037175862266652379,-0.99999308902054751,3.8259518645533117e-05,5.696529335264014e-06,-0.022981557357853052
2.774999976158142,64,-0.00019501978803465315,5.7299328936729615e-06,0.99999998096722498,-0.00037195563136832799,-0.99999993080859662,5.6400538062932444e-06,-1.2803841259246592e-05,-0.025459353519836664
2.774999976158142,68,-7.9466450335971775e-05,-4.7931628322126239e-06,0.99999999683105456,0.0015276402667733406,-0.9999988331466626,-4.5308472610811154e-06,2.1871407639549734e-05,-0.024244989190052038
2.774999976158142,69,2.8531870153695583e-05,1.0441469776102169e-05,0.9999999995384542,0.0029036200424743725,-0.99999578443287052,1.0350689673934616e-05,3.9781060454240576e-05,-0.02344363345568746
2.774999976158142,72,3.0439330358979895e-07,1.1178823032324506e-06,0.99999999999932887,-0.00018748732074484257,-0.99999998242363497,1.1109362015732676e-06,-1.597941463960537e-06,-0.02533966491822015
2.774999976158142,76,0.00011534591975653699,1.9980386352995774e-05,0.99999999314805144,0.001546986165089639,-0.99999880322339374,1.9636325164789344e-05,2.2447644565680795e-05,-0.02424806676873571
2.774999976158142,78,-0.00011844426054233056,1.5919591917932859e-05,0.99999999285876195,-0.0031854532367840095,-0.99999492631042919,1.5526609220019806e-05,1.7483370619556216e-05,-0.026861438876596037
2.774999976158142,80,0.0001192489178056233,-2.8637350987927745e-05,0.99999999247979887,-0.0031989944548469758,-0.99999488280542626,-2.8238973015085834e-05,-5.827206104398731e-06,-0.026859063703537852
2.774999976158142,83,3.0025075858889406e-05,2.3603450459811347e-06,0.9999999995464619,-0.0016322006823600447,-0.99999866795680559,2.3552820297532106e-06,-2.7034757568456865e-05,-0.026306404805580486
2.774999976158142,85,-1.2816105860061884e-06,-5.972220290330884e-06,0.99999999998134492,-0.0026079111035838321,-0.99999659937621288,-5.9737559151863114e-06,6.676062254265167e-07,-0.02666739094033233
2.774999976158142,88,-3.8864618563687331e-05,-1.1968911127824946e-05,0.99999999917314319,-0.0016396548148423233,-0.99999865569345081,-1.1974115403888163e-05,1.651577462203643e-05,-0.026305372453362834
2.800000011920929,57,-0.00042992306700285983,-1.7020501229624418e-05,0.9999999074382252,0.0037085478640557544,-0.99999312319424782,-1.539330559250056e-05,0.00010285540015374772,-0.023459920105887308
2.800000011920929,60,0.00018612461029575387,-5.2428113780483109e-06,0.99999998266507095,-0.00039135199333132758,-0.99999992340851629,-5.1554768994952663e-06,-7.869862756258354e-06,-0.025953236261715123
2.800000011920929,61,0.00049631034831600941,4.0200487010028796e-05,0.99999987602997176,0.003727585252098522,-0.99999305179598152,3.8313806216015088e-05,5.710395714881498e-06,-0.02346999283793269
2.800000011920929,64,-0.00019499231450681025,5.7906662169578178e-06,0.99999998097223253,-0.00037136890764081766,-0.99999993102631524,5.7008203475891689e-06,-1.2807557155295615e-05,-0.02595298231067228
2.800000011920929,68,-7.9912891929357605e-05,-4.8061378710673928e-06,0.99999999679541551,0.001531884665858249,-0.99999882665368145,-4.5421533834404236e-06,2.196982772734845e-05,-0.02473693171965444
2.800000011920929,69,2.8635687522367968e-05,1.046150648615245e-05,0.99999999953527718,0.0029115577973244421,-0.99999576135284329,1.0370165884762057e-05,3.9932281981619346e-05,-0.023933373064016664
2.800000011920929,72,3.1365074475623123e-07,1.1330483051292903e-06,0.99999999999930889,-0.00018516470391174571,-0.99999998285638214,1.1260617468886875e-06,-1.5830337728759653e-06,-0.025832624539813658
2.800000011920929,76,0.00011595806057640346,2.0026963839537592e-05,0.99999999307632448,0.0015512787945239747,-0.99999879657266222,1.9680683131182804e-05,2.2573816199908064e-05,-0.02474002005609289
2.800000011920929,78,-0.00011718040661017913,1.5887051333428724e-05,0.99999999300817688,-0.0031687660112944549,-0.99999497932825188,1.5500153482088804e-05,1.7051896582541354e-05,-0.027347408675419058
2.800000011920929,80,0.00011780482605817531,-2.8550745307990352e-05,0.99999999265343886,-0.0031823026263114833,-0.99999493606570899,-2.8159063837368669e-05,-5.703012217332948e-06,-0.027345062055881324
2.800000011920929,83,3.0481311690566588e-05,2.3453968919559549e-06,0.99999999953269436,-0.0016224412276562507,-0.99999868383862467,2.3412176842497687e-06,-2.7029158695186164e-05,-0.026796424533636936
2.800000011920929,85,-1.3675631035589697e-06,-5.9470610342122437e-06,0.99999999998138123,-0.0025937397782956613,-0.99999663623362955,-5.9488166903463457e-06,5.448357314479205e-07,-0.027154859940668637
2.800000011920929,88,-3.9462228998322227e-05,-1.1911672196196715e-05,0.99999999915042215,-0.0016298451668016755,-0.99999867173046519,-1.1917954948813659e-05,1.6325819420013143e-05,-0.02679540226870013
2.824999988079071,57,-0.00043118283459023016,-1.704099786052915e-05,0.99999990689547946,0.0037185003840510145,-0.99999308623489436,-1.5404708203306857e-05,0.00010320159893298859,-0.023948330892542002
2.824999988079071,60,0.00018609063219326001,-5.2760281976446138e-06,0.99999998267121992,-0.00039090848363737318,-0.99999992358181455,-5.1887106476013952e-06,-7.85210296481147e-06,-0.026446861337596942
2.824999988079071,61,0.00049778314555359046,4.0263522048618639e-05,0.99999987529538659,0.0037375307560469175,-0.99999301467154145,3.8366259820855658e-05,5.724561599303568e-06,-0.023958441166514556
2.824999988079071,64,-0.00019495541357143599,5.8507300814066977e-06,0.99999998097907772,-0.00037077857531409047,-0.99999993124502762,5.7609233489421122e-06,-1.2810491331891796e-05,-0.026446610856792396
2.824999988079071,68,-8.0353985942383706e-05,-4.8188245562002259e-06,0.99999999676000795,0.001536116036933152,-0.99999882016269892,-4.5531852717483141e-06,2.206801906373111e-05,-0.02522887935312527
2.824999988079071,69,2.8737790630845393e-05,1.0481027187315367e-05,0.99999999953214358,0.0029194599356890142,-0.99999573831379396,1.0389131041027111e-05,4.0081177246420304e-05,-0.024423121052878746
2.824999988079071,72,3.2303521681004405e-07,1.1480666488226896e-06,0.99999999999928879,-0.00018283588010627221,-0.99999998328486928,1.1410403283008629e-06,-1.5678633329206994e-06,-0.02632558357988037
2.824999988079071,76,0.0001165626582234686,2.0072460763659079e-05,0.99999999300512132,0.0015555572326091029,-0.9999987899255981,1.9723978916332063e-05,2.2697563709911845e-05,-0.025231978286965797
2.824999988079071,78,-0.00011592159510103283,1.585405578142567e-05,0.99999999315541643,-0.0031520010269187504,-0.99999503231271425,1.5473194353427374e-05,1.6619223098815736e-05,-0.027833363993130328
2.824999988079071,80,0.0001163671989257479,-2.8463589466065025e-05,0.99999999282424967,-0.0031655323289693288,-0.99999498929578123,-2.8078545672218353e-05,-5.575574738705611e-06,-0.02783104574809423
2.824999988079071,83,3.0932453933645265e-05,2.3304451950663916e-06,0.99999999951887619,-0.0016126529496727393,-0.99999869967167876,2.3271326640622392e-06,-2.7021063540978256e-05,-0.02728643384149366
2.824999988079071,85,-1.4527433053011913e-06,-5.9218539594233187e-06,0.99999999998141054,-0.0025795079686695716,-0.99999667304623963,-5.9238251706302259e-06,4.230854399785196e-07,-0.027642316376649035
2.824999988079071,88,-4.0053088273728243e-05,-1.1854362289354426e-05,0.99999999912761217,-0.0016200066664911719,-0.99999868771798928,-1.1861700461544313e-05,1.6135527716562052e-05,-0.027285421593924344
2.850000023841858,57,-0.00043241817222642838,-1.7060704848209139e-05,0.99999990636172398,0.003728400545355596,-0.99999304937171363,-1.5415412028726497e-05,0.00010354117759373193,-0.02443675499960999
2.850000023841858,60,0.00018604844732373802,-5.3087804302365478e-06,0.999999982678896,-0.00039046033802428047,-0.99999992375672742,-5.221485208085339e-06,-7.833759905058117e-06,-0.02694048626433398
2.850000023841858,61,0.00049922755681386692,4.0324657220902221e-05,0.99999987457287642,0.0037474229957213494,-0.99999297764785888,3.8416919697038137e-05,5.739073390476249e-06,-0.024446902316528966
2.850000023841858,64,-0.0001949096213120489,5.9101085108983057e-06,0.99999998098765497,-0.0003701854116024536,-0.99999993146444011,5.8203464023711575e-06,-1.2812741028302671e-05,-0.02694023920558292
2.850000023841858,68,-8.0789584655334347e-05,-4.8312252102321694e-06,0.99999999672485096,0.0015403346525173947,-0.99999881367346055,-4.5639455040368607e-06,2.216597572071561e-05,-0.025720832173228403
2.850000023841858,69,2.883815805722522e-05,1.0500040560789386e-05,0.99999999952905494,0.0029273266421681234,-0.99999571531602682,1.0407593928359993e-05,4.022772089511039e-05,-0.02491287746310647
2.850000023841858,72,3.3251711762768878e-07,1.1629333853490644e-06,0.99999999999926859,-0.00018050118544562415,-0.99999998370899301,1.1558679887308454e-06,-1.5524692181081156e-06,-0.0268185420807097
2.850000023841858,76,0.00011715950413884204,2.0116890374148862e-05,0.99999999293448061,0.0015598217642613179,-0.99999878328193981,1.9766226149108433e-05,2.281881498126428e-05,-0.025723941545113257
2.850000023841858,78,-0.00011466834153325537,1.5820639700392105e-05,0.99999999330043943,-0.0031351547616004917,-0.99999508527094727,1.5445764996670213e-05,1.6185562795731427e-05,-0.028319304951631923
2.850000023841858,80,0.00011493657599710654,-2.8375956955713685e-05,0.99999999299219422,-0.0031486800677422199,-0.99999504250269733,-2.7997490677933658e-05,-5.445035709232711e-06,-0.028317014890776156
2.850000023841858,83,3.1378473241074261e-05,2.3154991036615322e-06,0.99999999950501495,-0.0016028352124078866,-0.99999871545614094,2.3130360892027548e-06,-2.70107012136833e-05,-0.027776432616705135
2.850000023841858,85,-1.5371439324686635e-06,-5.896617377947039e-06,0.99999999998143341,-0.0025652129408565332,-0.99999670981847344,-5.8987996584730429e-06,3.0237209782239134e-07,-0.028129760149083975
2.850000023841858,88,-4.0637176222479342e-05,-1.1797020876897119e-05,0.99999999910472515,-0.0016101387115160025,-0.99999870365614085,-1.1805391417978211e-05,1.5945118688490873e-05,-0.027775430311895128
2.875,57,-0.00043362912082544686,-1.7079643366212417e-05,0.99999990583703124,0.0037382485861005388,-0.99999301260537032,-1.5425438876831472e-05,0.00010387405286600749,-0.024925192406218433
2.875,60,0.00018599854138071588,-5.3410614222537876e-06,0.99999998268800772,-0.00039000829700029622,-0.99999992393296011,-5.2537935356063692e-06,-7.814825641913858e-06,-0.02743411108683298
2.875,61,0.00050064359493522614,4.038393510196111e-05,0.99999987386255651,0.0037572622449644996,-0.99999294072548472,3.846582927339286e-05,5.753987131452505e-06,-0.024935376270466686
2.875,64,-0.00019485549194513344,5.9687849703953957e-06,0.99999998099785525,-0.00036959018518004615,-0.99999993168426338,5.8790725351430217e-06,-1.281441834532814e-05,-0.02743386739959036
2.875,68,-8.121954229948701e-05,-4.8433424061790955e-06,0.99999999668996398,0.0015445407869583011,-0.99999880718570455,-4.5744368938283682e-06,2.2263690014620545e-05,-0.026212790265058915
2.875,69,2.8936769789557681e-05,1.0518556124258028e-05,0.99999999952601171,0.002935158106821377,-0.99999569235982,1.0425564163998157e-05,4.0371889635054206e-05,-0.025402642344557646
2.875,72,3.420670945518518e-07,1.1776444147706356e-06,0.99999999999924816,-0.00017816095239640026,-0.99999998412865232,1.1705406202716742e-06,-1.536890425332328e-06,-0.027311500080274376
2.875,76,0.00011774839324211775,2.0160267272300097e-05,0.99999999286443975,0.001564072677293175,-0.99999877664141446,1.9807439792191887e-05,2.2937501462508752e-05,-0.026215909916824206
2.875,78,-0.00011342119948983806,1.5786839832721149e-05,0.99999999344320356,-0.0031182237869103184,-0.99999513820953301,1.5417900766479321e-05,1.575112361058042e-05,-0.028805231662578354
2.875,80,0.00011351353931262376,-2.8287925739635687e-05,0.99999999315723487,-0.0031317424431057525,-0.99999509569295797,-2.7915975355365507e-05,-5.311524777081929e-06,-0.028802969583620226
2.875,83,3.1819333663349088e-05,2.3005683230750378e-06,0.99999999949111873,-0.0015929874054913733,-0.99999873119211546,2.2989376181818516e-06,-2.6998295542654485e-05,-0.028266420741205375
2.875,85,-1.6207558316891606e-06,-5.8713706238262375e-06,0.99999999998145006,-0.0025508520219547711,-0.99999674655443804,-5.8737594730344897e-06,1.8271517171852134e-07,-0.028617191152167876
2.875,88,-4.1214463639437405e-05,-1.1739689701519206e-05,0.99999999908177395,-0.0016002407269462566,-0.99999871954496766,-1.1749069543534811e-05,1.5754809351568125e-05,-0.028265428299580286
2.899999976158142,57,-0.0004348157504265169,-1.7097836395961583e-05,0.9999999053214591,0.0037480447590045153,-0.99999297593645675,-1.5434812232973179e-05,0.00010420013560593619,-0.025413643100826423
2.899999976158142,60,0.0001859414251516489,-5.372864392256525e-06,0.99999998269845913,-0.00038955309740683428,-0.99999992411022043,-5.2856284464622571e-06,-7.795276860986127e-06,-0.027927735845306684
2.899999976158142,61,0.00050203130548368859,4.0441402410501461e-05,0.99999987316452255,0.0037670487943771091,-0.99999290390488604,3.8513035974358633e-05,5.769371280831811e-06,-0.025423863020988507
2.899999976158142,64,-0.00019479360593439128,6.026742233792504e-06,0.99999998100956444,-0.00036899366167909527,-0.9999999319042121,5.9370840729852062e-06,-1.2815653564393965e-05,-0.027927495476524077
2.899999976158142,68,-8.1643713988186829e-05,-4.8551790342130996e-06,0.99999999665536543,0.0015487347190097955,-0.99999880069915636,-4.5846625557681006e-06,2.236115291691048e-05,-0.026704753716977517
2.899999976158142,69,2.9033607193403211e-05,1.05365844314411e-05,0.9999999995230151,0.0029429545244830909,-0.99999566944542773,1.0443052396222814e-05,4.0513662261860745e-05,-0.025892415757148134
2.899999976158142,72,3.5165567482998142e-07,1.1921954535709024e-06,0.9999999999992274,-0.00017581551217256639,-0.9999999845437505,1.1850539314550102e-06,-1.52116637317283e-06,-0.02780445761235813
2.899999976158142,76,0.00011832912241966514,2.0202607747143827e-05,0.99999999279503671,0.0015683102652972387,-0.99999877000373516,1.984763647636512e-05,2.305355718374094e-05,-0.026707883491897025
2.899999976158142,78,-0.00011218076728565342,1.5752695754729519e-05,0.99999999358366398,-0.0031012047390011621,-0.99999519113460034,1.5389639726266418e-05,1.5316110078002334e-05,-0.029291144227790656
2.899999976158142,80,0.000112098720261559,-2.8199579318573709e-05,0.99999999331933032,-0.0031147161225221964,-0.99999514887260332,-2.7834081603207584e-05,-5.1751596757953194e-06,-0.029288909915683385
2.899999976158142,83,3.2254992721284022e-05,2.2856632405771484e-06,0.99999999947719564,-0.0015831089402379933,-0.99999874687964641,2.2848475724915433e-06,-2.698406860663637e-05,-0.028756398089383396
2.899999976158142,85,-1.7035679134438119e-06,-5.8461343091538124e-06,0.99999999998146016,-0.0025364225768449637,-0.99999678325797825,-5.8487252061830588e-06,6.413699978731946e-08,-0.02910460927120005
2.899999976158142,88,-4.1784912611308171e-05,-1.1682413328503588e-05,0.99999999905877113,-0.0015903121618316934,-0.99999873538445361,-1.1692779362577739e-05,1.5564817790374002e-05,-0.028755415426070765
2.925000011920929,57,-0.00043597816537944994,-1.7115309238497095e-05,0.99999990481504819,0.0037577893307498781,-0.99999293936549483,-1.5443557749743981e-05,0.00010451932772803814,-0.025902107081900744
2.925000011920929,60,0.00018587764425434893,-5.4041823825335432e-06,0.99999998271014812,-0.00038909547867875516,-0.99999992428821627,-5.3169825646331926e-06,-7.775072060077788e-06,-0.028421360575176097
2.925000011920929,61,0.00050339077211197965,4.0497111137476652e-05,0.99999987247884925,0.0037767829513843613,-0.99999286718644798,3.8558592325435491e-05,5.785310460410855e-06,-0.025912362571800115
2.925000011920929,64,-0.00019472458092242146,6.0839621716402932e-06,0.9999999810226613,-0.00036839661017861624,-0.99999993212400029,5.9943624217646256e-06,-1.2816599832561715e-05,-0.028421123469117304
2.925000011920929,68,-8.2061954216862548e-05,-4.8667383895884056e-06,0.99999999662107519,0.0015529167350883328,-0.99999879421352478,-4.5946259921594144e-06,2.2458354389983573e-05,-0.02719672262177871
2.925000011920929,69,2.9128652968013877e-05,1.05541373465774e-05,0.99999999952006591,0.0029507160936886397,-0.99999564657308448,1.0460070578719735e-05,4.0653019697179074e-05,-0.026382197772255575
2.925000011920929,72,3.6125279698556298e-07,1.2065819785434833e-06,0.99999999999920686,-0.00017346519746570409,-0.99999998495419329,1.1994033909957862e-06,-1.5053375404066531e-06,-0.02829741470655058
2.925000011920929,76,0.00011890148843893007,2.0243930227074564e-05,0.99999999272630979,0.0015725348313012006,-0.99999876336859461,1.9886834951033588e-05,2.3166917660626532e-05,-0.027199862364868273
2.925000011920929,78,-0.00011094769819838797,1.5718250650384055e-05,0.99999999372177228,-0.0030840942853899433,-0.99999524405192952,1.5361023398466528e-05,1.4880724624038256e-05,-0.029777042739298494
2.925000011920929,80,0.00011069281031473314,-2.8111008279096625e-05,0.99999999347843638,-0.0030975978078925217,-0.99999520204731607,-2.7751898241063749e-05,-5.036046117955503e-06,-0.02977483596520811
2.925000011920929,83,3.2685401097973468e-05,2.2707951129413644e-06,0.99999999946325413,-0.0015731992456664242,-0.99999876251872266,2.2707771223832169e-06,-2.6968244736464133e-05,-0.02924636452543452
2.925000011920929,85,-1.7855670073883934e-06,-5.8209306872811231e-06,0.99999999998146438,-0.0025219219811445943,-0.99999681993274636,-5.8237190853927661e-06,-5.33368807912189e-08,-0.029592014379513237
2.925000011920929,88,-4.2348476408006694e-05,-1.1625239938439524e-05,0.99999999903573022,-0.0015803524858869244,-0.99999875117452541,-1.163656898954495e-05,1.537536695460843e-05,-0.029245391549838223
2.949999988079071,57,-0.00043711651169631968,-1.7132090256726905e-05,0.99999990431781871,0.0037674825810322483,-0.99999290289293874,-1.5451703958666809e-05,0.0001048315178550664,-0.026390584358894152
2.949999988079071,60,0.00018580779304221891,-5.4350081575471497e-06,0.99999998272296209,-0.00038863619079173829,-0.99999992446665287,-5.3478482124837192e-06,-7.754147312031148e-06,-0.02891498530679376
2.949999988079071,61,0.00050472212416264532,4.0551120165526637e-05,0.99999987180558381,0.0037864650403105098,-0.99999283057047017,3.860255754011694e-05,5.801910772522676e-06,-0.026400874938917577
2.949999988079071,64,-0.00019464908727574124,6.1404254114465317e-06,0.99999998103701382,-0.00036779981155536803,-0.99999993234334039,6.0508877193726013e-06,-1.2817440018521935e-05,-0.02891475140479222
2.949999988079071,68,-8.2474114686903525e-05,-4.8780242932991649e-06,0.99999999658711258,0.0015570871336813249,-0.99999878772849427,-4.6043312117513419e-06,2.2555283654908982e-05,-0.027688697078250755
2.949999988079071,69,2.9221891084007024e-05,1.05712284349476e-05,0.99999999951716512,0.0029584430150362126,-0.99999562374300766,1.0476632360953468e-05,4.0789945041917625e-05,-0.026871988474699002
2.949999988079071,72,3.7082717339481154e-07,1.220799143243295e-06,0.99999999999918598,-0.00017111034585649484,-0.99999998535988843,1.2135841440710771e-06,-1.48944634420172e-06,-0.028790371388072968
2.949999988079071,76,0.00011946528493753202,2.0284255918739977e-05,0.99999999265829731,0.0015767466927287829,-0.99999875673565652,1.9925056721703384e-05,2.327751854769438e-05,-0.027691846636657694
2.949999988079071,78,-0.00010972271619669966,1.5683552441979178e-05,0.99999999385747584,-0.0030668890835318578,-0.99999529696707878,1.5332097856409545e-05,1.4445168989760382e-05,-0.030262927278915466
2.949999988079071,80,0.00010929657765040789,-2.8022312571224458e-05,0.99999999363450398,-0.003080384195102313,-0.99999525522254762,-2.7669523245684972e-05,-4.8942769391948965e-06,-0.030260747798864483
2.949999988079071,83,3.311050182169703e-05,2.2559763462438142e-06,0.99999999944930251,-0.0015632577641381199,-0.9999987781092885,2.2567385630074913e-06,-2.6951055491837054e-05,-0.029736319899551195
2.949999988079071,85,-1.8667375684217428e-06,-5.7957841945888807e-06,0.99999999998146205,-0.0025073475868436839,-0.99999685658228599,-5.7987655147688691e-06,-1.6967715078795188e-07,-0.030079406334123118
2.949999988079071,88,-4.2905098796607793e-05,-1.1568222510907325e-05,0.99999999901266434,-0.0015703611861163655,-0.9999987669150584,-1.1580491308916555e-05,1.5186689524362825e-05,-0.029735356514786697
2.975000023841858,57,-0.00043823098795936938,-1.7148212041182605e-05,0.99999990382976545,0.0037771248011233133,-0.99999286651918029,-1.5459283390968738e-05,0.0001051365747716332,-0.02687907495370114
2.975000023841858,60,0.00018573253562190724,-5.4653340503780643e-06,0.99999998273677748,-0.00038817600533968405,-0.99999992464522902,-5.3782172456786532e-06,-7.732409677804233e-06,-0.029408610064897298
2.975000023841858,61,0.00050602554797301647,4.0603497680207637e-05,0.99999987114474198,0.0037960954026409204,-0.99999279405716623,3.8644999883099208e-05,5.819307799728375e-06,-0.026889400152599233
2.975000023841858,64,-0.00019456787153119751,6.1961108119619256e-06,0.99999998105247567,-0.00036720407028301399,-0.99999993256193764,6.1066382974859856e-06,-1.2818397218679396e-05,-0.02940837930503386
2.975000023841858,68,-8.2880040956958046e-05,-4.8890412941962349e-06,0.99999999655349803,0.0015612462317697922,-0.99999878124371555,-4.6137829292418643e-06,2.2651929389455753e-05,-0.0281806771934068
2.975000023841858,69,2.9313306696807127e-05,1.0587873522351715e-05,0.99999999951431362,0.0029661354886969778,-0.99999560095540674,1.0492753647395505e-05,4.092442365022156e-05,-0.02736178796567171
2.975000023841858,72,3.8034534624231595e-07,1.2348416412443226e-06,0.99999999999916533,-0.00016875130452093668,-0.99999998576074511,1.2275908753531932e-06,-1.473538445132529e-06,-0.02928332767735714
2.975000023841858,76,0.00012002029776765199,2.0323609753093711e-05,0.99999999259103955,0.0015809461885995277,-0.99999875010454586,1.9962326994230006e-05,2.3385293794546953e-05,-0.028183836416924984
2.975000023841858,78,-0.00010850664081212227,1.5648655541151483e-05,0.99999999399071438,-0.0030495857241729651,-0.99999534988555405,1.5302915411243003e-05,1.400964598524179e-05,-0.030748797917132094
2.975000023841858,80,0.00010791089356172746,-2.7933605056066978e-05,0.99999999378747639,-0.00306307191887315,-0.99999530840368112,-2.7587067229822931e-05,-4.749930125193781e-06,-0.03074664547011199
2.975000023841858,83,3.3530228657147191e-05,2.2412209285756694e-06,0.99999999943535034,-0.0015532839460756333,-0.99999879365124877,2.2427457404802868e-06,-2.6932746478030277e-05,-0.030226264042151653
2.975000023841858,85,-1.9470611483713626e-06,-5.7707222942020125e-06,0.99999999998145384,-0.0024926966745920805,-0.9999968932101494,-5.7738919173373911e-06,-2.8484971424563715e-07,-0.030566784969189513
2.975000023841858,88,-4.3454712487314984e-05,-1.1511420654878088e-05,0.99999999898958769,-0.0015603377630548894,-0.99999878260588326,-1.1524605798554291e-05,1.4999034734885322e-05,-0.03022531014425989
3.0,57,-0.00043932186435657964,-1.7163713158232621e-05,0.99999990335084865,0.0037867162914567982,-0.99999283024455765,-1.5466334248177483e-05,0.00010543433716278109,-0.027367578902893597
3.0,60,0.00018565264035124755,-5.4951517263139163e-06,0.99999998275145008,-0.00038771573240643727,-0.99999992482362887,-5.4080807980881456e-06,-7.709726320438166e-06,-0.02990223486757145
3.0,61,0.00050730130657055934,4.0654325419624232e-05,0.99999987049629657,0.0038056743966540288,-0.99999275764666418,3.8686000837980688e-05,5.837679413626234e-06,-0.027377938260154062
3.0,64,-0.00019448179480592668,6.2509945435908158e-06,0.99999998106887811,-0.00036661023223399773,-0.99999993277948385,6.1615897417319876e-06,-1.2819751903048725e-05,-0.02990200718414409
3.0,68,-8.3279567158916769e-05,-4.8997949203226284e-06,0.99999999652025284,0.0015653943747984355,-0.99999877475878896,-4.6229868117825332e-06,2.274827985199523e-05,-0.028672663085966714
3.0,69,2.9402886013389037e-05,1.0604091790099629e-05,0.99999999951151175,0.00297379370969345,-0.99999557821049623,1.0508453692321335e-05,4.105644333970085e-05,-0.02785159636737678
3.0,72,3.8977021558794628e-07,1.2487034735746068e-06,0.99999999999914446,-0.00016638843733248355,-0.9999999861566734,1.2414175760620258e-06,-1.4576647962509647e-06,-0.029776283589164263
3.0,76,0.00012056629791617382,2.036202204839481e-05,0.99999999252457794,0.0015851336910209467,-0.99999874347482787,1.9998676333838517e-05,2.3490173038485156e-05,-0.028675831827771506
3.0,78,-0.00010730042866994202,1.5613623770189636e-05,0.99999999412141649,-0.0030321806459937379,-0.99999540281305754,1.5273537423110308e-05,1.3574361925942479e-05,-0.031234654710855136
3.0,80,0.00010653677661293531,-2.7845017357831713e-05,0.99999999393728511,-0.0030456574698543818,-0.99999536159627755,-2.7504659175811835e-05,-4.603064932917799e-06,-0.031232529016075428
3.0,83,3.3944503237962626e-05,2.2265451423654247e-06,0.9999999994214066,-0.0015432772427325543,-0.99999880914448325,2.2288147523575223e-06,-2.69135876563185e-05,-0.030716196754507704
3.0,85,-2.0265154792559275e-06,-5.7457768634804461e-06,0.99999999998143962,-0.0024779663808123086,-0.99999692982006849,-5.7491301199729895e-06,-3.9881398181209e-07,-0.03105415008547954
3.0,88,-4.3997236292828734e-05,-1.1454903659301638e-05,0.99999999896651426,-0.0015502817261000893,-0.99999879824679405,-1.1468981567533611e-05,1.4812678858635038e-05,-0.030715252231302552
3.025000000372529,57,-0.00044091479183459669,-1.7185912138945964e-05,0.99999990264939065,0.0038010091016769734,-0.99999277601905778,-1.5476028563879637e-05,0.00010586681511051923,-0.028100360593763373
3.025000000372529,60,0.00018552621551540653,-5.538903979654591e-06,0.99999998277467173,-0.00038702711349856023,-0.99999992509014224,-5.4519056048109814e-06,-7.673361401211923e-06,-0.03064267221339152
3.025000000372529,61,0.00050916393513026118,4.0727895930085456e-05,0.99999986954665432,0.0038199474238012473,-0.99999270322362943,3.8745032595271116e-05,5.867622507428684e-06,-0.02811077035256258
3.025000000372529,64,-0.00019434592755788557,6.3317536748711001e-06,0.9999999810947845,-0.00036572508975885786,-0.9999999331030931,6.242453669638692e-06,-1.2823519093909977e-05,-0.030642449008375535
3.025000000372529,68,-8.3866438106875525e-05,-4.9154485667917892e-06,0.99999999647112947,0.0015715969366217252,-0.99999876503002394,-4.6363451931380341e-06,2.2892170718485874e-05,-0.02941065332152712
3.025000000372529,69,2.9533783723329801e-05,1.0627673850526302e-05,0.99999999950740415,0.0029852172293065929,-0.99999554417366587,1.0531269020677906e-05,4.1249837173045884e-05,-0.02858632658951614
3.025000000372529,72,4.0363486634973407e-07,1.2691415132120968e-06,0.99999999999911315,-0.00016283783857776795,-0.99999998674112289,1.2618040836081199e-06,-1.4340650926667915e-06,-0.030515716928586616
3.025000000372529,76,0.00012136782419756605,2.0417963463983082e-05,0.99999999242647897,0.0015913934213250297,-0.99999873353165492,2.0051562404242868e-05,2.364192243331581e-05,-0.029413836073123648
3.025000000372529,78,-0.00010551225265304213,1.5561005525342234e-05,0.99999999431250974,-0.0030058737604344325,-0.99999548223529766,1.52292792190809e-05,1.292190311214556e-05,-0.03196341376108007
3.025000000372529,80,0.00010450011270877247,-2.7712728908423574e-05,0.99999999415586571,-0.0030193358226802505,-0.99999544142033148,-2.7381498075934115e-05,-4.377673576779897e-06,-0.03196132761547316
3.025000000372529,83,3.4555474157288564e-05,2.204727610724238e-06,0.99999999940052919,-0.0015282043188808198,-0.99999883229266029,2.2080804723489712e-06,-2.68840608851442e-05,-0.031451074108105125
3.025000000372529,85,-2.1440040506131661e-06,-5.7086646535628353e-06,0.99999999998140721,-0.0024557151527107627,-0.99999698471068332,-5.712284454495804e-06,-5.673906033632018e-07,-0.03178517171193502
3.025000000372529,88,-4.4797499475089813e-05,-1.1370854799827231e-05,0.9999999989319438,-0.00153513547063709,-0.99999882161402609,-1.1386227055033974e-05,1.4536384843552475e-05,-0.03145014341275885
3.050000000745058,57,-0.00044245765651963081,-1.7207072764211123e-05,0.9999999019675645,0.0038151894523907001,-0.99999272201834599,-1.5484883380549723e-05,0.00010628123890427141,-0.028833172777713717
3.050000000745058,60,0.00018539621935460026,-5.5814474113948077e-06,0.99999998279854463,-0.0003863439365905339,-0.99999992535408377,-5.4945234119541148e-06,-7.633253107162197e-06,-0.03138310965590956
3.050000000745058,61,0.00051096739520137149,4.0798751588991677e-05,0.99999986862388268,0.0038341070690446856,-0.99999264903169149,3.8801585150170868e-05,5.9017242503637145e-06,-0.028843632017616496
3.050000000745058,64,-0.00019420678035998997,6.4105083263547719e-06,0.99999998112131572,-0.00036485014990389242,-0.99999993342220228,6.3213140823047489e-06,-1.2831074137491545e-05,-0.031382890748011316
3.050000000745058,68,-8.4437627131401597e-05,-4.930563622018967e-06,0.99999999642298842,0.0015777775000875769,-0.99999875529749804,-4.6492002716187086e-06,2.303532493002056e-05,-0.030148657491170357
3.050000000745058,69,2.9660477757508455e-05,1.0650479487155843e-05,0.99999999950341156,0.0029965645325510247,-0.99999551023473587,1.0553320814010694e-05,4.143766254367068e-05,-0.029321077955152004
3.050000000745058,72,4.169801652242176e-07,1.2891222609471981e-06,0.99999999999908207,-0.00015928113844277024,-0.99999998731393791,1.2817346495876371e-06,-1.4109713739603238e-06,-0.03125514941150489
3.050000000745058,76,0.00012214731403544738,2.0472079827263743e-05,0.99999999233046388,0.0015976290714179772,-0.99999872358780173,2.0102670756371976e-05,2.3786607466505814e-05,-0.030151853957720277
3.050000000745058,78,-0.00010375486252310271,1.5508664511116717e-05,0.99999999449720489,-0.0029793129949207517,-0.99999556172189585,1.5185139241311396e-05,1.2271270721509922e-05,-0.032692141752941176
3.050000000745058,80,0.00010249863868189293,-2.7581896165248152e-05,0.999999994366634,-0.0029927597532024876,-0.99999552131295744,-2.7259606797451171e-05,-4.146571591388631e-06,-0.03269009434692575
3.050000000745058,83,3.5153478405063828e-05,2.1832354313377823e-06,0.99999999937973316,-0.0015130540624610288,-0.99999885533065402,2.1876294725132594e-06,-2.685480689581019e-05,-0.032185923943508235
3.050000000745058,85,-2.2593305823722522e-06,-5.67209938191952e-06,0.99999999998136124,-0.0024332647763017565,-0.99999703959077391,-5.6759747100265497e-06,-7.328770347651343e-07,-0.03251616103308615
3.050000000745058,88,-4.5581072981256654e-05,-1.1288067338017228e-05,0.99999999889747271,-0.0015199130117237386,-0.99999884486765334,-1.1304678770774659e-05,1.4265273407891397e-05,-0.032185006749528004
3.0750000029802322,57,-0.00044395740866039375,-1.7227917415774374e-05,0.99999990130250427,0.0038292578288822931,-0.99999266824533695,-1.549359536076092e-05,0.00010667394975842502,-0.029566016291630835
3.0750000029802322,60,0.00018527610865862895,-5.6226713650684282e-06,0.99999998282057445,-0.00038567374237609875,-0.99999992561255679,-5.5358159876449564e-06,-7.585505779927938e-06,-0.03212354686528988
3.0750000029802322,61,0.00051271887553009429,4.0868473086448985e-05,0.99999986772455252,0.0038481548111848171,-0.99999259506991667,3.8857212171124932e-05,5.944552273610281e-06,-0.029576524354480993
3.0750000029802322,64,-0.00019407932491105357,6.4868901837431496e-06,0.99999998114556776,-0.00036399343105225689,-0.99999993373392304,6.3977944332034975e-06,-1.2848768608946338e-05,-0.032123332009223085
3.0750000029802322,68,-8.4990944537318271e-05,-4.9452536957004693e-06,0.99999999637604187,0.001583940211179542,-0.9999987455550513,-4.6616645675874822e-06,2.3177649083189915e-05,-0.03088667702624403
3.0750000029802322,69,2.9782904651793256e-05,1.067288992378376e-05,0.99999999949953389,0.0030078349387754112,-0.99999547639834396,1.0574990377401273e-05,4.161996170666037e-05,-0.03005585232401677
3.0750000029802322,72,4.2922695214364111e-07,1.3085520531647012e-06,0.99999999999905176,-0.00015572159321776803,-0.99999998787454614,1.3011154745298733e-06,-1.3891911753672197e-06,-0.03199458074449603
3.0750000029802322,76,0.00012290177863577182,2.0524983891576815e-05,0.99999999223693881,0.0016038453129352927,-0.99999871363621462,2.0152613722456535e-05,2.3923277202098547e-05,-0.03088988699229756
3.0750000029802322,78,-0.00010204495545325291,1.5457747973585163e-05,0.99999999467394241,-0.0029524631179324878,-0.99999564135662644,1.5142219221716824e-05,1.1623750036980176e-05,-0.03342083795064075
3.0750000029802322,80,0.00010055015319189032,-2.7454846127806429e-05,0.99999999456794897,-0.0029658949802749386,-0.99999560135548493,-2.7141263285389136e-05,-3.90846030077677e-06,-0.03341882812408633
3.0750000029802322,83,3.5737223715091205e-05,2.1623536295295926e-06,0.99999999935908768,-0.0014978230874509097,-0.99999887826002076,2.1677419524345386e-06,-2.6829646751662005e-05,-0.03292074267862016
3.0750000029802322,85,-2.3720990520346149e-06,-5.6366364710117901e-06,0.99999999998130085,-0.0024105852558514327,-0.99999709451923224,-5.6407552105741598e-06,-8.945553270431695e-07,-0.033247114108273156
3.0750000029802322,88,-4.6346601126817479e-05,-1.1207751509483642e-05,0.99999999886318935,-0.0015046119691542294,-0.99999886800776405,-1.1225541717890516e-05,1.4003303357522079e-05,-0.03291983851319882
3.100000001490116,57,-0.00044541204523085244,-1.7248262089358959e-05,0.99999990065529876,0.0038432160199604482,-0.9999926146978847,-1.5501990134388663e-05,0.00010704583569558155,-0.030298891229035937
3.100000001490116,60,0.00018516250793712118,-5.6625962719243107e-06,0.99999998284139024,-0.00038501665517220302,-0.99999992586553998,-5.5758051207087336e-06,-7.531123904478334e-06,-0.03286398400996629
3.100000001490116,61,0.00051441627996944689,4.0936647248344204e-05,0.99999986685003206,0.0038620922081572568,-0.99999254133701931,3.8911511008052443e-05,5.9949270976760826e-06,-0.0303094473784834
3.100000001490116,64,-0.00019395978827534276,6.560977227326023e-06,0.99999998116827682,-0.00036315496396867238,-0.99999993403829057,6.4719741743021754e-06,-1.287497747173321e-05,-0.0328637729746914
3.100000001490116,68,-8.5526852276664899e-05,-4.9594882802781863e-06,0.99999999633028047,0.0015900847754326164,-0.99999873580348242,-4.673708501799423e-06,2.3319228098598686e-05,-0.03162471188841201
3.100000001490116,69,2.9901062727967993e-05,1.0694803390760728e-05,0.99999999949577389,0.0030190301767611147,-0.9999954426618719,1.0596176146299293e-05,4.179669751359254e-05,-0.03079064965676214
3.100000001490116,72,4.4052416337844235e-07,1.3274510396289759e-06,0.99999999999902189,-0.00015215933268794687,-0.9999999884228975,1.3199667339955553e-06,-1.3685216110173117e-06,-0.032734011091490094
3.100000001490116,76,0.00012363185234129907,2.0576510181595928e-05,0.99999999214588609,0.001610041707464163,-0.99999870367796506,2.020122683482623e-05,2.405207013608644e-05,-0.03162793511458674
3.100000001490116,78,-0.00010037863082883442,1.5407979928631099e-05,0.99999999484336233,-0.0029253253648023228,-0.99999572111259172,1.5100257118597365e-05,1.0979742752579445e-05,-0.03414950303968467
3.100000001490116,80,9.8650537877894608e-05,-2.7331000753332096e-05,0.99999999476054391,-0.0029387425548470032,-0.99999568152157381,-2.7025904408899364e-05,-3.664314903947114e-06,-0.034147529724156696
3.100000001490116,83,3.6306923838697173e-05,2.1420168518831358e-06,0.99999999933860939,-0.0014825105923805572,-0.99999890107826028,2.1483544157472194e-06,-2.680800963258929e-05,-0.033655531146139304
3.100000001490116,85,-2.4823849889948617e-06,-5.6021347472932183e-06,0.99999999998122691,-0.0023876784683243214,-0.99999714947598672,-5.6064851052746582e-06,-1.0525761178888098e-06,-0.03397803192446759
3.100000001490116,88,-4.7094280774788124e-05,-1.1129610599749234e-05,0.99999999882913015,-0.0014892313017314963,-0.99999889103230533,-1.1148521263424661e-05,1.3749912775995675e-05,-0.03365463957586709
3.125,57,-0.00044680839599581463,-1.7266807822552687e-05,0.9999999000320523,0.0038570672271270676,-0.99999256136827419,-1.5508823322178532e-05,0.00010740375435219474,-0.031031796571007575
3.125,60,0.00018503143360404262,-5.701398749647393e-06,0.99999998286543113,-0.00038436349631936476,-0.99999992611658628,-5.6146798038636851e-06,-7.4775476537150855e-06,-0.033604421949786904
3.125,61,0.00051604590757187185,4.1000410278207364e-05,0.9999998660077849,0.0038759207079257416,-0.99999248783211037,3.8961676221393993e-05,6.0441684249367425e-06,-0.03104239957071563
3.125,64,-0.00019382151540363752,6.6333967811524879e-06,0.99999998119460909,-0.00036232481252665091,-0.99999993433894763,6.5444940199886774e-06,-1.2897905261698403e-05,-0.03360421461772063
3.125,68,-8.604899007688464e-05,-4.9730580449086145e-06,0.99999999628542013,0.0015962052545634817,-0.99999872605260598,-4.6851263765319615e-06,2.3460209946211233e-05,-0.03236276015396114
3.125,69,3.0015011601894626e-05,1.0715524866719301e-05,0.99999999949213825,0.0030301547516836777,-0.99999540901420025,1.0616183509883921e-05,4.1967711800795504e-05,-0.03152546739114932
3.125,72,4.5189009415501071e-07,1.3459794182129295e-06,0.99999999999899214,-0.00014859058258820374,-0.99999998895952369,1.3384488455378996e-06,-1.3475387643022366e-06,-0.0334734412109209
3.125,76,0.00012434250134529489,2.0625537054084025e-05,0.99999999205676482,0.0016162113657737097,-0.99999869372457884,2.0247391480372395e-05,2.4174572943607254e-05,-0.03236599625127755
3.125,78,-9.8726636227460164e-05,1.5357312936199034e-05,0.99999999500860215,-0.0028979469130109899,-0.9999958008296671,1.5057289455221378e-05,1.0338455916120183e-05,-0.03487813927006428
3.125,80,9.676866126691272e-05,-2.7206250686258288e-05,0.9999999949478231,-0.0029113479057157579,-0.99999576165564319,-2.6909511254474702e-05,-3.417829406427136e-06,-0.034876202024030425
3.125,83,3.6864700270163652e-05,2.1217189084801605e-06,0.99999999931824612,-0.0014671191233436404,-0.99999892377789368,2.1289704151675044e-06,-2.6783662920499678e-05,-0.03439029564951978
3.125,85,-2.5908499805307909e-06,-5.5676218206891636e-06,0.99999999998114453,-0.0023645862045736056,-0.99999720434660799,-5.5721940477806212e-06,-1.2081715888489002e-06,-0.03470892158785768
3.125,88,-4.7826268534564911e-05,-1.1051513469735631e-05,0.99999999879525603,-0.0014737717931973141,-0.999998913936472,-1.1071496970085336e-05,1.34986950903159e-05,-0.03438941650052991
3.1500000059604645,57,-0.0004481461588586758,-1.72835515212451e-05,0.99999989943314449,0.0038708129888371042,-0.99999250825499608,-1.5514095226394167e-05,0.00010774796776435858,-0.03176473253788804
3.1500000059604645,60,0.00018488292294675611,-5.7390711508300681e-06,0.99999998289268366,-0.0003837157116676021,-0.99999992636514867,-5.6524320020897077e-06,-7.425104816854319e-06,-0.03434486077409922
3.1500000059604645,61,0.00051760741055183732,4.1059746576664613e-05,0.99999986519832385,0.0038896418599797459,-0.99999243455368236,3.9007696152918997e-05,6.0919309375338145e-06,-0.03177538113884448
3.1500000059604645,64,-0.00019366455374229886,6.704136313541425e-06,0.99999998122454747,-0.00036150445630805266,-0.99999993463538062,6.6153409974647301e-06,-1.2917239317976755e-05,-0.034344657026879624
3.1500000059604645,68,-8.6557245076769634e-05,-4.9859607386503501e-06,0.99999999624149183,0.0016023021413972391,-0.99999871630207415,-4.6959165783160441e-06,2.3600515585660582e-05,-0.033100822052876365
3.1500000059604645,69,3.0124727830644107e-05,1.0735048809671165e-05,0.99999999948862994,0.0030412098875253085,-0.99999537545396522,1.0635007133387918e-05,4.213296936222404e-05,-0.03226030583183315
3.1500000059604645,72,4.6331823388837312e-07,1.3641341426550357e-06,0.99999999999896227,-0.00014501604470213667,-0.99999998948425317,1.3565587556125671e-06,-1.326251275648843e-06,-0.03421287117004708
3.1500000059604645,76,0.00012503357019408575,2.0672053869558463e-05,0.99999999196963629,0.0016223547734316767,-0.99999868377576406,2.0291097876303873e-05,2.429080847888975e-05,-0.03310407062900926
3.1500000059604645,78,-9.7089202192010468e-05,1.5305751922568538e-05,0.9999999951697105,-0.0028703230038562679,-0.99999588050174182,1.5013320938265386e-05,9.700405819971139e-06,-0.03560674683276168
3.1500000059604645,80,9.4904785442162222e-05,-2.7080613026612564e-05,0.99999999512986126,-0.0028837062733246882,-0.99999584175151057,-2.6792100703250043e-05,-3.1694677143256023e-06,-0.03560484521237895
3.1500000059604645,83,3.7410479070666359e-05,2.1014624817485525e-06,0.99999999929801997,-0.0014516476381238883,-0.99999894635678699,2.1095928864108283e-06,-2.675666197724977e-05,-0.03512503613754506
3.1500000059604645,85,-2.6974790640834428e-06,-5.5331032371683726e-06,0.99999999998105427,-0.0023413049010302957,-0.99999725912658988,-5.537887602676884e-06,-1.3613217657362595e-06,-0.035439783104991573
3.1500000059604645,88,-4.8542467241769218e-05,-1.0973471608323037e-05,0.99999999876160584,-0.0014582324127903879,-0.99999893671811058,-1.0994480664563117e-05,1.3249732545161756e-05,-0.035124169235151756
3.1749999970197678,57,-0.00044943436871507287,-1.7299195885109777e-05,0.99999989885473783,0.0038844577485861427,-0.99999245534512726,-1.5518472688330866e-05,0.00010807595612641706,-0.03249769872240365
3.1749999970197678,60,0.00018472921338396755,-5.7755963799844623e-06,0.99999998292087988,-0.00038307847677520365,-0.99999992660925496,-5.6890381863320643e-06,-7.370451946708741e-06,-0.03508530035576407
3.1749999970197678,61,0.00051911054834295073,4.1116203019677686e-05,0.99999986441683897,0.0039032610495077077,-0.99999238148507541,3.9051078301966591e-05,6.142310222327206e-06,-0.032508391959448345
3.1749999970197678,64,-0.00019350256480648887,6.7730170039904722e-06,0.99999998125544154,-0.00036069919816550215,-0.99999993492570205,6.6843293473676432e-06,-1.293858960671107e-05,-0.03508510003731878
3.1749999970197678,68,-8.7050565429581454e-05,-4.9983331425353488e-06,0.9999999961986078,0.0016083778119415826,-0.99999870654849632,-4.7062125693136937e-06,2.3740323350705955e-05,-0.03383889809117744
3.1749999970197678,69,3.0230388079745013e-05,1.0753753175398545e-05,0.99999999948524021,0.0030521968701725456,-0.99999534197954065,1.0653024219024843e-05,4.2292814188423856e-05,-0.03299516546987792
3.1749999970197678,72,4.7428202099707017e-07,1.3818655923301933e-06,0.99999999999893274,-0.00014143812943060845,-0.99999998999668349,1.3742466709992869e-06,-1.305391384060694e-06,-0.03495230094686439
3.1749999970197678,76,0.00012570362443047875,2.0716714171130514e-05,0.99999999188470823,0.0016284749148911862,-0.99999867382713103,2.0332996086428259e-05,2.4400081687923587e-05,-0.033842158843163876
3.1749999970197678,78,-9.5478389990524219e-05,1.5254254874080288e-05,0.99999999532559247,-0.0028424348219876897,-0.99999596016194148,1.4969276178265135e-05,9.0662933390748e-06,-0.03633532589054375
3.1749999970197678,80,9.3071487804249756e-05,-2.6956043957051795e-05,0.99999999530553485,-0.0028557995552912232,-0.99999592184034058,-2.6675593871791297e-05,-2.9183461931924406e-06,-0.036333459188716076
3.1749999970197678,83,3.7944237954714656e-05,2.0814637088702031e-06,0.99999999927795113,-0.0014360930815698553,-0.99999896881561379,2.0904352868829177e-06,-2.6730859253646255e-05,-0.03585975050001203
3.1749999970197678,85,-2.8021325168971922e-06,-5.4990458728733602e-06,0.99999999998095424,-0.0023178165616325351,-0.99999731384443846,-5.5040322183563746e-06,-1.5116797175272393e-06,-0.036170613878275616
3.1749999970197678,88,-4.9243139581555836e-05,-1.0896464235443339e-05,0.99999999872819012,-0.0014426108900269113,-0.99999895937676231,-1.0918449075155962e-05,1.300653777210575e-05,-0.03585889555437348
3.2000000029802322,57,-0.00045073970037532574,-1.7318725257832258e-05,0.99999989826688696,0.0038980238524274533,-0.99999240255562383,-1.5526660726441228e-05,0.00010836785170316818,-0.03323069064883774
3.2000000029802322,60,0.00018465718695577504,-5.8109507929961372e-06,0.99999998293397796,-0.00038248002327548043,-0.99999992683812877,-5.7244311998143485e-06,-7.287520892723484e-06,-0.03582573923258033
3.2000000029802322,61,0.00052062741191211755,4.118091633645319e-05,0.99999986362560578,0.0039168071992034632,-0.99999232851674769,3.9102651701487818e-05,6.227033644230044e-06,-0.03324142968950643
3.2000000029802322,64,-0.00019343223983033848,6.8388367855663758e-06,0.99999998126859946,-0.00035993761863199286,-0.99999993519967056,6.7502104439205326e-06,-1.300400110866023e-05,-0.03582554187661902
3.2000000029802322,68,-8.7522324432362424e-05,-5.0111630812132471e-06,0.99999999615736568,0.0016144462235832774,-0.99999869676972142,-4.7169740907224748e-06,2.388166964121072e-05,-0.03457699038325981
3.2000000029802322,69,3.0333402660905675e-05,1.0774387488337558e-05,0.99999999948189855,0.003063117393264004,-0.99999530858795671,1.067297763990984e-05,4.2449951098163876e-05,-0.03373004772684814
3.2000000029802322,72,4.8113545041617142e-07,1.3988349661408064e-06,0.99999999999890599,-0.00013786975696783956,-0.99999999049499733,1.3911726108299071e-06,-1.2900976583155404e-06,-0.03569173000971455
3.2000000029802322,76,0.00012634370206306245,2.0764245237917433e-05,0.99999999180305754,0.001634590014843519,-0.99999866384922209,2.037778275561113e-05,2.449710628993083e-05,-0.034580263658778906
3.2000000029802322,78,-9.3978053479207676e-05,1.5209778373608097e-05,0.99999999546839391,-0.0028141758977582704,-0.99999604008768728,1.4931880588892754e-05,8.438129401708798e-06,-0.03706387686677843
3.2000000029802322,80,9.1356126422599126e-05,-2.6846079900311018e-05,0.99999999546667306,-0.0028275275284732294,-0.9999960021829768,-2.657328382552351e-05,-2.6555747852824223e-06,-0.03706204255244944
3.2000000029802322,83,3.8466302423038042e-05,2.0633162033850678e-06,0.99999999925804306,-0.0014204396955226173,-0.99999899117287805,2.0730710294955045e-06,-2.6733764675523036e-05,-0.03659442412932175
3.2000000029802322,85,-2.9039895123045517e-06,-5.4685561877633012e-06,0.99999999998083089,-0.0022940141578676513,-0.99999736873107914,-5.473731323461926e-06,-1.6569366148958752e-06,-0.036901395488309084
3.2000000029802322,88,-4.9931082985541351e-05,-1.0827262324105802e-05,0.9999999986948287,-0.0014268969455446391,-0.99999898192317227,-1.0850154175465464e-05,1.2793926080834088e-05,-0.03659358009688428
3.2249999940395355,57,-0.00045202476280795469,-1.7339319561297977e-05,0.99999989768647557,0.0039115023209714325,-0.99999234992485109,-1.5535995763340916e-05,0.00010863470850731737,-0.03396371151711317
3.2249999940395355,60,0.00018461760347711128,-5.8451582721339843e-06,0.99999998294108716,-0.00038190708691749123,-0.99999992705690477,-5.7586588871134771e-06,-7.190909853686456e-06,-0.03656617826575675
3.2249999940395355,61,0.00052211761193035828,4.124759788939383e-05,0.99999986284590814,0.0039302676110288858,-0.99999227570181259,3.9156300183261673e-05,6.328451984256319e-06,-0.03397449632787384
3.2249999940395355,64,-0.00019339872109703848,6.9022815129679891e-06,0.9999999812746464,-0.00035920619207494486,-0.99999993546224053,6.8136958260660834e-06,-1.308979090858808e-05,-0.0365659835758577
3.2249999940395355,68,-8.7976406258540724e-05,-5.0238940386919853e-06,0.99999999611745616,0.0016205006618577539,-0.99999868697676497,-4.7276604442313304e-06,2.402362280112248e-05,-0.035315098235806516
3.2249999940395355,69,3.0433007048941595e-05,1.0795401162328382e-05,0.99999999947864582,0.0030739733069273852,-0.99999527527571896,1.0693320573660703e-05,4.260289707248658e-05,-0.03446495257871265
3.2249999940395355,72,4.8596710419043035e-07,1.4152352598395027e-06,0.99999999999888056,-0.00013430495155435456,-0.9999999909800994,1.4075302277481187e-06,-1.277440773865106e-06,-0.03643115869324081
3.2249999940395355,76,0.00012695907987933592,2.0811979200299608e-05,0.99999999172412668,0.0016406909388930187,-0.99999865385716991,2.0422807318910452e-05,2.4584733267358847e-05,-0.03531838401375632
3.2249999940395355,78,-9.2540633272920287e-05,1.5168408155427092e-05,0.99999999560307529,-0.0027855978764325879,-0.99999612010374295,1.4897359007298561e-05,7.815708114025674e-06,-0.03779239996674869
3.2249999940395355,80,8.9709196655023881e-05,-2.6743009222703179e-05,0.99999999561853581,-0.0027989384895161372,-0.99999608261346118,-2.6477605245628874e-05,-2.387119058212732e-06,-0.03779059656368568
3.2249999940395355,83,3.897648692437969e-05,2.0461279450195553e-06,0.99999999923832339,-0.0014046945656276662,-0.99999901341398711,2.0566208643813196e-06,-2.6750397820868946e-05,-0.03732906501926787
3.2249999940395355,85,-3.0035111376987321e-06,-5.4398459089807982e-06,0.99999999998069344,-0.0022699519998689286,-0.99999742364081512,-5.4451984885789466e-06,-1.7984004319112975e-06,-0.03763213809656711
3.2249999940395355,88,-5.0604731245353222e-05,-1.0762008929866535e-05,0.99999999866167022,-0.0014110945640561298,-0.99999900434740363,-1.0785751294824991e-05,1.2598439219145966e-05,-0.037328231297615255
3.25,57,-0.00045327179066168683,-1.7359673159325124e-05,0.9999998971216576,0.0039248899688498146,-0.99999229746887441,-1.5545247571396358e-05,0.00010888173636091451,-0.034696763112445905
3.25,60,0.00018458776481702601,-5.8782139286649281e-06,0.99999998294640169,-0.00038135451434338563,-0.99999992726759257,-5.7917271721867376e-06,-7.087562653039842e-06,-0.03730661789284801
3.25,61,0.00052356191827341333,4.1313320578064287e-05,0.99999986208805403,0.0039436373903489691,-0.99999222306314628,3.9209179932379004e-05,6.438170264585756e-06,-0.03470759309052573
3.25,64,-0.00019337674847906707,6.9636477828680551e-06,0.99999998127847023,-0.00035849971980186571,-0.99999993571534007,6.8750936412459527e-06,-1.3184841887599261e-05,-0.03730642565269056
3.25,68,-8.8414423990489295e-05,-5.036264718641794e-06,0.99999999607876289,0.0016265384626861937,-0.99999867717421531,-4.7380182397851097e-06,2.416561810278353e-05,-0.03605322154062909
3.25,69,3.0528807902556673e-05,1.0816069530772595e-05,0.99999999947550211,0.0030847663073074469,-0.9999952420397078,1.0713330281563623e-05,4.2750910242529675e-05,-0.03519988035581123
3.25,72,4.8972801086293833e-07,1.4311511729832327e-06,0.99999999999885603,-0.00013074140996843249,-0.99999999145232876,1.4234045247565411e-06,-1.2660804084974276e-06,-0.037170587146815495
3.25,76,0.0001275519385301046,2.0858667867989129e-05,0.99999999164770947,0.0016467738980354921,-0.99999864385749926,2.0466830381730167e-05,2.466432421426995e-05,-0.036056519626487545
3.25,78,-9.1144576851871791e-05,1.5128333380942091e-05,0.99999999573189979,-0.0027567214824276336,-0.99999620012564583,1.4863963835095308e-05,7.199224181637654e-06,-0.0385208951612194
3.25,80,8.8108297162499595e-05,-2.6643316316166211e-05,0.99999999576353082,-0.0027700515351650858,-0.99999616305179817,-2.6385109019842435e-05,-2.115936739697589e-06,-0.038519121671830366
3.25,83,3.9474579116252696e-05,2.0294867306879946e-06,0.99999999921881932,-0.0013888604529089486,-0.99999903553077396,2.0406784871346446e-06,-2.677376333756386e-05,-0.038063676662999174
3.25,85,-3.1008804084515138e-06,-5.4121099879964802e-06,0.99999999998054678,-0.0022456528131489699,-0.999997478503867,-5.4176294849627684e-06,-1.936640446483231e-06,-0.03836284622384858
3.25,88,-5.1263175854893642e-05,-1.0698949825063756e-05,0.99999999862880962,-0.0013952050952327538,-0.99999902664340068,-1.072349186134967e-05,1.241383751231227e-05,-0.038062852846568206
3.2750000059604645,57,-0.00045447067050428079,-1.7379084366917529e-05,0.99999989657718302,0.0039381859466652014,-0.99999224519469643,-1.5553758233322972e-05,0.00010911170900991556,-0.03542984673788113
3.2750000059604645,60,0.00018455568159534129,-5.910096104298346e-06,0.99999998295213544,-0.00038082064083300968,-0.99999992747085975,-5.8236198584292249e-06,-6.9813177515149385e-06,-0.03804705837489587
3.2750000059604645,61,0.00052494931422179716,4.1376502759967465e-05,0.99999986135809171,0.0039569147819723798,-0.99999217061139012,3.9259757924688313e-05,6.551530479584212e-06,-0.03544072096283001
3.2750000059604645,64,-0.00019335298327171285,7.0230591704924705e-06,0.99999998128265011,-0.00035781658688087832,-0.99999993595959913,6.9345332744498241e-06,-1.3283119513480377e-05,-0.03804686840717326
3.2750000059604645,68,-8.883698310007452e-05,-5.0481296924962043e-06,0.99999999604125345,0.0016325587341841693,-0.99999866736383036,-4.7479069699375656e-06,2.430719989492187e-05,-0.03679136047839446
3.2750000059604645,69,3.0620536300841791e-05,1.0835998928640674e-05,0.99999999947248186,0.0030954981019858632,-0.99999520887667848,1.0732614370213091e-05,4.289351626426396e-05,-0.03593483161866925
3.2750000059604645,72,4.9291289141118499e-07,1.4466199083695044e-06,0.99999999999883227,-0.00012717838666725868,-0.99999999191179378,1.4388328711490581e-06,-1.2553181367996167e-06,-0.03791001541934567
3.2750000059604645,76,0.00012812308779419252,2.0903625973423591e-05,0.99999999157375641,0.0016528373769550454,-0.99999863385305654,2.0509172325733611e-05,2.4736635263453354e-05,-0.03679467058065428
3.2750000059604645,78,-8.9779069994417105e-05,1.5088609959697277e-05,0.99999999585602628,-0.0027275539704860225,-0.99999628010777419,1.4830783052771671e-05,6.58908595112782e-06,-0.039249362198581654
3.2750000059604645,80,8.6542252705712109e-05,-2.6545173084274382e-05,0.99999999590289612,-0.0027408730788552587,-0.99999624345463978,-2.6294000641811039e-05,-1.843758098245277e-06,-0.03924761786834925
3.2750000059604645,83,3.996025109832823e-05,2.0131826599326146e-06,0.99999999919956262,-0.001372938303904103,-0.99999905751771223,2.0250369856148628e-06,-2.680004827640467e-05,-0.03879826059800604
3.2750000059604645,85,-3.1961537682325122e-06,-5.3849312564069136e-06,0.99999999998039368,-0.0022211258865655796,-0.99999753328232621,-5.3906075132805917e-06,-2.0719026250994227e-06,-0.03909352198000115
3.2750000059604645,88,-5.1905658317565546e-05,-1.0637181542897245e-05,0.99999999859632649,-0.0013792287653834427,-0.99999904880670976,-1.0662475239968039e-05,1.2236789041160452e-05,-0.0387974463818537
3.300000011920929,57,-0.00045561286780195078,-1.7397018355343544e-05,0.9999998960571238,0.0039513899847703551,-0.99999219310704757,-1.5561030338660795e-05,0.00010932655762675683,-0.03616296370760516
3.300000011920929,60,0.00018451251373089643,-5.9407594355542216e-06,0.99999998295991965,-0.00038030525149261731,-0.99999992766681889,-5.8542953814251191e-06,-6.875114215712925e-06,-0.03878749992146311
3.300000011920929,61,0.0005262704047419045,4.1435927479480741e-05,0.9999998606612529,0.0039700988405710728,-0.99999211835402324,3.9306859116170165e-05,6.664912332169006e-06,-0.03617388100213141
3.300000011920929,64,-0.00019331759799576275,7.0805567560632969e-06,0.99999998128908585,-0.00035715672955091878,-0.99999993619508876,6.9920598137084746e-06,-1.3380075900759087e-05,-0.038787312073184185
3.300000011920929,68,-8.9244164835268849e-05,-5.0593703811036576e-06,0.99999999600494094,0.0016385613692435704,-0.99999865754610306,-4.7572126541074304e-06,2.4447831511740625e-05,-0.03752951541420844
3.300000011920929,69,3.070790252853253e-05,1.0854883602929097e-05,0.99999999946959828,0.0031061704946058893,-0.9999951757830019,1.0750868357563109e-05,4.303024318487441e-05,-0.03666980714940371
3.300000011920929,72,4.9587537352731116e-07,1.4616576038986439e-06,0.99999999999880884,-0.0001236157457984171,-0.999999992358517,1.4538315418734372e-06,-1.2446519741241212e-06,-0.03864944348094509
3.300000011920929,76,0.00012867261695910084,2.0946310345447887e-05,0.99999999150230479,0.0016588807657397929,-0.99999862384521887,2.054929544928885e-05,2.4802246678153653e-05,-0.03753283716267002
3.300000011920929,78,-8.8437025488407318e-05,1.5048559141622772e-05,0.9999999959762168,-0.002698096589902953,-0.99999636002129311,1.4797159048400097e-05,5.985846836330621e-06,-0.03997780047953506
3.300000011920929,80,8.5003842352495494e-05,-2.6447280729564618e-05,0.99999999603744405,-0.0027114037610420296,-0.99999632379476644,-2.6203003212785987e-05,-1.571898986935306e-06,-0.039976084716353985
3.300000011920929,83,4.0432929562926099e-05,1.9970719818392472e-06,0.99999999918059501,-0.0013569283849122202,-0.99999907937023624,2.0095544177595191e-06,-2.6826255090410645e-05,-0.0395328175034676
3.300000011920929,85,-3.289310459759124e-06,-5.3580171633605691e-06,0.99999999998023603,-0.0021963750561870598,-0.9999975879510119,-5.3638401666010389e-06,-2.2042835275980543e-06,-0.03982416649831801
3.300000011920929,88,-5.2531187595579203e-05,-1.0576075493605497e-05,0.99999999856431043,-0.0013631653482269086,-0.99999907083348305,-1.0602074429793569e-05,1.206477906374917e-05,-0.03953201265024376
3.324999988079071,57,-0.00045668841014083543,-1.7412939927439045e-05,0.99999989556623736,0.0039645016195694075,-0.99999214121141489,-1.556657237135334e-05,0.00010952769531932052,-0.036896115681855524
3.324999988079071,60,0.00018444992627635301,-5.9701073852598111e-06,0.99999998297129111,-0.00037980950215352552,-0.99999992785505976,-5.8836604911473872e-06,-6.771735963742858e-06,-0.039527942733116626
3.324999988079071,61,0.00052751405420843015,4.1490359007007225e-05,0.99999986000372654,0.0039831884472521237,-0.99999206629924153,3.9349297230762808e-05,6.774773176842777e-06,-0.03690707458923653
3.324999988079071,64,-0.00019326133854929024,7.1360877777315512e-06,0.99999998129956547,-0.00035652165377496011,-0.99999993642131879,7.0476239104610356e-06,-1.3471425724148842e-05,-0.039527756866123025
3.324999988079071,68,-8.9635392026250863e-05,-5.069854226600859e-06,0.99999999596989653,0.0016445470774728221,-0.99999864772018432,-4.7658086657040908e-06,2.4586710533095405e-05,-0.038267686983952845
3.324999988079071,69,3.0790468565847948e-05,1.0872408448693992e-05,0.99999999946686891,0.0031167855350506821,-0.99999514275419532,1.0767778893178711e-05,4.316042735995071e-05,-0.03740480811882424
3.324999988079071,72,4.9892998781333802e-07,1.4762589574409347e-06,0.99999999999878586,-0.0001200538602773062,-0.99999999279245722,1.4683953951560145e-06,-1.2336302001908416e-06,-0.03938887116324777
3.324999988079071,76,0.00012919970077281966,2.0986141501851593e-05,0.99999999143350959,0.0016649042214553153,-0.99999861383410138,2.0586627575135894e-05,2.4861684369446856e-05,-0.038271019922125456
3.324999988079071,78,-8.7113399022821394e-05,1.5007572445722357e-05,0.99999999609301415,-0.0026683440311135193,-0.99999643985476283,1.4762498770962803e-05,5.39031248623607e-06,-0.04070620866937615
3.324999988079071,80,8.3488139923073166e-05,-2.6348505850595911e-05,0.99999999616774327,-0.0026816377163711054,-0.99999640406222157,-2.6110998777003898e-05,-1.3014925215366488e-06,-0.04070452100278343
3.324999988079071,83,4.0891463555873122e-05,1.9810390641199509e-06,0.99999999916198179,-0.001340830400867731,-0.99999910108452583,1.9941159990230171e-06,-2.684926350661388e-05,-0.04026734718844438
3.324999988079071,85,-3.3802156600765933e-06,-5.3311200988430675e-06,0.99999999998007671,-0.0021713991789054725,-0.99999764249578182,-5.3370797082339325e-06,-2.333717675299718e-06,-0.04055478006411108
3.324999988079071,88,-5.3138033013243403e-05,-1.0515108518787052e-05,0.99999999853289101,-0.0013470141549148287,-0.99999909272045728,-1.0541766662070416e-05,1.18953797438785e-05,-0.04026655151188125
3.3499999940395355,57,-0.00045767382259025586,-1.7425831101462234e-05,0.99999989511550069,0.0039775173564440339,-0.99999208952534768,-1.5569466973090069e-05,0.00010971562789887152,-0.03762930630348146
3.3499999940395355,60,0.00018435365279780393,-5.9977916522998541e-06,0.99999998298887849,-0.00037933906794988576,-0.99999992803346105,-5.9113717290477567e-06,-6.675532287765225e-06,-0.040268387108082476
3.3499999940395355,61,0.00052865361542709342,4.1537395779692059e-05,0.99999985939998992,0.0039961789140979158,-0.99999201446957819,3.9384786068340811e-05,6.87517446298967e-06,-0.03764030477314997
3.3499999940395355,64,-0.00019316839744185939,7.1892502022284477e-06,0.99999998131714229,-0.00035591833605210817,-0.99999993663585618,7.1008283853766059e-06,-1.3550289909117824e-05,-0.04026820308194442
3.3499999940395355,68,-9.000749732554348e-05,-5.0792837998225613e-06,0.99999999593642563,0.0016505194279705943,-0.99999863788048848,-4.7734126946289698e-06,2.4721683076919863e-05,-0.03900587694138514
3.3499999940395355,69,3.0866932785950842e-05,1.0887947441476306e-05,0.99999999946434248,0.0031273464386812979,-0.99999510978203565,1.0782724710229183e-05,4.3282205395008954e-05,-0.038139837357154135
3.3499999940395355,72,5.0255658067385759e-07,1.4903453575888652e-06,0.99999999999876321,-0.00011649458687936138,-0.99999999321340671,1.4824462120156239e-06,-1.2215453735923236e-06,-0.04012829765713061
3.3499999940395355,76,0.00012969989568651339,2.1021904427901143e-05,0.9999999913680081,0.0016709101023496653,-0.99999860381614847,2.0619972891319061e-05,2.4915574741472935e-05,-0.03900922042677042
3.3499999940395355,78,-8.5805204132323955e-05,1.4964715833098771e-05,0.99999999620676205,-0.0026382663600419899,-0.99999651966082459,1.4725880166554158e-05,4.804491094891054e-06,-0.04143458188536903
3.3499999940395355,80,8.1993203997415761e-05,-2.6247223936427457e-05,0.99999999629409886,-0.0026515441168561771,-0.99999648431229238,-2.6016372324462757e-05,-1.033759514019129e-06,-0.04143292194508308
3.3499999940395355,83,4.1331786040564778e-05,1.9649533391999778e-06,0.99999999914391136,-0.0013246423389973324,-0.99999912265899449,1.9785894233301881e-06,-2.6862913069927634e-05,-0.04100184645128639
3.3499999940395355,85,-3.4682402875054976e-06,-5.3039144948350631e-06,0.99999999997991973,-0.0021461810202628752,-0.99999769693676399,-5.3099993807554736e-06,-2.4595535750256566e-06,-0.04128536043756495
3.3499999940395355,88,-5.3720491321295071e-05,-1.0453624782330653e-05,0.99999999850241528,-0.0013307727414229764,-0.99999911446663869,-1.0480892561102634e-05,1.1724435527004218e-05,-0.041001059808361974
3.375,57,-0.00045856906777117255,-1.7435595725508282e-05,0.99999989470519934,0.0039904394864273907,-0.9999920380434496,-1.5569621130268058e-05,0.00010989178790041651,-0.038362536089298876
3.375,60,0.00018422163571664402,-6.0238651005790996e-06,0.99999998301305082,-0.0003788929104726661,-0.99999992820245176,-5.9374830485849709e-06,-6.5875424435525034e-06,-0.041008833116138475
3.375,61,0.00052968921830294675,4.157682940634941e-05,0.99999985885033948,0.0040090724120500579,-0.99999196286020253,3.941312022364677e-05,6.9648338261366005e-06,-0.038373572037024
3.375,64,-0.00019303648370903721,7.2401604746650065e-06,0.99999998134224788,-0.00035534553166010713,-0.99999993683920041,7.1517908739904815e-06,-1.3615261916943831e-05,-0.041008650805157976
3.375,68,-9.0361171878209498e-05,-5.0876552254902467e-06,0.99999999590448707,0.0016564777912195566,-0.99999862802829809,-4.780020786899769e-06,2.485267513798445e-05,-0.03974408534355858
3.375,69,3.0937397607087512e-05,1.0901451914209141e-05,0.99999999946201779,0.0031378547807354683,-0.99999507686329592,1.079565701334619e-05,4.339568743428458e-05,-0.038874895251968786
3.375,72,5.06848247546853e-07,1.5039440188919667e-06,0.99999999999874067,-0.00011293761298514315,-0.99999999362142855,1.4960111890445363e-06,-1.2082716202859027e-06,-0.0408677231762363
3.375,76,0.00013017415296187368,2.1053538924976789e-05,0.99999999130571915,0.001676897744319512,-0.99999859379279277,2.0649270914748654e-05,2.496431753396831e-05,-0.03974743872453997
3.375,78,-8.4508696138569761e-05,1.4919796468757169e-05,0.99999999631783998,-0.0026078718248985929,-0.99999659938863472,1.4687119640543864e-05,4.228409936929861e-06,-0.04216292102543695
3.375,80,8.0514947465639577e-05,-2.6143004585952539e-05,0.99999999641694326,-0.0026211310902195602,-0.999996564494113,-2.5918703971987696e-05,-7.694025951754823e-07,-0.042161288518485204
3.375,83,4.1754522367764096e-05,1.9487605792247519e-06,0.99999999912638105,-0.0013083647572636149,-0.99999914408853818,1.9629223264214829e-06,-2.6866693508650013e-05,-0.04173631666423512
3.375,85,-3.5535301751969159e-06,-5.2762892057780535e-06,0.99999999997976652,-0.0021207272908554797,-0.99999775124139811,-5.2824885386533669e-06,-2.582014057897091e-06,-0.04201590906058001
3.375,88,-5.4279341614959133e-05,-1.0391385815699964e-05,0.99999999847288612,-0.0013144414618980755,-0.99999913606716839,-1.0419216048910597e-05,1.1551239142749838e-05,-0.04173553894581853
3.4000000059604645,57,-0.00045941773077954744,-1.74438163535658e-05,0.99999989431552527,0.004003280506836202,-0.99999198671929734,-1.5568436542273773e-05,0.0001100595986259767,-0.03909579961356541
3.4000000059604645,60,0.00018407358059783691,-6.0491328167155987e-06,0.99999998304016235,-0.00037845761839167387,-0.99999992836713558,-5.9627940280482324e-06,-6.503078917180352e-06,-0.04174928048520926
3.4000000059604645,61,0.00053067090794383753,4.1612468226691706e-05,0.99999985832838501,0.0040218832170232548,-0.99999191141730781,3.9437898708935188e-05,7.0509471640878535e-06,-0.039106871964078846
3.4000000059604645,64,-0.00019288740952223452,7.2899298099303559e-06,0.99999998137065194,-0.00035478680379914996,-0.99999993703722834,7.2016173743387212e-06,-1.3674478006408545e-05,-0.04174909981823381
3.4000000059604645,68,-9.0704591964170083e-05,-5.0955041273604608e-06,0.99999999587335642,0.0016624135911450688,-0.99999861817811775,-4.7861395405942449e-06,2.4983668605397312e-05,-0.040482309075954515
3.4000000059604645,69,3.1004630154346167e-05,1.0913934917503197e-05,0.99999999945979945,0.0031483087626523482,-0.99999504400528483,1.0807579356707201e-05,4.350471472354785e-05,-0.039609977455081685
3.4000000059604645,72,5.1123229164463517e-07,1.5172870390886593e-06,0.99999999999871836,-0.00010937874044761703,-0.99999999401700657,1.509321652708588e-06,-1.1946832803803789e-06,-0.041607149840453723
3.4000000059604645,76,0.00013063389639159537,2.10831125251828e-05,0.9999999912451436,0.0016828607204221436,-0.99999858377513506,2.0676551633736191e-05,2.500787096314027e-05,-0.04048567202268895
3.4000000059604645,78,-8.3217846749204403e-05,1.4873902560972691e-05,0.99999999642677839,-0.0025772386733394765,-0.99999667880762322,1.4647312588711785e-05,3.658552363282017e-06,-0.042891237408485584
3.4000000059604645,80,7.9044376626302679e-05,-2.6037538396668673e-05,0.99999999653701666,-0.0025904779502274587,-0.99999664437303626,-2.5819699650233651e-05,-5.084184113897949e-07,-0.04288963209559291
3.4000000059604645,83,4.2169059997853435e-05,1.9325172315160854e-06,0.99999999910901793,-0.0012920029312097846,-0.99999916536196887,1.9471796034937465e-06,-2.687028379761558e-05,-0.04247076750107794
3.4000000059604645,85,-3.6376687072472993e-06,-5.2485263554034924e-06,0.99999999997960998,-0.0020950887901035877,-0.99999780528526572,-5.2548328148258799e-06,-2.7029695839905738e-06,-0.04274643401645407
3.4000000059604645,88,-5.4827380517312106e-05,-1.032887364242161e-05,0.99999999844363641,-0.001298025757244694,-0.99999915751057589,-1.0357232146349708e-05,1.1381224577410423e-05,-0.04246999861560724
3.425000011920929,57,-0.00046021932872060449,-1.7449951122568557e-05,0.99999989394682864,0.0040160397217200638,-0.9999919355588186,-1.5565376701295368e-05,0.00011021979425017485,-0.03982909786633079
3.425000011920929,60,0.00018389889253669545,-6.0739292236859504e-06,0.99999998307215232,-0.00037801463378377094,-0.99999992853453989,-5.9876477339306964e-06,-6.421429821007158e-06,-0.04248972520654315
3.425000011920929,61,0.00053159890356351176,4.1643160108400687e-05,0.9999998578342163,0.0040346098839842458,-0.99999186014994768,3.9457972833882907e-05,7.133388945052571e-06,-0.03984020540609534
3.425000011920929,64,-0.00019270979112478583,7.3393030591193998e-06,0.99999998140453539,-0.00035422231427355614,-0.9999999372369851,7.2510620660453215e-06,-1.3727106204734518e-05,-0.04248954621049976
3.425000011920929,68,-9.1041313884642681e-05,-5.102817855436713e-06,0.99999999584272026,0.0016683233526248746,-0.99999860833614662,-4.7917538784860641e-06,2.5116664495897266e-05,-0.041220546743919645
3.425000011920929,69,3.1069088420922531e-05,1.09251330437446e-05,0.99999999945767659,0.0031587081176140245,-0.9999950112105529,1.0818227178379767e-05,4.360978487082949e-05,-0.0403450842531914
3.425000011920929,72,5.1599793806488754e-07,1.5305486869781551e-06,0.99999999999869571,-0.0001058101000537722,-0.99999999440095222,1.5225517949403814e-06,-1.1803232628577213e-06,-0.04234657547953271
3.425000011920929,76,0.00013108386105933879,2.1110321850334313e-05,0.99999999118568772,0.0016887954312725831,-0.99999857376970225,2.0701507564762559e-05,2.504575691040154e-05,-0.04122391889392377
3.425000011920929,78,-8.1908144095790315e-05,1.4825821034706667e-05,0.99999999653562555,-0.0025464569838482367,-0.99999675766650098,1.4605300982632548e-05,3.0948101086513504e-06,-0.04361952871943734
3.425000011920929,80,7.7554261762770974e-05,-2.5928305122493413e-05,0.99999999665652972,-0.0025596736952321906,-0.99999672369924042,-2.5716902002055146e-05,-2.5557494254941467e-07,-0.04361795082912208
3.425000011920929,83,4.2580416789177487e-05,1.9158659628512979e-06,0.99999999909161874,-0.0012755765519428606,-0.99999918645003472,1.9310133201620754e-06,-2.6877814703015175e-05,-0.0432051989127903
3.425000011920929,85,-3.7218317423517497e-06,-5.2200064392782598e-06,0.99999999997944977,-0.0020693381933238652,-0.99999785890377091,-5.2264155747757988e-06,-2.824136865492499e-06,-0.04347693265906419
3.425000011920929,88,-5.537109248913363e-05,-1.0264674587778934e-05,0.99999999841433929,-0.0012815440804390284,-0.9999991787690693,-1.0293539162487647e-05,1.1216607303172322e-05,-0.043204438958906924
3.449999988079071,57,-0.00046096875246724901,-1.7451824887958327e-05,0.9999998936016159,0.0040287063995384622,-0.99999188460841315,-1.5558298420623315e-05,0.00011037104483266767,-0.04056243336990911
3.449999988079071,60,0.00018365679828910838,-6.0995116599231429e-06,0.99999998311648808,-0.00037748747071639081,-0.99999992873352217,-6.0133358940152496e-06,-6.336539331134906e-06,-0.043230150102619436
3.449999988079071,61,0.00053247014692491131,4.1664274991596097e-05,0.99999985736980523,0.0040472387313042098,-0.9999918091168899,3.9468739510991657e-05,7.21486435697277e-06,-0.04057357430874721
3.449999988079071,64,-0.00019246000072590418,7.391073203837977e-06,0.99999998145225999,-0.0003535706854645143,-0.9999999374672166,7.3029549971985847e-06,-1.377349742286282e-05,-0.04322997316200427
3.449999988079071,68,-9.138397927220547e-05,-5.1095230850370269e-06,0.99999999581143051,0.0016741939107851162,-0.99999859852488793,-4.7967831551452411e-06,2.5260112963578445e-05,-0.04195879209259022
3.449999988079071,69,3.1132232296893871e-05,1.09339819765379e-05,0.99999999945561602,0.0031690468986735011,-0.99999497849966235,1.0826532543323832e-05,4.371241536410689e-05,-0.04108021551500854
3.449999988079071,72,5.2212495442558455e-07,1.5443855901790471e-06,0.99999999999867117,-0.00010219857283578659,-0.99999999477654544,1.5363579962253956e-06,-1.1635841578948924e-06,-0.04308599037321728
3.449999988079071,76,0.00013154074883127133,2.1133885268093822e-05,0.999999991125195,0.0016946881049302647,-0.99999856380036389,2.0722844039920359e-05,2.5074779281159707e-05,-0.04196217293734493
3.449999988079071,78,-8.048458943102608e-05,1.4770952586641679e-05,0.99999999665202488,-0.0025158850486246662,-0.99999683505025383,1.4556694939554128e-05,2.5361632470384847e-06,-0.0443477834841227
3.449999988079071,80,7.5939191603325741e-05,-2.5805382234701387e-05,0.99999999678366069,-0.0025290731231734963,-0.99999680156175785,-2.5600627328486747e-05,-2.8770599664057513e-08,-0.04434623498727247
3.449999988079071,83,4.3007947768748164e-05,1.8974884183849883e-06,0.99999999907335801,-0.0012591669846082488,-0.999999207247108,1.9131402464451349e-06,-2.6907914695237733e-05,-0.04393960760116876
3.449999988079071,85,-3.8105827588378154e-06,-5.1882235602867626e-06,0.99999999997928091,-0.0020437651966831913,-0.99999791149623685,-5.194741750049103e-06,-2.9521965265219453e-06,-0.04420739076160239
3.449999988079071,88,-5.5935697705020331e-05,-1.0193260802048437e-05,0.99999999838364739,-0.0012650731227193553,-0.99999919974242546,-1.0222654176209691e-05,1.1068480295047521e-05,-0.043938857402769246
3.4749999940395355,57,-0.00046167275553795999,-1.7450809746434626e-05,0.99999989327686223,0.0040412917185652609,-0.99999183382640089,-1.554854072044769e-05,0.00011051653995696305,-0.04129580545376812
3.4749999940395355,60,0.00018337173004655464,-6.125213738906132e-06,0.99999998316864502,-0.00037692500431866176,-0.99999992894553247,-6.039170827559222e-06,-6.253520781665865e-06,-0.04397056645829282
3.4749999940395355,61,0.00053329085759112459,4.1678775530195187e-05,0.99999985693186022,0.0040597827616037129,-0.99999175826893716,3.9473128432018858e-05,7.292397802525948e-06,-0.04130697840881447
3.4749999940395355,64,-0.00019216407750477041,7.4437041194756969e-06,0.999999981508779,-0.00035288337380199794,-0.99999993770960693,7.3557371867526325e-06,-1.3811850568573646e-05,-0.0439703917509622
3.4749999940395355,68,-9.1726243378734723e-05,-5.1157010719290081e-06,0.99999999578006304,0.0016800332432905056,-0.99999858873162861,-4.8013101534626079e-06,2.5408793917882117e-05,-0.04269704956708804
3.4749999940395355,69,3.1193512002156991e-05,1.0941174393758666e-05,0.99999999945362761,0.0031793314431785144,-0.99999494585433613,1.0833189243908775e-05,4.3812120621964626e-05,-0.041815372200173576
3.4749999940395355,72,5.2909967307971387e-07,1.5584346677733392e-06,0.99999999999864575,-9.8565802467913004e-05,-0.99999999514118953,1.5503772561113129e-06,-1.1453458569271557e-06,-0.043825401177456445
3.4749999940395355,76,0.00013199629744631335,2.1154696901266476e-05,0.99999999106472814,0.0017005472200705253,-0.99999855385342651,2.0741459064940761e-05,2.5097638086276336e-05,-0.042700438705255805
3.4749999940395355,78,-7.9002208945938297e-05,1.4712044496484941e-05,0.99999999677110341,-0.0024852991899389082,-0.99999691153401438,1.4504112001760797e-05,1.9829317258213817e-06,-0.04507600997587617
3.4749999940395355,80,7.4260164745315098e-05,-2.5674612052050303e-05,0.99999999691312114,-0.002498454712395647,-0.99999687853262553,-2.5476570335266852e-05,1.825963541004051e-07,-0.0450744918099819
3.4749999940395355,83,4.3440793902324168e-05,1.8781551798866582e-06,0.99999999905468484,-0.00124272194650443,-0.99999922781898953,1.8943096896457609e-06,-2.6948213006165803e-05,-0.04467399705948286
3.4749999940395355,85,-3.9013187338854428e-06,-5.1546363931790788e-06,0.99999999997910483,-0.0020181893435202917,-0.99999796344049385,-5.1612634732291334e-06,-3.083308368147041e-06,-0.044937818886927175
3.4749999940395355,88,-5.650703840628551e-05,-1.0117856294604944e-05,0.99999999835229192,-0.0012485633086704528,-0.99999922049303958,-1.0147774059190214e-05,1.0928751029771887e-05,-0.04467325701527502
3.5,57,-0.00046233593212574077,-1.7447492399559119e-05,0.99999989297052982,0.0040538021052849539,-0.99999178318979354,-1.5536669349297707e-05,0.00011065840579987416,-0.04202921425704902
3.5,60,0.00018305356800367702,-6.1508165764897956e-06,0.9999999832267793,-0.0003763465509287494,-0.99999992916324265,-6.0649251332783585e-06,-6.174797813292988e-06,-0.044710978843843445
3.5,61,0.00053406575952567024,4.1687944997393199e-05,0.99999985651792944,0.0040722491617940027,-0.99999170757996481,3.9472400502477283e-05,7.364471125503543e-06,-0.042040418041874854
3.5,64,-0.00019183253746769035,7.496662658891766e-06,0.99999998157203862,-0.00035218055162796326,-0.99999993795698194,7.4088663827299888e-06,-1.3841060694615849e-05,-0.04471080647270917
3.5,68,-9.2066172267190214e-05,-5.1214049191457883e-06,0.99999999574879539,0.0016858442984652939,-0.99999857895194488,-4.8053871203089464e-06,2.55606710656601e-05,-0.04343532108969183
3.5,69,3.1252866489378307e-05,1.09470156134524e-05,0.9999999994517107,0.003189565281608638,-0.99999491326498302,1.083850252021754e-05,4.3908916646185456e-05,-0.0425505550761751
3.5,72,5.367350271628966e-07,1.572568470121704e-06,0.99999999999861955,-9.4920533094905817e-05,-0.99999999549382235,1.5644821206363311e-06,-1.12594013899093e-06,-0.044564810692977554
3.5,76,0.00013244804581256163,2.1173183534104732e-05,0.99999999100460568,0.0017063760053486227,-0.99999854392396137,2.075777899871754e-05,2.511565965556389e-05,-0.04343871817439602
3.5,78,-7.7481752468451954e-05,1.4650172176365462e-05,0.9999999968909753,-0.0024546141467253163,-0.99999698732577647,1.4448577302901164e-05,1.4352624587042486e-06,-0.04580421183489196
3.5,80,7.2540104845405409e-05,-2.5538286334758724e-05,0.99999999704286446,-0.0024677340060635764,-0.99999695481856676,-2.5346965853089095e-05,3.824358678552732e-07,-0.04580272454896735
3.5,83,4.3875132140421275e-05,1.8581553890435063e-06,0.99999999903575998,-0.0012262208354078153,-0.99999924818919128,1.8748028623343985e-06,-2.699377813028631e-05,-0.04540836921318508
3.5,85,-3.9930964996326693e-06,-5.1198169364793378e-06,0.99999999997892131,-0.0019925415139112005,-0.9999980148740466,-5.1265503232119408e-06,-3.2160626395781327e-06,-0.045668221727459726
3.5,88,-5.7080123177642337e-05,-1.0039705947304767e-05,0.99999999832053199,-0.0012319950569245042,-0.99999924104309801,-1.0070133637114331e-05,1.079400347274859e-05,-0.045407639561117194
3.524999976158142,57,-0.00046296262451888884,-1.7442236311785078e-05,0.99999989268068257,0.0040662427251994615,-0.99999173268039332,-1.5523028588599055e-05,0.00011079847015039257,-0.04276266021458049
3.524999976158142,60,0.00018270798778811172,-6.1762451880954279e-06,0.99999998328982243,-0.00037576230928324493,-0.99999992938279381,-6.0905191351300272e-06,-6.101942268516427e-06,-0.04545138975874492
3.524999976158142,61,0.00053479958203398056,4.1692594980998138e-05,0.99999985612555686,0.0040846435528678815,-0.99999165702988468,3.9467345965690253e-05,7.43007877367944e-06,-0.04277389378562577
3.524999976158142,64,-0.00019147141974798458,7.5497289157806661e-06,0.99999998164084825,-0.00035147271508175615,-0.99999993820562172,7.4621177019089339e-06,-1.3860309524988891e-05,-0.04545121979113011
3.524999976158142,68,-9.2403236759110082e-05,-5.1266844666818655e-06,0.99999999571767939,0.0016916284574429378,-0.99999856918399388,-4.8090620192787194e-06,2.5714699296328497e-05,-0.04417360782355086
3.524999976158142,69,3.131040657740519e-05,1.0951703632863134e-05,0.9999999994498594,0.0031997511289196911,-0.99999488072447129,1.0842669835899621e-05,4.400300497614759e-05,-0.04328576490041307
3.524999976158142,72,5.449353823496699e-07,1.5867330053942076e-06,0.99999999999859268,-9.1267550454878326e-05,-0.99999999583387089,1.5786185606250318e-06,-1.105543783498782e-06,-0.045304220541022594
3.524999976158142,76,0.00013289538596140453,2.1189649912578852e-05,0.99999999094490755,0.0017121760742677718,-0.9999985340097306,2.077210647493978e-05,2.5129759104185126e-05,-0.044177012549259626
3.524999976158142,78,-7.5933524202469782e-05,1.4585923987767205e-05,0.99999999701067532,-0.0024237877477926591,-0.99999706251861697,1.4390653153578641e-05,8.932560954163359e-07,-0.04653239128440049
3.524999976158142,80,7.079032205041416e-05,-2.539763014720811e-05,0.99999999717184529,-0.0024368692836711455,-0.99999703051179034,-2.5213009686762688e-05,5.725918944618096e-07,-0.046530935232054545
3.524999976158142,83,4.430936126947601e-05,1.8376370592972817e-06,0.99999999901665182,-0.0012096528717110702,-0.99999926836797715,1.8547639694194182e-06,-2.7042045102828515e-05,-0.0461427255134478
3.524999976158142,85,-4.0854895651654444e-06,-5.0840646224179014e-06,0.99999999997873068,-0.001966787146796762,-0.99999806585933049,-5.090900587609095e-06,-3.349804175918855e-06,-0.04639860214945428
3.524999976158142,88,-5.7652868062377855e-05,-9.9594563618123e-06,0.99999999828847808,-0.001215358106168195,-0.99999926140216033,-9.9903747538327624e-06,1.0662307084856581e-05,-0.04614200641086305
3.550000011920929,57,-0.00046355751413092861,-1.7435344627084453e-05,0.99999989240521403,0.0040786185180513874,-0.99999168228065238,-1.5507900972521977e-05,0.00011093849542874889,-0.04349614392071302
3.550000011920929,60,0.00018233943251627215,-6.2014815702075617e-06,0.9999999833569363,-0.00037517919618660907,-0.99999992960158057,-6.1159314007880868e-06,-6.0362043322232965e-06,-0.04619180096167952
3.550000011920929,61,0.0005354975422592501,4.1693414105255907e-05,0.99999985575201034,0.004096971243260826,-0.99999160659959963,3.9458630113001741e-05,7.488455966401425e-06,-0.04350740636944224
3.550000011920929,64,-0.00019108546142326,7.6028008786807039e-06,0.99999998171427174,-0.00035076685822436334,-0.99999993845306312,7.5153855258332856e-06,-1.3868944610168634e-05,-0.04619163344335533
3.550000011920929,68,-9.2737463925359463e-05,-5.1315937579980515e-06,0.99999999568671483,0.0016973865187903492,-0.99999855942688576,-4.812386349145833e-06,2.5870198781871312e-05,-0.04491191068053737
3.550000011920929,69,3.1366327671658027e-05,1.0955409907072325e-05,0.99999999944806628,0.0032098914700409947,-0.99999484822628848,1.0845861854224742e-05,4.409468714584958e-05,-0.044021002481524796
3.550000011920929,72,5.536294077125089e-07,1.6009016757301081e-06,0.99999999999856537,-8.7610238587340988e-05,-0.99999999616095447,1.5927599220674714e-06,-1.084290716619588e-06,-0.04604363193238129
3.550000011920929,76,0.00013333844857771221,2.120437972674103e-05,0.99999999088561631,0.0017179484625733752,-0.99999852410944856,2.0784722084484399e-05,2.5140720450539958e-05,-0.04491532278189061
3.550000011920929,78,-7.4364196473048193e-05,1.4519732457355044e-05,0.99999999712957177,-0.0023927937507810595,-0.99999713716224981,1.4330754568182858e-05,3.570010546704852e-07,-0.04726055005260353
3.550000011920929,80,6.9018064429700828e-05,-2.5253521353678501e-05,0.99999999729938327,-0.0024058346423719481,-0.99999710566125621,-2.5075560249237735e-05,7.541616087838048e-07,-0.04725912545912727
3.550000011920929,83,4.4742736001058967e-05,1.8167004598671881e-06,0.99999999899739356,-0.0011930108528198349,-0.99999928836061691,1.8342909769117268e-06,-2.709136643850171e-05,-0.046877067260510025
3.550000011920929,85,-4.1782644939146026e-06,-5.0475888557189705e-06,0.99999999997853195,-0.0019409043343513142,-0.99999811643063441,-5.0545230000712093e-06,-3.4841554297663505e-06,-0.04712896235699617
3.550000011920929,88,-5.8224314734475783e-05,-9.8775548173710419e-06,0.99999999825618158,-0.0011986456022514014,-0.99999928157500839,-9.9089418840219153e-06,1.0532302990456614e-05,-0.04687635881182466
3.574999988079071,57,-0.0004641258559596073,-1.742710584222519e-05,0.99999989214173712,0.0040909345236473825,-0.99999163197235552,-1.5491551740110798e-05,0.00011108026007813676,-0.044229666106923866
3.574999988079071,60,0.00018195192610930257,-6.2265431304223636e-06,0.99999998342736329,-0.00037460242383853841,-0.99999992981765262,-6.1411764749942131e-06,-5.978661504817485e-06,-0.04693221383390754
3.574999988079071,61,0.00053616556302914567,4.1691066629303892e-05,0.99999985539416147,0.0041092376150696532,-0.99999155626943459,3.9446890648983121e-05,7.539006687817281e-06,-0.04424095666592159
3.574999988079071,64,-0.00019067896641728862,7.655844708777481e-06,0.99999998179145977,-0.00035006813414155858,-0.9999999386975067,7.5686330307027828e-06,-1.3866442463325685e-05,-0.04693204879647702
3.574999988079071,68,-9.306922981130448e-05,-5.136193914260271e-06,0.99999999565586895,0.0017031189608994509,-0.99999854968025681,-4.8154180471799746e-06,2.6026691063234064e-05,-0.04565023046575165
3.574999988079071,69,3.1420892002574818e-05,1.095830242922153e-05,0.99999999944632156,0.0032199887379199444,-0.99999481576398352,1.0848245549191687e-05,4.418434940486716e-05,-0.04475626870912478
3.574999988079071,72,5.627520597266921e-07,1.6150635205916265e-06,0.99999999999853739,-8.3951277287683073e-05,-0.99999999647480031,1.6068951719464007e-06,-1.0623022684781217e-06,-0.046783045881003044
3.574999988079071,76,0.00013377783237485949,2.1217665788617374e-05,0.99999999082665114,0.0017236939080651746,-0.99999851422231667,2.079591465436581e-05,2.5149277628591434e-05,-0.04565364972010506
3.574999988079071,78,-7.2778601139345388e-05,1.4451963856703133e-05,0.99999999724720789,-0.002361614552508677,-0.99999721128265873,1.4269234677698583e-05,-1.7342406138521898e-07,-0.047988689629589104
3.574999988079071,80,6.7228500445584252e-05,-2.510668300206682e-05,0.99999999742499157,-0.0023746127746518977,-0.99999718029222451,-2.4935326203310926e-05,9.278458012984422e-07,-0.04798729662559008
3.574999988079071,83,4.5175019786507665e-05,1.7954230292984169e-06,0.99999999897799707,-0.0011762894638895308,-0.99999930816966498,1.8134598332275465e-06,-2.7140625502009835e-05,-0.04761139570159414
3.574999988079071,85,-4.2712976130122267e-06,-5.0105573807441675e-06,0.99999999997832523,-0.0019148779415690601,-0.99999816660696561,-5.0175848955068001e-06,-3.618892990148497e-06,-0.04785930421510321
3.574999988079071,88,-5.8794178429009001e-05,-9.7943552113479349e-06,0.99999999822365759,-0.001181852497048938,-0.99999930156381678,-9.8261871887802255e-06,1.040295298000632e-05,-0.0476106979720953
3.600000023841858,57,-0.00046467367306409114,-1.7417815860025107e-05,0.99999989188749272,0.0041031960789654981,-0.99999158173580904,-1.5474249918967362e-05,0.000111225613031789,-0.04496322764869902
3.600000023841858,60,0.00018154944256781538,-6.2514756363912203e-06,0.99999998350035935,-0.00037403616176039252,-0.99999993002946075,-6.1662975243271797e-06,-5.930285883767961e-06,-0.04767262953481697
3.600000023841858,61,0.00053681047564467076,4.1686240925296647e-05,0.99999985504837474,0.0041214483494258101,-0.9999915060182053,3.9432785119635657e-05,7.581277709540216e-06,-0.04497454570579263
3.600000023841858,64,-0.00019025620063672447,7.7088769108392829e-06,0.99999998187157546,-0.00034938054422827019,-0.99999993893756933,7.6218740337143554e-06,-1.3852392691675037e-05,-0.04767246700049554
3.600000023841858,68,-9.3399195642231505e-05,-5.1405554653916444e-06,0.99999999562508246,0.0017088260468505461,-0.99999853994409726,-4.8182237535991114e-06,2.618383557638524e-05,-0.04638856794553441
3.600000023841858,69,3.1474427960281014e-05,1.0960557344596431e-05,0.99999999944461326,0.0032300454125335138,-0.99999478333084857,1.0849995806237034e-05,4.427246561733588e-05,-0.0454915645815544
3.600000023841858,72,5.7223663697818353e-07,1.6292189501065033e-06,0.99999999999850908,-8.0292942264356245e-05,-0.9999999967752079,1.6210246309270185e-06,-1.0397005991076159e-06,-0.04752246329916626
3.600000023841858,76,0.00013421452279836836,2.1229826827857808e-05,0.99999999076787816,0.0017294129671234328,-0.99999850434783122,2.080599798217377e-05,2.5156154427532652e-05,-0.04639199417774733
3.600000023841858,78,-7.1180447705260566e-05,1.4382956870193453e-05,0.99999999736323719,-0.0023302382139943774,-0.9999972848903359,1.4206421708727809e-05,-6.979535720004421e-07,-0.04871681138201172
3.600000023841858,80,6.5425509227445995e-05,-2.4957764972750141e-05,0.99999999754830637,-0.0023431920231197032,-0.99999725441445708,-2.4792946194748423e-05,1.0940891076258803e-06,-0.0487154500234568
3.600000023841858,83,4.560636188092503e-05,1.7738696028379366e-06,0.99999999895845659,-0.0011594845713640322,-0.99999932779593226,1.792334422241187e-06,-2.718908339323278e-05,-0.04834571208283723
3.600000023841858,85,-4.3645441192563951e-06,-4.9731165074573941e-06,0.9999999999781094,-0.0018886971949069256,-0.999998216397461,-4.9802323527122088e-06,-3.7539007892196864e-06,-0.04858962939185153
3.600000023841858,88,-5.9362688756542453e-05,-9.7101620940462935e-06,0.99999999819089191,-0.0011649748780469045,-0.99999932136907921,-9.7424142011740605e-06,1.027343372615041e-05,-0.048345025106846316
3.625,57,-0.00046520798876790575,-1.7407793860472349e-05,0.99999989163924208,0.0041154090037510416,-0.99999153154906029,-1.5456283072266703e-05,0.00011137652791444213,-0.04569682958966759
3.625,60,0.00018113614558916668,-6.2763520215947002e-06,0.99999998357515196,-0.00037348388529043262,-0.99999993023572487,-6.1913649636140978e-06,-5.891984375110709e-06,-0.048413049086769654
3.625,61,0.00053744027659244342,4.1679685302318411e-05,0.99999985471036601,0.0041336096314792481,-0.99999145582235482,3.9417025470667248e-05,7.614952043094265e-06,-0.045708174709285065
3.625,64,-0.00018982164936716769,7.7619586430185208e-06,0.99999998195374651,-0.00034870729140179269,-0.99999993917215646,7.6751671138536121e-06,-1.3826492018194925e-05,-0.048412889072000656
3.625,68,-9.372830302445398e-05,-5.1447611177982148e-06,0.99999999559426822,0.0017145078723897445,-0.99999853021867713,-4.8208814410954163e-06,2.6341402802856046e-05,-0.04712692389211959
3.625,69,3.1527338576410721e-05,1.0962367824208108e-05,0.99999999944292672,0.0032400641050833782,-0.99999475091964551,1.0851304254520189e-05,4.435961098134079e-05,-0.0462268912400583
3.625,72,5.820097859287402e-07,1.6433782995884507e-06,0.99999999999848033,-7.6637273023778517e-05,-0.99999999706202725,1.6351585252619204e-06,-1.0166171734283067e-06,-0.04826188505399314
3.625,76,0.00013464988937568595,2.1241222119067346e-05,0.99999999070910883,0.0017351060748373695,-0.99999849448568245,2.0815325296311954e-05,2.5162093003204832e-05,-0.04713035698146768
3.625,78,-6.9572670280646027e-05,1.4313045145730065e-05,0.9999999974773901,-0.0022986570178283338,-0.99999735798445988,1.4142640702669209e-05,-1.2165398676632745e-06,-0.04944491662153659
3.625,80,6.3612056119763093e-05,-2.4807389880257366e-05,0.99999999766905001,-0.0023115649559822061,-0.99999732802636976,-2.4649033821193276e-05,1.2531452562560614e-06,-0.04944358690303202
3.625,83,4.6037260836105752e-05,1.7520977010268138e-06,0.99999999893875036,-0.0011425928574039308,-0.99999934723899986,1.7709717275834036e-06,-2.723631236339198e-05,-0.049080017689877485
3.625,85,-4.4580266814014928e-06,-4.935402097424281e-06,0.99999999997788391,-0.0018623544927077857,-0.9999982658041533,-4.9426011437451962e-06,-3.889151354565017e-06,-0.04931993943986387
3.625,88,-5.9930543872999917e-05,-9.625254187196736e-06,0.99999999815784213,-0.0011480096212404917,-0.99999934099010002,-9.657901189223307e-06,1.0143083028015802e-05,-0.049079341476102906
3.649999976158142,57,-0.0004657371558286959,-1.7397398600677621e-05,0.99999989139311019,0.0041275798334557455,-0.9999914813869103,-1.5437972030311125e-05,0.00011153517201133754,-0.046430473184402854
3.649999976158142,60,0.00018071660923759227,-6.3012750000121779e-06,0.99999998365090048,-0.00037294859722526876,-0.99999993043534707,-6.2164789274940684e-06,-5.864629838670745e-06,-0.04915347343220556
3.649999976158142,61,0.00053806450012293676,4.1672245659763606e-05,0.99999985437499828,0.0041457284024126748,-0.9999914056548791,3.9400413905474418e-05,7.63985557950653e-06,-0.0464418451377851
3.649999976158142,64,-0.00018938025558836095,7.8151969618125863e-06,0.99999998203702056,-0.00034805099175475859,-0.9999999394003859,7.7286167089367677e-06,-1.37885458103945e-05,-0.04915331595079424
3.649999976158142,68,-9.4057809415022824e-05,-5.1489096834140166e-06,0.99999999556330865,0.0017201643862855304,-0.99999852050451465,-4.8234841143023241e-06,2.6499265899019682e-05,-0.04786529912350196
3.649999976158142,69,3.15801190342538e-05,1.0963953662165271e-05,0.99999999944124396,0.0032500476561203111,-0.99999471852228217,1.085238879111334e-05,4.444648753270768e-05,-0.046962250017007635
3.649999976158142,72,5.9198698167244654e-07,1.6575619616421541e-06,0.99999999999845102,-7.2986193281635416e-05,-0.99999999733514766,1.6493171140594647e-06,-9.9320041484365e-07,-0.04900131201147874
3.649999976158142,76,0.00013508573780049118,2.1252269002337152e-05,0.99999999065009226,0.001740773581587949,-0.99999848463569485,2.0824306485535606e-05,2.5167882150181328e-05,-0.047868739013272196
3.649999976158142,78,-6.7957614342162753e-05,1.4242575245378839e-05,0.9999999975894559,-0.0022668667310438281,-0.9999974305552124,1.4078231001048888e-05,-1.7291603773113355e-06,-0.05017300665844676
3.649999976158142,80,6.1790385447232145e-05,-2.4656187450985197e-05,0.99999999778701021,-0.0022797276452677859,-0.99999740111732638,-2.4504211504883907e-05,1.4051071286969914e-06,-0.05017170852261778
3.649999976158142,83,4.6468579066461864e-05,1.7301609166126497e-06,0.99999999891883884,-0.0011256115985667735,-0.99999936649753352,1.7494251677021927e-06,-2.7282174155032403e-05,-0.04981431389108992
3.649999976158142,85,-4.5518345813994304e-06,-4.8975472883137331e-06,0.99999999997764744,-0.0018358447636498514,-0.99999831482355328,-4.9048244451509342e-06,-4.024701523966612e-06,-0.050050235855743745
3.649999976158142,88,-6.0498932302760968e-05,-9.5399004174817704e-06,0.99999999812443474,-0.0011309541813738235,-0.9999993604252948,-9.5729171296251544e-06,1.0011369960298341e-05,-0.04981364842635304
3.675000011920929,57,-0.00046627137428011209,-1.7387050400066005e-05,0.99999989114434207,0.0041397161678219125,-0.99999143121942968,-1.5419690429748024e-05,0.00011170400906758544,-0.047164159969999536
3.675000011920929,60,0.00018029609472015789,-6.3263837969034633e-06,0.99999998372664745,-0.00037243300505348354,-0.99999993062734605,-6.2417758441892358e-06,-5.84909299829028e-06,-0.049893903482825595
3.675000011920929,61,0.00053869480957361902,4.1664916853734643e-05,0.99999985403595781,0.004157812733244835,-0.99999135548372842,3.9383891433413121e-05,7.655977999745621e-06,-0.04717555877850322
3.675000011920929,64,-0.00018893772020316162,7.8687524232661554e-06,0.99999998212031005,-0.00034741382607581618,-0.99999993962153211,7.7823805576418645e-06,-1.3738478386642784e-05,-0.04989374854901831
3.675000011920929,68,-9.4389369017039846e-05,-5.1531222956205363e-06,0.99999999553204633,0.0017257953924057633,-0.99999851080237701,-4.8261456458302639e-06,2.66574056312439e-05,-0.048603694550557394
3.675000011920929,69,3.1633387467489592e-05,1.0965574565824029e-05,0.99999999943954254,0.0032599992768293585,-0.99999468612933973,1.0853506747721174e-05,4.453396784261433e-05,-0.04769764251082459
3.675000011920929,72,6.0206683805764071e-07,1.6718019077323183e-06,0.99999999999842126,-6.9341626259431126e-05,-0.99999999759448577,1.6635322025325408e-06,-9.696252721408548e-07,-0.0497407450822289
3.675000011920929,76,0.00013552442491565172,2.126346853407221e-05,0.99999999059049749,0.0017464157801152418,-0.99999847479778237,2.0833433261686153e-05,2.5174394010032086e-05,-0.048607141261664356
3.675000011920929,78,-6.6337146858724399e-05,1.4171926516346197e-05,0.9999999976992695,-0.0022348662762447574,-0.99999750258505504,1.401356581958365e-05,-2.2358275662430757e-06,-0.050901082857353855
3.675000011920929,80,5.9962119210426198e-05,-2.450483021522367e-05,0.99999999790202876,-0.0022476793560646099,-0.99999747366888092,-2.4359145890447477e-05,1.5499155412557236e-06,-0.050899816201532916
3.675000011920929,83,4.6901606078813815e-05,1.7081117846674723e-06,0.99999999889866076,-0.0011085385066145323,-0.99999938556950829,1.7277474624347939e-06,-2.7326832328173806e-05,-0.05054860219576914
3.675000011920929,85,-4.6461316413205784e-06,-4.8596899329909969e-06,0.99999999997739841,-0.0018091651185749783,-0.99999836344760362,-4.8670402806142028e-06,-4.160699222097876e-06,-0.0507805201368868
3.675000011920929,88,-6.1069620101236453e-05,-9.4543747523218577e-06,0.99999999809055806,-0.0011138064421825468,-0.99999937967240371,-9.487736550962163e-06,9.877878166634846e-06,-0.050547947447596935
3.699999988079071,57,-0.00046682359012796017,-1.7377267169259609e-05,0.99999989088687713,0.0041518272661363988,-0.99999138100942353,-1.5401896520276864e-05,0.00011188597346814449,-0.04789789189192428
3.699999988079071,60,0.00017988098921332298,-6.351867419378183e-06,0.99999998380124155,-0.00037193971423939539,-0.99999993081078153,-6.2674414768743756e-06,-5.846285807757554e-06,-0.05063434017691154
3.699999988079071,61,0.00053934602676666398,4.1658927015837675e-05,0.99999985368518785,0.0041698724613976682,-0.99999130526908475,3.9368617312457004e-05,7.663516071482548e-06,-0.04790931789255169
3.699999988079071,64,-0.00018850097922996906,7.922855744154057e-06,0.99999998220230457,-0.00034679768245137805,-0.99999993983497504,7.8366861311716297e-06,-1.3676357759205672e-05,-0.05063418780882236
3.699999988079071,68,-9.4725188121510081e-05,-5.1575532562989275e-06,0.99999999550026908,0.001731400533559623,-0.99999850111331312,-4.8290109548058692e-06,2.681593021797624e-05,-0.04934211124680677
3.699999988079071,69,3.1687940328698014e-05,1.0967552069719045e-05,0.99999999943779372,0.0032699227865186447,-0.99999465372927843,1.0854976586065909e-05,4.462317455316306e-05,-0.04843307070871705
3.699999988079071,72,6.121219362391573e-07,1.6861451433620022e-06,0.99999999999839106,-6.5705645192063684e-05,-0.99999999783997651,1.6778505822647174e-06,-9.461084942516139e-07,-0.05048018528421206
3.699999988079071,76,0.00013596907776233677,2.1275448843593168e-05,0.99999999052988253,0.0017520329324911387,-0.99999846497190148,2.0843321653960103e-05,2.5182642893628467e-05,-0.04934556489826985
3.699999988079071,78,-6.4712734511502578e-05,1.4101540557431153e-05,0.99999999780670434,-0.002202657724130789,-0.99999757404924416,1.394908147573359e-05,-2.7366053596803524e-06,-0.051629146713068313
3.699999988079071,80,5.8128302539218873e-05,-2.4354084287998792e-05,0.99999999801398942,-0.0022154225671031716,-0.99999754565523924,-2.4214598435260519e-05,1.6873502862992845e-06,-0.0516279113934471
3.699999988079071,83,4.7338193508726356e-05,1.6860053004889434e-06,0.99999999887812652,-0.0010913715805738462,-0.99999940445240387,1.7059941973677867e-06,-2.7370804664144578e-05,-0.05128288434788007
3.699999988079071,85,-4.7411757637271014e-06,-4.8219826179222661e-06,0.99999999997713485,-0.0017823146915241139,-0.99999841166424719,-4.8294015622287491e-06,-4.297403659189534e-06,-0.05151079385436551
3.699999988079071,88,-6.1645135374593991e-05,-9.3689756177115479e-06,0.99999999805604989,-0.0010965645795265047,-0.99999939872867571,-9.4026590337478239e-06,9.74229760026664e-06,-0.05128224026603308
3.725000023841858,57,-0.00046741126861935103,-1.7368734783356881e-05,0.99999989061251038,0.004163925219725602,-0.99999133070745172,-1.538519523944629e-05,0.00011208481139769937,-0.04863167155078874
3.725000023841858,60,0.00017947965157731941,-6.3779917275274448e-06,0.99999998387318789,-0.00037147153062176729,-0.99999993098464302,-6.2937375690873755e-06,-5.857238061808663e-06,-0.05137478457175841
3.725000023841858,61,0.0005400381659993453,4.165590102268972e-05,0.99999985331177188,0.0041819204454637679,-0.99999125495800389,3.9356122922337877e-05,7.662963452764574e-06,-0.04864312550530925
3.725000023841858,64,-0.00018807912431962332,7.9778426991874713e-06,0.99999998228129838,-0.00034620435555040739,-0.99999994004012949,7.8918651062342072e-06,-1.3602451261259903e-05,-0.05137463479574181
3.725000023841858,68,-9.5068339282903074e-05,-5.1624116657238034e-06,0.99999999546768004,0.0017369792465580331,-0.99999849143873509,-4.8322763168223398e-06,2.6975119051982477e-05,-0.05008055058074454
3.725000023841858,69,3.1744862926671328e-05,1.0970311866716244e-05,0.99999999943595796,0.0032798230788084648,-0.9999946213068811,1.0857219795381334e-05,4.4715628842165644e-05,-0.049168537261552465
3.725000023841858,72,6.219808693072794e-07,1.7006609852152289e-06,0.99999999999836042,-6.208073574205791e-05,-0.99999999807155915,1.6923412785959409e-06,-9.229383984901194e-07,-0.05121963385400359
3.725000023841858,76,0.00013642403561001256,2.1289049963697302e-05,0.99999999046762933,0.0017576253105767168,-0.99999845515797947,2.0854795134963088e-05,2.519389758321959e-05,-0.05008401142360324
3.725000023841858,78,-6.3085535210144185e-05,1.4031976797559081e-05,0.99999999791165939,-0.0021702466836635848,-0.99999764491549148,1.3885332667798338e-05,-3.2316415174050455e-06,-0.05235719998278349
3.725000023841858,80,5.6289423239320404e-05,-2.4204903553213753e-05,0.99999999812281182,-0.002182963415203674,-0.99999761704280576,-2.4071519421029893e-05,1.8169991673026715e-06,-0.052355995814795955
3.725000023841858,83,4.778103652792555e-05,1.6639051380013814e-06,0.999999998857102,-0.0010741089070662238,-0.99999942314344314,1.6842301721214828e-06,-2.741508695834879e-05,-0.0520171625054144
3.725000023841858,85,-4.8373608408807854e-06,-4.7846108040112593e-06,0.99999999997685374,-0.0017552946414521673,-0.99999845945769206,-4.7920942888811394e-06,-4.435230085007607e-06,-0.0522410587775753
3.725000023841858,88,-6.2229152156397592e-05,-9.2840607303740763e-06,0.99999999802066952,-0.0010792268806769703,-0.99999941759108757,-9.3180442565645178e-06,9.604422314947049e-06,-0.05201652902187476
3.75,57,-0.00046806068332897892,-1.7362478675642019e-05,0.99999989030886449,0.0041760277987105089,-0.99999128023976902,-1.5370489801627334e-05,0.0001123059050705137,-0.049365502797141685
3.75,60,0.00017910446697603946,-6.4051647484223837e-06,0.99999998394028178,-0.00037103214240278968,-0.99999993114759433,-6.321066136775708e-06,-5.8832765802786105e-06,-0.05211523805237169
3.75,61,0.00054080135403917649,4.1658254960317127e-05,0.99999985289923177,0.0041939756176376172,-0.9999912044714192,3.9348683088875913e-05,7.655327779362299e-06,-0.04937698610722012
3.75,64,-0.00018768563959781621,8.0342389423456743e-06,0.99999998235477561,-0.00034563598072358579,-0.99999994023629379,7.9484371687605858e-06,-1.351736890981604e-05,-0.05211509090972887
3.75,68,-9.5423519805789745e-05,-5.1680142435582409e-06,0.99999999543382156,0.0017425306470602324,-0.999998481780625,-4.8362390052586808e-06,2.7135529130667416e-05,-0.050819014517566784
3.75,69,3.1805796037617433e-05,1.0974485320998362e-05,0.99999999943397599,0.0032897072553481847,-0.99999458883946757,1.0860861361532711e-05,4.481363403212323e-05,-0.049904046054732275
3.75,72,6.31383705097829e-07,1.7154588143391732e-06,0.99999999999832923,-5.8470408290795461e-05,-0.99999999828914854,1.7071132319473559e-06,-9.005478685508823e-07,-0.051959092504880955
3.75,76,0.00013689591432269126,2.1305528777331109e-05,0.99999999040279142,0.0017631932879876517,-0.99999844535574678,2.0869085466556937e-05,2.520995616313946e-05,-0.05082248300138602
3.75,78,-6.1456616246939087e-05,1.3964047565242312e-05,0.99999999801404482,-0.0021376435326589962,-0.99999771514191393,1.3823126881858135e-05,-3.72124947137941e-06,-0.05308524498808322
3.75,80,5.4445454805339817e-05,-2.4058657747215254e-05,0.99999999822843666,-0.0021503130602925631,-0.99999768778784526,-2.3931275704906806e-05,1.9381847036241193e-06,-0.05308407173772874
3.75,83,4.8234358162131517e-05,1.6418990257679174e-06,0.99999999883537538,-0.0010567482414011984,-0.99999944164003929,1.662545119512203e-06,-2.746146098047921e-05,-0.05275143967074671
3.75,85,-4.9353188976931239e-06,-4.7478365338163949e-06,0.99999999997655042,-0.0017281083687722474,-0.99999850680831126,-4.7553814030592675e-06,-4.574859113346664e-06,-0.05297131716258043
3.75,88,-6.2827424437397311e-05,-9.2001312803675108e-06,0.99999999798403605,-0.0010617913710791831,-0.99999943625674625,-9.2343967391899134e-06,9.46415104715787e-06,-0.052750816696217756
3.774999976158142,57,-0.0004688230200694055,-1.7360528276022885e-05,0.9999998899517879,0.0041881691931269349,-0.99999122946298558,-1.5359571298367178e-05,0.00011255938362362858,-0.05009939294124884
3.774999976158142,60,0.00017877966818758125,-6.4341772345836027e-06,0.99999998399821566,-0.00037062869404956279,-0.99999993129702058,-6.3502061403822232e-06,-5.9266963672830255e-06,-0.052855703108245736
3.774999976158142,61,0.00054169432912833592,4.1670669930501521e-05,0.99999985241539369,0.0042060745837182202,-0.9999911536549303,3.9350703145130914e-05,7.642932295447853e-06,-0.050110908266817
3.774999976158142,64,-0.00018734691023741942,8.0930766152208851e-06,0.99999998241781851,-0.00034509670316585186,-0.99999994042207152,8.007422750899767e-06,-1.3422619718353141e-05,-0.05285555867046131
3.774999976158142,68,-9.579987656543853e-05,-5.1749901680547102e-06,0.99999999539780149,0.0017480531075769088,-0.99999847214227944,-4.8414902522673659e-06,2.7298361202904113e-05,-0.0515575067597195
3.774999976158142,69,3.1873938126680246e-05,1.0981280036732952e-05,0.9999999994317319,0.0032995889347158772,-0.99999455628256706,1.0867096406550292e-05,4.492167025427324e-05,-0.05063960449937553
3.774999976158142,72,6.3980925198979706e-07,1.7307544773449459e-06,0.9999999999982977,-5.4881502183052051e-05,-0.99999999849252708,1.7223814323242938e-06,-8.797942504995011e-07,-0.052698564387137665
3.774999976158142,76,0.00013739755514005254,2.1327324998479061e-05,0.99999999033352849,0.0017687377060254478,-0.99999843556407364,2.088858338153795e-05,2.523418878008383e-05,-0.051560983721508954
3.774999976158142,78,-5.9827947651359777e-05,1.3899336544690535e-05,0.99999999811371265,-0.0021048681209413921,-0.99999778466791855,1.376404010396476e-05,-4.206236709251193e-06,-0.05381328571887447
3.774999976158142,80,5.2596209529539175e-05,-2.3918007680143773e-05,0.9999999983307839,-0.0021174929231890741,-0.99999775782620914,-2.3796524448349854e-05,2.049740726897401e-06,-0.053812143056107646
3.774999976158142,83,4.8706451402017047e-05,1.6201612769083957e-06,0.99999999881252832,-0.0010392854474496089,-0.99999945994138695,1.6411175455615854e-06,-2.7513624747592488e-05,-0.053485721307521175
3.774999976158142,85,-5.0362976849480747e-06,-4.7121658622062809e-06,0.99999999997621558,-0.0017007623454086045,-0.99999855369153823,-4.7197707954405657e-06,-4.717637775262654e-06,-0.05370157283374396
3.774999976158142,88,-6.3451260282205863e-05,-9.1181567614088158e-06,0.9999999979453984,-0.0010442544293982029,-0.99999945472430896,-9.1526928260125772e-06,9.321468944995236e-06,-0.05348510871547963
3.800000011920929,57,-0.00046982757147992249,-1.7367819435982266e-05,0.99999988948019991,0.0042004359326684015,-0.99999117801215887,-1.5356773112636928e-05,0.0001128702796381687,-0.05083336007501223
3.800000011920929,60,0.00017856702823235382,-6.4670430242436824e-06,0.99999998403599688,-0.00037028044935104727,-0.99999993142581989,-6.3831410745116448e-06,-5.99298642449435e-06,-0.053596185917251994
3.800000011920929,61,0.00054286498936022992,4.1705277621995659e-05,0.99999985177912554,0.0042183088870651553,-0.99999110212033959,3.9373620536986573e-05,7.632036355953291e-06,-0.05084491318282475
3.800000011920929,64,-0.00018713031892324936,8.1568679131933113e-06,0.99999998245785438,-0.00034459803143661871,-0.9999999405935236,8.0713038113270662e-06,-1.332245399027787e-05,-0.0535960443222355
3.800000011920929,68,-9.6220118333933158e-05,-5.1848420550255504e-06,0.99999999535740314,0.0017535429280006185,-0.99999846253065927,-4.8494372596852779e-06,2.746664400819346e-05,-0.05229603648281552
3.800000011920929,69,3.1957279051881224e-05,1.0993942960893696e-05,0.9999999994289327,0.0033095023197870308,-0.99999452352302376,1.0879140905219528e-05,4.505099389264347e-05,-0.05137523097174815
3.800000011920929,72,6.4593690152375801e-07,1.7470669233632864e-06,0.99999999999826528,-5.1331767021742961e-05,-0.99999999868101352,1.7386625995828821e-06,-8.628874138404728e-07,-0.05343805725325367
3.800000011920929,76,0.00013796113051031076,2.1360707386882274e-05,0.99999999025522335,0.0017742610023103172,-0.99999842577889742,2.0919434340732858e-05,2.5274973653422348e-05,-0.052299523738020715
3.800000011920929,78,-5.8205897765986093e-05,1.3841894400874806e-05,0.99999999821023777,-0.002071965193528045,-0.99999785338380354,1.3712103222250959e-05,-4.688994774960751e-06,-0.05454133141976044
3.800000011920929,80,5.0742768351104573e-05,-2.3789831561073312e-05,0.99999999842960774,-0.0020845514997069013,-0.99999782703992945,-2.3674134277810802e-05,2.1493652110013203e-06,-0.054540218765444314
3.800000011920929,83,4.9217985065247173e-05,1.5991251420246338e-06,0.99999999878751633,-0.0010217092879897414,-0.99999947805361633,1.6203913075781524e-06,-2.7580819533487843e-05,-0.05422002066774666
3.800000011920929,85,-5.14336281554976e-06,-4.6789315055289226e-06,0.99999999997582667,-0.0016732686387167562,-0.99999860007406938,-4.6865997737513115e-06,-4.866858620718335e-06,-0.05443183474300093
3.800000011920929,88,-6.4128847129130156e-05,-9.0406984313588273e-06,0.99999999790287819,-0.001026606293949328,-0.99999947299843728,-9.0755110469439295e-06,9.17638622360481e-06,-0.05421941820144378
3.824999988079071,57,-0.00047086098578122203,-1.7375567119466797e-05,0.99999988899400472,0.004212682087232405,-0.99999112649756927,-1.5354292540811365e-05,0.00011319722823836796,-0.05156737567554212
3.824999988079071,60,0.00017835938918416152,-6.5006366643881656e-06,0.99999998407283486,-0.00036994927059162957,-0.99999993154817868,-6.4167994168682872e-06,-6.073083200909154e-06,-0.05433667588338699
3.824999988079071,61,0.00054406884320481357,4.1742005855480957e-05,0.99999985112333833,0.0042305218939292172,-0.99999105052608528,3.9398498766133718e-05,7.612527705220606e-06,-0.05157896704272267
3.824999988079071,64,-0.00018691914860593115,8.2216714814090921e-06,0.99999998249681776,-0.00034411365512787302,-0.99999994075979548,8.1361930352698397e-06,-1.3209024203015745e-05,-0.05433653718434573
3.824999988079071,68,-9.664820159911258e-05,-5.1949206508595311e-06,0.99999999531606898,0.0017590045033159111,-0.99999845293858391,-4.8575852096612565e-06,2.7636549542959557e-05,-0.05303458868113094
3.824999988079071,69,3.2042749760827089e-05,1.1007335740865139e-05,0.99999999942605033,0.0033193882413786835,-0.99999449075635871,1.0891907180091182e-05,4.518325871297427e-05,-0.05211089574557017
3.824999988079071,72,6.5218283114042849e-07,1.7635804131761525e-06,0.99999999999823208,-4.7789083341542271e-05,-0.99999999885656143,1.7551446115161489e-06,-8.459001048202928e-07,-0.05417755841939362
3.824999988079071,76,0.00013853596117648087,2.1395357926920644e-05,0.99999999017501318,0.0017797571599376216,-0.9999984160114882,2.0951519013277146e-05,2.531806216260674e-05,-0.0530380864205244
3.824999988079071,78,-5.6570386965225673e-05,1.3784493435521428e-05,0.9999999983048895,-0.0020388860893648759,-0.99999792137629717,1.366013802345066e-05,-5.164426583615271e-06,-0.05526936818215808
3.824999988079071,80,4.8872808484755274e-05,-2.3661760076727895e-05,0.99999999852578481,-0.0020514329341302191,-0.99999789553190099,-2.3551769036316547e-05,2.2379410587437947e-06,-0.05526828556901209
3.824999988079071,83,4.9736514297942788e-05,1.5778763966106579e-06,0.9999999987618946,-0.0010040438311767728,-0.99999949594658644,1.599434878323891e-06,-2.7649465710386286e-05,-0.054954316374445165
3.824999988079071,85,-5.2518298142922478e-06,-4.6457154466054708e-06,0.99999999997541777,-0.0016456283561872985,-0.99999864594191257,-4.6534426616760126e-06,-5.017664616487838e-06,-0.055162088371632216
3.824999988079071,88,-6.481573494923848e-05,-8.9630049600583874e-06,0.9999999978592925,-0.0010088682448280853,-0.99999949105182018,-8.9980711177284217e-06,9.030076975421822e-06,-0.054953724013435346
3.850000023841858,57,-0.00047187548429718419,-1.7381991893121863e-05,0.99999988851569055,0.0042248747132677088,-0.99999107505918128,-1.535057238182674e-05,0.00011353117046475209,-0.05230143351447898
3.850000023841858,60,0.00017813052423584075,-6.5342939229365364e-06,0.99999998411340951,-0.00036962335548448757,-0.99999993166848045,-6.4505306634737407e-06,-6.164846601677227e-06,-0.05507716992689707
3.850000023841858,61,0.00054525190391636208,4.1775762238265194e-05,0.99999985047756224,0.0042426796808129911,-0.99999099901706623,3.9420497966757942e-05,7.582252018180726e-06,-0.05231306250970931
3.850000023841858,64,-0.00018668473295131968,8.2868650822496261e-06,0.99999998254006894,-0.00034363443759732496,-0.99999994092405287,8.2014821350759342e-06,-1.3080345986839486e-05,-0.05507703418834761
3.850000023841858,68,-9.7077130874009959e-05,-5.2047552797786907e-06,0.99999999527447048,0.0017644381286710271,-0.99999844336599708,-4.8654971246585601e-06,2.780787104179347e-05,-0.05377315988461954
3.850000023841858,69,3.2127614941941029e-05,1.1019994546234117e-05,0.99999999942318807,0.0033292338484174544,-0.99999445802618658,1.0903941841693976e-05,4.5314508745086985e-05,-0.05284659231319051
3.850000023841858,72,6.5910800003880901e-07,1.7801790680824013e-06,0.99999999999819822,-4.424504085695872e-05,-0.99999999901961856,1.7717124529677029e-06,-8.278583681616566e-07,-0.05491706478945931
3.850000023841858,76,0.00013911174810787505,2.1428778717277573e-05,0.99999999009436435,0.0017852242751285495,-0.99999840626574366,2.0982382897499802e-05,2.536000554570662e-05,-0.05377666793016418
3.850000023841858,78,-5.4910701981543675e-05,1.3725248621530771e-05,0.99999999839821629,-0.0020056345710286949,-0.99999798862039546,1.3606279887478731e-05,-5.630743484512359e-06,-0.055997393431261075
3.850000023841858,80,4.6976602745259579e-05,-2.3530387470307263e-05,0.99999999861975974,-0.0020181395260689973,-0.99999796327996282,-2.342604126537583e-05,2.313711860482734e-06,-0.05599634111188391
3.850000023841858,83,5.0256161005438807e-05,1.556161814985147e-06,0.99999999873594814,-0.00098629748266962206,-0.99999951360727446,1.5779929724522913e-06,-2.7718065080233765e-05,-0.05568860372205578
3.850000023841858,85,-5.3610035308533771e-06,-4.6117962233122443e-06,0.99999999997499556,-0.0016178540997270556,-0.99999869126252927,-4.6195769127663834e-06,-5.169451434977428e-06,-0.05589233019729938
3.850000023841858,88,-6.5503819030179913e-05,-8.8836210761353836e-06,0.99999999781516546,-0.00099104761722687822,-0.99999950887241607,-8.9189137325628709e-06,8.883726106471981e-06,-0.05568802158022412
3.875,57,-0.00047286977656259212,-1.7386778574515801e-05,0.99999988804593087,0.0042370129613589188,-0.99999102370255644,-1.5345304882376269e-05,0.00011387177520750327,-0.05303553374870141
3.875,60,0.00017787469601964484,-6.5681761013463489e-06,0.99999998415872582,-0.00036929645539872434,-0.99999993178903723,-6.4844999809049758e-06,-6.267942691302737e-06,-0.055817666550931996
3.875,61,0.00054641306520493839,4.180586644511771e-05,0.99999984984250445,0.0042547809779830189,-0.99999094760072649,3.94389449654123e-05,7.541571241899703e-06,-0.0530471996457104
3.875,64,-0.00018642094639755114,8.3528188596916124e-06,0.99999998258873046,-0.00034315350541587621,-0.99999994108865797,8.2675453857116091e-06,-1.293596433396855e-05,-0.05581753388514751
3.875,68,-9.7508494277031863e-05,-5.2143294701132082e-06,0.99999999523245209,0.0017698426698390505,-0.99999843381536169,-4.8731559275184884e-06,2.7982043065732083e-05,-0.05451174972747781
3.875,69,3.2212030721347804e-05,1.1031760728083611e-05,0.99999999942034279,0.0033390390500723241,-0.99999442533400296,1.0915085869729223e-05,4.544489098058028e-05,-0.05358232064186916
3.875,72,6.6684040612602871e-07,1.7969497481518935e-06,0.99999999999816302,-4.0697055390974048e-05,-0.9999999991702756,1.7884529476541367e-06,-8.085473196184364e-07,-0.05565657573913967
3.875,76,0.00013969057135804948,2.1460769747943518e-05,0.99999999001298967,0.0017906611079422123,-0.99999839654436429,2.1011824689097989e-05,2.5400010650386644e-05,-0.054515267876843104
3.875,78,-5.321383525743576e-05,1.3663501089029158e-05,0.99999999849079813,-0.0019722375988036798,-0.9999980550457358,1.3549891104373373e-05,-6.086466553739533e-06,-0.05672540799794223
3.875,80,4.50396803454384e-05,-2.3394350154282526e-05,0.9999999987120658,-0.0019846976538897537,-0.99999803021432843,-2.329561152067153e-05,2.372610000403667e-06,-0.056724386450235253
3.875,83,5.0779516791524162e-05,1.5337924139532392e-06,0.99999999870954404,-0.00096847608774444161,-0.99999953102571337,1.5558801095606767e-06,-2.7789763734299928e-05,-0.05642288252798956
3.875,85,-5.4715172260552685e-06,-4.576840338487954e-06,0.99999999997455757,-0.0015899690444685472,-0.99999873598791034,-4.5846701128099629e-06,-5.323129681175173e-06,-0.05662255926275234
3.875,88,-6.6196483447259928e-05,-8.8017917077360054e-06,0.99999999777027693,-0.00097314959386797333,-0.99999952645077306,-8.8372882634849378e-06,8.73946498265168e-06,-0.056422310813506286
3.899999976158142,57,-0.00047384161316144601,-1.7389172992296529e-05,0.99999988758586478,0.0042490953593627978,-0.99999097243594171,-1.5337748655135406e-05,0.00011421790648624237,-0.05376967662606258
3.899999976158142,60,0.00017757804057742021,-6.6027098684469803e-06,0.9999999842112216,-0.0003689546238389273,-0.99999993191499081,-6.5191430791854029e-06,-6.381524515869836e-06,-0.056558161987248314
3.899999976158142,61,0.0005475506693460204,4.1830699548333178e-05,0.99999984921921714,0.0042668232968745201,-0.99999089628979843,3.945223211029673e-05,7.491925816288843e-06,-0.053781378487746764
3.899999976158142,64,-0.00018611304445396355,8.4204965032986602e-06,0.99999998264551482,-0.00034265525136553714,-0.99999994125894842,8.3353561438385996e-06,-1.2774877975421853e-05,-0.056558032628989036
3.899999976158142,68,-9.7946444771440652e-05,-5.2236151941909967e-06,0.99999999518960392,0.0017752157212107841,-0.99999842429142038,-4.8805311385899502e-06,2.8163035164006087e-05,-0.055250357313728474
3.899999976158142,69,3.2296442711422985e-05,1.1042259748839279e-05,0.99999999941750406,0.003348804031235276,-0.99999439268038171,1.0924963518807413e-05,4.5574852842295606e-05,-0.05431808056481124
3.899999976158142,72,6.7566595963659864e-07,1.8141187235611375e-06,0.99999999999812617,-3.7139569169345977e-05,-0.99999999930869621,1.8055922359228107e-06,-7.874737977855089e-07,-0.05639608972069838
3.899999976158142,76,0.00014027786903814089,2.1490879188189098e-05,0.99999998993013073,0.0017960650423745506,-0.99999838685255271,2.1039388124317085e-05,2.5435781140780744e-05,-0.05525388531216641
3.899999976158142,78,-5.1446554606540904e-05,1.3597604609514039e-05,0.99999999858417865,-0.0019387546066157891,-0.99999812052253978,1.3489382993898473e-05,-6.527396803437605e-06,-0.05745341391403082
3.899999976158142,80,4.3024986442795422e-05,-2.3250230508059166e-05,0.9999999988041387,-0.001951165310849135,-0.9999980962070264,-2.3157127735526805e-05,2.403728688293273e-06,-0.05745242419236915
3.899999976158142,83,5.1313477998649635e-05,1.5102900970459314e-06,0.99999999868232292,-0.00095059270491009947,-0.99999954818547809,1.5326277858501395e-06,-2.7873278499406373e-05,-0.05715715199384858
3.899999976158142,85,-5.5850364518173682e-06,-4.5400095599729226e-06,0.99999999997409783,-0.001562025320630736,-0.99999878002736309,-4.5478869249940793e-06,-5.481083121482835e-06,-0.05735277254025533
3.899999976158142,88,-6.6902764051601167e-05,-8.7156149858564753e-06,0.99999999772402914,-0.00095518556279587609,-0.99999954377187361,-8.7513049675024348e-06,8.603270712939064e-06,-0.05715659115523998
3.925000011920929,57,-0.00047478852682258981,-1.7388305775486461e-05,0.99999988713674448,0.0042611201621701785,-0.99999092126881084,-1.5327048542623504e-05,0.00011456826559230758,-0.054503862435361594
3.925000011920929,60,0.0001772244987557855,-6.6383894418011466e-06,0.99999998427370418,-0.00036858200031694423,-0.99999993205216853,-6.5549645986034877e-06,-6.50458453000268e-06,-0.05729865192911932
3.925000011920929,61,0.00054866296064513646,4.1848397140370011e-05,0.99999984860882218,0.004278803717425359,-0.99999084509898095,3.9458507308968868e-05,7.435006549597824e-06,-0.054515599083151366
3.925000011920929,64,-0.0001857439315081924,8.4910131164533789e-06,0.99999998271354718,-0.00034212189181787337,-0.99999994144097304,8.406040659109755e-06,-1.2595935725584453e-05,-0.05729852625414972
3.925000011920929,68,-9.839583475677516e-05,-5.2325806770125994e-06,0.9999999951454398,0.0017805545650638245,-0.99999841479951979,-4.8875879796593501e-06,2.835541120618419e-05,-0.055988981634260394
3.925000011920929,69,3.2381379576802377e-05,1.1051060710863086e-05,0.99999999941466011,0.0033585289852123526,-0.99999436006585674,1.0933142429670055e-05,4.570492897253934e-05,-0.05505387189124229
3.925000011920929,72,6.8592501294496823e-07,1.8319475563208787e-06,0.99999999999808675,-3.3566287602419416e-05,-0.99999999943498974,1.8233917343517817e-06,-7.640559103872622e-07,-0.05713560495016791
3.925000011920929,76,0.00014088000420310303,2.1518588367415294e-05,0.99999998984488725,0.0018014331197423162,-0.99999837719618323,2.1064549160288295e-05,2.5464718172577996e-05,-0.05599251916713542
3.925000011920929,78,-4.9570527062182216e-05,1.3525656846492631e-05,0.99999999867990974,-0.0019052528770151281,-0.99999818491400272,1.342291608070543e-05,-6.948901978859953e-06,-0.05818141339375839
3.925000011920929,80,4.0889772888901047e-05,-2.3094087295327115e-05,0.99999999889734492,-0.0019176080954713653,-0.99999816112325091,-2.3006720346672807e-05,2.394706910749671e-06,-0.05818045721109956
3.925000011920929,83,5.1865983159754108e-05,1.4851012604647455e-06,0.99999999865385714,-0.00093266217708715419,-0.99999956506940058,1.5076928032290572e-06,-2.7978422272135758e-05,-0.057891411151614544
3.925000011920929,85,-5.7034826822839214e-06,-4.5003387146932198e-06,0.99999999997360878,-0.0015340821414121112,-0.99999882328513701,-4.5082653568128355e-06,-5.646055800284612e-06,-0.05808296653704631
3.925000011920929,88,-6.7633059006676059e-05,-8.6228966027408296e-06,0.99999999767570746,-0.00093716843028873763,-0.99999956082008279,-8.6587826844509496e-06,8.481811734263239e-06,-0.057890861912640666
3.949999988079071,57,-0.00047571556364021678,-1.7386636499435463e-05,0.99999988669619733,0.0042730896015803922,-0.99999087019366728,-1.531563748353235e-05,0.00011492774152884693,-0.05523809088675245
3.949999988079071,60,0.00017685941694388314,-6.6736960619385652e-06,0.99999998433810422,-0.00036821923045091435,-0.99999993218558003,-6.590417508949917e-06,-6.639439684595349e-06,-0.05803914906888813
3.949999988079071,61,0.00054975267469241113,4.186421714415703e-05,0.99999984800968045,0.0042907278106838788,-0.99999079400638757,3.9463009028302585e-05,7.36433049359739e-06,-0.05524986178105909
3.949999988079071,64,-0.00018536156795715452,8.5609790261126204e-06,0.99999998278389912,-0.00034160000957415674,-0.99999994161879224,8.4761790426535429e-06,-1.2402589298843185e-05,-0.05803902702584524
3.949999988079071,68,-9.8842205038993596e-05,-5.2412812042492099e-06,0.99999999510137361,0.0017858657835914818,-0.99999840532845241,-4.8943925086422183e-06,2.85442384407475e-05,-0.05672762563349363
3.949999988079071,69,3.2465210058402897e-05,1.1059371783002181e-05,0.99999999941185025,0.0033682113979780809,-0.9999943275000498,1.0940835537332485e-05,4.583341855511927e-05,-0.05578969551739703
3.949999988079071,72,6.9680128710542696e-07,1.8496390710871214e-06,0.99999999999804667,-2.9992546660024312e-05,-0.99999999954852881,1.8410548576947871e-06,-7.397712274500917e-07,-0.05787512638800298
3.949999988079071,76,0.00014147808842049819,2.1545289567911331e-05,0.99999998975987547,0.0018067724713192108,-0.99999836756291904,2.1088718131740155e-05,2.5495986474862353e-05,-0.05673117254015457
3.949999988079071,78,-4.7701186422962357e-05,1.34532492074528e-05,0.99999999877180368,-0.0018715620578856173,-0.99999824853700836,1.3355860007899943e-05,-7.368550678054674e-06,-0.058909398585994595
3.949999988079071,80,3.8763021828252748e-05,-2.2937577119474772e-05,0.99999999898564784,-0.0018838604627375776,-0.99999822527210991,-2.2855794045016372e-05,2.386760025181016e-06,-0.058908475630568384
3.949999988079071,83,5.2412131016880232e-05,1.4598653477180925e-06,0.99999999862541866,-0.00091464665037044356,-0.99999958170956571,1.4826772670379035e-06,-2.8071785781097995e-05,-0.05862566355446364
3.949999988079071,85,-5.8209113349307802e-06,-4.460697030759304e-06,0.99999999997310951,-0.0015059855236796479,-0.99999886599317378,-4.4686637587279521e-06,-5.809556801723101e-06,-0.058813153447147055
3.949999988079071,88,-6.8354629732537658e-05,-8.5301498454335989e-06,0.99999999762744063,-0.00091906604346641239,-0.99999957762202496,-8.5661876761045349e-06,8.351737829504305e-06,-0.058625125799798734
3.975000023841858,57,-0.00047662239766463338,-1.7384246097307678e-05,0.99999988626443259,0.0042850029441956292,-0.9999908192156407,-1.5303598896837182e-05,0.00011529671903766894,-0.05597236213214964
3.975000023841858,60,0.00017648429610284905,-6.7085510375256201e-06,0.99999998440414417,-0.00036786521036151514,-0.99999993231564299,-6.6254227385096091e-06,-6.7858684976462905e-06,-0.05877965365792022
3.975000023841858,61,0.0005508193314289621,4.1878328298940057e-05,0.99999984742212322,0.004302594958589135,-0.99999074301668622,3.9465909255007924e-05,7.279336721212951e-06,-0.05598416674425216
3.975000023841858,64,-0.00018496747492016422,8.6302265228273515e-06,0.999999982856276,-0.00034108881166735092,-0.9999999417926958,8.5456031930678313e-06,-1.2195183791485753e-05,-0.05877953517526
3.975000023841858,68,-9.9284887006522248e-05,-5.2497104673424587e-06,0.99999999505747572,0.0017911490468788915,-0.99999839587924966,-4.9009394433298253e-06,2.8728567775327835e-05,-0.05746628931713745
3.975000023841858,69,3.2547844269356891e-05,1.1067229947702455e-05,0.99999999940907713,0.0033778505164622544,-0.99999429498674042,1.0948080181014269e-05,4.59602165792957e-05,-0.05652555156755981
3.975000023841858,72,7.0829801512618034e-07,1.867153880390135e-06,0.99999999999800615,-2.6417562133008949e-05,-0.99999999964932917,1.8585422742819024e-06,-7.146349136430498e-07,-0.05861465399897644
3.975000023841858,76,0.00014207126169367085,2.1571010254929763e-05,0.99999998967522408,0.0018120827541821872,-0.99999835795384118,2.1111923978892643e-05,2.553028503041446e-05,-0.05746984543814298
3.975000023841858,78,-4.5843944607588873e-05,1.3380619911099367e-05,0.99999999885964597,-0.0018376884817031618,-0.99999831136080497,1.3288442151552725e-05,-7.787963595984904e-06,-0.059637368659345685
3.975000023841858,80,3.6650863366928598e-05,-2.2781191800808838e-05,0.99999999906886572,-0.0018499289606695496,-0.99999828862220108,-2.2704828468511345e-05,2.3826972647504203e-06,-0.05963647852802418
3.975000023841858,83,5.2950543626369011e-05,1.4346567330154673e-06,0.99999999859709088,-0.00089654735913715625,-0.99999959810027328,1.4576537243648468e-06,-2.8151254329802338e-05,-0.05935990944285641
3.975000023841858,85,-5.9370003823362678e-06,-4.4212049144301377e-06,0.99999999997260247,-0.0014777389248168547,-0.99999890813343006,-4.4292020716968526e-06,-5.971140288426419e-06,-0.059543333992997834
3.975000023841858,88,-6.9065634752330752e-05,-8.4376559224306253e-06,0.99999999757937208,-0.00090087989044673907,-0.99999959417172646,-8.4737989130101524e-06,8.211526968569194e-06,-0.05935938301976888
4.0,57,-0.0004775086608980582,-1.7381193827865791e-05,0.99999988584168009,0.0042968592738117876,-0.99999076834067147,-1.5290994853747872e-05,0.00011567555442581357,-0.05670667635676674
4.0,60,0.00017610020032003982,-6.7428866551370608e-06,0.9999999844716263,-0.00036751788604045432,-0.99999993244312224,-6.6599125825166313e-06,-6.943511166279017e-06,-0.05952016575180815
4.0,61,0.0005518624344996759,4.1890853549124901e-05,0.99999984684649323,0.0043144043299664179,-0.9999906921354853,3.9467334439929174e-05,7.179513090928029e-06,-0.05671851416309854
4.0,64,-0.00018456269496658025,8.6986128475551324e-06,0.99999998293047265,-0.00034058651155068303,-0.99999994196331032,8.6141703824251732e-06,-1.1974130020228792e-05,-0.05952005074099692
4.0,68,-9.9723348141823184e-05,-5.25786094872137e-06,0.99999999501380432,0.0017964038510199568,-0.99999838645325989,-4.9072222111941802e-06,2.8907525773106892e-05,-0.058204972633636665
4.0,69,3.262920984696036e-05,1.1074661673170076e-05,0.99999999940634321,0.0033874454653037337,-0.99999426253014578,1.0954903141752818e-05,4.6085236812188515e-05,-0.057261440173740664
4.0,72,7.2043466523108264e-07,1.8844585442225868e-06,0.99999999999796485,-2.2840116221129642e-05,-0.99999999973740528,1.8758205991054522e-06,-6.886385090693105e-07,-0.05935418762811866
4.0,76,0.00014265884832398627,2.1595764411386896e-05,0.99999998959103797,0.0018173634435735414,-0.99999834837036616,2.1134182011237551e-05,2.5568298968780525e-05,-0.05820853780922001
4.0,78,-4.4003376512906856e-05,1.3307964298484336e-05,0.99999999894330061,-0.0018036428294739453,-0.99999837334755359,1.3220849131549043e-05,-8.20887155286202e-06,-0.0603653226453664
4.0,80,3.4558510044475205e-05,-2.2625329439787754e-05,0.99999999914690196,-0.0018158244542342392,-0.99999835113507007,-2.2554211965639967e-05,2.3852817288830455e-06,-0.06036446485986274
4.0,83,5.3479989635828127e-05,1.4095378620989302e-06,0.99999999856895194,-0.00087836648467855402,-0.99999961423505879,1.4326831420310705e-06,-2.8214853837842993e-05,-0.06009414899452096
4.0,85,-6.0514621792486869e-06,-4.3819588807348676e-06,0.99999999997208922,-0.0014493492405725085,-0.99999894968320202,-4.3899764593682388e-06,-6.130413028461142e-06,-0.060273508761623025
4.0,88,-6.9764417819018944e-05,-8.3456441896134825e-06,0.99999999753163815,-0.00088261236294307226,-0.99999961046250496,-8.3818439609068463e-06,8.059747385902751e-06,-0.06009363371960426
4.025000000372529,57,-0.00047602009376113055,-1.7385927185538416e-05,0.99999988655129357,0.0042770672322381366,-0.99999085318888925,-1.5311701502937095e-05,0.00011505205322599094,-0.05548284927367666
4.025000000372529,60,0.00017673542157861584,-6.6853707765516669e-06,0.9999999843599483,-0.00036810033857035692,-0.99999993222927397,-6.6021418769043438e-06,-6.686196842157281e-06,-0.05828598783293272
4.025000000372529,61,0.00055011079783523237,4.1869109570485052e-05,0.99999984781253226,0.004294690128603694,-0.99999077699710814,3.9464152316787947e-05,7.335208872004772e-06,-0.05549463140222016
4.025000000372529,64,-0.00018523143661812122,8.5841551568992266e-06,0.99999998280781355,-0.00034142849511711632,-0.99999994167716966,8.4994136021401597e-06,-1.2336054804674428e-05,-0.058285866885601154
4.025000000372529,68,-9.8990203771401566e-05,-5.2441282330351668e-06,0.99999999508671933,0.0017876301198387894,-0.99999840217601255,-4.8966105131216849e-06,2.8605191317475345e-05,-0.05697384925099721
4.025000000372529,69,3.2492889685937593e-05,1.1062037999965028e-05,0.99999999941092177,0.003371429491301205,-0.99999431665556449,1.0943296738138507e-05,4.58758584261908e-05,-0.056034984204393984
4.025000000372529,72,7.0056365258007144e-07,1.855500368529945e-06,0.99999999999803324,-2.880107518374029e-05,-0.99999999958354369,1.8469069099414477e-06,-7.316063864850834e-07,-0.05812164128061605
4.025000000372529,76,0.00014167639307572405,2.1553976135006981e-05,0.99999998973161275,0.0018085459371560734,-0.99999836435692646,2.109656440302001e-05,2.550797929083279e-05,-0.05697739919136338
4.025000000372529,78,-4.7080531731886417e-05,1.3429131343134861e-05,0.99999999880154111,-0.0018602910761186852,-0.99999826956816784,1.3333495290788527e-05,-7.51139625187461e-06,-0.05915206218089133
4.025000000372529,80,3.8057082051124953e-05,-2.2885481386972387e-05,0.99999999901395675,-0.001872570286703601,-0.99999824647867719,-2.2805523625972791e-05,2.3876697971616427e-06,-0.05915115024217763
4.025000000372529,83,5.2592516367398846e-05,1.4514857912121892e-06,0.99999999861596034,-0.00090862294717588827,-0.9999995872009978,1.4743633999019981e-06,-2.810067445380096e-05,-0.058870422826010425
4.025000000372529,85,-5.8597727338526609e-06,-4.447506346959951e-06,0.99999999997294142,-0.0014965866715449855,-0.99999888010361448,-4.4554843141270257e-06,-5.863786709364684e-06,-0.05905655414324802
4.025000000372529,88,-6.8592884278165852e-05,-8.4992990623902318e-06,0.99999999761138914,-0.00091301337435151545,-0.99999958316677584,-8.5353772208575747e-06,8.306667121456621e-06,-0.058869888845891186
4.050000000745058,57,-0.00047447507040510148,-1.7388713710684177e-05,0.9999998872855137,0.0042571185078420009,-0.99999093831243258,-1.5330723910431827e-05,0.00011445511341483971,-0.05425914141480116
4.050000000745058,60,0.00017734374868601358,-6.6265370372964238e-06,0.9999999842526418,-0.00036870514846515232,-0.99999993200684856,-6.5430643356233087e-06,-6.460971143202145e-06,-0.057051830475439214
4.050000000745058,61,0.00054829465711043557,4.1842734654541998e-05,0.99999984881106585,0.0042748169666617271,-0.99999086214978739,3.9456640705844204e-05,7.4508159950127245e-06,-0.05427086640081327
4.050000000745058,64,-0.00018586856741296102,8.4675685698239418e-06,0.99999998269058776,-0.00034229845936576759,-0.9999999413807471,8.382539572537997e-06,-1.2659038224159972e-05,-0.05705170337884856
4.050000000745058,68,-9.8246319254801504e-05,-5.2296353362857738e-06,0.9999999951601557,0.0017787782605370843,-0.9999984179607655,-4.8852774825377362e-06,2.8289640840507314e-05,-0.05574278046734421
4.050000000745058,69,3.2353179593895596e-05,1.1048181006654979e-05,0.99999999941560469,0.0033552924341109366,-0.99999437093075993,1.0930469647364745e-05,4.566169859544634e-05,-0.054808618457712795
4.050000000745058,72,6.8243477795200571e-07,1.8260201615558397e-06,0.99999999999809985,-3.4757429504685784e-05,-0.99999999939430873,1.8174740150555461e-06,-7.72202899422735e-07,-0.05688911177198065
4.050000000745058,76,0.00014067966895862352,2.1509477669529321e-05,0.99999998987328642,0.0017996471902401142,-0.9999983804120004,2.1056286139852446e-05,2.545661807283059e-05,-0.05574631472973418
4.050000000745058,78,-5.0195571320165178e-05,1.3549866709724438e-05,0.99999999864840294,-0.0019164418061057445,-0.99999816353332749,1.3445312436164547e-05,-6.8145178498465844e-06,-0.05793875852482115
4.050000000745058,80,4.1601062211644931e-05,-2.3146353077355762e-05,0.99999999886679891,-0.0019288156852491616,-0.99999813956748085,-2.3057090056540895e-05,2.4030619269597706e-06,-0.05793779124305782
4.050000000745058,83,5.1682404582599909e-05,1.4935685455887465e-06,0.9999999986633491,-0.00093864881050853902,-0.99999955946795893,1.5160790415546167e-06,-2.7945997667071028e-05,-0.05764667847106824
4.050000000745058,85,-5.6640930244599217e-06,-4.5135592080407589e-06,0.99999999997377287,-0.0015434140534488058,-0.99999880892559867,-4.5214704149599842e-06,-5.591467356495588e-06,-0.05783958200689685
4.050000000745058,88,-6.7390452181683973e-05,-8.6538708403559253e-06,0.99999999769181858,-0.0009431839785834339,-0.99999955516413686,-8.6896963107793173e-06,8.524032612697304e-06,-0.0576461253330819
4.075000002980232,57,-0.00047286974601634408,-1.7386811388505547e-05,0.99999988804594475,0.0042370137000009404,-0.99999102369942627,-1.5345337478223748e-05,0.00011387847776104107,-0.05303555245695942
4.075000002980232,60,0.00017787463554800847,-6.5681848670658199e-06,0.99999998415873648,-0.00036929645177728179,-0.99999993178903857,-6.4845087698484071e-06,-6.266254959391932e-06,-0.05581768026512728
4.075000002980232,61,0.00054641302079876943,4.1805882302338432e-05,0.99999984984252821,0.0042547817020916747,-0.99999094759764495,3.9438960620252856e-05,7.534808391096987e-06,-0.05304721816140716
4.075000002980232,64,-0.00018642088454527581,8.3528400290992445e-06,0.99999998258874179,-0.00034315349406985281,-0.99999994108866164,8.2675665791328608e-06,-1.2938484396986097e-05,-0.055817547312818794
4.075000002980232,68,-9.7508503613979826e-05,-5.2143506440815986e-06,0.9999999952324512,0.0017698430333124575,-0.99999843381471831,-4.8731770474016669e-06,2.7979203614844746e-05,-0.05451176335832948
4.075000002980232,69,3.2212026143936221e-05,1.1031753803412097e-05,0.9999999994203429,0.0033390396707597696,-0.99999442533193073,1.0915078943569783e-05,4.5444826403704055e-05,-0.05358234157694816
4.075000002980232,72,6.6683990046084047e-07,1.7969552773959159e-06,0.99999999999816314,-4.0697055387215451e-05,-0.99999999917027549,1.7884584744576225e-06,-8.089102195591238e-07,-0.05565659438227161
4.075000002980232,76,0.00013969057884441333,2.1460784476904624e-05,0.99999999001298856,0.0017906614665524176,-0.9999983965437218,2.101183935529063e-05,2.5402523610530942e-05,-0.05451528134527082
4.075000002980232,78,-5.3213781548941972e-05,1.3663730969353671e-05,0.99999999849079801,-0.0019722387642640599,-0.99999805504343398,1.3550121026321515e-05,-6.0949699435316114e-06,-0.05672542279849176
4.075000002980232,80,4.5039607159141913e-05,-2.339454575065863e-05,0.99999999871206458,-0.0019846988168516645,-0.99999803021201583,-2.3295807207415757e-05,2.380299787517049e-06,-0.056724401332589075
4.075000002980232,83,5.0779511739655347e-05,1.5338807178481456e-06,0.99999999870954426,-0.00096847665951781191,-0.99999953102515959,1.5559684307719728e-06,-2.7791981951709423e-05,-0.05642291162837977
4.075000002980232,85,-5.471526203555964e-06,-4.5768235145556556e-06,0.99999999997455746,-0.0015899700331433496,-0.99999873598633837,-4.5846533086707874e-06,-5.323541503525433e-06,-0.05662257775669137
4.075000002980232,88,-6.6196491661629623e-05,-8.8018498118626892e-06,0.99999999777027604,-0.00097315015835283041,-0.99999952645022328,-8.8373464074626091e-06,8.74081079057988e-06,-0.056422339853559135
4.100000001490116,57,-0.00047120127008359148,-1.7377913344857193e-05,0.99999988883367941,0.0042167532713250555,-0.99999110933854152,-1.5353247243027606e-05,0.00011331644980467157,-0.0518120821307776
4.100000001490116,60,0.0001782855965738953,-6.5118537020393407e-06,0.99999998408592083,-0.00036984028735568257,-0.99999993158841882,-6.4280399677141038e-06,-6.100093738998668e-06,-0.054583524901193926
4.100000001490116,61,0.00054446549931533815,4.1753637425879418e-05,0.99999985090696575,0.0042345816495362055,-0.99999103334250206,3.9406200365031168e-05,7.59484959066661e-06,-0.051823685858585836
4.100000001490116,64,-0.00018684374309969597,8.2433727008612675e-06,0.99999998251073119,-0.00034395359534638811,-0.99999994081468446,8.1579248672190664e-06,-1.3171236893019198e-05,-0.054583386821004595
4.100000001490116,68,-9.6791039066701536e-05,-5.1982551637627421e-06,0.99999999530223638,0.0017608193495093146,-0.99999844974459651,-4.860277878448417e-06,2.7689744282951536e-05,-0.05328079509050414
4.100000001490116,69,3.2071094007839909e-05,1.101163379339884e-05,0.99999999942509432,0.0033226754285567281,-0.99999447983940071,1.0895996931594028e-05,4.5227021706317203e-05,-0.05235615239143415
4.100000001490116,72,6.5441023798606198e-07,1.7691077806819814e-06,0.99999999999822098,-4.6607990119150842e-05,-0.99999999891229763,1.7606616319040571e-06,-8.404928555980417e-07,-0.05442408458519727
4.100000001490116,76,0.00013872771871838293,2.1406662404332027e-05,0.99999999014818741,0.001781583288637791,-0.99999841275953116,2.0961970146533151e-05,2.5335453855689763e-05,-0.05328429607754097
4.100000001490116,78,-5.6020253666665488e-05,1.3765272899482891e-05,0.9999999983361243,-0.0020278219150180157,-0.99999794387396479,1.3642717793942034e-05,-5.3326661161457965e-06,-0.05551206393649845
4.100000001490116,80,4.8244093297934592e-05,-2.3618640196035561e-05,0.99999999855733357,-0.0020403550845446566,-0.99999791819702477,-2.3510536840079799e-05,2.275443620146902e-06,-0.05551099149399318
4.100000001490116,83,4.9909505490189677e-05,1.5708118443536594e-06,0.99999999875328693,-0.00099813790932472128,-0.99999950185896502,1.59246329726705e-06,-2.7675324348577573e-05,-0.055199118299644606
4.100000001490116,85,-5.2881310808080477e-06,-4.6344775821535616e-06,0.99999999997527866,-0.0016363855818566056,-0.99999866110944235,-4.6422232170081841e-06,-5.068654699552871e-06,-0.05540552798107452
4.100000001490116,88,-6.5044851699368186e-05,-8.936835043237308e-06,0.99999999784465021,-0.001002937765713271,-0.99999949701754431,-8.9719795980382246e-06,8.983180585033008e-06,-0.05519852925395103
4.125,57,-0.00046947903172146196,-1.736503740269975e-05,0.99999988964394093,0.004196343347492624,-0.99999119519456736,-1.5357417580172415e-05,0.00011277338119090607,-0.050588729425322915
4.125,60,0.00017863205879699629,-6.4558557147255324e-06,0.99999998402445467,-0.00037039273038735654,-0.99999993138430943,-6.3719338633246445e-06,-5.9660315205087535e-06,-0.053349379268423626
4.125,61,0.00054245918289156443,4.169248242884477e-05,0.99999985199987496,0.0042142269976625625,-0.99999111933117935,3.9364794554537993e-05,7.625479164890231e-06,-0.05060026933175192
4.125,64,-0.0001871961198398033,8.1353475790147534e-06,0.9999999824457142,-0.00034476140552074693,-0.9999999405373855,8.0497566866363913e-06,-1.3361178300129267e-05,-0.05334923629379542
4.125,68,-9.6077467140227103e-05,-5.1814666035151235e-06,0.99999999537113637,0.0017517169400953381,-0.99999846573095863,-4.8467070488170732e-06,2.74056667347168e-05,-0.05204987923659642
4.125,69,3.1928632686562242e-05,1.0989322117412439e-05,0.9999999994298987,0.0033061991235599619,-0.99999453444961162,1.0874729445018868e-05,4.500653923459787e-05,-0.05113005153166385
4.125,72,6.4399044743091262e-07,1.741581073647806e-06,0.99999999999827627,-5.2512669056237931e-05,-0.9999999986197079,1.7331873885197483e-06,-8.689393105156978e-07,-0.05319158848309205
4.125,76,0.00013776953542521807,2.1348932348349309e-05,0.99999999028188902,0.0017724232497091372,-0.99999842903809488,2.0908516558609344e-05,2.526437185426439e-05,-0.0520533627086957
4.125,78,-5.8746971928346361e-05,1.3861053299460618e-05,0.99999999817833218,-0.0020829520882888362,-0.99999783055869695,1.3729437239171862e-05,-4.543729244153414e-06,-0.05429867360829946
4.125,80,5.1361651025761469e-05,-2.3832243273231663e-05,0.99999999839700249,-0.0020955510667176034,-0.99999780404926064,-2.3714627992375533e-05,2.131201305274548e-06,-0.05429755110898467
4.125,83,4.9045121882833669e-05,1.6062651956317079e-06,0.99999999879599799,-0.0010275800964657067,-0.99999947203810902,1.6274292380050189e-06,-2.7561653783545096e-05,-0.05397530134608343
4.125,85,-5.1073138292813838e-06,-4.68985575474849e-06,0.99999999997596034,-0.00168245130793165,-0.99999858466676339,-4.6975030811892229e-06,-4.817372237463737e-06,-0.054188444179824276
4.125,88,-6.3899823923852016e-05,-9.0663932249765817e-06,0.99999999791730643,-0.0010325009834818012,-0.99999946692930231,-9.1011149393561995e-06,9.227571625011738e-06,-0.053974695438916455
4.1500000059604645,57,-0.00046806062561685434,-1.7362548754680745e-05,0.99999989030889036,0.004176029314737666,-0.99999128023343709,-1.537055941467969e-05,0.00011231836510239984,-0.04936554166731987
4.1500000059604645,60,0.00017910434763897121,-6.4051796704101387e-06,0.99999998394030298,-0.00037103214427531227,-0.99999993114759345,-6.3210811028226331e-06,-5.879837959882476e-06,-0.052115264370019614
4.1500000059604645,61,0.00054080126891678038,4.1658292164133998e-05,0.99999985289927629,0.0041939771048662804,-0.99999120446518031,3.9348719853048525e-05,7.642695268825622e-06,-0.04937702459233783
4.1500000059604645,64,-0.00018768551645931126,8.0342767867047617e-06,0.99999998235479859,-0.00034563596850983798,-0.99999994023629779,7.9484750587555163e-06,-1.3522425009200363e-05,-0.052115116723624996
4.1500000059604645,68,-9.5423539127666173e-05,-5.1680567107443425e-06,0.99999999543381957,0.0017425313866194492,-0.99999848177933592,-4.8362813604002992e-06,2.7130272751777543e-05,-0.050819041652414444
4.1500000059604645,69,3.1805787015840117e-05,1.0974471768081623e-05,0.99999999943397644,0.0032897085262239816,-0.99999458883528702,1.0860847804074195e-05,4.481348059851967e-05,-0.049904088458313
4.1500000059604645,72,6.3138326699916787e-07,1.7154689691607187e-06,0.99999999999832923,-5.8470416732516436e-05,-0.9999999982891481,1.70712338195231e-06,-9.012581423819628e-07,-0.05195912857016892
4.1500000059604645,76,0.00013689593024141046,2.1305558084780378e-05,0.99999999040278886,0.0017631940177268292,-0.99999844535445948,2.0869114643596885e-05,2.5214529899692518e-05,-0.050822509835156744
4.1500000059604645,78,-6.1456511903591635e-05,1.3964476852857111e-05,0.99999999801404538,-0.002137645927944879,-0.99999771513678759,1.3823556240614676e-05,-3.7398117180068437e-06,-0.05308527276718191
4.1500000059604645,80,5.4445314365332795e-05,-2.4059021680796974e-05,0.99999999822843566,-0.0021503154495516865,-0.99999768778269882,-2.3931639805311194e-05,1.955210278894611e-06,-0.05308409967746158
4.1500000059604645,83,4.8234348280983249e-05,1.6420647829609782e-06,0.99999999883537549,-0.0010567494183924165,-0.99999944163879517,1.6627109087268897e-06,-2.7466481296274063e-05,-0.052751496384865086
4.1500000059604645,85,-4.9353353777197653e-06,-4.7478045719910483e-06,0.99999999997655031,-0.001728110398842418,-0.99999850680480329,-4.7553494800050703e-06,-4.57563738198624e-06,-0.052971352233614925
4.1500000059604645,88,-6.2827438306631942e-05,-9.2002399950341574e-06,0.99999999798403427,-0.001061792534010429,-0.99999943625551035,-9.2345055300187827e-06,9.467509955726746e-06,-0.05275087330443947
4.174999997019768,57,-0.00046701442403493984,-1.7374319938249311e-05,0.99999989079782436,0.0041558624557048694,-0.99999136424781421,-1.5396248231396345e-05,0.00011196483236578886,-0.04814252598723626
4.174999997019768,60,0.00017974504554289105,-6.3605060713728758e-06,0.99999998382563104,-0.00037178071723730237,-0.99999993086985184,-6.2761388184670674e-06,-5.844371886535314e-06,-0.05088118422265903
4.174999997019768,61,0.00053957088890984294,4.1657531404409034e-05,0.99999985356394216,0.0041738907595911933,-0.99999128850525254,3.936409113889796e-05,7.649353868258458e-06,-0.048153960749026045
4.174999997019768,64,-0.00018835802403449853,7.9411102031620755e-06,0.99999998222909647,-0.00034659727099176243,-0.99999993990431346,7.8550060259941553e-06,-1.3658840275460662e-05,-0.050881032109152444
4.174999997019768,68,-9.4838591959484878e-05,-5.1591603125131382e-06,0.99999999548951224,0.001733263947735145,-0.99999849788525064,-4.830090683609341e-06,2.6862996863929285e-05,-0.049588287008417206
4.174999997019768,69,3.1706575284077833e-05,1.0968344260553748e-05,0.99999999943719442,0.0032732266788140273,-0.99999464292028328,1.0855597820086498e-05,4.465337909686353e-05,-0.048678271839296156
4.174999997019768,72,6.1543980235661615e-07,1.6909720204303225e-06,0.99999999999838107,-6.4495982857075496e-05,-0.99999999791871852,1.6826691215597349e-06,-9.39140296162759e-07,-0.05072670874096506
4.174999997019768,76,0.00013611933950698335,2.1279785008047011e-05,0.99999999050934807,0.0017539006563937396,-0.99999846169776285,2.0846953423034627e-05,2.51911350843111e-05,-0.04959174266501153
4.174999997019768,78,-6.4170471524557142e-05,1.4078722321146706e-05,0.99999999784197002,-0.002191878976381372,-0.99999759773339336,1.3928211492447439e-05,-2.924417434659044e-06,-0.05187186364461521
4.174999997019768,80,5.7515733187488729e-05,-2.4304546709122048e-05,0.99999999805061468,-0.002204627729963847,-0.99999756951330809,-2.4167105857771998e-05,1.7518501738729307e-06,-0.0518706389136823
4.174999997019768,83,4.7484935242138258e-05,1.6788245772480909e-06,0.99999999887118129,-0.0010856294824376929,-0.99999941070269671,1.6989273793258212e-06,-2.7391524278263458e-05,-0.05152770940323974
4.174999997019768,85,-4.7731050399986284e-06,-4.809440659474852e-06,0.99999999997704347,-0.0017733291335403679,-0.99999842763905467,-4.8168815789490524e-06,-4.344096095799562e-06,-0.051754256311617244
4.174999997019768,88,-6.1838652631562724e-05,-9.3407210868281185e-06,0.99999999804436601,-0.0010907974553530583,-0.99999940503633811,-9.3745068908220836e-06,9.700741045387485e-06,-0.05152706873141639
4.200000002980232,57,-0.00046609193184453786,-1.7390547691978607e-05,0.99999989122793409,0.0041356761080223814,-0.99999144793601769,-1.5425836858797963e-05,0.00011166333572276685,-0.04691964686288681
4.200000002980232,60,0.00018043585466737041,-6.3180042864956379e-06,0.99999998370149246,-0.00037260253488465982,-0.99999993056424585,-6.2333341886279521e-06,-5.848442589392943e-06,-0.049647126593901456
4.200000002980232,61,0.00053848308044721267,4.166731824400126e-05,0.99999985414989268,0.0041537899312818214,-0.99999137220162293,3.9389363051969522e-05,7.634512973812069e-06,-0.046931036192274164
4.200000002980232,64,-0.00018908480289779074,7.8509039486731752e-06,0.99999998209265006,-0.00034762396395972452,-0.99999993954864463,7.7644631870159728e-06,-1.376305082708143e-05,-0.04964697009423175
4.200000002980232,68,-9.4278522460316283e-05,-5.1517548083398694e-06,0.99999999554250973,0.0017239222491044507,-0.99999851403329387,-4.8252961375309838e-06,2.659818652614514e-05,-0.048357597197047346
4.200000002980232,69,3.1615520528431889e-05,1.0964994905684762e-05,0.99999999944011397,0.0032566871388237796,-0.99999469692148368,1.0853095083089423e-05,4.450451652411766e-05,-0.047452565618574846
4.200000002980232,72,5.9870193900382364e-07,1.6670598060001366e-06,0.99999999999843114,-7.0555656297878434e-05,-0.9999999975095738,1.6587983681030902e-06,-9.783971907702712e-07,-0.049494313625636874
4.200000002980232,76,0.00013537772582279881,2.1259719096651932e-05,0.99999999061044786,0.0017445388361270371,-0.99999847807401443,2.0830376029024642e-05,2.5177741501266973e-05,-0.04836104121342815
4.200000002980232,78,-6.6877666281194771e-05,1.4196027904283614e-05,0.99999999766292524,-0.002245559660205182,-0.9999974786292275,1.4035681637517506e-05,-2.0934157298899995e-06,-0.05065842692736617
4.200000002980232,80,6.0572010641306794e-05,-2.4555728080166409e-05,0.99999999786402383,-0.0022583887434512316,-0.99999744953901515,-2.4407956909928905e-05,1.5262423323635155e-06,-0.05065714999469907
4.200000002980232,83,4.6756961507141095e-05,1.7156850522121006e-06,0.99999999890542157,-0.0011142414789840219,-0.99999937923126514,1.7351990246603314e-06,-2.731919069756666e-05,-0.05030391386975336
4.200000002980232,85,-4.6146530286395543e-06,-4.872258959864607e-06,0.99999999997748301,-0.0018180800813859957,-0.99999834727913806,-4.879585493412752e-06,-4.116328537671199e-06,-0.050537137694001574
4.200000002980232,88,-6.0879017547334243e-05,-9.4830251739132847e-06,0.99999999810190876,-0.0011195343196728396,-0.99999937327597732,-9.516274724570248e-06,9.927549474753466e-06,-0.050303255394872744
4.2249999940395355,57,-0.0004652078975146798,-1.7407881778014268e-05,0.99999989163928293,0.0041154113728797508,-0.99999153153930886,-1.5456370266072715e-05,0.00011139561113715966,-0.04569689158046058
4.2249999940395355,60,0.00018113597127640947,-6.2763764238745144e-06,0.99999998357518338,-0.00037348390676493026,-0.99999993023571654,-6.1913894270148557e-06,-5.887102794111214e-06,-0.04841308637699161
4.2249999940395355,61,0.00053744014480461516,4.1679726666940256e-05,0.99999985471043484,0.0041336119584876154,-0.99999145581273408,3.9417066139356828e-05,7.595733722676531e-06,-0.045708236132415696
4.2249999940395355,64,-0.0001898214699990494,7.7620164814191309e-06,0.99999998195378015,-0.0003487072922409269,-0.99999993917215568,7.6752250153416495e-06,-1.3833672249160475e-05,-0.04841292553679871
4.2249999940395355,68,-9.3728328990025334e-05,-5.1448183403932133e-06,0.99999999559426556,0.0017145090145034836,-0.9999985302167187,-4.8209384954934944e-06,2.633443190671409e-05,-0.047126965533661636
4.2249999940395355,69,3.1527325156949663e-05,1.0962348802895036e-05,0.99999999944292739,0.0032400660860518902,-0.99999475091322731,1.085128522284739e-05,4.435944874915151e-05,-0.04622695690442795
4.2249999940395355,72,5.8200889272016961e-07,1.643393221592106e-06,0.99999999999848022,-7.663730120307525e-05,-0.99999999706202503,1.6351734397385527e-06,-1.0176214712591506e-06,-0.048261937223607776
4.2249999940395355,76,0.0001346499099024385,2.1241261509332633e-05,0.99999999070910517,0.0017351072026055249,-0.99999849448372491,2.0815364488943486e-05,2.516819211631016e-05,-0.047130398152679255
4.2249999940395355,78,-6.9572511441201229e-05,1.4313665510168016e-05,0.99999999747739232,-0.0022986607535655742,-0.99999735797586387,1.4143261164813684e-05,-1.246013414087581e-06,-0.04944495416014622
4.2249999940395355,80,6.3611843741781383e-05,-2.4807916098353546e-05,0.99999999766905023,-0.002311568682649796,-0.99999732801774255,-2.4649560285059319e-05,1.2803462606134432e-06,-0.04944362466382047
4.2249999940395355,83,4.6037248433941584e-05,1.752335847768832e-06,0.99999999893875047,-0.0011425946950869923,-0.99999934723689976,1.7712099217442607e-06,-2.72445496807393e-05,-0.04908009935129263
4.2249999940395355,85,-4.4580511286801847e-06,-4.9353560193380094e-06,0.99999999997788402,-0.0018623576565737778,-0.99999826579826123,-4.9425551257052291e-06,-3.8902996628352885e-06,-0.049319987878178866
4.2249999940395355,88,-5.9930566803855387e-05,-9.6254099994186068e-06,0.99999999815783924,-0.0011480114382667122,-0.99999934098801257,-9.6580571177034262e-06,1.0148883046612955e-05,-0.049079422949183715
4.25,57,-0.00046431031615652756,-1.742420424800902e-05,0.9999998920561578,0.0040950301483064101,-0.99999161520898217,-1.5485969212316678e-05,0.00011114937658592132,-0.04447425227152086
4.25,60,0.0001818190370443721,-6.2348928325773839e-06,0.99999998345148189,-0.00037441235025395097,-0.99999992988878494,-6.149588656721533e-06,-5.956224560794941e-06,-0.047179059284893354
4.25,61,0.00053638258621145694,4.1689740444455316e-05,0.99999985527783308,0.004113316367354642,-0.99999153950058717,3.9442459605820775e-05,7.532757121673281e-06,-0.04448555142822789
4.25,64,-0.00019053943977532682,7.6735856939120649e-06,0.99999998181791871,-0.00034983753712565567,-0.99999993877806992,7.5864432426682072e-06,-1.3870827542104039e-05,-0.04717889414564835
4.25,68,-9.3179405983242721e-05,-5.1377323870848649e-06,0.99999999564560094,0.0017050254133594896,-0.9999985464315142,-4.8164365307081927e-06,2.607160552399985e-05,-0.045896387478927415
4.25,69,3.1438818461644161e-05,1.0959095015516557e-05,0.99999999944574935,0.0032233475746564306,-0.99999480494286308,1.0848869509952619e-05,4.4213702900884367e-05,-0.045001437574933204
4.25,72,5.6587576839420335e-07,1.6197988689543337e-06,0.99999999999852807,-8.2731696725422193e-05,-0.99999999657643468,1.6116217905412807e-06,-1.0559306778158498e-06,-0.047029575114375395
4.25,76,0.00013392365763836015,2.1221870290691681e-05,0.99999999080704305,0.0017256044345165323,-0.99999851092725101,2.0799424885120077e-05,2.515819764146627e-05,-0.045899808549364526
4.25,78,-7.2246942814438458e-05,1.4429764613155973e-05,0.99999999728608069,-0.0023511823432994161,-0.99999723586545541,1.424910674554333e-05,-3.820614268352262e-07,-0.04823143880014365
4.25,80,6.6628595855829954e-05,-2.5057822160307575e-05,0.99999999746636792,-0.0023641659307712106,-0.99999720504609746,-2.4888652822142532e-05,1.0146911409370336e-06,-0.048230056583204096
4.25,83,4.5318874605840925e-05,1.7885276832662517e-06,0.99999999897150038,-0.0011706993625403615,-0.99999931472963433,1.8067092760484585e-06,-2.716626136783711e-05,-0.04785625845933693
4.25,85,-4.3023833740276011e-06,-4.9980650747218328e-06,0.99999999997825451,-0.0019061721725124573,-0.9999981832396484,-5.0051226675161149e-06,-3.665139355296429e-06,-0.048102799794583644
4.25,88,-5.8983833473940744e-05,-9.7665579917866509e-06,0.99999999821276075,-0.0011762382329378704,-0.99999930818356475,-9.7985329290454761e-06,1.0366507497286625e-05,-0.047855564094417796
4.2750000059604645,57,-0.00046336232746874525,-1.7437905319124093e-05,0.9999998924956307,0.0040745031143924705,-0.99999169905740304,-1.5513190909459064e-05,0.00011091482053472131,-0.04325172338674016
4.2750000059604645,60,0.00018246437449873231,-6.1931208768379282e-06,0.99999998333419848,-0.00037537313741133028,-0.99999992952885064,-6.1075111684138758e-06,-6.051681010802516e-06,-0.045945040813875786
4.2750000059604645,61,0.00053526836203343219,4.1693569933199412e-05,0.99999985587470308,0.0040928720096772937,-0.99999162338564995,3.9461946106941015e-05,7.446625661451542e-06,-0.04326297561320621
4.2750000059604645,64,-0.00019121638855161427,7.5851835268039151e-06,0.99999998168937865,-0.00035100159589318287,-0.99999993837083023,7.4977019523256068e-06,-1.3875599571120364e-05,-0.04594487143693045
4.2750000059604645,68,-9.2626383443909698e-05,-5.1300616300732939e-06,0.99999999569701781,0.0016954714514407815,-0.99999856267567111,-4.8113803299324837e-06,2.5810442610828267e-05,-0.044665859271842724
4.2750000059604645,69,3.1347835985080474e-05,1.0954250688509372e-05,0.99999999944865881,0.0032065187380703316,-0.99999485904677088,1.084487338098773e-05,4.406420271188529e-05,-0.04377600169834807
4.2750000059604645,72,5.5067941710748198e-07,1.5961972364803604e-06,0.99999999999857436,-8.8829697851241623e-05,-0.9999999960533813,1.5880644930887876e-06,-1.0926598930885395e-06,-0.04579722326409374
4.2750000059604645,76,0.00013319123123841197,2.119969092552155e-05,0.99999999090533442,0.0017160287626841069,-0.9999985274056391,2.0780735256868564e-05,2.5144166683360204e-05,-0.04466926835991581
4.2750000059604645,78,-7.4889128394693282e-05,1.4542730902131745e-05,0.99999999709006371,-0.0024031496174788157,-0.99999711232880362,1.4351659806460567e-05,4.982859358841573e-07,-0.047017874780057575
4.2750000059604645,80,6.9610702808952168e-05,-2.5302523872686817e-05,0.99999999725706612,-0.0024162042848794763,-0.99999708065859938,-2.5122348760528891e-05,7.286091038624741e-07,-0.047016439942499155
4.2750000059604645,83,4.459838228883089e-05,1.8240049653079165e-06,0.99999999900382863,-0.0011985690936252892,-0.99999928171411057,1.8414428679684033e-06,-2.7085410956181346e-05,-0.04663238498250664
4.2750000059604645,85,-4.1473361842897158e-06,-5.0597616982676887e-06,0.99999999997859934,-0.0019495512224234751,-0.99999809961037434,-5.0666637093298809e-06,-3.44071176507635e-06,-0.04688556643117043
4.2750000059604645,88,-5.803403499341321e-05,-9.9052013813585756e-06,0.99999999826696895,-0.0012042274618329291,-0.99999927486848084,-9.9364349385420348e-06,1.0583094995332688e-05,-0.04663167272781535
4.300000011920929,57,-0.00046233580825709599,-1.7447599054157761e-05,0.999999892970585,0.0040538053714138612,-0.99999178317655146,-1.5536774998487482e-05,0.00011068331000497679,-0.04202930081644709
4.300000011920929,60,0.00018305333926333159,-6.1508498128613659e-06,0.99999998322682082,-0.00037634660664242824,-0.99999992916322145,-6.0649584446336442e-06,-6.168903087041711e-06,-0.04471102552499496
4.300000011920929,61,0.00053406558199620071,4.1687991685984242e-05,0.99999985651802237,0.0040722523725014951,-0.99999170756688815,3.9472446210749052e-05,7.339459056030662e-06,-0.04204050385151165
4.300000011920929,64,-0.00019183230223340718,7.4967393000948291e-06,0.99999998157208325,-0.0003521805805157261,-0.99999993795697129,7.4089431010252965e-06,-1.384992218445542e-05,-0.04471085201891914
4.300000011920929,68,-9.2066205052524991e-05,-5.1214767771078789e-06,0.99999999574879228,0.001685845861220692,-0.99999857894930999,-4.8054587509543932e-06,2.5552535022653065e-05,-0.04343537729847936
4.300000011920929,69,3.1252848671808249e-05,1.0946991203373767e-05,0.99999999945171125,0.0031895680077982792,-0.99999491325628787,1.0838478092604428e-05,4.3908738915230984e-05,-0.04255064459751806
4.300000011920929,72,5.3673378938404076e-07,1.5725878931025888e-06,0.99999999999861955,-9.4920596133045928e-05,-0.99999999549381635,1.5645015331963242e-06,-1.1272351732498855e-06,-0.04456487739727117
4.300000011920929,76,0.00013244807113933744,2.1173232828145356e-05,0.99999999100460135,0.0017063775492104263,-0.99999854392132614,2.0757828024032615e-05,2.5122728973939255e-05,-0.04343877374914389
4.300000011920929,78,-7.7481538500274481e-05,1.465097296633186e-05,0.99999999689097996,-0.0024546193289889037,-0.99999698731304443,1.4449378205977565e-05,1.394695167629752e-06,-0.045804255763311784
4.300000011920929,80,7.2539820347298194e-05,-2.5538965146383856e-05,0.99999999704286779,-0.002467739175592606,-0.99999695480579243,-2.5347644980450735e-05,4.2001121369775294e-07,-0.04580276875787332
4.300000011920929,83,4.3875117847100048e-05,1.8584620316205121e-06,0.99999999903576009,-0.0012262233994833084,-0.99999924818604669,1.8751095671941992e-06,-2.7005490393748016e-05,-0.04540847315450365
4.300000011920929,85,-3.9931286415620876e-06,-5.1197572605624198e-06,0.99999999997892153,-0.0019925459039426192,-0.9999980148652996,-5.126490729467805e-06,-3.2175726125171315e-06,-0.045668280047943814
4.300000011920929,88,-5.7080155197219959e-05,-1.0039906021377558e-05,0.99999999832052811,-0.0012319975937923971,-0.99999924103997073,-1.0070333868248544e-05,1.0802516612354366e-05,-0.04540774323019372
4.324999988079071,57,-0.00046120808769421529,-1.7451885061240523e-05,0.99999989349126017,0.0040329137485325475,-0.99999186764929526,-1.5555421170166318e-05,0.00011044661627482511,-0.0408069815723101
4.324999988079071,60,0.00018356565874992284,-6.1081171758766369e-06,0.99999998313316985,-0.00037730269437381424,-0.99999992880320376,-6.0219833193867902e-06,-6.302262126293675e-06,-0.04347700573134747
4.324999988079071,61,0.00053274889619727263,4.1669812604389367e-05,0.99999985722110996,0.004051432592754165,-0.99999179213431344,3.9470880409128657e-05,7.2145724646726665e-06,-0.04081813251420183
4.324999988079071,64,-0.00019236554484627257,7.4086407118435682e-06,0.99999998147030444,-0.00035334424565986675,-0.99999993754712468,7.3205704456816261e-06,-1.3796675569088731e-05,-0.043476828298786296
4.324999988079071,68,-9.1498291982767117e-05,-5.1117153965762611e-06,0.99999999580096643,0.001676145328482386,-0.99999859525591994,-4.79842212778894e-06,2.5300771157928382e-05,-0.04220493741861282
4.324999988079071,69,3.1152855383461785e-05,1.0936518051066312e-05,0.99999999945494611,0.0031724838802424399,-0.99999496760171991,1.0828889142811553e-05,4.3745788860581616e-05,-0.04132536237085025
4.324999988079071,72,5.2436714237499444e-07,1.5490747365706264e-06,0.99999999999866274,-0.00010098951309713907,-0.99999999489937175,1.5410370929539508e-06,-1.1590428711007967e-06,-0.04333253213463793
4.324999988079071,76,0.00013169296081486385,2.1141155197505739e-05,0.9999999911050077,0.0016966463395316179,-0.9999985604797097,2.0729378071619283e-05,2.5090312042647278e-05,-0.042208320386234295
4.324999988079071,78,-7.9995366020627472e-05,1.4752552013178952e-05,0.99999999669155182,-0.0025057027277907025,-0.99999686061628057,1.4540399244665087e-05,2.3067083663193995e-06,-0.04459057411786951
4.324999988079071,80,7.5384764829761653e-05,-2.576323847847839e-05,0.99999999682669627,-0.0025188803198514941,-0.99999682728925887,-2.5560718219958681e-05,8.434747265477582e-08,-0.04458903595387044
4.324999988079071,83,4.3151891119365934e-05,1.8914592300968505e-06,0.9999999990671683,-0.0012536934292327623,-0.99999921412426518,1.9072794220825027e-06,-2.693347720183393e-05,-0.04418451707212364
4.324999988079071,85,-3.8407069161899696e-06,-5.1771260592445559e-06,0.99999999997922318,-0.0020352496835962519,-0.99999792886378269,-5.1836808179888332e-06,-2.997282471834965e-06,-0.044450930945855914
4.324999988079071,88,-5.6125779341366163e-05,-1.0168700236758323e-05,0.99999999837324716,-0.0012595782535540431,-0.99999920667899456,-1.0198269751882721e-05,1.1030684034855535e-05,-0.044183769928988446
4.3499999940395355,57,-0.00045995800475147976,-1.7448539282460474e-05,0.99999989406708567,0.0040118011571200086,-0.99999195257219164,-1.5567000562454331e-05,0.00011019555979236872,-0.03958476422679257
4.3499999940395355,60,0.00018396495438438039,-6.065599382919564e-06,0.99999998306005189,-0.00037817305280175823,-0.99999992847469266,-5.9792929425665648e-06,-6.442441283498877e-06,-0.042242965129373075
4.3499999940395355,61,0.00053129588945987738,4.163412677477134e-05,0.99999985799562863,0.0040303827378805395,-0.99999187719625526,3.945244657041481e-05,7.077726569294015e-06,-0.039595859375747555
4.3499999940395355,64,-0.00019277738622475876,7.3226279494444649e-06,0.99999998139162904,-0.00035442158284962355,-0.99999993716650082,7.2343569345116549e-06,-1.3720315139076863e-05,-0.04224278423401669
4.3499999940395355,68,-9.0928310465045837e-05,-5.1005333781448133e-06,0.99999999585301347,0.0016663598489449287,-0.99999861160999082,-4.7900329867158944e-06,2.5062251552615945e-05,-0.040974532437922
4.3499999940395355,69,3.1047718546371461e-05,1.0921651600345086e-05,0.99999999945837836,0.0031552518322977489,-0.99999502212206637,1.0814928411303001e-05,4.357481374235868e-05,-0.04010015140838011
4.3499999940395355,72,5.1424549727792418e-07,1.5260774564834742e-06,0.99999999999870326,-0.00010700509221082214,-0.99999999427380282,1.518090965723147e-06,-1.1868874025370837e-06,-0.04210017726160918
4.3499999940395355,76,0.00013093295375951716,2.1101737628304333e-05,0.99999999120563909,0.0016868239164433681,-0.99999857709741102,2.0693671253792645e-05,2.5041738620384693e-05,-0.04097790085267904
4.3499999940395355,78,-8.2358456057549296e-05,1.4843590308289576e-05,0.99999999649837634,-0.0025566943755185273,-0.99999673154470659,1.4621022237366387e-05,3.23359118827232e-06,-0.04337681652795624
4.3499999940395355,80,7.8066026331643593e-05,-2.5967140390596779e-05,0.9999999966157016,-0.0025699193792329115,-0.99999669742011554,-2.5753564831374596e-05,-2.915572386712784e-07,-0.043375229569296965
4.3499999940395355,83,4.2441218352198257e-05,1.9219805654987856e-06,0.99999999909752446,-0.0012810517817180127,-0.99999917945095373,1.9369635993642064e-06,-2.6886669263377092e-05,-0.04296050908349535
4.3499999940395355,85,-3.6932379903868768e-06,-5.2298345123372692e-06,0.99999999997950451,-0.0020779023980697646,-0.99999784114477264,-5.2362086275830179e-06,-2.784619174253924e-06,-0.04323350192537244
4.3499999940395355,88,-5.5187230279462408e-05,-1.0287176999449128e-05,0.99999999842427179,-0.0012870384619644538,-0.99999917171244712,-1.0315869821745255e-05,1.1279947744135594e-05,-0.04295974573495112
4.375,57,-0.00045856891273116931,-1.7435732088870819e-05,0.99999989470526818,0.0039904436685468218,-0.99999203802675873,-1.5569756196352738e-05,0.00010992122184651149,-0.038362647665244436
4.375,60,0.00018422135131354502,-6.0239037262764065e-06,0.999999983013103,-0.00037889300008150663,-0.99999992820241757,-5.9375217636634951e-06,-6.580098306231651e-06,-0.04100888824340581
4.375,61,0.00052968899588220629,4.1576892117887569e-05,0.99999985885045495,0.0040090765251846504,-0.99999196284371028,3.9413181660835636e-05,6.935222191693824e-06,-0.038373682681739324
4.375,64,-0.00019303618988699884,7.240250787194562e-06,0.99999998134230395,-0.00035534558988583893,-0.9999999368391792,7.1518812783663266e-06,-1.3626333742890032e-05,-0.04100870458785335
4.375,68,-9.03612123386893e-05,-5.0877442751704215e-06,0.99999999590448319,0.0016564797828455434,-0.99999862802499873,-4.7801095486384855e-06,2.4843513719861934e-05,-0.039744155541695886
4.375,69,3.0937375179008905e-05,1.0901421801693504e-05,0.9999999994620189,0.0031378582674164591,-0.99999507685235511,1.0795626876414326e-05,4.339544599736398e-05,-0.038875008591556175
4.375,72,5.0684739228827478e-07,1.503967072386032e-06,0.99999999999874079,-0.00011293771069464337,-0.99999999362141756,1.4960342295816505e-06,-1.2098605595499677e-06,-0.04086780312873509
4.375,76,0.0001301741839770377,2.1053599510075291e-05,0.99999999130571382,0.0016768997120547146,-0.99999859378949185,2.0649331158918377e-05,2.4972133718055906e-05,-0.039747508159548375
4.375,78,-8.4508434829943941e-05,1.4920755482027958e-05,0.99999999631784786,-0.0026078784836299517,-0.9999965993712554,1.4688078758845719e-05,4.175238993770059e-06,-0.04216297045407538
4.375,80,8.0514601955202246e-05,-2.6143815891166169e-05,0.99999999641694992,-0.0026211377315259487,-0.99999656447668406,-2.5919515633554823e-05,-7.198565473851356e-07,-0.04216133829006311
4.375,83,4.1754503754409952e-05,1.9491285906361085e-06,0.99999999912638116,-0.0013083680597249269,-0.99999914408421675,1.9632904083513521e-06,-2.6882262093094706e-05,-0.041736441993929826
4.375,85,-3.5535683034178833e-06,-5.2762170695240199e-06,0.99999999997976685,-0.0021207329294494598,-0.99999775122944057,-5.2824165041465936e-06,-2.583843619068262e-06,-0.04201597643749944
4.375,88,-5.4279377023733732e-05,-1.0391625402763195e-05,0.99999999847288168,-0.0013144447310788998,-0.99999913606286861,-1.0419455823892196e-05,1.1562917958569968e-05,-0.04173566394737671
4.4000000059604645,57,-0.00045702924187447853,-1.7417824445697244e-05,0.99999989541044021,0.0039688558286775375,-0.99999212393950687,-1.556807009752993e-05,0.000109622469843714,-0.03714062781272869
4.4000000059604645,60,0.0001844226319407837,-5.9796010556871407e-06,0.99999998297626846,-0.0003796492880438362,-0.99999992791584191,-5.8931617271674224e-06,-6.7303159212460955e-06,-0.03977481504740717
4.4000000059604645,61,0.00052790810095031202,4.1507171450791716e-05,0.99999985979508588,0.003987534636502468,-0.99999204897746075,3.9362197230321702e-05,6.778994076572953e-06,-0.03715159920469759
4.4000000059604645,64,-0.00019323562241608058,7.1542172898601336e-06,0.99999998130440559,-0.00035631624223772811,-0.99999993649440322,7.0657661175491721e-06,-1.3511746375016862e-05,-0.03977462842213214
4.4000000059604645,68,-8.976199111782084e-05,-5.0732415750529113e-06,0.99999999595852362,0.0016465410438868944,-0.99999864443900699,-4.7685786226347514e-06,2.462284894535224e-05,-0.038513822737065176
4.4000000059604645,69,3.081675844852455e-05,1.0877839895014707e-05,0.99999999946600016,0.0031203153255916233,-0.99999513174625554,1.0773009712569809e-05,4.3201886373390824e-05,-0.037649935655009105
4.4000000059604645,72,5.0003155934659032e-07,1.4810462152740674e-06,0.99999999999877809,-0.00011886703029119978,-0.99999999293422936,1.4731705224923499e-06,-1.2314745535301311e-06,-0.03963543095703149
4.4000000059604645,76,0.00012937000770230141,2.0998704598743166e-05,0.99999999141122775,0.0016669099343307001,-0.99999861049252348,2.0598373281317408e-05,2.4888278277872784e-05,-0.038517158484241774
4.4000000059604645,78,-8.6675379390138926e-05,1.4994585900983799e-05,0.99999999613127044,-0.0026583651760974814,-0.99999646643224738,1.4751600953631293e-05,5.135922167756794e-06,-0.040949055298877136
4.4000000059604645,80,8.2987055982248483e-05,-2.6316015527916298e-05,0.99999999621030788,-0.0026716538868159687,-0.99999643078628253,-2.6080739900171213e-05,-1.157864908526675e-06,-0.04094737727561733
4.4000000059604645,83,4.1040719760879349e-05,1.976079544492675e-06,0.99999999915587723,-0.0013354481913173104,-0.9999991082866877,1.9893471717489409e-06,-2.687241084777706e-05,-0.040512316389448175
4.4000000059604645,85,-3.4099944044362669e-06,-5.3220363804186235e-06,0.99999999998002398,-0.0021630284085642133,-0.99999766063712159,-5.3280392725286424e-06,-2.3780754456402306e-06,-0.04079838115124332
4.4000000059604645,88,-5.3335593942292521e-05,-1.0494974989749414e-05,0.99999999852258481,-0.0013416141724619612,-0.99999909997994652,-1.0521842577605036e-05,1.1851795281682765e-05,-0.04051152339829429
4.425000011920929,57,-0.00045523880484145689,-1.7391401131874401e-05,0.99999989622757945,0.0039470036639234181,-0.99999221042965958,-1.5558936666448724e-05,0.00010928803051430124,-0.03591871587132817
4.425000011920929,60,0.00018452830908739318,-5.9307180985244583e-06,0.99999998295706471,-0.00038047506828211929,-0.99999992760228085,-5.844249690405204e-06,-6.901551765772162e-06,-0.03854074598819023
4.425000011920929,61,0.00052583776323217714,4.1416690288405969e-05,0.99999986088964266,0.0039657192945960233,-0.99999213573239631,3.929169440901207e-05,6.5955204334581285e-06,-0.03592961790117547
4.425000011920929,64,-0.00019333090132473728,7.0617006117777866e-06,0.99999998128664747,-0.00035737412102985247,-0.99999993611755411,6.9731938298900834e-06,-1.3361042022514249e-05,-0.038540556027932965
4.425000011920929,68,-8.9110210315754022e-05,-5.0558033688961002e-06,0.99999999601690481,0.0016365647078321406,-0.99999866081578015,-4.7542854181830588e-06,2.4391267239567268e-05,-0.03728354099415292
4.425000011920929,69,3.0679261365073548e-05,1.0848688580845932e-05,0.99999999947054452,0.0031026235076078751,-0.99999518679437538,1.0744881820717313e-05,4.2985032260812066e-05,-0.03642494162972614
4.425000011920929,72,4.9489326970702428e-07,1.4567177045954824e-06,0.99999999999881661,-0.00012480336030118273,-0.9999999922110111,1.4489044761852429e-06,-1.250022941124666e-06,-0.03840305536494169
4.425000011920929,76,0.00012849190446267752,2.0932437420790479e-05,0.99999999152583163,0.0016568707957475674,-0.99999862717777155,2.05362694013264e-05,2.4789316859725052e-05,-0.03728685807843656
4.425000011920929,78,-8.8881825459261889e-05,1.5063038736658778e-05,0.99999999593656297,-0.0027079557416286744,-0.99999633337146776,1.4809508280927365e-05,6.123745240388573e-06,-0.03973504311685234
4.425000011920929,80,8.5513542312694839e-05,-2.6480845254132617e-05,0.99999999599309952,-0.0027212670146799026,-0.99999629700194248,-2.6234284274532848e-05,-1.6040469239008846e-06,-0.03973331827697455
4.425000011920929,83,4.0276842293231478e-05,2.0028347233409511e-06,0.9999999991868822,-0.0013622785874486489,-0.99999907209606431,2.0151116136618674e-06,-2.683603152563012e-05,-0.03928810700562991
4.425000011920929,85,-3.2585394331530542e-06,-5.3668945838897613e-06,0.99999999998028921,-0.002204656646739665,-0.99999756972714904,-5.3726698973235808e-06,-2.1625009638139265e-06,-0.039580694274601126
4.425000011920929,88,-5.2324676745722547e-05,-1.0596668148239638e-05,0.9999999985749195,-0.0013685332959401744,-0.9999990635014524,-1.0622437308316818e-05,1.2135699196251192e-05,-0.03928729870662454
4.449999988079071,57,-0.00045327161051925629,-1.7359857063415675e-05,0.99999989712173587,0.0039248950682814233,-0.99999229744885665,-1.554542987208616e-05,0.00010891391331367056,-0.03469689975081555
4.449999988079071,60,0.00018458742083321439,-5.8782540389760586e-06,0.99999998294646497,-0.00038135463675587446,-0.99999992726754561,-5.7917673879827773e-06,-7.078138082192613e-06,-0.03730668001609862
4.449999988079071,61,0.00052356165666536572,4.1313415708097647e-05,0.99999986208818725,0.0039436424064347129,-0.99999222304336099,3.9209273481568782e-05,6.40560849371836e-06,-0.03470772860983609
4.449999988079071,64,-0.00019337639008258975,6.9637465230771158e-06,0.99999998127853884,-0.00035849980760826848,-0.99999993571530765,6.8751924901896476e-06,-1.3198605389664996e-05,-0.03730648632842545
4.449999988079071,68,-8.8414475289477247e-05,-5.0363762260126806e-06,0.99999999607875767,0.0016265408865599796,-0.99999867717027235,-4.7381293950782705e-06,2.4155472543353112e-05,-0.03605330483691952
4.449999988079071,69,3.0528780846190505e-05,1.0816032854903439e-05,0.99999999947550344,0.0030847705559389448,-0.99999524202660217,1.0713293574947352e-05,4.275053478840314e-05,-0.03520001726459807
4.449999988079071,72,4.8972853696667615e-07,1.4311770937259398e-06,0.99999999999885592,-0.00013074154542363876,-0.999999991452311,1.4234304304417288e-06,-1.2679941270735358e-06,-0.03717067858621581
4.449999988079071,76,0.00012755197903713817,2.085874304623314e-05,0.99999999164770281,0.001646776292448999,-0.99999864385355464,2.0466905143478666e-05,2.4672708265392363e-05,-0.03605660206585068
4.449999988079071,78,-9.1144278809092316e-05,1.5129438289092472e-05,0.99999999573191034,-0.0027567296783492265,-0.99999620010303547,1.4865068800879184e-05,7.132252763388895e-06,-0.0385209477652762
4.449999988079071,80,8.8107904459094874e-05,-2.6644248349252399e-05,0.99999999576354048,-0.0027700597077381216,-0.99999616302913508,-2.6386041402885695e-05,-2.053168703368003e-06,-0.0385191746876729
4.449999988079071,83,3.9474551965900648e-05,2.0299132098327653e-06,0.99999999921881955,-0.0013888645264281587,-0.99999903552511549,2.0411050348348934e-06,-2.6793486301319173e-05,-0.038063821572362704
4.449999988079071,85,-3.1009228335409444e-06,-5.4120257977158228e-06,0.99999999998054734,-0.0022456597500223651,-0.99999747848828968,-5.4175454126553327e-06,-1.938764413168804e-06,-0.03836292040975263
4.449999988079071,88,-5.1263207035830591e-05,-1.069922715547542e-05,0.99999999862880518,-0.0013952091296421242,-0.99999902663776896,-1.072376939596892e-05,1.2429009784769478e-05,-0.03806299740131002
4.4749999940395355,57,-0.00045117129240546941,-1.7325762778761989e-05,0.9999998980721363,0.0039025320609392105,-0.99999238497217313,-1.5529929383028649e-05,0.00010849193485807549,-0.033475172581847915
4.4749999940395355,60,0.00018464154239809192,-5.822520609380374e-06,0.99999998293679926,-0.00038228672333862285,-0.99999992691197703,-5.7360091746404021e-06,-7.2462214806700956e-06,-0.0360726161466393
4.4749999940395355,61,0.00052112810249218416,4.1203229533960617e-05,0.99999986336388802,0.0039213092040039487,-0.99999231087229123,3.9120601526589401e-05,6.2263655827196325e-06,-0.033485925735476485
4.4749999940395355,64,-0.00019341828707837062,6.8603291494511517e-06,0.99999998127115086,-0.00035969094262422213,-0.99999993528828279,6.7717179867906533e-06,-1.304582922471856e-05,-0.03607241823490144
4.4749999940395355,68,-8.7675591267628408e-05,-5.0155554919426591e-06,0.99999999614391744,0.0016164686842854467,-0.99999869350250048,-4.7206814364931184e-06,2.391845643754741e-05,-0.0348231120659122
4.4749999940395355,69,3.0366979381035615e-05,1.0781359007024361e-05,0.99999999948080431,0.0030667476260258582,-0.99999529746141391,1.067972429529773e-05,4.250101307057829e-05,-0.033975158202355894
4.4749999940395355,72,4.829079971492063e-07,1.4043859183967202e-06,0.9999999999988971,-0.00013668141386242389,-0.99999999065812017,1.3967092174232791e-06,-1.2877100263503169e-06,-0.03593830104155585
4.4749999940395355,76,0.00012655146330311557,2.0780297958901761e-05,0.99999999177645305,0.0016366280364803123,-0.99999866051550235,2.0392927449459808e-05,2.453583675370238e-05,-0.03482638863718286
4.4749999940395355,78,-9.3493071288046085e-05,1.5196919664324524e-05,0.99999999551404961,-0.0028046925859723784,-0.99999606673069075,1.4921326340859256e-05,8.158271516114227e-06,-0.03730677343790716
4.4749999940395355,80,9.0800656005799159e-05,-2.6812166383888543e-05,0.99999999551817431,-0.0028180403966962656,-0.99999602896404161,-2.654185930018838e-05,-2.499191119196091e-06,-0.03730494999510307
4.4749999940395355,83,3.8637661882769319e-05,2.0579548499223745e-06,0.99999999925144789,-0.0014152056605202404,-0.99999899859382957,2.067960394654729e-06,-2.675938145628444e-05,-0.03683945841582932
4.4749999940395355,85,-2.9374533527388266e-06,-5.4587540698981983e-06,0.99999999998078659,-0.002286028093017799,-0.99999738701943763,-5.4639896811992627e-06,-1.7066998864268401e-06,-0.03714505567655089
4.4749999940395355,88,-5.0157303242556121e-05,-1.0805481020494868e-05,0.99999999868374334,-0.0014216435132266328,-0.99999898940572007,-1.0828662481843626e-05,1.2743625374689044e-05,-0.03683861751243783
4.5,57,-0.0004490050815722735,-1.7293934466633114e-05,0.99999989904767317,0.0038799247344801441,-0.99999247294331106,-1.5516964014891533e-05,0.00010800314892380592,-0.032253526897633535
4.5,60,0.0001847738287758937,-5.7635941053816284e-06,0.99999998291270631,-0.0003832876980624639,-0.99999992652915326,-5.6770123133652771e-06,-7.379791617036853e-06,-0.034838552668543375
4.5,61,0.00051861007903706018,4.1096957748244408e-05,0.99999986467730395,0.0038987360518575485,-0.99999239913780047,3.9036186364071721e-05,6.089010517994959e-06,-0.032264203944918704
4.5,64,-0.00019354911150448121,6.7504593776727639e-06,0.99999998124658607,-0.00036096383236514725,-0.99999993483036442,6.6617395859230838e-06,-1.2943988672876757e-05,-0.03483834974158833
4.5,68,-8.68883748509519e-05,-4.9943201763848529e-06,0.99999999621273361,0.0016063565863049377,-0.99999870979736782,-4.7028895040009855e-06,2.3682675407634082e-05,-0.03359296248717031
4.5,69,3.0195478066435788e-05,1.0747353987213864e-05,0.99999999948636376,0.0030485467798362876,-0.99999535311379095,1.0646853163749932e-05,4.223943176120002e-05,-0.03275036231174637
4.5,72,4.7097203150996693e-07,1.3760558886240411e-06,0.99999999999894229,-0.00014263031864302105,-0.99999998982735983,1.3684514131994449e-06,-1.3140528348877192e-06,-0.03470592229034638
4.5,76,0.00012548337906758309,2.0701750536219204e-05,0.99999999191267941,0.0016264387164127837,-0.99999867714124602,2.0318949677077958e-05,2.4373688192991247e-05,-0.033596218245562116
4.5,78,-9.6005455785893673e-05,1.5272089072446137e-05,0.99999999527485794,-0.0028517777349249662,-0.9999959335613372,1.4984660312339714e-05,9.200177856333448e-06,-0.0360925208896525
4.5,80,9.3671905741104085e-05,-2.6997383091986399e-05,0.99999999524835759,-0.0028651483111710009,-0.99999589509732589,-2.6714283619248393e-05,-2.930783628515751e-06,-0.036090643232566284
4.5,83,3.7767586820991328e-05,2.0884503663247145e-06,0.99999999928462391,-0.0014412930099146405,-0.9999989613344914,2.0971474155865042e-06,-2.675973657224035e-05,-0.03561500556664297
4.5,85,-2.767581415226525e-06,-5.5099970220696559e-06,0.99999999998099021,-0.0023256851949535946,-0.99999729557532291,-5.5149175423691275e-06,-1.4643886075911464e-06,-0.035927084273190274
4.5,88,-4.9011127197013748e-05,-1.0921782991232617e-05,0.999999998739312,-0.0014478325625599333,-0.99999895183000653,-1.0943449851137649e-05,1.3102544147642424e-05,-0.035614146359666615
4.524999976158142,57,-0.00044680819515931908,-1.726705365444699e-05,0.99999990003213768,0.0038570732278377338,-0.99999256134512504,-1.5509067247738719e-05,0.00010743749611364709,-0.031031957968275264
4.524999976158142,60,0.00018503102492852078,-5.7014388643345362e-06,0.99999998286550662,-0.00038436366015418672,-0.99999992611652322,-5.6147200406066099e-06,-7.464985456696415e-06,-0.03360448868355269
4.524999976158142,61,0.00051604561081164781,4.100054958541359e-05,0.99999986600793223,0.0038759266098642186,-0.99999248780922945,3.8961813648111338e-05,6.0097613251499424e-06,-0.03104255964397194
4.524999976158142,64,-0.00019382108525177542,6.6335023975346093e-06,0.99999998119469147,-0.00036232493942300295,-0.99999993433890111,6.5445997628770914e-06,-1.2915631100851367e-05,-0.033604279802787365
4.524999976158142,68,-8.6049054854869306e-05,-4.9731973552545545e-06,0.99999999628541369,0.0015962081097113331,-0.99999872604804785,-4.6852652707108786e-06,2.3448632738519704e-05,-0.03236285552940697
4.524999976158142,69,3.0014979933045554e-05,1.0715480386844878e-05,0.9999999994921398,0.0030301597508668597,-0.99999540899905226,1.0616138994092884e-05,4.196716267998814e-05,-0.03152562770960878
4.524999976158142,72,4.5189297388256158e-07,1.3460080294913099e-06,0.99999999999899203,-0.00014859077292958672,-0.99999998895949549,1.3384774400585072e-06,-1.3498311645358728e-06,-0.03347354196434218
4.524999976158142,76,0.00012434255477953844,2.0625630237796467e-05,0.99999999205675616,0.0016162141852805701,-0.99999869372002015,2.0247484172685842e-05,2.4183873839937115e-05,-0.03236609067322599
4.524999976158142,78,-9.8726324826553557e-05,1.5358576970138134e-05,0.99999999500861336,-0.002897956789354571,-0.99999580080102668,1.5058553395357524e-05,1.0255773813803578e-05,-0.03487818905974093
4.524999976158142,80,9.6768247244993026e-05,-2.7207315468777202e-05,0.99999999494783398,-0.0029113577517805248,-0.99999576162694925,-2.6910576267688958e-05,-3.339999924905696e-06,-0.03487625229772576
4.524999976158142,83,3.6864655088586219e-05,2.122209825818068e-06,0.99999999931824679,-0.0014671240589751969,-0.99999892377065125,2.1294613770817786e-06,-2.6807614795601265e-05,-0.034390456185614864
4.524999976158142,85,-2.5908953720945549e-06,-5.5675250086754585e-06,0.99999999998114486,-0.0023645945620466044,-0.99999720432684647,-5.5720973662984177e-06,-1.210627197655724e-06,-0.03470899726001631
4.524999976158142,88,-4.7826283211413467e-05,-1.1051833579500847e-05,0.9999999987952517,-0.0014737766839143553,-0.99999891392926055,-1.107181727402243e-05,1.351734484588257e-05,-0.034389576649618635
4.550000011920929,57,-0.0004444485391173667,-1.723516808150484e-05,0.99999990108421777,0.0038339288358136274,-0.99999265034775642,-1.5496834556431468e-05,0.00010683354211034675,-0.029810474106278847
4.550000011920929,60,0.00018523975633240173,-5.6361437612249533e-06,0.99999998282723324,-0.00038545454667662148,-0.99999992569699603,-5.5493090085531778e-06,-7.553340497089823e-06,-0.032370426964548824
4.550000011920929,61,0.00051329187956198708,4.0891843479603246e-05,0.99999986742964297,0.0038528189960619573,-0.99999257710967326,3.8875924885887335e-05,5.9266175330924334e-06,-0.02982099693882717
4.550000011920929,64,-0.00019404111090322697,6.5118779711465986e-06,0.99999998115282129,-0.00036371325249046543,-0.99999993383570651,6.4228123800751032e-06,-1.287728198247975e-05,-0.032370211807694727
4.550000011920929,68,-8.5171172916084976e-05,-4.9502219551646977e-06,0.99999999636068326,0.0015859941035836708,-0.99999874229967556,-4.6658979058377503e-06,2.3212703998950892e-05,-0.03113278632028614
4.550000011920929,69,2.9822723699612963e-05,1.0680279215271275e-05,0.99999999949826845,0.0030115798559387169,-0.99999546512711246,1.0582135568905172e-05,4.167889477524349e-05,-0.030300950578925068
4.550000011920929,72,4.3298839272787024e-07,1.3149221673139883e-06,0.99999999999904177,-0.00015453515013122678,-0.99999998805858892,1.3074694997654073e-06,-1.384766422399675e-06,-0.03224116099479724
4.550000011920929,76,0.00012314734316388746,2.0542536316012502e-05,0.99999999220636815,0.0016059167384828239,-0.99999871031148468,2.0169188963880811e-05,2.3976644611840196e-05,-0.031135999761326152
4.550000011920929,78,-0.00010148762647006868,1.5442578735714576e-05,0.99999999473089418,-0.0029434541057977593,-0.99999566791512651,1.5129663623103319e-05,1.1320365352902325e-05,-0.03366377711983447
4.550000011920929,80,9.9914579044917774e-05,-2.7414777723746628e-05,0.99999999463275335,-0.0029568812140589058,-0.99999562804987152,-2.7104038258118641e-05,-3.744010762343723e-06,-0.03366178002103288
4.550000011920929,83,3.5928391019062126e-05,2.1560841834676095e-06,0.99999999935225103,-0.0014927328717531968,-0.99999888587132946,2.1617928884339356e-06,-2.6848093465641352e-05,-0.03316583978931297
4.550000011920929,85,-2.4091085780851437e-06,-5.6250364302874234e-06,0.99999999998127764,-0.0024029788957371182,-0.99999711282620141,-5.6292335941742922e-06,-9.500736007998612e-07,-0.03349083160956017
4.550000011920929,88,-4.6597572132918415e-05,-1.1182035925470988e-05,0.99999999885181423,-0.0014994989685394289,-0.99999887568806733,-1.1200205114740747e-05,1.3938381999479503e-05,-0.03316493944073165
4.574999988079071,57,-0.00044194850421123462,-1.7200406295793936e-05,0.99999990219282797,0.0038104816997248212,-0.9999927399684031,-1.5482295374113266e-05,0.00010617940582424114,-0.028589076252679087
4.574999988079071,60,0.00018543905977206682,-5.5674436106149288e-06,0.99999998279067903,-0.0003865709661454271,-0.99999992526642345,-5.4804950064714697e-06,-7.631714030591533e-06,-0.031136365792415202
4.574999988079071,61,0.00051037227757201175,4.0775559375237409e-05,0.99999986892873738,0.0038294061788773657,-0.99999266704520673,3.8783133130043052e-05,5.854683628560515e-06,-0.02859951762379637
4.574999988079071,64,-0.0001942525623093397,6.384600914756084e-06,0.99999998111258925,-0.00036514051727153324,-0.99999993331638315,6.2953717276635135e-06,-1.2849153148007854e-05,-0.03113614385065265
4.574999988079071,68,-8.4249122222452061e-05,-4.9257421910186614e-06,0.99999999643891135,0.0015757227492214311,-0.99999875853734954,-4.6451278025540752e-06,2.2974840617810272e-05,-0.029902757283256236
4.574999988079071,69,2.9618681545352872e-05,1.0642901427022345e-05,0.99999999950473129,0.0029927960475932109,-0.99999552152027127,1.0545992555019767e-05,4.137499153113155e-05,-0.029076334158184388
4.574999988079071,72,4.1261330040887016e-07,1.282546186811105e-06,0.9999999999990925,-0.0001604674930863006,-0.99999998712427873,1.2751751396838014e-06,-1.4211592194977166e-06,-0.03100877793184712
4.574999988079071,76,0.00012189009733400263,2.0454331376418016e-05,0.99999999236221215,0.0015955561328992139,-0.99999872689778102,2.0085919163496778e-05,2.374938505600729e-05,-0.029905948186131067
4.574999988079071,78,-0.00010433638900262014,1.5527419724085497e-05,0.99999999443640852,-0.0029882071641806952,-0.99999553518346673,1.5201179627178648e-05,1.2393603400047534e-05,-0.032449280736238824
4.574999988079071,80,0.00010316089450713376,-2.7626428881416885e-05,0.99999999429730502,-0.0030016590178706649,-0.99999549463874382,-2.7301181316231806e-05,-4.135312677264258e-06,-0.03244722105169624
4.574999988079071,83,3.4955565214533542e-05,2.1908907281284838e-06,0.9999999993866544,-0.0015181184437503266,-0.99999884765512259,2.1949425428066361e-06,-2.689114174967286e-05,-0.0319411462188765
4.574999988079071,85,-2.2211882918357217e-06,-5.6841036271168516e-06,0.99999999998137856,-0.0024407808203643906,-0.99999702127388101,-5.6878951743819465e-06,-6.807817443843664e-07,-0.03227257567876296
4.574999988079071,88,-4.5321778806610485e-05,-1.1315834870619126e-05,0.99999999890894409,-0.0015250012536507996,-0.99999883712070436,-1.133203969888192e-05,1.437581957043517e-05,-0.03194022415086487
4.600000023841858,57,-0.00043932164553621411,-1.7164035072660613e-05,0.99999990335093925,0.0037867231727180596,-0.99999283021849505,-1.5466653967804077e-05,0.00010546850337364846,-0.02736776452613043
4.600000023841858,60,0.00018565216052189202,-5.4951902513957336e-06,0.99999998275153901,-0.00038771594640186016,-0.99999992482354583,-5.4081194631788077e-06,-7.692677839472377e-06,-0.02990230406820596
4.600000023841858,61,0.00050730097694240374,4.0654520236081408e-05,0.999999870496456,0.0038056811627347753,-0.999992757620907,3.8686193493062754e-05,5.802509461597907e-06,-0.02737812233876712
4.600000023841858,64,-0.00019448128424234237,6.2511052993027279e-06,0.9999999810689767,-0.00036661040789820709,-0.99999993277941879,6.1617006436690651e-06,-1.2842897564050868e-05,-0.02990207472416847
4.600000023841858,68,-8.3279647988617123e-05,-4.8999672309949804e-06,0.9999999965202454,0.0015653976567120017,-0.99999877475365073,-4.6231586441983992e-06,2.2734719214391387e-05,-0.028672769361392354
4.600000023841858,69,2.9402849715280519e-05,1.0604038178808777e-05,0.99999999951151342,0.002973799444149397,-0.99999557819344376,1.0508400041437703e-05,4.105568979361827e-05,-0.027851779724910226
4.600000023841858,72,3.8977645254317431e-07,1.2487345498958363e-06,0.99999999999914435,-0.00016638869917630751,-0.99999998615662966,1.2414486344926963e-06,-1.4603862586742246e-06,-0.02977639177133049
4.600000023841858,76,0.00012056636760302082,2.0362136370714271e-05,0.99999999252456706,0.0015851369304567418,-0.99999874346969064,1.9998790092935982e-05,2.350086203893818e-05,-0.028675937045929797
4.600000023841858,78,-0.00010730012494233521,1.5615057772755369e-05,0.99999999412142659,-0.0030321923285998587,-0.99999540277761145,1.5274971066861507e-05,1.3474081092557404e-05,-0.03123469624241404
4.600000023841858,80,0.00010653636459976897,-2.7846224708276699e-05,0.99999999393729544,-0.003045669114010901,-0.99999536156078017,-2.7505866513833585e-05,-4.508365735658574e-06,-0.03123257110659141
4.600000023841858,83,3.3944430886591339e-05,2.2271055934931969e-06,0.99999999942140771,-0.0015432831212598057,-0.99999880913540962,2.2293751985847312e-06,-2.694170442562974e-05,-0.03071636953203708
4.600000023841858,85,-2.0265625777681512e-06,-5.745666952815577e-06,0.99999999998144018,-0.0024779762668143347,-0.99999692979557187,-5.7490203480000585e-06,-4.016427394057897e-07,-0.031054222552313014
4.600000023841858,88,-4.39972225679131e-05,-1.1455270867397357e-05,0.99999999896651048,-0.0015502875537873246,-0.99999879823775528,-1.1469348928819877e-05,1.48346448414041e-05,-0.030715424579698586
4.625,57,-0.00043655011047687777,-1.7124131597161493e-05,0.99999990456537802,0.0037626494808753897,-0.99999292109006543,-1.5448048874037252e-05,0.00010471027289488039,-0.026146536631393717
4.625,60,0.00018584293497413598,-5.4196948367327948e-06,0.99999998271651502,-0.00038886622230868852,-0.99999992437730978,-5.3325146629147247e-06,-7.746217711041762e-06,-0.028668242476413423
4.625,61,0.00050405961109783429,4.0524537582098161e-05,0.99999987214082686,0.0037816374909359035,-0.99999284883912798,3.8580981057072704e-05,5.758433947549999e-06,-0.026156808114159727
4.625,64,-0.00019468706134476656,6.1124013690071722e-06,0.99999998102979315,-0.00036809831775101547,-0.99999993223367467,6.0228323779112069e-06,-1.2841897263938587e-05,-0.02866800529007891
4.625,68,-8.2268889583842129e-05,-4.8725983210569959e-06,0.99999999660404382,0.0015550067711897265,-0.99999879096566113,-4.5996931726219174e-06,2.249265021898721e-05,-0.02744281835831287
4.625,69,2.9175461126233349e-05,1.0562683075716322e-05,0.99999999951861118,0.0029545898143659016,-0.99999563513519518,1.0468350931794102e-05,4.072096562827734e-05,-0.026627281991522606
4.625,72,3.6605226061750212e-07,1.21374378123044e-06,0.99999999999919653,-0.00017228860134948005,-0.99999998515759103,1.2065468886678303e-06,-1.5002534899780418e-06,-0.028544003107509236
4.625,76,0.00011918454556721364,2.0264337289309331e-05,0.99999999269220041,0.0015746456887092736,-0.99999876004658073,1.9906186943942574e-05,2.323370544733649e-05,-0.02744596194086684
4.625,78,-0.00011033384899899872,1.5702414990492277e-05,0.99999999378993787,-0.0030755159822915454,-0.9999952704717554,1.534808074989744e-05,1.455741085344625e-05,-0.03002002499099739
4.625,80,0.00010999302446677569,-2.8067919425180082e-05,0.99999999355686331,-0.0030890153243109319,-0.99999522859680312,-2.7711978137553046e-05,-4.865749119670745e-06,-0.030017832477224223
4.625,83,3.2898536829238034e-05,2.263960293390207e-06,0.99999999945628026,-0.0015682386842615834,-0.99999877031039497,2.2643345726960846e-06,-2.6989108751499544e-05,-0.02949151940780523
4.625,85,-1.8263042805870373e-06,-5.8082348128243301e-06,0.99999999998146438,-0.0025146545368883643,-0.99999683823439722,-5.8111203867248275e-06,-1.145942757499217e-07,-0.02983578274061019
4.625,88,-4.262763490244723e-05,-1.1597089772856967e-05,0.99999999902419601,-0.0015753669393511504,-0.99999875904135005,-1.16088917470562e-05,1.5303805741157218e-05,-0.029490550798747735
4.649999976158142,57,-0.00043362888900274076,-1.7080017910132794e-05,0.99999990583712539,0.0037382559582865588,-0.99999301257780526,-1.5425811090580603e-05,0.00010390761637191425,-0.024925391886839753
4.649999976158142,60,0.00018599801452680653,-5.3410977387670489e-06,0.99999998268810542,-0.00039000853654168913,-0.99999992393286641,-5.2538300063090571e-06,-7.79489930957062e-06,-0.02743418080934337
4.649999976158142,61,0.00050064324272361415,4.038416881923104e-05,0.99999987386272327,0.0037572694917510246,-0.99999294069824729,3.846606070422355e-05,5.719178951288457e-06,-0.02493557407127837
4.649999976158142,64,-0.00019485492780345917,5.9688972984600861e-06,0.99999998099796439,-0.00036959038622178854,-0.99999993168418855,5.8791850250888586e-06,-1.2841036251192779e-05,-0.0274339354074417
4.649999976158142,68,-8.1219633356566841e-05,-4.8435368504108024e-06,0.99999999668995554,0.0015445443123263932,-0.99999880718025858,-4.574630828931177e-06,2.224882792104507e-05,-0.02621290227758499
4.649999976158142,69,2.8936730481425313e-05,1.0518496357611498e-05,0.99999999952601348,0.0029351642539793264,-0.99999569234177743,1.0425504357786152e-05,4.0370994611552496e-05,-0.02540283883689072
4.649999976158142,72,3.4207576446544248e-07,1.1776767586154274e-06,0.99999999999924805,-0.00017816125978799228,-0.99999998412859747,1.1705729460334938e-06,-1.5398865466578797e-06,-0.0273116117697821
4.649999976158142,76,0.00011774847325205873,2.0160395474401067e-05,0.99999999286442776,0.0015640761556744234,-0.99999877663597148,1.9807567396486639e-05,2.294909360625859e-05,-0.026216020813419973
4.649999976158142,78,-0.00011342090615932567,1.5788375958481664e-05,0.99999999344321266,-0.0031182365998946252,-0.99999513816955532,1.5419436324234497e-05,1.5640348786536422e-05,-0.028805266277896074
4.649999976158142,80,0.00011351313531650988,-2.8289218598831195e-05,0.99999999315724419,-0.0031317552120078197,-0.99999509565293287,-2.7917268000583406e-05,-5.206782083921622e-06,-0.028803004804241503
4.649999976158142,83,3.1819241686577349e-05,2.3011711967501987e-06,0.99999999949112017,-0.0015929938757116779,-0.99999873118180727,2.2995404436833688e-06,-2.7028767640226923e-05,-0.028266599359390833
4.649999976158142,85,-1.6208033766245991e-06,-5.8712527892094456e-06,0.99999999998145073,-0.00255086286441851,-0.99999674652678094,-5.8736417795256178e-06,1.7965524265440279e-07,-0.028617259822257043
4.649999976158142,88,-4.1214428230382858e-05,-1.174008581393253e-05,0.99999999908177073,-0.0016002471426620826,-0.99999871953469632,-1.1749465767659212e-05,1.5778599934845225e-05,-0.02826560646512544
4.675000011920929,57,-0.00043055576869901828,-1.703125323171893e-05,0.99999990716582887,0.0037135382977592575,-0.99999310467431057,-1.5399496874833903e-05,0.00010306226444614528,-0.023704330178530242
4.675000011920929,60,0.00018610812497974578,-5.2595121930945889e-06,0.99999998266805157,-0.00039113111756441433,-0.9999999234948459,-5.1721856414635355e-06,-7.83971342205481e-06,-0.026200118590750787
4.675000011920929,61,0.00049704993226802033,4.0232500124133144e-05,0.99999987566134763,0.0037325721624825278,-0.99999303319326027,3.8340513057215211e-05,5.6831151866273605e-06,-0.02371441999518269
4.675000011920929,64,-0.00019497441673180504,5.8208953875595296e-06,0.99999998097554688,-0.00037107435819915647,-0.99999993113548535,5.7310685440155967e-06,-1.2837460152571822e-05,-0.02619986464647842
4.675000011920929,68,-8.0134213589609516e-05,-4.8127235864632096e-06,0.99999999677767282,0.0015340056092203445,-0.99999882340236157,-4.5479093945190695e-06,2.2003420169942993e-05,-0.024983019577232465
4.675000011920929,69,2.8686913945247539e-05,1.0471267747344529e-05,0.99999999953370655,0.0029155196583763522,-0.99999574980966011,1.0379648708182168e-05,4.0006048325831465e-05,-0.02417844896002917
4.675000011920929,72,3.1833898667788804e-07,1.1406090893638277e-06,0.99999999999929878,-0.00018400137866428663,-0.9999999830711036,1.1336025456206137e-06,-1.5786190521461779e-06,-0.02607921736027931
4.675000011920929,76,0.00011626140150422778,2.0049982284064053e-05,0.99999999304064247,0.0015534233667314284,-0.99999879324309748,1.9702598069309543e-05,2.2648043500967006e-05,-0.02498611208903553
4.675000011920929,78,-0.00011655005125180258,1.5872195519293406e-05,0.99999999308207943,-0.0031604068512910881,-0.99999500578185208,1.5488321328113567e-05,1.671976744098922e-05,-0.027590418846845353
4.675000011920929,80,0.00011708477191606687,-2.8508567146301489e-05,0.99999999273920881,-0.0031739408496986731,-0.99999496264168064,-2.8120211623088768e-05,-5.530021392788711e-06,-0.027588087067207653
4.675000011920929,83,3.0707418962716783e-05,2.3385452756459593e-06,0.99999999952579288,-0.0016175575059327438,-0.999998691750276,2.3348014766931668e-06,-2.7057031356383705e-05,-0.02704161175209043
4.675000011920929,85,-1.4102978555256227e-06,-5.9343404985033784e-06,0.99999999998139721,-0.0025866429376683589,-0.99999665461594145,-5.9362046339852452e-06,4.806546924692282e-07,-0.027398656063817774
4.675000011920929,88,-3.9758456644127555e-05,-1.1883434453422881e-05,0.99999999913902449,-0.0016249362790258855,-0.99999867971948397,-1.1890247884596919e-05,1.625537102439871e-05,-0.027040594042395946
4.699999988079071,57,-0.00042732995918608191,-1.6977496078829013e-05,0.99999990855043108,0.0036884927254678466,-0.99999319736946979,-1.5368755497455522e-05,0.0001021755537617375,-0.022483351793909336
4.699999988079071,60,0.00018616550991649262,-5.175042964409482e-06,0.99999998265781087,-0.00039222235944189672,-0.999999923067865,-5.087692536092676e-06,-7.880884303388295e-06,-0.02496605514842129
4.699999988079071,61,0.00049327931270029015,4.0068842144282447e-05,0.9999998775349962,0.0037075411578868143,-0.99999312631589865,3.8203636170262933e-05,5.64930057580231e-06,-0.022493346116181596
4.699999988079071,64,-0.00019503668771705962,5.6686580368785776e-06,0.999999980964278,-0.00037253818388064986,-0.99999993059208725,5.5787522594618807e-06,-1.2829291969032493e-05,-0.024965792373360843
4.699999988079071,68,-7.9014914942706843e-05,-4.7801164595119525e-06,0.99999999686689678,0.0015233863336543815,-0.99999883963615299,-4.5194831149686949e-06,2.1756551612359478e-05,-0.023753168903519292
4.699999988079071,69,2.8426319136043549e-05,1.0420842544791914e-05,0.99999999954167507,0.0028956530461742461,-0.99999580753456885,1.0330627747858004e-05,3.9626482111636295e-05,-0.022954111530268224
4.699999988079071,72,2.953045243174157e-07,1.1026058955942772e-06,0.99999999999934852,-0.0001898037458683829,-0.99999998198666851,1.095700935176599e-06,-1.6158351290786264e-06,-0.024846819310596107
4.699999988079071,76,0.00011472654172877306,1.9932859754387355e-05,0.99999999322025079,0.0015426827749918308,-0.99999880987231515,1.9591035437211453e-05,2.2331622103163763e-05,-0.02375623439416137
4.699999988079071,78,-0.00011971239239681548,1.5953283151212825e-05,0.99999999270721807,-0.0032020803189408628,-0.99999487320670732,1.5554167553908885e-05,1.779246041131447e-05,-0.026375481041760646
4.699999988079071,80,0.0001206985770237242,-2.8724714610675472e-05,0.999999992303372,-0.0032156253541468093,-0.99999482946242446,-2.8319582084203996e-05,-5.833524862929464e-06,-0.026373077801584464
4.699999988079071,83,2.9563656188968252e-05,2.375926933712025e-06,0.9999999995601726,-0.001641939061563804,-0.99999865201434224,2.3699628883262379e-06,-2.707037524551924e-05,-0.025816558508246327
4.699999988079071,85,-1.1949389148996925e-06,-5.9971883524934806e-06,0.99999999998130296,-0.0026220365861297072,-0.99999656243817103,-5.998499616072471e-06,7.880873535279271e-07,-0.026179973216788426
4.699999988079071,88,-3.8260208679097368e-05,-1.2026466990935166e-05,0.99999999919576033,-0.0016494432678068993,-0.99999863959516055,-1.2030569763997818e-05,1.6730693042399406e-05,-0.025815515532714568
4.725000023841858,57,-0.0004239516145405924,-1.6918457572504354e-05,0.99999990998939314,0.0036631160506146042,-0.99999329065033726,-1.5333284557875449e-05,0.00010124870337773323,-0.02126245736564911
4.725000023841858,60,0.00018616304221448973,-5.0877905734912717e-06,0.99999998265871781,-0.00039327020964712055,-0.99999992265676585,-5.0004572198812401e-06,-7.918115802398393e-06,-0.023731989618783048
4.725000023841858,61,0.00048933209546758965,3.9892627795381643e-05,0.99999987948133218,0.0036821727757828035,-0.99999322005475522,3.8054845466113656e-05,5.6171410618520005e-06,-0.02127235303535473
4.725000023841858,64,-0.0001950335267331926,5.5124256753555811e-06,0.99999998096576814,-0.00037396938815056527,-0.9999999300587441,5.4224833514784199e-06,-1.2815211753079047e-05,-0.023731717758311836
4.725000023841858,68,-7.7864106740620302e-05,-4.74568236233169e-06,0.99999999695732955,0.0015126821950436893,-0.99999885588555693,-4.4893146319756597e-06,2.150826475225764e-05,-0.022523348981662743
4.725000023841858,69,2.8155308954880509e-05,1.0367096867555875e-05,0.99999999954990093,0.0028755616494490731,-0.99999586551123121,1.0278315871224432e-05,3.923273139747932e-05,-0.021729826061597853
4.725000023841858,72,2.7344962521701473e-07,1.0637264137343181e-06,0.9999999999993967,-0.00019556296243863767,-0.99999998087700526,1.0569274850404647e-06,-1.6509095842787776e-06,-0.02361441687545689
4.725000023841858,76,0.00011314725417844941,1.9808839296208085e-05,0.99999999340265433,0.00153184990938488,-0.99999882652764627,1.9472684634917283e-05,2.2001054936372232e-05,-0.022526386441459163
4.725000023841858,78,-0.00012290050784163545,1.6031134667087882e-05,0.99999999231923398,-0.0032433147639241134,-0.99999474031890156,1.5616488675371969e-05,1.8855008901195995e-05,-0.02516045078429417
4.725000023841858,80,0.00012434684049658951,-2.8936578191295073e-05,0.99999999185026889,-0.0032568660924466378,-0.99999469599102875,-2.8514315063630172e-05,-6.114832773652966e-06,-0.025157975095354914
4.725000023841858,83,2.8388265800005585e-05,2.4131815797286417e-06,0.99999999959414154,-0.0016661491227852191,-0.99999861196969519,2.4048901372874565e-06,-2.7065002513443964e-05,-0.024591441347786503
4.725000023841858,85,-9.7480040872736262e-07,-6.0595252034502982e-06,0.99999999998116595,-0.0026570884145134649,-0.99999646991598479,-6.0602556115171605e-06,1.1017462466420457e-06,-0.02496121279956619
4.725000023841858,88,-3.6719793832463812e-05,-1.2168600302704011e-05,0.99999999925179084,-0.0016737781907367551,-0.9999985991582504,-1.2169847668996393e-05,1.7201000489740935e-05,-0.024590372725469562
4.75,57,-0.0004204215557204114,-1.6853877614794387e-05,0.99999991148082723,0.0036374056599417651,-0.999993384501215,-1.5292807352150156e-05,0.0001002829581984887,-0.020041647859847505
4.75,60,0.00018609374401148859,-4.997849974003954e-06,0.9999999826720698,-0.00039426162596465112,-0.99999992226682521,-4.9105807836568752e-06,-7.950665434512267e-06,-0.022497920921587228
4.75,61,0.00048520978244121128,3.9703359742760696e-05,0.99999988149754815,0.0036564639186871806,-0.99999331439549377,3.7893622494041175e-05,5.586210464363391e-06,-0.020051441702795443
4.75,64,-0.00019495679238693982,5.3524190540505734e-06,0.99999998098160015,-0.0003753545323308426,-0.99999992954063821,5.2624895032886889e-06,-1.2794274587405703e-05,-0.02249763975127627
4.75,68,-7.6684304487926598e-05,-4.7093919766693575e-06,0.99999999704866949,0.0015018887316471067,-0.99999887215454875,-4.4573699067868468e-06,2.1258452141778342e-05,-0.021293558540529018
4.75,69,2.7874303034232057e-05,1.030992474491279e-05,0.99999999955836438,0.0028552429275235367,-0.99999592373335355,1.0222605209322763e-05,3.882530886008385e-05,-0.020505592352950307
4.75,72,2.5329666483429701e-07,1.0240246951663706e-06,0.99999999999944356,-0.00020127318764249033,-0.99999997974403432,1.0173364032990511e-06,-1.6831681325391475e-06,-0.022382009092584434
4.75,76,0.00011152713969729744,1.9677758469095904e-05,0.99999999358724134,0.0015209201428004521,-0.99999884321313004,1.9347376321695803e-05,2.1657832519933555e-05,-0.021296566951342476
4.75,78,-0.00012610822011146984,1.6105304021229038e-05,0.99999999191866806,-0.003284175118466653,-0.9999946069595026,1.5674852001315917e-05,1.990361212171928e-05,-0.023945325451606186
4.75,80,0.00012802329373586257,-2.9143187225771821e-05,0.99999999138035545,-0.0032977276476781974,-0.99999456206945125,-2.8703453150014108e-05,-6.370796622803704e-06,-0.023942776472388936
4.75,83,2.7181205480429787e-05,2.4501896438047962e-06,0.99999999962758934,-0.0016901998669579784,-0.99999857160820915,2.4394627683856348e-06,-2.7036466455186156e-05,-0.023366261906712447
4.75,85,-7.4986473142932688e-07,-6.1211054871005528e-06,0.99999999998098477,-0.0026918480947827985,-0.99999637695161936,-6.1212268141834377e-06,1.421546752841175e-06,-0.023742376251649072
4.75,88,-3.5136817296133945e-05,-1.2309309674713129e-05,0.9999999993069425,-0.0016979527725168708,-0.99999855840141405,-1.2307555031741309e-05,1.766226668589026e-05,-0.02336516731831826
4.774999976158142,57,-0.0004167410020527507,-1.678350647274988e-05,0.99999991302262181,0.0036113594467234765,-0.9999934789039745,-1.5247055595677176e-05,9.927969366504838e-05,-0.01882092460492645
4.774999976158142,60,0.00018595038036701465,-4.9053041793476108e-06,0.99999998269919688,-0.00039518181306579106,-0.99999992190405707,-4.8181528467146241e-06,-7.977317167380253e-06,-0.021263847702178398
4.774999976158142,61,0.00048091438478067638,3.9500569753541883e-05,0.99999988358052283,0.0036304119966142604,-0.99999340932126946,3.7719475512230173e-05,5.556108863832771e-06,-0.01883061343786899
4.774999976158142,64,-0.00019479792813144653,5.1888303250482165e-06,0.99999998101342136,-0.00037667847616732782,-0.99999992904366042,5.0989703576691007e-06,-1.2765826780961694e-05,-0.021263557023659195
4.774999976158142,68,-7.5478204178076964e-05,-4.6712142099518791e-06,0.99999999714061016,0.0014910010777440448,-0.99999888844749119,-4.4236127719342521e-06,2.100673024607556e-05,-0.020063796231714146
4.774999976158142,69,2.758377741943976e-05,1.0249227929828384e-05,0.99999999956704411,0.0028346945178590916,-0.99999598219377661,1.0163395460938274e-05,3.840480005758903e-05,-0.01928141045969492
4.774999976158142,72,2.3544835182605391e-07,9.8354758923280291e-07,0.99999999999948863,-0.00020692776437701473,-0.99999997858997269,9.769747406596595e-07,-1.7118431870570095e-06,-0.02114959469756097
4.774999976158142,76,0.00010987010039183203,1.9539459893674111e-05,0.99999999377338522,0.0015098884350572711,-0.99999885993319992,1.9214945712079038e-05,2.1303869639928326e-05,-0.020066774568109933
4.774999976158142,78,-0.00012933076679883023,1.6175392085030699e-05,0.99999999150595476,-0.0033247377048180268,-0.99999447292062416,1.5728865710483744e-05,2.093379316443163e-05,-0.022730101611142726
4.774999976158142,80,0.0001317233566346108,-2.9343662442423609e-05,0.99999999089395353,-0.0033382860241523548,-0.99999442749048006,-2.8886123221615583e-05,-6.59719185139772e-06,-0.02272747862522265
4.774999976158142,83,2.5941887242124152e-05,2.4868457684868738e-06,0.99999999966041708,-0.0017141058821498617,-0.99999853091637392,2.4735731300645177e-06,-2.6979111384225245e-05,-0.022141021818698165
4.774999976158142,85,-5.199831079364392e-07,-6.1817047983697581e-06,0.99999999998075806,-0.0027263734986169453,-0.99999628341776292,-6.1811881678204583e-06,1.7475746568791043e-06,-0.02252346506578552
4.774999976158142,88,-3.3510103869126295e-05,-1.24481212568009e-05,0.99999999936105866,-0.0017219811878112382,-0.9999985173118785,-1.2443214258812663e-05,1.810955174103914e-05,-0.022139900998315566
4.800000011920929,57,-0.00041291114893704522,-1.670708142422259e-05,0.99999991461262461,0.0035849755966318401,-0.99999357383888265,-1.5195747795818575e-05,9.824053728553369e-05,-0.01760028939527164
4.800000011920929,60,0.00018572489352389277,-4.8102081493393578e-06,0.99999998274156277,-0.00039601274446117077,-0.99999992157579554,-4.7232360176150912e-06,-7.996221774197073e-06,-0.020029768209515242
4.800000011920929,61,0.000476447977093018,3.9283767244359201e-05,0.9999998857270489,0.0036040146784351362,-0.99999350481368376,3.7531889908515825e-05,5.5262806875879136e-06,-0.017609870020620984
4.800000011920929,64,-0.00019454725714479563,5.0217956332368631e-06,0.99999998106307286,-0.00037792296393962315,-0.99999992857495146,4.9320707491543432e-06,-1.2729484365414264e-05,-0.020029467843685457
4.800000011920929,68,-7.4248704953724787e-05,-4.6311067887175827e-06,0.99999999723284139,0.0014800135675998559,-0.99999890476969278,-4.3879957225161341e-06,2.075216579413734e-05,-0.018834060499092305
4.800000011920929,69,2.7284261655352182e-05,1.0184902728860674e-05,0.99999999957591845,0.0028139140700586904,-0.99999604088495508,1.0100580757001661e-05,3.7971854264356674e-05,-0.018057280691745555
4.800000011920929,72,2.2064949000912597e-07,9.423283731974011e-07,0.99999999999953171,-0.00021251847700137205,-0.99999997741751023,9.3587606373672872e-07,-1.7359980683373293e-06,-0.019917171939356805
4.800000011920929,76,0.00010818039962680922,1.9393759850322073e-05,0.99999999396044159,0.0014987488965081473,-0.99999887669331022,1.9075201385648157e-05,2.0941825123463304e-05,-0.01883700772500575
4.800000011920929,78,-0.0001325655315068436,1.6241048566192726e-05,0.99999999108130422,-0.0033650983264460104,-0.99999433791612169,1.5778176685040747e-05,2.193976317896154e-05,-0.02151477442654904
4.800000011920929,80,0.00013544505589693597,-2.9537222039119714e-05,0.99999999039109466,-0.0033786367348400629,-0.99999429196832967,-2.9061537678690611e-05,-6.787827068986734e-06,-0.021512076808993686
4.800000011920929,83,2.4668742964633685e-05,2.5230636942623552e-06,0.99999999969254372,-0.0017378858111547824,-0.99999848987217066,2.5071301696408547e-06,-2.688495194151659e-05,-0.020915722806094543
4.800000011920929,85,-2.8478226061018028e-07,-6.2411220807126231e-06,0.99999999998048361,-0.0027607366257536262,-0.99999618913991184,-6.2399372545385317e-06,2.0802040175674457e-06,-0.021304480981014066
4.800000011920929,88,-3.1837081696272164e-05,-1.2584622294423167e-05,0.99999999941401374,-0.0017458817142751647,-0.99999847586827528,-1.2576405498773764e-05,1.8536112022681574e-05,-0.020914575528718744
4.824999988079071,57,-0.00040893211485501431,-1.6624275920981903e-05,0.99999991624907603,0.0035582518844528097,-0.99999366928713673,-1.5138542599538166e-05,9.71676306768e-05,-0.01637974483192634
4.824999988079071,60,0.00018540709156993613,-4.7125406584269648e-06,0.999999982801001,-0.00039672912331297486,-0.9999999212922992,-4.6258192557139538e-06,-8.004363052242922e-06,-0.018795679971278637
4.824999988079071,61,0.00047181158020282755,3.9052327869437497e-05,0.99999988793436789,0.0035772691114899476,-0.99999360085560463,3.7330221330170049e-05,5.4955983725250045e-06,-0.016389214003980367
4.824999988079071,64,-0.00019419230779607434,4.8513086929424455e-06,0.99999998113290611,-0.00037906277537759573,-0.99999992814436633,4.7617959522400979e-06,-1.2685207144568308e-05,-0.018795369742199572
4.824999988079071,68,-7.2998923398575195e-05,-4.5889919511546154e-06,0.99999999732504907,0.0014689187115062893,-0.99999892112886446,-4.3504361156344045e-06,2.049248320297681e-05,-0.01760434925561189
4.824999988079071,69,2.6976328060308473e-05,1.0116811078343988e-05,0.99999999958496388,0.0027928986927195079,-0.99999609980049953,1.0034020824344135e-05,3.752715824520075e-05,-0.016833203667748882
4.824999988079071,72,2.0994943950845212e-07,9.0036662189824682e-07,0.99999999999957256,-0.00021803349929817907,-0.99999997623029646,8.940404438923094e-07,-1.7543299910047048e-06,-0.018684738064554316
4.824999988079071,76,0.00010646276386277777,1.9240372310168168e-05,0.99999999414774388,0.0014874936598865754,-0.99999889350156212,1.8927849863502167e-05,2.0576000858304124e-05,-0.017607264309963896
4.824999988079071,78,-0.00013581447964262371,1.6302004667929567e-05,0.99999999064433598,-0.0034053941785558168,-0.99999420150325757,1.5822490965038697e-05,2.2912563647207816e-05,-0.020299335939782875
4.824999988079071,80,0.00013919202189155194,-2.972324557456172e-05,0.99999998987105476,-0.003418916738824752,-0.9999941550599164,-2.9229043934861196e-05,-6.9319057673786355e-06,-0.020296563081595505
4.824999988079071,83,2.3357962367489766e-05,2.5587976024583731e-06,0.99999999972392906,-0.0017615668842969646,-0.99999844843662633,2.5400776380567796e-06,-2.6740520706650193e-05,-0.01969036687234315
4.824999988079071,85,-4.338984231938169e-08,-6.2991953500910561e-06,0.9999999999801592,-0.002795039571568948,-0.99999609384943966,-6.2973091603192061e-06,2.4204474569218848e-06,-0.020085426470192683
4.824999988079071,88,-3.0112004529277343e-05,-1.2718514795904341e-05,0.99999999946575324,-0.0017696813152460887,-0.99999843403206357,-1.2706816124455063e-05,1.8930903501965867e-05,-0.019689192926411418
4.850000023841858,57,-0.00040479591715293677,-1.653439218277631e-05,0.99999991793343646,0.0035311802602871938,-0.99999376524992456,-1.5074759172998944e-05,9.606538935001883e-05,-0.015159296855589465
4.850000023841858,60,0.00018497632977283022,-4.6118503074421098e-06,0.99999998288124403,-0.0003972701169841219,-0.99999992107798408,-4.5254741058000333e-06,-7.993624069134009e-06,-0.01756157763053438
4.850000023841858,61,0.00046699768435271569,3.8804821183944354e-05,0.99999989020366842,0.003550166032057133,-0.99999369745202216,3.711305351614074e-05,5.459555071313841e-06,-0.015168651064242979
4.850000023841858,64,-0.00019370701347388923,4.6765703056160941e-06,0.99999998122786105,-0.0003800388496137521,-0.99999992777471169,4.5873726624527497e-06,-1.2634141077954404e-05,-0.01756125727630153
4.850000023841858,68,-7.1732109838150413e-05,-4.5445911506778279e-06,0.99999999741692547,0.001457700184834321,-0.99999893754523028,-4.3106543606263018e-06,2.0218293150090752e-05,-0.016374657732375918
4.850000023841858,69,2.6660504933461937e-05,1.004460378308632e-05,0.99999999959416175,0.0027716406616673417,-0.99999615894701022,9.9633648236628882e-06,3.707124561066529e-05,-0.01560918084884924
4.850000023841858,72,2.0581784272022175e-07,8.574767972972867e-07,0.99999999999961131,-0.00022344293182753781,-0.99999997503626559,8.5128388133326626e-07,-1.763826620825863e-06,-0.01745228571019293
4.850000023841858,76,0.00010472285690860227,1.9078412323201738e-05,0.99999999433456865,0.0014761051606416247,-0.99999891037998978,1.8772002770571843e-05,2.0218782916241696e-05,-0.016377539441320647
4.850000023841858,78,-0.00013910288651686423,1.6358404507239412e-05,0.99999999019139474,-0.0034459562172772977,-0.99999406254944889,1.5861816576351682e-05,2.382641995269247e-05,-0.01908376269334632
4.850000023841858,80,0.00014299633912372129,-2.9901895887899596e-05,0.99999998932896184,-0.0034594571452206328,-0.99999401562837775,-2.938864212890371e-05,-6.994588671692754e-06,-0.019080913597982772
4.850000023841858,83,2.1994359593912637e-05,2.5942221802043955e-06,0.99999999975475906,-0.0017852166208818492,-0.99999840649622962,2.5725518073531542e-06,-2.650430029341803e-05,-0.018464957549938914
4.850000023841858,85,2.0756559827280572e-07,-6.3559472502260812e-06,0.9999999999797794,-0.0028295251990869087,-0.9999959968653791,-6.3533159647267709e-06,2.77251961685927e-06,-0.018866308159104485
4.850000023841858,88,-2.8313129621170403e-05,-1.2850087210696796e-05,0.99999999951662089,-0.0017934477869405514,-0.99999839168885996,-1.2834682737283656e-05,1.9260714543510483e-05,-0.018463756592026065
4.875,57,-0.0004005108993314977,-1.6436981456071938e-05,0.99999991966041946,0.0035037782662819652,-0.99999386163753223,-1.5003894762441553e-05,9.493391319139882e-05,-0.013938947626531542
4.875,60,0.00018442711919454868,-4.5086459002609026e-06,0.99999998298315473,-0.00039764579984442281,-0.99999992092912571,-4.4227088802100973e-06,-7.96785472689604e-06,-0.016327460813444872
4.875,61,0.00046201590110872293,3.8541285949908794e-05,0.99999989252793253,0.0035227210747790305,-0.99999379451878001,3.6880364158310202e-05,5.42055989615841e-06,-0.013948183362619746
4.875,64,-0.00019308614126474911,4.4985111178862148e-06,0.99999998134875268,-0.00038085925928665936,-0.99999992746338684,4.4097310217095545e-06,-1.2572003305640417e-05,-0.01632713021787717
4.875,68,-7.0452899705034631e-05,-4.497884929324359e-06,0.99999999750807889,0.0014463590607926935,-0.99999895401307604,-4.268620162107819e-06,1.993697115355087e-05,-0.015144986477181694
4.875,69,2.6337633230232273e-05,9.9684823636135229e-06,0.99999999960347907,0.0027501512725919028,-0.99999621827794383,9.8888110345820252e-06,3.660528377645769e-05,-0.014385212868066998
4.875,72,2.08277962861765e-07,8.1386690953353227e-07,0.99999999999964706,-0.00022875363969699291,-0.9999999738355595,8.078138868183596e-07,-1.7643882309074373e-06,-0.016219816526780183
4.875,76,0.00010296714402789464,1.8908168113058243e-05,0.99999999452012422,0.0014645847403999643,-0.99999892732206608,1.8607933525448485e-05,1.986484196372247e-05,-0.015147833719839451
4.875,78,-0.00014240414429437113,1.6408911179265617e-05,0.99999998972590376,-0.003486755423791215,-0.99999392112350682,1.5894907632288169e-05,2.4690264854105823e-05,-0.017868061883917204
4.875,80,0.00014682728491697731,-3.0071288356579822e-05,0.99999998876873297,-0.0035002260946695321,-0.99999387375361459,-2.9538551762359449e-05,-6.990907653920598e-06,-0.017865136175831523
4.875,83,2.058570115662878e-05,2.6288100422916524e-06,0.99999999978465914,-0.0018088252550612935,-0.99999836407086962,2.6040418123660648e-06,-2.6189957509591478e-05,-0.017239496597598516
4.875,85,4.6635692579300804e-07,-6.4110852143588466e-06,0.99999999997934019,-0.0028641756191203262,-0.99999589822006996,-6.407669400658284e-06,3.134107857317319e-06,-0.017647125117664298
4.875,88,-2.6450540211789929e-05,-1.2978201726346124e-05,0.99999999956596763,-0.0018171701038186417,-0.9999983488610773,-1.2958887682454015e-05,1.953607085179608e-05,-0.017238268456988025
4.899999976158142,57,-0.00039608097009373103,-1.6328624954647383e-05,0.99999992142661742,0.0034764057116983831,-0.99999395717206752,-1.4922359465786368e-05,9.377085930451199e-05,-0.012718767071138235
4.899999976158142,60,0.0001836889179700592,-4.4049587298489014e-06,0.99999998311948868,-0.00039801113904474716,-0.99999992078423405,-4.3195522112161769e-06,-8.019497977535188e-06,-0.015093336958762528
4.899999976158142,61,0.00045687540602533497,3.8255365556543869e-05,0.99999989490068952,0.0034952876157336478,-0.99999389079286372,3.6625586182031784e-05,5.387014834915537e-06,-0.012727880059663264
4.899999976158142,64,-0.0001922531779004932,4.3216683683899639e-06,0.99999998151001912,-0.00038167007196952563,-0.99999992715501451,4.2334070250365261e-06,-1.2395092510243565e-05,-0.015092996643489048
4.899999976158142,68,-6.9186850041490902e-05,-4.44870935383079e-06,0.99999999759669445,0.0014349331078711421,-0.99999897047403619,-4.224123626144757e-06,1.9744437521280062e-05,-0.013915350248137576
4.899999976158142,69,2.6011246535530162e-05,9.887150399054317e-06,0.9999999996128297,0.0027286906049006948,-0.99999627706875271,9.8090461079362917e-06,3.613344830380274e-05,-0.013161314519448372
4.899999976158142,72,2.1975809759667188e-07,7.7066938085354163e-07,0.99999999999967881,-0.00023405239798493871,-0.99999997260944462,7.6476120889294008e-07,-1.7523854784232179e-06,-0.014987353294094341
4.899999976158142,76,0.00010123035475828344,1.8728026459861101e-05,0.99999999470083811,0.0014529692756866757,-0.99999894426967906,1.8433964945615627e-05,1.9429803109301623e-05,-0.01391816174067932
4.899999976158142,78,-0.00014556382739787789,1.6445612653335581e-05,0.99999998927035694,-0.0035275489692811494,-0.99999377805314371,1.591443957625494e-05,2.554490866488973e-05,-0.016652272516300106
4.899999976158142,80,0.0001505147946955872,-3.0214545911814044e-05,0.99999998821618896,-0.0035409750429450096,-0.99999373028828453,-2.9662541573301045e-05,-6.991518399863052e-06,-0.016649273072790564
4.899999976158142,83,1.9162569970249912e-05,2.6603060781957828e-06,0.99999999981285936,-0.00183226879456198,-0.99999832139065858,2.6323861302124997e-06,-2.5859014148214546e-05,-0.016014020773413393
4.899999976158142,85,7.2619938207504141e-07,-6.4604026599780965e-06,0.99999999997886801,-0.0028988267650804748,-0.99999579837202512,-6.4561834613833571e-06,3.4948777918350227e-06,-0.016427896968214697
4.899999976158142,88,-2.4563171629646898e-05,-1.3093599267770483e-05,0.99999999961260411,-0.0018407168244707554,-0.99999830579393467,-1.3070284079201625e-05,1.9807553312078632e-05,-0.01601276656376021
4.925000011920929,57,-0.00039152837526715604,-1.6211901645527325e-05,0.99999992322134978,0.00344891938761684,-0.99999405234983718,-1.4832697403565356e-05,9.257546142745389e-05,-0.011498722375905494
4.925000011920929,60,0.00018279842472289977,-4.3007805541350551e-06,0.99999998328311945,-0.00039831952510848616,-0.99999992066188759,-4.2159878273475587e-06,-8.110976720100617e-06,-0.013859201509730143
4.925000011920929,61,0.00045160119649140576,3.7950190343944498e-05,0.99999989730806582,0.0034677291521788296,-0.99999398674845696,3.6351808268969527e-05,5.363368556244673e-06,-0.011507709436609148
4.925000011920929,64,-0.00019124948721671443,4.1459896258962571e-06,0.99999998170322202,-0.00038242538418434361,-0.99999992686717498,4.058339042773882e-06,-1.2148695914749498e-05,-0.013858851904767138
4.925000011920929,68,-6.7930183621464613e-05,-4.3977657241523611e-06,0.99999999768307501,0.0014234100574148532,-0.99999898694266387,-4.1778663840005661e-06,1.960986571489856e-05,-0.012685743850444112
4.925000011920929,69,2.568164729749029e-05,9.8009511041781873e-06,0.9999999996221971,0.0027071536728631462,-0.99999633560549983,9.7244135453315769e-06,3.565625528412276e-05,-0.011937479352266842
4.925000011920929,72,2.3813432238135118e-07,7.2785135939664711e-07,0.99999999999970668,-0.00023931475010323879,-0.99999997136396401,7.2209250433274531e-07,-1.7305792619156427e-06,-0.013754888975198462
4.925000011920929,76,9.9506047879774139e-05,1.8539434135472946e-05,0.99999999487741797,0.0014412486216604412,-0.99999896123410614,1.8251546731955948e-05,1.8942019452734185e-05,-0.012688518566188103
4.925000011920929,78,-0.00014860465985706589,1.647105226871026e-05,0.99999998882267971,-0.0035683351006469879,-0.99999363334526847,1.5922890011794313e-05,2.6392552286080835e-05,-0.015436395034731312
4.925000011920929,80,0.00015408094562781023,-3.0336359551619942e-05,0.99999998766938369,-0.0035817055755958428,-0.99999358522902548,-2.9765238441796703e-05,-6.997431902177185e-06,-0.015433324137167906
4.925000011920929,83,1.772914806695432e-05,2.6893428633547873e-06,0.99999999983922228,-0.0018555768357453311,-0.99999827841228828,2.6582181045860734e-06,-2.5521061864382488e-05,-0.014788513732918621
4.925000011920929,85,9.8637743361773306e-07,-6.5048997328348268e-06,0.99999999997835665,-0.0029334768795159383,-0.9999956973263181,-6.4998599176271394e-06,3.854378999861657e-06,-0.015208609438865562
4.925000011920929,88,-2.2658003365897122e-05,-1.3198476545965313e-05,0.99999999965620745,-0.0018641190780282221,-0.99999826244178336,-1.3171073690309856e-05,2.008124271046923e-05,-0.014787234427819334
4.949999988079071,57,-0.0003868712148602122,-1.6087846593439934e-05,0.99999992503591928,0.0034212197993586844,-0.99999414750184279,-1.4735906263323855e-05,9.134768622395486e-05,-0.010278790630169362
4.949999988079071,60,0.00018177997628546092,-4.1963824464041823e-06,0.99999998346921515,-0.00039853206868588657,-0.99999992057763654,-4.1122828502098556e-06,-8.214719919959748e-06,-0.012625049579313097
4.949999988079071,61,0.00044621236291233606,3.7628688997214059e-05,0.99999989973929948,0.0034399470871884432,-0.99999408271428059,3.6061922063425124e-05,5.352558803144977e-06,-0.010287649111328328
4.949999988079071,64,-0.00019010315338604484,3.9715654106683555e-06,0.99999998192250872,-0.00038308536761033228,-0.99999992661525294,3.8846128156265355e-06,-1.1865882195778086e-05,-0.012624691073694766
4.949999988079071,68,-6.6681003685430793e-05,-4.3452945687933416e-06,0.99999999776738102,0.0014117795113562925,-0.99999900343028025,-4.1300873388401627e-06,1.951259582280323e-05,-0.01145616314323664
4.949999988079071,69,2.534907880828262e-05,9.7107191177891491e-06,0.99999999963156316,0.002685465540646719,-0.99999639408448993,9.6357486818250743e-06,3.517428617259824e-05,-0.01071370323033475
4.949999988079071,72,2.6192540722853233e-07,6.8540494429220421e-07,0.99999999999973066,-0.00024452090226549661,-0.99999997010453257,6.7979923425789169e-07,-1.700965743774413e-06,-0.012522417967607053
4.949999988079071,76,9.7791517074862039e-05,1.8343759240617408e-05,0.9999999950501629,0.0014294136245884019,-0.99999897822470418,1.8062046062789472e-05,1.842082499995727e-05,-0.01145890023667808
4.949999988079071,78,-0.0001515345151551152,1.6486712180263863e-05,0.9999999883827394,-0.0036091457706230743,-0.99999348688544232,1.592172094574133e-05,2.72370027229077e-05,-0.014220430857313697
4.949999988079071,80,0.0001575320798686639,-3.0439424900849082e-05,0.99999998712854254,-0.0036224510029470203,-0.99999343845734756,-2.9849323195867575e-05,-7.013404184385327e-06,-0.014217290562738929
4.949999988079071,83,1.6290779222913267e-05,2.7161894413862873e-06,0.99999999986361632,-0.001878776830481277,-0.99999823509365704,2.6818129167528087e-06,-2.518820813621491e-05,-0.013562963968280484
4.949999988079071,85,1.2459306339392344e-06,-6.5451551987513046e-06,0.99999999997780431,-0.0029681504445488653,-0.99999559501038615,-6.539280143502525e-06,4.211621759642589e-06,-0.013989250956548252
4.949999988079071,88,-2.0743132142892356e-05,-1.3294086664473636e-05,0.99999999969649489,-0.0018874054035149333,-0.99999821876088768,-1.3262520340677678e-05,2.036586458980368e-05,-0.013561660421372492
4.975000023841858,57,-0.00038212273927023881,-1.5956747104636773e-05,0.99999992686379446,0.0033932635204689259,-0.9999942427577162,-1.4632232294097088e-05,9.008717048109772e-05,-0.009058961657058343
4.975000023841858,60,0.00018063916754596461,-4.0923038605827678e-06,0.999999983676372,-0.00039861323681536579,-0.99999992054570463,-4.0089802010646249e-06,-8.315490866336824e-06,-0.01139087371139011
4.975000023841858,61,0.00044072401117140118,3.7291645079937295e-05,0.9999999021858349,0.0034118983607875661,-0.99999417881857522,3.5756664317562272e-05,5.358036313562436e-06,-0.009067689203387946
4.975000023841858,64,-0.00018882141529840852,3.7992996476538822e-06,0.99999998216601904,-0.00038361249507085364,-0.9999999264138304,3.7131357951444945e-06,-1.156396613772838e-05,-0.01139050677908068
4.975000023841858,68,-6.5442271763846495e-05,-4.2915035727961772e-06,0.99999999784944604,0.0014000323488020426,-0.99999901994590368,-4.0809875071513539e-06,1.944750144405356e-05,-0.0102266047382302
4.975000023841858,69,2.5014330892574464e-05,9.6166898565870593e-06,0.99999999964090114,0.0026635921306475277,-0.9999964525866516,9.5432850854135246e-06,3.468864082316215e-05,-0.009489984776046467
4.975000023841858,72,2.9044222458419287e-07,6.435284471211539e-07,0.99999999999975064,-0.00024965476174081244,-0.99999996883604592,6.3807910386033802e-07,-1.664389407236061e-06,-0.011289935736180931
4.975000023841858,76,9.6090495789947776e-05,1.8141631202779729e-05,0.99999999521874872,0.0014174559817702779,-0.99999899524916669,1.7866083866861309e-05,1.7872297429570035e-05,-0.010229303466768426
4.975000023841858,78,-0.00015433239875990343,1.6492360113718258e-05,0.99999998795475631,-0.0036500868436711163,-0.99999333828425119,1.5910773787918226e-05,2.808644636396242e-05,-0.013004384049044677
4.975000023841858,80,0.00016084336446565197,-3.0522852169788866e-05,0.99999998659888378,-0.0036633173394474824,-0.99999328958309697,-2.9913993864481331e-05,-7.053509204567611e-06,-0.01300117681842915
4.975000023841858,83,1.4856650337994762e-05,2.7406782929417947e-06,0.99999999988588439,-0.00190189978196269,-0.99999819138332102,2.703022201744795e-06,-2.4881372235144476e-05,-0.012337366072711287
4.975000023841858,85,1.5029699382095602e-06,-6.5808626294274719e-06,0.99999999997721667,-0.0030029308370566718,-0.9999954911714195,-6.5741433711136551e-06,4.564076928901626e-06,-0.01276981204660266
4.975000023841858,88,-1.8831203580504173e-05,-1.3379740379142455e-05,0.9999999997331841,-0.0019106062356393648,-0.99999817470120966,-1.3343960880539377e-05,2.0677930469977433e-05,-0.01233603929425522
5.0,57,-0.00037729403699666698,-1.5818175303556576e-05,0.99999992869949483,0.003365024392992228,-0.99999433818395644,-1.4521208842510009e-05,8.87915882761243e-05,-0.007839229002545852
5.0,60,0.00017936836508035162,-3.9895188259503291e-06,0.99999998390553646,-0.00039850843323922119,-0.99999992058787879,-3.9070664937581069e-06,-8.398957343629059e-06,-0.01015665971025909
5.0,61,0.00043514965450795561,3.6938261245743237e-05,0.99999990464016697,0.00338355625412016,-0.99999427512932404,3.5435190867922496e-05,5.385508691508363e-06,-0.007847823362750767
5.0,64,-0.00018739756053950927,3.6310798928053201e-06,0.99999998243448462,-0.00038394848903629844,-0.99999992628548995,3.545808825680935e-06,-1.1257702367294844e-05,-0.010156285048562598
5.0,68,-6.4220956735069253e-05,-4.2365875013521477e-06,0.99999999792885996,0.0013881557863773713,-0.99999903650316879,-4.0307520742267101e-06,1.941888201108884e-05,-0.00899706363892681
5.0,69,2.4678612705647933e-05,9.5187253450449655e-06,0.99999999965017994,0.0026415115660001253,-0.99999651115761568,9.4468816740839227e-06,3.4200845057486936e-05,-0.008266323305517067
5.0,72,3.2320799429571574e-07,6.026552144654117e-07,0.99999999999976608,-0.0002546927178152771,-0.99999996756563092,5.9736461319530055e-07,-1.6212854608139487e-06,-0.010057435688108917
5.0,76,9.441190777465044e-05,1.7933249388232605e-05,0.99999999538239515,0.001405363553397779,-0.99999901232014787,1.7663846505558141e-05,1.7294662317178868e-05,-0.008999723315889802
5.0,78,-0.00015694337001461638,1.6486178316771763e-05,0.99999998754849218,-0.0036913853921962366,-0.99999318668751158,1.5888414240541856e-05,2.8957594808798008e-05,-0.01178826294162248
5.0,80,0.00016395226631662062,-3.0582290969000636e-05,0.99999998609218888,-0.0037045307051958199,-0.99999313775392762,-2.9955111787106221e-05,-7.147249419256903e-06,-0.01178499234599464
5.0,83,1.3443278474734246e-05,2.7621930669835031e-06,0.99999999990582422,-0.0019249983962456177,-0.999998147185168,2.7212684187280961e-06,-2.464104599740814e-05,-0.011111715730588714
5.0,85,1.7539389513784226e-06,-6.6108331618582542e-06,0.99999999997661027,-0.0030379977339472053,-0.9999953852524347,-6.6032716933659679e-06,4.906736099576077e-06,-0.011550278849943372
5.0,88,-1.6944441012743799e-05,-1.345281690926154e-05,0.99999999976595377,-0.0019337721405723427,-0.99999813017095407,-1.3412825709018093e-05,2.1050577185701455e-05,-0.011110367173610566
5.025000000372529,57,-0.00037142177131707578,-1.5646215872740333e-05,0.99999993090052941,0.0033307427707592045,-0.99999445295748657,-1.4382361316100868e-05,8.720532715779695e-05,-0.006375673719763799
5.025000000372529,60,0.00017774174243653213,-3.8659853825176121e-06,0.99999998419646352,-0.00039823481944794464,-0.99999992069734922,-3.7846539704516711e-06,-8.482576932568183e-06,-0.008675583323453473
5.025000000372529,61,0.00042837518493790114,3.6501777779888707e-05,0.99999990758115631,0.0033491426129955738,-0.99999439099235088,3.5037050422832342e-05,5.435966132968203e-06,-0.006384106620667193
5.025000000372529,64,-0.00018557474573262396,3.4300641980900234e-06,0.99999998277512414,-0.00038420444373191934,-0.99999992618787215,3.3459479833252756e-06,-1.0886574220743016e-05,-0.008675199658445746
5.025000000372529,68,-6.276283213762765e-05,-4.1694845413728243e-06,0.99999999802172101,0.0013737498085213044,-0.99999905639740905,-3.9692509452590105e-06,1.9398418842532078e-05,-0.007521646763320528
5.025000000372529,69,2.427371649735126e-05,9.3981338102780677e-06,0.99999999966123099,0.0026147209314189069,-0.99999658156787541,9.3281582390224402e-06,3.3612325337048245e-05,-0.0067980084716397
5.025000000372529,72,3.6728229021268355e-07,5.5385231394327169e-07,0.99999999999977918,-0.00026065303101229333,-0.99999996602984775,5.4875616066268813e-07,-1.562813313047373e-06,-0.008578423674509636
5.025000000372529,76,9.2407625329766509e-05,1.7677777236075959e-05,0.99999999557416352,0.0013906930334304781,-0.9999990328343219,1.7415721995251527e-05,1.6591834935982512e-05,-0.007524259022086319
5.025000000372529,78,-0.00015999865964000956,1.6471458971380082e-05,0.99999998706456006,-0.0037409176224000034,-0.99999300261751001,1.5854302739605135e-05,2.9995246866556257e-05,-0.010328801636118998
5.025000000372529,80,0.00016760318195550107,-3.0639739563319123e-05,0.99999998548518987,-0.0037539529498646011,-0.99999295344408146,-2.9990553393410814e-05,-7.260115359684347e-06,-0.010325456306042063
5.025000000372529,83,1.1739959927568698e-05,2.7863705949087922e-06,0.99999999992720467,-0.001952583762053437,-0.99999809370275128,2.7414465436702314e-06,-2.435546013359528e-05,-0.009640869070780106
5.025000000372529,85,2.0552620130695835e-06,-6.6436829092098661e-06,0.99999999997581868,-0.0030800486462126729,-0.99999525661690636,-6.6350885040695931e-06,5.317127362800959e-06,-0.01008673841047992
5.025000000372529,88,-1.4668040742023791e-05,-1.353366394735385e-05,0.9999999998008442,-0.0019614321486746979,-0.99999807629914284,-1.3488504244759846e-05,2.15068461556876e-05,-0.009639494920227254
5.050000000745058,57,-0.00036548938520723821,-1.5469576369297826e-05,0.99999993308909851,0.0032960154500824355,-0.99999456802495146,-1.4238797660730734e-05,8.559306840370736e-05,-0.004912248308393046
5.050000000745058,60,0.00017602755076774609,-3.7422869735040141e-06,0.99999998450014826,-0.00039780734499021816,-0.99999992086794942,-3.6621456352873323e-06,-8.542915414459188e-06,-0.007194489437069677
5.050000000745058,61,0.00042153531825207189,3.6055186939504857e-05,0.99999991050399539,0.0033142759932080256,-0.99999450717265959,3.4628750694653705e-05,5.502373728062264e-06,-0.004920518694933975
5.050000000745058,64,-0.00018365270073413911,3.2296958844979822e-06,0.99999998313062721,-0.00038430711594040535,-0.99999992614906641,3.1468118039632906e-06,-1.0520317540454754e-05,-0.007194096946468311
5.050000000745058,68,-6.1313207133503506e-05,-4.1013749945125447e-06,0.99999999811193474,0.0013591743577753652,-0.99999907631447471,-3.9067152506938668e-06,1.9383214613840273e-05,-0.00604626651602373
5.050000000745058,69,2.3867618755987027e-05,9.2750978746301146e-06,0.9999999996721548,0.002587593451801208,-0.99999665213207589,9.2069812147981887e-06,3.3021961573707494e-05,-0.005329780896107052
5.050000000745058,72,4.1592887261078273e-07,5.0523280911982335e-07,0.99999999999978573,-0.00026652428439218507,-0.9999999644822769,5.0033503944895949e-07,-1.4979219310556921e-06,-0.007099399442104761
5.050000000745058,76,9.0415092547759503e-05,1.7417891016281508e-05,0.99999999576086407,0.0013758483735840936,-0.99999905337289163,1.7163141175178272e-05,1.5888877492395235e-05,-0.006048830959570786
5.050000000745058,78,-0.00016299563262040653,1.6450809116768391e-05,0.99999998658089717,-0.003790367426573904,-0.99999281640653936,1.581420195975034e-05,3.1020542984204573e-05,-0.00886921282341474
5.050000000745058,80,0.00017119536816222444,-3.0686058490784357e-05,0.99999998487525577,-0.0038032860187687729,-0.99999276703112905,-3.0014753368137714e-05,-7.365391705464462e-06,-0.00886579361625847
5.050000000745058,83,1.0027617287718803e-05,2.8092032590810312e-06,0.9999999999457776,-0.0019800154081915278,-0.99999803976376112,2.7601873128466967e-06,-2.406450489609415e-05,-0.008169948995603816
5.050000000745058,85,2.3573262396347562e-06,-6.6740651424209594e-06,0.99999999997494982,-0.0031220195199358281,-0.99999512646297561,-6.6644115779782486e-06,5.727749900506171e-06,-0.008623090238651375
5.050000000745058,88,-1.2377165074290261e-05,-1.3609030155396902e-05,0.99999999983080012,-0.0019889333123728134,-0.99999802197826593,-1.3558567898293564e-05,2.1964725765891167e-05,-0.008168549604998925
5.075000002980232,57,-0.00035964572038817101,-1.5295415581643427e-05,0.99999993521050101,0.0032609235640904022,-0.99999468307525508,-1.4097131922517844e-05,8.399355761906051e-05,-0.003448957927999902
5.075000002980232,60,0.0001743322198084139,-3.620396843979396e-06,0.99999998479758478,-0.00039724681815654314,-0.9999999210912085,-3.5414626645261425e-06,-8.564814910935872e-06,-0.005713385257690634
5.075000002980232,61,0.00041479820859812426,3.5614945727331593e-05,0.99999991333700722,0.0032790466322472067,-0.99999462332642375,3.4226125942317868e-05,5.579375177836928e-06,-0.003457068391238961
5.075000002980232,64,-0.00018174986824715387,3.0319710035188838e-06,0.99999998347889607,-0.0003842701134881898,-0.99999992616388489,2.9503409177884437e-06,-1.0193558419048558e-05,-0.005712984017024179
5.075000002980232,68,-5.988695399664278e-05,-4.0342409842607869e-06,0.99999999819863883,0.0013444285713101163,-0.9999990962481079,-3.8450494751082004e-06,1.9349870234347803e-05,-0.0045709331821220025
5.075000002980232,69,2.3467923842428316e-05,9.1538258040238265e-06,0.99999999968273223,0.0025601536119294254,-0.99999672276007989,9.0875345808483902e-06,3.244074261784252e-05,-0.0038616642041955267
5.075000002980232,72,4.6512935036626055e-07,4.5715598479912676e-07,0.99999999999978728,-0.0002723243628241833,-0.99999996291961768,4.5245701446990533e-07,-1.43237621609973e-06,-0.005620369573707959
5.075000002980232,76,8.8455233763236638e-05,1.7161697490098712e-05,0.99999999594057387,0.0013608368705513936,-0.99999907391803367,1.6914113780701194e-05,1.5216290883912556e-05,-0.004573450569289169
5.075000002980232,78,-0.00016597164383599428,1.6431391093432693e-05,0.99999998609171137,-0.0038397653357525484,-0.99999262794948229,1.5775125483615476e-05,3.2027929476775884e-05,-0.0074095075120146825
5.075000002980232,80,0.00017476064638712109,-3.0734096990709241e-05,0.99999998425706571,-0.0038525672325732258,-0.99999257838410538,-3.0040431120213646e-05,-7.459787314697948e-06,-0.007406014241470551
5.075000002980232,83,8.3307449727716256e-06,2.8318596918166596e-06,0.99999999996128963,-0.0020072839265990712,-0.99999798539972917,2.7786798567593735e-06,-2.3779746562194762e-05,-0.006698965589107443
5.075000002980232,85,2.6565055608799132e-06,-6.7046590561237651e-06,0.99999999997399525,-0.0031639000600186275,-0.99999499483327503,-6.6939304675095073e-06,6.135178764604684e-06,-0.007159340912407652
5.075000002980232,88,-1.0106827862770103e-05,-1.3684434565450974e-05,0.9999999998552942,-0.0020162701630985244,-0.99999796723237955,-1.3628574879282698e-05,2.2422953317526763e-05,-0.00669754087049413
5.100000001490116,57,-0.00035415757687785659,-1.5136812643158017e-05,0.99999993717164182,0.003225646919866018,-0.99999479748986797,-1.3969493581737519e-05,8.247887251066172e-05,-0.0019858163983493215
5.100000001490116,60,0.00017285378303456494,-3.5038710806061225e-06,0.99999998505464616,-0.0003965992358413384,-0.9999999213486509,-3.4260652599827894e-06,-8.524417001953886e-06,-0.004232284823361113
5.100000001490116,61,0.00040846473497719243,3.521100578397215e-05,0.99999991595836912,0.0032436511737865062,-0.99999473877650769,3.3858043544325474e-05,5.6540490951851685e-06,-0.0019937760307551797
5.100000001490116,64,-0.00018008734372747129,2.8404568972449488e-06,0.99999998378024002,-0.00038412650483647383,-0.99999992621960265,2.7600000313486803e-06,-9.967144299217575e-06,-0.004231874713436458
5.100000001490116,68,-5.8508515702030446e-05,-3.9716988995076497e-06,0.99999999828048969,0.0013295148068185592,-0.99999911618762516,-3.7877360521724399e-06,1.9255992671112405e-05,-0.003095667541923119
5.100000001490116,69,2.3087897317136333e-05,9.041956425691238e-06,0.9999999996925959,0.0025324687462375804,-0.99999679325558621,8.977415536910913e-06,3.188789014655299e-05,-0.002393704452680716
5.100000001490116,72,5.0697835536816067e-07,4.1025794635547938e-07,0.99999999999978728,-0.00027808958650208667,-0.99999996133300784,4.0575161021468908e-07,-1.3773886687783808e-06,-0.004141347616821613
5.100000001490116,76,8.6562260330927431e-05,1.6923933243417302e-05,0.99999999611027779,0.0013456757816143095,-0.99999909443877066,1.6683209852010205e-05,1.4627795028618696e-05,-0.003098140706064406
5.100000001490116,78,-0.00016899343891681355,1.6426360774380441e-05,0.99999998558569592,-0.0038891727133992197,-0.99999243701517293,1.5749943983567635e-05,3.300628369349413e-05,-0.0059497074268594005
5.100000001490116,80,0.00017835489241712786,-3.0807465470728108e-05,0.99999998362021625,-0.0039018704530486286,-0.99999238722177397,-3.0090950186303464e-05,-7.5371821225450045e-06,-0.005946137960166471
5.100000001490116,83,6.6955494843320674e-06,2.8565071683145875e-06,0.99999999997350497,-0.0020343667288721143,-0.99999793066994758,2.7991315004616363e-06,-2.3523197160819383e-05,-0.005227940260490161
5.100000001490116,85,2.9457791731004814e-06,-6.7403896135182615e-06,0.99999999997294464,-0.0032056730650085485,-0.99999486179426256,-6.728590941152119e-06,6.532702153129494e-06,-0.005695504998784906
5.100000001490116,88,-7.9233235645911209e-06,-1.377004214552828e-05,0.99999999987380339,-0.0020434274180337136,-0.99999791210604894,-1.3708767238156057e-05,2.287905395721516e-05,-0.005226489304921086
5.125,57,-0.00034881074961953313,-1.4983781296482389e-05,0.99999993905327178,0.0031900273207689602,-0.99999491175403588,-1.384669229484119e-05,8.099693876725884e-05,-0.0005228084491222748
5.125,60,0.00017144684487924991,-3.3897407946383709e-06,0.99999998529724443,-0.00039582514014531721,-0.99999992165573803,-3.3130557848247774e-06,-8.43731510196175e-06,-0.0027511757129393627
5.125,61,0.00040229227735593044,3.4820359248992217e-05,0.99999991847422987,0.0032079188185828666,-0.99999485405398048,3.3502407726821156e-05,5.729795885937648e-06,-0.000530621175690398
5.125,64,-0.00017850346934449894,2.6519607476747145e-06,0.99999998406473911,-0.00038384775283617674,-0.9999999263271393,2.5726716232268405e-06,-9.799091168393026e-06,-0.0027507567213048635
5.125,68,-5.7153907019260175e-05,-3.9109227306652158e-06,0.99999999835906794,0.0013144267030760623,-0.9999991361338838,-3.7320647585582321e-06,1.9127083144523992e-05,-0.0016204540573404613
5.125,69,2.2716204566069698e-05,8.9335913771423166e-06,0.99999999970208242,0.002504472544601745,-0.99999686376437347,8.870762314816545e-06,3.134713914086406e-05,-0.0009258671570220409
5.125,72,5.4681839873814488e-07,3.6394257224445384e-07,0.99999999999978417,-0.00028378971203845912,-0.99999995973163425,3.5962758682043318e-07,-1.3252700156733827e-06,-0.0026623214071930124
5.125,76,8.4702454837762306e-05,1.6693147662459975e-05,0.99999999627341651,0.0013303471587300646,-0.99999911495237548,1.6459124344308578e-05,1.4086336740908963e-05,-0.0016228841887014423
5.125,78,-0.00017201768490187328,1.6426078146718641e-05,0.99999998507004972,-0.0039385446437872843,-0.99999224377926121,1.5729202095819708e-05,3.396448525970147e-05,-0.00448979471020356
5.125,80,0.00018194349579814782,-3.0889023926324093e-05,0.99999998297121606,-0.0039511415850879521,-0.99999219375512749,-3.0149326745977333e-05,-7.601564167248177e-06,-0.004486148222909497
5.125,83,5.0856467870556861e-06,2.8816483824910602e-06,0.99999999998291622,-0.0020612835434507615,-0.99999787554884401,2.8200145178227745e-06,-2.3277139710459247e-05,-0.0037568552136072355
5.125,85,3.2306472025996726e-06,-6.7777245173749885e-06,0.99999999997181277,-0.0032473515979549198,-0.99999472731701744,-6.7648456415763702e-06,6.925714706923095e-06,-0.004231570175111892
5.125,88,-5.7750315590100928e-06,-1.3858641150501392e-05,0.9999999998872936,-0.0020704197827779362,-0.99999785658355644,-1.3791876716852332e-05,2.3333902937026836e-05,-0.0037553776671077534
5.1500000059604645,57,-0.00034355280145759946,-1.4833896842185523e-05,0.99999994087571231,0.0031540246041445309,-0.99999502595781931,-1.372649769409477e-05,7.953623905434551e-05,0.0009400699246320263
5.1500000059604645,60,0.00017007634377576387,-3.2772655522164122e-06,0.99999998553164815,-0.00039491545146013563,-0.9999999220157646,-3.2017103664937223e-06,-8.308707422769284e-06,-0.0012700539852550812
5.1500000059604645,61,0.00039622138753872495,3.4437439065794501e-05,0.99999992091133438,0.0031718063150980328,-0.99999496926010589,3.3153874312173732e-05,5.806178606574024e-06,0.0009324014395176339
5.1500000059604645,64,-0.00017695925920613041,2.4656670898309053e-06,0.99999998433967041,-0.00038342750152191957,-0.99999992648882263,2.387557631496457e-06,-9.677834369265957e-06,-0.001269626123074201
5.1500000059604645,68,-5.5817066705227697e-05,-3.851219237782195e-06,0.99999999843481158,0.001299161011940878,-0.99999915608321499,-3.6773707693362487e-06,1.8969629412892195e-05,-0.00014528921815357707
5.1500000059604645,69,2.23500432642581e-05,8.8273057451645414e-06,0.99999999971127718,0.0024761471758031231,-0.99999693430445968,8.7661589972270991e-06,3.081447879608254e-05,0.0005418558675192723
5.1500000059604645,72,5.8593743908597209e-07,3.1805616532310161e-07,0.99999999999977773,-0.00028941799261416007,-0.99999995811856257,3.1393238839310311e-07,-1.274169526369832e-06,-0.001183287370352991
5.1500000059604645,76,8.2867315446549176e-05,1.6466556954456189e-05,0.9999999964309304,0.0013148449215973699,-0.99999913545918806,1.6239109256941979e-05,1.3582513327513812e-05,-0.00014767710573763732
5.1500000059604645,78,-0.00017503481306250796,1.642824089170746e-05,0.99999998454646344,-0.0039878715976182783,-0.99999204828503352,1.5710640399504141e-05,3.490516049597758e-05,-0.0030297642426052973
5.1500000059604645,80,0.00018551914095250876,-3.0974693474657674e-05,0.99999998231160836,-0.0040003688944400132,-0.99999199803597072,-3.0211517888087032e-05,-7.65416394898999e-06,-0.003026040220341532
5.1500000059604645,83,3.4919445645827522e-06,2.9069334291645739e-06,0.99999999998967792,-0.002088039092177829,-0.99999782003996307,2.8409719428015944e-06,-2.303685613514224e-05,-0.0022857060506504853
5.1500000059604645,85,3.5125066741780274e-06,-6.8158272906567171e-06,0.9999999999706034,-0.0032889395246396857,-0.99999459140064262,-6.8018544741237717e-06,7.3156046737996484e-06,-0.002767533237491389
5.1500000059604645,88,-3.6490723990555208e-06,-1.3948531506594038e-05,0.99999999989606136,-0.0020972508138176315,-0.99999780067081911,-1.3876190037153471e-05,2.3787400490671646e-05,-0.0022842016893034047
5.174999997019768,57,-0.00033837998087189383,-1.4686994794536107e-05,0.99999994264163872,0.0031176399034004744,-0.99999514005630763,-1.3608760590484741e-05,7.809759443413009e-05,0.0024028185311423204
5.174999997019768,60,0.0001687402150989396,-3.1663887045422404e-06,0.99999998575835691,-0.00039387188382873742,-0.99999992242768632,-3.0919723833218955e-06,-8.142283569977844e-06,0.00021108203194840271
5.174999997019768,61,0.00039024776271755879,3.4061902255970929e-05,0.99999992327323228,0.0031353145421775721,-0.99999508435096141,3.281211802474724e-05,5.881484590106998e-06,0.002395291720867147
5.174999997019768,64,-0.00017545244912003615,2.2815020743370189e-06,0.99999998460561634,-0.00038286766797608157,-0.9999999267037416,2.2045840756329589e-06,-9.599338415325205e-06,0.00021151875133690692
5.174999997019768,68,-5.44974053743782e-05,-3.7925373505417105e-06,0.99999999850782473,0.0012837156109591389,-0.99999917603021049,-3.6236053439194995e-06,1.878548402631776e-05,0.0013298265317981679
5.174999997019768,69,2.1989191039668899e-05,8.723016739041857e-06,0.99999999972019227,0.0024474933335817527,-0.99999700484617737,8.6635235359385054e-06,3.028959569462835e-05,0.002009464658501579
5.174999997019768,72,6.2439726778544798e-07,2.7258425211085553e-07,0.99999999999976807,-0.00029497570188712519,-0.99999995649463058,2.6865153157340865e-07,-1.223997412861222e-06,0.0002957554333836525
5.174999997019768,76,8.1056033184036659e-05,1.6243981824383758e-05,0.9999999965830263,0.0012991667543947704,-0.9999991559541479,1.6022988311455437e-05,1.3114182315349394e-05,0.0013274801289509441
5.174999997019768,78,-0.00017804450641605501,1.6432719209129722e-05,0.99999998401505963,-0.0040371561179673937,-0.99999185052887973,1.5694131423936816e-05,3.582908080167255e-05,-0.0015696147726023926
5.174999997019768,80,0.00018908170071096718,-3.1064247019807379e-05,0.99999998164156134,-0.0040495547880538803,-0.99999180006103239,-3.0277299011188071e-05,-7.695606704295076e-06,-0.0015658127273806505
5.174999997019768,83,1.9138082813046067e-06,2.9323467314416087e-06,0.99999999999386935,-0.0021146324074281585,-0.99999776415829578,2.8619889691035239e-06,-2.2801611556506415e-05,-0.0008144929318736529
5.174999997019768,85,3.7914666680670247e-06,-6.8546524239896636e-06,0.99999999996931932,-0.0033304386922853617,-0.99999445405028975,-6.8395720203451408e-06,7.70247967652994e-06,-0.0013033941371086199
5.174999997019768,88,-1.5445518508484986e-06,-1.403962676279105e-05,0.99999999990025146,-0.0021239195048870564,-0.99999774438296096,-1.3961621726822397e-05,2.4239121364029537e-05,-0.000812961540082051
5.200000002980232,57,-0.00033332366722607339,-1.45445271277268e-05,0.99999994434189332,0.0030809102040230689,-0.99999525389383948,-1.3494824201302707e-05,7.669100581990465e-05,0.0038654334652321242
5.200000002980232,60,0.00016746017145929587,-3.0575641503847202e-06,0.99999998597387096,-0.0003927054525381752,-0.99999992288675776,-2.984283813381928e-06,-7.942350067599182e-06,0.001692232800333051
5.200000002980232,61,0.00038440689978233621,3.3697158886893354e-05,0.99999992554791561,0.0030984822505618482,-0.99999519916485846,3.2480424436832767e-05,5.952796499535128e-06,0.0038580450416052896
5.200000002980232,64,-0.00017400729845722579,2.0999576234345066e-06,0.99999998485852493,-0.00038217758590792719,-0.99999992696809492,2.0242300095158578e-06,-9.563350331149591e-06,0.0016926783725782245
5.200000002980232,68,-5.3198305875477841e-05,-3.7352906794358804e-06,0.99999999857799393,0.0012680891692335961,-0.9999991959682295,-3.5711663027215744e-06,1.8574208826354658e-05,0.002804889496602678
5.200000002980232,69,2.163529248168572e-05,8.6216089867655305e-06,0.99999999972879094,0.0024185291101756468,-0.99999707531752602,8.5637355620671416e-06,2.9774841042146727e-05,0.0034769531218239594
5.200000002980232,72,6.6134815913489415e-07,2.2761947583219028e-07,0.99999999999975531,-0.00030047078480695407,-0.99999995485862769,2.2387677723454662e-07,-1.175965018418712e-06,0.0017748060333236768
5.200000002980232,76,7.927337804927732e-05,1.6027123807211222e-05,0.9999999967294313,0.0012833130501370463,-0.99999917642845193,1.5812443312617701e-05,1.268337375931576e-05,0.00280258358511827
5.200000002980232,78,-0.00018105205839416801,1.6440919542576725e-05,0.99999998347492403,-0.0040864119233513171,-0.99999165046099125,1.568105667449853e-05,3.673564905559553e-05,-0.00010934800189066948
5.200000002980232,80,0.00019263500989792656,-3.1160161982843425e-05,0.99999998096039855,-0.0040987143164765332,-0.99999159977465912,-3.0349128821254835e-05,-7.726306058312417e-06,-0.00010546728570315811
5.200000002980232,83,3.5705755707776872e-07,2.958103171101241e-06,0.99999999999556111,-0.0021410570834199901,-0.99999770793049925,2.8832881155864011e-06,-2.2573664658676417e-05,0.000656780029168007
5.200000002980232,85,4.0666314728449941e-06,-6.8947047633594857e-06,0.99999999996796274,-0.003371850877502241,-0.9999943152710149,-6.8785063186573794e-06,8.085420509682371e-06,0.00016084433055624714
5.200000002980232,88,5.3029553691026336e-07,-1.4132960034472324e-05,0.999999999899989,-0.0021504201941230333,-0.99999768774513087,-1.4049217923204866e-05,2.4688362909957258e-05,0.0006583387400480711
5.2249999940395355,57,-0.00032847701433490173,-1.44107227393332e-05,0.99999994594758956,0.0030439407087393617,-0.99999536711212167,-1.3388597817886336e-05,7.534299649272134e-05,0.005327903791899255
5.2249999940395355,60,0.00016629898773336474,-2.9521749538268341e-06,0.99999998616796559,-0.00039144433929242078,-0.99999992338151455,-2.8799952398116559e-06,-7.71613726434216e-06,0.003173397324304588
5.2249999940395355,61,0.00037880431601127189,3.3353161958431567e-05,0.99999992769742585,0.0030614197884381408,-0.99999531332605485,3.2168380320915516e-05,6.0147413585098135e-06,0.005320648339645224
5.2249999940395355,64,-0.00017269392276484166,1.9225715958297738e-06,0.99999998508655619,-0.00038138031055181778,-0.99999992727281917,1.8479984426248155e-06,-9.574329960906181e-06,0.0031738517644625645
5.2249999940395355,68,-5.193037396384642e-05,-3.680699943749991e-06,0.99999999864484446,0.0012522811821548262,-0.99999921588941354,-3.5212275944581167e-06,1.8332715168643985e-05,0.004279889930385814
5.2249999940395355,69,2.1293315491353705e-05,8.5256699490100667e-06,0.99999999973695375,0.0023893065043721737,-0.99999714556727504,8.4693677100532849e-06,2.9277288399720634e-05,0.004944304304578971
5.2249999940395355,72,6.9435902854992312e-07,1.8345381546983482e-07,0.9999999999997421,-0.00030592348155948564,-0.99999995320539448,1.7989764504321472e-07,-1.133541947335638e-06,0.003253860201133515
5.2249999940395355,76,7.7534293288425535e-05,1.5820980584107156e-05,0.99999999686906493,0.0012672883892721764,-0.99999919686787297,1.5612413259833938e-05,1.2298185889339572e-05,0.004277622825008451
5.2249999940395355,78,-0.00018407080640295043,1.6456865221781143e-05,0.99999998292355485,-0.0041356768998310452,-0.9999914479288623,1.5675371391260158e-05,3.7621763143087655e-05,0.0013510288270828536
5.2249999940395355,80,0.00019618786234656198,-3.1269488788787963e-05,0.99999998026627079,-0.0041478891880715619,-0.99999139700752149,-3.0434007720618558e-05,-7.746554564039265e-06,0.0013549893121794945
5.2249999940395355,83,-1.1607502571390403e-06,2.9847954808213131e-06,0.99999999999487177,-0.0021672958951066208,-0.99999765140727259,2.9054835180033848e-06,-2.2360657774055438e-05,0.0021281008982108663
5.2249999940395355,85,4.3352581154939011e-06,-6.9374111615222178e-06,0.99999999996653877,-0.0034131807638804537,-0.99999417505762767,-6.9200933799441248e-06,8.461580065605239e-06,0.0016251735447799418
5.2249999940395355,88,2.5506871334280064e-06,-1.4231431987515483e-05,0.99999999989548016,-0.0021767377074840568,-0.99999763080367299,-1.4141915850413082e-05,2.5133918119552327e-05,0.002129687421350051
5.25,57,-0.00032412178450535583,-1.4298454160993136e-05,0.99999994737031017,0.0030070459513882064,-0.99999547873863071,-1.3301997584058381e-05,7.413104970663045e-05,0.0067901971019895015
5.25,60,0.00016544294031172301,-2.8544316586701089e-06,0.99999998631024267,-0.00039016842328405021,-0.99999992388042458,-2.7832229598158484e-06,-7.481079453453162e-06,0.004654570937485579
5.25,61,0.00037375996255491049,3.3059391434759446e-05,0.99999992960528106,0.0030244583143102569,-0.99999542580654643,3.1904366738713513e-05,6.05424974505134e-06,0.006783062771258792
5.25,64,-0.00017172016624165942,1.7542139690105007e-06,0.99999998525455347,-0.00038054024196703567,-0.99999992759314715,1.6806585177658341e-06,-9.649382513590865e-06,0.004655034313063505
5.25,68,-5.0727109694236452e-05,-3.6325394621439432e-06,0.99999999870678247,0.0012362923739020603,-0.99999923578424466,-3.4774225101661405e-06,1.8051375280236212e-05,0.005754799590933415
5.25,69,2.0978545876433321e-05,8.442740980570633e-06,0.99999999974431031,0.0023599819535387941,-0.99999721520353335,8.3879162160167934e-06,2.8818589880393786e-05,0.006411468394174783
5.25,72,7.1627279417836133e-07,1.4102612247447829e-07,0.99999999999973344,-0.00031139151195073831,-0.99999995151765242,1.3764575590681817e-07,-1.106914958425425e-06,0.004732903998646603
5.25,76,7.5885657705170365e-05,1.5640456680023634e-05,0.99999999699837161,0.0012511089241339889,-0.99999921724376339,1.5437625491564994e-05,1.1984091790000731e-05,0.0057525675208253396
5.25,78,-0.0001871361733291753,1.6492426010338246e-05,0.9999999823540261,-0.0041850686512407021,-0.99999124243877624,1.5688753978557282e-05,3.847648583386774e-05,0.0028114910480176634
5.25,80,0.00019976157021410856,-3.1412898930513079e-05,0.99999997955427211,-0.0041972085960301437,-0.99999119121447666,-3.0552471019716877e-05,-7.756478807629487e-06,0.002815533676520482
5.25,83,-2.5859734249045055e-06,3.0141552421567662e-06,0.99999999999211386,-0.0021932981451162478,-0.99999759471443705,2.9303718722124045e-06,-2.2186747047240092e-05,0.0035994330247795456
5.25,85,4.5888960721149859e-06,-6.9869151087299613e-06,0.9999999999650625,-0.0034544465649442462,-0.99999403335738435,-6.9685045106136998e-06,8.822110553930605e-06,0.003089566179677508
5.25,88,4.4410702861596061e-06,-1.4343431820390212e-05,0.99999999988727151,-0.0022028271238068624,-0.99999757367188191,-1.4248215314513662e-05,2.5573075882018816e-05,0.0036010484018787446
5.2750000059604645,57,-0.00031980837155523567,-1.4188368812839937e-05,0.99999994876064657,0.0029697578779022279,-0.99999559017200224,-1.321725496976511e-05,7.293931008327381e-05,0.00825236485435209
5.2750000059604645,60,0.00016461482412267247,-2.7573937746649811e-06,0.99999998644717814,-0.0003887660374082986,-0.99999992442687069,-2.6871672017891766e-06,-7.2152311179551475e-06,0.006135763412781228
5.2750000059604645,61,0.00036876260909920479,3.2769829804717782e-05,0.99999993147013588,0.0029871068170660361,-0.9999955380858,3.1644186215577033e-05,6.082870720010237e-06,0.008245349965505558
5.2750000059604645,64,-0.0001707775717117714,1.5867819336352321e-06,0.99999998541625157,-0.00037957162620314564,-0.99999992796154114,1.514256641902538e-06,-9.760195845177374e-06,0.006136235794047634
5.2750000059604645,68,-4.9529053795460958e-05,-3.5850776567739667e-06,0.99999999876701007,0.00122012211875684,-0.9999992556448335,-3.4342565640429618e-06,1.7740166981483802e-05,0.007229659144325903
5.2750000059604645,69,2.0665714813245392e-05,8.3607663127752014e-06,0.99999999975151288,0.00233032706028199,-0.99999728474970329,8.307401359207168e-06,2.8363025967128874e-05,0.00787851973304885
5.2750000059604645,72,7.3696128494589964e-07,9.8758647429736575e-08,0.99999999999972355,-0.00031679154179682309,-0.99999994982155382,9.5554268925417789e-08,-1.0817709907753839e-06,0.006211960546470573
5.2750000059604645,76,7.4243479041150728e-05,1.5462154498535549e-05,0.9999999971244139,0.0012347501962568861,-0.99999923757917586,1.5264982658284145e-05,1.1702286598980648e-05,0.0072274616339245475
5.2750000059604645,78,-0.00019020486904790137,1.6529981248760828e-05,0.99999998177443361,-0.0042343946952563003,-0.99999103478728979,1.5703823055837974e-05,3.931852946664245e-05,0.004272080356935591
5.2750000059604645,80,0.00020333506565846005,-3.1559922759878809e-05,0.99999997882941105,-0.0042464632753701492,-0.99999098326372127,-3.067420591452571e-05,-7.756303264469951e-06,0.004276205822076497
5.2750000059604645,83,-4.0025468154893609e-06,3.0438090876710051e-06,0.99999999998735734,-0.0022191359974280496,-0.99999753771031341,2.9554806951909283e-06,-2.2013358300067835e-05,0.005070834318111629
5.2750000059604645,85,4.8406676941760914e-06,-7.0371599216208895e-06,0.99999999996352318,-0.0034956074013615425,-0.99999389032116015,-7.0176422489410294e-06,9.180948612577834e-06,0.004554066314003417
5.2750000059604645,88,6.3188054735559808e-06,-1.4456831922030688e-05,0.99999999987553645,-0.0022287523661854102,-0.99999751622531574,-1.4355824095543974e-05,2.600824482991859e-05,0.005072478802823652
5.300000011920929,57,-0.00031540024509987298,-1.4074237065042196e-05,0.99999995016229948,0.0029319323420523903,-0.99999570179095354,-1.3128598244110536e-05,7.173257493033863e-05,0.009714421909922588
5.300000011920929,60,0.00016373079105655937,-2.6589684684248432e-06,0.99999998659257894,-0.00038720623163191994,-0.99999992503231083,-2.5897763445315864e-06,-6.91350279220829e-06,0.007616977567099363
5.300000011920929,61,0.00036365616405222457,3.2471058056019764e-05,0.99999993334991022,0.0029492121229816536,-0.99999565057227435,3.1374949436736331e-05,6.103882855566838e-06,0.009707527893107158
5.300000011920929,64,-0.0001697729398076929,1.4176145328021359e-06,0.99999998558756942,-0.00037845108976503593,-0.99999992838647767,1.3461756124073606e-06,-9.896612967929322e-06,0.007617459017894961
5.300000011920929,68,-4.8317628123716497e-05,-3.5364108484348617e-06,0.9999999988264503,0.0012037706213124577,-0.9999992754621374,-3.3898950533042903e-06,1.7402415654016286e-05,0.008704480706484042
5.300000011920929,69,2.0347006027963736e-05,8.2764420572253655e-06,0.99999999975874998,0.0023002705072783878,-0.99999735434047554,8.2245418570353317e-06,2.789966741401597e-05,0.009345480586629727
5.300000011920929,72,7.594953522856865e-07,5.6119056746302577e-08,0.99999999999971001,-0.00032209983665335701,-0.99999994812584481,5.3094128921187935e-08,-1.0537456051127836e-06,0.00769103715804202
5.300000011920929,76,7.2582062047030359e-05,1.5279149539105712e-05,0.99999999724919597,0.0012182049507510552,-0.99999925787425514,1.5087647306840023e-05,1.1440560219584161e-05,0.008702318279046072
5.300000011920929,78,-0.00019326707876679851,1.6564270869689423e-05,0.99999998118673039,-0.0042835854239539027,-0.9999908252823837,1.5715382737350603e-05,4.015469488391151e-05,0.005732811918619577
5.300000011920929,80,0.00020690575453498585,-3.1701596232488207e-05,0.9999999780925084,-0.0042955781097238433,-0.99999077348776655,-3.0790285041891988e-05,-7.746414419069382e-06,0.005737020458932941
5.300000011920929,83,-5.4369558997863566e-06,3.0730272035942289e-06,0.99999999998049804,-0.0022448313100349908,-0.99999748035858005,2.9800467347134789e-06,-2.1827859283929394e-05,0.006542324057035501
5.300000011920929,85,5.0948044033644392e-06,-7.0864077601698308e-06,0.99999999996191291,-0.0035366426254487436,-0.99999374603495139,-7.0657551661998417e-06,9.542650245030854e-06,0.0060186894170470556
5.300000011920929,88,8.2208905508629141e-06,-1.4568164855099369e-05,0.9999999998600928,-0.002254533103186589,-0.99999745843245014,-1.446121980188704e-05,2.6439741618396592e-05,0.006543997741600615
5.324999988079071,57,-0.00031087928027343929,-1.3955397981117223e-05,0.99999995157965882,0.0028935512990603735,-0.99999581358671596,-1.3035407725503706e-05,7.050697896567437e-05,0.01117636923666088
5.324999988079071,60,0.00016278256567635869,-2.5587958975569447e-06,0.99999998674764434,-0.00038549004524467216,-0.99999992569560803,-2.4906931640759148e-06,-6.57755480418877e-06,0.009098213641640533
5.324999988079071,61,0.00035841964913459965,3.2161572948665121e-05,0.99999993525049213,0.0029107552523071826,-0.9999957632594999,3.1095201496964411e-05,6.116700583447969e-06,0.011169597853826655
5.324999988079071,64,-0.00016869705126740668,1.2461980044905998e-06,0.99999998576987581,-0.00037718098772969552,-0.99999992886655731,1.1759044399670064e-06,-1.0055455195319705e-05,0.009098704249767406
5.324999988079071,68,-4.70894183687933e-05,-3.4863017328594393e-06,0.99999999888521629,0.0011872387920300149,-0.99999929522618558,-3.3441073716465136e-06,1.7038349953980323e-05,0.01017926508286968
5.324999988079071,69,2.0021217006758297e-05,8.1893803455051493e-06,0.99999999976604237,0.0022698035322314398,-0.99999742395952307,8.1389521236676877e-06,2.742690633362581e-05,0.010812352935323039
5.324999988079071,72,7.841503609617683e-07,1.3001620903152653e-08,0.99999999999969247,-0.0003273161076903309,-0.99999994643208134,1.0160025648218103e-08,-1.0224353160267996e-06,0.009170135094743707
5.324999988079071,76,7.0896632046035593e-05,1.5090600837882273e-05,0.99999999737297074,0.0012014731437622861,-0.9999992781198056,1.4904787120663831e-05,1.1197049340915373e-05,0.010177138376024424
5.324999988079071,78,-0.00019632660404791374,1.6594864622685708e-05,0.99999998059023731,-0.0043326165145454497,-0.99999061404941447,1.5722994332509555e-05,4.0987186485980906e-05,0.007193690901713762
5.324999988079071,80,0.00021047883829548858,-3.1837309601707661e-05,0.99999997734252177,-0.0043445282653071498,-0.99999056201513059,-3.0900084344368206e-05,-7.727266968527008e-06,0.007197982802325041
5.324999988079071,83,-6.8935648480168703e-06,3.1017932073837454e-06,0.99999999997142885,-0.0022703858377974861,-0.99999742266624025,3.0040457585688793e-06,-2.1627613309340608e-05,0.008013906839263375
5.324999988079071,85,5.3520512848153885e-06,-7.1345743092435001e-06,0.99999999996022659,-0.0035775376712077101,-0.99999360056633346,-7.1127562733176145e-06,9.908112302330584e-06,0.007483440099012421
5.324999988079071,88,1.0153270807047821e-05,-1.4677293144676629e-05,0.99999999984074406,-0.002280171052471048,-0.99999740030054785,-1.4564253330300076e-05,2.686689323600617e-05,0.008015609835997308
5.3499999940395355,57,-0.00030622870959307817,-1.3831275500353569e-05,0.99999995301633549,0.0028545988526201549,-0.99999592554071004,-1.2937140368156568e-05,6.925892422756715e-05,0.012638207334895452
5.3499999940395355,60,0.00016176327961713765,-2.4565230296386172e-06,0.99999998691330327,-0.00038362032433233268,-0.99999992641486568,-2.389566255785322e-06,-6.209701750550561e-06,0.010579471656074639
5.3499999940395355,61,0.00035303356829146027,3.1840069685222145e-05,0.99999993717675284,0.0028717194670109377,-0.99999587613071506,3.0803676578476719e-05,6.120737141599564e-06,0.012631560635755042
5.3499999940395355,64,-0.00016754225792210359,1.0720123036434e-06,0.99999998596422113,-0.0003757654527904583,-0.99999992939965687,1.0029248102121118e-06,-1.0233150387561538e-05,0.01057997153763568
5.3499999940395355,68,-4.5840997221947747e-05,-3.4345313028549029e-06,0.99999999894340341,0.0011705281479312819,-0.9999993149262586,-3.2966800698394767e-06,1.664814783488877e-05,0.011654012794074244
5.3499999940395355,69,1.9687187290411275e-05,8.0992439926403923e-06,0.99999999977340848,0.0022389186820827825,-0.99999749358602263,8.050296908082651e-06,2.6943208971221172e-05,0.012279138380059436
5.3499999940395355,72,8.1114233715419018e-07,-3.0701484804278562e-08,0.9999999999996706,-0.0003324410619273968,-0.99999994474146803,-3.3355477396781328e-08,-9.875191548534373e-07,0.010649255531885999
5.3499999940395355,76,6.9182396524470799e-05,1.4895755716304265e-05,0.99999999749595614,0.001184555416170257,-0.99999929830571155,1.4715656656068985e-05,1.0969932931546746e-05,0.011651922546624867
5.3499999940395355,78,-0.00019938829599125296,1.6621433195515899e-05,0.99999997998401757,-0.0043814590007017172,-0.99999040123878591,1.5726315866078781e-05,4.18184381430808e-05,0.008654723219206625
5.3499999940395355,80,0.00021406056759392078,-3.196665315032797e-05,0.99999997657810302,-0.0043932843458850289,-0.99999034899915862,-3.100317539473489e-05,-7.699446662355228e-06,0.008659098839835667
5.3499999940395355,83,-8.3766195692190111e-06,3.1301113758245351e-06,0.99999999996001732,-0.0022958005991698801,-0.99999736464174904,3.0274737377231744e-06,-2.1409867561778237e-05,0.009485587746596594
5.3499999940395355,85,5.6131410358661382e-06,-7.1816218555246083e-06,0.99999999995845845,-0.0036182741765559559,-0.9999934539989439,-7.1586051325335782e-06,1.0278237739367791e-05,0.008948323623909009
5.3499999940395355,88,1.2121693856447849e-05,-1.4784176755949866e-05,0.9999999998172463,-0.002305667268458727,-0.99999734183816147,-1.4664872551043573e-05,2.7288819550167944e-05,0.009487320199704928
5.375,57,-0.00030143237294425038,-1.3701349807792358e-05,0.9999999544753978,0.0028150606812480405,-0.99999603762648348,-1.2833303679523567e-05,6.79849696726355e-05,0.014099936237292755
5.375,60,0.00016066708497115874,-2.3517889156480588e-06,0.99999998709027826,-0.0003816020634953916,-0.99999992718731689,-2.2860354364103659e-06,-5.813138214772502e-06,0.01206075138497013
5.375,61,0.00034747904768718584,3.1505374602371147e-05,0.99999993913285945,0.0028320896611652873,-0.99999598916093058,3.0499233574262641e-05,6.115335170493142e-06,0.014093416531526508
5.375,64,-0.00016630204930541252,8.9451098946854434e-07,0.99999998617141395,-0.0003742107906091549,-0.99999992998279796,8.2669110936385655e-07,-1.0425433394031015e-05,0.012061260689504848
5.375,68,-4.4568797713656311e-05,-3.3808889603298171e-06,0.99999999900109593,0.0011536409915645605,-0.99999933455073708,-3.2474073583362855e-06,1.6231938936223487e-05,0.013128724049989342
5.375,69,1.934375240442997e-05,8.0057288318210557e-06,0.99999999978086374,0.0022076096196490015,-0.99999756319524757,7.9582737535967454e-06,2.6447052019149214e-05,0.013745838190679132
5.375,72,8.4064274530494625e-07,-7.5104268505401665e-08,0.99999999999964395,-0.00033747653606647416,-0.99999994305478912,-7.756601231615179e-08,-9.487374778609762e-07,0.01212839960863418
5.375,76,6.7434368969763737e-05,1.469391301810278e-05,0.99999999761834757,0.0011674532330946989,-0.99999931842083323,1.4519561073773736e-05,1.075737033562098e-05,0.013126671094025755
5.375,78,-0.00020245818371058253,1.6643726632935797e-05,0.99999997936683493,-0.0044300769491409939,-0.99999018703732623,1.5725080261056088e-05,4.265126587801291e-05,0.01011591594641987
5.375,80,0.00021765842918842546,-3.208938547319187e-05,0.99999997579753952,-0.0044418100454925195,-0.99999013462951414,-3.1099293241274329e-05,-7.663751247924938e-06,0.010120375751227434
5.375,83,-9.890432052195031e-06,3.1580049670860001e-06,0.99999999994610311,-0.0023210757487037454,-0.99999730629540406,3.0503448921729756e-06,-2.1171549462465257e-05,0.010957372698462291
5.375,85,5.8788254934703044e-06,-7.2275544838551748e-06,0.99999999995660094,-0.0036588284487071845,-0.99999330643884587,-7.2033029608224011e-06,1.0653973649598566e-05,0.010413346275315878
5.375,88,1.4131962886128745e-05,-1.4888864037893404e-05,0.99999999978930454,-0.002331022010408473,-0.99999728305552793,-1.4763112835713208e-05,2.7704315876021782e-05,0.01095913479647061
5.4000000059604645,57,-0.00029647346388949009,-1.3565109877541647e-05,0.99999995595973556,0.002774923190251979,-0.99999614981228946,-1.2723412138721646e-05,6.668169773485182e-05,0.015561555453402572
5.4000000059604645,60,0.00015948850655132289,-2.2441991885343008e-06,0.99999998727918982,-0.00037944317856267054,-0.99999992800905901,-2.1797064127192204e-06,-5.392392898790932e-06,0.013542052284421152
5.4000000059604645,61,0.00034173639704622585,3.1156333934267463e-05,0.99999994112275703,0.002791851451732494,-0.99999610231970093,3.0180749323993953e-05,6.099599912450336e-06,0.015555165309120598
5.4000000059604645,64,-0.00016497032404418546,7.1308602379700275e-07,0.99999998639214183,-0.00037252634444597411,-0.99999993061184989,6.4659540961025765e-07,-1.0626765563629962e-05,0.01354257120154562
5.4000000059604645,68,-4.3268901101639947e-05,-3.3251557631350616e-06,0.99999999905837267,0.0011365808049508721,-0.9999993540867208,-3.1960749554715344e-06,1.578977714868519e-05,0.014603398663333055
5.4000000059604645,69,1.8989666534310066e-05,7.9085345332505324e-06,0.9999999997884238,0.0021758709054860307,-0.99999763275918929,7.8625840102198501e-06,2.5936816392597985e-05,0.015212453331223511
5.4000000059604645,72,8.7280450376991204e-07,-1.2033404145463627e-07,0.99999999999961187,-0.00034242582476109025,-0.999999941372268,-1.2259849332690468e-07,-9.058550294338322e-07,0.013607568504906038
5.4000000059604645,76,6.5647074384236662e-05,1.4484361709977829e-05,0.99999999774033255,0.0011501692110095539,-0.99999933845270328,1.4315795502031809e-05,1.0557430112665184e-05,0.014601383925054756
5.4000000059604645,78,-0.00020554373235725764,1.66615389516951e-05,0.99999997873708346,-0.0044784228339596575,-0.9999899716906322,1.5719059664354559e-05,4.348917196307165e-05,0.011577278131698362
5.4000000059604645,80,0.00022128150842955723,-3.2205382646998567e-05,0.99999997499865334,-0.0044900574835414798,-0.99998991915473101,-3.1188284914252442e-05,-7.621364040662619e-06,0.011581822722872556
5.4000000059604645,83,-1.1439703644459793e-05,3.1855137234808095e-06,0.99999999992949284,-0.0023462102993016152,-0.99999724764010745,3.0726886976256213e-06,-2.0908861383212873e-05,0.012429269127177622
5.4000000059604645,85,6.1499315776028705e-06,-7.2724107732523803e-06,0.99999999995464517,-0.0036991683756194896,-0.99999315802699951,-7.2468851519693259e-06,1.1036379194431737e-05,0.0118785160602135
5.4000000059604645,88,1.6190380716970095e-05,-1.4991478192452559e-05,0.99999999975656362,-0.0023562344585960041,-0.99999722396533863,-1.4859082767688607e-05,2.811159890226702e-05,0.012431061116669726
5.425000011920929,57,-0.00029133127784572823,-1.3421929057305855e-05,0.99999995747296822,0.0027341716271345289,-0.99999626206630399,-1.2606872240936451e-05,6.534544565059808e-05,0.017023063741980995
5.425000011920929,60,0.0001582207338821497,-2.1332607304120938e-06,0.9999999874808243,-0.00037715667642229011,-0.99999992887427558,-2.0700858317752713e-06,-4.954560015392717e-06,0.015023373269322583
5.425000011920929,61,0.0003357813780371689,3.0791523121399853e-05,0.99999994315137264,0.0027509891313936465,-0.9999962155768215,2.9846838869519715e-05,6.071890702412225e-06,0.01701680605134569
5.425000011920929,64,-0.00016353947023867152,5.2697832697403075e-07,0.99999998662728196,-0.00037072689893869024,-0.9999999312806741,4.6187845061730156e-07,-1.0828772143165259e-05,0.015023902039017592
5.425000011920929,68,-4.1936496572455037e-05,-3.2670609016672608e-06,0.99999999911532811,0.001119353345762034,-0.99999937351891022,-3.1424180435183838e-06,1.5321520113383333e-05,0.016078035776844617
5.425000011920929,69,1.8623402527906292e-05,7.8072885258594746e-06,0.99999999979610754,0.0021436976697978478,-0.99999770224737938,7.7628572371158187e-06,2.541051300642326e-05,0.01667898443624522
5.425000011920929,72,9.0783001645314405e-07,-1.6654935992563432e-07,0.99999999999957401,-0.00034729462637792425,-0.99999993969320511,-1.686109729903184e-07,-8.585643240098315e-07,0.015086763622098213
5.425000011920929,76,6.3813798020831877e-05,1.4266221107210976e-05,0.999999997862137,0.0011327080397121559,-0.99999935838658849,1.4103487143485087e-05,1.0367958650187679e-05,0.016076060299806537
5.425000011920929,78,-0.00020865443751325339,1.66746127910861e-05,0.9999999780926413,-0.0045264252877050106,-0.99998975556121295,1.5707970055010562e-05,4.433715998313464e-05,0.013038822913282979
5.425000011920929,80,0.00022494134673473282,-3.231449804833489e-05,0.99999997417858155,-0.0045379548536165033,-0.99998970294095313,-3.1269968243554461e-05,-7.574346354402098e-06,0.013043453072194355
5.425000011920929,83,-1.3030347128590684e-05,3.2126864731487539e-06,0.99999999990994448,-0.0023712013667298334,-0.99999718869329945,3.0945412648708349e-06,-2.0616177493794802e-05,0.01390128772541566
5.425000011920929,85,6.4275027438294826e-06,-7.3162426564005298e-06,0.99999999995257993,-0.003739245254479055,-0.9999930089714586,-7.2893996843324623e-06,1.142679596698231e-05,0.013343844527407287
5.425000011920929,88,1.8304879885140811e-05,-1.5092177774840473e-05,0.99999999971857889,-0.0023813019397883263,-0.99999716458472099,-1.4952922730766426e-05,2.8507588550583882e-05,0.013903109927336335
5.449999988079071,57,-0.0002859583923769243,-1.3270180517285751e-05,0.99999995902584926,0.0026927786218638554,-0.99999637438717215,-1.2482163436180044e-05,6.397064605717375e-05,0.01848445724833445
5.449999988079071,60,0.00015684349502675669,-2.0179373916097642e-06,0.9999999876980229,-0.00037477546926915532,-0.99999992976975804,-1.9561395940226819e-06,-4.517674555693821e-06,0.016504711187897196
5.449999988079071,61,0.00032955902298682587,3.0407182625686365e-05,0.99999994523312552,0.0027094730534961801,-0.99999632893620383,2.9493867156150455e-05,6.0260300848978285e-06,0.01847833576549388
5.449999988079071,64,-0.00016198677411576954,3.3467776376081718e-07,0.9999999868800864,-0.00036884908238670242,-0.99999993197513815,2.7103248990557583e-07,-1.1009558359910226e-05,0.016505250133178294
5.449999988079071,68,-4.0562150189603005e-05,-3.2059782268625179e-06,0.99999999917221682,0.0011019740812394886,-0.99999939282161665,-3.0858280622151376e-06,1.482580089440003e-05,0.017552631895640033
5.449999988079071,69,1.824175257811459e-05,7.701006772109496e-06,0.99999999980396637,0.0021110844207788497,-0.99999777162947801,7.6581153393680717e-06,2.486386244185446e-05,0.01814543131830427
5.449999988079071,72,9.4643624653337319e-07,-2.1405954641607351e-07,0.99999999999952915,-0.00035209753227439427,-0.99999993801363851,-2.1591158431818166e-07,-8.058214759852915e-07,0.016565987747082796
5.449999988079071,76,6.1921382651264264e-05,1.4037316820489947e-05,0.99999999798434802,0.0011150826965685724,-0.99999937819876272,1.3880484313218921e-05,1.018585104648641e-05,0.017550697021650533
5.449999988079071,78,-0.00021180505743991054,1.6681941492657489e-05,0.999999977430165,-0.0045739078568171063,-0.99998953950564751,1.569077741543422e-05,4.520721564051969e-05,0.014500581427882067
5.449999988079071,80,0.00022865689618400809,-3.2415500563984916e-05,0.99999997333262924,-0.0045853244591976677,-0.99998948685334488,-3.1343067878781014e-05,-7.529072646481365e-06,0.014505298187473245
5.449999988079071,83,-1.4674983582251494e-05,3.2395206772035022e-06,0.99999999988707522,-0.0023960390981028882,-0.99999712948934594,3.1158771596159712e-06,-2.027844447241279e-05,0.015373453871220598
5.449999988079071,85,6.7137324156542399e-06,-7.3589443060647417e-06,0.99999999995038591,-0.0037789398593286818,-0.99999285975440833,-7.3307330122348414e-06,1.1827957717665375e-05,0.014809358571305466
5.449999988079071,88,2.0492583062066791e-05,-1.519083408828229e-05,0.99999999967464637,-0.0024062146881529425,-0.99999710494807859,-1.504446997180699e-05,2.8882883331418183e-05,0.015375306706437481
5.4749999940395355,57,-0.00028035673362824127,-1.3110178149618917e-05,0.99999996061411189,0.0026507389622848067,-0.9999964867090495,-1.23495556910027e-05,6.255521991994976e-05,0.019945736145648926
5.4749999940395355,60,0.00015536290742142439,-1.8981022768001167e-06,0.99999998792938194,-0.00037230556452125219,-0.99999993069259219,-1.8377365138845497e-06,-4.0842286330737755e-06,0.017986065511843972
5.4749999940395355,61,0.00032307094172778978,3.0004097296930559e-05,0.99999994736245912,0.0026672982024631259,-0.99999644232975915,2.9122569451226374e-05,5.964144907659579e-06,0.019939754439431637
5.4749999940395355,64,-0.00016031897432028879,1.3587777898782116e-07,0.99999998714890381,-0.00036689935155401112,-0.99999993269242782,7.3746554334784864e-08,-1.1167640802465203e-05,0.01798661499959842
5.4749999940395355,68,-3.9144386586429511e-05,-3.141926203728161e-06,0.99999999922892258,0.0010844448257531661,-0.99999941198495768,-3.0263175715698304e-06,1.43038654475747e-05,0.01902718739385594
5.4749999940395355,69,1.7844521073266797e-05,7.5898926719312197e-06,0.99999999981198329,0.002078027252545992,-0.99999784087054766,7.548559921329881e-06,2.429674032995171e-05,0.019611795268431837
5.4749999940395355,72,9.8839498766100446e-07,-2.6293495994561771e-07,0.99999999999947697,-0.00035683764579405472,-0.99999993633341011,-2.6457065995494246e-07,-7.479449297597116e-07,0.01804524137927512
5.4749999940395355,76,5.9967814047469512e-05,1.3797912331146045e-05,0.99999999810673956,0.0010972951161609666,-0.99999939787841186,1.3647043137469838e-05,1.0009206456868124e-05,0.01902529441611032
5.4749999940395355,78,-0.00021500629181938111,1.6684088547080382e-05,0.99999997674696761,-0.0046208426476796616,-0.99998932372687799,1.5668000543138586e-05,4.61011174347199e-05,0.01596255979006075
5.4749999940395355,80,0.00023243973498837599,-3.2509666614916062e-05,0.99999997245744521,-0.0046321386804656648,-0.99998927109481106,-3.1408810521323291e-05,-7.485431059184305e-06,0.015967364433619374
5.4749999940395355,83,-1.6375277036827318e-05,3.2661640825850741e-06,0.99999999986059129,-0.0024207227403605183,-0.99999707004149496,3.1368350251187219e-06,-1.989557828411941e-05,0.01684577230305223
5.4749999940395355,85,7.0089961250900578e-06,-7.4008491918053129e-06,0.99999999994805067,-0.0038182303174881345,-0.99999271050488558,-7.3712165674790915e-06,1.2240481766406031e-05,0.01627506427703014
5.4749999940395355,88,2.2755541855698428e-05,-1.5288147482541364e-05,0.99999999962422903,-0.0024309724974805992,-0.99999704506746712,-1.5134413307916986e-05,2.9237927983102326e-05,0.016847656300396203
5.5,57,-0.00027460990139203809,-1.294549088998997e-05,0.99999996221090748,0.0026080891128204614,-0.99999659885523529,-1.2212342711420653e-05,6.110281496663567e-05,0.021406906938625875
5.5,60,0.00015383026815444712,-1.7751685376092395e-06,0.99999998816654867,-0.00036970247251849261,-0.99999993165856582,-1.7162754222826898e-06,-3.626912529425615e-06,0.019467441072766812
5.5,61,0.00031641232443565328,2.959061226417845e-05,0.99999994950381699,0.0026245055331656714,-0.99999655556639933,2.8740973357828771e-05,5.902016911418734e-06,0.021401066691530767
5.5,64,-0.00015859335462360143,-6.7697861717202583e-08,0.99999998742407159,-0.00036482817466350559,-0.99999993345019111,-1.2827107522979067e-07,-1.1339873261040456e-05,0.019468001454069586
5.5,68,-3.7694472187980999e-05,-3.0760141135190585e-06,0.99999999928483252,0.0010667421206887989,-0.99999943102606659,-2.9649539360343876e-06,1.3760490878237191e-05,0.02050170929089209
5.5,69,1.7436436987939182e-05,7.4761159541976809e-06,0.99999999982003918,0.0020445272048428237,-0.9999979099244205,7.4363471241001927e-06,2.37158017913919e-05,0.02107807896742216
5.5,72,1.0317604693899018e-06,-3.1284672075178702e-07,0.9999999999994188,-0.00036149596911298792,-0.99999993466028059,-3.1426134475853242e-07,-6.877158362310086e-07,0.019524520973311817
5.5,76,5.7968874829199084e-05,1.3552338689993272e-05,0.99999999822797181,0.0010793263394294811,-0.99999941743727694,1.3407441458438785e-05,9.838613482913815e-06,0.020499858888221745
5.5,78,-0.00021826111941968018,1.6684320484738165e-05,0.99999997604185831,-0.0046674825659141998,-0.99998910712157207,1.5642827916129168e-05,4.700123825984357e-05,0.017424715778263933
5.5,80,0.00023628793630415463,-3.2602471354785868e-05,0.99999997155254472,-0.0046786534940771217,-0.99998905454557718,-3.1472609093585681e-05,-7.4304787775333096e-06,0.017429609813335897
5.5,83,-1.8113985245802495e-05,3.2930414221922199e-06,0.99999999983051968,-0.0024452689518786536,-0.99999701032042154,3.1578553179346601e-06,-1.9494436491365533e-05,0.018318208190464463
5.5,85,7.3104872148853825e-06,-7.4429960764318931e-06,0.9999999999455792,-0.0038572799308030487,-0.99999256064062758,-7.4118972566067029e-06,1.2661272016426493e-05,0.017740926875488568
5.5,88,2.5069698286855991e-05,-1.5386195855099877e-05,0.99999999956738761,-0.0024555933485378755,-0.99999698491020972,-1.5224859962085063e-05,2.9591167322147255e-05,0.018320123984530562
5.524999976158142,57,-0.00026872459131335638,-1.2776825729220537e-05,0.9999999638119228,0.0025648305263284801,-0.99999671074391916,-1.2071183190624683e-05,5.9611077350960356e-05,0.02286796906285555
5.524999976158142,60,0.00015225890504782727,-1.6490112267663815e-06,0.99999998840725313,-0.00036697257636331577,-0.9999999326642951,-1.591624655429305e-06,-3.1459365516452582e-06,0.02094883764890077
5.524999976158142,61,0.00030958991482975674,2.916836070968847e-05,0.99999995165164468,0.0025810972876613041,-0.99999666856096658,2.8350657908489929e-05,5.842811468774989e-06,0.022862271654325476
5.524999976158142,64,-0.000156824723466173,-2.7645000763688671e-07,0.99999998770296472,-0.00036264243869347211,-0.99999993424517242,-3.354284771820915e-07,-1.1528446321536879e-05,0.02094940934850523
5.524999976158142,68,-3.6210144699533694e-05,-3.0083420784641889e-06,0.9999999993398877,0.0010488679025329509,-0.99999944993369994,-2.9018313975497415e-06,1.3196417010184962e-05,0.021976197496445585
5.524999976158142,69,1.7017374105339616e-05,7.3600845627567034e-06,0.99999999982811905,0.0020105834841134301,-0.99999797874817897,7.3218831792364444e-06,2.3121055292705677e-05,0.022544282465614657
5.524999976158142,72,1.0759707365439121e-06,-3.6389538183980399e-07,0.99999999999935496,-0.00036607573700775218,-0.99999993299420864,-3.6508431494914035e-07,-6.259189051000146e-07,0.021003826733429563
5.524999976158142,76,5.5921473636444371e-05,1.3301221172225601e-05,0.99999999834793307,0.0010611787678682294,-0.99999943686302972,1.3162297509566255e-05,9.672266512404673e-06,0.021974390260133606
5.524999976158142,78,-0.0002215868454306666,1.6683784579574414e-05,0.99999997531046037,-0.0047138089262636022,-0.99998888981905054,1.5616323013895096e-05,4.790809771848071e-05,0.018887053070691644
5.524999976158142,80,0.00024021988257385171,-3.2696314991958163e-05,0.9999999706126792,-0.0047248509818485869,-0.99998883733201316,-3.1536773762941988e-05,-7.362025731708409e-06,0.01889203842451844
5.524999976158142,83,-1.9892650348190122e-05,3.320434722250554e-06,0.99999999979662868,-0.0024696770311694329,-0.99999695033797686,3.179207954234827e-06,-1.9076797651719345e-05,0.01979076453169281
5.524999976158142,85,7.618607341340844e-06,-7.4859728637207246e-06,0.99999999994295852,-0.0038960704960532078,-0.99999241026076646,-7.4533608232369367e-06,1.3091101746865996e-05,0.01920695059714998
5.524999976158142,88,2.7436710523767565e-05,-1.5486235804103454e-05,0.99999999950370178,-0.0024800775177251347,-0.99999692448571753,-1.5317052632964677e-05,2.994462176474502e-05,0.019792712932337482
5.550000011920929,57,-0.00026272899856867517,-1.2606793927729685e-05,0.99999996540727043,0.0025209598467586755,-0.99999682230453102,-1.1928585122966441e-05,5.8075275519481574e-05,0.024328922637840047
5.550000011920929,60,0.00015069736544717774,-1.5193815028319922e-06,0.99999998864399786,-0.00036412839034302458,-0.99999993370418461,-1.4635154274161492e-06,-2.635849189613428e-06,0.022430255229272188
5.550000011920929,61,0.0003026332029820472,2.8743181221017348e-05,0.99999995379348605,0.0025370735177157777,-0.99999678123299585,2.7957348072885876e-05,5.795307310472618e-06,0.0243233684610916
5.550000011920929,64,-0.00015506729806475408,-4.914511574016025e-07,0.99999998797694578,-0.00036035583756288485,-0.9999999350716825,-5.4882007543310777e-07,-1.1747861099856174e-05,0.022430838905835727
5.550000011920929,68,-3.4684604737166459e-05,-2.9393572711368677e-06,0.99999999939416928,0.0010308277313109421,-0.99999946869292766,-2.8373872296079917e-06,1.2610493418089432e-05,0.023450650387788718
5.550000011920929,69,1.6587327139269418e-05,7.2432331053858782e-06,0.99999999983619814,0.0019761866984423578,-0.99999804731519248,7.2066002758667324e-06,2.2512965284868768e-05,0.02401040402364745
5.550000011920929,72,1.1188599599173739e-06,-4.1636714597421175e-07,0.99999999999928746,-0.00037058263635232603,-0.99999993133416532,-4.1732633843681843e-07,-5.655453061952711e-07,0.022483159048046042
5.550000011920929,76,5.3816290115827393e-05,1.3046910635693381e-05,0.99999999846679255,0.0010428599924715838,-0.99999945613798513,1.2913951427361893e-05,9.507995483305422e-06,0.02344888660626695
5.550000011920929,78,-0.00022503772261001914,1.6686460881321984e-05,0.99999997453979239,-0.0047597713692430193,-0.99998867210253728,1.5592205739856256e-05,4.882049307762128e-05,0.020349577799769095
5.550000011920929,80,0.00024429252171070541,-3.2799360235855247e-05,0.99999996962268234,-0.0047706836416552337,-0.99998861972446973,-3.1609192408354625e-05,-7.271090363348967e-06,0.02035465774709621
5.550000011920929,83,-2.1713807030309571e-05,3.3492861684076982e-06,0.9999999997586464,-0.0024939454211606823,-0.99999689010815673,3.2018043883459649e-06,-1.8650598536780407e-05,0.021263448853226858
5.550000011920929,85,7.934221073241594e-06,-7.5317409932782954e-06,0.99999999994016042,-0.0039345493500554767,-0.99999225960264237,-7.497564349616957e-06,1.3531938813103496e-05,0.02067314525390171
5.550000011920929,88,2.9858500622788583e-05,-1.559244569436236e-05,0.9999999994326727,-0.0025044267252917972,-0.99999686379965758,-1.5415137072986138e-05,3.0305759620102377e-05,0.02126543122864003
5.574999988079071,57,-0.00025674717118513355,-1.2446713486980415e-05,0.99999996696298421,0.0024764428299598319,-0.99999693354118624,-1.1795526157068311e-05,5.6479772087819865e-05,0.025789772116381598
5.574999988079071,60,0.00014935627298928145,-1.3854257926766418e-06,0.9999999888453921,-0.00036120626589267489,-0.99999993476412874,-1.3310147350540757e-06,-2.063957056769619e-06,0.02391169514685014
5.574999988079071,61,0.00029567269853245846,2.8340028298244851e-05,0.99999995588724799,0.0024924155564920404,-0.99999689354703825,2.7585629590452331e-05,5.793184013400783e-06,0.025784357500882617
5.574999988079071,64,-0.00015355663251848516,-7.1692861640395087e-07,0.99999998820992331,-0.00035800912587448619,-0.99999993591443226,-7.727613169356399e-07,-1.2070624245939269e-05,0.02391229244220755
5.574999988079071,68,-3.3089214058188405e-05,-2.8710894967796196e-06,0.99999999944843043,0.0010126423512921729,-0.9999994872737562,-2.7736253872171774e-06,1.1991909166988145e-05,0.0249250597829952
5.574999988079071,69,1.614656453000278e-05,7.1316427647430336e-06,0.99999999984421417,0.0019412819732133669,-0.99999811568519426,7.0965748374880105e-06,2.1893724192467467e-05,0.025476434170131738
5.574999988079071,72,1.1508152340012323e-06,-4.71417639952596e-07,0.99999999999922673,-0.00037503117582734206,-0.99999992967569473,-4.7214561500459826e-07,-5.198598413390841e-07,0.023962519415082238
5.574999988079071,76,5.1613928337147147e-05,1.2799574558342571e-05,0.99999999858608646,0.0010243998395845792,-0.99999947522204991,1.2672546419433579e-05,9.342356930548355e-06,0.024923338480415284
5.574999988079071,78,-0.00022883781913623043,1.6709400420400395e-05,0.99999997367702387,-0.0048051812971265902,-0.99998845492823785,1.5586451428557275e-05,4.972859243163798e-05,0.02181230624767535
5.574999988079071,80,0.00024874001019775378,-3.2946149716963876e-05,0.99999996852147877,-0.0048159757985760977,-0.99998840261812094,-3.1723278362659042e-05,-7.11682353528464e-06,0.021817489663973413
5.574999988079071,83,-2.3584652445438042e-05,3.3836105525225345e-06,0.99999999971615761,-0.002518070950493462,-0.99999682964910364,3.2295423870609062e-06,-1.825232024761155e-05,0.02273628885209743
5.574999988079071,85,8.2602638453081103e-06,-7.5885113859583648e-06,0.99999999993709132,-0.0039725112826306192,-0.99999210951740314,-7.5527044564145216e-06,1.3991203412849172e-05,0.022139545282629465
5.574999988079071,88,3.2338149059389622e-05,-1.5722401006750774e-05,0.99999999935352513,-0.0025286516106496014,-0.99999680283471271,-1.553656989316282e-05,3.070722585955443e-05,0.022738308871844477
5.600000023841858,57,-0.00025075521197917387,-1.2295237802366987e-05,0.9999999684853248,0.0024312917596904788,-0.99999704433771885,-1.1670707607364569e-05,5.4824047220508606e-05,0.02725051716690399
5.600000023841858,60,0.00014821171562676936,-1.2467819851527303e-06,0.99999998901586651,-0.00035822316084194677,-0.99999993583736901,-1.1937698359016325e-06,-1.4408265957689503e-06,0.02539315457526361
5.600000023841858,61,0.00028868184856028155,2.7955895907482152e-05,0.99999995794062824,0.0024471337064872496,-0.99999700539302161,2.723254764646002e-05,5.832181070304023e-06,0.027245239029144684
5.600000023841858,64,-0.00015226537311451688,-9.5322636448706233e-07,0.99999998840717375,-0.00035562045641442103,-0.99999993676653587,-1.0075855908662849e-06,-1.2481035232363425e-05,0.025393767095947026
5.600000023841858,68,-3.1423663189400464e-05,-2.803160818558479e-06,0.99999999950234775,0.00099431726344301761,-0.99999950566279505,-2.7101713324865765e-06,1.1342688229809054e-05,0.026399426626853243
5.600000023841858,69,1.5694186154150674e-05,7.0245594163521978e-06,0.99999999985217414,0.001905884752341429,-0.99999818377556859,6.9910529703197102e-06,2.1261983366200225e-05,0.026942376319965815
5.600000023841858,72,1.1731672167076633e-06,-5.2910020207865763e-07,0.99999999999917188,-0.00037942969256081179,-0.99999992801641135,-5.2959467337619997e-07,-4.870916103453193e-07,0.025441908233222572
5.600000023841858,76,4.9314117046048081e-05,1.2557732562401257e-05,0.9999999987052105,0.0010058022059077018,-0.99999949410349875,1.2436604808831526e-05,9.173472869743997e-06,0.02639774702094834
5.600000023841858,78,-0.00023298180088927997,1.6751130611120406e-05,0.99999997271943974,-0.0048499869193988614,-0.99998823862263342,1.5597585993646165e-05,5.063834090336011e-05,0.02327525324940151
5.600000023841858,80,0.00025355870953497692,-3.3134111064875678e-05,0.99999996730505536,-0.0048606741216239372,-0.9999881863457063,-3.1876448759916832e-05,-6.903774305167397e-06,0.023280548863056364
5.600000023841858,83,-2.551144366064586e-05,3.4231468494053556e-06,0.99999999966872422,-0.0025420460497964899,-0.99999676899039991,3.2621476923446186e-06,-1.7872118016146854e-05,0.024209293357216655
5.600000023841858,85,8.597782001882568e-06,-7.6557645224640033e-06,0.99999999993373356,-0.0040099247283848323,-0.99999196019049807,-7.6182572693235728e-06,1.4470050111494886e-05,0.023606161132139248
5.600000023841858,88,3.4884769276725186e-05,-1.5874991832400028e-05,0.99999999926551864,-0.0025527436722593156,-0.99999674162162866,-1.5680220762273068e-05,3.114276029472348e-05,0.024211354620973694
5.625,57,-0.00024467578244388174,-1.2144092499486096e-05,0.99999996999314078,0.0023855564793040518,-0.99999715448943816,-1.1546025950512622e-05,5.312260576918415e-05,0.028711149645933333
5.625,60,0.00014710611306946518,-1.1045995851603555e-06,0.99999998917928556,-0.00035514102829773948,-0.99999993693686862,-1.0529919314800195e-06,-7.971057595474985e-07,0.026874634295128833
5.625,61,0.00028158116056421041,2.7572821125874248e-05,0.99999995997589408,0.0024012660393437466,-0.99999711659527146,2.6880315005525679e-05,5.888534443140174e-06,0.028706007641046888
5.625,64,-0.00015101751074105427,-1.196309234932537e-06,0.99999998859614025,-0.0003531465051246682,-0.99999993764299078,-1.2491892147362202e-06,-1.2918791828925105e-05,0.026875262817868888
5.625,68,-2.9714688793038516e-05,-2.7342252000044498e-06,0.99999999955478058,0.00097582980824641782,-0.99999952387447943,-2.6456818052171673e-06,1.0676191762079463e-05,0.027873758528453196
5.625,69,1.5231272314020553e-05,6.9176698872412947e-06,0.99999999986007704,0.0018700480502336816,-0.99999825143490939,6.8857189835527618e-06,2.0617824288710604e-05,0.02840823691965591
5.625,72,1.1931130451946912e-06,-5.883534229616981e-07,0.99999999999911515,-0.00038376414570655157,-0.99999992636236423,-5.8861074604633522e-07,-4.572882577509538e-07,0.026921323105388514
5.625,76,4.6953642088941521e-05,1.2314355838531707e-05,0.99999999882185608,0.00098703829010554915,-0.99999951280317911,1.2199093473885792e-05,9.001111107752189e-06,0.02787212067792232
5.625,78,-0.00023728382910133947,1.6798522500600021e-05,0.99999997170709665,-0.0048944225091650728,-0.99998802212052806,1.5613316349048978e-05,5.1554820652173856e-05,0.024738395183028672
5.625,80,0.00025855248388551201,-3.3336354193763471e-05,0.9999999660196498,-0.0049050029403791291,-0.99998796988734828,-3.204269823262105e-05,-6.664580671556214e-06,0.024743807192187994
5.625,83,-2.7482184914031273e-05,3.4646906133295168e-06,0.99999999961636277,-0.0025658807842817949,-0.99999670811704866,3.2965133437947315e-06,-1.7485010945944745e-05,0.025682427482757657
5.625,85,8.9432811150199838e-06,-7.7270394357178044e-06,0.99999999993015543,-0.0040470107825682977,-0.9999918107887803,-7.6877760676600521e-06,1.4961185026775376e-05,0.025072953139013567
5.625,88,3.7487308239146821e-05,-1.6036319608467699e-05,0.99999999916876903,-0.0025767019358380158,-0.99999668017272547,-1.5832294201138603e-05,3.15875835305425e-05,0.02568453173513699
5.649999976158142,57,-0.00023848589317328688,-1.1990520864201353e-05,0.99999997149035258,0.0023392637177262685,-0.99999726385369214,-1.141875251517223e-05,5.1379751218312806e-05,0.030171663861239765
5.649999976158142,60,0.00014598535600554325,-9.5930575474641156e-07,0.99999998934367773,-0.00035195234971450355,-0.99999993806435661,-9.0912764570583406e-07,-1.4674090220738653e-07,0.02835613446245149
5.649999976158142,61,0.00027434751179364808,2.7184912509648226e-05,0.99999996199721075,0.0023548351861828677,-0.99999722702004168,2.6523064588428915e-05,5.955801948878811e-06,0.0301666584851037
5.649999976158142,64,-0.00014975238225800055,-1.4447532889634181e-06,0.99999998878606833,-0.00035057778202005855,-0.99999993854648828,-1.4961263722313553e-06,-1.3359484130726343e-05,0.028356779476209362
5.649999976158142,68,-2.7972590084675519e-05,-2.6638406299182232e-06,0.99999999960521901,0.00095717411104777892,-0.99999954190542817,-2.5797105382035339e-06,9.999429336125036e-06,0.029348057327732633
5.649999976158142,69,1.475849369332637e-05,6.8095769509647151e-06,0.99999999986790844,0.0018337966528887699,-0.99999831857052579,6.7791729147708957e-06,1.9961705079338394e-05,0.029874017244941823
5.649999976158142,72,1.213272346132384e-06,-6.4880290149658712e-07,0.99999999999905353,-0.00038803298666841279,-0.99999992471498733,-6.4881899547976678e-07,-4.2685449488606633e-07,0.028400763023886208
5.649999976158142,76,4.45467801958669e-05,1.2067165683751878e-05,0.99999999893498392,0.00096810020213174109,-0.99999953131939567,1.1957725294843481e-05,8.823437069693697e-06,0.029346461551022322
5.649999976158142,78,-0.00024168121849631115,1.6847116531995614e-05,0.99999997065318125,-0.0049385605674125812,-0.99998780511326313,1.5629465878682629e-05,5.2481060503657404e-05,0.026201725772977698
5.649999976158142,80,0.00026365531098869374,-3.3543775190361257e-05,0.99999996468034558,-0.0049490312873459886,-0.99998775295081754,-3.2213221310210234e-05,-6.411411053772938e-06,0.026207256835085038
5.649999976158142,83,-2.9493020943969836e-05,3.5071397473090947e-06,0.99999999955893093,-0.0025895774766954839,-0.99999664703307534,3.3315691823637077e-06,-1.7081894401827338e-05,0.027155679723749233
5.649999976158142,85,9.2956639944451339e-06,-7.8001543081589154e-06,0.99999999992637423,-0.0040838394147619745,-0.99999166106294657,-7.759083314638176e-06,1.5462242666314843e-05,0.026539908835602765
5.649999976158142,88,4.0142437203825114e-05,-1.6201666016007525e-05,0.99999999906304549,-0.0026005249500611308,-0.99999661850146504,-1.5988104842862805e-05,3.203291353528494e-05,0.027157828081340412
5.675000011920929,57,-0.00023212027148623691,-1.1833718773620536e-05,0.99999997299007104,0.002292399802730096,-0.99999737238440822,-1.1288211128258962e-05,4.956859925073666e-05,0.03163201627669911
5.675000011920929,60,0.00014484434283269107,-8.0836726214322205e-07,0.99999998950973146,-0.00034827285562045589,-0.99999993935271858,-7.5971327127226813e-07,5.523352395856141e-07,0.02983770092635039
5.675000011920929,61,0.00026690392516804203,2.6790300959167018e-05,0.99999996402228664,0.0023078262161509823,-0.99999733662338253,2.6159079050562203e-05,6.0436624269765605e-06,0.0316271489188516
5.675000011920929,64,-0.00014845881656070254,-1.7037905605013727e-06,0.99999998897853837,-0.00034754157818379201,-0.99999993960588629,-1.7535553465379555e-06,-1.383893124705576e-05,0.029838363543385375
5.675000011920929,68,-2.6174971398399473e-05,-2.5911335588754819e-06,0.99999999965407838,0.00093825131710549125,-0.99999955983898259,-2.5114080447348402e-06,9.309697986910068e-06,0.030822333504888885
5.675000011920929,69,1.4270614228790299e-05,6.6997122064058406e-06,0.99999999987573174,0.0017970957449657346,-0.99999838519988771,6.6708551149748684e-06,1.9286880593159326e-05,0.03133969126305017
5.675000011920929,72,1.2361655414359532e-06,-7.1178873404132304e-07,0.9999999999989827,-0.00039203110809961345,-0.99999992315554898,-7.1155419323854582e-07,-3.930133389101168e-07,0.029880256600100397
5.675000011920929,76,4.2064543739579087e-05,1.1813849127299314e-05,0.99999999904550363,0.00094888504228906885,-0.99999954973992222,1.1710220553521513e-05,8.634822441917632e-06,0.030820780497155725
5.675000011920929,78,-0.00024632051847677097,1.6902625487605475e-05,0.99999996952025128,-0.0049843037962235661,-0.99998757815821315,1.5650519157809903e-05,5.345357201734973e-05,0.02766520409326248
5.675000011920929,80,0.00026903685059630374,-3.3767609988762291e-05,0.99999996323946017,-0.0049946645693472996,-0.9999875260603095,-3.239786215757713e-05,-6.144109293970618e-06,0.027670860073795114
5.675000011920929,83,-3.1597163846405894e-05,3.5525469309035301e-06,0.99999999949449947,-0.0026134469473969879,-0.99999658493601984,3.3691152488877171e-06,-1.6691956233045024e-05,0.028629048973088947
5.675000011920929,85,9.6658802404272802e-06,-7.8777302685781975e-06,0.99999999992225608,-0.0041217597206896243,-0.99999150548163251,-7.8347381545024301e-06,1.598816020362847e-05,0.02800701636140728
5.675000011920929,88,4.2921851965482169e-05,-1.6377654268391556e-05,0.99999999894474356,-0.0026245286496530567,-0.99999655578827706,-1.6153957912437817e-05,3.253173245517156e-05,0.02863124382294709
5.699999988079071,57,-0.00022559705121916667,-1.1672977750978861e-05,0.99999997448485567,0.002245020072502788,-0.99999747987706011,-1.1153604519828355e-05,4.7700270996024585e-05,0.03309221516271883
5.699999988079071,60,0.00014366023251856551,-6.5268151210725933e-07,0.99999998968065562,-0.00034422169702610147,-0.99999994075552645,-6.0562956497641168e-07,1.2745670361203142e-06,0.0313193166787579
5.699999988079071,61,0.00025927365589624099,2.6387599522330458e-05,0.99999996604043229,0.0022602926687056478,-0.99999744520278144,2.5786862582070624e-05,6.14793220015941e-06,0.03308748716627261
5.699999988079071,64,-0.00014711271062456193,-1.9710232000829327e-06,0.99999998917698263,-0.00034415370818265681,-0.99999994077707244,-2.0190956370847668e-06,-1.4327902242665718e-05,0.03131999762348574
5.699999988079071,68,-2.4335923250056769e-05,-2.5161856221237599e-06,0.99999999970071585,0.00091909095605710361,-0.9999995776328392,-2.4408354839963361e-06,8.615539282829659e-06,0.03229658634857093
5.699999988079071,69,1.3770324739013089e-05,6.587814963203952e-06,0.99999999988348942,0.0017599926763725675,-0.99999845119017017,6.5604969818077265e-06,1.8596707272026413e-05,0.03280526928415852
5.699999988079071,72,1.2626118516579872e-06,-7.7672535941814353e-07,0.99999999999890132,-0.0003958223259460831,-0.99999992166203877,-7.7623207693108696e-07,-3.544492717866929e-07,0.031359791752349396
5.699999988079071,76,3.9526033005348577e-05,1.1554475886307504e-05,0.99999999915209337,0.00092942316197097772,-0.99999956802057266,1.145661996724923e-05,8.433293095292027e-06,0.032295076702531664
5.699999988079071,78,-0.0002511357639197064,1.6960367536522071e-05,0.99999996832158666,-0.0050311191112887444,-0.9999873437173441,1.5672213009825414e-05,5.446563252007554e-05,0.02912883649780253
5.699999988079071,80,0.00027462149785818741,-3.4002509533011728e-05,0.99999996171343031,-0.005041359714815472,-0.99998729173425183,-3.2591748095624395e-05,-5.869833719792418e-06,0.029134621874097752
5.699999988079071,83,-3.3777856108498944e-05,3.5992359367395293e-06,0.99999999942305084,-0.0026373830856190033,-0.99999652209337631,3.4075522679950206e-06,-1.6302218219504492e-05,0.030102523687925025
5.699999988079071,85,1.005023783326278e-05,-7.9592798593703119e-06,0.99999999991782129,-0.0041603934273248813,-0.99999134549449686,-7.914271570415472e-06,1.6533954380483275e-05,0.029474268934507403
5.699999988079071,88,4.5805146942557303e-05,-1.6561146300695103e-05,0.99999999881380841,-0.0026486029397842291,-0.99999649231179943,-1.6326806351441675e-05,3.306514303347927e-05,0.030104766896591934
5.725000023841858,57,-0.00021895849876037065,-1.1508766896125643e-05,0.99999997596236179,0.0021971639940850975,-0.99999758617161028,-1.1015266357503791e-05,4.578720850175467e-05,0.03455227178356162
5.725000023841858,60,0.00014243152333933654,-4.9369547085193739e-07,0.99999998985650862,-0.0003399902898651657,-0.99999994220319932,-4.4828820053473125e-07,1.9882256856357454e-06,0.03280095906150822
5.725000023841858,61,0.00025150688313449324,2.5978162374704093e-05,0.99999996803471081,0.0022122746663416535,-0.99999755259463219,2.540760802700655e-05,6.267934428674738e-06,0.03454768380024069
5.725000023841858,64,-0.00014571345894997129,-2.2438290455793221e-06,0.99999998938127632,-0.00034059859957447699,-0.99999994199367281,-2.2901618294560748e-06,-1.479571692628679e-05,0.032801658796381875
5.725000023841858,68,-2.2470909637377033e-05,-2.4394957840940063e-06,0.99999999974455345,0.00089974477189860478,-0.99999959522678594,-2.3684661770983273e-06,7.925705130303123e-06,0.03377080889620726
5.725000023841858,69,1.3261284888207687e-05,6.4743117757814904e-06,0.99999999989111088,0.0017225266991387812,-0.99999851642899329,6.4485156800166877e-06,1.78959770835913e-05,0.034270760979287246
5.725000023841858,72,1.2922778079645568e-06,-8.429338644965785e-07,0.99999999999880962,-0.00039950882461035583,-0.9999999201959916,-8.4217638950246679e-07,-3.1150499458387295e-07,0.03283935358849032
5.725000023841858,76,3.6952193550788875e-05,1.1290379627978596e-05,0.99999999925353145,0.0009097682066693504,-0.99999958609811934,1.1198222141233033e-05,8.216884460055688e-06,0.0337693429911456
5.725000023841858,78,-0.00025605818783058126,1.7018488832928677e-05,0.99999996707228722,-0.0050781068768163649,-0.99998710620900999,1.5693243235787228e-05,5.550397308414209e-05,0.030592645026115715
5.725000023841858,80,0.00028033164359498821,-3.4242097688093951e-05,0.99999996012082337,-0.0050882207276684863,-0.99998705438355573,-3.2789113248090749e-05,-5.591593698716001e-06,0.030598562660189788
5.725000023841858,83,-3.601157633745958e-05,3.646601910093974e-06,0.99999999934493433,-0.0026612351420649484,-0.99999645890155076,3.4463849528638955e-06,-1.589482949503773e-05,0.031576102211451844
5.725000023841858,85,1.0444170121401126e-05,-8.042775501224425e-06,0.99999999991311661,-0.0041991035318610466,-0.99999118369393525,-7.9956802493688754e-06,1.7093094528027316e-05,0.030941671344759118
5.725000023841858,88,4.8760418067881516e-05,-1.6748450750711387e-05,0.99999999867095557,-0.00267259497644219,-0.99999642847549186,-1.6503095779192511e-05,3.360524534415273e-05,0.03157839497639139
5.75,57,-0.00021223106080243254,-1.1341031430949913e-05,0.99999997741467872,0.0021488744516654328,-0.99999769110751846,-1.0873049121847978e-05,4.383504340933807e-05,0.03601218690139207
5.75,60,0.00014114736007531914,-3.3235401421413383e-07,0.99999999003865625,-0.00033566675139764802,-0.99999994366387279,-2.8862032684091395e-07,2.675164751253994e-06,0.034282618483101115
5.75,61,0.00024363588632409823,2.5562124886844864e-05,0.99999996999406593,0.0021638148052846025,-0.99999765863696932,2.5021338722470014e-05,6.406361580735542e-06,0.03600773924633029
5.75,64,-0.00014424902375885189,-2.5203739465401988e-06,0.99999998959293335,-0.00033696011688153193,-0.99999994322564867,-2.5649335602844713e-06,-1.522223174693618e-05,0.03428333725928271
5.75,68,-2.0592691677210382e-05,-2.361311649907835e-06,0.99999999978518261,0.00088023580722876229,-0.99999961258975456,-2.2945288447479452e-06,7.249784228987183e-06,0.03524499758745099
5.75,69,1.2746338063579666e-05,6.3593092882344596e-06,0.99999999989854493,0.0016847324691513597,-0.99999858081718052,6.3350107181332582e-06,1.71883384648834e-05,0.03573616997005133
5.75,72,1.3258029514583118e-06,-9.0995472141324709e-07,0.99999999999870703,-0.00040313905181688954,-0.99999991873903593,-9.0892883970380105e-07,-2.6330084792719994e-07,0.03431893483353854
5.75,76,3.4360669887963558e-05,1.1022137662577022e-05,0.99999999934892825,0.00088994418025149737,-0.99999960393980625,1.0935578290068626e-05,7.982135362720362e-06,0.035243575685893126
5.75,78,-0.00026104168513564602,1.7075157626561534e-05,0.99999996578283812,-0.0051248903764578458,-0.99998686753964894,1.5712101092962521e-05,5.656313352011099e-05,0.032056637317337544
5.75,80,0.00028611594017924352,-3.4481868523900495e-05,0.99999995847433387,-0.0051348709638291447,-0.99998681591915051,-3.2985808949157284e-05,-5.313702980702533e-06,0.03206268896869078
5.75,83,-3.828540851917744e-05,3.6940330381919986e-06,0.99999999926029071,-0.0026849349859422791,-0.99999639554949182,3.4850621504023445e-06,-1.5461973525997396e-05,0.033049780463934954
5.75,85,1.0845195109248284e-05,-8.1269831483427304e-06,0.99999999990816701,-0.0042376260514799483,-0.99999102118978944,-8.0777431002307977e-06,1.766192498757413e-05,0.03240922267960673
5.75,88,5.1770930766349947e-05,-1.6936948476326645e-05,0.99999999851645516,-0.0026964346897098714,-0.99999636447425766,-1.6680281039858753e-05,3.413942321216992e-05,0.03305212353481216
5.774999976158142,57,-0.0002054416012482696,-1.1169641349567801e-05,0.99999997883449354,0.0021002012016033459,-0.99999779451749282,-1.0726733820972153e-05,4.18473532750264e-05,0.03747195728206374
5.774999976158142,60,0.0001397936700753612,-1.6958382838620904e-07,0.99999999022885044,-0.0003313154130429153,-0.99999994511503887,-1.2754403374233029e-07,3.320024901804931e-06,0.035764288968685436
5.774999976158142,61,0.00023569380214743743,2.5139461557458778e-05,0.9999999719082191,0.0021149624135969091,-0.99999776316122557,2.4627921056496697e-05,6.568448147291751e-06,0.037467649970798086
5.774999976158142,64,-0.00014270330504509914,-2.798855380581843e-06,0.99999998981396654,-0.00033329854941726146,-0.99999994445199969,-2.8416164830648266e-06,-1.5588956044002524e-05,0.0357650268273943
5.774999976158142,68,-1.8715090396627283e-05,-2.2818610361474581e-06,0.99999999982226928,0.00086058049911623673,-0.99999962969807121,-2.2192327825813619e-06,6.599415801508012e-06,0.036719149172448076
5.774999976158142,69,1.2228575928251211e-05,6.2428752666785715e-06,0.99999999990574429,0.0016466473201964913,-0.99999864425603791,6.220042783742158e-06,1.6477728340598033e-05,0.03720149787768779
5.774999976158142,72,1.3642404024075417e-06,-9.773443798885131e-07,0.99999999999859179,-0.00040674948435208213,-0.99999991727694881,-9.7604680741593587e-07,-2.0844901248827914e-07,0.03579853003798061
5.774999976158142,76,3.177077740788789e-05,1.0750250476342223e-05,0.99999999943752504,0.0008699683853737553,-0.99999962152051713,1.0669163252597637e-05,7.724301624451028e-06,0.0367177714293125
5.774999976158142,78,-0.00026604332399033791,1.7128547521001491e-05,0.9999999644637807,-0.0051712231181364442,-0.99998662901266655,1.5727247548839199e-05,5.763943257620417e-05,0.033520817270206775
5.774999976158142,80,0.00029192704099308744,-3.4717481201209433e-05,0.99999995678664866,-0.0051810635642726534,-0.999986577649708,-3.3177810562534204e-05,-5.0410467924453225e-06,0.0335270036425463
5.774999976158142,83,-4.0588439541852234e-05,3.7409121605238218e-06,0.99999999916929205,-0.0027084345125993445,-0.99999633217831319,3.523019038905232e-06,-1.4998753667802808e-05,0.03452355357267961
5.774999976158142,85,1.1251284450954718e-05,-8.2107351798836585e-06,0.99999999990299626,-0.0042757904033579545,-0.99999085873314486,-8.1593032186095812e-06,1.823736579007493e-05,0.033876920452093735
5.774999976158142,88,5.4822946970805073e-05,-1.7124097058606954e-05,0.99999999835060494,-0.0027200719921748593,-0.99999630045527499,-1.6855882653916205e-05,3.465915791530098e-05,0.03452594727133486
5.800000011920929,57,-0.00019862162357566217,-1.0994444540889802e-05,0.99999998021428615,0.0020512062050737695,-0.99999789621841251,-1.0576073762982295e-05,3.982619696634606e-05,0.03893157584492686
5.800000011920929,60,0.00013835290226255149,-6.4097519663339794e-09,0.99999999042923715,-0.00032699082046913993,-0.99999994653849966,3.3921927867192025e-08,3.907441540214307e-06,0.03724596653550399
5.800000011920929,61,0.00022771968831302228,2.4710137942289924e-05,0.99999997376657612,0.0020657789641085203,-0.99999786598287987,2.4227205234871937e-05,6.762655775228978e-06,0.0389274085718876
5.800000011920929,64,-0.00014105582755179286,-3.0772958990466332e-06,0.99999999004689188,-0.00032966407857320422,-0.99999994565593453,-3.1182384308319976e-06,-1.5876191230597264e-05,0.03724672328987382
5.800000011920929,68,-1.6854518864602008e-05,-2.2013938122830079e-06,0.99999999985553945,0.00084079279456987185,-0.99999964653138018,-2.1428079151302305e-06,5.989749054714253e-06,0.03819326005362952
5.800000011920929,69,1.171172898151585e-05,6.1250855178566814e-06,0.99999999991265942,0.0016083157630271824,-0.99999870664073942,6.1036800063779878e-06,1.5768875149627736e-05,0.03866674491539985
5.800000011920929,72,1.409102445422448e-06,-1.0446237960598893e-06,0.99999999999846156,-0.00041037201084870376,-0.99999991579685876,-1.0430520440407606e-06,-1.449958695841626e-07,0.03727813435872814
5.800000011920929,76,2.9205639947496839e-05,1.0475269308147105e-05,0.9999999995186496,0.0008498557168437449,-0.9999996388184903,1.0399500618873148e-05,7.436643322492166e-06,0.03819192650574388
5.800000011920929,78,-0.00027101891324319335,1.7176712298526158e-05,0.99999996312685391,-0.0052169247995360202,-0.99998639163139724,1.5737025307694192e-05,5.873016385264147e-05,0.03498518647630186
5.800000011920929,80,0.00029771662394263514,-3.494436051285491e-05,0.9999999550718508,-0.005226617606646681,-0.9999863405844337,-3.33608590965829e-05,-4.779285075022139e-06,0.03499150715609295
5.800000011920929,83,-4.2910241648213457e-05,3.7865672973976072e-06,0.99999999907218651,-0.0027316942163098548,-0.99999626891005833,3.5596350990644267e-06,-1.4502005478371237e-05,0.03599741548508998
5.800000011920929,85,1.1660587674319012e-05,-8.292806481329094e-06,0.99999999989763011,-0.0043134737347989534,-0.99999069689495401,-8.2391454948097056e-06,1.881651607988937e-05,0.0353447607359086
5.800000011920929,88,5.7903723499764281e-05,-1.730718796500995e-05,0.99999999817380991,-0.0027434651958224,-0.99999623654731407,-1.7027253116468613e-05,3.5158256461625046e-05,0.03599985968067703
5.824999988079071,57,-0.0001918125879111408,-1.081527451678902e-05,0.9999999815454802,0.002001975766382209,-0.99999799599021089,-1.0420790908286758e-05,3.777147404894413e-05,0.040391029431963155
5.824999988079071,60,0.00013680144623657529,1.5590993208434973e-07,0.99999999064266987,-0.00032274491269774531,-0.99999994791784041,1.9452362236254948e-07,4.418975043231438e-06,0.03872764868041447
5.824999988079071,61,0.00021976511667822003,2.427418107384623e-05,0.99999997555702846,0.0020163501660165795,-0.99999796688026277,2.3819081754043029e-05,7.003084483656127e-06,0.04038700150363842
5.824999988079071,64,-0.00013927857034431835,-3.3532966560784406e-06,0.99999999029511755,-0.00032610339417926123,-0.99999994682253246,-3.3924035872490365e-06,-1.6059151150534492e-05,0.038728423871103916
5.824999988079071,68,-1.5032571092873776e-05,-2.1202200435360448e-06,0.99999999988476318,0.00082088663238018647,-0.99999966307037824,-2.0655404363732418e-06,5.442884547808771e-06,0.03966732557628681
5.824999988079071,69,1.1200793706927142e-05,6.0060542360131904e-06,0.99999999991923461,0.0015697981005083348,-0.99999876784828656,5.9860273373046256e-06,1.5068089191523586e-05,0.04013190974779761
5.824999988079071,72,1.4626715527848598e-06,-1.1112208043354834e-06,0.99999999999831279,-0.00041403789191241076,-0.99999991428569301,-1.1093730996347306e-06,-7.003443072361366e-08,0.03875774269503086
5.824999988079071,76,2.6695910692115446e-05,1.0197899064706302e-05,0.99999999959166552,0.00082962129060950782,-0.99999965581291717,1.0127262145881272e-05,7.108385733097741e-06,0.03966603611458289
5.824999988079071,78,-0.00027591876972968114,1.7217387726923164e-05,0.99999996178619643,-0.0052618604240495881,-0.99998615619274756,1.5739487647012495e-05,5.983360797988012e-05,0.036449744247740536
5.824999988079071,80,0.00030343090467562319,-3.5157219448389299e-05,0.9999999533468269,-0.0052713971358164229,-0.99998610552745915,-3.3530012468268747e-05,-4.53551308295138e-06,0.036456197526588074
5.824999988079071,83,-4.5240080377968631e-05,3.8301952278122503e-06,0.99999999896933234,-0.0027546773545528238,-0.99999620586267934,3.5941622118988977e-06,-1.3969950406193659e-05,0.03747135775580405
5.824999988079071,85,1.2071331282237774e-05,-8.3717841298609806e-06,0.9999999998920982,-0.0043505861911160197,-0.99999053612053757,-8.3158668631659533e-06,1.9396466300077363e-05,0.03681273732632292
5.824999988079071,88,6.1000681188206243e-05,-1.7483052171416444e-05,0.99999999798662975,-0.0027665749224845904,-0.99999617287650544,-1.7191287471303339e-05,3.5632447677006706e-05,0.037473851792388616
5.850000023841858,57,-0.00018508473844869902,-1.0631786904620561e-05,0.99999998281530234,0.0019526727337907941,-0.99999809348014246,-1.0260369096324635e-05,3.567647841654138e-05,0.04185028727608107
5.850000023841858,60,0.00013509650199050209,3.1539150835188135e-07,0.99999999087441782,-0.00031864007522753809,-0.99999994923418778,3.5227916618357678e-07,4.822387948618816e-06,0.04020933471645266
5.850000023841858,61,0.00021191778616448629,2.3831692747351802e-05,0.99999997726145085,0.001966837541240489,-0.99999806549931169,2.3403441269291221e-05,7.320556064856103e-06,0.041846397436039226
5.850000023841858,64,-0.0001373199614107226,-3.6231407157043088e-06,0.99999999056505051,-0.00032267075836295175,-0.99999994793509039,-3.6603941766912286e-06,-1.609322823263385e-05,0.04021012746288316
5.850000023841858,68,-1.3286372571852824e-05,-2.0387958777025529e-06,0.99999999990965771,0.00080088124066815015,-0.99999967929259193,-1.9878486834547393e-06,5.002851370686664e-06,0.041141337630359494
5.850000023841858,69,1.0704460278976542e-05,5.8860161873164519e-06,0.99999999992538469,0.0015312062819509524,-0.99999882768576109,5.8673048253641612e-06,1.438632083543478e-05,0.04159698783326782
5.850000023841858,72,1.529484884659208e-06,-1.1762642235689092e-06,0.99999999999813838,-0.00041778569048604871,-0.99999991272686528,-1.1741394310930217e-06,2.2151475818505473e-08,0.04023734753676768
5.850000023841858,76,2.4294767977901963e-05,9.919266330461741e-06,0.99999999965568609,0.00080928611778042277,-0.99999967247939026,9.8535216496211842e-06,6.715481834577814e-06,0.04114009192386181
5.850000023841858,78,-0.0002806728482131972,1.724714453094366e-05,0.99999996046264339,-0.0053059434225456925,-0.99998592325937896,1.5731631003551357e-05,6.095029960014376e-05,0.037914485509639335
5.850000023841858,80,0.00030899533182794832,-3.5348180006602771e-05,0.99999995163619437,-0.0053153135341799541,-0.99998587305413278,-3.36778484260307e-05,-4.321281625032785e-06,0.037921067780922815
5.850000023841858,83,-4.7565344634307958e-05,3.8705448213440117e-06,0.99999999886127855,-0.0027773402106284944,-0.99999614317666785,3.6254190651362186e-06,-1.340252407291303e-05,0.03894536427865788
5.850000023841858,85,1.2481741346380959e-05,-8.4455807463931862e-06,0.99999999988643917,-0.0043870743795426503,-0.99999037670771618,-8.3873901490438917e-06,1.9973958953422326e-05,0.03828083748041182
5.850000023841858,88,6.4100398409092134e-05,-1.7646916869366224e-05,0.9999999977898627,-0.0027893533336781824,-0.99999610959602758,-1.7343290628204692e-05,3.6080345154434e-05,0.038947906734359494
5.875,57,-0.00017854689714875006,-1.0443942572810732e-05,0.99999998400596468,0.0019035531168450975,-0.9999981881901745,-1.0094525214958774e-05,3.352628221982156e-05,0.0433092972478177
5.875,60,0.00013317180519266459,4.691672549250234e-07,0.99999999113252513,-0.00031475329480449231,-0.99999995046505341,5.0432038994299028e-07,5.068359565753698e-06,0.04169102589538537
5.875,61,0.0002043147455667706,2.3382536998701661e-05,0.99999997885437064,0.0019174972953141264,-0.99999816133633423,2.2979844520830819e-05,7.76779751132268e-06,0.04330554324100975
5.875,64,-0.00013509911507021216,-3.8813058112001526e-06,0.9999999908665822,-0.00031943174181785059,-0.99999994897400957,-3.9166831491801655e-06,-1.590908682218787e-05,0.04169183473404558
5.875,68,-1.167351160657496e-05,-1.9579698312241445e-06,0.9999999999299477,0.00078080320181360538,-0.99999969517130849,-1.9105265046824542e-06,4.741181908808674e-06,0.04261528370396572
5.875,69,1.023648924341038e-05,5.7650251104372076e-06,0.99999999993098954,0.0014927158052867968,-0.99999888588262453,5.7475443878827225e-06,1.3740689128979081e-05,0.04306197094162134
5.875,72,1.6169698644328346e-06,-1.2384718832787937e-06,0.99999999999792588,-0.00042166398075161725,-0.99999991109897568,-1.2360693683678011e-06,1.4086686251441784e-07,0.0417169381642072
5.875,76,2.2084683293749528e-05,9.6409309497053716e-06,0.99999999970965958,0.00078887968016081063,-0.99999968878849066,9.579762562347002e-06,6.217664234545335e-06,0.04261408105905668
5.875,78,-0.00028518570136672108,1.7261142453256147e-05,0.99999995918558371,-0.005349133607792194,-0.99998569315909103,1.5709180092778182e-05,6.208349928209215e-05,0.039379399927229386
5.875,80,0.00031430938994654297,-3.5506152125311692e-05,0.99999994997445907,-0.005358323741173651,-0.99998564350927499,-3.379387523711429e-05,-4.153713260711823e-06,0.03938610491729817
5.875,83,-4.9870888859653045e-05,3.9058414669361639e-06,0.9999999987488194,-0.0027996283801088565,-0.99999608102611981,3.6517202334056421e-06,-1.2801619851642116e-05,0.040419409633146205
5.875,85,1.2889990004187815e-05,-8.5112488552855659e-06,0.99999999988070343,-0.0044229204042423864,-0.99999021880400518,-8.4507786811516821e-06,2.0545244818085096e-05,0.0397490405110529
5.875,88,6.7188181293118871e-05,-1.7791955385665602e-05,0.99999999758459734,-0.0028117397957063786,-0.99999604689913257,-1.7476531944318197e-05,3.650386255106681e-05,0.040421997958730096
5.899999976158142,57,-0.00017206691599780266,-1.0253486997982107e-05,0.99999998514392108,0.001854160303768559,-0.99999828099405008,-9.9253606957406457e-06,3.137217462802585e-05,0.044768169414880425
5.899999976158142,60,0.00013114889910655945,6.2067841180891506e-07,0.99999999139979046,-0.00031100718224220556,-0.99999995163705124,6.5410686600536038e-07,5.2524923710647545e-06,0.043172714824627624
5.899999976158142,61,0.00019678683746264647,2.2928986647128325e-05,0.99999998037460103,0.0018678771531619753,-0.9999982552616743,2.2551010299780009e-05,8.24394664328944e-06,0.04476454968577671
5.899999976158142,64,-0.00013276390212045436,-4.134430917394127e-06,0.99999999117832639,-0.00031632259297069036,-0.99999994996132158,-4.1679359160235202e-06,-1.5638809140566935e-05,0.043173539073452886
5.899999976158142,68,-1.0111975834148186e-05,-1.8771824435256449e-06,0.99999999994711208,0.00076061598575906744,-0.99999971072993921,-1.8331008931282376e-06,4.522983839116537e-06,0.04408918275349242
5.899999976158142,69,9.7780526288822078e-06,5.6432593798616307e-06,0.99999999993627164,0.001454011220783422,-0.99999894290929481,5.6269591115458984e-06,1.3107774747611275e-05,0.044526874594906084
5.899999976158142,72,1.7119787044987162e-06,-1.2993696506420404e-06,0.99999999999769029,-0.00042562430662212303,-0.99999990942112993,-1.2966897064948491e-06,2.696193343953019e-07,0.043196530652677555
5.899999976158142,76,1.9946821518516597e-05,9.3619783318318022e-06,0.99999999975723874,0.00076836353533963437,-0.99999970476540179,9.3051931897156607e-06,5.703868550268539e-06,0.04408802277062119
5.899999976158142,78,-0.00028956545409719998,1.7266631797958345e-05,0.99999995792685459,-0.0053912101283802036,-0.99998546719816084,1.567889573668019e-05,6.32174713276542e-05,0.04084450840947708
5.899999976158142,80,0.00031948148514522341,-3.5646550223222863e-05,0.99999994833045069,-0.0054002140449397424,-0.99998541816345099,-3.389302215737785e-05,-4.00755396591796e-06,0.040851333013820504
5.899999976158142,83,-5.2160044685612966e-05,3.938615973901449e-06,0.99999999863190869,-0.0028215967827859086,-0.9999960192811197,3.6755468147176025e-06,-1.2162288442154887e-05,0.041893540487824114
5.899999976158142,85,1.3294969282741731e-05,-8.5726636057300951e-06,0.99999999987487664,-0.0044579570997904478,-0.99999006322366912,-8.5099136111998269e-06,2.1110805390430877e-05,0.04121738474325682
5.899999976158142,88,7.0258974906355613e-05,-1.7927371334131148e-05,0.99999999737114298,-0.002833797945578679,-0.99999598463165706,-1.7600181415265505e-05,3.688821765168884e-05,0.041896173439271545
5.925000011920929,57,-0.00016565145016786802,-1.0060633419470894e-05,0.9999999862291904,0.0018044871047224436,-0.99999837186425777,-9.7530804261852544e-06,2.9224630363962868e-05,0.04622691197652351
5.925000011920929,60,0.00012903716614314913,7.6960296546901672e-07,0.99999999167440867,-0.00030741771884471725,-0.99999995274685094,8.0132242214060321e-07,5.380190717480574e-06,0.04465439985589569
5.925000011920929,61,0.00018934074059276694,2.2471968601383943e-05,0.99999998182254701,0.0018179698249107584,-0.99999834724689229,2.2117858780550262e-05,8.73934262473662e-06,0.04622342486052831
5.925000011920929,64,-0.00013032625463250743,-4.3820315496890542e-06,0.99999999149793262,-0.00031335781913022231,-0.9999999508936972,-4.4136745201827479e-06,-1.5291038967421815e-05,0.044655238778348406
5.925000011920929,68,-8.6012251559220265e-06,-1.7965380889529239e-06,0.99999999996139577,0.0007403209351580925,-0.99999972596087772,-1.7556770664442512e-06,4.338526435789242e-06,0.04556303366857525
5.925000011920929,69,9.3291063129412791e-06,5.5210325221953345e-06,0.999999999941243,0.0014150862185500328,-0.99999899874983833,5.5058633424095899e-06,1.2487663628352386e-05,0.04599169776768567
5.925000011920929,72,1.8133899483475694e-06,-1.3588366010969917e-06,0.99999999999743261,-0.00042967677344915182,-0.99999990768801161,-1.3558803109655851e-06,4.0702980958588105e-07,0.04467612459401318
5.925000011920929,76,1.7880038696153193e-05,9.0829632425911117e-06,0.99999999979890197,0.00074773962560235603,-0.99999972040191321,9.0303703143434308e-06,5.182942064737006e-06,0.04556191589818468
5.925000011920929,78,-0.00029379659939828744,1.726354750109613e-05,0.9999999566927632,-0.0054320945467587279,-0.99998524594325855,1.5640852372302341e-05,6.434816504173779e-05,0.04230981157218742
5.925000011920929,80,0.00032449285248552527,-3.5768800351641719e-05,0.99999994671248937,-0.0054409067387070093,-0.9999851975802283,-3.3974878518280499e-05,-3.883706291048739e-06,0.042316752353488876
5.925000011920929,83,-5.4424543244302664e-05,3.9687962256391458e-06,0.99999999851110888,-0.002843235932021358,-0.99999595798971508,3.6968606468873067e-06,-1.1484728903605018e-05,0.04336775772526105
5.925000011920929,85,1.3694991440678742e-05,-8.6296019309242988e-06,0.99999999986898847,-0.0044921300707396255,-0.99998991029613671,-8.5645816002491466e-06,2.1668387546708978e-05,0.04268587097048785
5.925000011920929,88,7.3301058043876341e-05,-1.805277042598925e-05,0.99999999715052634,-0.002855518259492974,-0.99999592284253225,-1.7713890409270537e-05,3.7229297218609044e-05,0.04337043394772418
5.949999988079071,57,-0.00015919459417360141,-9.8574031381139666e-06,0.9999999872799562,0.0017543831480353281,-0.99999846102290901,-9.5699289985054618e-06,2.709511697781517e-05,0.047685495067147546
5.949999988079071,60,0.0001266942345024215,9.1627763930522039e-07,0.99999999197386558,-0.00030404322100685403,-0.99999995377841111,9.4626934133998474e-07,5.364998716505805e-06,0.0461360823044899
5.949999988079071,61,0.00018186159531364632,2.1994049549446723e-05,0.99999998322131078,0.0017676134249367645,-0.99999843753552209,2.1663205524815593e-05,9.224152731348112e-06,0.047682141721904665
5.949999988079071,64,-0.00012762719968192047,-4.622723218266983e-06,0.99999999184496424,-0.00031059544890716409,-0.99999995175440981,-4.6524737024053794e-06,-1.4752240636189774e-05,0.04613693459406562
5.949999988079071,68,-7.1529133729206939e-06,-1.714306242682014e-06,0.99999999997294853,0.000719964483026357,-0.99999974082413268,-1.6765506135659993e-06,4.195523563600324e-06,0.047036811614110954
5.949999988079071,69,8.8874120235595287e-06,5.394091293964969e-06,0.9999999999459589,0.0013758845716146982,-0.99999905345590245,5.380010298959823e-06,1.1876359729222025e-05,0.047456422790262014
5.949999988079071,72,1.9275196643031505e-06,-1.4163654611206565e-06,0.99999999999713918,-0.00043385417917267584,-0.99999990588427268,-1.4131311438372682e-06,5.619956233311219e-07,0.046155727358372915
5.949999988079071,76,1.5900239477037982e-05,8.7962728423513801e-06,0.99999999983490395,0.00072704724796867227,-0.9999997356628535,8.7477099285495894e-06,4.653172660800795e-06,0.0470357365118379
5.949999988079071,78,-0.00029775311217011173,1.7240252752662815e-05,0.99999995552292786,-0.005471302096295697,-0.99998503219323265,1.5584307732937936e-05,6.551795589262888e-05,0.04377537885206027
5.949999988079071,80,0.00032921453111888263,-3.5850319342130577e-05,0.99999994516627211,-0.0054799083865969996,-0.99998498461070118,-3.40177969682094e-05,-3.839460527708644e-06,0.04378242900024631
5.949999988079071,83,-5.6668729765147299e-05,3.9937999156511756e-06,0.99999999838635234,-0.0028645611222923736,-0.99999589712947767,3.7131691149652426e-06,-1.0711191026313851e-05,0.04484211164005226
5.949999988079071,85,1.4089912285370245e-05,-8.6769298050518353e-06,0.99999999986309263,-0.0045251700968515539,-0.99998976132831896,-8.6096580833441237e-06,2.221540709010453e-05,0.04415454978764542
5.949999988079071,88,7.6324479815843886e-05,-1.8157147888553406e-05,0.9999999969224459,-0.0028769079491223451,-0.99999586153322273,-1.780673938506068e-05,3.747569320552644e-05,0.044844828413338325
5.975000023841858,57,-0.00015277368561274251,-9.6487170330663294e-06,0.99999998828355163,0.0017039309273705855,-0.99999854826464507,-9.3806615525814687e-06,2.4995267835370792e-05,0.049143936038310056
5.975000023841858,60,0.00012420610157936059,1.0599053984137664e-06,0.99999999228586045,-0.00030088900964123278,-0.99999995473230885,1.0881782156034617e-06,5.246296396002914e-06,0.04761776024316328
5.975000023841858,61,0.00017443461903695619,2.1506004828540393e-05,0.99999998455502759,0.0017168976363053747,-0.99999852590549676,2.1197641134312755e-05,9.70151514034512e-06,0.049140715715352105
5.975000023841858,64,-0.00012476393140295973,-4.8561676549188257e-06,0.99999999220518954,-0.00030803821313034238,-0.99999995254430152,-4.8840264379730344e-06,-1.4079346487463936e-05,0.047618624801789744
5.975000023841858,68,-5.764987648920635e-06,-1.631724832053425e-06,0.99999999998205114,0.00069953734740676391,-0.99999975532244489,-1.5969412549421478e-06,4.082208863516634e-06,0.04851052081627102
5.975000023841858,69,8.455437550511256e-06,5.2650873810474733e-06,0.99999999995039235,0.001336439611392804,-0.99999910695039174,5.2520469840313132e-06,1.127774621018733e-05,0.048921050798764215
5.975000023841858,72,2.0500300414410508e-06,-1.4719587393443043e-06,0.99999999999681544,-0.00043816106820745575,-0.9999999040063563,-1.4684471342251188e-06,7.285792117704356e-07,0.04763533456707523
5.975000023841858,76,1.400427421247371e-05,8.5069423448124826e-06,0.99999999986575616,0.00070628222782713576,-0.99999975054687151,8.4622273662419173e-06,4.124597303360268e-06,0.048509488216759725
5.975000023841858,78,-0.00030147694183329984,1.7202655142381855e-05,0.99999995440786005,-0.0055089280874282172,-0.99998482562017621,1.55149495843822e-05,6.670512671907522e-05,0.045241184776620876
5.975000023841858,80,0.00033368547851157581,-3.5901842049474331e-05,0.99999994368252809,-0.0055173201653008763,-0.9999847788941566,-3.40323083402305e-05,-3.852451049051088e-06,0.04524833865641991
5.975000023841858,83,-5.8878126874080145e-05,4.0148217965406967e-06,0.99999999825862362,-0.0028855544142298854,-0.99999583677225468,3.7256752289640396e-06,-9.868797591539929e-06,0.046316584048734094
5.975000023841858,85,1.4477459047755592e-05,-8.7169300668968291e-06,0.99999999985720911,-0.0045571112619387432,-0.99998961627717331,-8.6474360023749361e-06,2.2750030089138416e-05,0.04562340427015078
5.975000023841858,88,7.9307120573862125e-05,-1.8245471183584509e-05,0.99999999668874184,-0.0028979529375412895,-0.99999580076565531,-1.7883723393783838e-05,3.7645338767796756e-05,0.04631933913532001
6.0,57,-0.00014645148423424477,-9.4385591601362518e-06,0.99999998923143807,0.0016532392969198055,-0.99999863335675976,-9.1891356740093075e-06,2.294385773470981e-05,0.05060225106867532
6.0,60,0.00012164588719026913,1.1996040809739586e-06,0.99999999260041939,-0.0002979553415368514,-0.99999995561055455,1.2261897415766903e-06,5.06309300816094e-06,0.04909943082911161
6.0,61,0.00016712858151049449,2.1016547858569048e-05,0.99999998581317096,0.0016659372309739641,-0.99999861211074703,2.0729738952286355e-05,1.0164146761620851e-05,0.0505991614893154
6.0,64,-0.00012182022833730537,-5.0816518075120858e-06,0.99999999256700445,-0.00030568343674275991,-0.99999995326577329,-5.1076461831204688e-06,-1.3327468119549261e-05,0.04910030667915779
6.0,68,-4.4350400146104892e-06,-1.5498697574754132e-06,0.99999999998896427,0.00067902510061030772,-0.99999976946127767,-1.5179110182885753e-06,3.982054045501551e-06,0.04998416509692955
6.0,69,8.0349523928163105e-06,5.1361708405568286e-06,0.99999999995452971,0.0012968037248093389,-0.99999915913656789,5.1241202897478479e-06,1.0694667869844208e-05,0.05038557987279637
6.0,72,2.1766431059182197e-06,-1.525519034572458e-06,0.99999999999646749,-0.0004425996224751398,-0.99999990205162448,-1.5217335248022698e-06,9.010675339445718e-07,0.049114940495034995
6.0,76,1.2188124171422968e-05,8.2191758612163487e-06,0.99999999989194743,0.00068543454782176837,-0.99999976505627186,8.1781122324946486e-06,3.611425257290922e-06,0.04998317432372523
6.0,78,-0.00030498692895872324,1.7155300429912472e-05,0.99999995334433334,-0.0055451265163224536,-0.99998462554861856,1.543720574527469e-05,6.788727537256887e-05,0.04670719632190768
6.0,80,0.0003379194381060696,-3.5931295315438192e-05,0.99999994225969602,-0.0055533008979886962,-0.9999845797267829,-3.4026247661054712e-05,-3.9039523261413125e-06,0.04671444895802592
6.0,83,-6.1034827441144877e-05,4.032739283823431e-06,0.99999999812924334,-0.0029061943722167635,-0.99999577700124231,3.735282123486075e-06,-8.982693136989379e-06,0.04779114879105374
6.0,85,1.4854470364621381e-05,-8.7512052659260163e-06,0.99999999985138055,-0.0045880321000171557,-0.99998947488766843,-8.679531859644516e-06,2.3268966664233755e-05,0.047092408394312606
6.0,88,8.2222415609449443e-05,-1.8321261676646141e-05,0.99999999645190285,-0.0029186346110384978,-0.99999574061585983,-1.7948413252341887e-05,3.7752761355816846e-05,0.047793940235073995
6.025000000372529,57,-0.00014697333519969266,-9.4560431234302322e-06,0.999999989154711,0.0016574705359151155,-0.99999862635240089,-9.2050992405480396e-06,2.311155372265373e-05,0.05048072878147032
6.025000000372529,60,0.00012186011559714247,1.1881295233087596e-06,0.99999999257435024,-0.00029819113499224867,-0.99999995554028454,1.2148539849389838e-06,5.080073142017635e-06,0.04897595922367759
6.025000000372529,61,0.00016773149159856376,2.105719455264751e-05,0.99999998571137039,0.0016701909253728528,-0.99999860501449556,2.0768627154804277e-05,1.012734340529979e-05,0.05047762843116125
6.025000000372529,64,-0.00012206643755418251,-5.0631753701628542e-06,0.99999999253707439,-0.00030587173251647406,-0.99999995320828983,-5.0893233865046923e-06,-1.339198883015745e-05,0.04897683415141695
6.025000000372529,68,-4.5438399081345909e-06,-1.5566421711466636e-06,0.99999999998846523,0.00068073783494810105,-0.99999976829681114,-1.5244538286027027e-06,3.990417336115764e-06,0.04986136433453651
6.025000000372529,69,8.0695438467745451e-06,5.1468605766517477e-06,0.99999999995419619,0.001300112930226763,-0.99999915483964441,5.1347294977672559e-06,1.0742618748675433e-05,0.05026353952681489
6.025000000372529,72,2.1660587190875448e-06,-1.5211341315210529e-06,0.99999999999649714,-0.00044222454694926671,-0.99999990221756907,-1.5173712502143774e-06,8.86612618553905e-07,0.04899164061493643
6.025000000372529,76,1.2336704711318056e-05,8.2430033245814164e-06,0.99999999988992916,0.00068717504140477516,-0.99999976386156997,8.2016430662356155e-06,3.653169351207245e-06,0.049860370109815144
6.025000000372529,78,-0.00030470211877362089,1.7159511464991117e-05,0.99999995343108383,-0.0055421625283595113,-0.99998464198006309,1.5443899389956619e-05,6.778949033998555e-05,0.0465850213604601
6.025000000372529,80,0.00033757531621720309,-3.592949020532072e-05,0.99999994237598711,-0.0055503550629507599,-0.99998459608176715,-3.4027346660942632e-05,-3.898634375752532e-06,0.046592265936577816
6.025000000372529,83,-6.085756460702133e-05,4.0313437474761962e-06,0.99999999814005258,-0.0029044883371596264,-0.99999578195788019,3.7345705679231586e-06,-9.057864986950346e-06,0.04766826502120751
6.025000000372529,85,1.4823538596142537e-05,-8.748526995559245e-06,0.99999999985186283,-0.0045854936010625196,-0.99998948653130537,-8.6770331681815583e-06,2.322640315301932e-05,0.04696998614359961
6.025000000372529,88,8.1982724619781064e-05,-1.8315336036129691e-05,0.99999999647169058,-0.0029169254050841857,-0.99999574560305771,-1.7943402176304365e-05,3.774610906748043e-05,0.04767105349760439
6.050000000745058,57,-0.00014749620505273889,-9.4735430237639389e-06,0.9999999890775606,0.0016617007289901728,-0.9999986193318765,-9.2210726835460447e-06,2.3279789173464284e-05,0.050359205680009
6.050000000745058,60,0.00012207437488494699,1.1766234339475246e-06,0.99999999254823135,-0.00029842853938782867,-0.99999995546947817,1.2034870819263775e-06,5.096772340748891e-06,0.048852487541724145
6.050000000745058,61,0.00016833559385378535,2.1097888033955762e-05,0.99999998560900338,0.0016744435772598257,-0.99999859790189305,2.0807555077919134e-05,1.0090281938206093e-05,0.05035609453369226
6.050000000745058,64,-0.00012231270398837616,-5.0446416351510509e-06,0.99999999250707705,-0.00030606150004061292,-0.99999995315032086,-5.0709436755308662e-06,-1.345625228903844e-05,0.04885336154142147
6.050000000745058,68,-4.6529850387333564e-06,-1.5634262743085423e-06,0.99999999998795275,0.00068244995368331419,-0.99999976712983141,-1.5310072608313714e-06,3.998698337660517e-06,0.0497385630839774
6.050000000745058,69,8.1042164786076184e-06,5.1575647313940893e-06,0.99999999995386069,0.0013034211148293922,-0.99999915053310051,5.1453527678784174e-06,1.0790683278807044e-05,0.050141498402310164
6.050000000745058,72,2.1554674614428957e-06,-1.5167350301398744e-06,0.99999999999652678,-0.00044185043556733072,-0.99999990238294689,-1.5129948198578948e-06,8.721523662183714e-07,0.048868340688245936
6.050000000745058,76,1.2485752115728098e-05,8.2668681598888575e-06,0.99999999988788235,0.00068891496407494205,-0.99999976266423096,8.2252098729457858e-06,3.695154593211738e-06,0.04973756539994857
6.050000000745058,78,-0.00030441596507115444,1.7163686194130605e-05,0.99999995351816295,-0.0055391891411081381,-0.99998465845478801,1.5450565481630833e-05,6.769156409995305e-05,0.046462847682545945
6.050000000745058,80,0.00033722965221344989,-3.5927587676479586e-05,0.99999994249268331,-0.0055473998383947978,-0.99998461248016413,-3.4028358080406675e-05,-3.893504888648386e-06,0.04647008416931077
6.050000000745058,83,-6.0679810875652614e-05,4.029933165810265e-06,0.99999999815086005,-0.0029027797249620044,-0.9999957869190883,3.7338455896262833e-06,-9.13284231154565e-06,0.047545381774505145
6.050000000745058,85,1.4792510280040964e-05,-8.7458205359136358e-06,0.99999999985234611,-0.0045829481956347791,-0.99998949820015059,-8.6745066950729744e-06,2.3183706326655457e-05,0.04684756481559099
6.050000000745058,88,8.1742376700596461e-05,-1.8309349081356906e-05,0.99999999649147586,-0.0029152135743756367,-0.99999575059498735,-1.7938331820689649e-05,3.7739054869482654e-05,0.04754816727194656
6.075000002980232,57,-0.00014802005735173581,-9.4910556738648504e-06,0.99999998899999121,0.0016659298051649512,-0.99999861229531772,-9.2370528793035629e-06,2.344853603194043e-05,0.05023768175954469
6.075000002980232,60,0.0001222885979488901,1.1650862202974319e-06,0.99999999252207072,-0.00029866754324903291,-0.99999995539813769,1.1920894193428121e-06,5.1131746074934055e-06,0.0487290157863964
6.075000002980232,61,0.00016894085058989473,2.1138621425426867e-05,0.99999998550607372,0.0016786951108245911,-0.99999859077308084,2.0846515911455023e-05,1.0052986100779494e-05,0.05023455979325019
6.075000002980232,64,-0.00012255894970304314,-5.0260506477733701e-06,0.99999999247702132,-0.00030625272906077976,-0.99999995309186795,-5.0525070711675264e-06,-1.3520226638290364e-05,0.04872988885217301
6.075000002980232,68,-4.7624845404512949e-06,-1.5702212890096931e-06,0.99999999998742661,0.00068416145700574366,-0.9999997659603409,-1.5375705409283354e-06,4.006920987831447e-06,0.04961576135241665
6.075000002980232,69,8.1389706365573055e-06,5.1682816330568926e-06,0.99999999995352296,0.0013067282430949709,-0.99999914621699293,5.155988428285474e-06,1.0838861408376926e-05,0.050019456513960156
6.075000002980232,72,2.1448739242530387e-06,-1.512321694259947e-06,0.9999999999965562,-0.00044147728179869111,-0.99999990254776205,-1.5086041952161892e-06,8.576927636776983e-07,0.04874504071928704
6.075000002980232,76,1.2635280119422326e-05,8.2907672048860044e-06,0.99999999988580635,0.00069065431275672088,-0.99999976146426028,8.248809492418966e-06,3.7373630303239786e-06,0.04961476020165591
6.075000002980232,78,-0.00030412844729963442,1.7167820640796349e-05,0.9999999536055757,-0.0055362063067901203,-0.99998467497297361,1.5457200161097496e-05,6.759350689385919e-05,0.04634067530197061
6.075000002980232,80,0.00033688243001817628,-3.5925580539208983e-05,0.99999994260978886,-0.0055444351723699121,-0.99998462892217876,-3.4029274822749853e-05,-3.888571256148508e-06,0.046347903669290653
6.075000002980232,83,-6.0501580956610065e-05,4.0285066900413801e-06,0.99999999816166496,-0.0029010685493320388,-0.99999579188481391,3.7331063192286155e-06,-9.207614583862993e-06,0.04742249906253858
6.075000002980232,85,1.4761388215376343e-05,-8.7430843655121832e-06,0.99999999985283006,-0.0045803958723542506,-0.99998950989420377,-8.6719509060105156e-06,2.3140879025045206e-05,0.04672514442152255
6.075000002980232,88,8.1501394428077796e-05,-1.8303297437023454e-05,0.99999999651125604,-0.0029134991297638433,-0.99999575559160314,-1.7933198768036077e-05,3.773159784267365e-05,0.04742528156937661
6.100000001490116,57,-0.00014854485797226408,-9.5085781414144245e-06,0.99999998892200603,0.0016701576983661082,-0.99999860524284945,-9.2530369549903045e-06,2.361776897233438e-05,0.050116157015288515
6.100000001490116,60,0.00012250272334967866,1.1535182767313878e-06,0.99999999249587612,-0.00029890813622856767,-0.99999995532626496,1.1806613726735672e-06,5.129264550318441e-06,0.04860554396052403
6.100000001490116,61,0.000169547226388915,2.1179388399631645e-05,0.99999998540258561,0.0016829454555462627,-0.99999858362819172,2.0885503390701357e-05,1.0015477047356168e-05,0.05011302420605244
6.100000001490116,64,-0.00012280510335117479,-5.0074024853906543e-06,0.99999999244691629,-0.00030644541042904337,-0.99999995303293332,-5.0340136284867046e-06,-1.358388197250395e-05,0.04860641608637271
6.100000001490116,68,-4.8723465174102037e-06,-1.577026493486221e-06,0.99999999998688671,0.00068587234552221286,-0.99999976478834307,-1.5441429508775997e-06,4.0151069338200596e-06,0.04949295914606309
6.100000001490116,69,8.1738065696112706e-06,5.1790097429017604e-06,0.99999999995318345,0.0013100342820011183,-0.99999914189137473,5.1666349402383135e-06,1.0887152999392021e-05,0.04989741387474533
6.100000001490116,72,2.1342823015259483e-06,-1.5078940990040853e-06,0.99999999999658551,-0.0004411050796583729,-0.99999990271201833,-1.5041993492483687e-06,8.432392817720377e-07,0.04862174071203966
6.100000001490116,76,1.2785300933812321e-05,8.3146975391396053e-06,0.99999999988370114,0.00069239308503376196,-0.99999976026166271,8.2724390062907924e-06,3.779778363599412e-06,0.049491954521484485
6.100000001490116,78,-0.0003038395472661292,1.7171911170754386e-05,0.9999999536933265,-0.0055332139792386324,-0.99998469153479086,1.5463799896750532e-05,6.749532853356124e-05,0.046218504231981324
6.100000001490116,80,0.00033653363561198229,-3.5923462252950173e-05,0.99999994272730675,-0.0055414610148635237,-0.99998464540800525,-3.403009042717671e-05,-3.883840536665241e-06,0.04622572444910511
6.100000001490116,83,-6.0322888549654769e-05,4.0270635483442167e-06,0.99999999817246588,-0.0028993548231247114,-0.9999957968550065,3.7323519650071551e-06,-9.282171653621229e-06,0.04729961689636263
6.100000001490116,85,1.4730175002934827e-05,-8.7403171069183226e-06,0.99999999985331445,-0.0045778366191827676,-0.99998952161346688,-8.6693644115648339e-06,2.3097923906002647e-05,0.04660272497213611
6.100000001490116,88,8.1259798769983238e-05,-1.8297178044176781e-05,0.99999999653102911,-0.0029117820815100647,-0.99999576059286188,-1.792799991944847e-05,3.772373672135441e-05,0.04730239640066764
6.125,57,-0.00014907057460032376,-9.5261077026172612e-06,0.99999998884360852,0.0016743843464848804,-0.99999859817459036,-9.2690222431943221e-06,2.3787464936795712e-05,0.0499946314423916
6.125,60,0.00012271669429905635,1.1419199855163843e-06,0.99999999246965443,-0.00029915030891711669,-0.99999995525386176,1.1692033066992593e-06,5.145027225178358e-06,0.04848207206667743
6.125,61,0.0001701546875865419,2.1220183074699189e-05,0.99999998529854295,0.0016871945451849566,-0.99999857646735257,2.0924511693368051e-05,9.977773755794386e-06,0.04999148776819094
6.125,64,-0.00012305109900183025,-4.9886972507243302e-06,0.99999999241677007,-0.00030663953592304275,-0.99999995297351896,-5.0154634295898745e-06,-1.3647189947550051e-05,0.04848294324647498
6.125,68,-4.9825781987560432e-06,-1.5838412125116121e-06,0.99999999998633271,0.0006875826202098782,-0.99999976361383991,-1.5507238191126555e-06,4.023275912165805e-06,0.049370156470312294
6.125,69,8.2087244369480789e-06,5.1897476292807265e-06,0.99999999995284161,0.0013133392005565004,-0.99999913755629799,5.17729087213786e-06,1.0935557832771992e-05,0.04977537049621652
6.125,72,2.1236964579894559e-06,-1.5034522287678055e-06,0.99999999999661471,-0.00044073382361057878,-0.99999990287571916,-1.4997802643366524e-06,8.287969638461026e-07,0.04849844067020362
6.125,76,1.293582547601557e-05,8.3386564390269699e-06,0.99999999988156563,0.00069413127905607194,-0.99999975905644223,8.2960956930796266e-06,3.822385666192535e-06,0.04936914836514638
6.125,78,-0.00030354924871138814,1.7175954432943412e-05,0.99999995378141904,-0.0055302121134534156,-0.99998470814040352,1.5470361428113898e-05,6.73970385015271e-05,0.046096334485399564
6.125,80,0.00033618325666408185,-3.5921226806206293e-05,0.99999994284524008,-0.0055384773173073228,-0.99998466193782709,-3.4030798951098488e-05,-3.879319540248344e-06,0.046103546520983106
6.125,83,-6.0143746526303824e-05,4.0256030327561269e-06,0.99999999818326224,-0.0028976385585138603,-0.99999580182961756,3.7315817996739648e-06,-9.356503651481545e-06,0.04717673528661716
6.125,85,1.4698873081753872e-05,-8.7375174992720871e-06,0.9999999998537995,-0.0045752704234473833,-0.9999895333579446,-8.6667459395693496e-06,2.3054843477081234e-05,0.04648030647779124
6.125,88,8.1017609375862677e-05,-1.8290988100200944e-05,0.99999999655079341,-0.0029100624394123721,-0.99999576559872216,-1.792273243419568e-05,3.7715469924222027e-05,0.04717951177620568
6.1500000059604645,57,-0.00014959717634128951,-9.5436418033573959e-06,0.99999998876480178,0.001678609690634963,-0.99999859109065492,-9.2850062438378087e-06,2.395760277864274e-05,0.049873105035930475
6.1500000059604645,60,0.00012293045786571492,1.1302917245589562e-06,0.99999999244341242,-0.00029939405270064525,-0.99999995518092943,1.1577155829953807e-06,5.160448010140949e-06,0.048358600107212095
6.1500000059604645,61,0.00017076320187277877,2.1260999933479886e-05,0.99999998519394928,0.0016914423169787798,-0.99999856929068587,2.0963535359557313e-05,9.939893344200719e-06,0.04986995047562962
6.1500000059604645,64,-0.0001232968752197403,-4.9699350741632779e-06,0.9999999923865901,-0.00030683509811108435,-0.99999995291362587,-4.9968565856252619e-06,-1.3710123468497898e-05,0.04835947033473042
6.1500000059604645,68,-5.0931860618433119e-06,-1.5906648084362022e-06,0.99999999998576472,0.00068929228238229473,-0.99999976243683397,-1.5573125116092527e-06,4.031446045111105e-06,0.04924735332985716
6.1500000059604645,69,8.2437243149505339e-06,5.2004939482335347e-06,0.99999999995249789,0.0013166429694293682,-0.99999913321181244,5.1879548801375987e-06,1.098407561232791e-05,0.04965332638870294
6.1500000059604645,72,2.1131199821989884e-06,-1.4989960763808621e-06,0.9999999999966438,-0.00044036350849688385,-0.99999990303886754,-1.4953469314229873e-06,8.143704959089441e-07,0.04837514059724977
6.1500000059604645,76,1.3086863551460216e-05,8.3626413396348913e-06,0.99999999987940025,0.00069586889346919597,-0.99999975784860273,8.3197769901229554e-06,3.865171164716693e-06,0.049246341737633294
6.1500000059604645,78,-0.00030325753697694075,1.7179947308902656e-05,0.99999995386985663,-0.0055272006652305229,-0.99998472478997025,1.5476881717360076e-05,6.729864603217684e-05,0.04597416607473131
6.1500000059604645,80,0.00033583128223491223,-3.5918868625471061e-05,0.99999994296359063,-0.0055354840321473805,-0.99998467851182304,-3.4031394880997774e-05,-3.875014897870943e-06,0.04598136989689216
6.1500000059604645,83,-5.9964167073357987e-05,4.0241244882955519e-06,0.99999999819405261,-0.0028959197671284431,-0.99999580680860045,3.7307951494060541e-06,-9.430600909674097e-06,0.04705385424362523
6.1500000059604645,85,1.466748475464335e-05,-8.7346843787224838e-06,0.999999999854285,-0.0045726972718409149,-0.9999895451276446,-8.6640943154494344e-06,2.3011640120180522e-05,0.04635788894855821
6.1500000059604645,88,8.0774844800346766e-05,-1.828472501683973e-05,0.99999999657054661,-0.0029083402129036961,-0.99999577060914269,-1.7917393687447139e-05,3.770679557540452e-05,0.047056627706083445
6.174999997019768,57,-0.00015012463339879111,-9.5611780295418909e-06,0.99999998868558904,0.0016828336745518999,-0.99999858399115504,-9.3009865951456839e-06,2.4128162979330342e-05,0.0497515777908935
6.174999997019768,60,0.00012314396433970337,1.118633866140167e-06,0.99999999241715642,-0.0002996393596514888,-0.9999999551074692,1.146198558471409e-06,5.175512499803288e-06,0.048235128084304524
6.174999997019768,61,0.00017137273796494088,2.1301833758855913e-05,0.99999998508880827,0.0016956887110017246,-0.99999856209831006,2.1002569227736774e-05,9.901851319357393e-06,0.04974841232420111
6.174999997019768,64,-0.00012354237433050662,-4.951116107430103e-06,0.99999999235638415,-0.00030703209024866103,-0.99999995285325538,-4.9781932302232028e-06,-1.3772656437634806e-05,0.04823599735321883
6.174999997019768,68,-5.2041759273240923e-06,-1.597496672881839e-06,0.99999999998518241,0.00069100133366510553,-0.99999976125732704,-1.5639084236262705e-06,4.039634074310942e-06,0.04912454972877312
6.174999997019768,69,8.2788062035279353e-06,5.211247428293695e-06,0.99999999995215216,0.0013199455606476022,-0.99999912885796638,5.1986256929515849e-06,1.1032705966573806e-05,0.04953128156147521
6.174999997019768,72,2.1025562288560518e-06,-1.4945256419480821e-06,0.99999999999667277,-0.00043999412948109319,-0.99999990320146692,-1.4908993488292579e-06,7.999642614255659e-07,0.048251840496460016
6.174999997019768,76,1.3238423995951734e-05,8.386649807338323e-06,0.999999999877204,0.00069760592736118872,-0.99999975663814855,8.3434804661901791e-06,3.9081220637921605e-06,0.049123534643304795
6.174999997019768,78,-0.00030296439873825874,1.7183886873366166e-05,0.9999999539586425,-0.0055241795908328528,-0.9999847414836458,1.548335791159139e-05,6.720016017893357e-05,0.04585199901225594
6.174999997019768,80,0.00033547770254747607,-3.5916382503787771e-05,0.99999994308236062,-0.0055324811124869509,-0.9999846951301663,-3.4031873062488292e-05,-3.870933117940266e-06,0.045859194588619395
6.174999997019768,83,-5.9784161806803222e-05,4.0226273039940752e-06,0.9999999982048362,-0.0028941984601602495,-0.99999581179190966,3.7299913848099748e-06,-9.504453896485131e-06,0.04693097377747409
6.174999997019768,85,1.4636012211456833e-05,-8.731816662577815e-06,0.99999999985477117,-0.0045701171504034096,-0.99998955692257674,-8.6614084462751105e-06,2.2968316111891614e-05,0.04623547239429148
6.174999997019768,88,8.0531522684619414e-05,-1.8278386385172237e-05,0.99999999659028715,-0.0029066154111331106,-0.9999957756240837,-1.7911981235007785e-05,3.7697711518618683e-05,0.04693374420017647
6.200000002980232,57,-0.00015065291681697101,-9.5787140821929536e-06,0.99999998860597339,0.0016870562441016761,-0.99999857687619897,-9.3169610492431962e-06,2.4299127422622552e-05,0.04963004970216605
6.200000002980232,60,0.00012335716671551319,1.1069467818339384e-06,0.99999999239089188,-0.00029988622244185267,-0.99999995503348216,1.1346525901296105e-06,5.190206413958295e-06,0.048111655999980754
6.200000002980232,61,0.00017198326534338429,2.1342679580432157e-05,0.99999998498312304,0.0016999336696347945,-0.99999855489034062,2.1041608381969816e-05,9.863661776102976e-06,0.049626873309600056
6.200000002980232,64,-0.00012378754182021463,-4.932240525099171e-06,0.99999999232615877,-0.00030723050619568517,-0.99999995279240872,-4.9594735208256761e-06,-1.3834763542497251e-05,0.04811252430387785
6.200000002980232,68,-5.3155530388605225e-06,-1.6043362220743542e-06,0.99999999998458544,0.00069270977598018507,-0.99999976007532121,-1.5705109750749865e-06,4.04785554975876e-06,0.04900174567058456
6.200000002980232,69,8.3139700298643691e-06,5.2220068571470711e-06,0.99999999995180433,0.0013232469473543997,-0.99999912449480655,5.2093020985169696e-06,1.1081448450951876e-05,0.049409236022874205
6.200000002980232,72,2.0920083532991299e-06,-1.4900409318658206e-06,0.99999999999670164,-0.00043962568200505136,-0.9999999033635204,-1.48643752125725e-06,7.855823866054044e-07,0.04812854037096166
6.200000002980232,76,1.3390514791291442e-05,8.4106795149085892e-06,0.99999999987497734,0.0006993423802224651,-0.9999997554250829,8.3672037966195029e-06,3.951226407548499e-06,0.04900072708595788
6.200000002980232,78,-0.00030266982178324425,1.7187770364735094e-05,0.99999995404777875,-0.0055211488467011511,-0.99998475822158372,1.5489787314714963e-05,6.710158987004917e-05,0.045729833310104454
6.200000002980232,80,0.00033512250878734562,-3.5913763537861172e-05,0.99999994320155117,-0.0055294685117626445,-0.99998471179302784,-3.4032228638736865e-05,-3.867080637689109e-06,0.04573702060784218
6.200000002980232,83,-5.9603741864305405e-05,4.0211109082582541e-06,0.99999999821561225,-0.0028924746484549646,-0.999995816779501,3.7291699162306635e-06,-9.578053160091669e-06,0.046808093898084574
6.200000002980232,85,1.4604457544258472e-05,-8.7289133350563025e-06,0.99999999985525789,-0.0045675300444933641,-0.99998956874275446,-8.658687306451821e-06,2.2924873638321963e-05,0.046113056824696345
6.200000002980232,88,8.0287659900065268e-05,-1.8271969945560659e-05,0.99999999661001338,-0.0029048880430293253,-0.99999578064350614,-1.7906492783089593e-05,3.768821532457979e-05,0.04681086126821108
6.2249999940395355,57,-0.00015118199825609,-9.5962477583784115e-06,0.99999998852595762,0.0016912773468628769,-0.99999856974589341,-9.3329274535282203e-06,2.447047921017057e-05,0.049508520764516846
6.2249999940395355,60,0.00012357002026155162,1.0952308399227728e-06,0.99999999236462511,-0.00030013463427848241,-0.9999999549589691,1.1230780323486648e-06,5.204515517679452e-06,0.047988183856138726
6.2249999940395355,61,0.00017259475402363108,2.1383532630709813e-05,0.99999998487689767,0.0017041771371172085,-0.999998547666891,2.1080648108558291e-05,9.825337555876598e-06,0.04950533342737682
6.2249999940395355,64,-0.00012403232584046875,-4.9133085189548228e-06,0.99999999229592063,-0.00030743034035643138,-0.99999995273108666,-4.9406976328900451e-06,-1.3896420077528774e-05,0.04798905118852268
6.2249999940395355,68,-5.4273221248038494e-06,-1.6111828937752363e-06,0.99999999998397404,0.00069441761153526374,-0.99999975889081771,-1.5771196074858337e-06,4.056124984001591e-06,0.04887894115831733
6.2249999940395355,69,8.3492156524151665e-06,5.2327710704573237e-06,0.99999999995145439,0.0013265471036008627,-0.99999912012237968,5.2199829328219518e-06,1.1130302548150602e-05,0.04928718978041519
6.2249999940395355,72,2.081479339684118e-06,-1.4855419587261537e-06,0.99999999999673028,-0.00043925816175609418,-0.99999990352503099,-1.4819614596792753e-06,7.712287772991898e-07,0.04800524022375295
6.2249999940395355,76,1.3543143160337155e-05,8.4347282226236475e-06,0.99999999987271937,0.00070107825191570363,-0.99999975420940823,8.3909447444543723e-06,3.994472963781869e-06,0.048877919068881656
6.2249999940395355,78,-0.00030237379482829187,1.7191595152280515e-05,0.9999999541372675,-0.0055181083891769423,-0.99998477500393679,1.5496167355819892e-05,6.700294395891862e-05,0.04560766898032776
6.2249999940395355,80,0.00033476569294327188,-3.5911007076857637e-05,0.9999999433211636,-0.0055264461834430983,-0.99998472850057729,-3.4032457000323084e-05,-3.863463866059347e-06,0.045614847966189816
6.2249999940395355,83,-5.9422917980991787e-05,4.0195747575100886e-06,0.99999999822637997,-0.0028907483425839116,-0.99999582177133095,3.7283301823554192e-06,-9.651389277845e-06,0.046685214615269754
6.2249999940395355,85,1.4572822763858605e-05,-8.7259734376547057e-06,0.99999999985574506,-0.0045649359387388219,-0.99998958058819298,-8.6559299280199922e-06,2.2881314808567167e-05,0.04599064224938348
6.2249999940395355,88,8.0043272669150733e-05,-1.8265473562360165e-05,0.9999999966297235,-0.002903158117356966,-0.99999578566737102,-1.7900926162867357e-05,3.767830429420727e-05,0.04668797891981954
6.25,57,-0.00015171184980556024,-9.6137769321195773e-06,0.99999998844554494,0.0016954969317719856,-0.99999856260034337,-9.348883731952059e-06,2.4642202510450902e-05,0.04938699097258296
6.25,60,0.00012378248215718502,1.0834864116836543e-06,0.99999999233836145,-0.00030038458885183454,-0.99999995488393068,1.1114752430586782e-06,5.218425547000556e-06,0.047864711654569576
6.25,61,0.00017320717436253202,2.1424388306618075e-05,0.99999998477013496,0.0017084190591668655,-0.99999854042807357,2.1119683857975089e-05,9.786890378256293e-06,0.049383792672927924
6.25,64,-0.00012427667678632551,-4.8943203013394329e-06,0.99999999226567649,-0.00030763158763260506,-0.99999995266928976,-4.9218657631055418e-06,-1.3957601785054336e-05,0.047865578008868155
6.25,68,-5.539487453205758e-06,-1.6180361399078632e-06,0.99999999998334799,0.00069612484282015926,-0.99999975770381799,-1.5837337766630721e-06,4.06445598036687e-06,0.048756136194539494
6.25,69,8.3845428632614571e-06,5.2435389436818244e-06,0.99999999995110234,0.0013298460041710873,-0.99999911574073164,5.2306670717249063e-06,1.1179267669851593e-05,0.04916514284087091
6.25,72,2.0709720251697943e-06,-1.4810287403686526e-06,0.9999999999967587,-0.0004388915646421578,-0.99999990368600111,-1.4774711803779248e-06,7.569071506915265e-07,0.04788194005772877
6.25,76,1.3696315645491546e-05,8.4587937602081961e-06,0.99999999987042998,0.00070281354265558284,-0.99999975299112809,8.4147011424079652e-06,4.037851130748908e-06,0.04875511059490003
6.25,78,-0.00030207630735985526,1.7195358717681973e-05,0.99999995422711108,-0.0055150581742412852,-0.99998479183085942,1.5502495571732927e-05,6.690423126823736e-05,0.045485506034960745
6.25,80,0.00033440724766352955,-3.5908108683225399e-05,0.99999994344119847,-0.0055234140807418038,-0.99998474525298553,-3.4032553747016037e-05,-3.860089224623679e-06,0.04549267667530425
6.25,83,-5.9241700552698253e-05,4.0180183368898792e-06,0.99999999823713825,-0.0028890195529102406,-0.99999582676735643,3.7274716508870487e-06,-9.724452810530113e-06,0.04656233593879222
6.25,85,1.4541109810017133e-05,-8.7229960591052408e-06,0.99999999985623267,-0.0045623348169772033,-0.99998959245891195,-8.6531353905733761e-06,2.28376416654021e-05,0.0458682286779237
6.25,88,7.9798376665511306e-05,-1.825889520759371e-05,0.99999999664941597,-0.0029014256427617601,-0.99999579069564015,-1.7895279314037144e-05,3.766797545685051e-05,0.04656509716459519
6.2750000059604645,57,-0.00015224244381309196,-9.6312995403423267e-06,0.99999998836473813,0.0016997149488054313,-0.9999985554396531,-9.3648278713130342e-06,2.4814282432427936e-05,0.049265460320854174
6.2750000059604645,60,0.00012399451117942877,1.0717138701278882e-06,0.99999999231210623,-0.00030063608029854566,-0.99999995480836779,1.0998445823854059e-06,5.231922139602542e-06,0.0477412393969725
6.2750000059604645,61,0.00017382049688205716,2.146524213766275e-05,0.9999999846628389,0.0017126593826389852,-0.99999853317399823,2.1158711213381807e-05,9.748330945419864e-06,0.04926225104148574
6.2750000059604645,64,-0.0001245205469368467,-4.8752761002321987e-06,0.99999999223543246,-0.00030783424338729442,-0.99999995260701857,-4.9029781243597393e-06,-1.4018284715338425e-05,0.047742104766541026
6.2750000059604645,68,-5.6520528737186254e-06,-1.6248954258548662e-06,0.99999999998270694,0.00069783147260689437,-0.99999975651432371,-1.5903529520121052e-06,4.072861339448213e-06,0.048633330781393556
6.2750000059604645,69,8.4199513891298972e-06,5.2543093832751685e-06,0.9999999999507484,0.0013331436244252335,-0.99999911134990749,5.2413534221627685e-06,1.1228343154881968e-05,0.04904309521033981
6.2750000059604645,72,2.0604891196286594e-06,-1.4765012988498959e-06,0.99999999999678724,-0.0004385258867719754,-0.99999990384643389,-1.4729667039060976e-06,7.426210615068343e-07,0.04775863987569933
6.2750000059604645,76,1.3850038171543793e-05,8.4828740134225926e-06,0.99999999986810861,0.00070454825299325497,-0.9999997517702448,8.4384708794783649e-06,4.08135085629616e-06,0.048632301666405475
6.2750000059604645,78,-0.00030177734949657939,1.7199058636988263e-05,0.99999995431731081,-0.0055119981572500894,-0.9999848087025085,1.5508769589874857e-05,6.680546063121146e-05,0.04536334448607996
6.2750000059604645,80,0.00033404716613709569,-3.5905064094211651e-05,0.99999994356165711,-0.0055203721563429689,-0.99998476205042408,-3.4032514650095451e-05,-3.856963186496332e-06,0.04537050674689038
6.2750000059604645,83,-5.9060099691227191e-05,4.0164411538272563e-06,0.99999999824788643,-0.0028872882896433549,-0.99999583176753548,3.726593812091995e-06,-9.79723425875614e-06,0.04643945787841139
6.2750000059604645,85,1.4509320563007143e-05,-8.719980326020435e-06,0.99999999985672083,-0.0045597266621836084,-0.99998960435493445,-8.6503028118551841e-06,2.279385619389205e-05,0.04574581611989234
6.2750000059604645,88,7.9552987100214636e-05,-1.8252232937638278e-05,0.99999999666908912,-0.0028996906278143868,-0.99999579572827546,-1.788955026139831e-05,3.765722556494883e-05,0.046442216012137806
6.300000011920929,57,-0.00015277375273498205,-9.648813568935619e-06,0.99999998828354042,0.0017039313486994741,-0.99999854826392653,-9.3807579076200814e-06,2.4986704920632806e-05,0.04914392880365591
6.300000011920929,60,0.00012420606742728478,1.0599135908008141e-06,0.99999999228586467,-0.0003008891031745764,-0.99999995473228076,1.0881864133669787e-06,5.2449907673818245e-06,0.04761776708496962
6.300000011920929,61,0.00017443469211390268,2.1506089756584374e-05,0.99999998455501304,0.0017168980552251354,-0.99999852590477578,2.1197725861616039e-05,9.709669029654725e-06,0.049140708528106036
6.300000011920929,64,-0.00012476389013543735,-4.8561761617012311e-06,0.99999999220519475,-0.00030803830342279731,-0.99999995254427376,-4.8840349480928131e-06,-1.4078445095875644e-05,0.04761863146309573
6.300000011920929,68,-5.7650218567101079e-06,-1.6317602260810337e-06,0.99999999998205102,0.00069953750395495152,-0.9999997553223352,-1.5969766121881021e-06,4.0813531507655044e-06,0.04851052492061987
6.300000011920929,69,8.4554408933268314e-06,5.2650813202354995e-06,0.99999999995039235,0.0013364399401620641,-0.99999910694995231,5.2520409157002652e-06,1.1277528269874e-05,0.04892104689430053
6.300000011920929,72,2.0500332239399662e-06,-1.4719596615243205e-06,0.99999999999681521,-0.00043816112444215738,-0.99999990400633176,-1.4684480561589523e-06,7.283739253964721e-07,0.04763533968040925
6.300000011920929,76,1.40043161044012e-05,8.5069669100071147e-06,0.99999999986575527,0.00070628238380906062,-0.99999975054676116,8.4622518869147325e-06,4.124962570659166e-06,0.04850949228538433
6.300000011920929,78,-0.00030147691186373899,1.7202692556850246e-05,0.99999995440786837,-0.0055089282926662703,-0.99998482561904478,1.5514987105311221e-05,6.670664093063945e-05,0.0452411843458616
6.300000011920929,80,0.00033368544197581105,-3.5901869185130297e-05,0.99999994368253931,-0.0055173203621040499,-0.99998477889307003,-3.4032335616417404e-05,-3.854092312526472e-06,0.04524833819277193
6.300000011920929,83,-5.8878125270652204e-05,4.0148427327265379e-06,0.99999999825862373,-0.0028855545628878221,-0.99999583677182569,3.7256961734739905e-06,-9.869724020638272e-06,0.04631658044393377
6.300000011920929,85,1.4477456851032758e-05,-8.7169253981704386e-06,0.99999999985720922,-0.0045571114563758069,-0.99998961627628713,-8.6474313430093016e-06,2.2749960329723656e-05,0.04562340458491786
6.300000011920929,88,7.9307118795219475e-05,-1.8245484882518237e-05,0.99999999668874162,-0.0028979530810433469,-0.9999958007652392,-1.7883737104072601e-05,3.7646051085053036e-05,0.04631933547210221
6.324999988079071,57,-0.00015330574899252418,-9.6663170409877777e-06,0.99999998820195479,0.0017081460826846083,-0.99999854107326713,-9.3966719146243553e-06,2.5159456664791605e-05,0.04902239641513078
6.324999988079071,60,0.00012441711207549806,1.0480859550773942e-06,0.99999999225964187,-0.00030114365243702604,-0.99999995465566971,1.0765011051745299e-06,5.257616668756529e-06,0.047494294720118554
6.324999988079071,61,0.00017504973045028862,2.1546926872765412e-05,0.99999998444666072,0.0017211350251736136,-0.99999851862051614,2.1236723566917263e-05,9.670913545381257e-06,0.0490191651276537
6.324999988079071,64,-0.00012500666150822213,-4.837020747091009e-06,0.99999999217496882,-0.00030824376396296329,-0.99999995248105555,-4.8650364813973047e-06,-1.4138059208638376e-05,0.0474951581000246
6.324999988079071,68,-5.8783975236088548e-06,-1.6386300211044244e-06,0.99999999998137967,0.00070124294022108776,-0.99999975412785358,-1.6036042420952456e-06,4.0899428702734784e-06,0.04838771861357447
6.324999988079071,69,8.4910109758158175e-06,5.2758537033334574e-06,0.99999999995003397,0.0013397349274917639,-0.99999910254091107,5.2627285017635328e-06,1.1326822207096992e-05,0.04879899789765623
6.324999988079071,72,2.0396068445278199e-06,-1.4674038590780222e-06,0.9999999999968433,-0.00043779727412768108,-0.99999990416569728,-1.4639152664004022e-06,7.141690393136899e-07,0.04751203947455317
6.324999988079071,76,1.4159154294875214e-05,8.5310704080622135e-06,0.99999999986336952,0.00070801593631099238,-0.99999974932067914,8.4860421266247201e-06,4.168677128370563e-06,0.04838668245343565
6.324999988079071,78,-0.00030117498548514154,1.7206258182816151e-05,0.9999999544987852,-0.0055058485337733292,-0.99998484258063491,1.5521145869771956e-05,6.660778113752842e-05,0.04511902562663828
6.324999988079071,80,0.00033332206912157873,-3.5898519946611429e-05,0.99999994380384571,-0.0055142586487725116,-0.99998479578110411,-3.4032012666312073e-05,-3.8514832897176725e-06,0.045126171024944886
6.324999988079071,83,-5.8695786971262055e-05,4.0132226133833194e-06,0.99999999826934938,-0.0028838183826891137,-0.99999584178018541,3.7247782581742419e-06,-9.94191234961151e-06,0.04619370364525933
6.324999988079071,85,1.4445520458217822e-05,-8.713830460003468e-06,0.99999999985769816,-0.0045544891805097574,-0.99998962822300164,-8.6445201600679205e-06,2.2705955964983226e-05,0.04550099408272682
6.324999988079071,88,7.9060786250303273e-05,-1.8238649228403833e-05,0.99999999670837181,-0.0028962130109721463,-0.9999958058064935,-1.7877837997927216e-05,3.763444818359926e-05,0.04619645555424367
6.3499999940395355,57,-0.00015383840483867178,-9.6838080053855309e-06,0.99999998811998447,0.0017123591022374222,-0.99999853386777959,-9.41256799269731e-06,2.5332525023858374e-05,0.04890086314921791
6.3499999940395355,60,0.00012462760714808104,1.0362313494724136e-06,0.99999999223344294,-0.0003013997234343157,-0.99999995457853541,1.0647890323552767e-06,5.2697847803414764e-06,0.047370822303923706
6.3499999940395355,61,0.00017566558200328441,2.1587749247863407e-05,0.99999998433778592,0.0017253702410195634,-0.99999851132132989,2.1275700146866104e-05,9.632072604687653e-06,0.04889762083478616
6.3499999940395355,64,-0.00012524881720052842,-4.8178101337491821e-06,0.9999999921447611,-0.00030845062164916025,-0.99999995241736417,-4.8459829876648083e-06,-1.4197103270335574e-05,0.047371684678769954
6.3499999940395355,68,-5.9921826760186274e-06,-1.6455042961582953e-06,0.999999999980693,0.00070294778507365592,-0.99999975293087884,-1.6102353315744393e-06,4.09864138885732e-06,0.048264911861240836
6.3499999940395355,69,8.5266611735296706e-06,5.2866254928852909e-06,0.9999999999496737,0.0013430285627144313,-0.9999990981228285,5.2734151414182174e-06,1.1376224082913076e-05,0.048676948224769985
6.3499999940395355,72,2.0292124091321829e-06,-1.4628339264449263e-06,0.99999999999687128,-0.00043743433247792204,-0.99999990432453301,-1.459368368171169e-06,7.000096002666333e-07,0.04738873926079223
6.3499999940395355,76,1.4314557122739517e-05,8.555182485030764e-06,0.99999999986095112,0.00070974891203636902,-0.99999974809200054,8.5098395801813068e-06,4.2124857576712175e-06,0.04826387217178458
6.3499999940395355,78,-0.00030087156167270805,1.7209753264332329e-05,0.99999995459006297,-0.0055027588323791343,-0.99998485958745253,1.5527243677384513e-05,6.650889034943319e-05,0.044996868340958
6.3499999940395355,80,0.0003329570417446282,-3.5895012450360344e-05,0.99999994392557667,-0.0055111869656552766,-0.99998481271471518,-3.4031541900052283e-05,-3.849142968993881e-06,0.04500400525563219
6.3499999940395355,83,-5.8513094314334805e-05,4.0115803469348706e-06,0.99999999828006259,-0.0028820797590758626,-0.99999584679257314,3.7238396009270465e-06,-1.0013789310608295e-05,0.046070827492430313
6.3499999940395355,85,1.4413513132506701e-05,-8.7106947155407144e-06,0.99999999985818722,-0.0045518598143501274,-0.99998964019511394,-8.6415684588178723e-06,2.2661844954312293e-05,0.04537858462319068
6.3499999940395355,88,7.8814003703363999e-05,-1.8231724206117834e-05,0.99999999672797857,-0.002894470426148522,-0.99999581085200007,-1.7871851144026501e-05,3.762241271013087e-05,0.04607357626846481
6.375,57,-0.00015437169222051728,-9.7012845259043045e-06,0.99999998803763268,0.0017165703588409916,-0.99999852664756861,-9.4284442582095674e-06,2.5505897960325313e-05,0.04877932899963034
6.375,60,0.0001248375153073616,1.0243501678272912e-06,0.99999999220727265,-0.00030165731190606422,-0.99999995450087764,1.0530505769562216e-06,5.281479663520388e-06,0.04724734983784472
6.375,61,0.00017628221645881251,2.1628552672908795e-05,0.99999998422839287,0.0017296036513317133,-0.99999850400732837,2.1314651449799025e-05,9.593153566188424e-06,0.04877607564393435
6.375,64,-0.00012549031413907569,-4.7985446142413419e-06,0.99999999211457746,-0.00030865887354099151,-0.99999995235319938,-4.8268747457282074e-06,-1.4255553313485541e-05,0.04724821120073203
6.375,68,-6.1063798166846654e-06,-1.6523825367454377e-06,0.99999999997999089,0.0007046520425123174,-0.99999975173141142,-1.6168693709884819e-06,4.107459091523278e-06,0.04814210466423522
6.375,69,8.5623909585115825e-06,5.2973956558681337e-06,0.99999999994931166,0.0013463208222067285,-0.99999909369575035,5.2840998024918787e-06,1.142573293536589e-05,0.04855489787949191
6.375,72,2.0188522773960123e-06,-1.4582499016922681e-06,0.99999999999689881,-0.00043707229631563386,-0.99999990448284104,-1.4548073981691779e-06,6.858987218766561e-07,0.04726543904176703
6.375,76,1.4470528527001002e-05,8.5793011269296748e-06,0.99999999985849974,0.00071148131286246177,-0.99999974686072712,8.5336422380864525e-06,4.256380015474846e-06,0.04814106144128902
6.375,78,-0.00030056663192894818,1.7213175579043769e-05,0.99999995468170222,-0.0054996591384773811,-0.99998487663968094,1.5533278349646031e-05,6.64099778310147e-05,0.04487471250164654
6.375,80,0.00033259035415246859,-3.5891342828708217e-05,0.99999994404773251,-0.0055081052602843393,-0.99998482969410007,-3.4030919478050147e-05,-3.847078404814725e-06,0.04488184089734241
6.375,83,-5.8330056699731626e-05,4.0099154939627246e-06,0.99999999829076247,-0.0028803387021003571,-0.99999585180894701,3.7228797461554754e-06,-1.0085344734201843e-05,0.045947951995680594
6.375,85,1.4381436590080889e-05,-8.7075173825786809e-06,0.99999999985867671,-0.0045492233363201746,-0.99998965219266711,-8.6385754489872563e-06,2.261762912031326e-05,0.04525617621637465
6.375,88,7.8566785182645647e-05,-1.8224708078188765e-05,0.99999999674756024,-0.0028927253351767814,-0.99999581590172126,-1.7865774775643255e-05,3.760994017529476e-05,0.04595069762486338
6.4000000059604645,57,-0.00015490558265030446,-9.7187446717879301e-06,0.99999998795490319,0.0017207798037351041,-0.99999851941274009,-9.4442988343899301e-06,2.5679563983629247e-05,0.04865779395982832
6.4000000059604645,60,0.00012504679965177209,1.0124428109527565e-06,0.99999999218113644,-0.00030191641398907712,-0.99999995442269629,1.041286128107754e-06,5.292685426658647e-06,0.04712387732330795
6.4000000059604645,61,0.00017689960294081696,2.166933294500502e-05,0.99999998411848523,0.001733835204450179,-0.99999849667862439,2.1353573331812656e-05,9.554163069736839e-06,0.04865452954927999
6.4000000059604645,64,-0.00012573110979715389,-4.7792244944841183e-06,0.99999999208442347,-0.00030886851712622976,-0.99999995228856142,-4.8077120479239451e-06,-1.431338506292672e-05,0.047124737667278274
6.4000000059604645,68,-6.2209911722008002e-06,-1.6592642285137028e-06,0.99999999997927302,0.00070635571689211195,-0.99999975052945145,-1.6235058511265009e-06,4.116405910727819e-06,0.04801929702280816
6.4000000059604645,69,8.5981997383364303e-06,5.3081631594579078e-06,0.99999999994894728,0.0013496116823023918,-0.99999908925972147,5.2947814531159995e-06,1.147534772068818e-05,0.04843284686517945
6.4000000059604645,72,2.0085287545375062e-06,-1.4536518261775628e-06,0.99999999999692635,-0.00043671116264094493,-0.99999990464062416,-1.4502323963991326e-06,6.718394507595675e-07,0.04714213882011312
6.4000000059604645,76,1.4627072039658758e-05,8.6034243190813705e-06,0.99999999985601484,0.00071321314101980963,-0.99999974562686045,8.5574480905315167e-06,4.300351747392159e-06,0.048018250262441914
6.4000000059604645,78,-0.00030026018784710875,1.7216522920822863e-05,0.99999995477370451,-0.0054965493998794948,-0.99998489373751365,1.5539247724140556e-05,6.631105305559462e-05,0.04475255812187326
6.4000000059604645,80,0.00033222200070065765,-3.5887507243726714e-05,0.99999994417031302,-0.0055050134780255545,-0.99998484671946719,-3.4030141590623935e-05,-3.845296899715937e-06,0.04475967796293417
6.4000000059604645,83,-5.8146683436539392e-05,4.0082276193964965e-06,0.9999999983014487,-0.0028785952218777829,-0.99999585682926506,3.7218982428856141e-06,-1.0156568167255974e-05,0.04582507716549013
6.4000000059604645,85,1.4349292522004933e-05,-8.7042976867529912e-06,0.99999999985916643,-0.004546579723320841,-0.99998966421570923,-8.6355403482861345e-06,2.2573310257735938e-05,0.045133768872590734
6.4000000059604645,88,7.8319144560173124e-05,-1.8217599126926719e-05,0.99999999676711537,-0.0028909777467470955,-0.9999958209556189,-1.7859607146291718e-05,3.7597025724030754e-05,0.04582781963378589
6.425000011920929,57,-0.00015544004706080644,-9.7361865052033977e-06,0.99999998787179922,0.0017249873876700893,-0.99999851216340241,-9.4601298390906857e-06,2.5853512099746524e-05,0.048536258022989734
6.425000011920929,60,0.00012525542351320474,1.0005096906954282e-06,0.99999999215503887,-0.00030217702623277527,-0.99999995434399136,1.0294960860302544e-06,5.303385639581325e-06,0.047000404761712154
6.425000011920929,61,0.00017751770985635038,2.1710085844579743e-05,0.99999998400806733,0.0017380648482205993,-0.99999848933533197,2.1392461634359263e-05,9.515107064629919e-06,0.04853298254472952
6.425000011920929,64,-0.00012597116196611793,-4.7598500988992296e-06,0.99999999205430501,-0.00030907955033908206,-0.99999995222344984,-4.7884952051772224e-06,-1.437057380795185e-05,0.047001264079750714
6.425000011920929,68,-6.3360187095850956e-06,-1.6661488517255476e-06,0.99999999997853939,0.00070805881295569627,-0.9999997493249988,-1.6301442577083249e-06,4.125491374234884e-06,0.04789648893683967
6.425000011920929,69,8.6340868530599518e-06,5.3189269661699002e-06,0.9999999999485808,0.0013529011191775915,-0.99999908481478805,5.3054590568760311e-06,1.1525067309308206e-05,0.04831079518471087
6.425000011920929,72,1.9982441016477218e-06,-1.449039744608201e-06,0.99999999999695377,-0.00043635092863794829,-0.99999990479788414,-1.4456434062269308e-06,6.578347817743953e-07,0.04701883859847359
6.425000011920929,76,1.4784190810910681e-05,8.6275500332151994e-06,0.99999999985349664,0.00071494439911383618,-0.9999997443904014,8.5812551145357788e-06,4.344393051699576e-06,0.04789543863536784
6.425000011920929,78,-0.00029995222101109032,1.7219793087442784e-05,0.99999995486607096,-0.0054934295617935355,-0.99998491088115815,1.5545149642918277e-05,6.621212575197144e-05,0.04463040521522485
6.425000011920929,80,0.00033185197570091739,-3.5883501868699005e-05,0.99999994429331873,-0.0055019115616546325,-0.99998486379103801,-3.4029204440144964e-05,-3.843806050534997e-06,0.04463751646568562
6.425000011920929,83,-5.7962983777331e-05,4.0065162930744527e-06,0.99999999831212016,-0.002876849328627125,-0.99999586185348543,3.7208946453126168e-06,-1.0227448817966684e-05,0.04570220301264181
6.425000011920929,85,1.4317082600294343e-05,-8.7010348562035086e-06,0.99999999985965649,-0.0045439289505222096,-0.99998967626429691,-8.6324623770490374e-06,2.2528890138197355e-05,0.045011362602453836
6.425000011920929,88,7.8071095601623384e-05,-1.821039564347089e-05,0.99999999678664275,-0.0028892276696679113,-0.99999582601365433,-1.7853346518741849e-05,3.7583664102463365e-05,0.045704942305883095
6.449999988079071,57,-0.00015597505566344565,-9.7536080727806973e-06,0.99999998778832444,0.0017291930606387436,-0.99999850489966524,-9.4759353766409987e-06,2.6027731769296264e-05,0.048414721181975116
6.449999988079071,60,0.00012546335025939343,9.885512285111586e-07,0.99999999212898527,-0.00030243914562385748,-0.99999995426476274,1.0176808605514473e-06,5.3135632363466985e-06,0.046876932154439645
6.449999988079071,61,0.00017813650473815675,2.1750807112526485e-05,0.99999998389714395,0.0017422925297132903,-0.99999848197756769,2.1431312161743976e-05,9.475990827883643e-06,0.04841143462388329
6.449999988079071,64,-0.00012621042852707323,-4.7404217630184473e-06,0.99999999202422807,-0.00030929197158898294,-0.99999995215786441,-4.7692245395393154e-06,-1.4427094262240426e-05,0.046877790439475146
6.449999988079071,68,-6.4514641534194895e-06,-1.6730358815745113e-06,0.99999999997778977,0.0007097613358721021,-0.9999997481180517,-1.6367840717366115e-06,4.134724648896291e-06,0.0477736804058287
6.449999988079071,69,8.6700515720234479e-06,5.3296860276069383e-06,0.9999999999482122,0.0013561891087241153,-0.99999908036099727,5.316131566569092e-06,1.1574890480942823e-05,0.048188742840492606
6.449999988079071,72,1.9880005477011686e-06,-1.4444137038845852e-06,0.99999999999698064,-0.00043599159168832707,-0.99999990495462321,-1.4410404732159384e-06,6.438876727935144e-07,0.046895538379516086
6.449999988079071,76,1.4941887631898774e-05,8.6516762192946971e-06,0.99999999985094423,0.00071667509015283003,-0.99999974315135121,8.6050612658143108e-06,4.388496244940254e-06,0.04777262655981437
6.449999988079071,78,-0.00029964272289577121,1.7222983860964242e-05,0.99999995495880256,-0.0054902995663433998,-0.99998492807083783,1.5550981933598253e-05,6.611320595597169e-05,0.04450825379578809
6.449999988079071,80,0.00033148027332414727,-3.587932285543624e-05,0.99999994441674978,-0.0054987994508558912,-0.99998488090905036,-3.4028104209080621e-05,-3.842613802292634e-06,0.04451535641937507
6.449999988079071,83,-5.7778966948036887e-05,4.0047810826326065e-06,0.9999999983227762,-0.0028751010327146367,-0.99999586688156572,3.7198685057067429e-06,-1.0297975494809445e-05,0.045579329548287896
6.449999988079071,85,1.4284808481462995e-05,-8.6977281168219028e-06,0.99999999986014687,-0.0045412709911092173,-0.99998968833849489,-8.6293407534758526e-06,2.2484370514550722e-05,0.04488895741694829
6.449999988079071,88,7.7822652015333314e-05,-1.8203095913401633e-05,0.99999999680614116,-0.0028874751128985083,-0.99999583107578871,-1.7846991150609006e-05,3.7569849618656034e-05,0.045582065652175575
6.4749999940395355,57,-0.00015651057777924077,-9.7710073931597218e-06,0.99999998770448306,0.0017333967715866634,-0.99999849762164117,-9.4917135257641143e-06,2.6202212868050868e-05,0.0482931834292874
6.4749999940395355,60,0.00012567054308143907,9.765678576218887e-07,0.99999999210298052,-0.00030270276962068241,-0.99999995418500975,1.0058408732010953e-06,5.323200406725289e-06,0.04675345950286242
6.4749999940395355,61,0.00017875595406821598,2.1791492424767292e-05,0.99999998378571975,0.001746518194914866,-0.99999847460545099,2.1470120656088168e-05,9.436818974060671e-06,0.04828988577999941
6.4749999940395355,64,-0.00012644886721150533,-4.7209398387745988e-06,0.99999999199419842,-0.00030950577979891534,-0.99999995209180426,-4.749900389407536e-06,-1.4482920410904039e-05,0.0467543167477668
6.4749999940395355,68,-6.5673289974378761e-06,-1.6799247842724044e-06,0.99999999997702393,0.00071146329128498437,-0.99999974690861015,-1.6434247656288065e-06,4.144114581930447e-06,0.04765087142887748
6.4749999940395355,69,8.7060930919931233e-06,5.3404392785114683e-06,0.99999999994784172,0.0013594756264151617,-0.99999907589839643,5.3267979182643038e-06,1.1624815918154037e-05,0.04806668983446014
6.4749999940395355,72,1.9778003010763825e-06,-1.4397737542094135e-06,0.99999999999700762,-0.00043563314938718198,-0.99999990511084347,-1.4364236462302053e-06,6.300010605747312e-07,0.04677223816594659
6.4749999940395355,76,1.5100164956113316e-05,8.675800792989727e-06,0.99999999984835775,0.00071840521758472886,-0.99999974190970975,8.6288644662964092e-06,4.432653830249467e-06,0.04764981403513705
6.4749999940395355,78,-0.00029933168475877552,1.7226093002502381e-05,0.9999999550519012,-0.005487159352001782,-0.99998494530679494,1.5556742404926412e-05,6.601430406736793e-05,0.04438610387824519
6.4749999940395355,80,0.00033110688750517922,-3.5874966313365895e-05,0.99999994454060637,-0.0054956770816455176,-0.99998489807376012,-3.4026837039824798e-05,-3.841728508661375e-06,0.04439319783837122
6.4749999940395355,83,-5.759464218200363e-05,4.0030215547996996e-06,0.99999999833341657,-0.0028733503446972362,-0.99999587191346306,3.7188193757259368e-06,-1.0368136536824593e-05,0.04545645678402408
6.4749999940395355,85,1.4252471814056984e-05,-8.6943766849945114e-06,0.99999999986063759,-0.0045386058159780389,-0.99998970043837787,-8.6261746863475338e-06,2.243975312429702e-05,0.04476655332750065
6.4749999940395355,88,7.7573827505392643e-05,-1.819569820785039e-05,0.99999999682560892,-0.0028857200855840572,-0.99999583614198262,-1.7840539285434108e-05,3.7555576094155265e-05,0.045459189684125365
6.5,57,-0.00015704658166631083,-9.7883824446178398e-06,0.99999998762027931,0.0017375984680878271,-0.99999849032944621,-9.5074623275922855e-06,2.6376945654318245e-05,0.04817164475702334
6.5,60,0.00012587696477339987,9.6456002689912472e-07,0.99999999207702961,-0.00030296789619927621,-0.99999995410473208,9.9397656103263123e-07,5.33227846825297e-06,0.04662998680835178
6.5,61,0.00017937602308246874,2.1832137365556796e-05,0.99999998367379983,0.0017507417883881819,-0.99999846721910446,2.1508882771079568e-05,9.397595457275669e-06,0.048168336005949865
6.5,64,-0.00012668643535174439,-4.7014046939433698e-06,0.99999999196422196,-0.00030972097445734959,-0.99999995202526903,-4.7305231088940799e-06,-1.4538025336211333e-05,0.04663084300594019
6.5,68,-6.6836145186927622e-06,-1.6868150129460845e-06,0.99999999997624189,0.00071316468537153954,-0.99999974569667216,-1.6500657991607218e-06,4.153669739786604e-06,0.04752806200466718
6.5,69,8.7422105309470207e-06,5.3511856303728278e-06,0.99999999994746913,0.0013627606471547688,-0.99999907142703381,5.3374570249248262e-06,1.1674842199075642e-05,0.04794463616807128
6.5,72,1.9676455600856843e-06,-1.435119947653663e-06,0.99999999999703448,-0.00043527559956737686,-0.99999990526654658,-1.4317929759942647e-06,6.161778765110894e-07,0.04664893796052744
6.5,76,1.5259024915950156e-05,8.6999216229004098e-06,0.99999999984573673,0.00072013478534383628,-0.99999974066547737,8.652662591404496e-06,4.476858466877247e-06,0.047527001060276755
6.5,78,-0.0002990190975211134,1.7229118224569766e-05,0.99999995514536733,-0.0054840088529232297,-0.99998496258929415,1.5562428819998304e-05,6.591543091670437e-05,0.04426395547798348
6.5,80,0.00033073181182737352,-3.5870428273570362e-05,0.99999994466488906,-0.0054925443856938426,-0.99998491528544731,-3.4025398999621612e-05,-3.841159001789852e-06,0.04427104073774146
6.5,83,-5.7410018753115571e-05,4.0012372673491543e-06,0.99999999834403985,-0.0028715972753747482,-0.99999587694913339,3.7177467983969939e-06,-1.0437919732476699e-05,0.04533358473197625
6.5,85,1.4220074242707374e-05,-8.6909797623054574e-06,0.9999999998611282,-0.0045359333933721255,-0.99998971256403213,-8.6229633697198686e-06,2.2395039693990867e-05,0.044644150346066586
6.5,88,7.7324635821311542e-05,-1.8188200764436074e-05,0.99999999684504504,-0.0028839625970978377,-0.99999584121219598,-1.7833989133614896e-05,3.754083680606918e-05,0.04533631441372212
6.524999976158142,57,-0.00015758303430832922,-9.8057311521436766e-06,0.9999999875357175,0.0017417980959733297,-0.99999848302320016,-9.5231797732119098e-06,2.655192073796876e-05,0.04805010515681624
6.524999976158142,60,0.00012608257748925015,9.5252820150516304e-07,0.9999999920511381,-0.00030323452391642255,-0.99999995402392849,9.8208837719556124e-07,5.340777716254799e-06,0.046506514072286564
6.524999976158142,61,0.00017999667554579677,2.1872737397558145e-05,0.99999998356138986,0.0017549632528811262,-0.99999845981865509,2.1547594042564317e-05,9.358323563472704e-06,0.04804678529416816
6.524999976158142,64,-0.00012692308960342844,-4.6818167125702957e-06,0.999999991934305,-0.00030993755568528396,-0.99999995195825742,-4.7110930681720734e-06,-1.4592381018619022e-05,0.04650736921531599
6.524999976158142,68,-6.8003217863300743e-06,-1.6937060058386268e-06,0.99999999997544342,0.0007148655249171079,-0.99999974448223572,-1.6567066177266208e-06,4.1633984457987385e-06,0.04740525213142582
6.524999976158142,69,8.7784029234279848e-06,5.3619239635709333e-06,0.99999999994709476,0.0013660441451065289,-0.99999906694696039,5.3481077685647938e-06,1.1724967787808724e-05,0.0478225818422924
6.524999976158142,72,1.9575385269129275e-06,-1.4304523389198763e-06,0.99999999999706091,-0.00043491894032879499,-0.99999990542173478,-1.4271485158485273e-06,6.024210633301051e-07,0.046525637766096466
6.524999976158142,76,1.5418469338125175e-05,8.7240365167787906e-06,0.99999999984308097,0.00072186379791130647,-0.99999973941865417,8.6764534563412251e-06,4.52110293869847e-06,0.04740418763372945
6.524999976158142,78,-0.00029870495164909281,1.7232057187541273e-05,0.99999995523920304,-0.0054808479981454669,-0.99998497991862723,1.5568038893636735e-05,6.581659784463387e-05,0.04414180861122657
6.524999976158142,80,0.00033035503941115701,-3.5865704666836929e-05,0.99999994478959797,-0.0054894012895075426,-0.99998493254441823,-3.4023786059526087e-05,-3.840914674519642e-06,0.04414888513337879
6.524999976158142,83,-5.7225106016403137e-05,3.99942777136766e-06,0.99999999835464604,-0.0028698418358464716,-0.99999588198853284,3.7166503104044158e-06,-1.0507312223840684e-05,0.04521071340490208
6.524999976158142,85,1.4187617414179056e-05,-8.6875365285979153e-06,0.99999999986161903,-0.0045332536884335429,-0.9999897247155578,-8.6197059759697477e-06,2.2350231944012998e-05,0.04452174848523275
6.524999976158142,88,7.7075090820531003e-05,-1.818060177930857e-05,0.99999999686444818,-0.0028822026570848136,-0.99999584628638793,-1.7827338864422617e-05,3.752562441649542e-05,0.04521343985358318
6.550000011920929,57,-0.00015811990117989066,-9.8230513717273666e-06,0.99999998745080221,0.0017459955988959588,-0.99999847570302769,-9.5388637884833532e-06,2.67271290546802e-05,0.04792856461976574
6.550000011920929,60,0.00012628734247272319,9.404728635771806e-07,0.99999999202531131,-0.00030350265198775408,-0.99999995394259833,9.701767915442295e-07,5.348677244272971e-06,0.04638304129606322
6.550000011920929,61,0.00018061787348960462,2.1913287828645394e-05,0.99999998344849572,0.0017591825288678876,-0.99999845240423435,2.1586249855953963e-05,9.319005892493192e-06,0.047925233636585116
6.550000011920929,64,-0.00012715878564341308,-4.6621762949893682e-06,0.99999999190445354,-0.00031015552432288383,-0.99999995189076862,-4.6916106534065442e-06,-1.464595810091783e-05,0.0463838953772308
6.550000011920929,68,-6.9174516694756134e-06,-1.7005971818242468e-06,0.99999999997462841,0.00071656581740589011,-0.99999974326529839,-1.6633466479229281e-06,4.1733088185691925e-06,0.04728244180688599
6.550000011920929,69,8.8146692131391621e-06,5.3726531196574247e-06,0.99999999994671829,0.0013693260934901678,-0.99999906245822734,5.358748992548917e-06,1.1775191023236447e-05,0.04770052685757513
6.550000011920929,72,1.9474814199249291e-06,-1.4257709848448611e-06,0.99999999999708722,-0.00043456317007852289,-0.99999990557640939,-1.422490321244256e-06,5.887335943343444e-07,0.046402337585589565
6.550000011920929,76,1.5578499756077364e-05,8.7481432067985432e-06,0.99999999984039012,0.00072359226039062422,-0.99999973816923915,8.7002348014366418e-06,4.565380123685574e-06,0.04728137375350596
6.550000011920929,78,-0.00029838923700467005,1.7234907467513631e-05,0.99999995533340957,-0.0054776767106109051,-0.99998499729511847,1.5573570261392796e-05,6.571781679483516e-05,0.04401966329519367
6.550000011920929,80,0.00032997656277698506,-3.5860791274371538e-05,0.99999994491473432,-0.0054862477134361449,-0.99998494985101172,-3.4021994046228921e-05,-3.841005577373305e-06,0.04402673104215473
6.550000011920929,83,-5.7039913447161173e-05,3.9975926025399197e-06,0.99999999836523379,-0.002868084037576928,-0.99999588703161579,3.7155294334244679e-06,-1.0576300392188329e-05,0.04508784281631557
6.550000011920929,85,1.41551029847492e-05,-8.6840461325562104e-06,0.99999999986211019,-0.0045305666626511351,-0.99998973689307069,-8.6164016463563311e-06,2.2305331593368693e-05,0.04439934775834119
6.550000011920929,88,7.6825206531039596e-05,-1.8172899383314583e-05,0.99999999688381669,-0.0028804402755180252,-0.9999958513645173,-1.7820586582163026e-05,3.750993088532471e-05,0.04509056601707576
6.574999988079071,57,-0.0001586571459637327,-9.8403408726507581e-06,0.99999998736553886,0.0017501909178073251,-0.99999846836905837,-9.5545122169712766e-06,2.6902561840491538e-05,0.04780702313635241
6.574999988079071,60,0.00012649121974447089,9.283945192451812e-07,0.9999999919995548,-0.00030377228039159292,-0.9999999538607407,9.5824229756880296e-07,5.355954724897811e-06,0.046259568481105726
6.574999988079071,61,0.00018123957690091983,2.1953783772012208e-05,0.9999999833351233,0.0017633995540020054,-0.99999844497598056,2.1624845407052104e-05,9.279644328177253e-06,0.047803681024550466
6.574999988079071,64,-0.00012739347781386701,-4.6424838606714722e-06,0.9999999918746747,-0.00031037488204298426,-0.99999995182280088,-4.6720762695006201e-06,-1.4698725607216746e-05,0.046260421493046176
6.574999988079071,68,-7.0350048466984096e-06,-1.7074879358393062e-06,0.99999999997379663,0.0007182655711380913,-0.99999974204585718,-1.6699852930601067e-06,4.183408810453695e-06,0.047159631028228434
6.574999988079071,69,8.8510082426796208e-06,5.3833718909943026e-06,0.99999999994633937,0.0013726064643418457,-0.99999905796088828,5.3693794912546368e-06,1.1825510104312949e-05,0.04757847121382255
6.574999988079071,72,1.9374764898932151e-06,-1.4210759445503224e-06,0.99999999999711331,-0.00043420828758225976,-0.99999990573057185,-1.4178184498843845e-06,5.751184940016017e-07,0.04627903742206673
6.574999988079071,76,1.5739117420552573e-05,8.7722393293105421e-06,0.99999999983766408,0.00072532017860505848,-0.99999973691723043,8.7240042719991649e-06,4.609682960036407e-06,0.04715855941707746
6.574999988079071,78,-0.00029807194268925105,1.7237666542195625e-05,0.99999995542798881,-0.0054744949059603526,-0.99998501471913004,1.5579020466684003e-05,6.561910042770753e-05,0.04389751954829183
6.574999988079071,80,0.00032959637369477037,-3.5855683702170306e-05,0.99999994504029865,-0.0054830835704468865,-0.99998496720560659,-3.4020018617692169e-05,-3.8414425388634045e-06,0.04390457848211158
6.574999988079071,83,-5.6854450693061994e-05,3.9957312783185893e-06,0.99999999837580278,-0.0028663238924768984,-0.99999589207833595,3.7143836713308131e-06,-1.0644869719231341e-05,0.0449649729806374
6.574999988079071,85,1.4122532626972453e-05,-8.6805076869995822e-06,0.99999999986260146,-0.0045278722731699741,-0.99998974909670602,-8.6130494863007997e-06,2.226034036452741e-05,0.044276948179641756
6.574999988079071,88,7.6574997228288528e-05,-1.8165091630933269e-05,0.99999999690314978,-0.0028786754627625356,-0.99999585644654099,-1.7813730315098388e-05,3.749374736243848e-05,0.04496769291846657
6.600000023841858,57,-0.00015919473020535902,-9.8575973165765231e-06,0.99999998727993278,0.0017543839903136956,-0.99999846102142953,-9.5701227998150095e-06,2.7078210610307796e-05,0.04768548069632981
6.600000023841858,60,0.00012669416774326202,9.1629369863626958e-07,0.99999999197387412,-0.00030404341000390977,-0.9999999537783536,9.4628541230090006e-07,5.362586138109581e-06,0.04613609562887871
6.600000023841858,61,0.00018186174334150663,2.1994220100304928e-05,0.99999998322128014,0.0017676142624413007,-0.99999843753403805,2.1663375657067887e-05,9.240239993582729e-06,0.047682127448732986
6.600000023841858,64,-0.00012762711871972909,-4.6227398482151484e-06,0.99999999184497435,-0.0003105956314943337,-0.99999995175435286,-4.6524903399709163e-06,-1.4750650598715377e-05,0.046136947564160966
6.600000023841858,68,-7.1529818051442835e-06,-1.714377633684418e-06,0.99999999997294786,0.00071996479537703487,-0.99999974082390752,-1.6766219280710073e-06,4.193706248636302e-06,0.047036819792008445
6.600000023841858,69,8.8874187429742296e-06,5.3940790098527158e-06,0.99999999994595878,0.0013758852282120804,-0.99999905345499929,5.3799979991966982e-06,1.1875923071741023e-05,0.04745641491034023
6.600000023841858,72,1.927526036732145e-06,-1.4163672791184435e-06,0.99999999999713929,-0.00043385429202829674,-0.99999990588422361,-1.4131329613882561e-06,5.615788620215211e-07,0.04615573727874452
6.600000023841858,76,1.5900323302802414e-05,8.7963224048724883e-06,0.99999999983490218,0.00072704755922410938,-0.99999973566262657,8.7477593984649159e-06,4.654004408787425e-06,0.04703574462130495
6.600000023841858,78,-0.00029775305685778697,1.7240331761174191e-05,0.99999995552294307,-0.0054713024910147384,-0.99998503219107171,1.5584386932567287e-05,6.552046226137192e-05,0.043775377390359416
6.600000023841858,80,0.00032921446301349574,-3.5850377319036744e-05,0.99999994516629243,-0.0054799087645852453,-0.99998498460862784,-3.4017855202647275e-05,-3.842237309580807e-06,0.04378242747269506
6.600000023841858,83,-5.6668727632157808e-05,3.993843292838813e-06,0.99999999838635223,-0.0028645614129987479,-0.99999589712864478,3.7132125051652094e-06,-1.0713004614726548e-05,0.04484210391338552
6.600000023841858,85,1.4089908039474872e-05,-8.6769202536545781e-06,0.99999999986309274,-0.004525170471911949,-0.99998976132662187,-8.6096485501339174e-06,2.2215259991384934e-05,0.044154549764482576
6.600000023841858,88,7.6324477524630403e-05,-1.8157176470405545e-05,0.99999999692244557,-0.0028769082296572755,-0.99999586153241526,-1.780676798556212e-05,3.7477064053322054e-05,0.04484482057310849
6.625,57,-0.00015973261289906212,-9.8748182313934142e-06,0.99999998719398997,0.0017585747498656496,-0.99999845366028628,-9.5856931505210543e-06,2.725406713725595e-05,0.04756393728858902
6.625,60,0.00012689614288847008,9.0417096483937035e-07,0.99999999194827571,-0.00030431604277490878,-0.99999995369543559,9.3430668515841824e-07,5.368545429265702e-06,0.046012622740903085
6.625,61,0.00018248432748673663,2.2034591389344562e-05,0.99999998310697336,0.0017718265839989917,-0.99999843007856093,2.1701835277412349e-05,9.200793189258212e-06,0.047560572898994714
6.625,64,-0.0001278596587351699,-4.6029447226708254e-06,0.99999999181536026,-0.00031081777649509816,-0.99999995168542199,-4.6328533141311842e-06,-1.4801697744478156e-05,0.04601347359202631
6.625,68,-7.2713828463942602e-06,-1.7212656041180534e-06,0.99999999997208222,0.00072166350054163352,-0.99999973959944533,-1.6832558917284124e-06,4.204208880695271e-06,0.04691400809405854
6.625,69,8.9238993168250692e-06,5.4047731344470492e-06,0.99999999994557631,0.0013791623537878473,-0.99999904894061931,5.3906031770982521e-06,1.1926427785438748e-05,0.047334357945769415
6.625,72,1.9176324309370638e-06,-1.4116450521009804e-06,0.99999999999716493,-0.00043350118311719121,-0.99999990603736577,-1.4084339177871954e-06,5.481179024093427e-07,0.046032437159036314
6.625,76,1.6062118100821006e-05,8.8203898097167458e-06,0.99999999983210464,0.00072877440992744861,-0.99999973440542489,8.7714975680113048e-06,4.698337413158073e-06,0.04691292936234508
6.625,78,-0.00029743256650394465,1.7242900316793667e-05,0.99999995561827437,-0.0054680993618276535,-0.99998504971141011,1.5589666934418214e-05,6.542191684937502e-05,0.043653236842976124
6.625,80,0.00032883082045895621,-3.5844867207558108e-05,0.99999994529271707,-0.0054767231889991559,-0.9999850020605594,-3.4015498953378694e-05,-3.843402745745579e-06,0.04366027803506084
6.625,83,-5.6482754446536059e-05,3.9919281119176338e-06,0.99999999839688147,-0.0028627966122611636,-0.99999590218249279,3.7120153881960434e-06,-1.0780688200109034e-05,0.04471923563141732
6.625,85,1.405723095732476e-05,-8.6732828341145797e-06,0.99999999986358401,-0.0045224612044397474,-0.999989773583004,-8.6061978320346661e-06,2.2170092226559417e-05,0.04403215252955555
6.625,88,7.6073662479954834e-05,-1.8149151724541234e-05,0.99999999694170294,-0.0028751385876188344,-0.99999586662209405,-1.7799697390747547e-05,3.7459870046880185e-05,0.044721948997681345
6.649999976158142,57,-0.00016027074995201022,-9.8920009819879686e-06,0.99999998710771743,0.0017627631247076696,-0.99999844628578438,-9.6012207269558899e-06,2.7430123432441727e-05,0.04744239290098191
6.649999976158142,60,0.00012709709905641954,8.9202691588112772e-07,0.99999999192276567,-0.00030459018196433041,-0.99999995361198413,9.2230669977906903e-07,5.373804067511291e-06,0.04588914981877526
6.649999976158142,61,0.00018310728053214578,2.2074891848899381e-05,0.99999998299221138,0.0017760364430544778,-0.99999842260971383,2.1740218581848058e-05,9.161303307051398e-06,0.047439017364227114
6.649999976158142,64,-0.00012809104541444387,-4.5830989730369584e-06,0.99999999178583965,-0.00031104132228599132,-0.99999995161600608,-4.6131656644210695e-06,-1.4851828775232894e-05,0.04588999957816303
6.649999976158142,68,-7.390208076791471e-06,-1.7281511333669062e-06,0.99999999997119915,0.00072336169845907741,-0.9999997383724647,-1.6898864813245202e-06,4.214924425154965e-06,0.046791195929357876
6.649999976158142,69,8.9604484197316317e-06,5.4154528309909187e-06,0.99999999994519151,0.0013824378073975419,-0.99999904441781129,5.4011935939900113e-06,1.1977021893943807e-05,0.04721230031799407
6.649999976158142,72,1.9077981375499921e-06,-1.4069093293426957e-06,0.99999999999719036,-0.00043314896117382457,-0.99999990618999901,-1.403721383330901e-06,5.34738957689722e-07,0.04590913706660431
6.649999976158142,76,1.6224502227217614e-05,8.8444387444372472e-06,0.99999999982927057,0.0007305007396261749,-0.99999973314562118,8.7952159934398608e-06,4.7426748479131314e-06,0.04679011363552364
6.649999976158142,78,-0.00029711045720769917,1.7245369199767619e-05,0.9999999557139857,-0.0054648854011364141,-0.99998506728068326,1.55948575577372e-05,6.532348000955939e-05,0.043531097929865425
6.649999976158142,80,0.00032844543440187452,-3.5839148089056182e-05,0.9999999454195746,-0.00547352672335922,-0.99998501956195729,-3.4012944672850991e-05,-3.844953040939702e-06,0.04353813019247065
6.649999976158142,83,-5.6296541714262224e-05,3.9899851614413395e-06,0.99999999840738973,-0.0028610295042049635,-0.99999590723982756,3.7107917343764341e-06,-1.0847902030823363e-05,0.0445963681532475
6.649999976158142,85,1.4024503166622366e-05,-8.6695943539965064e-06,0.99999999986407562,-0.0045197444084548915,-0.99998978586607357,-8.6026962501528585e-06,2.2124838853824674e-05,0.04390975649321801
6.649999976158142,88,7.5822567739146013e-05,-1.8141015052786327e-05,0.99999999696092101,-0.0028733665487758681,-0.99999587171552995,-1.7792516164748894e-05,3.744215309445586e-05,0.04459907821050623
6.675000011920929,57,-0.0001608090935097963,-9.9091427293109509e-06,0.99999998702112203,0.0017669490364860547,-0.99999843889809226,-9.616702791963103e-06,2.7606371725064802e-05,0.047320847520087875
6.675000011920929,60,0.00012729698692405289,8.7986219816578735e-07,0.99999999189735134,-0.00030486583246420714,-0.99999995352799664,9.1028608728280612e-07,5.37833046439863e-06,0.04576567686419033
6.675000011920929,61,0.00018373054944130794,2.2115115236752809e-05,0.99999998287700331,0.0017802437571015548,-0.99999841512767484,2.1778519442316963e-05,9.121768711141209e-06,0.047317460832132945
6.675000011920929,64,-0.00012832122275244093,-4.5632031250139447e-06,0.9999999917564204,-0.00031126627588104759,-0.99999995154610177,-4.5934278989512334e-06,-1.4901001772972126e-05,0.04576652552418432
6.675000011920929,68,-7.5094573963442815e-06,-1.7350334512944143e-06,0.99999999997029898,0.00072505940270959604,-0.99999973714295776,-1.6965129390529838e-06,4.2258606309837315e-06,0.04666838329185487
6.675000011920929,69,8.9970643316386003e-06,5.4261165533248099e-06,0.99999999994480493,0.0013857115523497176,-0.99999903988664252,5.4117677068997184e-06,1.2027702794106338e-05,0.04709024202401134
6.675000011920929,72,1.8980257475283387e-06,-1.4021601797767908e-06,0.99999999999721567,-0.00043279762730609326,-0.99999990634212388,-1.3989954252608289e-06,5.21445551223371e-07,0.045785837005426384
6.675000011920929,76,1.6387475793614181e-05,8.868466191430605e-06,0.99999999982640053,0.00073222655876381646,-0.99999973188321067,8.8189116708681611e-06,4.787009456406624e-06,0.04666729743516335
6.675000011920929,78,-0.00029678671284704089,1.7247735162636712e-05,0.99999995581008039,-0.0054616604749344036,-0.99998508489951887,1.5599955664271677e-05,6.522516912649417e-05,0.04340896067743477
6.675000011920929,80,0.00032805829159744324,-3.583321424565228e-05,0.99999994554686755,-0.0054703192303872774,-0.99998503711346842,-3.4010186739416764e-05,-3.846904027056578e-06,0.04341598397081948
6.675000011920929,83,-5.611010053321259e-05,3.9880138251528169e-06,0.99999999841787612,-0.0028592601038046179,-0.99999591230059437,3.709540916198412e-06,-1.0914625732013183e-05,0.04447350149947264
6.675000011920929,85,1.3991726523698162e-05,-8.6658536455912593e-06,0.99999999986456722,-0.0045170200117580659,-0.99998979817609546,-8.5991426292169513e-06,2.2079501703914453e-05,0.04378736167592362
6.675000011920929,88,7.5571209717848256e-05,-1.8132763920572255e-05,0.99999999698009756,-0.0028715921261519557,-0.99999587681267299,-1.7785221747840725e-05,3.7423899318183674e-05,0.044476208231966054
6.699999988079071,57,-0.00016134759106796776,-9.9262403816565232e-06,0.9999999869342121,0.001771132398334775,-0.99999843149739476,-9.6321363666943549e-06,2.7782804439776588e-05,0.04719930113089712
6.699999988079071,60,0.00012749575314805842,8.6767751388407976e-07,0.99999999187204003,-0.00030514300125041125,-0.99999995344346992,8.9824553346072698e-07,5.3820891872231165e-06,0.04564220387897963
6.699999988079071,61,0.00018435407594986127,2.2155254748724889e-05,0.99999998276135948,0.0017844484347623003,-0.99999840763263914,2.1816731181298189e-05,9.082186578792803e-06,0.04719590328892969
6.699999988079071,64,-0.00012855013026231654,-4.5432577460744635e-06,0.9999999917271114,-0.00031149264655135674,-0.99999995147570542,-4.5736405663139016e-06,-1.4949170219866696e-05,0.045643051431830894
6.699999988079071,68,-7.6291304678859804e-06,-1.7419117207093693e-06,0.99999999996938116,0.00072675662910409115,-0.99999973591091573,-1.7031344416090594e-06,4.23702534940577e-06,0.046545570174219356
6.699999988079071,69,9.0337451205433011e-06,5.4367626147200723e-06,0.99999999994441668,0.0013889835480085746,-0.99999903534718559,5.422323832736063e-06,1.2078467577226768e-05,0.046968183059747676
6.699999988079071,72,1.8883180153150783e-06,-1.3973976764115854e-06,0.99999999999724087,-0.00043244718362198283,-0.99999990649374038,-1.3942561147693818e-06,5.082414406899059e-07,0.045662536979892074
6.699999988079071,76,1.6551038569497261e-05,8.8924688618179742e-06,0.99999999982349352,0.00073395187973862802,-0.99999973061818692,8.8425813269944151e-06,4.831333771194851e-06,0.046544480754342886
6.699999988079071,78,-0.00029646131526135812,1.7249994646768032e-05,0.99999995590656199,-0.0054584244277277386,-0.99998510256865925,1.5604957822355011e-05,6.512700355939014e-05,0.04328682511551799
6.699999988079071,80,0.00032766937688606445,-3.5827059399309264e-05,0.99999994567459927,-0.0054671005510748393,-0.99998505471585586,-3.4007218989163352e-05,-3.849273575969045e-06,0.04329383939937082
6.699999988079071,83,-5.592344268790976e-05,3.9860134264822868e-06,0.99999999842834009,-0.0028574884273561518,-0.99999591736473425,3.7082622465890494e-06,-1.0980836510215995e-05,0.0443506356933631
6.699999988079071,85,1.3958902980204384e-05,-8.6620594238772563e-06,0.99999999986505883,-0.0045142879294038964,-0.99998981051339075,-8.5955356764905747e-06,2.2034082677101228e-05,0.0436649681008232
6.699999988079071,88,7.5319605843764345e-05,-1.8124395543222692e-05,0.9999999969992317,-0.0028698153339216416,-0.99999588191347,-1.7777811330288417e-05,3.740509281778946e-05,0.044353339085093896
6.725000023841858,57,-0.00016188618427842805,-9.9432905313247887e-06,0.99999998684699698,0.0017753131121384736,-0.99999842408389794,-9.6475181700511862e-06,2.7959414169132093e-05,0.04707775371636443
6.725000023841858,60,0.00012769333932137036,8.5547364263845659e-07,0.99999999184683974,-0.00030542169803456028,-0.99999995335839953,8.8618580012290441e-07,5.385039861009264e-06,0.04551873086515592
6.725000023841858,61,0.00018497779522990755,2.2195302875552824e-05,0.99999998264529166,0.0017886503729638106,-0.99999840012482477,2.1854846431847502e-05,9.042552676386748e-06,0.04707434471892979
6.725000023841858,64,-0.0001287777017978023,-4.5232634661761699e-06,0.99999999169792164,-0.00031172044653583026,-0.99999995140481179,-4.5538042759656962e-06,-1.4996281693707133e-05,0.04551957730301572
6.725000023841858,68,-7.7492266570176326e-06,-1.7487850173287158e-06,0.9999999999684458,0.0007284533963741773,-0.99999973467632786,-1.7097500805569393e-06,4.248426621709118e-06,0.04642275656748223
6.725000023841858,69,9.0704885887512068e-06,5.4473891520920472e-06,0.99999999994402611,0.0013922537484566697,-0.99999903079952235,5.432860112616077e-06,1.2129312952197274e-05,0.04684612341978764
6.725000023841858,72,1.8786779073385579e-06,-1.3926218990431254e-06,0.99999999999726563,-0.00043209763354296792,-0.99999990664484784,-1.3895035296726756e-06,4.951306848541627e-07,0.045539236994931995
6.725000023841858,76,1.6715189898305392e-05,8.9164431241656492e-06,0.99999999982054977,0.00073567671752207257,-0.99999972935054204,8.8662213482975142e-06,4.8756400021002e-06,0.04642166358454554
6.725000023841858,78,-0.00029613424390413488,1.7252143722622054e-05,0.99999995600343561,-0.0054551770757325967,-0.99998512028899933,1.5609860251210367e-05,6.502900521545238e-05,0.04316469127843643
6.725000023841858,80,0.00032727867290577241,-3.5820676599583807e-05,0.99999994580277318,-0.0054638704978074784,-0.99998507237003731,-3.4004034607622623e-05,-3.852082142551844e-06,0.04317169651180382
6.725000023841858,83,-5.5736580886810193e-05,3.9839832199870268e-06,0.99999999843878062,-0.0028557144928884732,-0.99999592243218338,3.7069549703747945e-06,-1.1046508477193158e-05,0.0442277707617105
6.725000023841858,85,1.3926034621570852e-05,-8.6582102626635145e-06,0.99999999986555055,-0.00451154805956253,-0.99998982287835603,-8.5918739578250678e-06,2.1988583780355633e-05,0.04354257579463111
6.725000023841858,88,7.5067774903759586e-05,-1.8115906838186302e-05,0.99999999701832143,-0.0028680361877816843,-0.99999588701786302,-1.7770281804359153e-05,3.7385715127243015e-05,0.04423047079641458
6.75,57,-0.00016242480731791891,-9.96028937199448e-06,0.9999999867594872,0.0017794910644496221,-0.99999841665783706,-9.6628445399082251e-06,2.813619363186561e-05,0.04695620525676034
6.75,60,0.00012788968065948931,8.4325146759754623e-07,0.99999999182175925,-0.00030570193625620594,-0.99999995327277991,8.7410775090866293e-07,5.3871355786822644e-06,0.04539525782498842
6.75,61,0.00018560163404893694,2.2235251218923224e-05,0.99999998252881339,0.0017928494527397595,-0.99999839260447931,2.1892856958032568e-05,9.002861047569804e-06,0.04695278510392656
6.75,64,-0.00012900386407312418,-4.5032210042352607e-06,0.999999991668862,-0.00031194969211571273,-0.99999995133341546,-4.5339197242894141e-06,-1.5042276014660373e-05,0.0453961031398971
6.75,68,-7.8697449132733553e-06,-1.7556523056545439e-06,0.99999999996749245,0.0007301497272151371,-0.99999973343917969,-1.7163588387866687e-06,4.260072788564747e-06,0.046299942460495236
6.75,69,9.1072921938298678e-06,5.4579940797395228e-06,0.99999999994363375,0.0013955221004548449,-0.99999902624374415,5.4433744657706266e-06,1.2180235134079063e-05,0.04672406309696171
6.75,72,1.869108662774293e-06,-1.3878329377688228e-06,0.99999999999729017,-0.0004317489822763323,-0.99999990679544482,-1.3847377578697778e-06,4.821177282163481e-07,0.04541593705621721
6.75,76,1.6879928531896085e-05,8.9403849119350676e-06,0.99999999981756871,0.00073740109060235911,-0.99999972808026438,8.8898276891813133e-06,4.919919877732777e-06,0.04629884591513042
6.75,78,-0.00029580547555379974,1.72541779885403e-05,0.99999995610070591,-0.0054519181966568566,-0.99998513806164113,1.5614658724507114e-05,6.493119937983692e-05,0.04304255920657951
6.75,80,0.00032688615990128029,-3.5814058052107182e-05,0.99999994593139452,-0.0054606288440778514,-0.99998509007713954,-3.4000625962840047e-05,-3.855353523920688e-06,0.04304955534778464
6.75,83,-5.5549529119515271e-05,3.981922375553782e-06,0.99999999844919707,-0.0028539383207800838,-0.99999592750287203,3.7056182483862041e-06,-1.1111611684622397e-05,0.04410490673610782
6.75,85,1.3893123724606576e-05,-8.6543045608397323e-06,0.99999999986604204,-0.0045088002772244867,-0.99998983527149088,-8.5881558637668899e-06,2.1943007187444355e-05,0.04342018478893471
6.75,88,7.4815737553345771e-05,-1.810729435583752e-05,0.99999999703736564,-0.0028662547055227743,-0.99999589212578877,-1.7762629694672172e-05,3.736574443930457e-05,0.04410760339721964
6.774999976158142,57,-0.00016296338460751098,-9.977232597278321e-06,0.9999999866716951,0.001783666120003313,-0.9999984092194879,-9.6781113371699263e-06,2.8313135599434196e-05,0.04683465572867532
6.774999976158142,60,0.0001280847044291309,8.3101201450279275e-07,0.9999999917968091,-0.00030598373467755687,-0.99999995318660451,8.6201238989234033e-07,5.388320492463141e-06,0.04527178476112042
6.774999976158142,61,0.00018622550817698255,2.2275090259185609e-05,0.99999998241193999,0.001797045532602412,-0.99999838507189398,2.193075342896966e-05,8.9631035735119e-06,0.046831224422244355
6.774999976158142,64,-0.00012922853488275558,-4.4831312205724974e-06,0.99999999163994369,-0.00031218040534956864,-0.99999995126150798,-4.5139877465505127e-06,-1.5087082519726884e-05,0.045272628944997735
6.774999976158142,68,-7.9906835106687538e-06,-1.7625124070955242e-06,0.99999999996652145,0.00073184564995802876,-0.99999973219945226,-1.7229595595145907e-06,4.2719726208138895e-06,0.046177127839064865
6.774999976158142,69,9.1441529262747091e-06,5.4685750291828867e-06,0.9999999999432394,0.0013987885401125165,-0.99999902167995902,5.4538645296354026e-06,1.223122967349525e-05,0.04660200208167675
6.774999976158142,72,1.8596138664587654e-06,-1.3830309039029311e-06,0.99999999999731459,-0.00043140123756374367,-0.99999990694552965,-1.3799589081791415e-06,4.69207501301395e-07,0.04529263717046842
6.774999976158142,76,1.7045252274596683e-05,8.9642896004651001e-06,0.99999999981455046,0.00073912502252311985,-0.99999972680733884,8.9133957500187585e-06,4.9641644022549595e-06,0.04617602773248308
6.774999976158142,78,-0.00029547498435933899,1.7256092470349119e-05,0.99999995619837945,-0.0054486475134164049,-0.99998515588798143,1.5619348474746686e-05,6.483361597981034e-05,0.042920428948906054
6.774999976158142,80,0.0003264918159388152,-3.5807194949147555e-05,0.99999994606046805,-0.005457375308124607,-0.99998510783858741,-3.3996984440337711e-05,-3.859115945649997e-06,0.0429274159554587
6.774999976158142,83,-5.5362303224459406e-05,3.9798299610949077e-06,0.9999999984595882,-0.0028521599347374324,-0.99999593257672059,3.7042511397223062e-06,-1.1176110692176685e-05,0.043982043654995334
6.774999976158142,85,1.38601728523085e-05,-8.6503405114079176e-06,0.99999999986653354,-0.004506044423979897,-0.99998984769344412,-8.5843795783403994e-06,2.1897355348593355e-05,0.0432977951223005
6.774999976158142,88,7.4563517106918968e-05,-1.8098554215112566e-05,0.99999999705636222,-0.0028644709079691578,-0.99999589723717497,-1.7754851092867494e-05,3.734515445620196e-05,0.04398473692561133
6.800000011920929,57,-0.00016350182765679025,-9.9941152921717374e-06,0.99999998658363498,0.0017878381105537213,-0.99999840176918786,-9.6933138451872283e-06,2.8490232740796128e-05,0.046713105103397226
6.800000011920929,60,0.00012827832849991592,8.1875653850964405e-07,0.99999999177199994,-0.00030626712016931562,-0.99999995309986334,8.4990094808897917e-07,5.388525954912539e-06,0.04514831167677999
6.800000011920929,61,0.00018684931873888798,2.2314809099425046e-05,0.99999998229469056,0.0018012384372425377,-0.99999837752742193,2.1968525172147598e-05,8.923269358393397e-06,0.04670966264717186
6.800000011920929,64,-0.00012945162144273534,-4.4629952347938272e-06,0.99999999161117969,-0.00031241261712115835,-0.99999995118907903,-4.4940094343391416e-06,-1.5130615897104886e-05,0.045149154721421086
6.800000011920929,68,-8.1120394497580198e-06,-1.7693639522497445e-06,0.99999999996553213,0.00073354120147430901,-0.99999973095712091,-1.7295508999624785e-06,4.284135447940077e-06,0.04605431268445532
6.800000011920929,69,9.181067099480478e-06,5.4791292820400027e-06,0.9999999999428435,0.0014020529869350595,-0.9999990171082983,5.4643275931454093e-06,1.2282291179134339e-05,0.04647994036073919
6.800000011920929,72,1.8501975162809652e-06,-1.3782159506489562e-06,0.99999999999733857,-0.00043105441097041275,-0.99999990709509756,-1.3751671308908506e-06,4.564055124611557e-07,0.04516933734598713
6.800000011920929,76,1.7211157150575524e-05,8.9881518544393482e-06,0.99999999981149457,0.00074084854461270487,-0.99999972553174521,8.9369202263464825e-06,5.0083634508974115e-06,0.04605320901853866
6.800000011920929,78,-0.00029514274314879524,1.7257881543555538e-05,0.99999995629646232,-0.0054453646660376775,-0.99998517376986507,1.5623924116855395e-05,6.473629162240237e-05,0.042798300567206064
6.800000011920929,80,0.00032609561855259368,-3.5800077376956055e-05,0.99999994618999954,-0.0054541095247776826,-0.9999851256562573,-3.3993100350908306e-05,-3.863403632656267e-06,0.042805278395735835
6.800000011920929,83,-5.5174921875381172e-05,3.9777049448253135e-06,0.99999999846995302,-0.0028503793634800639,-0.99999593765363515,3.7028526025798779e-06,-1.1239962349727502e-05,0.04385918156722125
6.800000011920929,85,1.382718502682124e-05,-8.6463160947009103e-06,0.99999999986702504,-0.0045032802899305007,-0.99998986014509395,-8.5805430717756081e-06,2.1851631212241944e-05,0.043175406843960484
6.800000011920929,88,7.4311140873505583e-05,-1.8089682097764703e-05,0.99999999707530896,-0.002862684820670171,-0.99999590235193647,-1.7746941649507483e-05,3.7323912620441486e-05,0.04386187143006879
6.824999988079071,57,-0.00016404003120698698,-1.0010931928167817e-05,0.99999998649532462,0.0017920068132356111,-0.99999839430737458,-9.7084467759440767e-06,2.8667477213927946e-05,0.046591553344033435
6.824999988079071,60,0.00012847046226095848,8.064866758885837e-07,0.999999991747345,-0.00030655213322790774,-0.99999995301254274,8.3777503555161328e-07,5.387663901854961e-06,0.04502483857620756
6.824999988079071,61,0.00018747294754168609,2.235439540187899e-05,0.9999999821770873,0.0018054279359276757,-0.99999836997151992,2.2006160123025576e-05,8.883343983705755e-06,0.04658809974412513
6.824999988079071,64,-0.00012967302132070482,-4.4428147083787707e-06,0.99999999158258435,-0.00031264637321294208,-0.99999995111611328,-4.4739864184963913e-06,-1.5172769689567095e-05,0.0450256804733092
6.824999988079071,68,-8.2338068208132579e-06,-1.7762053382620963e-06,0.99999999996452482,0.00073523643288886332,-0.99999972971215045,-1.7361312911020616e-06,4.296571126394436e-06,0.04593149697047082
6.824999988079071,69,9.2180299582751817e-06,5.4896537396481379e-06,0.99999999994244571,0.0014053153316280007,-0.9999990125289353,5.4747605671031833e-06,1.2333412825471589e-05,0.046357877915004286
6.824999988079071,72,1.8408639852916359e-06,-1.3733883368825366e-06,0.99999999999736255,-0.00043070852036653071,-0.99999990724414212,-1.3703626813699572e-06,4.4371778638090544e-07,0.04504603759366998
6.824999988079071,76,1.7377635136747676e-05,9.0119655130747176e-06,0.99999999980840093,0.00074257170151739162,-0.99999972425345163,8.960394997110848e-06,5.052505026326343e-06,0.045930389747883806
6.824999988079071,78,-0.00029480872963432819,1.7259539096107749e-05,0.99999995639495975,-0.0054420691569600698,-0.99998519170987965,1.5628379793263289e-05,6.463927312962778e-05,0.042676174144244655
6.824999988079071,80,0.0003256975517357934,-3.5792694712285568e-05,0.99999994631999256,-0.0054508309909527394,-0.99998514353277201,-3.3988963306726996e-05,-3.8682589676212426e-06,0.042683142750565506
6.824999988079071,83,-5.4987408531434553e-05,3.9755462657664732e-06,0.99999999848029009,-0.0028485966440086534,-0.9999959427334989,3.701421559829068e-06,-1.1303112241707509e-05,0.043736320539043846
6.824999988079071,85,1.3794164088532172e-05,-8.6422291903722263e-06,0.99999999986751653,-0.0045005075771670303,-0.99998987262771266,-8.5766442113739521e-06,2.1805838756802232e-05,0.043053020021129935
6.824999988079071,88,7.4058642657377606e-05,-1.8080673522000111e-05,0.9999999970942034,-0.0028608964774059767,-0.99999590746996392,-1.7738896841156646e-05,3.730197731351108e-05,0.04373900697650073
6.850000023841858,57,-0.00016457787354807007,-1.0027677206432943e-05,0.99999998640678456,0.0017961718990753309,-0.99999838683468012,-9.7235051213554502e-06,2.8844859219358365e-05,0.046470000399791975
6.850000023841858,60,0.00012866102448653511,7.9420486030985779e-07,0.99999999172285492,-0.00030683884153291408,-0.99999995292462074,8.2563706299160184e-07,5.385614758884665e-06,0.04490136546576403
6.850000023841858,61,0.00018809625601847406,2.2393837038630262e-05,0.99999998205915708,0.0018096136924384532,-0.99999836240484019,2.204364648729763e-05,8.843309624802065e-06,0.04646653566474137
6.850000023841858,64,-0.00012989264209404286,-4.4225927838624883e-06,0.99999999155417119,-0.00031288174941060648,-0.99999995104258554,-4.4539218140918179e-06,-1.5213407493938733e-05,0.04490220620709323
6.850000023841858,68,-8.355970916428841e-06,-1.7830347845010817e-06,0.99999999996349942,0.00073693142344871177,-0.99999972846448315,-1.7426989976764241e-06,4.309288790926129e-06,0.04580868065646351
6.850000023841858,69,9.255034788011539e-06,5.5001452799935507e-06,0.99999999994204636,0.0014085754043023893,-0.99999900794212959,5.485160342648302e-06,1.2384585371572155e-05,0.046235814713507926
6.850000023841858,72,1.8316172269576298e-06,-1.3685486479753871e-06,0.99999999999738598,-0.00043036359575008274,-0.9999999073926511,-1.3655461406660995e-06,4.3114970461149593e-07,0.044922737929368545
6.850000023841858,76,1.7544665992894263e-05,9.0357240674562296e-06,0.99999999980527021,0.00074429456530668444,-0.99999972297240736,8.9838136081067885e-06,5.096573632242583e-06,0.0458075698807267
6.850000023841858,78,-0.00029447295660411119,1.7261060175311616e-05,0.99999995649386586,-0.0054387602203367939,-0.99998520971206573,1.5632710692749207e-05,6.454262418798268e-05,0.04255404980258098
6.850000023841858,80,0.00032529763856034354,-3.5785039010308869e-05,0.99999994645043733,-0.0054475389366146444,-0.99998516147220085,-3.3984565470993854e-05,-3.873733859863578e-06,0.04256100914245549
6.850000023841858,83,-5.4799796219094856e-05,3.9733533069488952e-06,0.9999999984905974,-0.0028468118293830213,-0.9999959478161492,3.6999573515881739e-06,-1.1365489374491231e-05,0.043613460671181006
6.850000023841858,85,1.3761115661005117e-05,-8.6380784064573683e-06,0.99999999986800769,-0.0044977258069581272,-0.99998988514338227,-8.5726815871290594e-06,2.1759984681207394e-05,0.04293063475710141
6.850000023841858,88,7.3806068355360019e-05,-1.807152573382863e-05,0.99999999711304199,-0.0028591059294531197,-0.99999591259109943,-1.7730713837665937e-05,3.7279293847953796e-05,0.043616143665560526
6.875,57,-0.00016511533581877201,-1.0044360961301106e-05,0.99999998631801823,0.0018003326988965866,-0.99999837935235425,-9.738498869246933e-06,2.9022354417010016e-05,0.04634844619416942
6.875,60,0.00012885022127245689,7.8191655825198077e-07,0.9999999916985044,-0.00030712740673974673,-0.99999995283604604,8.1349255633216929e-07,5.382218432007158e-06,0.04477789236002905
6.875,61,0.00018871920542343288,2.2433151298185254e-05,0.99999998194090745,0.0018137950571392232,-0.99999835482860688,2.2081001755320797e-05,8.803169120924611e-06,0.046344970330688504
6.875,64,-0.0001301107063047767,-4.4023416828354265e-06,0.99999999152591168,-0.00031311892742366405,-0.99999995096843797,-4.4338279063969917e-06,-1.5252406291905392e-05,0.04477873193919349
6.875,68,-8.4784567455980479e-06,-1.7898528831645957e-06,0.99999999996245603,0.00073862634687367067,-0.99999972721399277,-1.7492546718068227e-06,4.322276445576455e-06,0.045685863655117724
6.875,69,9.2920691532644002e-06,5.5106072359380969e-06,0.99999999994164535,0.0014118327962840942,-0.99999900334848058,5.4955302737147791e-06,1.2435794979555703e-05,0.046113750683499315
6.875,72,1.8224490316598664e-06,-1.3636997600109631e-06,0.99999999999740952,-0.00043001970436780948,-0.99999990754059687,-1.3607203815216028e-06,4.186881094246225e-07,0.044799438383836966
6.875,76,1.7712145341052482e-05,9.0594318543503919e-06,0.99999999980210341,0.00074601731030254632,-0.99999972168848295,9.0071804795099451e-06,5.140544648211445e-06,0.0456847493296156
6.875,78,-0.00029413580108790131,1.7262465396356241e-05,0.99999995659306806,-0.0054354362220084438,-0.99998522778517229,1.5636935805846545e-05,6.444643329875905e-05,0.0424319277825859
6.875,80,0.00032489628826159523,-3.5777149637926873e-05,0.9999999465811974,-0.0054442317543773738,-0.99998517948316012,-3.3979944442232327e-05,-3.879849012103611e-06,0.0424388778200473
6.875,83,-5.461215170576994e-05,3.9711322989793819e-06,0.99999999850087151,-0.0028450250243123622,-0.99999595290127674,3.6984659316114549e-06,-1.1427021653965175e-05,0.04349060218067115
6.875,85,1.3728052372395333e-05,-8.6338728270850186e-06,0.99999999986849852,-0.0044949338273132843,-0.9999898976972047,-8.5686642357953595e-06,2.1714091232551857e-05,0.042808251281252103
6.875,88,7.3553496329255126e-05,-1.8062261068327232e-05,0.99999999713181886,-0.0028573132983051282,-0.9999959177149832,-1.7722414650813238e-05,3.725580945121673e-05,0.04349328171721102
6.899999976158142,57,-0.0001656516534279839,-1.0060925166818452e-05,0.99999998622915354,0.0018044883685521755,-0.99999837186197427,-9.7533715904872008e-06,2.9199971916503885e-05,0.046226890541088195
6.899999976158142,60,0.00012903706864588811,7.6962641433334601e-07,0.99999999167442133,-0.0003074180044314158,-0.99999995274676301,8.01345889623414e-07,5.376981375086258e-06,0.044654419270653806
6.899999976158142,61,0.0001893409613634699,2.2472224195982652e-05,0.99999998182249972,0.0018179710816054095,-0.9999983472446019,2.2118113728602809e-05,8.762776390486486e-06,0.04622340357575654
6.899999976158142,64,-0.00013032613606881957,-4.3820557715413867e-06,0.99999999149794783,-0.00031335809542385232,-0.99999995089361049,-4.4136987547893857e-06,-1.528908343620036e-05,0.0446552576774643
6.899999976158142,68,-8.6013265753019127e-06,-1.7966456965337754e-06,0.99999999996139466,0.0007403214037959671,-0.99999972596053066,-1.7557845561122853e-06,4.335611710409322e-06,0.04556304585777812
6.899999976158142,69,9.32911615213961e-06,5.5210138310320628e-06,0.999999999941243,0.0014150872034610999,-0.999998998748445,5.5058446272598461e-06,1.2487010255796603e-05,0.04599168575300182
6.899999976158142,72,1.813399401086464e-06,-1.3588392824542233e-06,0.99999999999743261,-0.00042967694233784728,-0.99999990768793912,-1.3558829917057098e-06,4.063961856217407e-07,0.04467613900088188
6.899999976158142,76,1.7880162759643702e-05,9.0830378699357039e-06,0.99999999979889909,0.00074774009255354208,-0.99999972040156337,9.030444799086374e-06,5.184376855437881e-06,0.045561927991109134
6.899999976158142,78,-0.00029379652429959845,1.7263672786705738e-05,0.99999995669278308,-0.0054320951163732102,-0.99998524594016214,1.5640977906791154e-05,6.435095357605153e-05,0.04230980843742443
6.899999976158142,80,0.00032449275879886517,-3.5768893357278094e-05,0.99999994671251635,-0.0054409072835386743,-0.99998519757726068,-3.3974971869200958e-05,-3.886928325798103e-06,0.042316749119807213
6.899999976158142,83,-5.4424541986923846e-05,3.9688636481208416e-06,0.99999999851110866,-0.0028432363583918573,-0.9999959579885026,3.696928082253684e-06,-1.1487366850989346e-05,0.043367745315818364
6.899999976158142,85,1.3694985324723573e-05,-8.6295872726762388e-06,0.9999999998689888,-0.0044921306133291266,-0.99998991029369932,-8.5645669682887236e-06,2.166815390952078e-05,0.04268586983652246
6.899999976158142,88,7.3301056835697927e-05,-1.8052815160062226e-05,0.99999999715052545,-0.0028555186709007855,-0.99999592284135674,-1.7713935163941569e-05,3.7231246868358156e-05,0.04337042137449955
6.925000011920929,57,-0.00016618382157822519,-1.0077113330257612e-05,0.99999998614069441,0.0018086383882571281,-0.99999836436454692,-9.7678726147663133e-06,2.9377850809892357e-05,0.04610533303135411
6.925000011920929,60,0.00012921678051533851,7.5732637565978763e-07,0.99999999165122488,-0.00030771062277818779,-0.99999995265677377,7.8918766960772661e-07,5.368628418097594e-06,0.04453094617906339
6.925000011920929,61,0.00018995832962517346,2.2510486224438065e-05,0.99999998170455529,0.0018221408942885773,-0.99999833965449325,2.2154419223735877e-05,8.721533522039222e-06,0.04610183507937758
6.925000011920929,64,-0.00013053354753066743,-4.3616596334918488e-06,0.9999999914709844,-0.00031359917519163514,-0.99999995081812609,-4.3934574037350697e-06,-1.5321238551758372e-05,0.04453178338291779
6.925000011920929,68,-8.7251641554070159e-06,-1.8033639134839159e-06,0.99999999996030964,0.00074201664674030646,-0.9999997247040574,-1.7622397900013188e-06,4.349656417756469e-06,0.04544022721424465
6.925000011920929,69,9.3661501941765655e-06,5.5312252714743414e-06,0.99999999994084032,0.0014183392028723576,-0.99999899414123394,5.5159636993320978e-06,1.2538161699818394e-05,0.04586961995778505
6.925000011920929,72,1.8046974264546397e-06,-1.3539450746959675e-06,0.99999999999745504,-0.00042933538693974439,-0.99999990783464598,-1.3510117607131511e-06,3.945843672384221e-07,0.04455283982114481
6.925000011920929,76,1.8049523028157544e-05,9.1063035865587669e-06,0.99999999979564491,0.00074946274032454147,-0.99999971911177943,9.05336846376518e-06,5.228006778319113e-06,0.04543910584425453
6.925000011920929,78,-0.00029345051668079234,1.726430648676109e-05,0.99999995679436804,-0.005428735816360916,-0.99998526418277101,1.564448722007752e-05,6.425681044056648e-05,0.042187692129413035
6.925000011920929,80,0.000324082288325862,-3.5759503713203277e-05,0.99999994684596261,-0.0054375641829331207,-0.99998521576164812,-3.3968908403844514e-05,-3.896183475297991e-06,0.04219462328157895
6.925000011920929,83,-5.4236977010229359e-05,3.9664620330464859e-06,0.99999999852130883,-0.0028414459238167711,-0.99999596307755523,3.6952610714083596e-06,-1.1545478377661562e-05,0.04324489012096948
6.925000011920929,85,1.3661881984991135e-05,-8.6250391761303806e-06,0.99999999986948085,-0.0044893171840427433,-0.99998992292819822,-8.5602074439670311e-06,2.162205201826557e-05,0.04256349038255651
6.925000011920929,88,7.3048908443313111e-05,-1.8042804290361753e-05,0.999999997169157,-0.002853721838796462,-0.99999592797081105,-1.7704894136914915e-05,3.7204722501467906e-05,0.04324756263083238
6.949999988079071,57,-0.00016671611890401597,-1.0093255972543349e-05,0.99999998605193097,0.0018127862460545756,-0.99999835685381611,-9.7823238046626321e-06,2.955585096181921e-05,0.04598377455436883
6.949999988079071,60,0.00012939534678252948,7.4500631615751097e-07,0.99999999162814446,-0.00030800451904437916,-0.99999995256630525,7.7700941601787387e-07,5.359655006025263e-06,0.04440747305349121
6.949999988079071,61,0.00019057592819105335,2.254866103590165e-05,0.99999998158618653,0.0018263084570942561,-0.99999833205110655,2.2190632339167094e-05,8.680300967566732e-06,0.04598026561382943
6.949999988079071,64,-0.00013073966017710238,-4.3412140749855381e-06,0.99999999144414753,-0.00031384143404683057,-0.99999995074221359,-4.3731665607200785e-06,-1.535253031673064e-05,0.04440830904665799
6.949999988079071,68,-8.8494246666988715e-06,-1.8100778494662404e-06,0.99999999995920574,0.00074371123952593488,-0.99999972344519361,-1.7686898265335546e-06,4.363950847135155e-06,0.04531740817643981
6.949999988079071,69,9.40324828100834e-06,5.5414182043462166e-06,0.99999999994043587,0.0014215896598287279,-0.99999898952564037,5.5260639354286195e-06,1.2589395495819883e-05,0.045747553559981606
6.949999988079071,72,1.7960621381722187e-06,-1.3490377082086421e-06,0.99999999999747713,-0.00042899459023076387,-0.99999990798091054,-1.3461273730055847e-06,3.828640897481584e-07,0.04442954065905597
6.949999988079071,76,1.8219472027686404e-05,9.1295431035124395e-06,0.99999999979235121,0.00075118471573130962,-0.99999971781953234,9.0762646692484562e-06,5.2716053239119195e-06,0.04531628330307572
6.949999988079071,78,-0.00029310286626833137,1.7264834597584124e-05,0.99999995689631693,-0.0054253670377798031,-0.99998528246552143,1.5647900590461511e-05,6.416273968462045e-05,0.042065577310184094
6.949999988079071,80,0.00032367005964519782,-3.5749894590189252e-05,0.99999994697981742,-0.0054342115352828402,-0.99998523398674699,-3.3962635658538038e-05,-3.90577877684069e-06,0.042072498892439816
6.949999988079071,83,-5.4049206846015898e-05,3.9640316040381889e-06,0.99999999853148491,-0.0028396531814018047,-0.99999596816995573,3.6935663126021187e-06,-1.160315915486621e-05,0.04312203560548244
6.949999988079071,85,1.3628733730124153e-05,-8.6204378142740235e-06,0.9999999998699729,-0.0044864971556983655,-0.99998993558438887,-8.5557947986031309e-06,2.15758710846613e-05,0.04244111198927709
6.949999988079071,88,7.279653075454364e-05,-1.8032676676724548e-05,0.99999999718774391,-0.0028519226041588564,-0.99999593310389057,-1.7695737437025374e-05,3.7177733862314016e-05,0.04312470455073634
6.975000023841858,57,-0.00016724895283088962,-1.0109384828525741e-05,0.99999998596279405,0.0018169322690140067,-0.99999834932921439,-9.7967560654160161e-06,2.9733953382586752e-05,0.04586221519500552
6.975000023841858,60,0.00012957334211642892,7.326654833151181e-07,0.99999999160510611,-0.00030829961206933114,-0.99999995247538087,7.648105326808498e-07,5.350301868756329e-06,0.044283999891471394
6.975000023841858,61,0.00019119419648947343,2.2586818111276447e-05,0.9999999814673074,0.001830474142503662,-0.99999832443378733,2.2226821640238757e-05,8.63916603812082e-06,0.04585869525277439
6.975000023841858,64,-0.0001309451180913288,-4.3207253666488957e-06,0.99999999141735374,-0.00031408479274563824,-0.99999995066589664,-4.352832677073868e-06,-1.5383310448304615e-05,0.04428483466846461
6.975000023841858,68,-8.9740545866588057e-06,-1.8167941908904051e-06,0.99999999995808286,0.00074540509983220661,-0.99999972218400457,-1.7751412693160289e-06,4.378453591423533e-06,0.04519458878973287
6.975000023841858,69,9.4404175567163383e-06,5.5516095827501838e-06,0.99999999994002908,0.0014248386518682923,-0.99999898490156824,5.5361622692373224e-06,1.2640725362174042e-05,0.04562548658705634
6.975000023841858,72,1.7874668616315224e-06,-1.3441192659726897e-06,0.99999999999749911,-0.00042865450296627664,-0.99999990812675488,-1.3412319220250615e-06,3.7119838881060457e-07,0.04430624149736182
6.975000023841858,76,1.8389935895008576e-05,9.152786454697657e-06,0.99999999978901843,0.00075290596483042725,-0.99999971652486652,9.0991633624650812e-06,5.315185855947482e-06,0.045193460409320124
6.975000023841858,78,-0.0002927540747718815,1.726530243474082e-05,0.99999995699847966,-0.0054219896505598667,-0.99998530078360015,1.5651260234084248e-05,6.406862094216715e-05,0.0419434638307989
6.975000023841858,80,0.0003232565855009992,-3.5740154752783328e-05,0.99999994711390927,-0.0054308502455552264,-0.9999852522475442,-3.3956239186946431e-05,-3.915535694026113e-06,0.041950375816764925
6.975000023841858,83,-5.3861212160827499e-05,3.9615824817011e-06,0.99999999854163779,-0.0028378580846821649,-0.99999597326582357,3.6918536424278757e-06,-1.1660583048458962e-05,0.04299918167471341
6.975000023841858,85,1.3595540688035769e-05,-8.615803577941347e-06,0.99999999987046451,-0.0044836708970784822,-0.99998994826056176,-8.5513494039004336e-06,2.1529620674417122e-05,0.042318734567845025
6.975000023841858,88,7.2543880180056349e-05,-1.8022475956380497e-05,0.99999999720628796,-0.0028501209536747583,-0.99999593824061928,-1.7686508448149489e-05,3.715042767993428e-05,0.04300184704498581
7.0,57,-0.00016778231468292273,-1.0125499576977551e-05,0.99999998587328454,0.0018210764451094632,-0.99999834179078617,-9.8111690904956113e-06,2.9912152246177783e-05,0.04574065495166297
7.0,60,0.00012975076091952526,7.2030414965828735e-07,0.9999999915821105,-0.00030859589151701103,-0.99999995238400352,7.5259128853716157e-07,5.340567764160589e-06,0.044160526693680306
7.0,61,0.00019181312466762015,2.2624956748130084e-05,0.99999998134791812,0.0018346379379718281,-0.99999831680258144,2.2262986440829063e-05,8.598132641425763e-06,0.04573712399477407
7.0,64,-0.0001311499144165169,-4.300193962937512e-06,0.99999999139060414,-0.00031432924207936574,-0.99999995058917757,-4.3324562033147228e-06,-1.5413576011345087e-05,0.04416136024905128
7.0,68,-9.0990526192541506e-06,-1.8235127913449954e-06,0.999999999956941,0.00074709822605765986,-0.99999972092049416,-1.7815939734355347e-06,4.393167748645669e-06,0.04507176905577183
7.0,69,9.477657564711775e-06,5.5617992270793065e-06,0.99999999993962008,0.0014280861719898636,-0.9999989802690421,5.5462585215060678e-06,1.2692150668841825e-05,0.04550341904102468
7.0,72,1.7789121288891228e-06,-1.3391898556542789e-06,0.99999999999752098,-0.00042831511852908436,-0.99999990827218244,-1.3363255149179142e-06,3.5958792719151076e-07,0.044182942336861354
7.0,76,1.8560913054187614e-05,9.1760331896445666e-06,0.99999999978564647,0.00075462648543075006,-0.99999971522778708,9.1220640944371874e-06,5.358744943131203e-06,0.0450706371646946
7.0,78,-0.00029240415254290009,1.7265710015298683e-05,0.99999995710085254,-0.0054186036839942052,-0.99998531913676125,1.5654566082490907e-05,6.39744564191099e-05,0.041821351692342815
7.0,80,0.00032284187830174555,-3.5730284552079814e-05,0.99999994724823282,-0.0054274803425047001,-0.99998527054379582,-3.3949719240012298e-05,-3.9254532637605495e-06,0.041828254055872885
7.0,83,-5.3672998398829109e-05,3.9591147196653754e-06,0.99999999855176724,-0.0028360606400028867,-0.99999597836512788,3.6901230929464077e-06,-1.1717749091080957e-05,0.042876328330009046
7.0,85,1.3562303921893591e-05,-8.6111366172643266e-06,0.99999999987095611,-0.0044808384290466003,-0.99998996095657067,-8.5468714039229618e-06,2.148330221249075e-05,0.04219635811946129
7.0,88,7.2290964281471364e-05,-1.8012202421072742e-05,0.99999999722478861,-0.0028483168938257994,-0.99999594338096631,-1.767720743304227e-05,3.712280565704504e-05,0.04287899011501867
