time,node,temperature,ux,uy,uz,rx,ry,rz,heat_reaction
0.10000000149011612,1,300.0,-2.8731769820793215e-39,4.5047712152150321e-39,-3.6886637915514633e-40,-20.049674289292518,0.051659869804193945,-0.02613784455662017,-48.70061100468674
0.10000000149011612,2,346.9203059962957,-4.799068111552066e-07,2.8376654483900148e-08,1.1399120807953685e-09,0.0,0.0,0.0,0.0
0.10000000149011612,3,346.8335545660561,-4.9412024572682968e-07,2.3774161226372378e-08,-9.2824119500966389e-10,0.0,0.0,0.0,0.0
0.10000000149011612,4,300.0,1.9670398446872643e-35,-2.0372257672800062e-37,-9.734142724603987e-39,-40.181995698726304,0.57716733341376814,0.030301418423670019,-97.79703227577602
0.10000000149011612,5,300.0,-3.3254579000675637e-39,5.522063593904647e-39,-4.5631259747866934e-40,-20.050204481100362,0.051797826287820897,0.027259193571552445,-48.70061100468683
0.10000000149011612,6,346.9203059962956,-4.7976143821493401e-07,2.8381538098877164e-08,-1.2265543505185219e-09,0.0,0.0,0.0,0.0
0.10000000149011612,7,346.8335545660561,-4.9403503772574597e-07,2.3783563782045111e-08,8.6626915862063862e-10,0.0,0.0,0.0,0.0
0.10000000149011612,8,300.0,1.967052505191581e-35,-2.0437593571764634e-37,8.4314748061768271e-39,-40.18370096961209,0.57688249953272308,-0.029298468016555758,-97.79703227577593
0.10000000149011612,9,323.46015299814786,-2.3628160139715165e-07,8.7395236527036733e-09,-1.0492394212041382e-10,0.0,0.0,0.0,0.0
0.10000000149011612,10,346.8769302811759,-4.9051553998527682e-07,2.6237818644221451e-08,-5.1323832326766539e-11,0.0,0.0,0.0,0.0
0.10000000149011612,11,323.41677728302807,-2.4670461359838405e-07,1.0137741873089791e-08,2.046794318518894e-10,0.0,0.0,0.0,0.0
0.10000000149011612,12,300.0,5.3142619047304189e-39,-4.7344669978280666e-39,1.0047554338264302e-39,80.019655604821551,-0.70801701920458393,0.0072646604537571248,0.0
0.10000000149011612,13,300.0,-4.944347402368083e-39,6.4505843975094054e-39,6.4351494671499506e-41,79.598971095011493,-0.98135768709863924,1.0636503644387112e-05,0.0
0.10000000149011612,14,346.92030599629567,-4.8181632689138234e-07,2.907616778444092e-08,-4.3354802264498753e-11,0.0,0.0,0.0,0.0
0.10000000149011612,15,346.8335545660561,-4.923824281120679e-07,2.3821072943970129e-08,-3.0998303373106089e-11,0.0,0.0,0.0,0.0
0.10000000149011612,16,300.0,-7.986762382796468e-35,1.4688267301208828e-36,-1.0145274258444837e-39,163.36813333320595,-2.0529176302211987,-0.00075882116811748111,0.0
0.10000000149011612,17,323.4601529981478,-2.3623161058784871e-07,8.7303661236010415e-09,9.6365440387319118e-11,0.0,0.0,0.0,0.0
0.10000000149011612,18,346.8769302811759,-4.9039570321599062e-07,2.6245115708174718e-08,-2.4507218351632305e-11,0.0,0.0,0.0,0.0
0.10000000149011612,19,323.41677728302807,-2.4666980007418255e-07,1.0125435423433442e-08,-2.1218619422562779e-10,0.0,0.0,0.0,0.0
0.10000000149011612,20,300.0,6.0515296143162778e-39,-4.6512520181480963e-39,7.0872789983443633e-40,80.015666424739791,-0.70812175851442072,-0.0094790286501231676,0.0
0.10000000149011612,21,346.8595834044196,-4.9809131409688393e-07,2.0505543400333488e-08,-5.7551200879812556e-10,0.0,0.0,0.0,0.0
0.10000000149011612,22,300.0,2.0230001351209738e-35,-4.6907155858404508e-37,-1.2335025656175463e-38,-41.170732846736655,0.95044898939220124,0.01451357759785901,-97.68704551880074
0.10000000149011612,23,346.85958340441965,-4.9808767090271583e-07,2.0516212758691019e-08,5.5735169199445811e-10,0.0,0.0,0.0,0.0
0.10000000149011612,24,300.0,2.0229633433574055e-35,-4.6818609138159233e-37,1.2817669177411168e-38,-41.17112901766798,0.94983209182101458,-0.014917892983265296,-97.68704551880067
0.10000000149011612,25,346.8465689852378,-4.9862272745667172e-07,2.1988062646185767e-08,-8.0776787531813246e-10,0.0,0.0,0.0,0.0
0.10000000149011612,26,323.4297917022098,-2.4892912309169612e-07,1.0815960159064555e-08,1.4526526973801435e-10,0.0,0.0,0.0,0.0
0.10000000149011612,27,300.0,-1.6102732814388238e-40,8.7783542969575447e-39,-7.3280969254865189e-40,81.726473883954668,-1.5637503569347473,-0.015502805122196553,0.0
0.10000000149011612,28,346.8595834044196,-4.9719442857138904e-07,2.0337824540747786e-08,-9.0638282656307445e-12,0.0,0.0,0.0,0.0
0.10000000149011612,29,300.0,-8.0062032756213239e-35,1.2974366315147313e-36,-8.993167107482712e-40,166.10713328227311,-2.7048504676710579,-0.00051855435404429395,0.0
0.10000000149011612,30,346.84656898523787,-4.9857478045282167e-07,2.1997974698186595e-08,7.6746401977188248e-10,0.0,0.0,0.0,0.0
0.10000000149011612,31,323.42979170220985,-2.4892025735945814e-07,1.0802982940425273e-08,-1.5384546003574545e-10,0.0,0.0,0.0,0.0
0.10000000149011612,32,300.0,-8.0746871433343671e-40,9.9419906793424045e-39,-4.0827834524650188e-40,81.724947575398559,-1.5638736799820241,0.014967224220921727,0.0
0.10000000149011612,33,346.9168520130638,-5.0016212057199279e-07,2.3265603338611655e-08,4.9024072899748584e-10,0.0,0.0,0.0,0.0
0.10000000149011612,34,300.0,2.0884560750996279e-35,-3.0196072237152999e-37,1.0022581786410496e-39,-42.35153722849941,0.62647506224108951,-0.01755540063354364,-97.51234256176048
0.10000000149011612,35,346.9168520130639,-5.0019114517429519e-07,2.3257793533839596e-08,-4.8332650245298596e-10,0.0,0.0,0.0,0.0
0.10000000149011612,36,300.0,2.0883995920944503e-35,-3.0218317553017616e-37,-1.5078975445220025e-39,-42.350991833771701,0.62713230605843917,0.016978361069051411,-97.51234256176029
0.10000000149011612,37,346.8882177087417,-4.9834736919535729e-07,2.1712411990092889e-08,-2.4233791118779001e-11,0.0,0.0,0.0,0.0
0.10000000149011612,38,323.4584260065319,-2.5074727848785113e-07,1.0243679790312442e-08,-1.2105790956480541e-10,0.0,0.0,0.0,0.0
0.10000000149011612,39,300.0,3.3940454668204345e-40,-3.4996838940274571e-39,1.6605624501542481e-40,83.428468620515218,-1.6018152113144397,0.004853308734948345,0.0
0.10000000149011612,40,346.9168520130638,-5.0105525854602091e-07,2.3176664956902234e-08,3.4702699977176971e-12,0.0,0.0,0.0,0.0
0.10000000149011612,41,300.0,-8.2196208727957323e-35,4.3275506847523885e-37,-2.8302506270759114e-40,168.34563129982797,-2.1106651484459653,3.3521891481916709e-05,0.0
0.10000000149011612,42,346.88821770874176,-4.9837191328207715e-07,2.1713744521555941e-08,1.9788214314949894e-11,0.0,0.0,0.0,0.0
0.10000000149011612,43,323.4584260065319,-2.5075251430541256e-07,1.0239012129555349e-08,1.1631943953427808e-10,0.0,0.0,0.0,0.0
0.10000000149011612,44,300.0,1.0297089407302722e-39,-5.3727383305429768e-39,3.3927051848269225e-40,83.426653538620542,-1.6016144307253386,-0.0040423607705932698,0.0
0.10000000149011612,45,346.8593679492057,-5.1338970872748311e-07,2.8711246510415612e-08,3.673088704853787e-10,0.0,0.0,0.0,0.0
0.10000000149011612,46,300.0,-2.0084440278461148e-39,-2.2564313541591731e-39,-4.1638583373068488e-43,-21.248791756554642,0.027049012052081482,-0.00054251959622694335,-48.92760813124808
0.10000000149011612,47,346.85936794920576,-5.1339947199209615e-07,2.8700071411042436e-08,-3.5530462085886215e-10,0.0,0.0,0.0,0.0
0.10000000149011612,48,300.0,-1.9537128860819822e-39,-2.5996817815875957e-39,-1.3785352315971254e-40,-21.248956200740949,0.027372932055861807,0.00059663165614263353,-48.92760813124806
0.10000000149011612,49,346.8881099811348,-5.0356948549648528e-07,2.616557543784405e-08,4.9641525673881015e-10,0.0,0.0,0.0,0.0
0.10000000149011612,50,323.4296839746029,-2.5997488451798161e-07,8.6849833180820203e-09,-1.4765735340012272e-10,0.0,0.0,0.0,0.0
0.10000000149011612,51,300.0,3.4582613461008272e-39,-8.3164727842745558e-40,1.5971875527633399e-40,85.619959097773432,-0.64527327763858056,0.0026051616559667036,0.0
0.10000000149011612,52,346.85936794920576,-5.1396714027249091e-07,2.8894636989294935e-08,5.9915660622298971e-12,0.0,0.0,0.0,0.0
0.10000000149011612,53,300.0,-3.4548762989688812e-39,-6.9751648846535752e-39,-1.5523169875106756e-40,86.018551101733038,-1.173635466820024,0.00047013071734798855,0.0
0.10000000149011612,54,346.8881099811348,-5.0359000159931083e-07,2.6156160641408279e-08,-4.8655128522009661e-10,0.0,0.0,0.0,0.0
0.10000000149011612,55,323.4296839746029,-2.5998097890637224e-07,8.6824380868833659e-09,1.4950933016740703e-10,0.0,0.0,0.0,0.0
0.10000000149011612,56,300.0,3.2783923774157363e-39,-2.3033859489403041e-40,-3.7914617997279232e-41,85.620318412353427,-0.64480189912444819,-0.0022414859969726204,0.0
0.10000000149011612,57,353.11999888818957,-4.8733573632214507e-07,4.7465292112701168e-07,-2.4786681983219532e-39,0.0,0.0,0.046746823760203025,0.0
0.10000000149011612,58,400.0,-1.0000000000000002e-06,5.0000000000000008e-07,-8.5196293471777072e-40,49.80110835699481,-0.8070579931765175,0.01712242964677799,117.19219833538527
0.10000000149011612,59,400.0,-1.0000000000000002e-06,5.0000000000000008e-07,3.1501313370232506e-39,83.056885468185513,-1.1409215977251042,0.0064292041608263991,195.30812981179676
0.10000000149011612,60,353.1251072516273,-5.0305850790758706e-07,4.8016257748311145e-07,1.2341053536351086e-38,0.0,0.0,-0.018838251376924749,0.0
0.10000000149011612,61,353.1199988881897,-4.8718395609686817e-07,4.7468301673007532e-07,4.0107449520819356e-10,0.0,0.0,0.0,0.0
0.10000000149011612,62,400.0,-1.0000000000000002e-06,5.0000000000000008e-07,-1.1172602028419898e-10,49.801675439548774,-0.80610020545280336,0.0,117.19219833538547
0.10000000149011612,63,400.0,-1.0000000000000002e-06,5.0000000000000008e-07,2.5082731196045184e-11,83.052283971139502,-1.1386826850556993,0.0,195.30812981179702
0.10000000149011612,64,353.1251072516272,-5.0308811483776945e-07,4.8016436468183652e-07,-1.3290667344552555e-10,0.0,0.0,0.0,0.0
0.10000000149011612,65,376.5599994440948,-7.4120779922950592e-07,4.9105853964109001e-07,-4.6563366061152583e-40,0.0,0.0,-0.064429646832327644,0.0
0.10000000149011612,66,400.0,-1.0000000000000002e-06,5.0000000000000008e-07,1.7747752564607985e-39,-201.42699372775596,2.9829417426386762,-0.013880186886709068,0.0
0.10000000149011612,67,376.5625536258136,-7.5195325863952345e-07,4.8966439002665268e-07,-2.0087105400129475e-38,0.0,0.0,0.016028192662688085,0.0
0.10000000149011612,68,353.12255306990846,-5.0077985089625107e-07,4.7763798816018477e-07,2.7753308434746583e-39,0.0,0.0,0.012036975299610083,0.0
0.10000000149011612,69,353.1199988881896,-4.8791029189232706e-07,4.7464378109909589e-07,1.4665001370715749e-10,0.0,0.0,0.0,0.0
0.10000000149011612,70,400.0,-1.0000000000000002e-06,5.0000000000000008e-07,-5.802282204008318e-13,-203.88384137042135,2.7104011654125086,0.0,0.0
0.10000000149011612,71,400.0,-1.0000000000000002e-06,5.0000000000000008e-07,-1.7286209349429795e-11,-330.96329983142857,4.4738392211953775,0.0,0.0
0.10000000149011612,72,353.12510725162724,-5.0279546106194683e-07,4.8015356305399854e-07,-3.7533019672864217e-11,0.0,0.0,0.0,0.0
0.10000000149011612,73,376.55999944409484,-7.4109833713983285e-07,4.91080943836546e-07,-4.7276313247037194e-11,0.0,0.0,0.0,0.0
0.10000000149011612,74,400.0,-1.0000000000000002e-06,5.0000000000000008e-07,-5.3702572496317245e-11,-201.43631422570905,2.9891868536598936,0.0,0.0
0.10000000149011612,75,376.5625536258136,-7.5196642599971744e-07,4.8967037424060929e-07,2.0044287999734969e-11,0.0,0.0,0.0,0.0
0.10000000149011612,76,353.12255306990846,-5.0070692563458931e-07,4.7766071085783959e-07,1.3007675426101904e-10,0.0,0.0,0.0,0.0
0.10000000149011612,77,400.0,-1.0000000000000002e-06,5.0000000000000008e-07,-3.2456350603259575e-40,32.954925822759684,-0.31037668877911384,-0.0036428284472503451,78.12431134508967
0.10000000149011612,78,353.1324498432848,-5.1764127138019892e-07,4.7331332235459984e-07,-2.0043371251584503e-39,0.0,0.0,0.00148288722982191,0.0
0.10000000149011612,79,400.0,-1.0000000000000002e-06,5.0000000000000008e-07,6.7554523006100954e-12,32.956975790697911,-0.31105508151836647,0.0,78.12431134508967
0.10000000149011612,80,353.1324498432848,-5.1764969330426628e-07,4.7329989219249588e-07,2.816022425448545e-11,0.0,0.0,0.0,0.0
0.10000000149011612,81,400.0,-1.0000000000000002e-06,5.0000000000000008e-07,9.016373559177616e-40,-130.19016940813663,1.5469187453040709,0.0049355265154982621,0.0
0.10000000149011612,82,376.5662249216424,-7.6147147774726201e-07,4.9146957774347888e-07,-9.2885803289567301e-40,0.0,0.0,0.0043394317775202387,0.0
0.10000000149011612,83,353.128778547456,-5.0648085133911772e-07,4.7658581351422609e-07,2.7279158593437891e-39,0.0,0.0,-0.0071892032820958214,0.0
0.10000000149011612,84,400.0,-1.0000000000000002e-06,5.0000000000000008e-07,1.648211904102947e-11,-128.54659168709745,1.8600540125833462,0.0,0.0
0.10000000149011612,85,353.1324498432848,-5.1773842723166202e-07,4.7332648424068412e-07,4.4128767653866893e-13,0.0,0.0,0.0,0.0
0.10000000149011612,86,400.0,-1.0000000000000002e-06,5.0000000000000008e-07,2.1697853789927879e-11,-130.18949354630345,1.5457286219503905,0.0,0.0
0.10000000149011612,87,376.5662249216424,-7.6148863618881529e-07,4.9146025533016773e-07,-1.7897332002828567e-12,0.0,0.0,0.0,0.0
0.10000000149011612,88,353.128778547456,-5.0650754763047468e-07,4.7657550423827677e-07,-6.5749015609484381e-11,0.0,0.0,0.0,0.0
0.20000000298023224,1,300.0,-9.6361778808680519e-41,1.6668369387188588e-40,1.6346802877550616e-42,-39.49349817089837,0.13881139079595517,-0.05033206514963711,-59.25789044416935
0.20000000298023224,2,347.6425399956276,-9.3306912731189218e-07,1.0347517361759528e-07,1.9661214666237221e-09,0.0,0.0,0.0,0.0
0.20000000298023224,3,347.57362123366124,-9.836813203807195e-07,8.6530742794522225e-08,-2.1479090935470602e-09,0.0,0.0,0.0,0.0
0.20000000298023224,4,300.0,3.8156999259333185e-35,-9.5806143725473466e-37,-2.3065141574138474e-38,-79.129523777382161,2.1189183593443488,0.064238153223850333,-118.81500181577873
0.20000000298023224,5,300.0,-9.9203086961882546e-41,1.7147945535174729e-40,-9.45820412762294e-42,-39.494748323988894,0.13923027511348263,0.053544260794480041,-59.25789044416927
0.20000000298023224,6,347.64253999562766,-9.3267932672537948e-07,1.0348527900529989e-07,-2.1748126718484554e-09,0.0,0.0,0.0,0.0
0.20000000298023224,7,347.5736212336613,-9.834480525106173e-07,8.6555661457110276e-08,2.0012421085727537e-09,0.0,0.0,0.0,0.0
0.20000000298023224,8,300.0,3.8158418359162023e-35,-9.5800277100733203e-37,2.103809366317975e-38,-79.133524278301934,2.1183941725804378,-0.060980281588460639,-118.81500181577867
0.20000000298023224,9,323.82126999781383,-4.5398437214624614e-07,3.2006961481034518e-08,-7.6818354551958112e-11,0.0,0.0,0.0,0.0
0.20000000298023224,10,347.60808061464445,-9.6924114719085436e-07,9.5657184537405215e-08,-4.6723380195034549e-10,0.0,0.0,0.0,0.0
0.20000000298023224,11,323.7868106168306,-4.8991420278749195e-07,3.6889829501302245e-08,4.6995701642490994e-10,0.0,0.0,0.0,0.0
0.20000000298023224,12,300.0,2.1387328930659172e-40,-1.8049375197740052e-40,7.1990758200920444e-42,156.08241969638942,-2.4123476145304075,0.012714520663045983,0.0
0.20000000298023224,13,300.0,-7.8676859294326288e-41,1.2648213974575908e-40,3.9907933823118444e-43,153.87880678707302,-3.8209988819758416,-0.00079701904848276462,0.0
0.20000000298023224,14,347.64253999562766,-9.3626449458948579e-07,1.0505783068646248e-07,-1.0452313519137583e-10,0.0,0.0,0.0,0.0
0.20000000298023224,15,347.57362123366124,-9.7977198604647685e-07,8.6531403991871454e-08,-7.3405208205801458e-11,0.0,0.0,0.0,0.0
0.20000000298023224,16,300.0,-1.5450151170461011e-34,5.7678427655479688e-36,-2.5967744204782495e-39,322.44562155807557,-7.6400890460625686,-0.0031017284224420178,0.0
0.20000000298023224,17,323.82126999781383,-4.5385583406828429e-07,3.1983891175790166e-08,6.5338463455010473e-11,0.0,0.0,0.0,0.0
0.20000000298023224,18,347.60808061464445,-9.6891708030896953e-07,9.5674862168541045e-08,2.859739373123178e-10,0.0,0.0,0.0,0.0
0.20000000298023224,19,323.7868106168306,-4.8982465234195103e-07,3.6858555433819888e-08,-4.7913646035334603e-10,0.0,0.0,0.0,0.0
0.20000000298023224,20,300.0,2.1622910608981846e-40,-1.7592896112561677e-40,8.5231041563086305e-42,156.07295559083391,-2.4126442493559455,-0.0198410908064032,0.0
0.20000000298023224,21,347.5948156259168,-9.9712275493782928e-07,7.4865417676447744e-08,-1.1774488328360498e-09,0.0,0.0,0.0,0.0
0.20000000298023224,22,300.0,3.9425304038450573e-35,-1.8167486713929922e-36,-2.941083531674279e-38,-82.314914866796272,3.5901885406705021,0.030552307061017817,-118.7343492988048
0.20000000298023224,23,347.5948156259168,-9.9711154297467329e-07,7.4902337079973274e-08,1.1451058475104158e-09,0.0,0.0,0.0,0.0
0.20000000298023224,24,300.0,3.9422618216670607e-35,-1.8154475523757933e-36,2.8948258944487427e-38,-82.315684108344186,3.5883250787308829,-0.031149669481426764,-118.73434929880479
0.20000000298023224,25,347.584218429789,-9.9686471507748292e-07,8.0120650992585455e-08,-1.7687446471727257e-09,0.0,0.0,0.0,0.0
0.20000000298023224,26,323.7974078129584,-4.9808843270835577e-07,3.9250237658171675e-08,3.0779328179846577e-10,0.0,0.0,0.0,0.0
0.20000000298023224,27,300.0,-2.9871977193835218e-43,2.67569823233335e-40,2.0353127241976478e-42,162.67364354796504,-5.801482532997702,-0.033542020609869619,0.0
0.20000000298023224,28,347.5948156259168,-9.9522426701646405e-07,7.4481444674336601e-08,-1.6094555372199541e-11,0.0,0.0,0.0,0.0
0.20000000298023224,29,300.0,-1.5531132285237412e-34,4.7891737444247353e-36,-3.664316636063382e-39,332.3441871701333,-9.6792471074022863,-0.0014229488872160461,0.0
0.20000000298023224,30,347.5842184297891,-9.9673081652723407e-07,8.0151165163117797e-08,1.6784743786341312e-09,0.0,0.0,0.0,0.0
0.20000000298023224,31,323.7974078129584,-4.9807104023973671e-07,3.9215193671480839e-08,-3.2190944401488929e-10,0.0,0.0,0.0,0.0
0.20000000298023224,32,300.0,-1.6234679949765186e-43,2.7018178689686536e-40,-7.3155076341253714e-42,162.67072675255554,-5.8019621101346477,0.031137220874052983,0.0
0.20000000298023224,33,347.6415762570857,-1.0041289391668603e-06,8.4671426135787959e-08,1.3525883094553296e-09,0.0,0.0,0.0,0.0
0.20000000298023224,34,300.0,4.1813009790406691e-35,-9.9042959852267288e-37,5.0847004890594856e-39,-85.959299670899583,2.307181154658184,-0.044066188143629038,-118.60910672213575
0.20000000298023224,35,347.6415762570857,-1.0042483563564244e-06,8.4666158108581672e-08,-1.3078697377692755e-09,0.0,0.0,0.0,0.0
0.20000000298023224,36,300.0,4.1812004514990306e-35,-9.9046816386288986e-37,-5.1158250229611651e-39,-85.957254595664125,2.3083665207067376,0.042005366067169946,-118.60910672213576
0.20000000298023224,37,347.61819594150126,-9.9794721920620306e-07,7.9093010319881624e-08,1.2518642190970401e-10,0.0,0.0,0.0,0.0
0.20000000298023224,38,323.82078812854286,-5.0492027064696977e-07,3.7213033973067338e-08,-3.2340351778035161e-10,0.0,0.0,0.0,0.0
0.20000000298023224,39,300.0,-4.5068411469809409e-41,3.8166457433229522e-41,-1.4038644372664924e-41,167.63502509656595,-5.9984375891189829,0.012055839527882159,0.0
0.20000000298023224,40,347.6415762570857,-1.0065687721271501e-06,8.445975106225626e-08,2.2429731773901254e-11,0.0,0.0,0.0,0.0
0.20000000298023224,41,300.0,-1.6326658911124481e-34,1.4482469798887133e-36,-1.2399627290282906e-39,340.92263979990582,-7.6631864871956274,0.00071485880574079664,0.0
0.20000000298023224,42,347.61819594150126,-9.9802960356050366e-07,7.910885043773041e-08,-1.1617124539924118e-10,0.0,0.0,0.0,0.0
0.20000000298023224,43,323.82078812854286,-5.0495055874068599e-07,3.7198309405478605e-08,3.1347015211873251e-10,0.0,0.0,0.0,0.0
0.20000000298023224,44,300.0,-4.1835286670429913e-41,3.6640268609774616e-41,9.0441601823286627e-42,167.63176360246399,-5.9981978182938338,-0.0099473703661134387,0.0
0.20000000298023224,45,347.5965261875754,-1.053296545116037e-06,1.0399699903195311e-07,8.0333613848990332e-10,0.0,0.0,0.0,0.0
0.20000000298023224,46,300.0,-8.1673662564243212e-41,-4.5319166983356205e-41,-3.733932400044916e-42,-43.146958589051906,0.066891473375739904,0.0011336180752434157,-59.43680088478507
0.20000000298023224,47,347.5965261875754,-1.0533988345340701e-06,1.0397978941481983e-07,-7.3947047855161585e-10,0.0,0.0,0.0,0.0
0.20000000298023224,48,300.0,-8.312300193850399e-41,-4.8109534221215737e-41,-1.8220754785885283e-42,-43.147049965176066,0.067802239620547614,-0.0017290478881266259,-59.43680088478503
0.20000000298023224,49,347.61905122233054,-1.0181226973587092e-06,9.4988224720218796e-08,1.2846508966297045e-09,0.0,0.0,0.0,0.0
0.20000000298023224,50,323.7982630937877,-5.3827159070476748e-07,3.1677974369291131e-08,-3.881611755201687e-10,0.0,0.0,0.0,0.0
0.20000000298023224,51,300.0,1.4121106070105686e-40,-8.3951291679981993e-41,1.3125284568986225e-41,175.2246636146514,-2.3164807679965809,0.0064057979872236409,0.0
0.20000000298023224,52,347.5965261875754,-1.0546332083975284e-06,1.0461132300570265e-07,3.1912377735777276e-11,0.0,0.0,0.0,0.0
0.20000000298023224,53,300.0,-1.2829640814619374e-40,-2.7167418336540957e-40,-2.7722255718543956e-43,177.30584694809176,-4.3169638282691762,0.0014685681007267117,0.0
0.20000000298023224,54,347.61905122233054,-1.0182384406146018e-06,9.4977242193861246e-08,-1.2285307640810624e-09,0.0,0.0,0.0,0.0
0.20000000298023224,55,323.7982630937877,-5.3831277132113333e-07,3.1670920666999536e-08,3.9081048427512639e-10,0.0,0.0,0.0,0.0
0.20000000298023224,56,300.0,1.4160621834922714e-40,-8.8252870662009772e-41,-2.4060812842483711e-42,175.22716145285628,-2.3156616186299241,-0.0037529350305114334,0.0
0.20000000298023224,57,352.3874775084787,-9.4954460665051325e-07,9.0697605445363084e-07,6.0659574468072351e-40,0.0,0.0,0.12962927500653543,0.0
0.20000000298023224,58,400.0,-2.0000000000000003e-06,1.0000000000000002e-06,-2.7359146271192424e-41,99.672252283132053,-2.9561291965159229,0.049748721809974694,142.46238720293962
0.20000000298023224,59,400.0,-2.0000000000000003e-06,1.0000000000000002e-06,1.8528429968615509e-38,166.31928866747697,-4.1741721882147882,0.012273295953591463,237.42252664423114
0.20000000298023224,60,352.3927585041706,-1.0068593534550107e-06,9.2738599729593259e-07,4.1087804449229387e-38,0.0,0.0,-0.047696013433755631,0.0
0.20000000298023224,61,352.38747750847864,-9.4913966959814264e-07,9.0705275836847851e-07,1.0779306862428832e-09,0.0,0.0,0.0,0.0
0.20000000298023224,62,400.0,-2.0000000000000003e-06,1.0000000000000002e-06,-3.0672877734704729e-10,99.673075073753964,-2.9540282851190267,0.0,142.46238720293977
0.20000000298023224,63,400.0,-2.0000000000000003e-06,1.0000000000000002e-06,7.5766150894212952e-11,166.30993689550502,-4.1665488871861953,0.0,237.42252664423148
0.20000000298023224,64,352.39275850417056,-1.0069473022884544e-06,9.2739876526543268e-07,-3.3323778123768203e-10,0.0,0.0,0.0,0.0
0.20000000298023224,65,376.19373875423935,-1.465751158994991e-06,9.6729276300428169e-07,-1.3252872705013213e-41,0.0,0.0,-0.18106519951197275,0.0
0.20000000298023224,66,400.0,-2.0000000000000003e-06,1.0000000000000002e-06,5.8074911851218556e-41,-406.91957057797856,10.910727088160741,-0.042747285053744789,0.0
0.20000000298023224,67,376.1963792520853,-1.5049881676344835e-06,9.62079684186709e-07,-6.4360233719742484e-38,0.0,0.0,0.042887083940932852,0.0
0.20000000298023224,68,352.39011800632466,-9.9892605907720775e-07,9.1800397101322551e-07,-3.951172299264897e-39,0.0,0.0,0.039717010761204159,0.0
0.20000000298023224,69,352.3874775084787,-9.5111337207202946e-07,9.0696165996838047e-07,3.933354264494721e-10,0.0,0.0,0.0,0.0
0.20000000298023224,70,400.0,-2.0000000000000003e-06,1.0000000000000002e-06,-3.8234034478733934e-12,-415.80575070659114,9.9281514746473825,0.0,0.0
0.20000000298023224,71,400.0,-2.0000000000000003e-06,1.0000000000000002e-06,-3.2285574290482589e-11,-660.75607980573454,16.377395049123365,0.0,0.0
0.20000000298023224,72,352.3927585041706,-1.0062276493508106e-06,9.2736488514331183e-07,-1.0009499692899771e-10,0.0,0.0,0.0,0.0
0.20000000298023224,73,376.1937387542393,-1.4654501458304968e-06,9.6734644297075116e-07,-1.3544468253333354e-10,0.0,0.0,0.0,0.0
0.20000000298023224,74,400.0,-2.0000000000000003e-06,1.0000000000000002e-06,-1.5621348648882686e-10,-406.94333836229475,10.928240358459536,0.0,0.0
0.20000000298023224,75,376.1963792520853,-1.5050340637784699e-06,9.6210277024843535e-07,5.2612979746318487e-11,0.0,0.0,0.0,0.0
0.20000000298023224,76,352.3901180063246,-9.9872393791045091e-07,9.1806277422282547e-07,3.8018853322762078e-10,0.0,0.0,0.0,0.0
0.20000000298023224,77,400.0,-2.0000000000000003e-06,1.0000000000000002e-06,-1.4835050541483791e-41,65.484090728335843,-1.1348508405481919,-0.019682221710450188,94.96823531850256
0.20000000298023224,78,352.39995471652395,-1.0611309806982605e-06,9.0199371929250291e-07,2.2342624384989578e-40,0.0,0.0,-0.019857691530206719,0.0
0.20000000298023224,79,400.0,-2.0000000000000003e-06,1.0000000000000002e-06,7.1212816027225567e-11,65.488055749757478,-1.1366064503943405,0.0,94.96823531850272
0.20000000298023224,80,352.39995471652406,-1.0612307602197977e-06,9.019824684995734e-07,-1.6509453642673814e-10,0.0,0.0,0.0,0.0
0.20000000298023224,81,400.0,-2.0000000000000003e-06,1.0000000000000002e-06,3.4948086583971945e-41,-256.15759210087407,5.6625136452828855,0.024505272528131238,0.0
0.20000000298023224,82,376.19997735826195,-1.5402471615384518e-06,9.6884214116120056e-07,-2.0138904477564709e-41,0.0,0.0,0.040721789722763725,0.0
0.20000000298023224,83,352.3963566103473,-1.0193796353141163e-06,9.141472507389445e-07,2.0575132987732546e-39,0.0,0.0,-0.023742184241180828,0.0
0.20000000298023224,84,400.0,-2.0000000000000003e-06,1.0000000000000002e-06,3.5811487369527011e-11,-250.23544646191525,6.7878735510888895,0.0,0.0
0.20000000298023224,85,352.399954716524,-1.061043361047182e-06,9.0199731545051999e-07,-8.2420031762173015e-11,0.0,0.0,0.0,0.0
0.20000000298023224,86,400.0,-2.0000000000000003e-06,1.0000000000000002e-06,9.8648787451401205e-11,-256.15192665363031,5.6610251275822856,0.0,0.0
0.20000000298023224,87,376.199977358262,-1.5403477000157854e-06,9.6883746847876029e-07,1.452500051123761e-11,0.0,0.0,0.0,0.0
0.20000000298023224,88,352.3963566103473,-1.0195027555681068e-06,9.1413878873433538e-07,-2.8030265038502075e-10,0.0,0.0,0.0,0.0
0.30000001192092896,1,300.0,-5.5572897252955168e-41,9.6451511102929351e-41,7.4352708694697942e-43,-58.481422735888408,0.26135216287101642,-0.073179901590729401,-59.42282533776897
0.30000001192092896,2,347.6535749733655,-1.3658860874413507e-06,2.1399850752126844e-07,2.5949807323864701e-09,0.0,0.0,0.0,0.0
0.30000001192092896,3,347.58551838848524,-1.4697081379249073e-06,1.7905839885422246e-07,-3.5866732286729063e-09,0.0,0.0,0.0,0.0
0.30000001192092896,4,300.0,5.5728800013981777e-35,-2.1413713092690145e-36,-3.9855961774494153e-38,-117.13961006298808,4.3981951981867535,0.1012785207355185,-119.14433414780547
0.30000001192092896,5,300.0,-5.7255436490611356e-41,9.9338265929794551e-41,-5.4331713313210376e-42,-58.483444637248979,0.2620980970634772,0.079314598999218444,-59.422825337769055
0.30000001192092896,6,347.6535749733655,-1.3651850378201641e-06,2.1401680579835233e-07,-2.927778807048064e-09,0.0,0.0,0.0,0.0
0.30000001192092896,7,347.5855183884853,-1.4692839706930694e-06,1.7910681129403769e-07,3.3545055589148986e-09,0.0,0.0,0.0,0.0
0.30000001192092896,8,300.0,5.573120161105258e-35,-2.1414848812322417e-36,3.6123927876230497e-38,-117.14601873056583,4.3973977983114221,-0.094574870551435375,-119.14433414780535
0.30000001192092896,9,323.82678748668275,-6.5753119254083035e-07,6.6368733820138236e-08,6.76690164352872e-11,0.0,0.0,0.0,0.0
0.30000001192092896,10,347.6195466809254,-1.4389425642671022e-06,1.9791274721470484e-07,-1.155031014129905e-09,0.0,0.0,0.0,0.0
0.30000001192092896,11,323.79275919424265,-7.3042548870800419e-07,7.6331278454294964e-08,7.8245935815969617e-10,0.0,0.0,0.0,0.0
0.30000001192092896,12,300.0,1.2108988941519896e-40,-1.0470680919612695e-40,4.5288223402549303e-42,229.13381957582138,-4.8908840337043156,0.016487179446565439,0.0
0.30000001192092896,13,300.0,-5.0736171403505758e-41,7.4151987486126465e-41,3.454149511493254e-43,224.09013408631782,-8.0712104083236298,-0.0027820606716462129,0.0
0.30000001192092896,14,347.6535749733655,-1.3699082674663901e-06,2.1666118210680467e-07,-1.6688007643997358e-10,0.0,0.0,0.0,0.0
0.30000001192092896,15,347.5855183884853,-1.4632919806065969e-06,1.7892407935510167e-07,-1.1628466591458077e-10,0.0,0.0,0.0,0.0
0.30000001192092896,16,300.0,-2.2513329552601344e-34,1.2193729695731871e-35,-3.9878334319726656e-39,478.24681494353536,-15.929954046469749,-0.0072791590917046772,0.0
0.30000001192092896,17,323.82678748668275,-6.5730922241950539e-07,6.6331740654965207e-08,-6.8028111740055797e-11,0.0,0.0,0.0,0.0
0.30000001192092896,18,347.6195466809254,-1.4383575718344164e-06,1.979459261715375e-07,8.6712741565033286e-10,0.0,0.0,0.0,0.0
0.30000001192092896,19,323.79275919424265,-7.3027109352785313e-07,7.6280626356844512e-08,-7.8250408506137374e-10,0.0,0.0,0.0,0.0
0.30000001192092896,20,300.0,1.2235803854680813e-40,-1.0190351960279563e-40,5.0146397734618394e-42,229.11880772199336,-4.8916130991357285,-0.031280210656555715,0.0
0.30000001192092896,21,347.60646247662754,-1.4968641702183624e-06,1.5524603941463856e-07,-1.7932619094461088e-09,0.0,0.0,0.0,0.0
0.30000001192092896,22,300.0,5.7826556370415634e-35,-3.8230175477232083e-36,-4.9257450395364775e-38,-123.44028397140119,7.5015028040781839,0.047621167338929002,-119.06373189972871
0.30000001192092896,23,347.6064624766274,-1.4968422578178739e-06,1.5532676021734413e-07,1.752604372086244e-09,0.0,0.0,0.0,0.0
0.30000001192092896,24,300.0,5.7821830328221046e-35,-3.8205453186374784e-36,4.8504077198499517e-38,-123.44134474006503,7.4977914383705189,-0.04817445813570824,-119.06373189972884
0.30000001192092896,25,347.5959904325564,-1.494764122407509e-06,1.6595469776369689e-07,-2.838559684476443e-09,0.0,0.0,0.0,0.0
0.30000001192092896,26,323.80323123831374,-7.4742560295974947e-07,8.1113563636882244e-08,4.8440857560158917e-10,0.0,0.0,0.0,0.0
0.30000001192092896,27,300.0,-1.4470963117706531e-42,1.5401365744042902e-40,8.473981611018244e-43,243.02533633802275,-12.070260473991112,-0.053800771281939136,0.0
0.30000001192092896,28,347.6064624766275,-1.4938902112871839e-06,1.5460542053286439e-07,-2.0135197643009348e-11,0.0,0.0,0.0,0.0
0.30000001192092896,29,300.0,-2.268958171624276e-34,9.9573731831673777e-36,-7.2765822702532906e-39,498.68157669896152,-19.933525092893614,-0.0027415051535628846,0.0
0.30000001192092896,30,347.5959904325564,-1.4945178494589901e-06,1.6601847676381289e-07,2.7010191546882769e-09,0.0,0.0,0.0,0.0
0.30000001192092896,31,323.80323123831374,-7.4740057051657277e-07,8.105504581823585e-08,-5.0019846665512035e-10,0.0,0.0,0.0,0.0
0.30000001192092896,32,300.0,-1.3556559099376907e-42,1.5564434246407614e-40,-4.0312132330110516e-42,243.02161554956712,-12.071571394854711,0.048149741301903214,0.0
0.30000001192092896,33,347.6525584634889,-1.5110816156637263e-06,1.7514148774495509e-07,2.4955508782448405e-09,0.0,0.0,0.0,0.0
0.30000001192092896,34,300.0,6.2771040081968194e-35,-1.9576397315151841e-36,1.1362842785717956e-38,-130.51992498815855,4.7909047603735724,-0.07752280626357054,-118.93786852892083
0.30000001192092896,35,347.65255846348884,-1.5113347988002607e-06,1.7515456337858028e-07,-2.4006206076421109e-09,0.0,0.0,0.0,0.0
0.30000001192092896,36,300.0,6.2769037759801998e-35,-1.9575270139018904e-36,-1.0673739741208246e-38,-130.51584902591753,4.7923629082581423,0.073086913863767825,-118.93786852892087
0.30000001192092896,37,347.6295104700582,-1.4985616901571264e-06,1.6378591162082102e-07,4.0650264805160684e-10,0.0,0.0,0.0,0.0
0.30000001192092896,38,323.8262792317445,-7.6174577386823966e-07,7.6940621994292499e-08,-5.8558064887985741e-10,0.0,0.0,0.0,0.0
0.30000001192092896,39,300.0,-2.415093116213309e-41,1.5458622674129643e-41,-7.9153977163536445e-42,252.43971999332933,-12.510419037583533,0.021107598408923681,0.0
0.30000001192092896,40,347.65255846348884,-1.5155618292806668e-06,1.7477986764921841e-07,4.7650737644826699e-11,0.0,0.0,0.0,0.0
0.30000001192092896,41,300.0,-2.4346721755349746e-34,2.9333049731326579e-36,-3.8948294123846968e-39,516.73327221894488,-15.848176235388248,0.0023535336891582028,0.0
0.30000001192092896,42,347.6295104700581,-1.4987251594517909e-06,1.6383327948847992e-07,-3.7467206935421868e-10,0.0,0.0,0.0,0.0
0.30000001192092896,43,323.8262792317444,-7.6181268518446156e-07,7.6917130451235754e-08,5.6606427474470583e-10,0.0,0.0,0.0,0.0
0.30000001192092896,44,300.0,-2.2194559267959748e-41,1.4519723103833329e-41,4.8694184360589557e-42,252.43513432695687,-12.510592127526529,-0.017260170979004431,0.0
0.30000001192092896,45,347.60799603896953,-1.6133128798432095e-06,2.1449160404564333e-07,1.2441965929216038e-09,0.0,0.0,0.0,0.0
0.30000001192092896,46,300.0,-4.7153872124470905e-41,-2.7360102484492185e-41,-2.0741332467659456e-42,-65.531468403263887,0.12750174035594106,0.0045597583633708643,-59.600477744988964
0.30000001192092896,47,347.6079960389696,-1.6135671827436601e-06,2.1448217623665114e-07,-1.1196727034143408e-09,0.0,0.0,0.0,0.0
0.30000001192092896,48,300.0,-4.8005674800525958e-41,-2.9056903230079189e-41,-1.2283332573238027e-42,-65.531366048774387,0.12907861077573091,-0.0065056198037813347,-59.60047774498884
0.30000001192092896,49,347.63027725122924,-1.5410804697764376e-06,1.961564124771297e-07,2.289579515552418e-09,0.0,0.0,0.0,0.0
0.30000001192092896,50,323.80399801948477,-8.3049652420908905e-07,6.5584440208018965e-08,-7.2139681172372153e-10,0.0,0.0,0.0,0.0
0.30000001192092896,51,300.0,8.3581700880327219e-41,-4.6922445636952638e-41,7.5272370826284749e-42,267.85551824292287,-4.7894770607550914,0.011509662775826459,0.0
0.30000001192092896,52,347.60799603896953,-1.615542751831963e-06,2.1580207937477294e-07,6.2261888855194665e-11,0.0,0.0,0.0,0.0
0.30000001192092896,53,300.0,-7.0222947809079256e-41,-1.5652905680178047e-40,-1.4643383433930227e-43,272.61933720601348,-8.9539007254171104,0.0033194050745707004,0.0
0.30000001192092896,54,347.63027725122924,-1.541343381942539e-06,1.961587830675398e-07,-2.1760866254088669e-09,0.0,0.0,0.0,0.0
0.30000001192092896,55,323.80399801948477,-8.3059117634320643e-07,6.5576013800100716e-08,7.1476547828976369e-10,0.0,0.0,0.0,0.0
0.30000001192092896,56,300.0,8.3873402995638705e-41,-4.9462720201964687e-41,-1.1370348485919275e-42,267.86074617887846,-4.7886731175110056,-0.0043397549419168201,0.0
0.30000001192092896,57,352.376124752409,-1.3926384649204178e-06,1.3071604173872231e-06,1.3563444294683458e-39,0.0,0.0,0.24116742263079363,0.0
0.30000001192092896,58,400.0,-3.0000000000000009e-06,1.5000000000000005e-06,-1.5747725460546671e-41,149.5899441045606,-6.1248869370633034,0.09451208693288872,142.85712199703346
0.30000001192092896,59,400.0,-3.0000000000000009e-06,1.5000000000000005e-06,4.201963805599572e-38,249.74216070662874,-8.6501253544836469,0.017063214662871314,238.08066565870445
0.30000001192092896,60,352.3813265571947,-1.5112781102106777e-06,1.3493005926782525e-06,8.1904175006330033e-38,0.0,0.0,-0.084917518903671704,0.0
0.30000001192092896,61,352.376124752409,-1.3919123713873766e-06,1.3073017914480302e-06,1.9603084734481345e-09,0.0,0.0,0.0,0.0
0.30000001192092896,62,400.0,-3.0000000000000009e-06,1.5000000000000005e-06,-5.6614608999460876e-10,149.59096442354198,-6.1216128978429376,0.0,142.8571219970338
0.30000001192092896,63,400.0,-3.0000000000000009e-06,1.5000000000000005e-06,1.4667916430504778e-10,249.72789236561968,-8.6347072074517168,0.0,238.08066565870496
0.30000001192092896,64,352.38132655719477,-1.5114444020850376e-06,1.3493303612408471e-06,-5.7943189246669682e-10,0.0,0.0,0.0,0.0
0.30000001192092896,65,376.18806237620447,-2.1776030195485315e-06,1.4322030311342942e-06,-7.9721840641134751e-42,0.0,0.0,-0.33729304026956097,0.0
0.30000001192092896,66,400.0,-3.0000000000000009e-06,1.5000000000000005e-06,3.344293528132952e-41,-615.50680662465004,22.603518839985025,-0.083706133118123319,0.0
0.30000001192092896,67,376.19066327859736,-2.258874675074947e-06,1.4213499962431535e-06,-1.2755022904762165e-37,0.0,0.0,0.078623327212877861,0.0
0.30000001192092896,68,352.3787256548019,-1.4950025067805979e-06,1.3298855408791984e-06,-1.0635281557174597e-38,0.0,0.0,0.079612163388454019,0.0
0.30000001192092896,69,352.376124752409,-1.3955229289472304e-06,1.30714121676717e-06,7.1289624229721735e-10,0.0,0.0,0.0,0.0
0.30000001192092896,70,400.0,-3.0000000000000009e-06,1.5000000000000005e-06,-8.9771786269177762e-12,-633.87192005746101,20.586863387932162,0.0,0.0
0.30000001192092896,71,400.0,-3.0000000000000009e-06,1.5000000000000005e-06,-4.4957844325735197e-11,-989.65117830355939,33.977872581311431,0.0,0.0
0.30000001192092896,72,352.3813265571947,-1.510198374274498e-06,1.3492766450908437e-06,-1.8003544580115922e-10,0.0,0.0,0.0,0.0
0.30000001192092896,73,376.18806237620447,-2.1770522644855713e-06,1.4322954986569109e-06,-2.5393296966745134e-10,0.0,0.0,0.0,0.0
0.30000001192092896,74,400.0,-3.0000000000000009e-06,1.5000000000000005e-06,-2.9636306798009063e-10,-615.54849677534219,22.636185159435609,0.0,0.0
0.30000001192092896,75,376.1906632785974,-2.2589674652660741e-06,1.4213971093073612e-06,9.6674041744044658e-11,0.0,0.0,0.0,0.0
0.30000001192092896,76,352.3787256548019,-1.4946323239216893e-06,1.3299920256641896e-06,7.1707931091351696e-10,0.0,0.0,0.0,0.0
0.30000001192092896,77,400.0,-3.0000000000000009e-06,1.5000000000000005e-06,-8.761084639739881e-42,97.696537056164601,-2.3618047690872443,-0.046057351965698885,95.23145000347452
0.30000001192092896,78,352.3883404349384,-1.6242210816358642e-06,1.2969280990974632e-06,4.9855903693185253e-40,0.0,0.0,-0.061276533758396166,0.0
0.30000001192092896,79,400.0,-3.0000000000000009e-06,1.5000000000000005e-06,1.7901207718146586e-10,97.701957672144957,-2.3650287173834097,0.0,95.23145000347462
0.30000001192092896,80,352.38834043493836,-1.6244712424541515e-06,1.296937772607747e-06,-5.376711751589617e-10,0.0,0.0,0.0,0.0
0.30000001192092896,81,400.0,-3.0000000000000009e-06,1.5000000000000005e-06,2.0622470759427615e-41,-378.91548695429765,11.755919690564374,0.057018911344779565,0.0
0.30000001192092896,82,376.19417021746915,-2.3321710452637112e-06,1.4354350754901239e-06,-1.1948515046984028e-41,0.0,0.0,0.10075758824077131,0.0
0.30000001192092896,83,352.38483349606656,-1.5372414550394504e-06,1.3220245780392505e-06,5.8955059018220445e-39,0.0,0.0,-0.044850927274230561,0.0
0.30000001192092896,84,400.0,-3.0000000000000009e-06,1.5000000000000005e-06,5.594722558426632e-11,-366.68515709550326,14.045468046191202,0.0,0.0
0.30000001192092896,85,352.3883404349384,-1.6237305713141809e-06,1.2968795656250329e-06,-2.305976854430297e-10,0.0,0.0,0.0,0.0
0.30000001192092896,86,400.0,-3.0000000000000009e-06,1.5000000000000005e-06,2.1844428915456341e-10,-378.90151025484056,11.754409512801987,0.0,0.0
0.30000001192092896,87,376.19417021746915,-2.3324031074780809e-06,1.4354522401215814e-06,3.7629617250272822e-11,0.0,0.0,0.0,0.0
0.30000001192092896,88,352.38483349606656,-1.5375099892948806e-06,1.3220307521585575e-06,-6.0189776266189855e-10,0.0,0.0,0.0,0.0
0.4000000059604645,1,300.0,-3.3532530114422751e-41,5.8365547313672393e-41,3.3277773040491294e-43,-77.118994593332914,0.41851222677624222,-0.095111050784070894,-59.425429444588104
0.4000000059604645,2,347.6537544248795,-1.7828778483057351e-06,3.5196906934666222e-07,3.1105715311886163e-09,0.0,0.0,0.0,0.0
0.4000000059604645,3,347.585726814316,-1.9529276520120705e-06,2.9484434090443111e-07,-5.1947444833470998e-09,0.0,0.0,0.0,0.0
0.4000000059604645,4,300.0,7.2587466618930052e-35,-3.665418630714215e-36,-5.9125707071487259e-38,-154.42173551491669,7.2546013024808111,0.14102544728173655,-119.14955333703651
0.4000000059604645,5,300.0,-3.4574429183697583e-41,6.0180422407714441e-41,-3.2716174751306408e-42,-77.121755351615448,0.4195636357623887,0.10490008413767908,-59.42542944458809
0.4000000059604645,6,347.6537544248795,-1.7818198160790798e-06,3.5200063895392052e-07,-3.5495661292871421e-09,0.0,0.0,0.0,0.0
0.4000000059604645,7,347.585726814316,-1.9522829972536635e-06,2.9492533131279493e-07,4.8890565831465786e-09,0.0,0.0,0.0,0.0
0.4000000059604645,8,300.0,7.2591031499906586e-35,-3.6657558062266077e-36,5.3493829681137871e-38,-154.43038424037604,7.2534501148171096,-0.1297573279989549,-119.14955333703656
0.4000000059604645,9,323.82687721243974,-8.500471934789767e-07,1.0939372281680457e-07,3.1828101641118955e-10,0.0,0.0,0.0,0.0
0.4000000059604645,10,347.61974061959774,-1.9015769224878036e-06,3.2569571842063015e-07,-2.051460745653793e-09,0.0,0.0,0.0,0.0
0.4000000059604645,11,323.792863407158,-9.6880341158779399e-07,1.2568888619312922e-07,1.1319396789845179e-09,0.0,0.0,0.0,0.0
0.4000000059604645,12,300.0,7.1893010298006246e-41,-6.3437997786547388e-41,2.9562544243513506e-42,299.84152171017115,-7.9857952921668387,0.018721875687077796,0.0
0.4000000059604645,13,300.0,-3.3462811217306985e-41,4.551056569079275e-41,2.7322427366014921e-43,291.11748173383779,-13.416221555482288,-0.0061189365748706244,0.0
0.4000000059604645,14,347.6537544248795,-1.7873827527104031e-06,3.5592647289452471e-07,-2.2047745360623043e-10,0.0,0.0,0.0,0.0
0.4000000059604645,15,347.585726814316,-1.9437391778320035e-06,2.9448860398025519e-07,-1.5325551672916379e-10,0.0,0.0,0.0,0.0
0.4000000059604645,16,300.0,-2.9263487428550231e-34,2.0284290364771951e-35,-5.1036755761067958e-39,631.48818251122293,-26.334230032355638,-0.013373834138692343,0.0
0.4000000059604645,17,323.82687721243974,-8.4972536383532863e-07,1.0934570276603564e-07,-2.8888887332618708e-10,0.0,0.0,0.0,0.0
0.4000000059604645,18,347.61974061959774,-1.900692567816182e-06,3.2575104178632163e-07,1.6724886603745068e-09,0.0,0.0,0.0,0.0
0.4000000059604645,19,323.792863407158,-9.6858017550911901e-07,1.2562226496757467e-07,-1.1095505611881004e-09,0.0,0.0,0.0,0.0
0.4000000059604645,20,300.0,7.2610771571795336e-41,-6.1642996140405091e-41,3.0886499574473949e-42,299.82171638254312,-7.9872855642532832,-0.043891795470738085,0.0
0.4000000059604645,21,347.60665274237016,-1.9971520149018363e-06,2.5609844509457159e-07,-2.4152593990732397e-09,0.0,0.0,0.0,0.0
0.4000000059604645,22,300.0,7.560607733045624e-35,-6.3313744009836441e-36,-7.123619216973458e-38,-164.55216345996627,12.390589043890014,0.06538291811708391,-119.0689049625112
0.4000000059604645,23,347.6066527423703,-1.9971168395250521e-06,2.562410408640088e-07,2.37274263365912e-09,0.0,0.0,0.0,0.0
0.4000000059604645,24,300.0,7.559924890431513e-35,-6.3274347785196735e-36,7.0467042675538935e-38,-164.55340876958235,12.384466531137059,-0.065655536759588795,-119.06890496251106
0.4000000059604645,25,347.59618977834305,-1.9923497640440229e-06,2.7351389406884738e-07,-3.9863237677056239e-09,0.0,0.0,0.0,0.0
0.4000000059604645,26,323.8033263711851,-9.969023169156645e-07,1.3344687321880286e-07,6.7249650919679053e-10,0.0,0.0,0.0,0.0
0.4000000059604645,27,300.0,-1.5364390810022289e-42,9.2897434508950771e-41,3.1943213863474426e-43,322.91127829044973,-19.916887895220142,-0.076033217979911083,0.0
0.4000000059604645,28,347.6066527423702,-1.9930497538164984e-06,2.5516909298730448e-07,-2.0885420149736707e-11,0.0,0.0,0.0,0.0
0.4000000059604645,29,300.0,-2.956270397756116e-34,1.6442066444849696e-35,-1.1758861781530533e-38,665.09790830197699,-32.766481211522745,-0.0044627334203630534,0.0
0.4000000059604645,30,347.59618977834316,-1.9919724114395725e-06,2.7362445275718386e-07,3.8111323252116926e-09,0.0,0.0,0.0,0.0
0.4000000059604645,31,323.8033263711851,-9.9687075540724586e-07,1.3336809429136817e-07,-6.8590925138774202e-10,0.0,0.0,0.0,0.0
0.4000000059604645,32,300.0,-1.467288857969199e-42,9.3951776278939255e-41,-2.3252277316551676e-42,322.90757556939224,-19.9196371380676,0.065793833618263284,0.0
0.4000000059604645,33,347.65270703009924,-2.0204365935261492e-06,2.882785171660237e-07,3.8548875303542745e-09,0.0,0.0,0.0,0.0
0.4000000059604645,34,300.0,8.3744028104527491e-35,-3.1401104519949279e-36,1.9669001446386204e-38,-175.8192728218819,7.8997966825945252,-0.1164933855945882,-118.94293448001545
0.4000000059604645,35,347.6527070300993,-2.0208546567705101e-06,2.8832813708028444e-07,-3.7089889747697134e-09,0.0,0.0,0.0,0.0
0.4000000059604645,36,300.0,8.3741122374108573e-35,-3.1397451547757584e-36,-1.7536010632060251e-38,-175.81291047223738,7.901210572221399,0.108827874226487,-118.94293448001531
0.4000000059604645,37,347.6296798862347,-2.0000175195025942e-06,2.6988700005626381e-07,7.8889386488848355e-10,0.0,0.0,0.0,0.0
0.4000000059604645,38,323.8263535150496,-1.0206750709658789e-06,1.2662525812461244e-07,-8.9247290620784162e-10,0.0,0.0,0.0,0.0
0.4000000059604645,39,300.0,-1.3481804762283521e-41,5.6765571040374659e-42,-4.6716563791114621e-42,337.71510537421875,-20.65856635840332,0.031690163277535988,0.0
0.4000000059604645,40,347.65270703009924,-2.0273384432689832e-06,2.8773935220761681e-07,7.331106920756922e-11,0.0,0.0,0.0,0.0
0.4000000059604645,41,300.0,-3.2298761453021496e-34,4.7905557607006962e-36,-7.8914776328149193e-39,695.07213750917663,-26.095438381760886,0.0051048517684948048,0.0
0.4000000059604645,42,347.6296798862348,-2.0002785377696824e-06,2.6998442502637078e-07,-7.3059926815708254e-10,0.0,0.0,0.0,0.0
0.4000000059604645,43,323.8263535150496,-1.0207847938384523e-06,1.2659817259280831e-07,8.5667990545049877e-10,0.0,0.0,0.0,0.0
0.4000000059604645,44,300.0,-1.2246888382239309e-41,5.0784736500483429e-42,2.7310677686988237e-42,337.70914775680126,-20.659760842172052,-0.025688736165821374,0.0
0.4000000059604645,45,347.60815280885214,-2.1889204693739912e-06,3.5218125407506736e-07,1.6479673633953434e-09,0.0,0.0,0.0,0.0
0.4000000059604645,46,300.0,-2.8379492227128122e-41,-1.7172595808909461e-41,-1.2069431896059034e-42,-88.287430225367814,0.21405866222489614,0.0094118109945916153,-59.602980214609495
0.4000000059604645,47,347.6081528088522,-2.1893700491923013e-06,3.5219767030725899e-07,-1.4729727213843292e-09,0.0,0.0,0.0,0.0
0.4000000059604645,48,300.0,-2.8901721948741411e-41,-1.8245371130597572e-41,-8.4373868476473091e-43,-88.287088275906584,0.21627268490396306,-0.013378747854655225,-59.60298021460946
0.4000000059604645,49,347.63042991947566,-2.0706212371577222e-06,3.2240199227150032e-07,3.4600130955210297e-09,0.0,0.0,0.0,0.0
0.4000000059604645,50,323.80407640442604,-1.1335499269512196e-06,1.0800799238632142e-07,-1.1456114943346975e-09,0.0,0.0,0.0,0.0
0.4000000059604645,51,300.0,5.1300513080981271e-41,-2.7415535133783941e-41,4.5180765961593584e-42,362.83575006387929,-7.9046505515309002,0.017912132721351826,0.0
0.4000000059604645,52,347.6081528088522,-2.192143655198776e-06,3.5446303990011081e-07,8.7573877210041924e-11,0.0,0.0,0.0,0.0
0.4000000059604645,53,300.0,-4.049682024230247e-41,-9.4149661475361199e-41,-7.81978315693267e-44,371.08135896449528,-14.747743731414221,0.0061935113175967619,0.0
0.4000000059604645,54,347.6304299194758,-2.0710677755370295e-06,3.2243595078679106e-07,-3.2936816076551205e-09,0.0,0.0,0.0,0.0
0.4000000059604645,55,323.8040764044261,-1.133709312751002e-06,1.0800420132865477e-07,1.11459557253845e-09,0.0,0.0,0.0,0.0
0.4000000059604645,56,300.0,5.1510195597900334e-41,-2.8987785056473182e-41,-5.3630247295768421e-43,362.84355801807425,-7.9043461753982216,-0.0038991707557184127,0.0
0.4000000059604645,57,352.37596805122723,-1.8208644129962987e-06,1.6824025206212845e-06,2.2052104987801353e-39,0.0,0.0,0.37622403638835,0.0
0.4000000059604645,58,400.0,-4.0000000000000007e-06,2.0000000000000003e-06,-9.4950418723857095e-42,199.53810200743405,-10.086167853106641,0.14911876716085978,142.86323937502328
0.4000000059604645,59,400.0,-4.0000000000000007e-06,2.0000000000000003e-06,7.330718215184075e-38,333.29336833353125,-14.25097688356464,0.020645983908949284,238.09095944530867
0.4000000059604645,60,352.3811462606206,-2.0162220238703545e-06,1.7513040475019429e-06,1.347459734001494e-37,0.0,0.0,-0.12915396943007845,0.0
0.4000000059604645,61,352.37596805122723,-1.8197710409084444e-06,1.6826280847090183e-06,3.0017922353958175e-09,0.0,0.0,0.0,0.0
0.4000000059604645,62,400.0,-4.0000000000000007e-06,2.0000000000000003e-06,-8.761515679832835e-10,199.53945225486004,-10.081826853099736,0.0,142.8632393750236
0.4000000059604645,63,400.0,-4.0000000000000007e-06,2.0000000000000003e-06,2.3383968820008012e-10,333.27401927508618,-14.225862004759733,0.0,238.09095944530893
0.4000000059604645,64,352.3811462606205,-2.0164807892598411e-06,1.7513547008188423e-06,-8.5726817827763433e-10,0.0,0.0,0.0,0.0
0.4000000059604645,65,376.1879840256136,-2.8795705308686085e-06,1.8882634258325292e-06,-4.9979746426148225e-42,0.0,0.0,-0.52427096038947785,0.0
0.4000000059604645,66,400.0,-4.0000000000000007e-06,2.0000000000000003e-06,2.0170347094306533e-41,-826.50325512140103,37.229208166042014,-0.1348594869508549,0.0
0.4000000059604645,67,376.1905731303103,-3.0134476091683051e-06,1.8703734019391955e-06,-2.0542303354722995e-37,0.0,0.0,0.12170288173478136,0.0
0.4000000059604645,68,352.3785571559239,-1.9894104329764605e-06,1.7194976030798867e-06,-2.1117374554009662e-38,0.0,0.0,0.12881723854018959,0.0
0.4000000059604645,69,352.37596805122723,-1.8253166349907292e-06,1.6823738344458872e-06,1.087754326316342e-09,0.0,0.0,0.0,0.0
0.4000000059604645,70,400.0,-4.0000000000000007e-06,2.0000000000000003e-06,-1.5263055151835024e-11,-856.74356408437507,33.932581755034597,0.0,0.0
0.4000000059604645,71,400.0,-4.0000000000000007e-06,2.0000000000000003e-06,-5.5460948649912576e-11,-1317.8423010862357,56.049693187989583,0.0,0.0
0.4000000059604645,72,352.38114626062054,-2.0146330689537526e-06,1.7512954513826592e-06,-2.7216562432509347e-10,0.0,0.0,0.0,0.0
0.4000000059604645,73,376.18798402561356,-2.878727903022876e-06,1.8884022891219784e-06,-3.9419542696807385e-10,0.0,0.0,0.0,0.0
0.4000000059604645,74,400.0,-4.0000000000000007e-06,2.0000000000000003e-06,-4.6633561004574841e-10,-826.56530186321959,37.280014707474258,0.0,0.0
0.4000000059604645,75,376.1905731303102,-3.0135977528425057e-06,1.8704485779579513e-06,1.5112902083831007e-10,0.0,0.0,0.0,0.0
0.4000000059604645,76,352.3785571559239,-1.9888449159757475e-06,1.7196624536959177e-06,1.1175444906042106e-09,0.0,0.0,0.0,0.0
0.4000000059604645,77,400.0,-4.0000000000000007e-06,2.0000000000000003e-06,-5.3927294472338208e-42,129.66895992706503,-3.9111920432975724,-0.081243129286344307,95.23560361842851
0.4000000059604645,78,352.3881320170438,-2.2025064465888382e-06,1.6657871601936781e-06,7.8268332915883803e-40,0.0,0.0,-0.12052782436272147,0.0
0.4000000059604645,79,400.0,-4.0000000000000007e-06,2.0000000000000003e-06,3.2011106105472969e-10,129.67519754505346,-3.916265293050563,0.0,95.23560361842851
0.4000000059604645,80,352.38813201704374,-2.202949439069034e-06,1.6658382398690549e-06,-1.0581763592709231e-09,0.0,0.0,0.0,0.0
0.4000000059604645,81,400.0,-4.0000000000000007e-06,2.0000000000000003e-06,1.2688841217596544e-41,-499.17899174374287,19.407292685888365,0.10112702832951291,0.0
0.4000000059604645,82,376.1940660085219,-3.13431142598313e-06,1.8935925488004805e-06,-7.410469852919348e-42,0.0,0.0,0.17866193662769372,0.0
0.4000000059604645,83,352.3846391388322,-2.0590352430839284e-06,1.706805600804314e-06,1.2379322270108883e-38,0.0,0.0,-0.067342531920860899,0.0
0.4000000059604645,84,400.0,-4.0000000000000007e-06,2.0000000000000003e-06,7.5676051305580777e-11,-479.03916042737649,23.11235201278145,0.0,0.0
0.4000000059604645,85,352.38813201704374,-2.2014406459295892e-06,1.6656330795578131e-06,-4.3113959170214544e-10,0.0,0.0,0.0,0.0
0.4000000059604645,86,400.0,-4.0000000000000007e-06,2.0000000000000003e-06,3.722790744751904e-10,-499.15410347773491,19.405671688608344,0.0,0.0
0.4000000059604645,87,376.1940660085219,-3.1347105678228524e-06,1.8936501513204435e-06,6.0562699040921254e-11,0.0,0.0,0.0,0.0
0.4000000059604645,88,352.3846391388321,-2.0594840682938638e-06,1.7068393958728369e-06,-1.0016928629494444e-09,0.0,0.0,0.0,0.0
0.5,1,300.0,-2.1019094735255021e-41,3.667386284669547e-41,1.3733725468408619e-43,-95.482625072651487,0.60924798756997578,-0.11643918473900798,-59.42547519673664
0.5,2,347.6537598376697,-2.1873284536195694e-06,5.1159400035728342e-07,3.5742721807744405e-09,0.0,0.0,0.0,0.0
0.5,3,347.58573258263124,-2.4338703442305392e-06,4.2915212989737592e-07,-6.9367527518422413e-09,0.0,0.0,0.0,0.0
0.5,4,300.0,8.8877088316715096e-35,-5.466389934868961e-36,-8.0364147329607589e-38,-191.1278656914119,10.571585426984742,0.18317058995524782,-119.14964346778987
0.5,5,300.0,-2.168917805692249e-41,3.7857332494106807e-41,-2.0493030345871452e-42,-95.486039784122823,0.61053584725297927,0.13053847345378983,-59.42547519673652
0.5,6,347.65375983766984,-2.185881867833738e-06,5.1164553670681502e-07,-4.0896363598909514e-09,0.0,0.0,0.0,0.0
0.5,7,347.58573258263135,-2.4329846145252491e-06,4.2927538326268485e-07,6.5768872862346678e-09,0.0,0.0,0.0,0.0
0.5,8,300.0,8.8881995898546439e-35,-5.4669613387043666e-36,7.2756640822935414e-38,-191.13842142969892,10.569973518681977,-0.16629295491192084,-119.14964346778979
0.5,9,323.82687991883483,-1.0338036316495895e-06,1.5931218805730764e-07,6.6812833481056072e-10,0.0,0.0,0.0,0.0
0.5,10,347.6197462101505,-2.358568730836775e-06,4.7369580728149424e-07,-3.1119734559090857e-09,0.0,0.0,0.0,0.0
0.5,11,323.7928662913156,-1.2054600314769773e-06,1.8294708387802055e-07,1.5104508265882852e-09,0.0,0.0,0.0,0.0
0.5,12,300.0,4.4419248457810107e-41,-3.9865076052113845e-41,1.9926070456670783e-42,368.69046679438281,-11.581725683247827,0.019550573007000853,0.0
0.5,13,300.0,-2.2577129368023293e-41,2.9038991621004953e-41,2.0949605261598328e-43,355.60431670810294,-19.626973381542211,-0.010877446450554476,0.0
0.5,14,347.6537598376698,-2.1920544796983061e-06,5.1707763701904847e-07,-2.5938443295595977e-10,0.0,0.0,0.0,0.0
0.5,15,347.5857325826313,-2.4216950403894232e-06,4.2849000631512883e-07,-1.8064186000759915e-10,0.0,0.0,0.0,0.0
0.5,16,300.0,-3.5763965278397059e-34,2.9696127530226513e-35,-5.8312205481993345e-39,782.69028899673901,-38.424924905906572,-0.021377616527498523,0.0
0.5,17,323.82687991883495,-1.0333808194039768e-06,1.5925781289190162e-07,-5.8801033463395217e-10,0.0,0.0,0.0,0.0
0.5,18,347.6197462101506,-2.3573589217638463e-06,4.737810100123768e-07,2.6673670656864351e-09,0.0,0.0,0.0,0.0
0.5,19,323.7928662913157,-1.2051678118222237e-06,1.8287023061384071e-07,-1.4512455586128607e-09,0.0,0.0,0.0,0.0
0.5,20,300.0,4.4842795016000584e-41,-3.8674502101992531e-41,1.9765539021118613e-42,368.66710140972623,-11.584354091256534,-0.057712415998435559,0.0
0.5,21,347.60665615630734,-2.4978667762834901e-06,3.7337979997907483e-07,-3.0385842897655364e-09,0.0,0.0,0.0,0.0
0.5,22,300.0,9.2888746648507891e-35,-9.2296112465275849e-36,-9.4734230418348695e-38,-205.65430329212549,18.044909668257564,0.083600312277963856,-119.0689871466755
0.5,23,347.60665615630734,-2.4978161891393016e-06,3.7360208183598471e-07,3.0005991108423132e-09,0.0,0.0,0.0,0.0
0.5,24,300.0,9.287991939613466e-35,-9.2239382482740577e-36,9.4342393144859192e-38,-205.65561759919211,18.035853994911626,-0.083367416959940641,-119.06898714667554
0.5,25,347.5961943694693,-2.4896440761975235e-06,3.9844719107498597e-07,-5.1899823073985828e-09,0.0,0.0,0.0,0.0
0.5,26,323.80332807815364,-1.2464897815782312e-06,1.9410049869502974e-07,8.699314939448921e-10,0.0,0.0,0.0,0.0
0.5,27,300.0,-1.3292414935713448e-42,5.8285493186097782e-41,8.105854417286742e-44,402.42563126684934,-29.01275242719824,-0.10004250550895448,0.0
0.5,28,347.60665615630734,-2.4925981763975861e-06,3.7213707883599472e-07,-1.8373762561857908e-11,0.0,0.0,0.0,0.0
0.5,29,300.0,-3.6209373548132891e-34,2.3979817096649814e-35,-1.6957303477823699e-38,831.5772627318006,-47.667154039808679,-0.0065575894380002983,0.0
0.5,30,347.59619436946934,-2.489122213183281e-06,3.9861823885035964e-07,4.990516834756645e-09,0.0,0.0,0.0,0.0
0.5,31,323.80332807815364,-1.246452859162735e-06,1.9400743045230037e-07,-8.7702848904419457e-10,0.0,0.0,0.0,0.0
0.5,32,300.0,-1.2742107335755608e-42,5.8988183270063409e-41,-1.3917209389475119e-42,402.42288217142425,-29.017613337343995,0.08394257862244317,0.0
0.5,33,347.6527068130528,-2.5317658421762409e-06,4.1944326397835988e-07,5.3841762004831516e-09,0.0,0.0,0.0,0.0
0.5,34,300.0,1.0472257360306505e-34,-4.4890409873671154e-36,2.9747667202887705e-38,-221.701927279778,11.504420725259351,-0.15992421318749475,-118.94300517385989
0.5,35,347.6527068130527,-2.5323713506146407e-06,4.1954835913775037e-07,-5.1938979155541369e-09,0.0,0.0,0.0,0.0
0.5,36,300.0,1.0471902862296784e-34,-4.4883287878380316e-36,-2.5379305322160694e-38,-221.693204613565,11.505447731962978,0.14822064343396957,-118.94300517385997
0.5,37,347.6296814846801,-2.5021849107639069e-06,3.9310463123359846e-07,1.2492621679872165e-09,0.0,0.0,0.0,0.0
0.5,38,323.82635340652644,-1.2813075008623314e-06,1.8423257803658005e-07,-1.2331225904771824e-09,0.0,0.0,0.0,0.0
0.5,39,300.0,-7.7680492760675393e-42,1.3907456993419823e-42,-2.8638068106035151e-42,423.36829160378238,-30.095355531693855,0.043589200699258167,0.0
0.5,40,347.65270681305276,-2.5413891980604209e-06,4.1869593900761175e-07,9.5735750740014361e-11,0.0,0.0,0.0,0.0
0.5,41,300.0,-4.0196388368290216e-34,6.9536428444559523e-36,-1.3166503977742013e-38,875.42632142923117,-37.991447412950805,0.009033013637085514,0.0
0.5,42,347.62968148468,-2.5025552511908081e-06,3.9327087879331754e-07,-1.1646803499339365e-09,0.0,0.0,0.0,0.0
0.5,43,323.8263534065263,-1.2814626648131212e-06,1.8420927806453794e-07,1.1730665730366135e-09,0.0,0.0,0.0,0.0
0.5,44,300.0,-6.9605507433326277e-42,9.9844495483716555e-43,1.5816445396557054e-42,423.36079880372688,-30.098258420852087,-0.035037718035854648,0.0
0.5,45,347.60815182981133,-2.7768431080697061e-06,5.1125727490254336e-07,1.9870123765957101e-09,0.0,0.0,0.0,0.0
0.5,46,300.0,-1.7689408234630776e-41,-1.1148664085722883e-41,-7.2980390257078395e-43,-111.33166396124609,0.32991541499174476,0.015456289265319233,-59.603012820067754
0.5,47,347.60815182981133,-2.7775196986849911e-06,5.1131939234599477e-07,-1.7832643822056839e-09,0.0,0.0,0.0,0.0
0.5,48,300.0,-1.8021316762631193e-41,-1.1849582208193297e-41,-5.9123350757879367e-43,-111.33108484610872,0.33267401070783809,-0.0220737122476963,-59.60301282006767
0.5,49,347.6304293214321,-2.6054214859656218e-06,4.6845663887589303e-07,4.7599414226578282e-09,0.0,0.0,0.0,0.0
0.5,50,323.80407591490564,-1.4451826989617854e-06,1.5720864823265187e-07,-1.6581329673910841e-09,0.0,0.0,0.0,0.0
0.5,51,300.0,3.2484623171431825e-41,-1.6610132476821088e-41,2.816984732262943e-42,459.67408152895274,-11.545040286884667,0.025554992493706956,0.0
0.5,52,347.60815182981133,-2.7811351849438303e-06,5.147897706809809e-07,1.0210617716949097e-10,0.0,0.0,0.0,0.0
0.5,53,300.0,-2.4404189794090157e-41,-5.8715803156677794e-41,-4.1942974298187547e-44,472.05421865785888,-21.453760100720817,0.010170164126585623,0.0
0.5,54,347.630429321432,-2.6060773522554735e-06,4.6854166804327327e-07,-4.554961442245847e-09,0.0,0.0,0.0,0.0
0.5,55,323.80407591490564,-1.445413231626873e-06,1.5721705387115441e-07,1.5849861272425902e-09,0.0,0.0,0.0,0.0
0.5,56,300.0,3.2634530024249287e-41,-1.7622216244610486e-41,-2.4244975141595875e-43,459.68385746023858,-11.545774136215284,-0.0023857531188704404,0.0
0.5,57,352.37596910141355,-2.2373084009828849e-06,2.0379288237815387e-06,3.0844947476755165e-39,0.0,0.0,0.53112607123369271,0.0
0.5,58,400.0,-5.0000000000000004e-06,2.5000000000000002e-06,-5.9527932742992144e-42,249.50542785179923,-14.675285773578693,0.21194703819589134,142.8633258516263
0.5,59,400.0,-5.0000000000000004e-06,2.5000000000000002e-06,1.1149076231308595e-37,416.94929946402726,-20.745725758847492,0.023020763483421122,238.09112204804325
0.5,60,352.38114284751873,-2.5216201091925282e-06,2.1373245829687227e-06,1.9874983218281995e-37,0.0,0.0,-0.17931138039347697,0.0
0.5,61,352.37596910141343,-2.2358163442134725e-06,2.0382592170198623e-06,4.1705644493336588e-09,0.0,0.0,0.0,0.0
0.5,62,400.0,-5.0000000000000004e-06,2.5000000000000002e-06,-1.2263790059713624e-09,249.50738088294526,-14.670096490372192,0.0,142.8633258516264
0.5,63,400.0,-5.0000000000000004e-06,2.5000000000000002e-06,3.3424255624749485e-10,416.92471683604276,-20.709376133832926,0.0,238.09112204804376
0.5,64,352.38114284751873,-2.5219814251739882e-06,2.1373985577067671e-06,-1.1570847015564379e-09,0.0,0.0,0.0,0.0
0.5,65,376.1879845507068,-3.5736937471215565e-06,2.337272650443244e-06,-3.2444318780377544e-42,0.0,0.0,-0.73562353796559743,0.0
0.5,66,400.0,-5.0000000000000004e-06,2.5000000000000002e-06,1.2647460174274116e-41,-1039.4112077109787,54.184079644761084,-0.19490371987728622,0.0
0.5,67,376.19057142375937,-3.7685849785344411e-06,2.3112547425348545e-06,-2.949401366024184e-37,0.0,0.0,0.17091184168166712,0.0
0.5,68,352.37855597446617,-2.4824436560782596e-06,2.0913610791744159e-06,-3.5650811611981367e-38,0.0,0.0,0.18494129166337342,0.0
0.5,69,352.3759691014135,-2.2435298903303797e-06,2.0378807601267378e-06,1.5061207012677928e-09,0.0,0.0,0.0,0.0
0.5,70,400.0,-5.0000000000000004e-06,2.5000000000000002e-06,-2.1971737775295932e-11,-1083.4471986864969,49.417105182014993,0.0,0.0
0.5,71,400.0,-5.0000000000000004e-06,2.5000000000000002e-06,-6.4019121521407592e-11,-1645.4708793894101,81.70113116085416,0.0,0.0
0.5,72,352.38114284751873,-2.5194737656905951e-06,2.13735593315528e-06,-3.7287235031033976e-10,0.0,0.0,0.0,0.0
0.5,73,376.1879845507067,-3.5725282118427415e-06,2.3374661573650428e-06,-5.4944235091418558e-10,0.0,0.0,0.0,0.0
0.5,74,400.0,-5.0000000000000004e-06,2.5000000000000002e-06,-6.604921588010026e-10,-1039.4953704590559,54.255307599820924,0.0,0.0
0.5,75,376.19057142375937,-3.7688003214735842e-06,2.3113600087384664e-06,2.1493573009782772e-10,0.0,0.0,0.0,0.0
0.5,76,352.37855597446605,-2.4816634556437853e-06,2.0915944603269075e-06,1.5650337076203686e-09,0.0,0.0,0.0,0.0
0.5,77,400.0,-5.0000000000000004e-06,2.5000000000000002e-06,-3.4376317995949228e-42,161.45677973181037,-5.7240343893229921,-0.12408004915536781,95.2356759054596
0.5,78,352.3881249969181,-2.7927932744210183e-06,2.0141280869339321e-06,1.0645789997420214e-39,0.0,0.0,-0.19575970235822848,0.0
0.5,79,400.0,-5.0000000000000004e-06,2.5000000000000002e-06,4.8725767733180531e-10,161.46309972933989,-5.731326955068023,0.0,95.23567590545966
0.5,80,352.3881249969182,-2.7934598361758229e-06,2.0142419371834077e-06,-1.7027841122335842e-09,0.0,0.0,0.0,0.0
0.5,81,400.0,-5.0000000000000004e-06,2.5000000000000002e-06,8.0884426826875513e-42,-617.46717281234658,28.309937601774973,0.15573496134081419,0.0
0.5,82,376.19406249845906,-3.9445415152010077e-06,2.3450183982588152e-06,-4.7706020562808221e-42,0.0,0.0,0.2703320751186134,0.0
0.5,83,352.3846339222184,-2.5840090675928025e-06,2.0732692838879376e-06,2.1756070400330022e-38,0.0,0.0,-0.089073956815722999,0.0
0.5,84,400.0,-5.0000000000000004e-06,2.5000000000000002e-06,9.4258886390737202e-11,-588.12833704907291,33.61095956676489,0.0,0.0
0.5,85,352.3881249969181,-2.791013422158777e-06,2.0138093472259005e-06,-6.7452838392687097e-10,0.0,0.0,0.0,0.0
0.5,86,400.0,-5.0000000000000004e-06,2.5000000000000002e-06,5.5372158901947238e-10,-617.42930438151984,28.307894174072274,0.0,0.0
0.5,87,376.19406249845906,-3.9451343284863118e-06,2.3451354900072519e-06,7.895557516060804e-11,0.0,0.0,0.0,0.0
0.5,88,352.3846339222184,-2.5846632365467873e-06,2.073343643588486e-06,-1.4592849688384539e-09,0.0,0.0,0.0,0.0
0.6000000238418579,1,300.0,-1.3610921193695908e-41,2.3795643081367544e-41,4.3011715425616596e-44,-113.62896147345738,0.83242639399354346,-0.13739586518375616,-59.4254767073932
0.6000000238418579,2,347.65376037089425,-2.5816814488512578e-06,6.8856635815181467e-07,4.03126576095331e-09,0.0,0.0,0.0,0.0
0.6000000238418579,3,347.5857330179658,-2.9129328418544726e-06,5.7845380012626589e-07,-8.7868806657360544e-09,0.0,0.0,0.0,0.0
0.6000000238418579,4,300.0,1.0470500545460871e-34,-7.4966449787542044e-36,-1.0319064522332028e-37,-227.37090802052197,14.262398361837484,0.22746680985907919,-119.14964606440564
0.6000000238418579,5,300.0,-1.4056100224013037e-41,2.4591795366254859e-41,-1.3273468665298445e-42,-113.63291371891459,0.83384836569145571,0.15640140784802115,-59.425476707393216
0.6000000238418579,6,347.6537603708942,-2.5798244525792177e-06,6.8864576996508316e-07,-4.5862214428428933e-09,0.0,0.0,0.0,0.0
0.6000000238418579,7,347.5857330179658,-2.9117916920731364e-06,5.7862926888447152e-07,8.3962440079149666e-09,0.0,0.0,0.0,0.0
0.6000000238418579,8,300.0,1.0471143266454709e-34,-7.4974324760925213e-36,9.3612267545530765e-38,-227.38294333251483,14.260205240542813,-0.20400522527463724,-119.14964606440567
0.6000000238418579,9,323.8268801854471,-1.2104910941208178e-06,2.1480512880561956e-07,1.1121689988791552e-09,0.0,0.0,0.0,0.0
0.6000000238418579,10,347.61974669443003,-2.8109799403458291e-06,6.3796203348017979e-07,-4.3043379198564733e-09,0.0,0.0,0.0,0.0
0.6000000238418579,11,323.7928665089829,-1.4407032255027646e-06,2.4660538303214415e-07,1.9117564594153859e-09,0.0,0.0,0.0,0.0
0.6000000238418579,12,300.0,2.8391578058293109e-41,-2.5843140562572021e-41,1.3811879440621698e-42,436.04139538006558,-15.592308044744431,0.01909447528544192,0.0
0.6000000238418579,13,300.0,-1.5563779037516479e-41,1.9159366286621701e-41,1.5914277016440782e-43,418.03007484371091,-26.533303734297053,-0.017067552010625708,0.0
0.6000000238418579,14,347.65376037089425,-2.5864275493615084e-06,6.9582159427816345e-07,-2.8014729567914889e-10,0.0,0.0,0.0,0.0
0.6000000238418579,15,347.5857330179658,-2.8975943549602525e-06,5.7740152481575752e-07,-1.9641278222196623e-10,0.0,0.0,0.0,0.0
0.6000000238418579,16,300.0,-4.2061918677990857e-34,4.0173924148337084e-35,-6.1134169184450171e-39,932.24054296455654,-51.883168374055529,-0.031233854662189284,0.0
0.6000000238418579,17,323.82688018544707,-1.2099695173080969e-06,2.1475013543417405e-07,-9.5934691191802617e-10,0.0,0.0,0.0,0.0
0.6000000238418579,18,347.61974669443,-2.8094271027208153e-06,6.3808560987181467e-07,3.8251447870467364e-09,0.0,0.0,0.0,0.0
0.6000000238418579,19,323.7928665089829,-1.440344317045399e-06,2.4652542719138715e-07,-1.801078532731557e-09,0.0,0.0,0.0,0.0
0.6000000238418579,20,300.0,2.8650455405791191e-41,-2.5029367639675708e-41,1.3064985585667463e-42,436.01597080888229,-15.596474697797372,-0.072743476451246708,0.0
0.6000000238418579,21,347.6066562327603,-2.9989190446621378e-06,5.0407313893984758e-07,-3.6600957764157694e-09,0.0,0.0,0.0,0.0
0.6000000238418579,22,300.0,1.0976761206415072e-34,-1.2434969375393104e-35,-1.1931100607743264e-37,-246.74939721034528,24.307023814004385,0.10210189995790828,-119.06898850305674
0.6000000238418579,23,347.60665623276043,-2.9988512021031381e-06,5.0439223939373088e-07,3.6326517130124833e-09,0.0,0.0,0.0,0.0
0.6000000238418579,24,300.0,1.0975699374580013e-34,-1.2427323385722343e-35,1.1975547872736797e-37,-246.75066504479344,24.294554039394889,-0.10115452883175521,-119.06898850305654
0.6000000238418579,25,347.59619462536307,-2.9866650406964059e-06,5.3751006400688894e-07,-6.433445427970737e-09,0.0,0.0,0.0,0.0
0.6000000238418579,26,323.80332811638016,-1.4961658896917739e-06,2.6147509065382157e-07,1.0749906088981609e-09,0.0,0.0,0.0,0.0
0.6000000238418579,27,300.0,-1.0736714825899721e-42,3.7821070466637153e-41,-2.4986237690039016e-44,481.63839950459857,-39.113798863015333,-0.1256671716550441,0.0
0.6000000238418579,28,347.6066562327604,-2.992456743519875e-06,5.0249876404368204e-07,-1.2789008817903515e-11,0.0,0.0,0.0,0.0
0.6000000238418579,29,300.0,-4.2673361979945791e-34,3.2374282823819967e-35,-2.2757901573101783e-38,998.1075094918267,-64.254203978558223,-0.0089904025239887844,0.0
0.6000000238418579,30,347.5961946253631,-2.9859889176952758e-06,5.3775512121348777e-07,6.2249569893823434e-09,0.0,0.0,0.0,0.0
0.6000000238418579,31,323.8033281163802,-1.4961247463007527e-06,2.6137530785739946e-07,-1.0720822623921348e-09,0.0,0.0,0.0,0.0
0.6000000238418579,32,300.0,-1.0290205817505887e-42,3.830193804086293e-41,-8.5833719917980993e-43,481.63758264347399,-39.121471686045133,0.10251787012227402,0.0
0.6000000238418579,33,347.65270646273734,-3.0447475623127553e-06,5.6518917894765784e-07,7.0490359192726621e-09,0.0,0.0,0.0,0.0
0.6000000238418579,34,300.0,1.2569988419387568e-34,-5.9683236090264684e-36,4.1390821482122309e-38,-268.05240717833914,15.508341828099127,-0.2070184208333945,-118.94300509891636
0.6000000238418579,35,347.65270646273746,-3.0455570016079921e-06,5.6536849807004326e-07,-6.8255414554585686e-09,0.0,0.0,0.0,0.0
0.6000000238418579,36,300.0,1.2569606749888231e-34,-5.9671774246935093e-36,-3.3972619311905557e-38,-268.04137037472242,15.508634218439582,0.19051738772931259,-118.94300509891619
0.6000000238418579,37,347.62968134774883,-3.0049642500193862e-06,5.3024316325666888e-07,1.770047704977641e-09,0.0,0.0,0.0,0.0
0.6000000238418579,38,323.82635323136867,-1.5433433127083064e-06,2.4824929822566282e-07,-1.5993974669139705e-09,0.0,0.0,0.0,0.0
0.6000000238418579,39,300.0,-4.5836800873737241e-42,-4.5763229362986681e-43,-1.8123844867861256e-42,509.32990799926858,-40.562731741869314,0.056652922423409413,0.0
0.6000000238418579,40,347.6527064627374,-3.0573319194052288e-06,5.6419937887242033e-07,1.1263198494669845e-10,0.0,0.0,0.0,0.0
0.6000000238418579,41,300.0,-4.8049753660829168e-34,9.3732835423139988e-36,-1.964236701606327e-38,1057.4138530119351,-51.228815252700926,0.014148134910863515,0.0
0.6000000238418579,42,347.62968134774894,-3.005452371930453e-06,5.3049654540048163e-07,-1.6619175612091977e-09,0.0,0.0,0.0,0.0
0.6000000238418579,43,323.8263532313687,-1.543544178454069e-06,2.4823834485618893e-07,1.5064374197835923e-09,0.0,0.0,0.0,0.0
0.6000000238418579,44,300.0,-4.0396455129638524e-42,-7.214310109739836e-43,9.387641540792899e-43,509.32063989492161,-40.568062063607499,-0.045171519281021824,0.0
0.6000000238418579,45,347.60815132388484,-3.3746483006227837e-06,6.874097384474506e-07,2.2432090120175656e-09,0.0,0.0,0.0,0.0
0.6000000238418579,46,300.0,-1.1361058558749597e-41,-7.4556334530632631e-42,-4.5569712761279353e-43,-134.60256056598845,0.47720121519819714,0.02251878349777308,-59.603012455393895
0.6000000238418579,47,347.60815132388495,-3.3755753079196582e-06,6.8753784292065042e-07,-2.0392593334695726e-09,0.0,0.0,0.0,0.0
0.6000000238418579,48,300.0,-1.1578664011024896e-41,-7.9266678286191858e-42,-4.2237721976944107e-43,-134.60177793421283,0.48037512240754354,-0.032371961537582213,-59.60301245539385
0.6000000238418579,49,347.6304288933111,-3.1444961108890464e-06,6.3040999242362613e-07,6.1633288110803334e-09,0.0,0.0,0.0,0.0
0.6000000238418579,50,323.8040756619424,-1.7637236936216375e-06,2.1189250192254561e-07,-2.2558029832323774e-09,0.0,0.0,0.0,0.0
0.6000000238418579,51,300.0,2.1131951886240451e-41,-1.0367502871348581e-41,1.8137344645598496e-42,558.00538028113556,-15.622810665006842,0.034356522268820376,0.0
0.6000000238418579,52,347.6081513238849,-3.3800667510020009e-06,6.9247251294262079e-07,1.0246185025452589e-10,0.0,0.0,0.0,0.0
0.6000000238418579,53,300.0,-1.5270657343366434e-41,-3.7763948835090651e-41,-2.2404925396047041e-44,575.06332305462593,-28.889892514827736,0.015273492780958114,0.0
0.6000000238418579,54,347.6304288933112,-3.1453794046177981e-06,6.3056568282513605e-07,-5.9397355985889869e-09,0.0,0.0,0.0,0.0
0.6000000238418579,55,323.8040756619425,-1.7640284551434079e-06,2.1192142369664681e-07,2.121578769291991e-09,0.0,0.0,0.0,0.0
0.6000000238418579,56,300.0,2.1239501397377608e-41,-1.1041071468467477e-41,-9.6065279120041123e-44,558.01622918300598,-15.625137084189671,0.00021026548049372061,0.0
0.6000000238418579,57,352.3759696615415,-2.6442667401069124e-06,2.3776262464282662e-06,3.9348271960357816e-39,0.0,0.0,0.70315398630546144,0.0
0.6000000238418579,58,400.0,-6.0000000000000002e-06,3.0000000000000001e-06,-3.8581827039635251e-42,299.48381890290142,-19.769952427035573,0.28181245683759382,142.86332578204488
0.6000000238418579,59,400.0,-6.0000000000000002e-06,3.0000000000000001e-06,1.5585205233056668e-37,500.69216077969065,-27.962430206353432,0.024257716340741475,238.09112489012034
0.6000000238418579,60,352.38114267982473,-3.0274167844747881e-06,2.5102909246220648e-06,2.7317148074770427e-37,0.0,0.0,-0.23450024015914356,0.0
0.6000000238418579,61,352.3759696615415,-2.6423546987450689e-06,2.3780828484108819e-06,5.4440918567334017e-09,0.0,0.0,0.0,0.0
0.6000000238418579,62,400.0,-6.0000000000000002e-06,3.0000000000000001e-06,-1.6089038657671671e-09,299.48674943235244,-19.764223658284056,0.0,142.863325782045
0.6000000238418579,63,400.0,-6.0000000000000002e-06,3.0000000000000001e-06,4.4558274376809786e-10,500.66220682235974,-27.913575709593598,0.0,238.0911248901204
0.6000000238418579,64,352.3811426798246,-3.0278878662584942e-06,2.5103896753429874e-06,-1.4721560209988399e-09,0.0,0.0,0.0,0.0
0.6000000238418579,65,376.18798483077074,-4.2614910404538406e-06,2.7805700790972933e-06,-2.1695879585094114e-42,0.0,0.0,-0.96664199052220823,0.0
0.6000000238418579,66,400.0,-6.0000000000000002e-06,3.0000000000000001e-06,8.1973052522319541e-42,-1253.8605522429652,73.019475916999284,-0.26290292076484395,0.0
0.6000000238418579,67,376.19057133991237,-4.5241944789002786e-06,2.7455596822574464e-06,-3.9381115457343825e-37,0.0,0.0,0.22528013908210429,0.0
0.6000000238418579,68,352.3785561706831,-2.9743227121736899e-06,2.4488441961461267e-06,-5.4342153505260038e-38,0.0,0.0,0.24604302839803224,0.0
0.6000000238418579,69,352.3759696615415,-2.6524212857027225e-06,2.3775442267688427e-06,1.9598343207157958e-09,0.0,0.0,0.0,0.0
0.6000000238418579,70,400.0,-6.0000000000000002e-06,3.0000000000000001e-06,-2.8491091854710805e-11,-1313.25781046777,66.632241633107697,0.0,0.0
0.6000000238418579,71,400.0,-6.0000000000000002e-06,3.0000000000000001e-06,-7.0865267021453483e-11,-1972.6426614014558,110.26755750717274,0.0,0.0
0.6000000238418579,72,352.3811426798247,-3.0246744547055542e-06,2.5103913746838918e-06,-4.7958488597974514e-10,0.0,0.0,0.0,0.0
0.6000000238418579,73,376.1879848307707,-4.2599794091755188e-06,2.7808272504721905e-06,-7.1431819075290338e-10,0.0,0.0,0.0,0.0
0.6000000238418579,74,400.0,-6.0000000000000002e-06,3.0000000000000001e-06,-8.746570893454671e-10,-1253.9681426528321,73.112850214854419,0.0,0.0
0.6000000238418579,75,376.1905713399123,-4.5244809814344068e-06,2.7456956608946525e-06,2.8714999365627949e-10,0.0,0.0,0.0,0.0
0.6000000238418579,76,352.37855617068305,-2.9733140098786661e-06,2.4491559366196008e-06,2.0475248535010571e-09,0.0,0.0,0.0,0.0
0.6000000238418579,77,400.0,-6.0000000000000002e-06,3.0000000000000001e-06,-2.2578041902131686e-42,193.10096373520787,-7.7558550098282142,-0.17366503319872215,95.23567815700046
0.6000000238418579,78,352.3881243570598,-3.3927105145049955e-06,2.346072884935241e-06,1.3389250145638843e-39,0.0,0.0,-0.28542886834632664,0.0
0.6000000238418579,79,400.0,-6.0000000000000002e-06,3.0000000000000001e-06,6.7507195544177716e-10,193.10658434426864,-7.7657257843021128,0.0,95.23567815700035
0.6000000238418579,80,352.3881243570597,-3.3936229700383491e-06,2.3462712074615708e-06,-2.4530990299216951e-09,0.0,0.0,0.0,0.0
0.6000000238418579,81,400.0,-6.0000000000000002e-06,3.0000000000000001e-06,5.3141881415658173e-42,-734.16582443825428,38.234466312612405,0.21993977889818594,0.0
0.6000000238418579,82,376.19406217852986,-4.7612813691688485e-06,2.7909810824468694e-06,-3.1703520343679614e-42,0.0,0.0,0.37278806946133075,0.0
0.6000000238418579,83,352.38463351844223,-3.1116010034248636e-06,2.424966107467854e-06,3.4149653478690813e-38,0.0,0.0,-0.10857611625132461,0.0
0.6000000238418579,84,400.0,-6.0000000000000002e-06,3.0000000000000001e-06,1.1123890866466102e-10,-694.57109262983283,45.260789102840512,0.0,0.0
0.6000000238418579,85,352.3881243570597,-3.390103174449438e-06,2.3455277297942771e-06,-9.5363593108677004e-10,0.0,0.0,0.0,0.0
0.6000000238418579,86,400.0,-6.0000000000000002e-06,3.0000000000000001e-06,7.5795757409605526e-10,-734.11330439186827,38.231552208915957,0.0,0.0
0.6000000238418579,87,376.19406217852986,-4.762087940377656e-06,2.7911766410067224e-06,9.0043314274801801e-11,0.0,0.0,0.0,0.0
0.6000000238418579,88,352.3846335184422,-3.1124786003620932e-06,2.4250937980587591e-06,-1.959948587571565e-09,0.0,0.0,0.0,0.0
0.699999988079071,1,300.0,-9.0649054859049047e-42,1.5872783094402959e-41,-2.1342756552341774e-45,-131.60085881318449,1.0869111510164553,-0.15815341401547045,-59.42547685098538
0.699999988079071,2,347.65376044836,-2.9677925743419474e-06,8.7961851439185178e-07,4.5150160363456415e-09,0.0,0.0,0.0,0.0
0.699999988079071,3,347.5857330748785,-3.3904179974746507e-06,7.4006694091610811e-07,-1.0725831436325467e-08,0.0,0.0,0.0,0.0
0.699999988079071,4,300.0,1.2015284440273608e-34,-9.7198526605102367e-36,-1.2731500505375952e-37,-263.23648776685388,18.26112343399766,0.27371082207158026,-119.149646277545
0.699999988079071,5,300.0,-9.3691092830817587e-42,1.6422956587206476e-41,-8.847651331887407e-43,-131.60521375225173,1.0883415332465898,0.18261254899666304,-59.4254768509854
0.699999988079071,6,347.65376044835995,-2.9655100867506709e-06,8.7973460703303914e-07,-5.0689512737900576e-09,0.0,0.0,0.0,0.0
0.699999988079071,7,347.5857330748784,-3.3890114862802828e-06,7.4030462747834786e-07,1.0329855756910044e-08,0.0,0.0,0.0,0.0
0.699999988079071,8,300.0,1.2016096471488201e-34,-9.7208178121513046e-36,1.1582539767185193e-37,-263.24952445244764,18.258223114612182,-0.2427564844575173,-119.14964627754497
0.699999988079071,9,323.82688022418,-1.381394028291079e-06,2.748693574991711e-07,1.6464135389969516e-09,0.0,0.0,0.0,0.0
0.699999988079071,10,347.61974676161924,-3.2596186917590663e-06,8.1549426685741135e-07,-5.6046859680255828e-09,0.0,0.0,0.0,0.0
0.699999988079071,11,323.79286653743924,-1.6747678673283494e-06,3.1552345873457424e-07,2.3309096536995798e-09,0.0,0.0,0.0,0.0
0.699999988079071,12,300.0,1.8685789964160145e-41,-1.7207280695274589e-41,9.8119253474362236e-43,502.16821819339674,-19.951512792273011,0.017463119264318348,0.0
0.699999988079071,13,300.0,-1.0943949910047866e-41,1.3014952950789336e-41,1.2091550001218967e-43,478.75940597269954,-34.00619426386055,-0.024665217590366769,0.0
0.699999988079071,14,347.65376044836,-2.9724030219671905e-06,8.8890127987800561e-07,-2.8086707622254475e-10,0.0,0.0,0.0,0.0
0.699999988079071,15,347.5857330748785,-3.3717691551134199e-06,7.3854192522235434e-07,-1.9955364826144151e-10,0.0,0.0,0.0,0.0
0.699999988079071,16,300.0,-4.8193185876395906e-34,5.152392608284013e-35,-5.9269735503739787e-39,1080.4332679074496,-66.466477157085237,-0.042861255936021116,0.0
0.699999988079071,17,323.82688022417994,-1.3807779949411965e-06,2.7482009347953885e-07,-1.3987113844111852e-09,0.0,0.0,0.0,0.0
0.699999988079071,18,347.6197467616192,-3.2577112263118886e-06,8.1566522200489906e-07,5.124921889006387e-09,0.0,0.0,0.0,0.0
0.699999988079071,19,323.7928665374392,-1.6743460944061977e-06,3.1544832469919461e-07,-2.1542919481387868e-09,0.0,0.0,0.0,0.0
0.699999988079071,20,300.0,1.8848837043714334e-41,-1.6636436468748676e-41,8.8785985707923303e-43,502.14237183925411,-19.957625335493205,-0.088965557138286619,0.0
0.699999988079071,21,347.60665623500984,-3.5002405864350069e-06,6.4587999983358832e-07,-4.2777240249624704e-09,0.0,0.0,0.0,0.0
0.699999988079071,22,300.0,1.2631344700817021e-34,-1.5885167054686456e-35,-1.4464369612830574e-37,-287.83941180428474,31.057916168719657,0.1207609245371004,-119.06898852817645
0.699999988079071,23,347.6066562350099,-3.5001538731202501e-06,6.4631216584495553e-07,4.2663086601603777e-09,0.0,0.0,0.0,0.0
0.699999988079071,24,300.0,1.2630130968717155e-34,-1.5875331644761561e-35,1.464160531021658e-37,-287.84052205391578,31.041590660867648,-0.11890677041256335,-119.06898852817639
0.699999988079071,25,347.59619465494416,-3.483427458858541e-06,6.8823271039384269e-07,-7.7047552630136727e-09,0.0,0.0,0.0,0.0
0.699999988079071,26,323.8033281175049,-1.7459133571799705e-06,3.3435609228119556e-07,1.2862750732768884e-09,0.0,0.0,0.0,0.0
0.699999988079071,27,300.0,-8.4471321126100781e-43,2.5266507554407638e-41,-6.8982829750857569e-44,560.60271285553722,-50.035004185770411,-0.15277225513056464,0.0
0.699999988079071,28,347.60665623500984,-3.4925650913746697e-06,6.4396097411864707e-07,-4.3914342774846103e-12,0.0,0.0,0.0,0.0
0.699999988079071,29,300.0,-4.8987886072135642e-34,4.1476094008587689e-35,-2.9073709641797706e-38,1164.6792191154145,-82.237101517869547,-0.011724268840918553,0.0
0.699999988079071,30,347.59619465494416,-3.4825899407962498e-06,6.8856488980533782e-07,7.5032350024832292e-09,0.0,0.0,0.0,0.0
0.699999988079071,31,323.803328117505,-1.7458690624775228e-06,3.342580428557599e-07,-1.2699739847520408e-09,0.0,0.0,0.0,0.0
0.699999988079071,32,300.0,-8.0821518451934645e-43,2.5603295368112061e-41,-5.4232013266130682e-43,560.60480903757434,-50.046192200384979,0.12147063819413459,0.0
0.699999988079071,33,347.65270640699305,-3.5591345802133803e-06,7.2290207092261326e-07,8.8234541521621978e-09,0.0,0.0,0.0,0.0
0.699999988079071,34,300.0,1.4667100246682685e-34,-7.5507269945781749e-36,5.4425322776356869e-38,-314.78315457610523,19.838251507903241,-0.25715913716264527,-118.94300492615241
0.699999988079071,35,347.65270640699305,-3.5601600410237978e-06,7.2317369245235242e-07,-8.5806715689312471e-09,0.0,0.0,0.0,0.0
0.699999988079071,36,300.0,1.4666734167835936e-34,-7.5490669616073093e-36,-4.3146462424256686e-38,-314.76992906748455,19.837468018299973,0.2351497505660968,-118.94300492615241
0.699999988079071,37,347.62968132100144,-3.5082774593489581e-06,6.7887313146387634e-07,2.3377247691864319e-09,0.0,0.0,0.0,0.0
0.699999988079071,38,323.8263532034965,-1.8065534901409258e-06,3.1752630959590453e-07,-1.9851428699042313e-09,0.0,0.0,0.0,0.0
0.699999988079071,39,300.0,-2.7500257647175817e-42,-1.1961945005988262e-42,-1.1783674918942438e-42,595.54705145094283,-51.865161101941865,0.070768744684401919,0.0
0.699999988079071,40,347.65270640699305,-3.5748736915003595e-06,7.2163193891807881e-07,1.2261079775041662e-10,0.0,0.0,0.0,0.0
0.699999988079071,41,300.0,-5.5866586703522109e-34,1.2011999989819393e-35,-2.7237152570263191e-38,1240.7443696690802,-65.574150786397169,0.020428472988525251,0.0
0.699999988079071,42,347.6296813210015,-3.5088894395002059e-06,6.7923114589600267e-07,-2.2104867055094444e-09,0.0,0.0,0.0,0.0
0.699999988079071,43,323.8263532034965,-1.8067987413843281e-06,3.1753681110772443e-07,1.8503874920050912e-09,0.0,0.0,0.0,0.0
0.699999988079071,44,300.0,-2.3739682352774791e-42,-1.3773965350707172e-42,5.6719373120695886e-43,595.5357181904136,-51.873642212351875,-0.055992747076926579,0.0
0.699999988079071,45,347.6081512451559,-3.9804929157027977e-06,8.7737601127543062e-07,2.4048944436342948e-09,0.0,0.0,0.0,0.0
0.699999988079071,46,300.0,-7.4876226010370973e-42,-5.11865602483503e-42,-2.9238666175796874e-43,-158.05359200201099,0.6572073833179426,0.030464751864928773,-59.60301232507801
0.699999988079071,47,347.6081512451558,-3.9816876472822891e-06,8.7759006268981656e-07,-2.2331283495003043e-09,0.0,0.0,0.0,0.0
0.699999988079071,48,300.0,-7.6342126972412724e-42,-5.4430169905766592e-42,-3.0723298491897757e-43,-158.0526595282486,0.66064720227367912,-0.044095807123410331,-59.60301232507803
0.699999988079071,49,347.6304288260745,-3.6870965018530242e-06,8.0529996726056367e-07,7.6508967557773995e-09,0.0,0.0,0.0,0.0
0.699999988079071,50,323.80407562257795,-2.0879055772644574e-06,2.7107739473544788e-07,-2.9352391603796927e-09,0.0,0.0,0.0,0.0
0.699999988079071,51,300.0,1.4072707933690038e-41,-6.6301765987697452e-42,1.200305021335768e-42,657.5527185884672,-20.070579998019966,0.044227118400864601,0.0
0.699999988079071,52,347.60815124515585,-3.9870816629358682e-06,8.8424594521669162e-07,8.6742127256723616e-11,0.0,0.0,0.0,0.0
0.699999988079071,53,300.0,-9.8729774737139521e-42,-2.4941778248862762e-41,-1.1783066330439157e-44,679.7480893699327,-36.917987290914056,0.021494541093052995,0.0
0.699999988079071,54,347.6304288260744,-3.6882198718976799e-06,8.0554539784559171e-07,-7.4321118952390504e-09,0.0,0.0,0.0,0.0
0.699999988079071,55,323.8040756225779,-2.0882853502548993e-06,2.7113542658563975e-07,2.7206685293990679e-09,0.0,0.0,0.0,0.0
0.699999988079071,56,300.0,1.415045301289117e-41,-7.0914710157966099e-42,-2.3052869719306835e-44,657.56357877870028,-20.075046832192104,0.0038767184281529067,0.0
0.699999988079071,57,352.3759697521938,-3.0434834373630266e-06,2.7044449332873129e-06,4.7070835415015725e-39,0.0,0.0,0.89023153508545572,0.0
0.699999988079071,58,400.0,-7.0000000000000007e-06,3.5000000000000004e-06,-2.5733246146763904e-42,349.46736797622162,-25.277473762110692,0.35782457177829363,142.86332556764214
0.699999988079071,59,400.0,-7.0000000000000007e-06,3.5000000000000004e-06,2.0580729425634528e-37,584.50825069030043,-35.770467761502516,0.024456999297563869,238.09112498250983
0.699999988079071,60,352.3811426585573,-3.533567648634854e-06,2.8724326182224149e-06,3.5735891996450457e-37,0.0,0.0,-0.29399329340730179,0.0
0.699999988079071,61,352.37596975219384,-3.0411371678318802e-06,2.7050495199090748e-06,6.8059413643479277e-09,0.0,0.0,0.0,0.0
0.699999988079071,62,400.0,-7.0000000000000007e-06,3.5000000000000004e-06,-2.0175651943373145e-09,349.47172331730627,-25.271585057235928,0.0,142.8633255676426
0.699999988079071,63,400.0,-7.0000000000000007e-06,3.5000000000000004e-06,5.6606607521356923e-10,584.47280377938807,-35.708040425806594,0.0,238.09112498251005
0.699999988079071,64,352.38114265855717,-3.5341536525394778e-06,2.8725569373330874e-06,-1.7977072872818844e-09,0.0,0.0,0.0,0.0
0.699999988079071,65,376.1879848760969,-4.9441158876627715e-06,3.2191738037631716e-06,-1.488369162258859e-42,0.0,0.0,-1.2137751976215292,0.0
0.699999988079071,66,400.0,-7.0000000000000007e-06,3.5000000000000004e-06,5.4667609958749978e-42,-1469.5703648118897,93.395018573493587,-0.33815714054970863,0.0
0.699999988079071,67,376.19057132927867,-5.2802047923681606e-06,3.1744769754663571e-06,-5.0028094884780096e-37,0.0,0.0,0.2840244160392672,0.0
0.699999988079071,68,352.3785562053755,-3.4652167381787331e-06,2.7945085126207731e-06,-7.7209830343351736e-38,0.0,0.0,0.31055653627546054,0.0
0.699999988079071,69,352.3759697521938,-3.0537060802363803e-06,2.7043104039742639e-06,2.4430792538890595e-09,0.0,0.0,0.0,0.0
0.699999988079071,70,400.0,-7.0000000000000007e-06,3.5000000000000004e-06,-3.4307126774658971e-11,-1545.624196500803,85.267767870891248,0.0,0.0
0.699999988079071,71,400.0,-7.0000000000000007e-06,3.5000000000000004e-06,-7.6216882262036322e-11,-2299.4383468587594,141.2432184615655,0.0,0.0
0.699999988079071,72,352.3811426585572,-3.5301979371578892e-06,2.8726345156754615e-06,-5.9044183900712168e-10,0.0,0.0,0.0,0.0
0.699999988079071,73,376.1879848760969,-4.9422406289783361e-06,3.2195043876146035e-06,-8.84611379984155e-10,0.0,0.0,0.0,0.0
0.699999988079071,74,400.0,-7.0000000000000007e-06,3.5000000000000004e-06,-1.1056683160502286e-09,-1469.7023916853825,93.51182416349387,0.0,0.0
0.699999988079071,75,376.19057132927855,-5.280567028054012e-06,3.174643303645432e-06,3.6693356405190549e-10,0.0,0.0,0.0,0.0
0.699999988079071,76,352.3785562053755,-3.4639696451574661e-06,2.7949081843547926e-06,2.5561510895419589e-09,0.0,0.0,0.0,0.0
0.699999988079071,77,400.0,-7.0000000000000007e-06,3.5000000000000004e-06,-1.5215159584311327e-42,224.63238610662521,-9.9724281648498625,-0.22927930853117803,95.23567835778519
0.699999988079071,78,352.38812427076715,-4.0004617782463173e-06,2.6647414145853042e-06,1.6038419428099472e-39,0.0,0.0,-0.38823439031444057,0.0
0.699999988079071,79,400.0,-7.0000000000000007e-06,3.5000000000000004e-06,8.7947093400744147e-10,224.63650776843576,-9.9852249670091737,0.0,95.23567835778523
0.699999988079071,80,352.38812427076715,-4.0016363270062554e-06,2.6650458889112346e-06,-3.2946831800057623e-09,0.0,0.0,0.0,0.0
0.699999988079071,81,400.0,-7.0000000000000007e-06,3.5000000000000004e-06,3.583640823211117e-42,-849.56758724229383,49.005781065951652,0.29298452779706569,0.0
0.699999988079071,82,376.19406213538355,-5.5833330942944011e-06,3.2324446250543928e-06,-2.1654403774153687e-42,0.0,0.0,0.48382079403314232,0.0
0.699999988079071,83,352.3846334646622,-3.6413821572829403e-06,2.7645885018398868e-06,4.9606422976972046e-38,0.0,0.0,-0.12483528608718412,0.0
0.699999988079071,84,400.0,-7.0000000000000007e-06,3.5000000000000004e-06,1.2633277263172656e-10,-798.83728520437467,57.849141092744368,0.0,0.0
0.699999988079071,85,352.38812427076715,-3.9969329616431735e-06,2.6639072832965499e-06,-1.2630266122867347e-09,0.0,0.0,0.0,0.0
0.699999988079071,86,400.0,-7.0000000000000007e-06,3.5000000000000004e-06,9.8130669781205101e-10,-849.49904448685083,49.001464410673407,0.0,0.0
0.699999988079071,87,376.19406213538355,-5.584368712678887e-06,3.2327372663649144e-06,9.2084501467043196e-11,0.0,0.0,0.0,0.0
0.699999988079071,88,352.38463346466216,-3.6424962449952093e-06,2.7647820301372033e-06,-2.4928762421182941e-09,0.0,0.0,0.0,0.0
0.800000011920929,1,300.0,-6.1870798236989822e-42,1.0845769595952474e-41,-2.2784295536579152e-44,-149.43130951110439,1.3716018472501166,-0.17884068571146178,-59.425476871080335
0.800000011920929,2,347.6537604599217,-3.347096391874192e-06,1.0822275409900785e-06,5.0503894866008898e-09,0.0,0.0,0.0,0.0
0.800000011920929,3,347.5857330831331,-3.8665613620117735e-06,9.1191527686926771e-07,-1.2738875473150651e-08,0.0,0.0,0.0,0.0
0.800000011920929,4,300.0,1.3528379880393841e-34,-1.2107783053195054e-35,-1.5251173690389783e-37,-298.79070484997663,22.516763320036844,0.32173179390148804,-119.14964630623251
0.800000011920929,5,300.0,-6.4001319346575045e-42,1.1234958455513531e-41,-6.0459278138182981e-43,-149.43592235570219,1.3728986517700743,0.20926035225884554,-59.425476871080285
0.800000011920929,6,347.6537604599218,-3.3443781222749648e-06,1.0823897728995085e-06,-5.5608383369592543e-09,0.0,0.0,0.0,0.0
0.800000011920929,7,347.5857330831332,-3.864882698479301e-06,9.1222509355189363e-07,1.2363749179954578e-08,0.0,0.0,0.0,0.0
0.800000011920929,8,300.0,1.3529378151841763e-34,-1.2108873120624065e-35,1.3920798029459369e-37,-298.804241236986,22.513029385454324,-0.28243589693517696,-119.14964630623228
0.800000011920929,9,323.82688022996086,-1.5475058402171807e-06,3.387283199369392e-07,2.2674963164655057e-09,0.0,0.0,0.0,0.0
0.800000011920929,10,347.6197467715274,-3.7051110931578122e-06,1.0039737882378033e-06,-6.9949777055988657e-09,0.0,0.0,0.0,0.0
0.800000011920929,11,323.7928665415666,-1.907836427885943e-06,3.888190096755261e-07,2.7639480825784116e-09,0.0,0.0,0.0,0.0
0.800000011920929,12,300.0,1.261560469955318e-41,-1.1725863942493891e-41,7.1233115740973079e-43,567.282650484535,-24.607923760895094,0.014754675506467628,0.0
0.800000011920929,13,300.0,-7.8357094732837829e-42,9.0709656021482137e-42,9.2297735451537053e-44,538.07466886705697,-41.946073402374672,-0.033627628631927579,0.0
0.800000011920929,14,347.6537604599217,-3.3514499365618027e-06,1.0938012493410146e-06,-2.6063194256182056e-10,0.0,0.0,0.0,0.0
0.800000011920929,15,347.58573308313316,-3.8444777307203639e-06,9.0983617059549654e-07,-1.896829579904123e-10,0.0,0.0,0.0,0.0
0.800000011920929,16,300.0,-5.4185497593152113e-34,6.3596459536417818e-35,-5.2689937439501103e-39,1227.4961177460959,-81.987142161157294,-0.056167526837109294,0.0
0.800000011920929,17,323.8268802299609,-1.54680093676877e-06,3.3869144939091363e-07,-1.9030223957570257e-09,0.0,0.0,0.0,0.0
0.800000011920929,18,347.6197467715275,-3.7028416465374907e-06,1.0042014549232386e-06,6.5499617318939703e-09,0.0,0.0,0.0,0.0
0.800000011920929,19,323.7928665415666,-1.9073565522621877e-06,3.887570308244183e-07,-2.5073729436054872e-09,0.0,0.0,0.0,0.0
0.800000011920929,20,300.0,1.2720982381722979e-41,-1.1316273617674192e-41,6.1798826353820309e-43,567.25807457356359,-24.616387597918738,-0.10634722697591981,0.0
0.800000011920929,21,347.6066562350642,-4.0017784346062044e-06,7.9701742009089165e-07,-4.8900847455487261e-09,0.0,0.0,0.0,0.0
0.800000011920929,22,300.0,1.4258105804837253e-34,-1.9532510965999228e-35,-1.7049188472555808e-37,-328.92580217368084,38.206030062185533,0.13948182664361272,-119.06898852877367
0.800000011920929,23,347.6066562350642,-4.001671408459909e-06,7.9757792631197014e-07,4.8996165055904814e-09,0.0,0.0,0.0,0.0
0.800000011920929,24,300.0,1.4256771185871969e-34,-1.9520290253578338e-35,1.7409487269716727e-37,-328.92665004245504,38.185444003817238,-0.13654449123669668,-119.06898852877384
0.800000011920929,25,347.5961946590986,-3.9799438119736123e-06,8.4870100317265555e-07,-8.9948812240303254e-09,0.0,0.0,0.0,0.0
0.800000011920929,26,323.8033281175321,-1.9957184620033052e-06,4.1180458085085758e-07,1.5026450028042459e-09,0.0,0.0,0.0,0.0
0.800000011920929,27,300.0,-6.5879554338249903e-43,1.7314102275351426e-41,-8.3611740437986218e-44,639.35962657027176,-61.633572337133614,-0.18124319737214317,0.0
0.800000011920929,28,347.6066562350642,-3.9928761630129659e-06,7.9474510094682254e-07,6.5343472929879265e-12,0.0,0.0,0.0,0.0
0.800000011920929,29,300.0,-5.5178605876645668e-34,5.1169563299824881e-35,-3.5836732470808379e-38,1331.2849371639122,-101.39048512132022,-0.014723655404697548,0.0
0.800000011920929,30,347.5961946590987,-3.9789396481004005e-06,8.4913289206444114e-07,8.8163759175158837e-09,0.0,0.0,0.0,0.0
0.800000011920929,31,323.8033281175321,-1.9956719968773269e-06,4.1171712071267792e-07,-1.4698766228515792e-09,0.0,0.0,0.0,0.0
0.800000011920929,32,300.0,-6.2885622824551933e-43,1.7554857284848897e-41,-3.4926805937903263e-43,639.3655953538148,-61.648967530052062,0.14076938266743574,0.0
0.800000011920929,33,347.65270639873677,-4.0747334357265548e-06,8.905629603445209e-07,1.0687377321064197e-08,0.0,0.0,0.0,0.0
0.800000011920929,34,300.0,1.6763228764218888e-34,-9.2153732448903448e-36,6.870451463928152e-38,-361.82661029072204,24.437439657184939,-0.30985907628788811,-118.94300489822685
0.800000011920929,35,347.65270639873677,-4.075983786831898e-06,8.9094404729872271e-07,-1.0440802668514762e-08,0.0,0.0,0.0,0.0
0.800000011920929,36,300.0,1.6762924228636557e-34,-9.2131265343497383e-36,-5.2773389918320053e-38,-361.81137321362689,24.435251885949491,0.28167667150827674,-118.9430048982266
0.800000011920929,37,347.6296813169005,-4.0120621961959075e-06,8.3711382634250303e-07,2.941751106439597e-09,0.0,0.0,0.0,0.0
0.800000011920929,38,323.8263531993684,-2.0707598170409853e-06,3.9117525912405252e-07,-2.3856238643932829e-09,0.0,0.0,0.0,0.0
0.800000011920929,39,300.0,-1.6655887301608625e-42,-1.4251487145874367e-42,-7.8400066282763378e-43,681.978635541485,-63.851866461017522,0.085849628583155299,0.0
0.800000011920929,40,347.65270639873677,-4.0937857582265456e-06,8.8897159084807993e-07,1.2488088486493218e-10,0.0,0.0,0.0,0.0
0.800000011920929,41,300.0,-6.3652879767658516e-34,1.484069346849588e-35,-3.5869814899609539e-38,1425.19316458095,-80.84694472654769,0.027834003000851384,0.0
0.800000011920929,42,347.6296813169005,-4.012802372851837e-06,8.3759298407722314e-07,-2.8009539993857145e-09,0.0,0.0,0.0,0.0
0.800000011920929,43,323.8263531993684,-2.0710470956863411e-06,3.9121647702484359e-07,2.2001873116114957e-09,0.0,0.0,0.0,0.0
0.800000011920929,44,300.0,-1.3997908104554332e-42,-1.5519137234058216e-42,3.465345986930667e-43,681.96491665436406,-63.864209704645454,-0.06742916593834547,0.0
0.800000011920929,45,347.6081512335895,-4.5929555525488236e-06,1.0786430061498775e-06,2.4648626848208438e-09,0.0,0.0,0.0,0.0
0.800000011920929,46,300.0,-5.0471943718450826e-42,-3.597739831868455e-42,-1.920179682031791e-43,-181.64902567493525,0.87064213312674832,0.039187391278805668,-59.60301230489011
0.800000011920929,47,347.6081512335895,-4.5944307991261054e-06,1.0789622358754146e-06,-2.3595647267436152e-09,0.0,0.0,0.0,0.0
0.800000011920929,48,300.0,-5.1483373684350899e-42,-3.8259163478277931e-42,-2.2719904106606462e-43,-181.64800961729597,0.87418857752039714,-0.057098075375056671,-59.60301230489012
0.800000011920929,49,347.63042881616315,-4.2326433839666817e-06,9.9084282757831803e-07,9.2080654679585202e-09,0.0,0.0,0.0,0.0
0.800000011920929,50,323.80407561679476,-2.4167500492061181e-06,3.3400436400195691e-07,-3.6929930308040966e-09,0.0,0.0,0.0,0.0
0.800000011920929,51,300.0,9.5656001073838384e-42,-4.3237563310677613e-42,8.133884193646306e-43,758.10234231208642,-24.835683585165384,0.055077363871381749,0.0
0.800000011920929,52,347.6081512335895,-4.6007482252675419e-06,1.0875923143564569e-06,5.4013576812208229e-11,0.0,0.0,0.0,0.0
0.800000011920929,53,300.0,-6.5694381914139839e-42,-1.6857662497170555e-41,-5.9982397287637072e-45,785.82958478681962,-45.431383976977415,0.028804860551863813,0.0
0.800000011920929,54,347.63042881616315,-4.234015525511867e-06,9.9119624442706879e-07,-9.0192948417125156e-09,0.0,0.0,0.0,0.0
0.800000011920929,55,323.80407561679476,-2.4172040293234353e-06,3.3410008061202252e-07,3.3790156292667668e-09,0.0,0.0,0.0,0.0
0.800000011920929,56,300.0,9.6223275135692296e-42,-4.647624419912944e-42,1.2531238003569877e-44,758.11206175333871,-24.842819688538587,0.0085882528424308692,0.0
0.800000011920929,57,352.37596976579664,-3.4363067161346353e-06,3.0206638563295491e-06,5.3617242357644334e-39,0.0,0.0,1.0907301016552027,0.0
0.800000011920929,58,400.0,-8.0000000000000013e-06,4.0000000000000007e-06,-1.7597663467420192e-42,399.45171304024228,-31.126321020925765,0.43929630040174861,142.86332553262812
0.800000011920929,59,400.0,-8.0000000000000013e-06,4.0000000000000007e-06,2.6087387435479464e-37,668.38681867483274,-44.068828437946699,0.023727911899851462,238.09112499127878
0.800000011920929,60,352.38114265536075,-4.0400366005262515e-06,3.2254781106090212e-06,4.5073331056976483e-37,0.0,0.0,-0.35719188190263207,0.0
0.800000011920929,61,352.3759697657965,-3.4335169661007899e-06,3.0214383119068379e-06,8.243803141067065e-09,0.0,0.0,0.0,0.0
0.800000011920929,62,400.0,-8.0000000000000013e-06,4.0000000000000007e-06,-2.4475022562134916e-09,399.45799104217178,-31.120706568860761,0.0,142.86332553262815
0.800000011920929,63,400.0,-8.0000000000000013e-06,4.0000000000000007e-06,6.9427734450770973e-10,668.34577296589237,-43.991916181144354,0.0,238.09112499127906
0.800000011920929,64,352.3811426553607,-4.0407411779504149e-06,3.2256283513060149e-06,-2.1302937642934461e-09,0.0,0.0,0.0,0.0
0.800000011920929,65,376.1879848828983,-5.622460273262765e-06,3.6538716842001929e-06,-1.043918721376561e-42,0.0,0.0,-1.4742956751512857,0.0
0.800000011920929,66,400.0,-8.0000000000000013e-06,4.0000000000000007e-06,3.7374829242646639e-42,-1686.3235901809549,115.04780219096344,-0.42012269993432866,0.0
0.800000011920929,67,376.19057132768035,-6.036559799086252e-06,3.5989254477802457e-06,-6.1298480563491583e-37,0.0,0.0,0.34650550696088522,0.0
0.800000011920929,68,352.3785562105787,-3.9552579421175938e-06,3.1303372455442862e-06,-1.042191873128794e-37,0.0,0.0,0.37722309241462887,0.0
0.800000011920929,69,352.3759697657966,-3.4487101823021841e-06,3.0204550066799385e-06,2.9515965904596009e-09,0.0,0.0,0.0,0.0
0.800000011920929,70,400.0,-8.0000000000000013e-06,4.0000000000000007e-06,-3.8994955130175691e-11,-1780.1197162493272,105.08368396257853,0.0,0.0
0.800000011920929,71,400.0,-8.0000000000000013e-06,4.0000000000000007e-06,-8.0267375548438738e-11,-2625.9206223925457,174.23623503152939,0.0,0.0
0.800000011920929,72,352.3811426553607,-4.0360136398062991e-06,3.2258159832205777e-06,-7.0407619152161166e-10,0.0,0.0,0.0,0.0
0.800000011920929,73,376.18798488289826,-5.6202080028836544e-06,3.654286039088189e-06,-1.0570149498785473e-09,0.0,0.0,0.0,0.0
0.800000011920929,74,400.0,-8.0000000000000013e-06,4.0000000000000007e-06,-1.3510840131284278e-09,-1686.4808541646053,115.18897449210999,0.0,0.0
0.800000011920929,75,376.19057132768035,-6.0370013041690953e-06,3.5991210731782421e-06,4.5354843537850038e-10,0.0,0.0,0.0,0.0
0.800000011920929,76,352.3785562105786,-3.9537654027081049e-06,3.1308341918563268e-06,3.0842896205039874e-09,0.0,0.0,0.0,0.0
0.800000011920929,77,400.0,-8.0000000000000013e-06,4.0000000000000007e-06,-1.0483983673043535e-42,256.07470357233728,-12.34694446767651,-0.29033950670550651,95.2356783852963
0.800000011920929,78,352.38812425829127,-4.6146618480194332e-06,2.9725367237383453e-06,1.8592399474111362e-39,0.0,0.0,-0.50306713130842007,0.0
0.800000011920929,79,400.0,-8.0000000000000013e-06,4.0000000000000007e-06,1.0972952364186986e-09,256.07652678423716,-12.363004168450402,0.0,95.23567838529637
0.800000011920929,80,352.38812425829127,-4.6161101803939582e-06,2.9729687649588692e-06,-4.2160267903020408e-09,0.0,0.0,0.0,0.0
0.800000011920929,81,400.0,-8.0000000000000013e-06,4.0000000000000007e-06,2.4718907219916721e-42,-963.89840141539798,60.487828268815448,0.37422491040398254,0.0
0.800000011920929,82,376.1940621291456,-6.4097722289614659e-06,3.6701549659389598e-06,-1.5147777748419227e-42,0.0,0.0,0.60176321313774672,0.0
0.800000011920929,83,352.384633456826,-4.1730190730934834e-06,3.0942149155815224e-06,6.8123851535478408e-38,0.0,0.0,-0.13715371778008636,0.0
0.800000011920929,84,400.0,-8.0000000000000013e-06,4.0000000000000007e-06,1.3936667493402793e-10,-901.29037442626486,71.211840252158538,0.0,0.0
0.800000011920929,85,352.38812425829127,-4.6101327603923765e-06,2.9713513746729838e-06,-1.598484242231923e-09,0.0,0.0,0.0,0.0
0.800000011920929,86,400.0,-8.0000000000000013e-06,4.0000000000000007e-06,1.2209034994156325e-09,-963.81269467242748,60.481527176297263,0.0,0.0
0.800000011920929,87,376.19406212914566,-6.4110485976596363e-06,3.6705627882497271e-06,8.4007983503143847e-11,0.0,0.0,0.0,0.0
0.800000011920929,88,352.384633456826,-4.1743790479643514e-06,3.0944864780367401e-06,-3.0500238992760583e-09,0.0,0.0,0.0,0.0
0.8999999761581421,1,300.0,-4.3149808106010581e-42,7.5688928314024196e-42,-3.1089420609159255e-44,-167.14610216866561,1.6854500893945217,-0.1995541694472974,-59.42547687403698
0.8999999761581421,2,347.65376046163817,-3.7207192291944669e-06,1.2944154499745475e-06,5.6558656077180456e-09,0.0,0.0,0.0,0.0
0.8999999761581421,3,347.5857330843479,-4.3415491533556723e-06,1.0923663176552067e-06,-1.4814555288557117e-08,0.0,0.0,0.0,0.0
0.8999999761581421,4,300.0,1.5014756759256328e-34,-1.4638133369553056e-35,-1.7860265783631892e-37,-334.08538628789688,26.9892333559146,0.37138358010057443,-119.14964631041776
0.8999999761581421,5,300.0,-4.4674663875078362e-42,7.8499150866115056e-42,-4.2219744783745557e-43,-167.15082370965601,1.6864601233815684,0.23640716988875732,-59.425476874036995
0.8999999761581421,6,347.65376046163817,-3.7175583079330778e-06,1.2946337465712399e-06,-6.0797723305657049e-09,0.0,0.0,0.0,0.0
0.8999999761581421,7,347.5857330843479,-4.3395938257977592e-06,1.0927579982066106e-06,1.4486432155047295e-08,0.0,0.0,0.0,0.0
0.8999999761581421,8,300.0,1.5015957734572303e-34,-1.4639285609981855e-35,1.6360721089600434e-37,-334.09891436560338,26.984542085754299,-0.32295168480107683,-119.14964631041778
0.8999999761581421,9,323.8268802308191,-1.709606918560577e-06,4.0577152915396555e-07,2.9724383617504786e-09,0.0,0.0,0.0,0.0
0.8999999761581421,10,347.61974677299304,-4.1479499138911615e-06,1.2015806021897381e-06,-8.4613285361283302e-09,0.0,0.0,0.0,0.0
0.8999999761581421,11,323.79286654217395,-2.140052962397781e-06,4.6579853643496294e-07,3.2076706929439014e-09,0.0,0.0,0.0,0.0
0.8999999761581421,12,300.0,8.7107221463323037e-42,-8.1537723875892907e-42,5.272098968681141e-43,631.5509048112043,-29.520847224621786,0.011056781405741541,0.0
0.8999999761581421,13,300.0,-5.7028004879348677e-42,6.4680084368006863e-42,7.0929078424484877e-44,596.19796944548466,-50.274894385720273,-0.043902277852854985,0.0
0.8999999761581421,14,347.65376046163817,-3.7247212189288366e-06,1.3085483310038433e-06,-2.1916004738331522e-10,0.0,0.0,0.0,0.0
0.8999999761581421,15,347.5857330843479,-4.3159243168378115e-06,1.0896530958754047e-06,-1.6681367827329283e-10,0.0,0.0,0.0,0.0
0.8999999761581421,16,300.0,-6.0060652528973428e-34,7.6274084617075527e-35,-4.148787827648744e-39,1373.6079758365545,-98.297563812179874,-0.071057185713140944,0.0
0.8999999761581421,17,323.8268802308191,-1.7088194765285538e-06,4.0575384123227862e-07,-2.4698677621835345e-09,0.0,0.0,0.0,0.0
0.8999999761581421,18,347.61974677299304,-4.1453141802996948e-06,1.2018745067116806e-06,8.0866317349934522e-09,0.0,0.0,0.0,0.0
0.8999999761581421,19,323.79286654217395,-2.1395202921816733e-06,4.6575820427716374e-07,-2.8577082151377579e-09,0.0,0.0,0.0,0.0
0.8999999761581421,20,300.0,8.7803713530710662e-42,-7.8539889433305095e-42,4.3921434864954921e-43,631.52929533515578,-29.532059482669133,-0.12485050826653821,0.0
0.8999999761581421,21,347.60665623505975,-4.5034908654931065e-06,9.5608015500258001e-07,-5.4962420085553176e-09,0.0,0.0,0.0,0.0
0.8999999761581421,22,300.0,1.5861356275642239e-34,-2.3339922726752321e-35,-1.96674037483681e-37,-370.00965690430127,45.679850210722712,0.15819134552936581,-119.06898852879178
0.8999999761581421,23,347.60665623505975,-4.5033622178005092e-06,9.5678328604516002e-07,5.5310721617397615e-09,0.0,0.0,0.0,0.0
0.8999999761581421,24,300.0,1.5859933849733807e-34,-2.332513914106317e-35,2.0260786479567143e-37,-370.0101446200951,45.654632840558506,-0.15400896958768662,-119.06898852879172
0.8999999761581421,25,347.5961946597038,-4.4762248536237227e-06,1.0174078685536927e-06,-1.0296907741220746e-08,0.0,0.0,0.0,0.0
0.8999999761581421,26,323.8033281175299,-2.2455701667165269e-06,4.9308327976553112e-07,1.7231671347327056e-09,0.0,0.0,0.0,0.0
0.8999999761581421,27,300.0,-5.1359904166982457e-43,1.213373245537376e-41,-8.4519468540062135e-44,717.94137214732041,-73.797560051906345,-0.21098150124338561,0.0
0.8999999761581421,28,347.60665623505975,-4.4933527436740022e-06,9.5344946897857497e-07,1.9704258589013558e-11,0.0,0.0,0.0,0.0
0.8999999761581421,29,300.0,-6.1265655880414156e-34,6.1363665888725651e-35,-4.2992615726135454e-38,1497.9186853091694,-121.53675244793175,-0.017955571292799226,0.0
0.8999999761581421,30,347.5961946597038,-4.4750501680286935e-06,1.017951472377235e-06,1.0157110875227772e-08,0.0,0.0,0.0,0.0
0.8999999761581421,31,323.8033281175299,-2.2455224175612773e-06,4.9301537539281858e-07,-1.6711592581323774e-09,0.0,0.0,0.0,0.0
0.8999999761581421,32,300.0,-4.8897444714038285e-43,1.2308993613111448e-41,-2.2823593091125606e-43,717.95213880644349,-73.817834722544632,0.16039335180010639,0.0
0.8999999761581421,33,347.65270639751924,-4.5913901628189931e-06,1.0665876359333427e-06,1.2625086285216456e-08,0.0,0.0,0.0,0.0
0.8999999761581421,34,300.0,1.8858105960594043e-34,-1.0946025067952597e-35,8.4102407404712096e-38,-409.12984105085854,29.261359861011172,-0.3647264582859695,-118.943004894072
0.8999999761581421,35,347.65270639751924,-4.5928718830964748e-06,1.0670943309138783e-06,-1.2390987640357423e-08,0.0,0.0,0.0,0.0
0.8999999761581421,36,300.0,1.8857910268504167e-34,-1.0943125609159949e-35,-6.2755351879736608e-38,-409.11280246139006,29.257455585218512,0.32974948028191864,-118.94300489407195
0.8999999761581421,37,347.6296813162895,-4.5162678579484076e-06,1.0034859764571197e-06,3.5738223875290213e-09,0.0,0.0,0.0,0.0
0.8999999761581421,38,323.82635319875965,-2.3358213431525559e-06,4.6849848640783377e-07,-2.7971473184366097e-09,0.0,0.0,0.0,0.0
0.8999999761581421,39,300.0,-1.0103026615876417e-42,-1.4239788218365664e-42,-5.3202536667370997e-43,768.5922365917653,-76.404791058792497,0.10182579139294604,0.0
0.8999999761581421,40,347.65270639751924,-4.6138864772882072e-06,1.0646316662823972e-06,1.1904880635283264e-10,0.0,0.0,0.0,0.0
0.8999999761581421,41,300.0,-7.1413352491387656e-34,1.783635074667573e-35,-4.5462896770439155e-38,1610.5835880854147,-96.905303782488204,0.036314804055845806,0.0
0.8999999761581421,42,347.6296813162895,-4.5171392849891432e-06,1.0041017380380627e-06,-3.4257112145326722e-09,0.0,0.0,0.0,0.0
0.8999999761581421,43,323.82635319875965,-2.3361476156251078e-06,4.6857959198209471e-07,2.5523091664530496e-09,0.0,0.0,0.0,0.0
0.8999999761581421,44,300.0,-8.1873489604744075e-43,-1.5140723504624239e-42,2.1256013358606352e-43,768.57579442821316,-76.421686391316399,-0.079425542990733441,0.0
0.8999999761581421,45,347.6081512318911,-5.2109229892478493e-06,1.2892453818172272e-06,2.4190216364465235e-09,0.0,0.0,0.0,0.0
0.8999999761581421,46,300.0,-3.4702402884038133e-42,-2.5828678185918398e-42,-1.2866234316453065e-43,-205.36101711001959,1.1178028046058703,0.048599739140104146,-59.603012301909615
0.8999999761581421,47,347.6081512318911,-5.2126881641794794e-06,1.2896880948432653e-06,-2.4151252573089268e-09,0.0,0.0,0.0,0.0
0.8999999761581421,48,300.0,-3.541529049720712e-42,-2.7464329667059875e-42,-1.7055306677357116e-43,-205.35999130963316,1.1212930681292548,-0.071254899605573019,-59.60301230190954
0.8999999761581421,49,347.63042881470517,-4.780681324976708e-06,1.1852504027960841e-06,1.0823597737152039e-08,0.0,0.0,0.0,0.0
0.8999999761581421,50,323.8040756159455,-2.749490084557693e-06,4.0007764747682646e-07,-4.5256447285539955e-09,0.0,0.0,0.0,0.0
0.8999999761581421,51,300.0,6.6200901274503792e-42,-2.8629099351826095e-42,5.6266147479590557e-43,859.48669989622408,-29.876273321577006,0.066822061258271184,0.0
0.8999999761581421,52,347.6081512318911,-5.2199453133887544e-06,1.3005402666797685e-06,3.9664110945274245e-12,0.0,0.0,0.0,0.0
0.8999999761581421,53,300.0,-4.4846505275472391e-42,-1.1626476715674333e-41,-2.8712219584266072e-45,893.08860002282722,-54.346485652259709,0.037164988010519061,0.0
0.8999999761581421,54,347.63042881470517,-4.7823080387732637e-06,1.1857290704796129e-06,-1.0690783130274734e-08,0.0,0.0,0.0,0.0
0.8999999761581421,55,323.8040756159455,-2.7500163787232847e-06,4.0021942828612769e-07,4.0937243562046519e-09,0.0,0.0,0.0,0.0
0.8999999761581421,56,300.0,6.6619002118698074e-42,-3.0952998296776866e-42,2.873498589879661e-44,859.49408654374986,-29.886581876183588,0.014311930577729733,0.0
0.8999999761581421,57,352.37596976781344,-3.8237951237443886e-06,3.3280708560937459e-06,5.8676490009444674e-39,0.0,0.0,1.3033411900622174,0.0
0.8999999761581421,58,400.0,-9.0000000000000002e-06,4.5000000000000001e-06,-1.2301494972114746e-42,449.43360205087521,-37.260426537658141,0.52568483038529146,142.8633255273984
0.8999999761581421,59,400.0,-9.0000000000000002e-06,4.5000000000000001e-06,3.2064643235146579e-37,752.31929010799286,-52.778175184973989,0.022178445271193337,238.0911249925125
0.8999999761581421,60,352.38114265488116,-4.5467938247421388e-06,3.5707890314008875e-06,5.5277504673067573e-37,0.0,0.0,-0.42359962370172205,0.0
0.8999999761581421,61,352.3759697678134,-3.8205562061662125e-06,3.3290369428345e-06,9.74822509952671e-09,0.0,0.0,0.0,0.0
0.8999999761581421,62,400.0,-9.0000000000000002e-06,4.5000000000000001e-06,-2.8948304646845087e-09,449.44233447879867,-37.255562010888546,0.0,142.86332552739862
0.8999999761581421,63,400.0,-9.0000000000000002e-06,4.5000000000000001e-06,8.290867889269126e-10,752.27255450227563,-52.685988437679697,0.0,238.0911249925128
0.8999999761581421,64,352.38114265488116,-4.547619512182987e-06,3.5709652646916507e-06,-2.4673983777656816e-09,0.0,0.0,0.0,0.0
0.8999999761581421,65,376.1879848839067,-6.297224788984648e-06,4.085283072977759e-06,-7.464916729582268e-43,0.0,0.0,-1.746074356804044,0.0
0.8999999761581421,66,400.0,-9.0000000000000002e-06,4.5000000000000001e-06,2.6116273168107367e-42,-1903.9498852660536,137.77153994425177,-0.50836244939485731,0.0
0.8999999761581421,67,376.1905713274406,-6.7932146205137345e-06,4.0196264912865335e-06,-7.3084775733988625e-37,0.0,0.0,0.41219670525653418,0.0
0.8999999761581421,68,352.3785562113473,-4.4445514331943111e-06,3.4578901251946046e-06,-1.3530397043637215e-37,0.0,0.0,0.445033303327034,0.0
0.8999999761581421,69,352.37596976781344,-3.8384745370247885e-06,3.3277632729187664e-06,3.4821858121030382e-09,0.0,0.0,0.0,0.0
0.8999999761581421,70,400.0,-9.0000000000000002e-06,4.5000000000000001e-06,-4.2206880895574165e-11,-2016.408902174689,125.89139448915017,0.0,0.0
0.8999999761581421,71,400.0,-9.0000000000000002e-06,4.5000000000000001e-06,-8.3184393993777101e-11,-2952.1389450459246,208.93809358103044,0.0,0.0
0.8999999761581421,72,352.38114265488116,-4.5420960640232496e-06,3.5712988292884527e-06,-8.1947264475653206e-10,0.0,0.0,0.0,0.0
0.8999999761581421,73,376.18798488390667,-6.2945852062492782e-06,4.0857920311430473e-06,-1.2289359366615876e-09,0.0,0.0,0.0,0.0
0.8999999761581421,74,400.0,-9.0000000000000002e-06,4.5000000000000001e-06,-1.6089857540808944e-09,-1904.1330419740548,137.93773552821591,0.0,0.0
0.8999999761581421,75,376.1905713274406,-6.7937381437949182e-06,4.0198498827891505e-06,5.4634638191414772e-10,0.0,0.0,0.0,0.0
0.8999999761581421,76,352.37855621134725,-4.4428084595716366e-06,3.4584934651564206e-06,3.6269423147306708e-09,0.0,0.0,0.0,0.0
0.8999999761581421,77,400.0,-9.0000000000000002e-06,4.5000000000000001e-06,-7.3649322146495691e-43,287.44630429492508,-14.85807041042009,-0.35636373337719907,95.23567838931685
0.8999999761581421,78,352.38812425646273,-5.2342259421674585e-06,3.2713382803804913e-06,2.1057755492887323e-39,0.0,0.0,-0.62897118497210069,0.0
0.8999999761581421,79,400.0,-9.0000000000000002e-06,4.5000000000000001e-06,1.3260589936688404e-09,287.44504049496243,-14.877719087873061,0.0,95.23567838931679
0.8999999761581421,80,352.3881242564627,-5.2359563991620419e-06,3.2719188740164329e-06,-5.2078186565821825e-09,0.0,0.0,0.0,0.0
0.8999999761581421,81,400.0,-9.0000000000000002e-06,4.5000000000000001e-06,1.738978977050881e-42,-1077.3354338756706,72.57322373709394,0.4631048150879824,0.0
0.8999999761581421,82,376.19406212823134,-7.2398741627486526e-06,4.1046984881802963e-06,-1.0820553167678781e-42,0.0,0.0,0.72533763264355477,0.0
0.8999999761581421,83,352.384633455672,-4.7062482341868768e-06,3.4154751017148585e-06,8.9668827807308673e-38,0.0,0.0,-0.14505782813868837,0.0
0.8999999761581421,84,400.0,-9.0000000000000002e-06,4.5000000000000001e-06,1.5023757393066409e-10,-1002.2159852408487,85.220180467737961,0.0,0.0
0.8999999761581421,85,352.3881242564627,-5.2286298424096106e-06,3.2697404784126227e-06,-1.9566851580885198e-09,0.0,0.0,0.0,0.0
0.8999999761581421,86,400.0,-9.0000000000000002e-06,4.5000000000000001e-06,1.4744808052492238e-09,-1077.231599623994,72.564328107513404,0.0,0.0
0.8999999761581421,87,376.19406212823134,-7.2414002728829293e-06,4.1052389912260805e-06,6.5190808404067103e-11,0.0,0.0,0.0,0.0
0.8999999761581421,88,352.3846334556719,-4.7078607860185832e-06,3.4158365524509269e-06,-3.6253338471297713e-09,0.0,0.0,0.0,0.0
1.0,1,300.0,-3.067488186595242e-42,5.3814102762115032e-42,-3.3195500555292488e-44,-184.76566468628224,2.0274643988695304,-0.22036594947525559,-59.425476874473624
1.0,2,347.6537604618921,-4.0895576046421252e-06,1.5146104563961153e-06,6.3451247612490971e-09,0.0,0.0,0.0,0.0
1.0,3,347.585733084527,-4.8155307470567433e-06,1.2801185892027731e-06,-1.6943805059400015e-08,0.0,0.0,0.0,0.0
1.0,4,300.0,1.6478378514064179e-34,-1.7293019135429197e-35,-2.0544483886570128e-37,-369.16172971414051,31.646580735110454,0.42253926976147493,-119.14964631103462
1.0,5,300.0,-3.1787459065254828e-42,5.5880485118862865e-42,-3.0049989580983372e-43,-184.77034490726453,2.0280269510241968,0.26409582076819499,-59.42547687447372
1.0,6,347.653760461892,-4.0859496233633706e-06,1.5148950678777691e-06,-6.6396495614988761e-09,0.0,0.0,0.0,0.0
1.0,7,347.5857330845271,-4.8132959073351047e-06,1.2806016346941063e-06,1.6688316746247609e-08,0.0,0.0,0.0,0.0
1.0,8,300.0,1.6479798160571565e-34,-1.7294163895320319e-35,1.888970862309531e-37,-369.17474584169645,31.640812982092953,-0.36422599188113536,-119.14964631103447
1.0,9,323.826880230946,-1.8683188153524126e-06,4.7551244261202876e-07,3.7585133868811143e-09,0.0,0.0,0.0,0.0
1.0,10,347.61974677320956,-4.5885284210182543e-06,1.4068665566276504e-06,-9.9928763608269819e-09,0.0,0.0,0.0,0.0
1.0,11,323.7928665422635,-2.3715328361177043e-06,5.4590928644363928e-07,3.6594719206407513e-09,0.0,0.0,0.0,0.0
1.0,12,300.0,6.1356203806917668e-42,-5.7712924803074482e-42,3.9697455965827095e-43,695.10527843247041,-34.657603830849538,0.0064475679591524358,0.0
1.0,13,300.0,-4.21229172394761e-42,4.7071434411796963e-42,5.4926263797766067e-44,653.30647001190312,-58.93063927364792,-0.055432423157311256,0.0
1.0,14,347.65376046189203,-4.0931341542795029e-06,1.5315733316744917e-06,-1.5657075530612343e-10,0.0,0.0,0.0,0.0
1.0,15,347.5857330845271,-4.7862727793382277e-06,1.2766926357851164e-06,-1.3120199226016152e-10,0.0,0.0,0.0,0.0
1.0,16,300.0,-6.5836027685879717e-34,8.9463373234649982e-35,-2.5827811038422622e-39,1518.9113784378505,-115.28006132109701,-0.087435987875889978,0.0
1.0,17,323.826880230946,-1.8674555579304171e-06,4.7552072664895154e-07,-3.0972460755290306e-09,0.0,0.0,0.0,0.0
1.0,18,347.6197467732095,-4.5855242977672822e-06,1.4072363205855959e-06,9.7236617105574844e-09,0.0,0.0,0.0,0.0
1.0,19,323.79286654226354,-2.3709529653662043e-06,5.4589908747844233e-07,-3.203344732549577e-09,0.0,0.0,0.0,0.0
1.0,20,300.0,6.1825640836296246e-42,-5.5479870750606294e-42,3.1792192858647076e-43,695.08830352201596,-34.671949739032954,-0.14443427902538752,0.0
1.0,21,347.60665623505844,-5.005344591612192e-06,1.1219449041727725e-06,-6.0955585169556379e-09,0.0,0.0,0.0,0.0
1.0,22,300.0,1.7444536129370175e-34,-2.7278191955006581e-35,-2.230514561806156e-37,-411.09179770045648,53.422763242241309,0.17683249372229212,-119.06898852879195
1.0,23,347.6066562350585,-5.0051931177610941e-06,1.1228039759286151e-06,6.1594982387744485e-09,0.0,0.0,0.0,0.0
1.0,24,300.0,1.7443059882796827e-34,-2.726068431772556e-35,2.3180511630038429e-37,-411.09183455783113,53.392575077688925,-0.17125620204625769,-119.06898852879188
1.0,25,347.59619465979273,-4.9722800246724249e-06,1.193150002430975e-06,-1.1605474237186489e-08,0.0,0.0,0.0,0.0
1.0,26,323.8033281175292,-2.4954594932803755e-06,5.7760519181402245e-07,1.9470735602358703e-09,0.0,0.0,0.0,0.0
1.0,27,300.0,-4.0195379338719164e-43,8.6746008420597164e-42,-7.9336811325110375e-44,796.37361238595952,-86.437990426728447,-0.2419015464351767,0.0
1.0,28,347.6066562350585,-4.993965032860152e-06,1.1189536990512788e-06,3.4847465284543996e-11,0.0,0.0,0.0,0.0
1.0,29,300.0,-6.7265054589958636e-34,7.1985771116685002e-35,-5.0497067375371849e-38,1664.5756096290975,-142.53395622439314,-0.021389998070536181,0.0
1.0,30,347.5961946597928,-4.9709319548590462e-06,1.1938167261305185e-06,1.1519488540432716e-08,0.0,0.0,0.0,0.0
1.0,31,323.80332811752925,-2.4954112531435004e-06,5.7756573093418964e-07,-1.8733359656894081e-09,0.0,0.0,0.0,0.0
1.0,32,300.0,-3.8164418193186948e-43,8.8042710917439145e-42,-1.5066995125694563e-43,796.39006118644727,-86.463792515908764,0.18032840131857608,0.0
1.0,33,347.65270639733967,-5.1089803866636125e-06,1.2497154512293781e-06,1.4624074593878929e-08,0.0,0.0,0.0,0.0
1.0,34,300.0,2.0951534934064643e-34,-1.2729895560883952e-35,1.0050950240201576e-37,-456.65080864486373,34.274544423886269,-0.42144135854225651,-118.94300489345856
1.0,35,347.6527063973397,-5.1106981645346825e-06,1.2503628521630253e-06,-1.4418961703457652e-08,0.0,0.0,0.0,0.0
1.0,36,300.0,2.0951495530034515e-34,-1.2726283712890245e-35,-7.3015271682018359e-38,-456.6321986065617,34.268629075916884,0.37908794990343481,-118.9430048934585
1.0,37,347.629681316199,-5.0208527651713024e-06,1.1768095046769516e-06,4.2273351433996733e-09,0.0,0.0,0.0,0.0
1.0,38,323.82635319866984,-2.6016249718464793e-06,5.4894040274569686e-07,-3.2167992338672464e-09,0.0,0.0,0.0,0.0
1.0,39,300.0,-6.0762415232990826e-43,-1.3251601161257269e-42,-3.6721986497496e-43,855.36190225695884,-89.430244906486223,0.11863950990479692,0.0
1.0,40,347.65270639733967,-5.1350294620682263e-06,1.2473496448367542e-06,1.0498645071444924e-10,0.0,0.0,0.0,0.0
1.0,41,300.0,-7.9151774624408578e-34,2.0980468558178933e-35,-5.5943828334145984e-38,1796.774824612281,-113.63607362776352,0.045816266768848118,0.0
1.0,42,347.62968131619914,-5.0218575376799529e-06,1.177576278654066e-06,-4.0785623949223328e-09,0.0,0.0,0.0,0.0
1.0,43,323.82635319866984,-2.6019867821745455e-06,5.4907032932840506e-07,2.9041020381096366e-09,0.0,0.0,0.0,0.0
1.0,44,300.0,-4.6715599575545572e-43,-1.3900699015596182e-42,1.297640409435637e-43,855.34239141927901,-89.452355832496266,-0.091938410059807615,0.0
1.0,45,347.60815123164105,-5.8335114005017035e-06,1.5076254741342213e-06,2.2654751399348539e-09,0.0,0.0,0.0,0.0
1.0,46,300.0,-2.428289837440813e-42,-1.8902999621709896e-42,-8.7733612771905648e-44,-229.16759051236076,1.3986947027674528,0.058629389016273056,-59.60301230147071
1.0,47,347.6081512316411,-5.8355733723694089e-06,1.5082089706952334e-06,-2.3977577805919989e-09,0.0,0.0,0.0,0.0
1.0,48,300.0,-2.4795062175548147e-42,-2.0095291899015713e-42,-1.2977921655346261e-43,-229.1666330086893,1.4019663889613239,-0.086460568565887172,-59.60301230147058
1.0,49,347.63042881449036,-5.3308471694217506e-06,1.3871033076398189e-06,1.24886824907793e-08,0.0,0.0,0.0,0.0
1.0,50,323.8040756158205,-3.0855159799212932e-06,4.688230483718188e-07,-5.4298586519719027e-09,0.0,0.0,0.0,0.0
1.0,51,300.0,4.6549481219223204e-42,-1.9167749109274967e-42,3.9629611443802415e-43,961.57265808417105,-35.158601778010635,0.079382076329615456,0.0
1.0,52,347.60815123164105,-5.8437829798865191e-06,1.5215252315415487e-06,-6.3308053170018955e-11,0.0,0.0,0.0,0.0
1.0,53,300.0,-3.1328527963998497e-42,-8.1630013663307288e-42,-1.2166669012436419e-45,1001.35043143857,-63.596895966071322,0.046529768718206035,0.0
1.0,54,347.6304288144904,-5.3327321223453523e-06,1.3877234604647435e-06,-1.2437816627760145e-08,0.0,0.0,0.0,0.0
1.0,55,323.8040756158206,-3.0861119583399913e-06,4.6901897560513547e-07,4.8621626907241866e-09,0.0,0.0,0.0,0.0
1.0,56,300.0,4.6860802996753748e-42,-2.0867649092153922e-42,3.486991512178008e-44,961.57651308543007,-35.172557124687224,0.02101082041656667,0.0
1.0,57,352.37596976811153,-4.2067912170138311e-06,3.6280876592318205e-06,6.2009838141440576e-39,0.0,0.0,1.5269909126545556,0.0
1.0,58,400.0,-1.0000000000000001e-05,5.0000000000000004e-06,-8.7685025873402877e-43,499.41059458174908,-43.635229211728571,0.61655203374592893,142.86332552662515
1.0,59,400.0,-1.0000000000000001e-05,5.0000000000000004e-06,3.8477953535632915e-37,836.29872615004206,-61.835329014238496,0.019910290138277442,238.09112499269486
1.0,60,352.3811426548098,-5.0538143519451319e-06,3.9094534349655158e-06,6.6301338321272826e-37,0.0,0.0,-0.49280195080825961,0.0
1.0,61,352.3759697681116,-4.2031000089854945e-06,3.6292668377684279e-06,1.1311780874420873e-08,0.0,0.0,0.0,0.0
1.0,62,400.0,-1.0000000000000001e-05,5.0000000000000004e-06,-3.3564100005921893e-09,499.42233458613345,-43.631621121531566,0.0,142.8633255266255
1.0,63,400.0,-1.0000000000000001e-05,5.0000000000000004e-06,9.6958264946287016e-10,836.24622297047472,-61.727176132570413,0.0,238.0911249926952
1.0,64,352.38114265480976,-5.0547628504946452e-06,3.9096555611497428e-06,-2.8071637484979566e-09,0.0,0.0,0.0,0.0
1.0,65,376.18798488405577,-6.9689673139729021e-06,4.5139016778735622e-06,-5.4295275599814356e-43,0.0,0.0,-2.0274251007229331,0.0
1.0,66,400.0,-1.0000000000000001e-05,5.0000000000000004e-06,1.86057279444412e-42,-2122.3137111194442,161.40210143769576,-0.60251385969244264,0.0
1.0,67,376.1905713274049,-7.5501328495126523e-06,4.4371543844622159e-06,-8.5301321592341277e-37,0.0,0.0,0.48065991474667835,0.0
1.0,68,352.3785562114607,-4.9331820594147961e-06,3.7784109726509415e-06,-1.703797415669779e-37,0.0,0.0,0.51317964617310174,0.0
1.0,69,352.37596976811153,-4.2238276180327498e-06,3.6276548959221338e-06,4.0323811752827779e-09,0.0,0.0,0.0,0.0
1.0,70,400.0,-1.0000000000000001e-05,5.0000000000000004e-06,-4.3660559153828718e-11,-2254.2242722642322,147.54063543099556,0.0,0.0
1.0,71,400.0,-1.0000000000000001e-05,5.0000000000000004e-06,-8.5111205770324012e-11,-3278.1328736467094,245.10245833166221,0.0,0.0
1.0,72,352.38114265480976,-5.0484236629743491e-06,3.9101719605643867e-06,-9.3587062972769391e-10,0.0,0.0,0.0,0.0
1.0,73,376.18798488405577,-6.9659324392668621e-06,4.5145164113664443e-06,-1.3983458097695524e-09,0.0,0.0,0.0,0.0
1.0,74,400.0,-1.0000000000000001e-05,5.0000000000000004e-06,-1.8778429850011466e-09,-2122.5233139091492,161.5937535982082,0.0,0.0
1.0,75,376.1905713274049,-7.5507405341983889e-06,4.4374036836692272e-06,6.4475754796963121e-10,0.0,0.0,0.0,0.0
1.0,76,352.3785562114607,-4.9311851882233808e-06,3.7791295953182488e-06,4.1803057450042542e-09,0.0,0.0,0.0,0.0
1.0,77,400.0,-1.0000000000000001e-05,5.0000000000000004e-06,-5.2616269651616838e-43,318.76166039732402,-17.488589201718483,-0.42694753368977895,95.23567838990922
1.0,78,352.3881242561935,-5.8582928937362341e-06,3.5626360050937611e-06,2.3442224937135124e-39,0.0,0.0,-0.76511434641265608,0.0
1.0,79,400.0,-1.0000000000000001e-05,5.0000000000000004e-06,1.5637777940250121e-09,318.75653854491082,-17.512142312050106,0.0,95.2356783899091
1.0,80,352.3881242561935,-5.8603113108063603e-06,3.5633855944396199e-06,-6.2624215696506479e-09,0.0,0.0,0.0,0.0
1.0,81,400.0,-1.0000000000000001e-05,5.0000000000000004e-06,1.2446590673564137e-42,-1190.0195219074797,85.176024329502397,0.55913815755022511,0.0
1.0,82,376.19406212809673,-8.0730630821301436e-06,4.5365426492866204e-06,-7.8739694696938678e-43,0.0,0.0,0.8535512112289092,0.0
1.0,83,352.38463345550167,-5.2408583489112086e-06,3.7296647714400119e-06,1.1418947914710528e-37,0.0,0.0,-0.14823599436417953,0.0
1.0,84,400.0,-1.0000000000000001e-05,5.0000000000000004e-06,1.5888901077635982e-10,-1101.8417351885059,99.771868226131403,0.0,0.0
1.0,85,352.3881242561935,-5.8515727324931153e-06,3.5605659378539192e-06,-2.3349685904550841e-09,0.0,0.0,0.0,0.0
1.0,86,400.0,-1.0000000000000001e-05,5.0000000000000004e-06,1.7402190627699888e-09,-1189.8967355174007,85.163910228255716,0.0,0.0
1.0,87,376.1940621280968,-8.0748458535531163e-06,4.5372326971424573e-06,3.531470488509724e-11,0.0,0.0,0.0,0.0
1.0,88,352.38463345550167,-5.2427281513551168e-06,3.7301276025389481e-06,-4.2141998740652927e-09,0.0,0.0,0.0,0.0
1.1000000014901161,1,300.0,7.7376664427513054e-40,-1.5686419308030837e-39,-9.6815671672914857e-42,-182.83122105645276,2.2123479484428028,-0.2157784397618018,-59.42547687453822
1.1000000014901161,2,347.6537604619295,-4.0024299863277451e-06,1.6660644897298229e-06,5.4817237559329078e-09,0.0,0.0,0.0,0.0
1.1000000014901161,3,347.58573308455345,-4.8002120285560257e-06,1.4080392255829668e-06,-1.7904419282294152e-08,0.0,0.0,0.0,0.0
1.1000000014901161,4,300.0,1.6086505364513864e-34,-1.9148839248399759e-35,-2.1911004168962013e-37,-365.15505258911753,34.811934584423838,0.43643374076279673,-119.14964631112545
1.1000000014901161,5,300.0,7.952714887323452e-40,-1.6090984697386823e-39,7.5740147413347589e-41,-182.83660132296646,2.213492704026069,0.26230466948296555,-59.42547687453812
1.1000000014901161,6,347.65376046192955,-3.9985445166066433e-06,1.6663211320662431e-06,-5.8177084139769941e-09,0.0,0.0,0.0,0.0
1.1000000014901161,7,347.5857330845535,-4.7977849187793023e-06,1.4085330081875734e-06,1.7630040660353109e-08,0.0,0.0,0.0,0.0
1.1000000014901161,8,300.0,1.6088034435629356e-34,-1.9150782627835675e-35,2.011390291388213e-37,-365.16914165198136,34.806247649229903,-0.37361139556574863,-119.14964631112537
1.1000000014901161,9,323.8268802309648,-1.8076347755014254e-06,5.2327142870301547e-07,4.2090272707917995e-09,0.0,0.0,0.0,0.0
1.1000000014901161,10,347.61974677324145,-4.5497024039422642e-06,1.5475298206040698e-06,-1.1150842702414502e-08,0.0,0.0,0.0,0.0
1.1000000014901161,11,323.7928665422767,-2.359863589849702e-06,6.0040036156569364e-07,3.8633511687956262e-09,0.0,0.0,0.0,0.0
1.1000000014901161,12,300.0,-1.2108232476447831e-39,1.7561902242445511e-39,-7.2661687563616371e-41,682.21477887141884,-38.030410390601546,0.00027091006582755268,0.0
1.1000000014901161,13,300.0,1.8353805247433088e-39,-1.1584416107922e-39,-1.3192456015290132e-41,635.806657559928,-64.95496279316248,-0.060127132163140209,0.0
1.1000000014901161,14,347.65376046192955,-4.0041051656889354e-06,1.6837574403402327e-06,-1.7802335122876075e-10,0.0,0.0,0.0,0.0
1.1000000014901161,15,347.58573308455345,-4.7694799908594245e-06,1.4041903553750752e-06,-1.4098885371639688e-10,0.0,0.0,0.0,0.0
1.1000000014901161,16,300.0,-6.4116920336045345e-34,9.8629772652090858e-35,-2.2145353833802632e-39,1504.8501427467286,-126.91669937012644,-0.094548835651606433,0.0
1.1000000014901161,17,323.8268802309648,-1.8067083304771467e-06,5.2327393396395063e-07,-3.5040111707745672e-09,0.0,0.0,0.0,0.0
1.1000000014901161,18,347.61974677324156,-4.5464501608329943e-06,1.5478875930454861e-06,1.0854132644967229e-08,0.0,0.0,0.0,0.0
1.1000000014901161,19,323.7928665422768,-2.3592334292989321e-06,6.0038386012320741e-07,-3.3670377862043468e-09,0.0,0.0,0.0,0.0
1.1000000014901161,20,300.0,-1.2171181748759301e-39,1.7090661261012497e-39,-7.1356328572289418e-41,682.19659658761532,-38.045351672315931,-0.14814792674701016,0.0
1.1000000014901161,21,347.6066562350582,-5.0083951538362603e-06,1.2342800225018504e-06,-6.153643875150639e-09,0.0,0.0,0.0,0.0
1.1000000014901161,22,300.0,1.7103075841931651e-34,-3.0053694816959766e-35,-2.3576615384288894e-37,-411.01448261606015,58.820622799579468,0.1811395649538009,-119.06898852879178
1.1000000014901161,23,347.6066562350582,-5.0082187818739822e-06,1.2352152681338295e-06,6.2302972572579729e-09,0.0,0.0,0.0,0.0
1.1000000014901161,24,300.0,1.7101509264593768e-34,-3.0034861206743203e-35,2.4514454947045142e-37,-411.01477431544299,58.787820400016685,-0.17470835243435129,-119.06898852879183
1.1000000014901161,25,347.59619465980586,-4.9706800278980423e-06,1.3125073504974672e-06,-1.2091589274830666e-08,0.0,0.0,0.0,0.0
1.1000000014901161,26,323.8033281175291,-2.4962556040821199e-06,6.3521192776763815e-07,2.0135947345668634e-09,0.0,0.0,0.0,0.0
1.1000000014901161,27,300.0,-1.7211498285026497e-40,-2.4329667725880424e-39,-2.8455723068899115e-42,793.81682700123974,-95.112327104076073,-0.25128936083462211,0.0
1.1000000014901161,28,347.6066562350582,-4.9967086798324239e-06,1.2310514229515792e-06,4.1383170797109235e-11,0.0,0.0,0.0,0.0
1.1000000014901161,29,300.0,-6.5695142106953289e-34,7.9225829547445307e-35,-5.5280105688918166e-38,1665.0129548666639,-156.69375660078833,-0.02296377326872337,0.0
1.1000000014901161,30,347.59619465980586,-4.9692087159513207e-06,1.3132159515710458e-06,1.2005416422413603e-08,0.0,0.0,0.0,0.0
1.1000000014901161,31,323.8033281175291,-2.4962028384502e-06,6.351691783178961e-07,-1.9268984759861084e-09,0.0,0.0,0.0,0.0
1.1000000014901161,32,300.0,-1.7591647987893777e-40,-2.4580269916817362e-39,5.3564114319642771e-41,793.83476152281935,-95.140107947102791,0.18390012112494417,0.0
1.1000000014901161,33,347.6527063973131,-5.122034643186004e-06,1.3741123467190196e-06,1.5826807948351916e-08,0.0,0.0,0.0,0.0
1.1000000014901161,34,300.0,2.0962366387313704e-34,-1.3933727981578086e-35,1.1093930021278682e-37,-460.72942258221059,37.728964800980151,-0.4516115732727779,-118.94300489336817
1.1000000014901161,35,347.6527063973132,-5.1239270520472666e-06,1.3748552881041734e-06,-1.5597357190596176e-08,0.0,0.0,0.0,0.0
1.1000000014901161,36,300.0,2.0962310557498462e-34,-1.3929628318786279e-35,-8.0037777929224311e-38,-460.70939736030925,37.721500154990615,0.4045356067049527,-118.94300489336803
1.1000000014901161,37,347.62968131618567,-5.0254103280223231e-06,1.2942384606904729e-06,4.8063705359554021e-09,0.0,0.0,0.0,0.0
1.1000000014901161,38,323.82635319865653,-2.6131216874403877e-06,6.0367786052340599e-07,-3.4652764979067309e-09,0.0,0.0,0.0,0.0
1.1000000014901161,39,300.0,-1.1000565400803146e-40,-1.0143677598606977e-40,1.2184175538035633e-40,857.93996114264655,-98.466460007827834,0.12616065981174188,0.0
1.1000000014901161,40,347.6527063973132,-5.1501851604579583e-06,1.3717236707001994e-06,1.1730240288510249e-10,0.0,0.0,0.0,0.0
1.1000000014901161,41,300.0,-7.877854386343857e-34,2.2963678460616045e-35,-6.2915578373779952e-38,1810.6738506967004,-124.89852031768484,0.051014926791906806,0.0
1.1000000014901161,42,347.6296813161857,-5.0265030886427526e-06,1.2950936490688073e-06,-4.6354767970017255e-09,0.0,0.0,0.0,0.0
1.1000000014901161,43,323.8263531986566,-2.6135214091957041e-06,6.0382324429830963e-07,3.1218341511968706e-09,0.0,0.0,0.0,0.0
1.1000000014901161,44,300.0,-1.4388071485676708e-40,-8.5974601248650649e-41,-6.8259444313960716e-41,857.919681524937,-98.490913873934261,-0.097042818461943098,0.0
1.1000000014901161,45,347.60815123160415,-5.9194764669262625e-06,1.6579568262929941e-06,2.1641895355929961e-09,0.0,0.0,0.0,0.0
1.1000000014901161,46,300.0,4.8357967426361433e-40,1.9145785008643665e-40,2.3113393141836726e-41,-231.23673383867597,1.5128891980945767,0.065789225745707516,-59.60301230140589
1.1000000014901161,47,347.6081512316043,-5.9217892245141224e-06,1.658640961734815e-06,-2.3213473078110926e-09,0.0,0.0,0.0,0.0
1.1000000014901161,48,300.0,4.9112097417380792e-40,2.1383494495400535e-40,2.3679641981422544e-41,-231.23568521967167,1.5161774939711095,-0.097345203153292315,-59.603012301405755
1.1000000014901161,49,347.63042881445864,-5.3669476154589147e-06,1.5253029029494983e-06,1.3399822474419827e-08,0.0,0.0,0.0,0.0
1.1000000014901161,50,323.80407561580205,-3.1451424946305025e-06,5.1561401676296419e-07,-5.9035753805400903e-09,0.0,0.0,0.0,0.0
1.1000000014901161,51,300.0,-9.629630217036906e-40,1.3178953999264866e-39,-1.1059232522973515e-40,974.53532782345485,-38.655974541582118,0.08649215950322317,0.0
1.1000000014901161,52,347.6081512316042,-5.9303322489204748e-06,1.6732051193083536e-06,-7.5262525355697212e-11,0.0,0.0,0.0,0.0
1.1000000014901161,53,300.0,8.6237301011576505e-40,2.4467471665875262e-39,-6.5288632506445044e-42,1018.638575046301,-70.004642110095062,0.051276799093304598,0.0
1.1000000014901161,54,347.63042881445875,-5.3690421829760086e-06,1.5260234805835504e-06,-1.3346189132417069e-08,0.0,0.0,0.0,0.0
1.1000000014901161,55,323.80407561580216,-3.1458099582230601e-06,5.158346992804258e-07,5.2662261246037742e-09,0.0,0.0,0.0,0.0
1.1000000014901161,56,300.0,-9.6007366856299948e-40,1.357940131697035e-39,1.2247684036983473e-41,974.53960764585406,-38.672035061287978,0.025849984291048046,0.0
1.1000000014901161,57,352.3759697681556,-4.1249221912065734e-06,3.9905874584603891e-06,5.7713770592972224e-39,0.0,0.0,1.6473143936564054,0.0
1.1000000014901161,58,400.0,-1.0000000000000001e-05,5.4999999999999999e-06,2.4412449761836848e-40,499.58867429839364,-47.990029275462867,0.66817216592148265,142.86332552651103
1.1000000014901161,59,400.0,-1.0000000000000001e-05,5.4999999999999999e-06,4.2754779372789492e-37,836.99588323878527,-68.026807308960528,0.010066566576676927,238.09112499272166
1.1000000014901161,60,352.38114265479925,-5.0566542228033544e-06,4.3003688908333881e-06,7.266492663396907e-37,0.0,0.0,-0.53636295648252663,0.0
1.1000000014901161,61,352.3759697681556,-4.1209447407479986e-06,3.9918603923956357e-06,1.2175807134663913e-08,0.0,0.0,0.0,0.0
1.1000000014901161,62,400.0,-1.0000000000000001e-05,5.4999999999999999e-06,-3.6416213292056072e-09,499.59959145125703,-47.986041072640745,0.0,142.86332552651112
1.1000000014901161,63,400.0,-1.0000000000000001e-05,5.4999999999999999e-06,1.0595984760397791e-09,836.94122028302104,-67.908669469481168,0.0,238.09112499272206
1.1000000014901161,64,352.38114265479925,-5.0576781427798916e-06,4.3005940817496004e-06,-2.9865518288542976e-09,0.0,0.0,0.0,0.0
1.1000000014901161,65,376.18798488407776,-6.9145679927954188e-06,4.9652622049259402e-06,1.6030321715221646e-40,0.0,0.0,-2.2008435366071737,0.0
1.1000000014901161,66,400.0,-1.0000000000000001e-05,5.4999999999999999e-06,-5.269139364057406e-40,-2135.570384187848,177.51176132143371,-0.65215137362886244,0.0
1.1000000014901161,67,376.19057132739965,-7.5538832692070978e-06,4.8807915570990288e-06,-9.3814086361808475e-37,0.0,0.0,0.52536538099505314,0.0
1.1000000014901161,68,352.3785562114774,-4.9241305263882341e-06,4.1559689115732161e-06,-1.8475298992286635e-37,0.0,0.0,0.56838423306634744,0.0
1.1000000014901161,69,352.3759697681556,-4.1433324438153953e-06,3.9902311370469215e-06,4.3422525988316202e-09,0.0,0.0,0.0,0.0
1.1000000014901161,70,400.0,-1.0000000000000001e-05,5.4999999999999999e-06,-5.6694557283289107e-11,-2280.6305650065019,162.32807989189604,0.0,0.0
1.1000000014901161,71,400.0,-1.0000000000000001e-05,5.4999999999999999e-06,-7.3755143594585121e-11,-3274.2569383406881,269.6284936055871,0.0,0.0
1.1000000014901161,72,352.38114265479925,-5.0509267907633497e-06,4.3011340053748212e-06,-1.007609808988605e-09,0.0,0.0,0.0,0.0
1.1000000014901161,73,376.18798488407776,-6.9112860470171695e-06,4.9658953141258783e-06,-1.547013298440754e-09,0.0,0.0,0.0,0.0
1.1000000014901161,74,400.0,-1.0000000000000001e-05,5.4999999999999999e-06,-2.0366545149039333e-09,-2135.7947113895661,177.72183947579876,0.0,0.0
1.1000000014901161,75,376.19057132739965,-7.5545469134608567e-06,4.881073029209495e-06,7.0563262635927259e-10,0.0,0.0,0.0,0.0
1.1000000014901161,76,352.3785562114774,-4.9219571812059036e-06,4.156744917259916e-06,4.5621135412825093e-09,0.0,0.0,0.0,0.0
1.1000000014901161,77,400.0,-1.0000000000000001e-05,5.4999999999999999e-06,1.5646549662054173e-40,317.42129561841665,-19.260060317858589,-0.47417326227924322,95.23567838999656
1.1000000014901161,78,352.38812425615396,-5.9420643084066164e-06,3.9186655639966088e-06,2.2723006886461648e-39,0.0,0.0,-0.86118955971959021,0.0
1.1000000014901161,79,400.0,-1.0000000000000001e-05,5.4999999999999999e-06,1.7414382323312925e-09,317.41283252226481,-19.285716738267006,0.0,95.23567838999648
1.1000000014901161,80,352.38812425615384,-5.9443292729803139e-06,3.919515115855606e-06,-7.0792797585683494e-09,0.0,0.0,0.0,0.0
1.1000000014901161,81,400.0,-1.0000000000000001e-05,5.4999999999999999e-06,-3.7646808707965994e-40,-1176.2743108215541,93.749947588248162,0.62198707179998625,0.0
1.1000000014901161,82,376.19406212807695,-8.1293356430738791e-06,4.9902185097104186e-06,2.4447344024228558e-40,0.0,0.0,0.94983136834957793,0.0
1.1000000014901161,83,352.3846334554766,-5.2623326118710991e-06,4.1025980257201909e-06,1.2367559452896784e-37,0.0,0.0,-0.1543940487057256,0.0
1.1000000014901161,84,400.0,-1.0000000000000001e-05,5.4999999999999999e-06,1.563946336458652e-10,-1079.3431266094901,109.7309139412896,0.0,0.0
1.1000000014901161,85,352.3881242561539,-5.9343994814452619e-06,3.9162926776973526e-06,-2.6270269666493413e-09,0.0,0.0,0.0,0.0
1.1000000014901161,86,400.0,-1.0000000000000001e-05,5.4999999999999999e-06,1.9236509347597845e-09,-1176.1366715399113,93.736452415247754,0.0,0.0
1.1000000014901161,87,376.1940621280769,-8.1313202871758017e-06,4.9910131480657196e-06,2.6178965459035813e-11,0.0,0.0,0.0,0.0
1.1000000014901161,88,352.38463345547655,-5.2643998866673821e-06,4.1031239936614513e-06,-4.6538805798770207e-09,0.0,0.0,0.0,0.0
1.2000000029802322,1,300.0,1.5513591038580976e-39,-3.1365284723217537e-39,-1.8619591914589389e-41,-180.89832878572702,2.4003680264884211,-0.21117231045642978,-59.42547687454778
1.2000000029802322,2,347.65376046193506,-3.9153068427524359e-06,1.817525161646862e-06,4.5876202126726808e-09,0.0,0.0,0.0,0.0
1.2000000029802322,3,347.58573308455743,-4.7848870944080815e-06,1.5359847034439089e-06,-1.886202509272232e-08,0.0,0.0,0.0,0.0
1.2000000029802322,4,300.0,1.5694532663629012e-34,-2.1004516387695082e-35,-2.3277117329580236e-37,-361.14974774257905,37.976571218778275,0.45024569391686486,-119.14964631113884
1.2000000029802322,5,300.0,1.5942024235057584e-39,-3.2172298587494281e-39,1.5049443248616856e-40,-180.90445194109202,2.4021756868866966,0.26036302376525183,-59.425476874547776
1.2000000029802322,6,347.6537604619351,-3.9111473713768548e-06,1.817745850923141e-06,-4.9680925444088314e-09,0.0,0.0,0.0,0.0
1.2000000029802322,7,347.58573308455743,-4.782267550064727e-06,1.53648455805314e-06,1.8569082453151449e-08,0.0,0.0,0.0,0.0
1.2000000029802322,8,300.0,1.5696169899605063e-34,-2.1007337562289713e-35,2.1337973451588941e-37,-361.16491546835982,37.971020531721493,-0.38298605902671357,-119.14964631113874
1.2000000029802322,9,323.8268802309675,-1.7469518771313236e-06,5.7106276217641657e-07,4.6417572845358302e-09,0.0,0.0,0.0,0.0
1.2000000029802322,10,347.6197467732462,-4.5108664562139264e-06,1.6882056925751808e-06,-1.230393303966437e-08,0.0,0.0,0.0,0.0
1.2000000029802322,11,323.7928665422787,-2.3481890169617244e-06,6.5489137611788742e-07,4.0695381201541806e-09,0.0,0.0,0.0,0.0
1.2000000029802322,12,300.0,-2.431437151645277e-39,3.5064014152883121e-39,-1.4614770125619539e-40,669.3267107475192,-41.406723351768839,-0.0057596001262459895,0.0
1.2000000029802322,13,300.0,3.6679753803241294e-39,-2.3380754465802612e-39,-2.6461806726905722e-41,618.30317713257205,-70.976948237230417,-0.064795379362245289,0.0
1.2000000029802322,14,347.6537604619351,-3.9150845776411204e-06,1.8358794854204488e-06,-2.0098025143714147e-10,0.0,0.0,0.0,0.0
1.2000000029802322,15,347.58573308455743,-4.7526794703644509e-06,1.5317147518834858e-06,-1.5062003711719816e-10,0.0,0.0,0.0,0.0
1.2000000029802322,16,300.0,-6.2397823512954122e-34,1.0779598293954181e-34,-1.7573743807282693e-39,1490.790271892178,-138.55905190629127,-0.10162425312845687,0.0
1.2000000029802322,17,323.82688023096756,-1.7459636140259989e-06,5.7105828217235119e-07,-3.8950143899438453e-09,0.0,0.0,0.0,0.0
1.2000000029802322,18,347.6197467732463,-4.5073667532564954e-06,1.6885448347000395e-06,1.1978712339900673e-08,0.0,0.0,0.0,0.0
1.2000000029802322,19,323.7928665422787,-2.347508412363342e-06,6.5486748599130402e-07,-3.5329338182649963e-09,0.0,0.0,0.0,0.0
1.2000000029802322,20,300.0,-2.444061061313684e-39,3.4122417918555912e-39,-1.4145494164175038e-40,669.30733371427618,-41.422165847390794,-0.15172011952699449,0.0
1.2000000029802322,21,347.6066562350582,-5.0114505098786469e-06,1.3466624904707843e-06,-6.2072276584658928e-09,0.0,0.0,0.0,0.0
1.2000000029802322,22,300.0,1.6761541677125612e-34,-3.2825196674173771e-35,-2.4845505848237783e-37,-410.93727355789099,64.214328177390186,0.18539574309515458,-119.06898852879192
1.2000000029802322,23,347.60665623505815,-5.0112479247860662e-06,1.3476734145494501e-06,6.2977621905893265e-09,0.0,0.0,0.0,0.0
1.2000000029802322,24,300.0,1.6759886132396731e-34,-3.2805075379065187e-35,2.5843028236348217e-37,-410.93781638026383,64.178930917740701,-0.17804118515484385,-119.06898852879203
1.2000000029802322,25,347.5961946598078,-4.9690783681374377e-06,1.4319077821553605e-06,-1.2578297188374536e-08,0.0,0.0,0.0,0.0
1.2000000029802322,26,323.8033281175291,-2.4970578709518207e-06,6.9281931861606913e-07,2.0819495596834011e-09,0.0,0.0,0.0,0.0
1.2000000029802322,27,300.0,-3.4031891126043605e-40,-4.8784480225593128e-39,-3.8769054950050669e-42,791.26038193543161,-103.78178533340109,-0.26067329832857672,0.0
1.2000000029802322,28,347.60665623505815,-4.9994594724399909e-06,1.343183538307746e-06,4.8500437787053093e-11,0.0,0.0,0.0,0.0
1.2000000029802322,29,300.0,-6.4125428663643123e-34,8.6469143556126623e-35,-6.0022829755748664e-38,1665.4516726173265,-170.86066896337127,-0.024614630141494204,0.0
1.2000000029802322,30,347.5961946598078,-4.9674830673117564e-06,1.4326555289098255e-06,1.2492987464295193e-08,0.0,0.0,0.0,0.0
1.2000000029802322,31,323.8033281175291,-2.4970003164593759e-06,6.9277321834053181e-07,-1.9812503623893975e-09,0.0,0.0,0.0,0.0
1.2000000029802322,32,300.0,-3.4782276897153206e-40,-4.9287397553776425e-39,1.0550515364638998e-40,791.27980968196016,-103.81149463854148,0.18736633577766559,0.0
1.2000000029802322,33,347.6527063973093,-5.1350988865273743e-06,1.498439685466245e-06,1.7030482670342549e-08,0.0,0.0,0.0,0.0
1.2000000029802322,34,300.0,2.0973364220325974e-34,-1.5138339292403171e-35,1.2136439324809402e-37,-464.80878844536676,41.186166338201275,-0.48175686333184675,-118.94300489335467
1.2000000029802322,35,347.6527063973093,-5.1371657919751329e-06,1.4992824328132675e-06,-1.6776139755147953e-08,0.0,0.0,0.0,0.0
1.2000000029802322,36,300.0,2.0973290942610505e-34,-1.5133752090168765e-35,-8.7000841305154262e-38,-464.7873593967779,41.177062635606134,0.42991599415204718,-118.94300489335457
1.2000000029802322,37,347.6296813161838,-5.0299831837448992e-06,1.4116561350397239e-06,5.3931085100019542e-09,0.0,0.0,0.0,0.0
1.2000000029802322,38,323.82635319865466,-2.6246231964798066e-06,6.5841068695190402e-07,-3.7124782806650658e-09,0.0,0.0,0.0,0.0
1.2000000029802322,39,300.0,-2.2422926309296653e-40,-1.7397407873715466e-40,2.4211107061560586e-40,860.51824425759719,-107.5025011350907,0.13343969864807079,0.0
1.2000000029802322,40,347.6527063973093,-5.1653488539253145e-06,1.4960556991105245e-06,1.2988776157767187e-10,0.0,0.0,0.0,0.0
1.2000000029802322,41,300.0,-7.8405241078819522e-34,2.4939293749483038e-35,-6.9996139228293148e-38,1824.5751910256356,-136.1482099843515,0.056214166124545481,0.0
1.2000000029802322,42,347.62968131618373,-5.03116286884341e-06,1.4126017876904558e-06,-5.1989387974489612e-09,0.0,0.0,0.0,0.0
1.2000000029802322,43,323.82635319865466,-2.6250607339065517e-06,6.585722869272478e-07,3.3385570393632088e-09,0.0,0.0,0.0,0.0
1.2000000029802322,44,300.0,-2.9213762743474308e-40,-1.4249287870690539e-40,-1.3512840036595376e-40,860.49726376822264,-107.52932942249359,-0.10201209846371202,0.0
1.2000000029802322,45,347.6081512315988,-6.0054283039761411e-06,1.8082858322512255e-06,2.0560775139386305e-09,0.0,0.0,0.0,0.0
1.2000000029802322,46,300.0,9.6852149336560453e-40,3.9414606479064553e-40,4.5784578863947472e-41,-233.30684568648448,1.6266895473569143,0.072903277896282731,-59.603012301396426
1.2000000029802322,47,347.60815123159875,-6.0079946063111127e-06,1.8090768920013502e-06,-2.2404879045074516e-09,0.0,0.0,0.0,0.0
1.2000000029802322,48,300.0,9.8372775380033935e-40,4.3925110262611857e-40,4.7995605908959621e-41,-233.30572115840775,1.6299493478782796,-0.10827783334660118,-59.60301230139646
1.2000000029802322,49,347.63042881445404,-5.4030404899126251e-06,1.6634629647114288e-06,1.4306216346764603e-08,0.0,0.0,0.0,0.0
1.2000000029802322,50,323.80407561579943,-3.204760824681532e-06,5.6239422493109124e-07,-6.3825665401566185e-09,0.0,0.0,0.0,0.0
1.2000000029802322,51,300.0,-1.9240262578025826e-39,2.6147916754386988e-39,-2.2053176104304291e-40,987.49992158899636,-42.155962096829008,0.093822774437870737,0.0
1.2000000029802322,52,347.60815123159875,-6.0168714550756039e-06,1.8248890065718697e-06,-8.8393892896491513e-11,0.0,0.0,0.0,0.0
1.2000000029802322,53,300.0,1.7343291640737579e-39,4.8889397119902467e-39,-1.2968091048141125e-41,1035.9249843248683,-76.417277193830785,0.056036797559446801,0.0
1.2000000029802322,54,347.63042881445404,-5.4053453543419512e-06,1.6642895342448491e-06,-1.4250468128850914e-08,0.0,0.0,0.0,0.0
1.2000000029802322,55,323.8040756157994,-3.205500909764204e-06,5.6264077038902138e-07,5.6740054129004707e-09,0.0,0.0,0.0,0.0
1.2000000029802322,56,300.0,-1.9183391837179516e-39,2.6947072229729256e-39,2.3549422450756491e-41,987.50462054546222,-42.174207705111733,0.030665598743073577,0.0
1.2000000029802322,57,352.3759697681621,-4.0430532383925941e-06,4.3530880289890965e-06,5.3235833985639452e-39,0.0,0.0,1.7659976965977391,0.0
1.2000000029802322,58,400.0,-1.0000000000000003e-05,6.000000000000001e-06,4.8764355349184826e-40,499.76539779859849,-52.342156965978589,0.7193046545435412,142.86332552649432
1.2000000029802322,59,400.0,-1.0000000000000003e-05,6.000000000000001e-06,4.7075570485333171e-37,837.69326355736791,-74.219020583326937,-0.00080264550645986477,238.09112499272572
1.2000000029802322,60,352.3811426547977,-5.0595093899597541e-06,4.6912781396111833e-06,7.9047492644658798e-37,0.0,0.0,-0.58093524468221458,0.0
1.2000000029802322,61,352.375969768162,-4.0387923739685131e-06,4.3544515903112053e-06,1.3025575186919951e-08,0.0,0.0,0.0,0.0
1.2000000029802322,62,400.0,-1.0000000000000003e-05,6.000000000000001e-06,-3.9288881876327415e-09,499.77524567192927,-52.337629492595838,0.0,142.86332552649432
1.2000000029802322,63,400.0,-1.0000000000000003e-05,6.000000000000001e-06,1.1505849872877989e-09,837.63631251953666,-74.090991294885413,0.0,238.09112499272587
1.2000000029802322,64,352.38114265479766,-5.06060752374119e-06,4.6915269861827263e-06,-3.1613878855545989e-09,0.0,0.0,0.0,0.0
1.2000000029802322,65,376.18798488408106,-6.8601678362795376e-06,5.4166202601717446e-06,3.1946331230287416e-40,0.0,0.0,-2.3745814358037727,0.0
1.2000000029802322,66,400.0,-1.0000000000000003e-05,6.000000000000001e-06,-1.0522122808785767e-39,-2148.8256850890434,193.61394414459753,-0.7007366752844062,0.0
1.2000000029802322,67,376.19057132739886,-7.5576417329016365e-06,5.3244322616199089e-06,-1.0242218039281612e-36,0.0,0.0,0.5709576513105028,0.0
1.2000000029802322,68,352.3785562114799,-4.9150735450930743e-06,4.533502287703157e-06,-1.9913195484688608e-37,0.0,0.0,0.62594741154912326,0.0
1.2000000029802322,69,352.37596976816207,-4.0628355855211998e-06,4.3528285605369184e-06,4.6465937238551615e-09,0.0,0.0,0.0,0.0
1.2000000029802322,70,400.0,-1.0000000000000003e-05,6.000000000000001e-06,-7.1264778940133276e-11,-2307.0392995344205,177.11941292391745,0.0,0.0
1.2000000029802322,71,400.0,-1.0000000000000003e-05,6.000000000000001e-06,-6.1370683119566325e-11,-3270.3774457760001,294.15650261279427,0.0,0.0
1.2000000029802322,72,352.3811426547977,-5.0534475987120615e-06,4.6920846554637085e-06,-1.0788681057938934e-09,0.0,0.0,0.0,0.0
1.2000000029802322,73,376.18798488408095,-6.8566401261094839e-06,5.41726495183787e-06,-1.7029031893726649e-09,0.0,0.0,0.0,0.0
1.2000000029802322,74,400.0,-1.0000000000000003e-05,6.000000000000001e-06,-2.1947933693136799e-09,-2149.0644028709139,193.84300530742291,0.0,0.0
1.2000000029802322,75,376.19057132739886,-7.5583608877283141e-06,5.3247472941218574e-06,7.6836647631852995e-10,0.0,0.0,0.0,0.0
1.2000000029802322,76,352.3785562114798,-4.9127231568391802e-06,4.5343344632317881e-06,4.9475667244702366e-09,0.0,0.0,0.0,0.0
1.2000000029802322,77,400.0,-1.0000000000000003e-05,6.000000000000001e-06,3.1376942043202214e-40,316.08075843799327,-21.036339381057665,-0.52171276028913505,95.2356783900094
1.2000000029802322,78,352.3881242561481,-6.0258198421203682e-06,4.2747290943323442e-06,2.1879229092371293e-39,0.0,0.0,-0.95851833867657787,0.0
1.2000000029802322,79,400.0,-1.0000000000000003e-05,6.000000000000001e-06,1.9174409274553784e-09,316.06872284030806,-21.064131170163307,0.0,95.2356783900093
1.2000000029802322,80,352.3881242561481,-6.0283338631354466e-06,4.2756803199859521e-06,-7.908190757829664e-09,0.0,0.0,0.0,0.0
1.2000000029802322,81,400.0,-1.0000000000000003e-05,6.000000000000001e-06,-7.5480079744741127e-40,-1162.529252788255,102.3345367929616,0.68559078684719432,0.0
1.2000000029802322,82,376.19406212807405,-8.185600546220177e-06,5.4438944472685056e-06,4.897568003111887e-40,0.0,0.0,1.0456217686699425,0.0
1.2000000029802322,83,352.3846334554729,-5.283809843303001e-06,4.475563485975668e-06,1.3311988078873708e-37,0.0,0.0,-0.15906834316288965,0.0
1.2000000029802322,84,400.0,-1.0000000000000003e-05,6.000000000000001e-06,1.5243232381686997e-10,-1056.8454778958278,119.68673304346775,0.0,0.0
1.2000000029802322,85,352.3881242561481,-6.0172078689802567e-06,4.2720380857219337e-06,-2.922969358704152e-09,0.0,0.0,0.0,0.0
1.2000000029802322,86,400.0,-1.0000000000000003e-05,6.000000000000001e-06,2.1068935777515392e-09,-1162.3764715403702,102.31919745050016,0.0,0.0
1.2000000029802322,87,376.19406212807405,-8.1877881626463385e-06,5.4447985520238946e-06,1.1253453061317709e-11,0.0,0.0,0.0,0.0
1.2000000029802322,88,352.3846334554729,-5.2860747067597865e-06,4.4761537530752359e-06,-5.0937785278818221e-09,0.0,0.0,0.0,0.0
1.300000011920929,1,300.0,1.5570951682557116e-39,-3.1353774647089411e-39,-1.7502948142017228e-41,-178.96699361016965,2.5915234819987321,-0.20654867820291406,-59.42547687454906
1.300000011920929,2,347.6537604619359,-3.8281881301409064e-06,1.9689919369796627e-06,3.6631193083453795e-09,0.0,0.0,0.0,0.0
1.300000011920929,3,347.58573308455794,-4.769555994048969e-06,1.6639553854363386e-06,-1.981665569005922e-08,0.0,0.0,0.0,0.0
1.300000011920929,4,300.0,1.5302342295798386e-34,-2.2860315836655694e-35,-2.464670456229129e-37,-357.1458156225691,41.140468167716826,0.46397663864965255,-119.14964631114094
1.300000011920929,5,300.0,1.5996884752236555e-39,-3.2157600654142088e-39,1.4901283075303188e-40,-178.97390224769271,2.5940744298127334,0.25827236521678637,-59.42547687454911
1.300000011920929,6,347.65376046193586,-3.8237581393473873e-06,1.9691687120111645e-06,-4.0910976404318022e-09,0.0,0.0,0.0,0.0
1.300000011920929,7,347.585733084558,-4.7667438570703323e-06,1.6644566555501249e-06,1.9505477964341225e-08,0.0,0.0,0.0,0.0
1.300000011920929,8,300.0,1.5304085521336994e-34,-2.2864104960571653e-35,2.2562372321315695e-37,-357.16206759249712,41.135108594712051,-0.39235120568811543,-119.14964631114074
1.300000011920929,9,323.82688023096796,-1.6862700992899029e-06,6.1888621107870056e-07,5.0568446679319724e-09,0.0,0.0,0.0,0.0
1.300000011920929,10,347.6197467732469,-4.4720205454449523e-06,1.8288940945485677e-06,-1.3452249078502311e-08,0.0,0.0,0.0,0.0
1.300000011920929,11,323.79286654227894,-2.3365091489503025e-06,7.093823935852244e-07,4.278015640842388e-09,0.0,0.0,0.0,0.0
1.300000011920929,12,300.0,-2.4461039001914589e-39,3.4974332218554108e-39,-1.4738220675776592e-40,656.4410887275194,-44.786533746158007,-0.011642728111564388,0.0
1.300000011920929,13,300.0,3.6637947900062632e-39,-2.3698545806554822e-39,-2.6576301236454905e-41,600.79603291042633,-76.996563826717718,-0.069437050260113126,0.0
1.300000011920929,14,347.6537604619359,-3.8260723859476086e-06,1.9879396678497367e-06,-2.2543662934356185e-10,0.0,0.0,0.0,0.0
1.300000011920929,15,347.585733084558,-4.7358712582644492e-06,1.659265858427319e-06,-1.6009421473188871e-10,0.0,0.0,0.0,0.0
1.300000011920929,16,300.0,-6.0678677406488357e-34,1.1695908747150942e-34,-1.1486085586112464e-39,1476.7317732856066,-150.20716727159436,-0.10866258531083947,0.0
1.300000011920929,17,323.82688023096796,-1.6852213858982013e-06,6.1887354069521432e-07,-4.2703924344792368e-09,0.0,0.0,0.0,0.0
1.300000011920929,18,347.6197467732469,-4.4682740465312719e-06,1.8292079844541801e-06,1.309750750125565e-08,0.0,0.0,0.0,0.0
1.300000011920929,19,323.792866542279,-2.3357779490231686e-06,7.0935002982870054e-07,-3.7010156726257604e-09,0.0,0.0,0.0,0.0
1.300000011920929,20,300.0,-2.4587790842743523e-39,3.4034075380100749e-39,-1.3956690259506633e-40,656.42052962002163,-44.80238343000363,-0.15515274540438645,0.0
1.300000011920929,21,347.6066562350581,-5.0145107081702023e-06,1.4590918792657903e-06,-6.2563087602132841e-09,0.0,0.0,0.0,0.0
1.300000011920929,22,300.0,1.6419892396111156e-34,-3.5592794599974697e-35,-2.611304895582752e-37,-410.8601699047822,69.603904469536445,0.18960112160711204,-119.06898852879186
1.300000011920929,23,347.6066562350582,-5.0142805966172286e-06,1.4601779681246573e-06,6.3618932237508643e-09,0.0,0.0,0.0,0.0
1.300000011920929,24,300.0,1.6418150154532769e-34,-3.5571434146378561e-35,2.7169501400714709e-37,-410.86096003928935,69.565933122256098,-0.18125480024029006,-119.06898852879182
1.300000011920929,25,347.596194659808,-4.9674751497289462e-06,1.5513512807758457e-06,-1.3065517921317787e-08,0.0,0.0,0.0,0.0
1.300000011920929,26,323.8033281175291,-2.4978663193756932e-06,7.5042729634683137e-07,2.1521435124606775e-09,0.0,0.0,0.0,0.0
1.300000011920929,27,300.0,-3.3445631467729341e-40,-4.8971793609110379e-39,-1.1583721966029814e-42,788.70427132593795,-112.4463463833652,-0.27005607745033516,0.0
1.300000011920929,28,347.60665623505815,-5.0022174501407249e-06,1.4553498351612347e-06,5.6199896731644911e-11,0.0,0.0,0.0,0.0
1.300000011920929,29,300.0,-6.2555944096445506e-34,9.3713772652247995e-35,-6.4742921855032798e-38,1665.891774596917,-185.03463696126062,-0.026342610604365685,0.0
1.300000011920929,30,347.59619465980813,-4.9657551196201462e-06,1.5521354366869278e-06,1.2982122688439441e-08,0.0,0.0,0.0,0.0
1.300000011920929,31,323.8033281175291,-2.4978037135451426e-06,7.5037778632183328e-07,-2.0363971244058676e-09,0.0,0.0,0.0,0.0
1.300000011920929,32,300.0,-3.41811504773885e-40,-4.9477269696679243e-39,1.0307162490005111e-40,788.72519965260585,-112.47793360301047,0.19072947880548685,0.0
1.300000011920929,33,347.65270639730863,-5.1481730364591936e-06,1.6226976217749768e-06,1.8235116878217178e-08,0.0,0.0,0.0,0.0
1.300000011920929,34,300.0,2.0984574405336019e-34,-1.6342719597357617e-35,1.3179559582091913e-37,-468.88891144738045,44.646154524760881,-0.51187829824065967,-118.94300489335276
1.300000011920929,35,347.6527063973087,-5.1504142972922394e-06,1.6236444464049551e-06,-1.7955326922114096e-08,0.0,0.0,0.0,0.0
1.300000011920929,36,300.0,2.0984481594978765e-34,-1.633768988637723e-35,-9.3908882380505408e-38,-468.8660900802488,44.635321965209613,0.45522995073385641,-118.94300489335262
1.300000011920929,37,347.62968131618334,-5.0345712824718345e-06,1.529062336954607e-06,5.9874732233265814e-09,0.0,0.0,0.0,0.0
1.300000011920929,38,323.8263531986543,-2.6361294587138624e-06,7.1313893356221546e-07,-3.9583939182452291e-09,0.0,0.0,0.0,0.0
1.300000011920929,39,300.0,-2.3054642543299346e-40,-1.3067595671522775e-40,2.3975402236631226e-40,863.09675791897337,-116.53841158639688,0.14047898346203497,0.0
1.300000011920929,40,347.65270639730863,-5.1805204648043377e-06,1.6203456190316436e-06,1.4274280038696701e-10,0.0,0.0,0.0,0.0
1.300000011920929,41,300.0,-7.8031716578632441e-34,2.6909869786591518e-35,-7.7239465953698297e-38,1838.4788372928153,-147.38515634263894,0.061414217013600864,0.0
1.300000011920929,42,347.62968131618345,-5.0358368238871116e-06,1.5301004935993584e-06,-5.7688706008382056e-09,0.0,0.0,0.0,0.0
1.300000011920929,43,323.8263531986544,-2.6366047137908005e-06,7.1331751015423083e-07,3.5542615030623911e-09,0.0,0.0,0.0,0.0
1.300000011920929,44,300.0,-2.9869066230823318e-40,-9.836073119201774e-41,-1.3304468497073895e-40,863.07514470217052,-116.56764661032167,-0.10684833378051128,0.0
1.300000011920929,45,347.60815123159796,-6.091366951728649e-06,1.9586121835365475e-06,1.9409242591704722e-09,0.0,0.0,0.0,0.0
1.300000011920929,46,300.0,9.7056680986980361e-40,4.1097811529492469e-40,4.5121166202430937e-41,-235.37792810110304,1.7400789185039531,0.079972208880653053,-59.60301230139491
1.300000011920929,47,347.608151231598,-6.0941895627914329e-06,1.9595164728439401e-06,-2.1549728319092413e-09,0.0,0.0,0.0,0.0
1.300000011920929,48,300.0,9.8595900287925052e-40,4.5660937084127381e-40,4.8949700698682947e-41,-235.37674305614667,1.7432645924146033,-0.11925941324061123,-59.603012301394834
1.300000011920929,49,347.6304288144533,-5.4391257645424636e-06,1.80158344578614e-06,1.5207945873141962e-08,0.0,0.0,0.0,0.0
1.300000011920929,50,323.804075615799,-3.2643709725140924e-06,6.0916345362632487e-07,-6.8669369801579771e-09,0.0,0.0,0.0,0.0
1.300000011920929,51,300.0,-1.9211933845847457e-39,2.5833224019434784e-39,-2.1955163737807154e-40,1000.4664365479225,-45.658532974477851,0.1013729410098968,0.0
1.300000011920929,52,347.60815123159796,-6.1034006251714953e-06,1.9765771324745387e-06,-1.0270616479238696e-10,0.0,0.0,0.0,0.0
1.300000011920929,53,300.0,1.748682604001694e-39,4.882119794889172e-39,-1.2833068607803657e-41,1053.2096449208311,-82.834794397361378,0.060809629094201956,0.0
1.300000011920929,54,347.63042881445335,-5.4416416043996092e-06,1.8025215894640732e-06,-1.5150738390821578e-08,0.0,0.0,0.0,0.0
1.300000011920929,55,323.804075615799,-3.2651848171622157e-06,6.094369705896333e-07,6.0856022833781105e-09,0.0,0.0,0.0,0.0
1.300000011920929,56,300.0,-1.9156439398853743e-39,2.6629767499367777e-39,2.2130944093503161e-41,1000.4715490890101,-45.679043325685406,0.035459082251004442,0.0
1.300000011920929,57,352.37596976816303,-3.9611842817748009e-06,4.7155892597781534e-06,4.0338860339302958e-39,0.0,0.0,1.8830427780807752,0.0
1.300000011920929,58,400.0,-1.0000000000000003e-05,6.5000000000000013e-06,4.8672304532517355e-40,499.94076958289099,-56.691595775537166,0.76995042012027504,142.8633255264916
1.300000011920929,59,400.0,-1.0000000000000003e-05,6.5000000000000013e-06,5.1411395812167417e-37,838.39086868177401,-80.411942220770882,-0.012697393803703827,238.09112499272624
1.300000011920929,60,352.38114265479754,-5.0623798206088685e-06,5.0821814085793313e-06,8.5408629202545925e-37,0.0,0.0,-0.62651771970236458,0.0
1.300000011920929,61,352.37596976816303,-3.9566428282613853e-06,4.7170403134316759e-06,1.3861088002936689e-08,0.0,0.0,0.0,0.0
1.300000011920929,62,400.0,-1.0000000000000003e-05,6.5000000000000013e-06,-4.2182041331805468e-09,499.94930240723301,-56.686370100300564,0.0,142.86332552649174
1.300000011920929,63,400.0,-1.0000000000000003e-05,6.5000000000000013e-06,1.2425409822362149e-09,838.33150140950556,-80.274115241714256,0.0,238.0911249927264
1.300000011920929,64,352.3811426547975,-5.063550956621588e-06,5.0824545172098034e-06,-3.3316639173477142e-09,0.0,0.0,0.0,0.0
1.300000011920929,65,376.1879848840815,-6.8057668098245496e-06,5.8679758958958575e-06,3.1774482445265998e-40,0.0,0.0,-2.5486370798248381,0.0
1.300000011920929,66,400.0,-1.0000000000000003e-05,6.5000000000000013e-06,-1.0497633253636303e-39,-2162.0796182742806,209.7086173589295,-0.74827221361457408,0.0
1.300000011920929,67,376.19057132739874,-7.5614082272134494e-06,5.7680765106254674e-06,-1.1112883853895096e-36,0.0,0.0,0.61743627893262998,0.0
1.300000011920929,68,352.37855621148026,-4.9060111853494641e-06,4.9110110914606535e-06,-2.1234846850862146e-37,0.0,0.0,0.68586306726886581,0.0
1.300000011920929,69,352.37596976816303,-3.9823369485173878e-06,4.7154470165059871e-06,4.9454075111600038e-09,0.0,0.0,0.0,0.0
1.300000011920929,70,400.0,-1.0000000000000003e-05,6.5000000000000013e-06,-8.7369311619005051e-11,-2333.4504612837732,191.91462845802567,0.0,0.0
1.300000011920929,71,400.0,-1.0000000000000003e-05,6.5000000000000013e-06,-4.795743631270873e-11,-3266.4943928868533,318.68645756967379,0.0,0.0
1.300000011920929,72,352.3811426547975,-5.0559860624451023e-06,5.0830241769055806e-06,-1.1496432933329083e-09,0.0,0.0,0.0,0.0
1.300000011920929,73,376.1879848840815,-6.8019946413682025e-06,5.8686253886327262e-06,-1.8660051635923798e-09,0.0,0.0,0.0,0.0
1.300000011920929,74,400.0,-1.0000000000000003e-05,6.5000000000000013e-06,-2.3522608004252578e-09,-2162.332393354227,209.95721766708112,0.0,0.0
1.300000011920929,75,376.19057132739874,-7.5621824416701737e-06,5.7684264869419729e-06,8.3295983737850044e-10,0.0,0.0,0.0,0.0
1.300000011920929,76,352.37855621148026,-4.9034831919833505e-06,4.9118982260924423e-06,5.3366546529941175e-09,0.0,0.0,0.0,0.0
1.300000011920929,77,400.0,-1.0000000000000003e-05,6.5000000000000013e-06,3.1503342391690321e-40,314.74004246415382,-22.817404907207326,-0.56956729172296938,95.2356783900112
1.300000011920929,78,352.3881242561472,-6.1095595430379854e-06,4.630826488280097e-06,1.4598498316873166e-39,0.0,0.0,-1.0571042596136633,0.0
1.300000011920929,79,400.0,-1.0000000000000003e-05,6.5000000000000013e-06,2.0917824433534267e-09,314.72420234361658,-22.847363456499266,0.0,95.23567839001112
1.300000011920929,80,352.3881242561472,-6.1123251343815009e-06,4.6318810904981277e-06,-8.7491638666726834e-09,0.0,0.0,0.0,0.0
1.300000011920929,81,400.0,-1.0000000000000003e-05,6.5000000000000013e-06,-7.576095570279453e-40,-1148.7843429999164,110.92975374362784,0.749952111451472,0.0
1.300000011920929,82,376.1940621280736,-8.2418578024075133e-06,5.8975705371312387e-06,4.9097086128856853e-40,0.0,0.0,1.1409211981290679,0.0
1.300000011920929,83,352.38463345547234,-5.3052899744044355e-06,4.8485611567001453e-06,1.4324211337345945e-37,0.0,0.0,-0.16225198606141913,0.0
1.300000011920929,84,400.0,-1.0000000000000003e-05,6.5000000000000013e-06,1.4700005534802675e-10,-1034.3488068956303,129.63932917231566,0.0,0.0
1.300000011920929,85,352.3881242561472,-6.0999979447999796e-06,4.6278020074972365e-06,-3.2227985895453118e-09,0.0,0.0,0.0,0.0
1.300000011920929,86,400.0,-1.0000000000000003e-05,6.5000000000000013e-06,2.2899477379838099e-09,-1148.6161300833717,110.91210592444604,0.0,0.0
1.300000011920929,87,376.1940621280736,-8.244249491369263e-06,5.8985889970770329e-06,-9.4693199979803084e-12,0.0,0.0,0.0,0.0
1.300000011920929,88,352.38463345547234,-5.307752536461738e-06,4.8492168855000046e-06,-5.533882861318065e-09,0.0,0.0,0.0,0.0
1.4000000059604645,1,300.0,1.5628259545429933e-39,-3.1342015122702163e-39,-1.6384295794689926e-41,-177.03722126056672,2.7858131390213199,-0.20190866165360499,-59.42547687454927
1.4000000059604645,2,347.65376046193603,-3.741073804613292e-06,2.1204642799328052e-06,2.708526851340544e-09,0.0,0.0,0.0,0.0
1.4000000059604645,3,347.585733084558,-4.7542187769757528e-06,1.7919516339439906e-06,-2.0768344483170233e-08,0.0,0.0,0.0,0.0
1.4000000059604645,4,300.0,1.4910052101060409e-34,-2.4715931334290041e-35,-2.6015830028202136e-37,-353.14325667084421,44.303602984315255,0.4776280893606219,-119.14964631114114
1.4000000059604645,5,300.0,1.6051685751853114e-39,-3.2142635945934916e-39,1.4752723408353327e-40,-177.04495772286862,2.7891874363333677,0.25603417943423695,-59.425476874549275
1.4000000059604645,6,347.65376046193603,-3.7363767720471996e-06,2.1205892023929065e-06,-3.1870199609684182e-09,0.0,0.0,0.0,0.0
1.4000000059604645,7,347.58573308455806,-4.7512138957394873e-06,1.7924496717284899e-06,2.043926323584159e-08,0.0,0.0,0.0,0.0
1.4000000059604645,8,300.0,1.491190004901027e-34,-2.4720765923581542e-35,2.3786598836114725e-37,-353.16059831967618,44.298488827495788,-0.40170806303663709,-119.14964631114114
1.4000000059604645,9,323.826880230968,-1.6255894209611839e-06,6.6674154305868301e-07,5.454430985320472e-09,0.0,0.0,0.0,0.0
1.4000000059604645,10,347.619746773247,-4.4331646392784523e-06,1.9695949480884498e-06,-1.4595892597390742e-08,0.0,0.0,0.0,0.0
1.4000000059604645,11,323.792866542279,-2.3248240173361814e-06,7.6387347746679873e-07,4.4887665295551738e-09,0.0,0.0,0.0,0.0
1.4000000059604645,12,300.0,-2.4607421002174256e-39,3.4884613667833801e-39,-1.4861395401567373e-40,643.55792744962002,-48.169832601913953,-0.017377242142864124,0.0
1.4000000059604645,13,300.0,3.6596139786771549e-39,-2.4016258146203195e-39,-2.669013070342447e-41,583.28522907430204,-83.013777790390449,-0.074052031027279169,0.0
1.4000000059604645,14,347.65376046193603,-3.7370685864057736e-06,2.1399381891584324e-06,-2.5138762873046169e-10,0.0,0.0,0.0,0.0
1.4000000059604645,15,347.585733084558,-4.7190553948744353e-06,1.7868437080568657e-06,-1.6941006225338474e-10,0.0,0.0,0.0,0.0
1.4000000059604645,16,300.0,-5.8959547771180867e-34,1.2612205333555874e-34,-4.5130081606334571e-40,1462.6746543215795,-161.86109372001752,-0.1156641774193739,0.0
1.4000000059604645,17,323.826880230968,-1.6244816233346077e-06,6.6671947857575332e-07,-4.6302822993127632e-09,0.0,0.0,0.0,0.0
1.4000000059604645,18,347.619746773247,-4.4291720121829502e-06,1.9698769808672642e-06,1.4210624929470684e-08,0.0,0.0,0.0,0.0
1.4000000059604645,19,323.79286654227906,-2.3240420737683704e-06,7.6383155641773676e-07,-3.8712661289835046e-09,0.0,0.0,0.0,0.0
1.4000000059604645,20,300.0,-2.4734681206898217e-39,3.394570918737736e-39,-1.3767715212426141e-40,643.53619899388752,-48.185995583535231,-0.15844769412965065,0.0
1.4000000059604645,21,347.60665623505815,-5.0175757970729543e-06,1.5715677608051961e-06,-6.3008860826101188e-09,0.0,0.0,0.0,0.0
1.4000000059604645,22,300.0,1.6078171099424373e-34,-3.8356435266755255e-35,-2.7377967995846829e-37,-410.78317103687147,74.989376765208448,0.1937557930878871,-119.06898852879178
1.4000000059604645,23,347.6066562350582,-5.0173168474248641e-06,1.5727284825556468e-06,6.4226905169176638e-09,0.0,0.0,0.0,0.0
1.4000000059604645,24,300.0,1.6076343611162027e-34,-3.8333875598335017e-35,2.8490606820697123e-37,-410.78420458128193,74.94885349832137,-0.18434929776152104,-119.06898852879178
1.4000000059604645,25,347.5961946598081,-4.9658704769400103e-06,1.6708378299156922e-06,-1.3553171603612295e-08,0.0,0.0,0.0,0.0
1.4000000059604645,26,323.8033281175291,-2.4986809748063043e-06,8.0803579313490139e-07,2.2241820506885624e-09,0.0,0.0,0.0,0.0
1.4000000059604645,27,300.0,-3.2860500919204324e-40,-4.9158632521983717e-39,1.5562283491166205e-42,786.14848932145333,-121.10599157007711,-0.27944041280043919,0.0
1.4000000059604645,28,347.60665623505815,-5.0049826523645398e-06,1.5675501037354615e-06,6.4482161482166972e-11,0.0,0.0,0.0,0.0
1.4000000059604645,29,300.0,-6.0986656825604748e-34,1.0096162579893096e-34,-6.9421475068951892e-38,1666.3332725078672,-199.21560437018854,-0.028147755027428528,0.0
1.4000000059604645,30,347.59619465980813,-4.9640249834871752e-06,1.6716556536654299e-06,1.3472743278146196e-08,0.0,0.0,0.0,0.0
1.4000000059604645,31,323.8033281175291,-2.4986130560465335e-06,8.0798281776810797e-07,-2.0923442614286486e-09,0.0,0.0,0.0,0.0
1.4000000059604645,32,300.0,-3.3581142428442512e-40,-4.9666654330358226e-39,1.006397289580056e-40,786.17092543467618,-121.13940590204641,0.19399198210435389,0.0
1.4000000059604645,33,347.6527063973086,-5.1612570128231444e-06,1.7468863098648117e-06,1.9440728749260756e-08,0.0,0.0,0.0,0.0
1.4000000059604645,34,300.0,2.0995952068142785e-34,-1.7547855843762912e-35,1.4222357047561295e-37,-472.96979679851506,48.108934852308501,-0.5419769479042359,-118.9430048933526
1.4000000059604645,35,347.65270639730863,-5.1636724810339616e-06,1.7479414888157984e-06,-1.9134936297273676e-08,0.0,0.0,0.0,0.0
1.4000000059604645,36,300.0,2.0995838727723037e-34,-1.7542383753621007e-35,-1.0075851838566708e-37,-472.94559477227949,48.096283596638571,0.48047831596301216,-118.94300489335245
1.4000000059604645,37,347.62968131618334,-5.0391745743855019e-06,1.6464568760733758e-06,6.5893889679255219e-09,0.0,0.0,0.0,0.0
1.4000000059604645,38,323.82635319865426,-2.6476404339288003e-06,7.6786265190203697e-07,-4.2030127392386917e-09,0.0,0.0,0.0,0.0
1.4000000059604645,39,300.0,-2.3685468535201405e-40,-8.7444432908444883e-41,2.3739940928048365e-40,865.67550843503489,-125.57423459327011,0.14728086886671721,0.0
1.4000000059604645,40,347.65270639730863,-5.1956999155309913e-06,1.7445933194648479e-06,1.5586778226040861e-10,0.0,0.0,0.0,0.0
1.4000000059604645,41,300.0,-7.7658123488880773e-34,2.8872817486078876e-35,-8.4591736520685573e-38,1852.3847812096787,-158.60937309906484,0.066615311687948237,0.0
1.4000000059604645,42,347.62968131618345,-5.0405248994339393e-06,1.6475895662456925e-06,-6.3451945808514123e-09,0.0,0.0,0.0,0.0
1.4000000059604645,43,323.8263531986543,-2.648153306364976e-06,7.6805896692324888e-07,3.7689383282635297e-09,0.0,0.0,0.0,0.0
1.4000000059604645,44,300.0,-3.0523290013229112e-40,-5.4296954446529741e-41,-1.3096413732061095e-40,865.65333086901808,-125.60590950119533,-0.11155360495999198,0.0
1.4000000059604645,45,347.6081512315979,-6.1772924502628314e-06,2.1089355720658646e-06,1.818515189669581e-09,0.0,0.0,0.0,0.0
1.4000000059604645,46,300.0,9.7261455177788406e-40,4.2779156219458087e-40,4.4458071335487746e-41,-237.44998313027324,1.853040498088782,0.08699668179368937,-59.60301230139468
1.4000000059604645,47,347.6081512315979,-6.1803741389316331e-06,2.1099594159157408e-06,-2.0645955497665298e-09,0.0,0.0,0.0,0.0
1.4000000059604645,48,300.0,9.8819307792024904e-40,4.7394881675138097e-40,4.9902581773578301e-41,-237.44875314696353,1.8561058881341697,-0.13029089571639377,-59.60301230139472
1.4000000059604645,49,347.63042881445324,-5.4752034111213276e-06,1.9396642991500036e-06,1.6105092812920476e-08,0.0,0.0,0.0,0.0
1.4000000059604645,50,323.804075615799,-3.3239729405870789e-06,6.5592148378718736e-07,-7.3567914511293437e-09,0.0,0.0,0.0,0.0
1.4000000059604645,51,300.0,-1.9183756478728789e-39,2.5518942880000748e-39,-2.1857033708783526e-40,1013.4348698824964,-49.163655746414697,0.10914167791901097,0.0
1.4000000059604645,52,347.6081512315979,-6.1899197860451115e-06,2.128269736085945e-06,-1.1820333263001901e-10,0.0,0.0,0.0,0.0
1.4000000059604645,53,300.0,1.7630207154583054e-39,4.8753227474912151e-39,-1.2697475838656615e-41,1070.4925424960786,-89.257186923639466,0.065595158104795104,0.0
1.4000000059604645,54,347.63042881445324,-5.4779309010922019e-06,1.9407196142754429e-06,-1.6047084681809839e-08,0.0,0.0,0.0,0.0
1.4000000059604645,55,323.804075615799,-3.3248616846124392e-06,6.5622308170508647e-07,6.5011183915502081e-09,0.0,0.0,0.0,0.0
1.4000000059604645,56,300.0,-1.9129641479603152e-39,2.6312867819966191e-39,2.0713528573329371e-41,1013.4403905967058,-49.186510233041062,0.040231852230363574,0.0
1.4000000059604645,57,352.37596976816315,-3.8793152445817051e-06,5.0780910400858233e-06,2.7309976229337461e-39,0.0,0.0,1.9984516350147872,0.0
1.4000000059604645,58,400.0,-1.0000000000000001e-05,7.0000000000000007e-06,4.857859689559832e-40,500.11479414569556,-61.038329199510933,0.82011039972802113,142.8633255264913
1.4000000059604645,59,400.0,-1.0000000000000001e-05,7.0000000000000007e-06,5.5791698728103205e-37,839.08870018852008,-86.60554567796234,-0.02561771361989118,238.0911249927264
1.4000000059604645,60,352.3811426547975,-5.0652654819881699e-06,5.4730789244868808e-06,9.1789800098255532e-37,0.0,0.0,-0.6731092718194146,0.0
1.4000000059604645,61,352.3759697681632,-3.8744960232423425e-06,5.0796264441083807e-06,1.4682348816495883e-08,0.0,0.0,0.0,0.0
1.4000000059604645,62,400.0,-1.0000000000000001e-05,7.0000000000000007e-06,-4.5095626897727049e-09,500.12176681537824,-61.032246622557103,0.0,142.8633255264915
1.4000000059604645,63,400.0,-1.0000000000000001e-05,7.0000000000000007e-06,1.3354652513406162e-09,839.02678868461771,-86.458015014611703,0.0,238.09112499272658
1.4000000059604645,64,352.3811426547974,-5.0665084047120753e-06,5.4733769170310251e-06,-3.4973719142192629e-09,0.0,0.0,0.0,0.0
1.4000000059604645,65,376.1879848840816,-6.751364878830006e-06,6.3193291643956712e-06,3.160234540453559e-40,0.0,0.0,-2.7230087472999132,0.0
1.4000000059604645,66,400.0,-1.0000000000000001e-05,7.0000000000000007e-06,-1.0472809807027028e-39,-2175.3321881923462,225.79574847340677,-0.79476047096398506,0.0
1.4000000059604645,67,376.19057132739874,-7.5651827387818384e-06,6.2117243165660745e-06,-1.1993062760013566e-36,0.0,0.0,0.66480080355706705,0.0
1.4000000059604645,68,352.3785562114803,-4.8969435169016288e-06,5.2884953132623046e-06,-2.2557899551003452e-37,0.0,0.0,0.74812501542363841,0.0
1.4000000059604645,69,352.37596976816315,-3.9018364382223842e-06,5.0780863549310493e-06,5.238697036976569e-09,0.0,0.0,0.0,0.0
1.4000000059604645,70,400.0,-1.0000000000000001e-05,7.0000000000000007e-06,-1.0500622119733388e-10,-2359.864035716696,206.71372039636802,0.0,0.0
1.4000000059604645,71,400.0,-1.0000000000000001e-05,7.0000000000000007e-06,-3.3515023712681084e-11,-3262.6077766100007,343.21833077605339,0.0,0.0
1.4000000059604645,72,352.38114265479743,-5.0585421576170375e-06,5.4739528355798886e-06,-1.2199331252923553e-09,0.0,0.0,0.0,0.0
1.4000000059604645,73,376.1879848840816,-6.7473495576112019e-06,6.3199766888062879e-06,-2.0363087579331708e-09,0.0,0.0,0.0,0.0
1.4000000059604645,74,400.0,-1.0000000000000001e-05,7.0000000000000007e-06,-2.5090580827481514e-09,-2175.5986878437529,226.06444317688386,0.0,0.0
1.4000000059604645,75,376.1905713273987,-7.5660115599774237e-06,6.2121106160143891e-06,8.9941344670822355e-10,0.0,0.0,0.0,0.0
1.4000000059604645,76,352.37855621148026,-4.8942373634277031e-06,5.2894361987373735e-06,5.7293665766288412e-09,0.0,0.0,0.0,0.0
1.4000000059604645,77,400.0,-1.0000000000000001e-05,7.0000000000000007e-06,3.1630527921995048e-40,313.39914131043548,-24.603235449194926,-0.61773812843603693,95.23567839001156
1.4000000059604645,78,352.3881242561471,-6.1932834592946767e-06,4.9869576381386319e-06,7.1857176580214058e-40,0.0,0.0,-1.156950910629768,0.0
1.4000000059604645,79,400.0,-1.0000000000000001e-05,7.0000000000000007e-06,2.2644593612201877e-09,313.3792638818602,-24.635391485315452,0.0,95.23567839001147
1.4000000059604645,80,352.388124256147,-6.1963031397466239e-06,4.9881173112866219e-06,-9.6022083389598106e-09,0.0,0.0,0.0,0.0
1.4000000059604645,81,400.0,-1.0000000000000001e-05,7.0000000000000007e-06,-7.6043305429282146e-40,-1135.0395766475567,119.5355603051938,0.81507386911009339,0.0
1.4000000059604645,82,376.1940621280735,-8.2981074224834138e-06,6.3512468544112626e-06,4.9218395495701363e-40,0.0,0.0,1.2357284436331335,0.0
1.4000000059604645,83,352.3846334554723,-5.3267729364474397e-06,5.2215910422751176e-06,1.5332504007058859e-37,0.0,0.0,-0.16393805084733371,0.0
1.4000000059604645,84,400.0,-1.0000000000000001e-05,7.0000000000000007e-06,1.4009581900046313e-10,-1011.8531314329575,139.58870597245274,0.0,0.0
1.4000000059604645,85,352.3881242561471,-6.1827697585808318e-06,4.9835842886393114e-06,-3.5265174788551641e-09,0.0,0.0,0.0,0.0
1.4000000059604645,86,400.0,-1.0000000000000001e-05,7.0000000000000007e-06,2.4728141743874735e-09,-1134.8556417354569,119.51513849772294,0.0,0.0
1.4000000059604645,87,376.1940621280735,-8.3007042847206123e-06,6.3523845712414531e-06,-3.5996825858664497e-11,0.0,0.0,0.0,0.0
1.4000000059604645,88,352.3846334554722,-5.3294333006626045e-06,5.2223133956044507e-06,-5.9741826210977963e-09,0.0,0.0,0.0,0.0
1.5,1,300.0,1.5685527228086097e-39,-3.1330014200313966e-39,-1.5263824539210255e-41,-175.10901746368674,2.9832357974639283,-0.19725338127975842,-59.42547687454941
1.5,2,347.65376046193603,-3.6539638222350414e-06,2.271941654024563e-06,1.7241492722329432e-09,0.0,0.0,0.0,0.0
1.5,3,347.5857330845581,-4.7388754927289821e-06,1.9199738110234825e-06,-2.1717125088993529e-08,0.0,0.0,0.0,0.0
1.5,4,300.0,1.451766183408131e-34,-2.6571342474141196e-35,-2.7384516246972984e-37,-349.14207132311287,47.465953248542391,0.49120156545709009,-119.14964631114101
1.5,5,300.0,1.6106440364015449e-39,-3.212741304688047e-39,1.4603785005793872e-40,-175.11762384208095,2.9875131841586979,0.25364995580162719,-59.42547687454934
1.5,6,347.65376046193603,-3.6490032209189324e-06,2.2720068085716915e-06,-2.2561563140236175e-09,0.0,0.0,0.0,0.0
1.5,7,347.58573308455806,-4.7356777220646647e-06,1.9204639773713263e-06,2.1370474516297383e-08,0.0,0.0,0.0,0.0
1.5,8,300.0,1.4519613229309313e-34,-2.6577299304787125e-35,2.5010665168326473e-37,-349.16050793894908,47.461138246830082,-0.41105786264163702,-119.14964631114108
1.5,9,323.826880230968,-1.5649098210906863e-06,7.1462852536227698e-07,5.8346581292861137e-09,0.0,0.0,0.0,0.0
1.5,10,347.6197467732471,-4.3942987054022469e-06,2.1103081742529615e-06,-1.5734965449964135e-08,0.0,0.0,0.0,0.0
1.5,11,323.79286654227906,-2.3131336536561502e-06,8.1836469127436848e-07,4.7017735191771529e-09,0.0,0.0,0.0,0.0
1.5,12,300.0,-2.4753541040194515e-39,3.4794887644199085e-39,-1.4984303476443532e-40,630.67724152582468,-51.556610946434319,-0.022961913139398115,0.0
1.5,13,300.0,3.6554307135089589e-39,-2.4333858743761918e-39,-2.680295528812705e-41,565.77076980746403,-89.028558368188769,-0.078640208839157802,0.0
1.5,14,347.65376046193603,-3.6480731748404191e-06,2.2918752514092348e-06,-2.7882835776278311e-10,0.0,0.0,0.0,0.0
1.5,15,347.5857330845581,-4.7022319203994669e-06,1.9144483337009851e-06,-1.7856625597602574e-10,0.0,0.0,0.0,0.0
1.5,16,300.0,-5.7240436943228846e-34,1.3528490780967415e-34,3.3460377431591274e-40,1448.6189223740189,-173.52087941838386,-0.12262937509177424,0.0
1.5,17,323.826880230968,-1.5637443035248668e-06,7.1459586447697244e-07,-4.9748212725421672e-09,0.0,0.0,0.0,0.0
1.5,18,347.619746773247,-4.3900606217880472e-06,2.1105517620911618e-06,1.5318171532088399e-08,0.0,0.0,0.0,0.0
1.5,19,323.79286654227906,-2.3123008211087304e-06,8.1831213057858441e-07,-4.0436679025854023e-09,0.0,0.0,0.0,0.0
1.5,20,300.0,-2.4881310218787737e-39,3.3857349528747293e-39,-1.3578552537775058e-40,630.65435649877531,-51.572993472019739,-0.16160685732953339,0.0
1.5,21,347.6066562350582,-5.020645824855522e-06,1.6840897077513571e-06,-6.3409585385483697e-09,0.0,0.0,0.0,0.0
1.5,22,300.0,1.5736378441118782e-34,-4.1116141821085778e-35,-2.8640248761743404e-37,-410.70627633371947,80.370770150740455,0.19785984917440363,-119.06898852879175
1.5,23,347.6066562350581,-5.0203567271765289e-06,1.6853245123014812e-06,6.480154202706771e-09,0.0,0.0,0.0,0.0
1.5,24,300.0,1.5734467187999776e-34,-4.1092423866022182e-35,2.9806352392539363e-37,-410.7075492948984,80.327718525768731,-0.18732477764790759,-119.06898852879206
1.5,25,347.59619465980813,-4.9642644539389375e-06,1.7903674132879221e-06,-1.404117855049474e-08,0.0,0.0,0.0,0.0
1.5,26,323.8033281175291,-2.4995018626434733e-06,8.6564474135037423e-07,2.2980706100782502e-09,0.0,0.0,0.0,0.0
1.5,27,300.0,-3.2276057766316352e-40,-4.9344951322724382e-39,4.267009457526781e-42,783.5930300775467,-129.76070226165677,-0.28882901515999743,0.0
1.5,28,347.60665623505815,-5.0077551184848058e-06,1.679784134459097e-06,7.3347827139222746e-11,0.0,0.0,0.0,0.0
1.5,29,300.0,-5.9417566559264991e-34,1.0821267583974996e-34,-7.4058054233679659e-38,1666.7761780299907,-213.40351509364984,-0.030030102049710364,0.0
1.5,30,347.5961946598081,-4.9622927694256335e-06,1.7912161588057886e-06,1.3964770577129761e-08,0.0,0.0,0.0,0.0
1.5,31,323.8033281175291,-2.4994283702473115e-06,8.6558824838185469e-07,-2.1490972702705522e-09,0.0,0.0,0.0,0.0
1.5,32,300.0,-3.2981820960102221e-40,-4.9855504968509164e-39,9.8209314935116074e-41,783.61698103495576,-129.79589265058553,0.19715627608828828,0.0
1.5,33,347.6527063973086,-5.1743507355247078e-06,1.8710059040135159e-06,2.0647336530290867e-08,0.0,0.0,0.0,0.0
1.5,34,300.0,2.1007497814618079e-34,-1.8753739811079916e-35,1.5264915088162743e-37,-477.0514497067104,51.574512811475373,-0.57205388316153272,-118.94300489335245
1.5,35,347.6527063973086,-5.1769402562887856e-06,1.8721737199484369e-06,-2.0314985583009914e-08,0.0,0.0,0.0,0.0
1.5,36,300.0,2.1007362958396965e-34,-1.8747825478467735e-35,-1.0755035261758466e-37,-477.02587883225419,51.559952984664989,0.50566193093966938,-118.94300489335222
1.5,37,347.6296813161834,-5.0437930096949628e-06,1.7638395625241631e-06,7.1987801670711763e-09,0.0,0.0,0.0,0.0
1.5,38,323.82635319865426,-2.6591560819453041e-06,8.2258189356567235e-07,-4.4463240634062746e-09,0.0,0.0,0.0,0.0
1.5,39,300.0,-2.4315095409086622e-40,-4.4280428799227176e-41,2.3504700426909691e-40,868.25450210205031,-134.61001331971451,0.15384770726713196,0.0
1.5,40,347.6527063973086,-5.2108871286464812e-06,1.8687986895555645e-06,1.6926295700083629e-10,0.0,0.0,0.0,0.0
1.5,41,300.0,-7.7284462768732342e-34,3.0828131008512123e-35,-9.2053140687599701e-38,1866.2930145071127,-169.82087396138053,0.071817682657752333,0.0
1.5,42,347.62968131618334,-5.0452270411727707e-06,1.7650688055338223e-06,-6.9278332834852554e-09,0.0,0.0,0.0,0.0
1.5,43,323.82635319865426,-2.659706469174569e-06,8.2279671021322817e-07,3.9825782837007489e-09,0.0,0.0,0.0,0.0
1.5,44,300.0,-3.1176117227693435e-40,-1.0302412996638903e-41,-1.288864030163826e-40,868.23182879703859,-134.64416208965599,-0.11612998973645469,0.0
1.5,45,347.6081512315978,-6.2632048397313535e-06,2.2592556901644147e-06,1.6886359056969651e-09,0.0,0.0,0.0,0.0
1.5,46,300.0,9.7466501531094386e-40,4.4458701471501048e-40,4.3794937063107873e-41,-239.52301282445873,1.9655574906589026,0.093977359769658778,-59.6030123013947
1.5,47,347.6081512315979,-6.2665483797293668e-06,2.2604054331971623e-06,-1.9691496617639876e-09,0.0,0.0,0.0,0.0
1.5,48,300.0,9.9043040791639586e-40,4.9127013933025918e-40,5.0854762915588356e-41,-239.52175366818824,1.9684559137143978,-0.14137323295509366,-59.60301230139464
1.5,49,347.6304288144532,-5.5112734014672484e-06,2.0777054779807319e-06,1.6997738930126992e-08,0.0,0.0,0.0,0.0
1.5,50,323.80407561579887,-3.3835667314254564e-06,7.0266809653756963e-07,-7.8522346245388109e-09,0.0,0.0,0.0,0.0
1.5,51,300.0,-1.9155782890442791e-39,2.5205055678435712e-39,-2.175879321452218e-40,1026.4052187953594,-52.671299023919381,0.11712800276027212,0.0
1.5,52,347.60815123159784,-6.2764289646112768e-06,2.2799670565250805e-06,-1.348893699959235e-10,0.0,0.0,0.0,0.0
1.5,53,300.0,1.7773341451012876e-39,4.8685433196124979e-39,-1.2561172667920975e-41,1087.773662737181,-95.684447993237157,0.070393248288059151,0.0
1.5,54,347.63042881445324,-5.514213212382098e-06,2.0788835768200404e-06,-1.6939591766649329e-08,0.0,0.0,0.0,0.0
1.5,55,323.804075615799,-3.3845315163544498e-06,7.0299888571850296e-07,6.9206553388822026e-09,0.0,0.0,0.0,0.0
1.5,56,300.0,-1.9103049838500438e-39,2.5996357037044182e-39,1.9296852305424863e-41,1026.4111424093853,-52.696576776100436,0.044985325357416284,0.0
1.5,57,352.37596976816326,-3.7974460501171161e-06,5.4405932595525766e-06,1.4152108615259456e-39,0.0,0.0,2.1122263050246954,0.0
1.5,58,400.0,-1.0000000000000001e-05,7.5000000000000002e-06,4.8483245263724257e-40,500.28747597624221,-65.382340740941601,0.86978554688315779,142.86332552649122
1.5,59,400.0,-1.0000000000000001e-05,7.5000000000000002e-06,6.0216635201721157e-37,839.78675965102491,-92.799804485530288,-0.039563627900583431,238.09112499272612
1.5,60,352.38114265479743,-5.0681663413547143e-06,5.8639709134846993e-06,9.8191327151613344e-37,0.0,0.0,-0.72070877746471806,0.0
1.5,61,352.3759697681632,-3.7923518785868833e-06,5.4422098652157383e-06,1.5489361109203488e-08,0.0,0.0,0.0,0.0
1.5,62,400.0,-1.0000000000000001e-05,7.5000000000000002e-06,-4.802957348337796e-09,500.29264405447901,-65.37524279864661,0.0,142.86332552649145
1.5,63,400.0,-1.0000000000000001e-05,7.5000000000000002e-06,1.429356577218813e-09,839.72217607538596,-92.642664390634593,0.0,238.09112499272663
1.5,64,352.38114265479743,-5.0694798313243506e-06,5.8642944272168541e-06,-3.6585038445268103e-09,0.0,0.0,0.0,0.0
1.5,65,376.18798488408163,-6.6969620087215897e-06,6.770680117980616e-06,3.1429762069575036e-40,0.0,0.0,-2.8976947123957069,0.0
1.5,66,400.0,-1.0000000000000001e-05,7.5000000000000002e-06,-1.0447648344327839e-39,-2188.5833992926296,241.87530506530965,-0.8402039634789914,0.0
1.5,67,376.19057132739874,-7.568965254251935e-06,6.6553756917245586e-06,-1.2882745461884362e-36,0.0,0.0,0.71305075056390455,0.0
1.5,68,352.3785562114804,-4.8878706093964358e-06,5.6659549435575537e-06,-2.3882360457559978e-37,0.0,0.0,0.81272699989149066,0.0
1.5,69,352.37596976816326,-3.8213339601533076e-06,5.4407464257321113e-06,5.5264654874163698e-09,0.0,0.0,0.0,0.0
1.5,70,400.0,-1.0000000000000001e-05,7.5000000000000002e-06,-1.2417355351264754e-10,-2386.280008322894,221.51668261447722,0.0,0.0
1.5,71,400.0,-1.0000000000000001e-05,7.5000000000000002e-06,-1.804307295282798e-11,-3258.7175938943728,367.75209462173871,0.0,0.0
1.5,72,352.38114265479743,-5.0611158598916103e-06,5.8648708971085195e-06,-1.289735330940135e-09,0.0,0.0,0.0,0.0
1.5,73,376.1879848840816,-6.6927048396802731e-06,6.7713189168187093e-06,-2.2138033645434955e-09,0.0,0.0,0.0,0.0
1.5,74,400.0,-1.0000000000000001e-05,7.5000000000000002e-06,-2.6651865126895769e-09,-2188.8632913496454,242.16464851806555,0.0,0.0
1.5,75,376.19057132739874,-7.5698482273449301e-06,6.6557996894747178e-06,9.677280400546151e-10,0.0,0.0,0.0,0.0
1.5,76,352.3785562114803,-4.8849857478704685e-06,5.6669483741334749e-06,6.1256916317362101e-09,0.0,0.0,0.0,0.0
1.5,77,400.0,-1.0000000000000001e-05,7.5000000000000002e-06,3.175854539212054e-40,312.05804859579331,-26.393809592778528,-0.66622655060301406,95.2356783900116
1.5,78,352.3881242561471,-6.2769916390709221e-06,5.3431224362266747e-06,-3.610811493694258e-41,0.0,0.0,-1.258061892835046,0.0
1.5,79,400.0,-1.0000000000000001e-05,7.5000000000000002e-06,2.4354682781482634e-09,312.03390030936788,-26.428193179885032,0.0,95.23567839001151
1.5,80,352.388124256147,-6.2802679322516865e-06,5.3443888663763588e-06,-1.0467333399955126e-08,0.0,0.0,0.0,0.0
1.5,81,400.0,-1.0000000000000001e-05,7.5000000000000002e-06,-7.6327204040528855e-40,-1121.2949489152945,128.15191840090122,0.88095889880908118,0.0
1.5,82,376.1940621280735,-8.3543494173493297e-06,6.8049234741426438e-06,4.9339591613204767e-40,0.0,0.0,1.3300422932211096,0.0
1.5,83,352.3846334554722,-5.3482586607893928e-06,5.5946531468665385e-06,1.6336881189177885e-37,0.0,0.0,-0.16411957442665948,0.0
1.5,84,400.0,-1.0000000000000001e-05,7.5000000000000002e-06,1.317176201792707e-10,-989.35846929671015,149.53486709434739,0.0,0.0
1.5,85,352.3881242561471,-6.2655233600413356e-06,5.3393847746995841e-06,-3.8341288490086302e-09,0.0,0.0,0.0,0.0
1.5,86,400.0,-1.0000000000000001e-05,7.5000000000000002e-06,2.6554936587559878e-09,-1121.0950010593936,128.12825589448596,0.0,0.0
1.5,87,376.1940621280735,-8.3571525540938486e-06,6.8061853624743175e-06,-6.8336524485643764e-11,0.0,0.0,0.0,0.0
1.5,88,352.3846334554722,-5.3511169243215891e-06,5.5954432879050537e-06,-6.4146667430945758e-09,0.0,0.0,0.0,0.0
1.600000023841858,1,300.0,1.5742750941589502e-39,-3.1317769789543226e-39,-1.414149410817622e-41,-173.1823879419008,3.1837902328855021,-0.19258395941180187,-59.42547687454935
1.600000023841858,2,347.65376046193603,-3.5668581390039726e-06,2.4234235221063267e-06,7.1029362349032171e-10,0.0,0.0,0.0,0.0
1.600000023841858,3,347.585733084558,-4.7235261908978508e-06,2.0480222784195031e-06,-2.2663031332139045e-08,0.0,0.0,0.0,0.0
1.600000023841858,4,300.0,1.4125171249945059e-34,-2.8426528897534981e-35,-2.8752785914673309e-37,-345.14226000899487,50.627496566228345,0.50469859131592409,-119.1496463111412
1.600000023841858,5,300.0,1.6161144700001323e-39,-3.2111929728404794e-39,1.4454463674256684e-40,-173.19190607576326,3.1890501249568466,0.25112118753227819,-59.425476874549304
1.600000023841858,6,347.6537604619361,-3.5616374373035699e-06,2.4234210165111068e-06,-1.2988040601978215e-09,0.0,0.0,0.0,0.0
1.600000023841858,7,347.5857330845581,-4.720135392092017e-06,2.0484999430092719e-06,2.2299148258767646e-08,0.0,0.0,0.0,0.0
1.600000023841858,8,300.0,1.4127224809416789e-34,-2.8433684005347702e-35,2.6234583784159844e-37,-345.16179673312649,50.623033895915896,-0.42040184012869153,-119.14964631114114
1.600000023841858,9,323.826880230968,-1.5042312785791881e-06,7.6254692483506e-07,6.197668318118017e-09,0.0,0.0,0.0,0.0
1.600000023841858,10,347.619746773247,-4.3554227115457397e-06,2.2510336936124915e-06,-1.6869569563744687e-08,0.0,0.0,0.0,0.0
1.600000023841858,11,323.792866542279,-2.30143808946559e-06,8.7285609853170993e-07,4.9170192764947859e-09,0.0,0.0,0.0,0.0
1.600000023841858,12,300.0,-2.4899394219487681e-39,3.4705144507787809e-39,-1.5106942840698213e-40,617.79904554145116,-54.946859805405445,-0.028395514707528241,0.0
1.600000023841858,13,300.0,3.6512453251132746e-39,-2.4651356683859834e-39,-2.6914876635868518e-41,548.2526592953011,-95.040873810318686,-0.083201471774401334,0.0
1.600000023841858,14,347.65376046193603,-3.5590861470925889e-06,2.4437510572120721e-06,-3.0775389077525255e-10,0.0,0.0,0.0,0.0
1.600000023841858,15,347.58573308455806,-4.6854008749395235e-06,2.0420797681810039e-06,-1.8756147371004048e-10,0.0,0.0,0.0,0.0
1.600000023841858,16,300.0,-5.5521347255216108e-34,1.4444767815783996e-34,1.209158681825795e-39,1434.5645847975093,-185.1865724461332,-0.12955852430781714,0.0
1.600000023841858,17,323.8268802309681,-1.5030094036000423e-06,7.6250246668340127e-07,-5.3041469341492404e-09,0.0,0.0,0.0,0.0
1.600000023841858,18,347.61974677324713,-4.3509398469692675e-06,2.2512322658883116e-06,1.6420254319477143e-08,0.0,0.0,0.0,0.0
1.600000023841858,19,323.79286654227906,-2.3005542255758447e-06,8.7279181716775625e-07,-4.2182036445968452e-09,0.0,0.0,0.0,0.0
1.600000023841858,20,300.0,-2.502767144951393e-39,3.3768986460241281e-39,-1.3389208100618866e-40,617.77501677080795,-54.963368259150215,-0.16463212844841452,0.0
1.600000023841858,21,347.6066562350581,-5.0237208397002554e-06,1.7966572935027434e-06,-6.3765250514164705e-09,0.0,0.0,0.0,0.0
1.600000023841858,22,300.0,1.5394515074134692e-34,-4.3871937392106855e-35,-2.9899877022061921e-37,-410.62948517481686,85.748109709182643,0.20191338057259023,-119.06898852879192
1.600000023841858,23,347.6066562350582,-5.0234002857578888e-06,1.7979656125748891e-06,6.5342843870555247e-09,0.0,0.0,0.0,0.0
1.600000023841858,24,300.0,1.5392521569655947e-34,-4.3847103061179689e-35,3.1116746025555846e-37,-410.63099346920444,85.702554679099578,-0.19018133974955878,-119.0689885287918
1.600000023841858,25,347.596194659808,-4.9626571848033206e-06,1.909940014766914e-06,-1.4529459262537648e-08,0.0,0.0,0.0,0.0
1.600000023841858,26,323.8033281175291,-2.5003290082397347e-06,9.2325407355524457e-07,2.3738146050135751e-09,0.0,0.0,0.0,0.0
1.600000023841858,27,300.0,-3.169242851966731e-40,-4.9530764451477016e-39,6.9739307666956567e-42,781.03788775792486,-138.41045987679124,-0.29822459145033059,0.0
1.600000023841858,28,347.60665623505815,-5.0105348878264117e-06,1.792051717956116e-06,8.2797470541962354e-11,0.0,0.0,0.0,0.0
1.600000023841858,29,300.0,-5.784867300499466e-34,1.1546689568889834e-34,-7.8652225085201187e-38,1667.2205028230906,-227.59831316192134,-0.031989688617573495,0.0
1.600000023841858,30,347.59619465980813,-4.9605585878590305e-06,1.9108169312698152e-06,1.4458126089146135e-08,0.0,0.0,0.0,0.0
1.600000023841858,31,323.8033281175291,-2.5002496823817249e-06,9.2319401405789809e-07,-2.2066616459086262e-09,0.0,0.0,0.0,0.0
1.600000023841858,32,300.0,-3.2383308408100353e-40,-5.0043836323717666e-39,9.5780415687556172e-41,781.06336046831939,-138.44737501549233,0.20022478965653107,0.0
1.600000023841858,33,347.6527063973086,-5.187454124533978e-06,1.9950565585165613e-06,2.1854958534455624e-08,0.0,0.0,0.0,0.0
1.600000023841858,34,300.0,2.1019212250208473e-34,-1.9960363302463631e-35,1.6307317029117964e-37,-481.13387537743836,55.042893892783439,-0.60211017562907343,-118.94300489335237
1.600000023841858,35,347.65270639730863,-5.1902175361997447e-06,1.996341299629959e-06,-2.1495492573775483e-08,0.0,0.0,0.0,0.0
1.600000023841858,36,300.0,2.1019054904179909e-34,-1.9954006872771984e-35,-1.1428498852864035e-37,-481.10694761721516,55.026335586909909,0.53078163819939461,-118.94300489335228
1.600000023841858,37,347.62968131618334,-5.0484265386417792e-06,1.8812102068992272e-06,7.8155713755127318e-09,0.0,0.0,0.0,0.0
1.600000023841858,38,323.82635319865426,-2.6706763626187242e-06,8.7729671018504851e-07,-4.6883172020658577e-09,0.0,0.0,0.0,0.0
1.600000023841858,39,300.0,-2.4943607023183973e-40,-1.1835205370163087e-42,2.3269685804145151e-40,870.83374520513667,-143.64579086263848,0.16018184880950304,0.0
1.600000023841858,40,347.65270639730863,-5.2260820267953729e-06,1.9929616185617392e-06,1.8292856190360936e-10,0.0,0.0,0.0,0.0
1.600000023841858,41,300.0,-7.6910735376367962e-34,3.2775804515233761e-35,-9.9623866167096382e-38,1880.2035289347,-181.01967263576023,0.077021562625850373,0.0
1.600000023841858,42,347.62968131618345,-5.0499431948280496e-06,1.8825380117953342e-06,-7.5167094257249618e-09,0.0,0.0,0.0,0.0
1.600000023841858,43,323.8263531986543,-2.6712641597945959e-06,8.7753079302886536e-07,4.1951721216086054e-09,0.0,0.0,0.0,0.0
1.600000023841858,44,300.0,-3.1827633473753434e-40,3.3623285145456205e-41,-1.2681158269114545e-40,870.81064500139348,-143.68244830140176,-0.12057956293022398,0.0
1.600000023841858,45,347.60815123159784,-6.3491041603402749e-06,2.4095722305589677e-06,1.5510722029620783e-09,0.0,0.0,0.0,0.0
1.600000023841858,46,300.0,9.7671813721129828e-40,4.6136443630988988e-40,4.3131847714464671e-41,-241.59701923678151,2.0776131187926961,0.1009149058979167,-59.60301230139472
1.600000023841858,47,347.6081512315979,-6.3527123301817629e-06,2.4108542369867338e-06,-1.8684289294149194e-09,0.0,0.0,0.0,0.0
1.600000023841858,48,300.0,9.9267088616098311e-40,5.0857326371831958e-40,5.1806098594929468e-41,-241.59574686029922,2.0802973660308823,-0.15250737629238878,-59.60301230139473
1.600000023841858,49,347.63042881445324,-5.5473357074338649e-06,2.215706935632671e-06,1.788596599043109e-08,0.0,0.0,0.0,0.0
1.600000023841858,50,323.8040756157989,-3.4431523476067525e-06,7.4940307318615349e-07,-8.3533710874476678e-09,0.0,0.0,0.0,0.0
1.600000023841858,51,300.0,-1.9127996926807601e-39,2.4891564584392902e-39,-2.1660438854691156e-40,1039.3774805079154,-56.181431457882468,0.12533093199007705,0.0
1.600000023841858,52,347.60815123159784,-6.3629281878450682e-06,2.4316693329259214e-06,-1.5276823247942682e-10,0.0,0.0,0.0,0.0
1.600000023841858,53,300.0,1.7916258297247235e-39,4.8617828547978811e-39,-1.2424197651535025e-41,1105.0529913524538,-102.11657084568965,0.075203762668973176,0.0
1.600000023841858,54,347.63042881445324,-5.5504885062411732e-06,2.2170134453193993e-06,-1.7828344408194673e-08,0.0,0.0,0.0,0.0
1.600000023841858,55,323.804075615799,-3.4441943166581117e-06,7.4976416477276693e-07,7.3443146681301857e-09,0.0,0.0,0.0,0.0
1.600000023841858,56,300.0,-1.9076648430641131e-39,2.568023679457888e-39,1.7881029405736853e-41,1039.383801886908,-56.209211342839176,0.049720917455064878,0.0
1.600000023841858,57,352.37596976816326,-3.7155766217467229e-06,5.8030958081771447e-06,8.6820390312757577e-41,0.0,0.0,2.2243688662301291,0.0
1.600000023841858,58,400.0,-1.0000000000000001e-05,7.9999999999999996e-06,4.8386250101872921e-40,500.4588195583774,-69.723613909270426,0.91897683153722554,142.86332552649137
1.600000023841858,59,400.0,-1.0000000000000001e-05,7.9999999999999996e-06,6.4686361954574387e-37,840.48504864059305,-98.994692247621813,-0.054535147274468843,238.0911249927264
1.600000023841858,60,352.3811426547975,-5.0710823659912029e-06,6.2548576011480646e-06,1.0461353483155875e-36,0.0,0.0,-0.7693150992711606,0.0
1.600000023841858,61,352.37596976816315,-3.7102103140144144e-06,5.8047904601255138e-06,1.6282128613609796e-08,0.0,0.0,0.0,0.0
1.600000023841858,62,400.0,-1.0000000000000001e-05,7.9999999999999996e-06,-5.0983815668031125e-09,500.46193928238029,-69.715342379031554,0.0,142.86332552649137
1.600000023841858,63,400.0,-1.0000000000000001e-05,7.9999999999999996e-06,1.5242137345380565e-09,840.41766531205201,-98.82803721882533,0.0,238.0911249927266
1.600000023841858,64,352.3811426547974,-5.0724651997979988e-06,6.2552072887316967e-06,-3.8150516586827185e-09,0.0,0.0,0.0,0.0
1.600000023841858,65,376.18798488408163,-6.642558164944363e-06,7.222028808972913e-06,3.1256780716779897e-40,0.0,0.0,-3.072693245298646,0.0
1.600000023841858,66,400.0,-1.0000000000000001e-05,7.9999999999999996e-06,-1.0422150924144426e-39,-2201.8332560241452,257.94725477682448,-0.88460524090151027,0.0
1.600000023841858,67,376.19057132739874,-7.57275576027899e-06,7.0990306482220136e-06,-1.3781922437940534e-36,0.0,0.0,0.76218563127055527,0.0
1.600000023841858,68,352.3785562114804,-4.87879253239018e-06,6.0433899728203811e-06,-2.5208236521142549e-37,0.0,0.0,0.87966269367365735,0.0
1.600000023841858,69,352.3759697681632,-3.7408294199131188e-06,5.8034270787508663e-06,5.8087161596314873e-09,0.0,0.0,0.0,0.0
1.600000023841858,70,400.0,-1.0000000000000001e-05,7.9999999999999996e-06,-1.4486933397574895e-10,-2412.6983646188041,236.32350896055877,0.0,0.0
1.600000023841858,71,400.0,-1.0000000000000001e-05,7.9999999999999996e-06,-1.5412191290831546e-12,-3254.8238416984295,392.28772158399244,0.0,0.0
1.600000023841858,72,352.38114265479743,-5.0637071449470751e-06,6.255778626876511e-06,-1.3590476165410364e-09,0.0,0.0,0.0,0.0
1.600000023841858,73,376.1879848840815,-6.6380604524330661e-06,7.2226521372948918e-06,-2.3984782315700462e-09,0.0,0.0,0.0,0.0
1.600000023841858,74,400.0,-1.0000000000000001e-05,7.9999999999999996e-06,-2.8206474086131304e-09,-2202.126208887064,258.25780042763125,0.0,0.0
1.600000023841858,75,376.1905713273987,-7.5736924284761486e-06,7.0994937152558333e-06,1.0379043515314269e-09,0.0,0.0,0.0,0.0
1.600000023841858,76,352.37855621148026,-4.8757284219251881e-06,6.0444347453110011e-06,6.5256188430378682e-09,0.0,0.0,0.0,0.0
1.600000023841858,77,400.0,-1.0000000000000001e-05,7.9999999999999996e-06,3.188738146486002e-40,310.71675794455666,-28.18910595752801,-0.71503384658462898,95.2356783900115
1.600000023841858,78,352.388124256147,-6.3606841305726389e-06,5.6993207749101928e-06,-8.0438886488170964e-40,0.0,0.0,-1.3604408199902454,0.0
1.600000023841858,79,400.0,-1.0000000000000001e-05,7.9999999999999996e-06,2.6048058075254433e-09,310.68810448520804,-28.225746499644913,0.0,95.23567839001157
1.600000023841858,80,352.388124256147,-6.364219564889046e-06,5.7006956399502256e-06,-1.1344548242270253e-08,0.0,0.0,0.0,0.0
1.600000023841858,81,400.0,-1.0000000000000001e-05,7.9999999999999996e-06,-7.6612629078879148e-40,-1107.5504549820296,136.77879001373051,0.94761005479885752,0.0
1.600000023841858,82,376.1940621280735,-8.4105837979477138e-06,7.2586004712877099e-06,4.9460673092104801e-40,0.0,0.0,1.4238615360781297,0.0
1.600000023841858,83,352.3846334554722,-5.3697470788690646e-06,5.9677474744548903e-06,1.7337357882920438e-37,0.0,0.0,-0.16278955773148374,0.0
1.600000023841858,84,400.0,-1.0000000000000001e-05,7.9999999999999996e-06,1.2186347946595984e-10,-966.864838244162,159.47781619398995,0.0,0.0
1.600000023841858,85,352.388124256147,-6.3482587989227929e-06,5.6952033111961228e-06,-4.1456355236951114e-09,0.0,0.0,0.0,0.0
1.600000023841858,86,400.0,-1.0000000000000001e-05,7.9999999999999996e-06,2.8379869756489144e-09,-1107.3342026159012,136.75141890383384,0.0,0.0
1.600000023841858,87,376.1940621280735,-8.4135943108864946e-06,7.2599914586790342e-06,-1.064958629537767e-10,0.0,0.0,0.0,0.0
1.600000023841858,88,352.3846334554722,-5.3728033324642023e-06,5.9686065667963687e-06,-6.8553240592596069e-09,0.0,0.0,0.0,0.0
1.699999988079071,1,300.0,1.5799930425007926e-39,-3.1305281963527728e-39,-1.3017312047176171e-41,-171.25733841315747,3.3874751965034333,-0.18790152023179924,-59.42547687454941
1.699999988079071,2,347.65376046193603,-3.4797567108507675e-06,2.5749093463653845e-06,-3.327324227709144e-10,0.0,0.0,0.0,0.0
1.699999988079071,3,347.58573308455806,-4.7081709211206039e-06,2.1760973975638948e-06,-2.3606097244312265e-08,0.0,0.0,0.0,0.0
1.699999988079071,4,300.0,1.3732580104216109e-34,-3.0281470290566473e-35,-3.0120661899032961e-37,-341.14382315204125,53.788210568974968,0.51812069626066004,-119.14964631114108
1.699999988079071,5,300.0,1.6215798539726778e-39,-3.2096186088961838e-39,1.4304760677285324e-40,-171.26780988929951,3.3937966843639211,0.24844937165615311,-59.42547687454937
1.699999988079071,6,347.65376046193603,-3.4742793724408943e-06,2.5748313116376562e-06,-3.1526111070477731e-10,0.0,0.0,0.0,0.0
1.699999988079071,7,347.5857330845581,-4.7045869619216246e-06,2.1765579389194997e-06,2.3225321119852413e-08,0.0,0.0,0.0,0.0
1.699999988079071,8,300.0,1.3734734537054971e-34,-3.0289898970978902e-35,2.7458367408452369e-37,-341.16446497880298,53.784152844310299,-0.42974123516215601,-119.14964631114105
1.699999988079071,9,323.826880230968,-1.4435537722832449e-06,8.1049650792316982e-07,6.5436040946028633e-09,0.0,0.0,0.0,0.0
1.699999988079071,10,347.619746773247,-4.3165366254803476e-06,2.3917714262506896e-06,-1.7999806939723644e-08,0.0,0.0,0.0,0.0
1.699999988079071,11,323.79286654227906,-2.2897373563387402e-06,9.2734776277381736e-07,5.1344864023177843e-09,0.0,0.0,0.0,0.0
1.699999988079071,12,300.0,-2.5044981750248561e-39,3.4615382965173449e-39,-1.5229313961333115e-40,604.92335405525318,-58.340570202673149,-0.033676823136043831,0.0
1.699999988079071,13,300.0,3.6470575965423583e-39,-2.496875204955974e-39,-2.7025898910506666e-41,530.73090172554168,-101.05069237724368,-0.08773570881073392,0.0
1.699999988079071,14,347.65376046193603,-3.4701074990197005e-06,2.595565809722219e-06,-3.3815926840904579e-10,0.0,0.0,0.0,0.0
1.699999988079071,15,347.5857330845581,-4.6685622984903972e-06,2.1697380442099232e-06,-1.9639439492794196e-10,0.0,0.0,0.0,0.0
1.699999988079071,16,300.0,-5.38022810366734e-34,1.5361039162473559e-34,2.1724160599211187e-39,1420.5116489275088,-196.85822079533185,-0.13645197137173068,0.0
1.699999988079071,17,323.826880230968,-1.4422769006330667e-06,8.1043905310197409e-07,-5.6183971549337406e-09,0.0,0.0,0.0,0.0
1.699999988079071,18,347.6197467732471,-4.3118096593958256e-06,2.3919184296326216e-06,1.7516980404139802e-08,0.0,0.0,0.0,0.0
1.699999988079071,19,323.79286654227906,-2.2888023217232999e-06,9.2727068107726576e-07,-4.3948559423355382e-09,0.0,0.0,0.0,0.0
1.699999988079071,20,300.0,-2.5173765961541064e-39,3.3680618656902837e-39,-1.3199683064865978e-40,604.89819441943689,-58.357111108146405,-0.1675254027366451,0.0
1.699999988079071,21,347.60665623505815,-5.026800889703671e-06,1.9092700921903313e-06,-6.4075845554202334e-09,0.0,0.0,0.0,0.0
1.699999988079071,22,300.0,1.5052581650290627e-34,-4.662384508387331e-35,-3.1156838517761146e-37,-410.55279693959181,91.121420520355969,0.20591647706180927,-119.06898852879183
1.699999988079071,23,347.60665623505815,-5.0264475729730944e-06,1.9106513393385167e-06,6.5850811493564619e-09,0.0,0.0,0.0,0.0
1.699999988079071,24,300.0,1.5050507439614229e-34,-4.6597937268416386e-35,3.2421795631426006e-37,-410.55453639368795,91.073388427532109,-0.19291908384827894,-119.06898852879186
1.699999988079071,25,347.59619465980813,-4.9610487735207103e-06,2.0295556183861727e-06,-1.5017934425506185e-08,0.0,0.0,0.0,0.0
1.699999988079071,26,323.8033281175291,-2.5011624369005845e-06,9.8086372250255408e-07,2.4514194285154151e-09,0.0,0.0,0.0,0.0
1.699999988079071,27,300.0,-3.1109617863166512e-40,-4.9716073423638124e-39,9.6769859397059869e-42,778.48305653448199,-147.0552458845834,-0.3076298447266001,0.0
1.699999988079071,28,347.60665623505815,-5.0133219996659091e-06,1.9043526450430221e-06,9.283165017341088e-11,0.0,0.0,0.0,0.0
1.699999988079071,29,300.0,-5.6279975869563261e-34,1.2272425832421162e-34,-8.3203554360661576e-38,1667.6662585270428,-241.79994273154676,-0.034026549976826859,0.0
1.699999988079071,30,347.59619465980813,-4.9588225491221398e-06,2.0304579504183415e-06,1.4952731477597223e-08,0.0,0.0,0.0,0.0
1.699999988079071,31,323.8033281175291,-2.5010770186347118e-06,9.8080005088242999e-07,-2.2650428815542818e-09,0.0,0.0,0.0,0.0
1.699999988079071,32,300.0,-3.1785608238289952e-40,-5.0231649936558846e-39,9.3353025793731591e-41,778.51005775776559,-147.09383421540539,0.20319995019898229,0.0
1.699999988079071,33,347.6527063973086,-5.2005670998849792e-06,2.1190384276859469e-06,2.3063613140962409e-08,0.0,0.0,0.0,0.0
1.699999988079071,34,300.0,2.1031095980179562e-34,-2.1167718138813445e-35,1.7349646189286216e-37,-485.21707901369518,58.514083586619641,-0.63214689769537014,-118.94300489335248
1.699999988079071,35,347.6527063973086,-5.2035042339638191e-06,2.1204443876101609e-06,-2.2676475155907753e-08,0.0,0.0,0.0,0.0
1.699999988079071,36,300.0,2.1030915182129704e-34,-2.1160919767632581e-35,-1.2096302995419479e-37,-485.18880648185211,58.495436863822093,0.55583828171456484,-118.9430048933524
1.699999988079071,37,347.62968131618334,-5.0530751114997257e-06,1.9985686202522582e-06,8.4396872789486366e-09,0.0,0.0,0.0,0.0
1.699999988079071,38,323.82635319865426,-2.6822012358387132e-06,9.3200715342909243e-07,-4.9289814581053705e-09,0.0,0.0,0.0,0.0
1.699999988079071,39,300.0,-2.5571003539947482e-40,4.1846425346611285e-41,2.3034896329177137e-40,873.41324401825796,-152.68161025198768,0.16628564138858315,0.0
1.699999988079071,40,347.6527063973086,-5.2412845327248251e-06,2.1170819958519284e-06,1.9686482171376533e-10,0.0,0.0,0.0,0.0
1.699999988079071,41,300.0,-7.6536942269006429e-34,3.4715832171643448e-35,-1.0730409884771759e-37,1894.116316260508,-192.20578282666145,0.082227184478521342,0.0
1.699999988079071,42,347.62968131618334,-5.0546733061595382e-06,1.9999969857860138e-06,-8.1117458951635694e-09,0.0,0.0,0.0,0.0
1.699999988079071,43,323.82635319865426,-2.6828263358292341e-06,9.3226126839986727e-07,4.4067105776977984e-09,0.0,0.0,0.0,0.0
1.699999988079071,44,300.0,-3.2477838145975727e-40,7.7480260276385588e-41,-1.2473967923197567e-40,873.38978598412996,-152.72081199340784,-0.12490439644475902,0.0
1.699999988079071,45,347.60815123159784,-6.434990452348609e-06,2.559884886376578e-06,1.4056100720824398e-09,0.0,0.0,0.0,0.0
1.699999988079071,46,300.0,9.7877392756523817e-40,4.7812392659751905e-40,4.2468793072728409e-41,-243.67200442303178,2.1891906229998987,0.10780998323309822,-59.60301230139466
1.699999988079071,47,347.6081512315979,-6.4388660352845641e-06,2.5613055398988801e-06,-1.7622272713143648e-09,0.0,0.0,0.0,0.0
1.699999988079071,48,300.0,9.9491451715358637e-40,5.258582772031403e-40,5.2756582716776316e-41,-243.6707349669272,2.1916129600701897,-0.16369427621240329,-59.60301230139464
1.699999988079071,49,347.63042881445324,-5.5833903009098215e-06,2.3536686256357546e-06,1.8769855761050698e-08,0.0,0.0,0.0,0.0
1.699999988079071,50,323.8040756157989,-3.5027297917604981e-06,7.9612619522531758e-07,-8.8603053425744064e-09,0.0,0.0,0.0,0.0
1.699999988079071,51,300.0,-1.9100397129010267e-39,2.4578467557969414e-39,-2.1561969371942201e-40,1052.3516522601838,-59.694021738601379,0.13374948091360672,0.0
1.699999988079071,52,347.60815123159784,-6.4494174827809959e-06,2.5833768044366123e-06,-1.7184385756290509e-10,0.0,0.0,0.0,0.0
1.699999988079071,53,300.0,1.8058960658387457e-39,4.8550412839542096e-39,-1.2286551907516538e-41,1122.3305140716609,-108.55354873942613,0.080026563601793471,0.0
1.699999988079071,54,347.63042881445324,-5.5867567506501694e-06,2.3551091880736525e-06,-1.8713427367219472e-08,0.0,0.0,0.0,0.0
1.699999988079071,55,323.804075615799,-3.5038500898228329e-06,7.9651870116930377e-07,7.7721978635991117e-09,0.0,0.0,0.0,0.0
1.699999988079071,56,300.0,-1.9050435725676516e-39,2.5364504947159427e-39,1.64660820398227e-41,1052.3583664080036,-59.724382360072731,0.05444004347067577,0.0
1.699999988079071,57,352.3759697681632,-3.6337068828983007e-06,6.1655985763158067e-06,-1.2538778979274952e-39,0.0,0.0,2.3348814371625464,0.0
1.699999988079071,58,400.0,-1.0000000000000003e-05,8.5000000000000016e-06,4.8287614304457367e-40,500.62882937060658,-74.062132220317238,0.96768524004829815,142.8633255264913
1.699999988079071,59,400.0,-1.0000000000000003e-05,8.5000000000000016e-06,6.9201036400096135e-37,841.18356872640891,-105.19018264171146,-0.070532270089224691,238.09112499272624
1.699999988079071,60,352.38114265479743,-5.0740135232057139e-06,6.6457392124800162e-06,1.1105675013009136e-36,0.0,0.0,-0.81892708613664777,0.0
1.699999988079071,61,352.37596976816315,-3.628071249288296e-06,6.1673681127055107e-06,1.7060655312611934e-08,0.0,0.0,0.0,0.0
1.699999988079071,62,400.0,-1.0000000000000003e-05,8.5000000000000016e-06,-5.3958287701784093e-09,500.62965765669037,-74.052529125318941,0.0,142.8633255264915
1.699999988079071,63,400.0,-1.0000000000000003e-05,8.5000000000000016e-06,1.6200354900686993e-09,841.11325812457881,-105.01410742002972,0.0,238.0911249927267
1.699999988079071,64,352.38114265479743,-5.0754644735002476e-06,6.6461157419376096e-06,-3.9670072892473129e-09,0.0,0.0,0.0,0.0
1.699999988079071,65,376.18798488408163,-6.5881533129630594e-06,7.6733752897080532e-06,3.1083405495783739e-40,0.0,0.0,-3.2480026122565318,0.0
1.699999988079071,66,400.0,-1.0000000000000003e-05,8.5000000000000016e-06,-1.0396318254587941e-39,-2215.0817628354139,274.01156531475283,-0.92796688649865078,0.0
1.699999988079071,67,376.19057132739874,-7.5765542435282408e-06,7.5426891980186421e-06,-1.4690583934892397e-36,0.0,0.0,0.8122049429538607,0.0
1.699999988079071,68,352.3785562114803,-4.8697093553492896e-06,6.4208003915505145e-06,-2.6535534632652539e-37,0.0,0.0,0.94892569905688162,0.0
1.699999988079071,69,352.37596976816315,-3.6603227231907347e-06,6.1661281637510471e-06,6.0854524615373637e-09,0.0,0.0,0.0,0.0
1.699999988079071,70,400.0,-1.0000000000000003e-05,8.5000000000000016e-06,-1.6709156760981093e-10,-2439.1190901471996,251.13419325540809,0.0,0.0
1.699999988079071,71,400.0,-1.0000000000000003e-05,8.5000000000000016e-06,1.5990895226182852e-11,-3250.9265169901555,416.82518422697024,0.0,0.0
1.699999988079071,72,352.38114265479743,-5.066315988475975e-06,6.6466762900348956e-06,-1.4278676654029821e-09,0.0,0.0,0.0,0.0
1.699999988079071,73,376.1879848840815,-6.5834163607432913e-06,7.6739764150245625e-06,-2.5903224635923437e-09,0.0,0.0,0.0,0.0
1.699999988079071,74,400.0,-1.0000000000000003e-05,8.5000000000000016e-06,-2.9754421108030682e-09,-2215.3874454760562,274.34386569809078,0.0,0.0
1.699999988079071,75,376.19057132739874,-7.5775441480830147e-06,7.5431927010888958e-06,1.1099431136493362e-09,0.0,0.0,0.0,0.0
1.699999988079071,76,352.37855621148026,-4.8664654621213851e-06,6.4218953053646177e-06,6.9291371239989434e-09,0.0,0.0,0.0,0.0
1.699999988079071,77,400.0,-1.0000000000000003e-05,8.5000000000000016e-06,3.2017035821603875e-40,309.37526298639256,-29.989103196681459,-0.76416131292444989,95.23567839001161
1.699999988079071,78,352.3881242561471,-6.4443609820308013e-06,6.0555525466024773e-06,-1.5864697892230212e-39,0.0,0.0,-1.4640913184957098,0.0
1.699999988079071,79,400.0,-1.0000000000000003e-05,8.5000000000000016e-06,2.7724685790730564e-09,309.34186927315761,-30.028029440060521,0.0,95.23567839001151
1.699999988079071,80,352.388124256147,-6.4481580906218117e-06,6.0570375163499965e-06,-1.2233862026269117e-08,0.0,0.0,0.0,0.0
1.699999988079071,81,400.0,-1.0000000000000003e-05,8.5000000000000016e-06,-7.6899579289992525e-40,-1093.806090021566,145.4161371861083,1.0150302065814936,0.0
1.699999988079071,82,376.1940621280735,-8.4668105752615256e-06,7.7122779207379404e-06,4.958163477563443e-40,0.0,0.0,1.5171849625874447,0.0
1.699999988079071,83,352.3846334554722,-5.3912381222058842e-06,6.3408740288366262e-06,1.833394872661084e-37,0.0,0.0,-0.159940965807085,0.0
1.699999988079071,84,400.0,-1.0000000000000003e-05,8.5000000000000016e-06,1.1053143259295074e-10,-944.37225600135298,169.41755693282457,0.0,0.0
1.699999988079071,85,352.3881242561471,-6.4309761249885706e-06,6.0510397436143742e-06,-4.4610403280932802e-09,0.0,0.0,0.0,0.0
1.699999988079071,86,400.0,-1.0000000000000003e-05,8.5000000000000016e-06,3.0202949223462582e-09,-1093.5732409637785,145.38458837949972,0.0,0.0
1.699999988079071,87,376.1940621280735,-8.4700295664995242e-06,7.7138029477061921e-06,-1.5048227561184873e-10,0.0,0.0,0.0,0.0
1.699999988079071,88,352.3846334554722,-5.3944924501815481e-06,6.3418032365531018e-06,-7.296143297885507e-09,0.0,0.0,0.0,0.0
1.800000011920929,1,300.0,1.5857065400433572e-39,-3.1292550821688935e-39,-1.1891287365196354e-41,-169.33387459095408,3.5942894152035225,-0.18320718976442837,-59.4254768745494
1.800000011920929,2,347.65376046193603,-3.3926594936395006e-06,2.7263985883276487e-06,-1.4046205770101579e-09,0.0,0.0,0.0,0.0
1.800000011920929,3,347.58573308455806,-4.6928097330848132e-06,2.304199529574707e-06,-2.4546357063692505e-08,0.0,0.0,0.0,0.0
1.800000011920929,4,300.0,1.3339888152932818e-34,-3.213614638442572e-35,-3.1488167238773863e-37,-337.14676116975431,56.948072914068419,0.53146941453919383,-119.14964631114108
1.800000011920929,5,300.0,1.6270401642784951e-39,-3.2080182234410456e-39,1.4154677158848268e-40,-169.34534074300009,3.6017512619944112,0.24563600900844329,-59.4254768745493
1.800000011920929,6,347.6537604619361,-3.3869289774698938e-06,2.7262371788434227e-06,6.9417407462293091e-10,0.0,0.0,0.0,0.0
1.800000011920929,7,347.58573308455806,-4.6890324877077826e-06,2.30463833512473e-06,2.4149029958840779e-08,0.0,0.0,0.0,0.0
1.800000011920929,8,300.0,1.3342142160482739e-34,-3.214592319229912e-35,2.8682029029994832e-37,-337.16851294638138,56.944472187837924,-0.4390772914287201,-119.14964631114114
1.800000011920929,9,323.826880230968,-1.3828772810157031e-06,8.5847704067421404e-07,6.8726083248277117e-09,0.0,0.0,0.0,0.0
1.800000011920929,10,347.619746773247,-4.2776404150198876e-06,2.5325212917654299e-06,-1.9125779651909896e-08,0.0,0.0,0.0,0.0
1.800000011920929,11,323.79286654227906,-2.2780314858689387e-06,9.8183974754610114e-07,5.3541574316003533e-09,0.0,0.0,0.0,0.0
1.800000011920929,12,300.0,-2.5190304816158138e-39,3.4525601734602742e-39,-1.5351417150724402e-40,592.0501815995359,-61.737733160114274,-0.038804617393057017,0.0
1.800000011920929,13,300.0,3.6428673149771521e-39,-2.5286044948303648e-39,-2.7136028776623856e-41,513.20550128846708,-107.05798233967383,-0.092242809818289209,0.0
1.800000011920929,14,347.65376046193603,-3.3811372264956823e-06,2.7473197126383828e-06,-3.7003949773239927e-10,0.0,0.0,0.0,0.0
1.800000011920929,15,347.58573308455806,-4.651716230944538e-06,2.2974231943916268e-06,-2.0506370087751177e-10,0.0,0.0,0.0,0.0
1.800000011920929,16,300.0,-5.2083240614014424e-34,1.6277307543658794e-34,3.2244267112175392e-39,1406.4601220805566,-208.53587237068351,-0.14331006289634859,0.0
1.800000011920929,17,323.8268802309681,-1.3815467716391895e-06,8.5840539126290715e-07,-5.917710095434192e-09,0.0,0.0,0.0,0.0
1.800000011920929,18,347.6197467732471,-4.2726700307837525e-06,2.5326101903103838e-06,1.8608457000038057e-08,0.0,0.0,0.0,0.0
1.800000011920929,19,323.79286654227906,-2.2770451441268549e-06,9.8174878723378226e-07,-4.5736073195039923e-09,0.0,0.0,0.0,0.0
1.800000011920929,20,300.0,-2.5319594810547765e-39,3.3592244820182687e-39,-1.300997847795652e-40,592.02390402754679,-61.754213181624614,-0.17028857724010144,0.0
1.800000011920929,21,347.6066562350581,-5.0298860228767801e-06,2.021927678674023e-06,-6.4341359958050108e-09,0.0,0.0,0.0,0.0
1.800000011920929,22,300.0,1.4710578820293624e-34,-4.9371887976785806e-35,-3.2411118962253256e-37,-410.47621100740633,96.490727660903744,0.20986922749731748,-119.06898852879188
1.800000011920929,23,347.60665623505815,-5.0294986385451667e-06,2.0233812493012003e-06,6.6325445425457512e-09,0.0,0.0,0.0,0.0
1.800000011920929,24,300.0,1.470842548024443e-34,-4.9344950546660177e-35,3.3721509127085282e-37,-410.4781773582601,96.440246235047439,-0.19553810966786189,-119.06898852879176
1.800000011920929,25,347.5961946598081,-4.9594393239891565e-06,2.1492142083360938e-06,-1.5506524910143514e-08,0.0,0.0,0.0,0.0
1.800000011920929,26,323.8033281175291,-2.5020021738846676e-06,1.0384736211355221e-06,2.5308904521864115e-09,0.0,0.0,0.0,0.0
1.800000011920929,27,300.0,-3.0527630524167771e-40,-4.9900879778873702e-39,1.2376167637275588e-41,775.92853058734397,-155.69504180439762,-0.31704747417050477,0.0
1.800000011920929,28,347.60665623505815,-5.016116493231731e-06,2.0166867067260948e-06,1.0345090609199063e-10,0.0,0.0,0.0,0.0
1.800000011920929,29,300.0,-5.4711474858999183e-34,1.2998473678808231e-34,-8.7711609796997484e-38,1668.1134567618669,-256.00834808482512,-0.036140719663102755,0.0
1.800000011920929,30,347.59619465980813,-4.9570847634615765e-06,2.1501391958089096e-06,1.5448508565124478e-08,0.0,0.0,0.0,0.0
1.800000011920929,31,323.8033281175291,-2.5019104051420873e-06,1.0384062951320541e-06,-2.3242464687061397e-09,0.0,0.0,0.0,0.0
1.800000011920929,32,300.0,-3.1188724126682193e-40,-5.0418947379530178e-39,9.0927138677532312e-41,775.95706693445311,-155.73525152058056,0.20608418360275549,0.0
1.800000011920929,33,347.6527063973086,-5.213689581674915e-06,2.2429516658489767e-06,2.4273318794863199e-08,0.0,0.0,0.0,0.0
1.800000011920929,34,300.0,2.1043149609576642e-34,-2.2375796159777525e-35,1.8391985875126775e-37,-489.30106581598528,61.988087383209603,-0.66216512251668691,-118.94300489335234
1.800000011920929,35,347.6527063973086,-5.2168002628312807e-06,2.2444831435597806e-06,-2.3857951307485498e-08,0.0,0.0,0.0,0.0
1.800000011920929,36,300.0,2.1042944409141857e-34,-2.2368556014410876e-35,-1.2758508107631606e-37,-489.27146077848687,61.96726227865652,0.58083270689571043,-118.94300489335234
1.800000011920929,37,347.62968131618334,-5.0577386785744474e-06,2.1159146140956802e-06,9.0710526935817957e-09,0.0,0.0,0.0,0.0
1.800000011920929,38,323.82635319865426,-2.6937306615288309e-06,9.8671327500310204e-07,-5.1683061260099494e-09,0.0,0.0,0.0,0.0
1.800000011920929,39,300.0,-2.6197284711325865e-40,8.4809541379629289e-41,2.2800331106569948e-40,875.99300480422608,-161.71751445087827,0.17216143065659834,0.0
1.800000011920929,40,347.6527063973086,-5.2564945692838523e-06,2.2411597109033784e-06,2.1107194859071986e-10,0.0,0.0,0.0,0.0
1.800000011920929,41,300.0,-7.6163084402907275e-34,3.6648208146484284e-35,-1.1509402274865334e-37,1908.0313682708675,-203.37921823667372,0.087434781280313012,0.0
1.800000011920929,42,347.62968131618334,-5.0594173209620553e-06,2.1174455286828193e-06,-8.7128657496708361e-09,0.0,0.0,0.0,0.0
1.800000011920929,43,323.82635319865426,-2.6943929549114346e-06,9.8698818938019208e-07,4.6171843711453604e-09,0.0,0.0,0.0,0.0
1.800000011920929,44,300.0,-3.3126730589391814e-40,1.2126863259094534e-40,-1.2267069582888407e-40,875.96925823417223,-161.75929695404648,-0.1291065592634702,0.0
1.800000011920929,45,347.60815123159784,-6.5208637560678515e-06,2.7101933511433133e-06,1.2520356980289051e-09,0.0,0.0,0.0,0.0
1.800000011920929,46,300.0,9.8083239873679691e-40,4.9486558568599539e-40,4.1805762958739822e-41,-245.74797044168088,2.3002732616214256,0.11466325480532449,-59.60301230139466
1.800000011920929,47,347.6081512315979,-6.5250095400313636e-06,2.7117590548617425e-06,-1.6503387623686472e-09,0.0,0.0,0.0,0.0
1.800000011920929,48,300.0,9.9716130945185418e-40,5.4312526949824998e-40,5.3706211563833582e-41,-245.74672023486477,2.3023854288399925,-0.17493488234397531,-59.60301230139464
1.800000011920929,49,347.63042881445324,-5.6194371538181122e-06,2.4915905016944206e-06,1.964949001067378e-08,0.0,0.0,0.0,0.0
1.800000011920929,50,323.8040756157989,-3.562299066567673e-06,8.428372443300448e-07,-9.3731418083586066e-09,0.0,0.0,0.0,0.0
1.800000011920929,51,300.0,-1.907298207344399e-39,2.4265762568591189e-39,-2.1463383705061106e-40,1065.3277313106598,-63.209038595577127,0.14238266367418118,0.0
1.800000011920929,52,347.60815123159784,-6.535896876512159e-06,2.7350897102186527e-06,-1.92120164507498e-10,0.0,0.0,0.0,0.0
1.800000011920929,53,300.0,1.8201451505306796e-39,4.8483185378413167e-39,-1.2148236134199518e-41,1139.606216645717,-114.99537495170043,0.084861512770748188,0.0
1.800000011920929,54,347.63042881445324,-5.6230179135980555e-06,2.493170773459691e-06,-1.9594925402314432e-08,0.0,0.0,0.0,0.0
1.800000011920929,55,323.804075615799,-3.5634988401768519e-06,8.4326227736685494e-07,8.204406351384548e-09,0.0,0.0,0.0,0.0
1.800000011920929,56,300.0,-1.9024410269810384e-39,2.5049159371103169e-39,1.5052029425993217e-41,1065.334833370126,-63.242058293243339,0.059144117456852316,0.0
1.800000011920929,57,352.37596976816326,-3.5518367570618438e-06,6.528101454681636e-06,-2.6065867529107237e-39,0.0,0.0,2.4437661766795853,0.0
1.800000011920929,58,400.0,-1.0000000000000003e-05,9.0000000000000019e-06,4.8187341109774612e-40,500.79750988613915,-78.397879196261087,1.0159117751482458,142.86332552649128
1.800000011920929,59,400.0,-1.0000000000000003e-05,9.0000000000000019e-06,7.3760816653774796e-37,841.88232147553413,-111.3862494184132,-0.087554982452967445,238.09112499272635
1.800000011920929,60,352.3811426547975,-5.0769597803315101e-06,7.0366159719146949e-06,1.1752130258354055e-36,0.0,0.0,-0.86954357330168164,0.0
1.800000011920929,61,352.37596976816315,-3.5459346042158888e-06,6.529942707318265e-06,1.7824945438853764e-08,0.0,0.0,0.0,0.0
1.800000011920929,62,400.0,-1.0000000000000003e-05,9.0000000000000019e-06,-5.6952923506271671e-09,500.79580433481294,-78.386786810224564,0.0,142.86332552649137
1.800000011920929,63,400.0,-1.0000000000000003e-05,9.0000000000000019e-06,1.7168206027559359e-09,841.80895624264144,-111.20084898671476,0.0,238.09112499272658
1.800000011920929,64,352.38114265479743,-5.0784776158257813e-06,7.0370200265979715e-06,-4.1143626510709254e-09,0.0,0.0,0.0,0.0
1.800000011920929,65,376.18798488408163,-6.5337474182623283e-06,8.1247196125352595e-06,3.0909640308580204e-40,0.0,0.0,-3.423621075617485,0.0
1.800000011920929,66,400.0,-1.0000000000000003e-05,9.0000000000000019e-06,-1.0370151071584314e-39,-2228.3289241743473,290.06820445022043,-0.97029151698860283,0.0
1.800000011920929,67,376.19057132739874,-7.5803606906748148e-06,7.9863513529145949e-06,-1.5608719969443974e-36,0.0,0.0,0.86310816888950237,0.0
1.800000011920929,68,352.3785562114804,-4.8606211476510399e-06,6.7981861902746086e-06,-2.786426164788401e-37,0.0,0.0,1.0205095477732187,0.0
1.800000011920929,69,352.3759697681632,-3.5798137757611155e-06,6.5288495304187705e-06,6.3566779115315456e-09,0.0,0.0,0.0,0.0
1.800000011920929,70,400.0,-1.0000000000000003e-05,9.0000000000000019e-06,-1.9083823907919392e-10,-2465.5421704767941,265.94872929232793,0.0,0.0
1.800000011920929,71,400.0,-1.0000000000000003e-05,9.0000000000000019e-06,3.4553620170237488e-11,-3247.0256167470316,441.3644552011574,0.0,0.0
1.800000011920929,72,352.3811426547975,-5.0689423661848908e-06,7.0375641515035004e-06,-1.4961931379366092e-09,0.0,0.0,0.0,0.0
1.800000011920929,73,376.1879848840815,-6.5287725295009106e-06,8.125291814962332e-06,-2.7893250220488561e-09,0.0,0.0,0.0,0.0
1.800000011920929,74,400.0,-1.0000000000000003e-05,9.0000000000000019e-06,-3.1295719814164539e-09,-2228.6470061414302,290.42281117719051,0.0,0.0
1.800000011920929,75,376.19057132739874,-7.581403370885861e-06,7.9868966545043764e-06,1.1838450573532674e-09,0.0,0.0,0.0,0.0
1.800000011920929,76,352.37855621148026,-4.8571969449052476e-06,6.7993300474544329e-06,7.3362352771892737e-09,0.0,0.0,0.0,0.0
1.800000011920929,77,400.0,-1.0000000000000003e-05,9.0000000000000019e-06,3.2147508135341702e-40,308.03355735626906,-31.793779997003945,-0.81361025434564549,95.23567839001142
1.800000011920929,78,352.38812425614697,-6.5280222417009974e-06,6.4118176437642413e-06,-2.3825507884445803e-39,0.0,0.0,-1.5690170273771717,0.0
1.800000011920929,79,400.0,-1.0000000000000003e-05,9.0000000000000019e-06,2.9384532388743175e-09,307.99518754167553,-31.835020032492341,0.0,95.23567839001157
1.800000011920929,80,352.3881242561471,-6.5320835623830799e-06,6.4134143800772726e-06,-1.3135283880474633e-08,0.0,0.0,0.0,0.0
1.800000011920929,81,400.0,-1.0000000000000003e-05,9.0000000000000019e-06,-7.7188053388048914e-40,-1080.0618492027343,154.06392201962154,1.0832222388980621,0.0
1.800000011920929,82,376.1940621280735,-8.5230297603137045e-06,8.1659558973148369e-06,4.9702471894325045e-40,0.0,0.0,1.6100113643778264,0.0
1.800000011920929,83,352.3846334554722,-5.4127317223992206e-06,6.7140328136256286e-06,1.9326668047257965e-37,0.0,0.0,-0.15556672790178153,0.0
1.800000011920929,84,400.0,-1.0000000000000003e-05,9.0000000000000019e-06,9.7719530420649956e-11,-921.8807402634676,179.35409297768211,0.0,0.0
1.800000011920929,85,352.388124256147,-6.5136753880233816e-06,6.4068939174079288e-06,-4.780346089055498e-09,0.0,0.0,0.0,0.0
1.800000011920929,86,400.0,-1.0000000000000003e-05,9.0000000000000019e-06,3.2024183088159798e-09,-1079.8121106600336,154.0277252395457,0.0,0.0
1.800000011920929,87,376.19406212807354,-8.5264583323367096e-06,8.1676199173544711e-06,-2.0030318424383826e-10,0.0,0.0,0.0,0.0
1.800000011920929,88,352.3846334554722,-5.4161842026297021e-06,6.7150333013321831e-06,-7.7371130839026167e-09,0.0,0.0,0.0,0.0
1.899999976158142,1,300.0,1.591415561741472e-39,-3.127957644688925e-39,-1.0763428108630818e-41,-167.41200218431243,3.8042315915483087,-0.17850209586895219,-59.42547687454941
1.899999976158142,2,347.65376046193603,-3.3055664431681425e-06,2.877890708860448e-06,-2.5050619345141158e-09,0.0,0.0,0.0,0.0
1.899999976158142,3,347.58573308455806,-4.6774426765277436e-06,2.4323290352552699e-06,-2.5483845234345762e-08,0.0,0.0,0.0,0.0
1.899999976158142,4,300.0,1.2947095152612071e-34,-3.3990536955219091e-35,-3.2855325142255399e-37,-333.15107447360873,60.107061284391818,0.54474628530082692,-119.14964631114114
1.899999976158142,5,300.0,1.6324953795087279e-39,-3.206391826611913e-39,1.4004214348422103e-40,-167.4245040920801,3.812912231451516,0.2426826042172455,-59.42547687454937
1.899999976158142,6,347.65376046193603,-3.2995862034291985e-06,2.8776381024887475e-06,1.7292024893403412e-09,0.0,0.0,0.0,0.0
1.899999976158142,7,347.5857330845581,-4.673472025659293e-06,2.4327415013922289e-06,2.507031183686421e-08,0.0,0.0,0.0,0.0
1.899999976158142,8,300.0,1.2949447428500361e-34,-3.4001735704652842e-35,2.990558190079915e-37,-333.17394090009941,60.103969048504581,-0.44841125662056946,-119.14964631114117
1.899999976158142,9,323.826880230968,-1.3222017835462092e-06,9.0648828873818254e-07,7.1848241969767828e-09,0.0,0.0,0.0,0.0
1.899999976158142,10,347.619746773247,-4.2387340480209958e-06,2.6732832092698171e-06,-2.0247589846902023e-08,0.0,0.0,0.0,0.0
1.899999976158142,11,323.79286654227906,-2.2663205096688778e-06,1.0363321164035915e-06,5.5760148335660739e-09,0.0,0.0,0.0,0.0
1.899999976158142,12,300.0,-2.5335364595104332e-39,3.4435799532306707e-39,-1.5473252843063418e-40,579.17954268027881,-65.138339697508599,-0.043777679121633661,0.0
1.899999976158142,13,300.0,3.6386742651512281e-39,-2.5603235455018847e-39,-2.7245271879490183e-41,495.67646217712735,-113.0627119785585,-0.096722665553965304,0.0
1.899999976158142,14,347.65376046193603,-3.2921753254110886e-06,2.8990129702008162e-06,-4.0338955236874527e-10,0.0,0.0,0.0,0.0
1.899999976158142,15,347.5857330845581,-4.6348627120919265e-06,2.4251352512201019e-06,-2.1356807470947791e-10,0.0,0.0,0.0,0.0
1.899999976158142,16,300.0,-5.0364228310567506e-34,1.7193575680108872e-34,4.365240070131264e-39,1392.4100115544829,-220.21957498953861,-0.1501331457863303,0.0
1.899999976158142,17,323.826880230968,-1.3208189935764325e-06,9.0640124832058513e-07,-6.2022242048565331e-09,0.0,0.0,0.0,0.0
1.899999976158142,18,347.6197467732471,-4.2335209328962298e-06,2.6733074845211933e-06,1.9694791421919692e-08,0.0,0.0,0.0,0.0
1.899999976158142,19,323.79286654227906,-2.2652827273846235e-06,1.0362262005977896e-06,-4.7544402364251105e-09,0.0,0.0,0.0,0.0
1.899999976158142,20,300.0,-2.5465159037384854e-39,3.3503863643412142e-39,-1.2820095516794373e-40,579.15216015156022,-65.154665641467147,-0.1729235507883829,0.0
1.899999976158142,21,347.60665623505815,-5.0329762871454821e-06,2.1346296285390926e-06,-6.4561783291468394e-09,0.0,0.0,0.0,0.0
1.899999976158142,22,300.0,1.436850723374861e-34,-5.2116089127667602e-35,-3.366270404151225e-37,-410.39972675755882,101.8560562043437,0.21377171981377791,-119.06898852879188
1.899999976158142,23,347.6066562350582,-5.0325535321163767e-06,2.1361548999142581e-06,6.6766745932379239e-09,0.0,0.0,0.0,0.0
1.899999976158142,24,300.0,1.4366276372812071e-34,-5.208816692922632e-35,3.5015894435596774e-37,-410.40191565326643,101.80315456043652,-0.19803851688455262,-119.06898852879186
1.899999976158142,25,347.59619465980813,-4.9578289400178315e-06,2.2689157689617581e-06,-1.5995151772011799e-08,0.0,0.0,0.0,0.0
1.899999976158142,26,323.8033281175291,-2.5028482444040085e-06,1.0960837025866988e-06,2.6122330261731377e-09,0.0,0.0,0.0,0.0
1.899999976158142,27,300.0,-2.9946471045699244e-40,-5.0085185027209584e-39,1.5071469007603152e-41,773.37430410491652,-164.32982920570916,-0.32648017508342247,0.0
1.899999976158142,28,347.60665623505815,-5.0189184077043493e-06,2.1290536941986432e-06,1.1465575985169389e-10,0.0,0.0,0.0,0.0
1.899999976158142,29,300.0,-5.3143169678609789e-34,1.3724830418719539e-34,-9.2175960136367091e-38,1668.5621091278069,-270.22347362930122,-0.038332229493415138,0.0
1.899999976158142,30,347.59619465980813,-4.9553453410363706e-06,2.2698606471934625e-06,1.5945379333231784e-08,0.0,0.0,0.0,0.0
1.899999976158142,31,323.8033281175291,-2.5027498679907511e-06,1.09601268327284e-06,-2.3842778972144624e-09,0.0,0.0,0.0,0.0
1.899999976158142,32,300.0,-3.0592659471758479e-40,-5.0605730190858619e-39,8.8502748721181282e-41,773.40438203773522,-164.37160825273659,0.20887991425780605,0.0
1.899999976158142,33,347.6527063973086,-5.2268214900635058e-06,2.3667964273470669e-06,2.5484094006788256e-08,0.0,0.0,0.0,0.0
1.899999976158142,34,300.0,2.1055373743230203e-34,-2.3584589223711866e-35,1.9434419380806835e-37,-493.38584098231269,65.464910772591779,-0.69216592401139465,-118.94300489335254
1.899999976158142,35,347.6527063973087,-5.2301055361051124e-06,2.3684577270687506e-06,-2.5039939098127852e-08,0.0,0.0,0.0,0.0
1.899999976158142,36,300.0,2.1055143201954594e-34,-2.3576907484687315e-35,-1.341517464270813e-37,-493.35491585706211,65.441817297452303,0.605765760592897,-118.94300489335224
1.899999976158142,37,347.62968131618334,-5.0624171902031692e-06,2.2332480003979819e-06,9.7095925656160605e-09,0.0,0.0,0.0,0.0
1.899999976158142,38,323.82635319865426,-2.7052645996461809e-06,1.0414151266481258e-06,-5.4062804918699402e-09,0.0,0.0,0.0,0.0
1.899999976158142,39,300.0,-2.6822450607635171e-40,1.2770595875065395e-40,2.2565989359151128e-40,878.57303381470058,-170.75354635572768,0.17781156003102047,0.0
1.899999976158142,40,347.65270639730863,-5.27171205942257e-06,2.365194653300129e-06,2.2555014207598952e-10,0.0,0.0,0.0,0.0
1.899999976158142,41,300.0,-7.5789162733380996e-34,3.8572926611751208e-35,-1.2299382000750369e-37,1921.9486767701742,-214.53999256637783,0.092644586266543039,0.0
1.899999976158142,42,347.62968131618345,-5.0641751850652374e-06,2.2348834420808801e-06,-9.3199922170116435e-09,0.0,0.0,0.0,0.0
1.899999976158142,43,323.8263531986544,-2.7059639747025761e-06,1.0417116090472896e-06,4.8265842045722224e-09,0.0,0.0,0.0,0.0
1.899999976158142,44,300.0,-3.3774310326944019e-40,1.6498852015475276e-40,-1.2060463564755043e-40,878.54906822731789,-170.79794690320526,-0.13318811744653414,0.0
1.899999976158142,45,347.60815123159784,-6.606724111861533e-06,2.8604973187830165e-06,1.0901354595843086e-09,0.0,0.0,0.0,0.0
1.899999976158142,46,300.0,9.8289356335111906e-40,5.1158951174204361e-40,4.1142747075137135e-41,-247.82491935389322,2.410844310731199,0.12147538363047469,-59.60301230139477
1.899999976158142,47,347.6081512315979,-6.6111428894127839e-06,2.862214495114964e-06,-1.5325576330195495e-09,0.0,0.0,0.0,0.0
1.899999976158142,48,300.0,9.9941126780437509e-40,5.603743266959055e-40,5.4654979577308337e-41,-247.82370491407019,2.4125975232831003,-0.18623014345512834,-59.603012301394806
1.899999976158142,49,347.63042881445324,-5.6554762381154716e-06,2.629472517686561e-06,2.0524950509355432e-08,0.0,0.0,0.0,0.0
1.899999976158142,50,323.8040756157989,-3.6218601747601606e-06,8.8953600235684446e-07,-9.891984819012295e-09,0.0,0.0,0.0,0.0
1.899999976158142,51,300.0,-1.9045750314477445e-39,2.3953447606450311e-39,-2.1364680610617017e-40,1078.3057149361669,-66.726450797313589,0.15122949324086352,0.0
1.899999976158142,52,347.60815123159784,-6.622366396189394e-06,2.8868082894460636e-06,-2.1360105422940703e-10,0.0,0.0,0.0,0.0
1.899999976158142,53,300.0,1.8343733746789557e-39,4.8416145474746738e-39,-1.2009251096167675e-41,1156.8800848463984,-121.44204277852218,0.089708471190800027,0.0
1.899999976158142,54,347.6304288144533,-5.6592719630814238e-06,2.6311981699293094e-06,-2.0472923269751846e-08,0.0,0.0,0.0,0.0
1.899999976158142,55,323.804075615799,-3.6231405720765064e-06,8.8999467598027473e-07,8.6410414996198074e-09,0.0,0.0,0.0,0.0
1.899999976158142,56,300.0,-1.8998570531230965e-39,2.4734197964721518e-39,1.3638893172224654e-41,1078.3132001893011,-66.762207646210456,0.063834552549862408,0.0
1.899999976158142,57,352.3759697681632,-3.469966167789713e-06,6.8906043343437679e-06,-3.9710075931905321e-39,0.0,0.0,2.551025283884004,0.0
1.899999976158142,58,400.0,-1.0000000000000003e-05,9.5000000000000005e-06,4.8085433248886753e-40,500.96486557293156,-82.730838365621011,1.0636574559156877,142.86332552649137
1.899999976158142,59,400.0,-1.0000000000000003e-05,9.5000000000000005e-06,7.8365861531147187e-37,842.58130845290077,-117.58286640129398,-0.10560325826783856,238.09112499272624
1.899999976158142,60,352.38114265479743,-5.0799211047267515e-06,7.427488103320675e-06,1.2400752426736621e-36,0.0,0.0,-0.92116338241146645,0.0
1.899999976158142,61,352.37596976816315,-3.4638002986485988e-06,6.8925141288197679e-06,1.8575003474150356e-08,0.0,0.0,0.0,0.0
1.899999976158142,62,400.0,-1.0000000000000003e-05,9.5000000000000005e-06,-5.9967656675550825e-09,500.96038447397649,-82.718099217536889,0.0,142.86332552649154
1.899999976158142,63,400.0,-1.0000000000000003e-05,9.5000000000000005e-06,1.8145678237772978e-09,842.50476139561329,-117.38823598278883,0.0,238.0911249927267
1.899999976158142,64,352.3811426547974,-5.0815045901965247e-06,7.4279203818811444e-06,-4.2571096413948813e-09,0.0,0.0,0.0,0.0
1.899999976158142,65,376.18798488408163,-6.4793404463469959e-06,8.5760618298179707e-06,3.0735489652964904e-40,0.0,0.0,-3.599546893874964,0.0
1.899999976158142,66,400.0,-1.0000000000000003e-05,9.5000000000000005e-06,-1.0343650067997297e-39,-2241.5747444881472,306.1171400183884,-1.011581782471723,0.0
1.899999976158142,67,376.19057132739874,-7.5841750884035972e-06,8.4300171245508048e-06,-1.6536320328427515e-36,0.0,0.0,0.91489477836963917,0.0
1.899999976158142,68,352.3785562114803,-4.8515279785842568e-06,7.1755473595474396e-06,-2.919442438812522e-37,0.0,0.0,1.0944077011619415,0.0
1.899999976158142,69,352.37596976816315,-3.4993024834853714e-06,6.8915910283628938e-06,6.6223961382262522e-09,0.0,0.0,0.0,0.0
1.899999976158142,70,400.0,-1.0000000000000003e-05,9.5000000000000005e-06,-2.1610731272957714e-10,-2491.9675912018588,280.76711083704612,0.0,0.0
1.899999976158142,71,400.0,-1.0000000000000003e-05,9.5000000000000005e-06,5.4147298378129415e-11,-3243.1211379560327,465.90550724280956,0.0,0.0
1.899999976158142,72,352.3811426547974,-5.0715862537942093e-06,7.4284424759737617e-06,-1.5640216717044021e-09,0.0,0.0,0.0,0.0
1.899999976158142,73,376.1879848840815,-6.4741289236123239e-06,8.5765984022277757e-06,-2.9954747256713134e-09,0.0,0.0,0.0,0.0
1.899999976158142,74,400.0,-1.0000000000000003e-05,9.5000000000000005e-06,-3.2830384044508403e-09,-2241.9048959126303,306.49460376764978,0.0,0.0
1.899999976158142,75,376.1905713273987,-7.5852700816133207e-06,8.4306055828330801e-06,1.2596109120575939e-09,0.0,0.0,0.0,0.0
1.899999976158142,76,352.37855621148026,-4.8479229466402737e-06,7.1767389648070358e-06,7.7469019946724573e-09,0.0,0.0,0.0,0.0
1.899999976158142,77,400.0,-1.0000000000000003e-05,9.5000000000000005e-06,3.2278797857124285e-40,306.69163469441861,-33.603115078645899,-0.86338198374538988,95.23567839001169
1.899999976158142,78,352.3881242561471,-6.6116679578630057e-06,6.7681159589036826e-06,-3.1928323476147461e-39,0.0,0.0,-1.6752215982687448,0.0
1.899999976158142,79,400.0,-1.0000000000000003e-05,9.5000000000000005e-06,3.1027564493997852e-09,306.64805216387128,-33.646696344063429,0.0,95.23567839001156
1.899999976158142,80,352.388124256147,-6.6159960330752116e-06,6.769826115794394e-06,-1.4048822901959232e-08,0.0,0.0,0.0,0.0
1.899999976158142,81,400.0,-1.0000000000000003e-05,9.5000000000000005e-06,-7.7478049688565811e-40,-1066.3177276895124,162.72210667472879,1.1521890517114854,0.0
1.899999976158142,82,376.1940621280735,-8.5792413641666636e-06,8.6196344757708146e-06,4.9823180102900455e-40,0.0,0.0,1.7023395343671315,0.0
1.899999976158142,83,352.3846334554722,-5.4342278111275943e-06,7.0872238322546331e-06,2.0315529862854318e-37,0.0,0.0,-0.14965973755088618,0.0
1.899999976158142,84,400.0,-1.0000000000000003e-05,9.5000000000000005e-06,8.34258389154811e-11,-899.39030869522878,189.28742800071203,0.0,0.0
1.899999976158142,85,352.3881242561471,-6.5963566378326226e-06,6.7627656779992445e-06,-5.103555635285923e-09,0.0,0.0,0.0,0.0
1.899999976158142,86,400.0,-1.0000000000000003e-05,9.5000000000000005e-06,3.3843579576645437e-09,-1066.0508062600061,162.680790466058,0.0,0.0
1.899999976158142,87,376.1940621280735,-8.5828806198040118e-06,8.6214424553715736e-06,-2.5596599823118868e-10,0.0,0.0,0.0,0.0
1.899999976158142,88,352.3846334554722,-5.4378785150290229e-06,7.0882967651748195e-06,-8.1782219391412371e-09,0.0,0.0,0.0,0.0
2.0,1,300.0,1.5971200794764202e-39,-3.1266358934191638e-39,-9.6337427364896582e-42,-165.49172689775031,4.0173004037865043,-0.17378736823073471,-59.42547687454929
2.0,2,347.6537604619361,-3.218477515169086e-06,3.0293851681752602e-06,-3.6337469776262844e-09,0.0,0.0,0.0,0.0
2.0,3,347.58573308455806,-4.6620698012366651e-06,2.56048627509325e-06,-2.6418596405619842e-08,0.0,0.0,0.0,0.0
2.0,4,300.0,1.2554200860252498e-34,-3.5844621823795533e-35,-3.4222158986216534e-37,-329.1567634690677,63.265153388338675,0.55795285257412863,-119.14964631114117
2.0,5,300.0,1.6379454764667265e-39,-3.2047394298941515e-39,1.3853373447063133e-40,-165.50530538663665,4.0272779403385179,0.23959066569157889,-59.425476874549325
2.0,6,347.65376046193603,-3.2122510012575122e-06,3.0290335664048675e-06,2.7895245823603134e-09,0.0,0.0,0.0,0.0
2.0,7,347.58573308455806,-4.6579056320396903e-06,2.5608678072328071e-06,2.5989204016016325e-08,0.0,0.0,0.0,0.0
2.0,8,300.0,1.2556650090453131e-34,-3.5857315587937189e-35,3.1129039535296696e-37,-329.18074909805296,63.262620574410732,-0.45774438241835541,-119.14964631114115
2.0,9,323.8268802309681,-1.2615272586017323e-06,9.5453001736835289e-07,7.4803952201305718e-09,0.0,0.0,0.0,0.0
2.0,10,347.6197467732471,-4.1998174923835335e-06,2.8140570973931533e-06,-2.1365339743449843e-08,0.0,0.0,0.0,0.0
2.0,11,323.79286654227906,-2.2546044593708494e-06,1.0908249329101424e-06,5.8000410118250412e-09,0.0,0.0,0.0,0.0
2.0,12,300.0,-2.548016227186672e-39,3.4345975094360374e-39,-1.559482136971421e-40,566.31145177724886,-68.542380832412405,-0.048594792636521111,0.0
2.0,13,300.0,3.6344782355007133e-39,-2.5920323657655037e-39,-2.7353633173587927e-41,478.14378858755202,-119.06484958507734,-0.10117516765646624,0.0
2.0,14,347.65376046193603,-3.203221791673246e-06,3.050645787189404e-06,-4.3820437263192454e-10,0.0,0.0,0.0,0.0
2.0,15,347.58573308455806,-4.6180017816209252e-06,2.5528742470786449e-06,-2.2190620161310656e-10,0.0,0.0,0.0,0.0
2.0,16,300.0,-4.8645246446604473e-34,1.8109846290732487e-34,5.5949041923599724e-39,1378.3613246286125,-231.90937638190391,-0.15692156722178907,0.0
2.0,17,323.826880230968,-1.2600935433460341e-06,9.5442639105444499e-07,-6.472078220003684e-09,0.0,0.0,0.0,0.0
2.0,18,347.619746773247,-4.1943623375438791e-06,2.8140102484788408e-06,2.0776091084618349e-08,0.0,0.0,0.0,0.0
2.0,19,323.79286654227906,-2.2535151061172387e-06,1.0907029861627487e-06,-4.9373370902729447e-09,0.0,0.0,0.0,0.0
2.0,20,300.0,-2.5610459692430484e-39,3.3415473840545489e-39,-1.2630035263806473e-40,566.28297732154329,-68.558459648693741,-0.17543222398403163,0.0
2.0,21,347.60665623505815,-5.0360717303509085e-06,2.2473755180926317e-06,-6.4737105235950483e-09,0.0,0.0,0.0,0.0
2.0,22,300.0,1.4026367539165787e-34,-5.4856471569830407e-35,-3.4911579413779082e-37,-410.32334356928266,107.2174312211187,0.21762404102818486,-119.0689885287918
2.0,23,347.60665623505815,-5.0356123032485982e-06,2.2489718493678048e-06,6.7174713018035527e-09,0.0,0.0,0.0,0.0
2.0,24,300.0,1.4024060797485907e-34,-5.4827610423876461e-35,3.6304959486997358e-37,-410.32575056949008,107.16213985734424,-0.20042040513719192,-119.06898852879183
2.0,25,347.59619465980813,-4.9562177253275992e-06,2.3886602847607118e-06,-1.6483736251297489e-08,0.0,0.0,0.0,0.0
2.0,26,323.8033281175291,-2.5037006736242104e-06,1.1536939001771054e-06,2.6954524791111639e-09,0.0,0.0,0.0,0.0
2.0,27,300.0,-2.9366144158263167e-40,-5.0268990691844546e-39,1.7762883391839959e-41,770.82037128393097,-172.95958970795149,-0.33593063887973085,0.0
2.0,28,347.60665623505815,-5.0217277822164719e-06,2.2414533988382808e-06,1.2644671441803314e-10,0.0,0.0,0.0,0.0
2.0,29,300.0,-5.157506003299693e-34,1.4451493369226224e-34,-9.659617513779777e-38,1669.0122272053977,-284.44526389726025,-0.040601109557609524,0.0
2.0,30,347.59619465980813,-4.9536043919184851e-06,2.3896222845160471e-06,1.6443265921860088e-08,0.0,0.0,0.0,0.0
2.0,31,323.8033281175291,-2.5035954332188618e-06,1.1536191519593707e-06,-2.4451426553365608e-09,0.0,0.0,0.0,0.0
2.0,32,300.0,-2.999741788717541e-40,-5.0791999922171625e-39,8.6079850218134961e-41,770.85199711519601,-173.00288578490043,0.21158956506263465,0.0
2.0,33,347.6527063973086,-5.2399627452722555e-06,2.4905728665345353e-06,2.6695957352720811e-08,0.0,0.0,0.0,0.0
2.0,34,300.0,2.1067768985759051e-34,-2.4794089207643249e-35,2.0477029988473384e-37,-497.47140970816628,68.944559244591218,-0.72215037685551153,-118.94300489335245
2.0,35,347.6527063973086,-5.2434199671403557e-06,2.4923682976444525e-06,-2.6222456688855872e-08,0.0,0.0,0.0,0.0
2.0,36,300.0,2.1067512177152007e-34,-2.4785966070223046e-35,-1.406636308914321e-37,-497.43917706512821,68.919107389011359,0.63063829109671654,-118.94300489335237
2.0,37,347.62968131618334,-5.0671105967543591e-06,2.3505685915810414e-06,1.0355231970796744e-08,0.0,0.0,0.0,0.0
2.0,38,323.82635319865426,-2.7168030101810271e-06,1.096112760140338e-06,-5.6428938334084027e-09,0.0,0.0,0.0,0.0
2.0,39,300.0,-2.7446501051286742e-40,1.7053580759715238e-40,2.233187025628916e-40,881.1533372901855,-179.78974879638469,0.18323837070288196,0.0
2.0,40,347.6527063973086,-5.2869369261914562e-06,2.4891867127311071e-06,2.4029958905009693e-10,0.0,0.0,0.0,0.0
2.0,41,300.0,-7.5415178214794422e-34,4.0489981742579543e-35,-1.310036708742066e-37,1935.8682335806636,-225.6881195141963,0.097856832836825752,0.0
2.0,42,347.62968131618334,-5.0689468443332719e-06,2.3523105279905043e-06,-9.9330486945223861e-09,0.0,0.0,0.0,0.0
2.0,43,323.82635319865426,-2.7175393528920746e-06,1.0964315805013488e-06,5.0349007640286125e-09,0.0,0.0,0.0,0.0
2.0,44,300.0,-3.4420576441728307e-40,2.086400410343453e-40,-1.18541501676087e-40,881.12922242622778,-179.83680549240515,-0.13715113412791879,0.0
2.0,45,347.6081512315978,-6.6925715601447421e-06,3.0107964836160311e-06,9.1969592879639131e-10,0.0,0.0,0.0,0.0
2.0,46,300.0,9.8495743162475457e-40,5.2829580357101075e-40,4.047973562133082e-41,-249.90285322353728,2.5208870640373942,0.12824703272000576,-59.6030123013947
2.0,47,347.6081512315979,-6.697266128415685e-06,3.0126715742075205e-06,-1.4086782685052357e-09,0.0,0.0,0.0,0.0
2.0,48,300.0,1.0016644000044634e-39,5.7760553725493072e-40,5.5602882558285102e-41,-249.90169125767542,2.5222320121889577,-0.19758100744883644,-59.603012301394656
2.0,49,347.6304288144532,-5.6915075257917341e-06,2.767314627662439e-06,2.1396319028440661e-08,0.0,0.0,0.0,0.0
2.0,50,323.80407561579887,-3.6814131191201837e-06,9.3622225134266301e-07,-1.0416938624594646e-08,0.0,0.0,0.0,0.0
2.0,51,300.0,-1.9018700431293183e-39,2.3641520662369067e-39,-2.1265859037654392e-40,1091.2856004317177,-70.246227151116187,0.160288981397923,0.0
2.0,52,347.60815123159784,-6.7088260690204572e-06,3.0385327813045833e-06,-2.3629040919745048e-10,0.0,0.0,0.0,0.0
2.0,53,300.0,1.8485810357311877e-39,4.8349292445788023e-39,-1.1869597652472449e-41,1174.1521044660446,-127.89354553458857,0.094567299208500738,0.0
2.0,54,347.63042881445324,-5.6955188671038343e-06,2.7691913460073792e-06,-2.1347505723404195e-08,0.0,0.0,0.0,0.0
2.0,55,323.804075615799,-3.6827752899055123e-06,9.3671567977930894e-07,9.0822046187231179e-09,0.0,0.0,0.0,0.0
2.0,56,300.0,-1.8972915062706192e-39,2.4419618615655801e-39,1.2226692740996561e-41,1091.2934642999828,-70.284798961039115,0.068512760950130189,0.0
2.0,57,352.3759697681632,-3.3880950386968059e-06,7.253107106726696e-06,-5.346840517251456e-39,0.0,0.0,2.6566609980395173,0.0
2.0,58,400.0,-1.0000000000000001e-05,1.0000000000000001e-05,4.7981893891744654e-40,501.13090089373162,-87.060993263235957,1.110923317744243,142.8633255264912
2.0,59,400.0,-1.0000000000000001e-05,1.0000000000000001e-05,8.3016330547532811e-37,843.28053122130427,-123.78000748668599,-0.12467705927104755,238.09112499272626
2.0,60,352.3811426547975,-5.0828974637743006e-06,7.8183558300042881e-06,1.305157497955037e-36,0.0,0.0,-0.97378532159111642,0.0
2.0,61,352.3759697681632,-3.381668252481934e-06,7.2550822625582019e-06,1.9310834148897579e-08,0.0,0.0,0.0,0.0
2.0,62,400.0,-1.0000000000000001e-05,1.0000000000000001e-05,-6.3002420476840113e-09,501.12340323126534,-87.046450142081696,0.0,142.86332552649137
2.0,63,400.0,-1.0000000000000001e-05,1.0000000000000001e-05,1.9132758966095705e-09,843.20067531255609,-123.57624254342062,0.0,238.09112499272675
2.0,64,352.3811426547975,-5.0845453600614399e-06,7.8188170463641274e-06,-4.3952401399816321e-09,0.0,0.0,0.0,0.0
2.0,65,376.18798488408163,-6.4249323627423307e-06,9.0274019939343122e-06,3.0560957444641952e-40,0.0,0.0,-3.775778321706972,0.0
2.0,66,400.0,-1.0000000000000001e-05,1.0000000000000001e-05,-1.0316815974879357e-39,-2254.8192282231735,322.15833991816396,-1.051840366357393,0.0
2.0,67,376.19057132739874,-7.5879974234091225e-06,8.8736865244098336e-06,-1.7473374569444038e-36,0.0,0.0,0.96756422674142661,0.0
2.0,68,352.3785562114804,-4.8424299173500148e-06,7.5528838899531048e-06,-3.0526029640302073e-37,0.0,0.0,1.1706135503296002,0.0
2.0,69,352.3759697681632,-3.4187887523108747e-06,7.2543525071153957e-06,6.8826108801720154e-09,0.0,0.0,0.0,0.0
2.0,70,400.0,-1.0000000000000001e-05,1.0000000000000001e-05,-2.4289673261860109e-10,-2518.3953379418317,295.58933162763469,0.0,0.0
2.0,71,400.0,-1.0000000000000001e-05,1.0000000000000001e-05,7.4772265167677058e-11,-3239.2130776136087,490.44831317339157,0.0,0.0
2.0,72,352.3811426547975,-5.074247627037879e-06,7.8193115279115123e-06,-1.6313508814772202e-09,0.0,0.0,0.0,0.0
2.0,73,376.1879848840816,-6.4194855080005748e-06,9.0278962421054955e-06,-3.2087602509103628e-09,0.0,0.0,0.0,0.0
2.0,74,400.0,-1.0000000000000001e-05,1.0000000000000001e-05,-3.4358427856988037e-09,-2255.1611198236183,322.55921042689442,0.0,0.0
2.0,75,376.19057132739874,-7.5891442650022318e-06,8.8743194932071777e-06,1.3372414056800448e-09,0.0,0.0,0.0,0.0
2.0,76,352.3785562114804,-4.8386435436079281e-06,7.5541220507165445e-06,8.1611258583719122e-09,0.0,0.0,0.0,0.0
2.0,77,400.0,-1.0000000000000001e-05,1.0000000000000001e-05,3.2410904809595512e-40,305.34948864630155,-35.41708719500339,-0.91347782219320639,95.2356783900115
2.0,78,352.388124256147,-6.6952981788203752e-06,7.1244473845766218e-06,-4.0175155169521695e-39,0.0,0.0,-1.7827086954025673,0.0
2.0,79,400.0,-1.0000000000000001e-05,1.0000000000000001e-05,3.2653748895439153e-09,305.30045601747901,-35.463036477526948,0.0,95.23567839001149
2.0,80,352.38812425614697,-6.699895555569069e-06,7.1262726083254085e-06,-1.4974488156765641e-08,0.0,0.0,0.0,0.0
2.0,81,400.0,-1.0000000000000001e-05,1.0000000000000001e-05,-7.7769567138420594e-40,-1052.5737206411497,171.39065337047651,1.2219335601962207,0.0
2.0,82,376.1940621280735,-8.6354453979217774e-06,9.0733137307900815e-06,4.994375426712351e-40,0.0,0.0,1.7941682668138061,0.0
2.0,83,352.3846334554722,-5.4557263201479816e-06,7.4604470879767001e-06,2.1300547886498996e-37,0.0,0.0,-0.14221285266585662,0.0
2.0,84,400.0,-1.0000000000000001e-05,1.0000000000000001e-05,6.7648439126538113e-11,-876.90097893127472,199.21756567931328,0.0,0.0
2.0,85,352.38812425614697,-6.6790199242416261e-06,7.1186548707804334e-06,-5.4306717975260372e-09,0.0,0.0,0.0,0.0
2.0,86,400.0,-1.0000000000000001e-05,1.0000000000000001e-05,3.5661147041056804e-09,-1052.2893223174992,171.34374510484355,0.0,0.0
2.0,87,376.1940621280735,-8.6392964403089335e-06,9.0752706494551403e-06,-3.1747811471274732e-10,0.0,0.0,0.0,0.0
2.0,88,352.3846334554722,-5.4595753126635288e-06,7.4615936320085758e-06,-8.6194582826269454e-09,0.0,0.0,0.0,0.0
2.100000001490116,1,300.0,1.288326150812442e-38,-2.4987572835821371e-38,-5.5916617501084519e-41,-157.82671085512169,4.9008147109556228,-0.15485478157637642,-59.4254768745494
2.100000001490116,2,347.65376046193603,-2.8701621391260275e-06,3.6353755761276744e-06,-8.4247121759295589e-09,0.0,0.0,0.0,0.0
2.100000001490116,3,347.58573308455806,-4.6005211106189422e-06,3.0733997760867664e-06,-3.0130931258003703e-08,0.0,0.0,0.0,0.0
2.100000001490116,4,300.0,1.0983282080247766e-34,-4.3253336653293968e-35,-3.9641714562406486e-37,-313.19328426039539,75.888114123398296,0.61010713576942366,-119.1496463111411
2.100000001490116,5,300.0,1.3205093708508907e-38,-2.5606170834488874e-38,1.0799806714112031e-39,-157.84499881165306,4.9167541966434891,0.2258678783652989,-59.42547687454931
2.100000001490116,6,347.6537604619361,-2.8629849252304571e-06,3.6345504844772102e-06,7.2777393157885092e-09,0.0,0.0,0.0,0.0
2.100000001490116,7,347.58573308455806,-4.5955818693700186e-06,3.0736118088612421e-06,2.964162786090362e-08,0.0,0.0,0.0,0.0
2.100000001490116,8,300.0,1.0986118115586566e-34,-4.3272574066406879e-35,3.6023917947310714e-37,-313.22178927607371,75.888317129432778,-0.49509366343586597,-119.14964631114118
2.100000001490116,9,323.826880230968,-1.0188384565551416e-06,1.1469970289712745e-06,8.4991120559066311e-09,0.0,0.0,0.0,0.0
2.100000001490116,10,347.619746773247,-4.0440487426572482e-06,3.3772707132886555e-06,-2.5797783153384992e-08,0.0,0.0,0.0,0.0
2.100000001490116,11,323.79286654227906,-2.2076901507148451e-06,1.3088019470254805e-06,6.7174792376390667e-09,0.0,0.0,0.0,0.0
2.100000001490116,12,300.0,-2.0653475230007379e-38,2.7308963538567214e-38,-1.2701859503272023e-39,514.86485695400029,-82.192711552606738,-0.066279546041914023,0.0
2.100000001490116,13,300.0,2.8997449857582666e-38,-2.1327880384639424e-38,-2.208299843758831e-40,407.97683342179852,-143.04684579891227,-0.1187094953320967,0.0
2.100000001490116,14,347.65376046193603,-2.8474912479592525e-06,3.6565767652146506e-06,-5.9200909678855278e-10,0.0,0.0,0.0,0.0
2.100000001490116,15,347.58573308455806,-4.5504847341050124e-06,3.0641002658695441e-06,-2.5357008573040058e-10,0.0,0.0,0.0,0.0
2.100000001490116,16,300.0,-4.1770429819755809e-34,2.1779289523030518e-34,1.0542828422410625e-38,1322.1809579552187,-278.73052122062268,-0.18373558601612822,0.0
2.100000001490116,17,323.8268802309681,-1.017214556130801e-06,1.1468151413892666e-06,-7.4076780618037962e-09,0.0,0.0,0.0,0.0
2.100000001490116,18,347.6197467732471,-4.0376324189293914e-06,3.3768747140770044e-06,2.5053093609528177e-08,0.0,0.0,0.0,0.0
2.100000001490116,19,323.79286654227906,-2.2063932691354116e-06,1.3086051513997631e-06,-5.6892096305754206e-09,0.0,0.0,0.0,0.0
2.100000001490116,20,300.0,-2.0758634864006796e-38,2.6567284224924727e-38,-9.7486929380691773e-40,514.83214607654804,-82.206874271297153,-0.18424198273104647,0.0
2.100000001490116,21,347.60665623505815,-5.0485062469731672e-06,2.6987900242257251e-06,-6.4987176536967307e-09,0.0,0.0,0.0,0.0
2.100000001490116,22,300.0,1.2657677727815804e-34,-6.5779360845191046e-35,-3.9863880423584704e-37,-410.01880905674454,128.62389728560419,0.23253332544124611,-119.06898852879188
2.100000001490116,23,347.60665623505815,-5.0478871524477369e-06,2.7006638247915018e-06,6.8473238705353988e-09,0.0,0.0,0.0,0.0
2.100000001490116,24,300.0,1.2655069316039238e-34,-6.5747120271791234e-35,4.1362484460842145e-37,-410.02204232024889,128.55937961698078,-0.2087647646788649,-119.06898852879189
2.100000001490116,25,347.59619465980813,-4.949766631362809e-06,2.8680675955944104e-06,-1.8436081624577376e-08,0.0,0.0,0.0,0.0
2.100000001490116,26,323.8033281175291,-2.5071744796448891e-06,1.3841345247608347e-06,3.047204963723526e-09,0.0,0.0,0.0,0.0
2.100000001490116,27,300.0,-2.2413487529808962e-39,-4.0556708203865367e-38,1.9220756621385085e-40,760.60746094075569,-207.42799675455791,-0.37396381210066215,0.0
2.100000001490116,28,347.60665623505815,-5.0330406622949854e-06,2.691375222483358e-06,1.7948099312273148e-10,0.0,0.0,0.0,0.0
2.100000001490116,29,300.0,-4.5304249419770205e-34,1.7363633856250834e-34,-1.136003553378683e-37,1670.8275877650822,-341.39796717297997,-0.050450877305199759,0.0
2.100000001490116,30,347.59619465980813,-4.9466275275761474e-06,2.8690702993245467e-06,1.8443418817027651e-08,0.0,0.0,0.0,0.0
2.100000001490116,31,323.8033281175291,-2.5070392374493576e-06,1.3840445716146874e-06,-2.697044750915066e-09,0.0,0.0,0.0,0.0
2.100000001490116,32,300.0,-2.2890604782929088e-39,-4.0979671212139316e-38,6.4346510388063265e-40,760.64533850407395,-207.47683305916999,0.22161577257615181,0.0
2.100000001490116,33,347.65270639730863,-5.2926196410247253e-06,2.9849984845178156e-06,3.1554665642390749e-08,0.0,0.0,0.0,0.0
2.100000001490116,34,300.0,2.1118429609138226e-34,-2.9654022824014104e-35,2.4638581065248281e-37,-513.82172401799926,82.89151382583286,-0.84194620912142748,-118.94300489335231
2.100000001490116,35,347.6527063973086,-5.2967675379880988e-06,2.9873736346033389e-06,-3.0958191125230476e-08,0.0,0.0,0.0,0.0
2.100000001490116,36,300.0,2.1118074037931281e-34,-2.9643504478249246e-35,-1.6613886521662441e-37,-513.78439004673396,82.855728033561064,0.72954018520654329,-118.94300489335234
2.100000001490116,37,347.6296813161834,-5.0860321811556574e-06,2.8197192675299224e-06,1.3007291017047999e-08,0.0,0.0,0.0,0.0
2.100000001490116,38,323.8263531986543,-2.7630005775116277e-06,1.3148621486569054e-06,-6.5755222483713305e-09,0.0,0.0,0.0,0.0
2.100000001490116,39,300.0,-2.3119035927898641e-39,2.1615443076757991e-39,1.7429279671091017e-39,891.47742033411078,-215.93711821459036,0.20275916746950987,0.0
2.100000001490116,40,347.65270639730863,-5.3479086240021295e-06,2.9847239157999159e-06,3.0201325689396774e-10,0.0,0.0,0.0,0.0
2.100000001490116,41,300.0,-7.3920618554378586e-34,4.8046850165874731e-35,-1.6339470090202833e-37,1991.5687809599854,-270.15442716648749,0.11873490134732984,0.0
2.100000001490116,42,347.62968131618334,-5.0881703521304438e-06,2.8219066495107328e-06,-1.2443048505902657e-08,0.0,0.0,0.0,0.0
2.100000001490116,43,323.82635319865426,-2.7638836044794178e-06,1.3152780463009329e-06,5.8571474621144304e-09,0.0,0.0,0.0,0.0
2.100000001490116,44,300.0,-2.8739104529952172e-39,2.4816523465146886e-39,-9.0992802075172693e-40,891.4534101464252,-215.995196915072,-0.15185893787429677,0.0
2.100000001490116,45,347.60815123159784,-7.035833086658588e-06,3.6119390146665547e-06,1.4828423183980235e-10,0.0,0.0,0.0,0.0
2.100000001490116,46,300.0,7.9182692457813971e-39,4.5376071339554153e-39,3.1146915034053665e-40,-258.22447964089412,2.9554416207558996,0.15494208459850048,-59.60301230139476
2.100000001490116,47,347.6081512315979,-7.0416588785052746e-06,3.6145105601043181e-06,-8.4807276451474645e-10,0.0,0.0,0.0,0.0
2.100000001490116,48,300.0,8.0554702586683339e-39,4.9418729357888991e-39,4.6247549072344136e-40,-258.22369843869336,2.9546499263257378,-0.24355940786890931,-59.60301230139469
2.100000001490116,49,347.63042881445324,-5.8355541505130779e-06,3.3182830924939169e-06,2.48425085519441e-08,0.0,0.0,0.0,0.0
2.100000001490116,50,323.8040756157989,-3.9195433145774839e-06,1.1228378039561936e-06,-1.2579943422158715e-08,0.0,0.0,0.0,0.0
2.100000001490116,51,300.0,-1.5164961095404311e-38,1.8332306683223488e-38,-1.6827786101468013e-39,1143.2241075283255,-84.348351624781046,0.19863371104104224,0.0
2.100000001490116,52,347.60815123159784,-7.0545668366405786e-06,3.6454946564024302e-06,-3.392094916900699e-10,0.0,0.0,0.0,0.0
2.100000001490116,53,300.0,1.5053378469041722e-38,3.8555393150153264e-38,-9.2330603060241343e-41,1243.2214134839921,-153.74777291352126,0.11411849415269218,0.0
2.100000001490116,54,347.63042881445324,-5.8404343881533407e-06,3.3208212173925835e-06,-2.4813376145943727e-08,0.0,0.0,0.0,0.0
2.100000001490116,55,323.804075615799,-3.9212441080483378e-06,1.1234814076848828e-06,1.089416060704022e-08,0.0,0.0,0.0,0.0
2.100000001490116,56,300.0,-1.5130944279389062e-38,1.8949809770169653e-38,7.1493081081917863e-41,1143.2334428693673,-84.398956047279867,0.087131530183912842,0.0
2.100000001490116,57,352.37596976816326,-3.0606035974648976e-06,8.7031149624029594e-06,4.4685843423208609e-40,0.0,0.0,3.0630161004568563,0.0
2.100000001490116,58,400.0,-1.0000000000000001e-05,1.2e-05,3.818668325710316e-39,501.78192757055092,-104.353240953735,1.295209855628197,142.86332552649125
2.100000001490116,59,400.0,-1.0000000000000001e-05,1.2e-05,1.0247310649327158e-36,846.07981146946486,-148.57329330348725,-0.21122632546957676,238.09112499272618
2.100000001490116,60,352.38114265479743,-5.0949525955302897e-06,9.3817871375635936e-06,1.5731616115558453e-36,0.0,0.0,-1.1942700686086956,0.0
2.100000001490116,61,352.37596976816315,-3.0531610599365882e-06,8.7053196419595654e-06,2.2111986826011567e-08,0.0,0.0,0.0,0.0
2.100000001490116,62,400.0,-1.0000000000000001e-05,1.2e-05,-7.5340435910567603e-09,501.75996756126551,-104.32991519337402,0.0,142.86332552649134
2.100000001490116,63,400.0,-1.0000000000000001e-05,1.2e-05,2.3176912925825032e-09,845.98545326732608,-148.33394960609698,0.0,238.0911249927267
2.100000001490116,64,352.3811426547975,-5.0968456649963298e-06,9.3823715487967961e-06,-4.9014344846556283e-09,0.0,0.0,0.0,0.0
2.100000001490116,65,376.18798488408163,-6.2072882220604626e-06,1.0832743166817028e-05,2.4122065999595752e-39,0.0,0.0,-4.4837251273353216,0.0
2.100000001490116,66,400.0,-1.0000000000000001e-05,1.2e-05,-8.2022441448412765e-39,-2307.7838862039866,386.24514278401904,-1.2026127058495217,0.0
2.100000001490116,67,376.19057132739874,-7.603365870793697e-06,1.0648400630591407e-05,-2.1311611258511203e-36,0.0,0.0,1.1870590450058067,0.0
2.100000001490116,68,352.3785562114804,-4.8059901321946359e-06,9.0619834347866256e-06,-3.7462294037662734e-37,0.0,0.0,1.498379298980574,0.0
2.100000001490116,69,352.3759697681632,-3.0967075594980477e-06,8.705595216343536e-06,7.8685137243281293e-09,0.0,0.0,0.0,0.0
2.100000001490116,70,400.0,-1.0000000000000001e-05,1.2e-05,-3.6521601504388042e-10,-2624.1292982873297,354.91648099909338,0.0,0.0
2.100000001490116,71,400.0,-1.0000000000000001e-05,1.2e-05,1.6759143601960259e-10,-3223.544960770384,588.63653503933369,0.0,0.0
2.100000001490116,72,352.3811426547975,-5.0850674919768566e-06,9.3827002932298882e-06,-1.8956260877515272e-09,0.0,0.0,0.0,0.0
2.100000001490116,73,376.1879848840815,-6.2009130466693469e-06,1.0833001439198703e-05,-4.133029160161003e-09,0.0,0.0,0.0,0.0
2.100000001490116,74,400.0,-1.0000000000000001e-05,1.2e-05,-4.0404687782512113e-09,-2308.1694576402761,386.7451185599104,0.0,0.0
2.100000001490116,75,376.19057132739874,-7.6047154205938546e-06,1.0649225091280014e-05,1.6664242595070652e-09,0.0,0.0,0.0,0.0
2.100000001490116,76,352.3785562114803,-4.8014734070360721e-06,9.0633959473665477e-06,9.8533606901382202e-09,0.0,0.0,0.0,0.0
2.100000001490116,77,400.0,-1.0000000000000001e-05,1.2e-05,2.6177989369345167e-39,299.97854368300835,-42.718922325717564,-1.1171289627853513,95.23567839001151
2.100000001490116,78,352.388124256147,-7.0296650759169693e-06,8.5501020476151204e-06,1.6712522023358615e-39,0.0,0.0,-2.2255560434438171,0.0
2.100000001490116,79,400.0,-1.0000000000000001e-05,1.2e-05,3.8989351322315424e-09,299.90532147222603,-42.774598618288785,0.0,95.23567839001151
2.100000001490116,80,352.388124256147,-7.0353652181678822e-06,8.5524038509640622e-06,-1.8798591380765163e-08,0.0,0.0,0.0,0.0
2.100000001490116,81,400.0,-1.0000000000000001e-05,1.2e-05,-6.2764811660120283e-39,-997.59874024339354,206.16770713143418,1.5087473690126825,0.0
2.100000001490116,82,376.1940621280735,-8.8601860543365337e-06,1.0888039008288612e-05,4.0179649674940665e-39,0.0,0.0,2.1564647503670087,0.0
2.100000001490116,83,352.3846334554722,-5.5417431967732354e-06,8.9536625429201753e-06,2.4140652781249053e-37,0.0,0.0,-0.096882322144417846,0.0
2.100000001490116,84,400.0,-1.0000000000000001e-05,1.2e-05,-1.0336047264599348e-11,-786.95502981669802,238.90621666060255,0.0,0.0
2.100000001490116,85,352.388124256147,-7.0094944315379305e-06,8.5423828731118945e-06,-6.778259165682314e-09,0.0,0.0,0.0,0.0
2.100000001490116,86,400.0,-1.0000000000000001e-05,1.2e-05,4.2913298036725258e-09,-997.24148227690011,206.09368106869439,0.0,0.0
2.100000001490116,87,376.1940621280735,-8.8648952798516916e-06,1.0890641739025666e-05,-6.2216705490932937e-10,0.0,0.0,0.0,0.0
2.100000001490116,88,352.3846334554722,-5.5463858632227688e-06,8.9551152061769227e-06,-1.0385443381588668e-08,0.0,0.0,0.0,0.0
2.2000000029802322,1,300.0,1.1459862942033118e-43,-5.8998457121065353e-44,-1.6940364823337611e-44,-150.18770396377602,5.8342431678608708,-0.13585889067848628,-59.42547687454949
2.2000000029802322,2,347.653760461936,-2.5219091668498226e-06,4.2413600499498576e-06,-1.3642657379886675e-08,0.0,0.0,0.0,0.0
2.2000000029802322,3,347.58573308455806,-4.5388833157080785e-06,3.5867857770397437e-06,-3.3802298987101965e-08,0.0,0.0,0.0,0.0
2.2000000029802322,4,300.0,9.4071299233789813e-35,-5.0664496625659122e-35,-4.515366959396206e-37,-297.25184701903567,88.494957989333699,0.66126134095282896,-119.14964631114103
2.2000000029802322,5,300.0,1.1887451381494258e-43,-6.2765886257425401e-44,1.7143220987061323e-44,-150.21133408551441,5.8573673722577286,0.21005019044661896,-59.42547687454937
2.2000000029802322,6,347.6537604619361,-2.5138360511920918e-06,4.2399386147112607e-06,1.2146549464048447e-08,0.0,0.0,0.0,0.0
2.2000000029802322,7,347.5857330845581,-4.5331677164222691e-06,3.5867555344367801e-06,3.3258849387777733e-08,0.0,0.0,0.0,0.0
2.2000000029802322,8,300.0,9.4103048744204882e-35,-5.0691712825222967e-35,4.0914068280881107e-37,-297.28493243891239,88.498667046751137,-0.53253067535156484,-119.149646311141
2.2000000029802322,9,323.82688023096796,-7.7616350351111189e-07,1.3399328469946894e-06,9.2630748772052125e-09,0.0,0.0,0.0,0.0
2.2000000029802322,10,347.619746773247,-3.8881144188640978e-06,3.9406692212696558e-06,-3.0173457878308168e-08,0.0,0.0,0.0,0.0
2.2000000029802322,11,323.79286654227906,-2.1606971919938691e-06,1.5267912102707622e-06,7.6681932631975632e-09,0.0,0.0,0.0,0.0
2.2000000029802322,12,300.0,-2.4234517543728448e-43,2.3833497958606026e-43,-7.5222052133910982e-45,463.46018215420082,-95.897276696238151,-0.081372561526043663,0.0
2.2000000029802322,13,300.0,-2.6653970411242191e-43,2.7878605343190902e-43,3.1128710586277462e-44,337.752063329549,-166.98483558430013,-0.13579773680562596,0.0
2.2000000029802322,14,347.65376046193603,-2.491894260791627e-06,4.2615572125666966e-06,-7.6883643961458085e-10,0.0,0.0,0.0,0.0
2.2000000029802322,15,347.5857330845581,-4.4828522493295566e-06,3.5757598678579122e-06,-2.82469318787752e-10,0.0,0.0,0.0,0.0
2.2000000029802322,16,300.0,-3.4894665607412858e-34,2.5439802279559588e-34,1.875721520342674e-38,1266.0239464038586,-325.65304215090282,-0.21002286619444938,0.0
2.2000000029802322,17,323.8268802309681,-7.7437095324352359e-07,1.3396537077709994e-06,-8.1198894180554573e-09,0.0,0.0,0.0,0.0
2.2000000029802322,18,347.61974677324713,-3.8807482991767943e-06,3.9398214900582426e-06,2.9258159326266097e-08,0.0,0.0,0.0,0.0
2.2000000029802322,19,323.79286654227906,-2.1591909351172373e-06,1.5265024793492807e-06,-6.4726806563866965e-09,0.0,0.0,0.0,0.0
2.2000000029802322,20,300.0,-2.8766700967685188e-43,2.4813849432092941e-43,1.6103629306520557e-44,463.42344733003523,-95.908046349774452,-0.1911834453677646,0.0
2.2000000029802322,21,347.6066562350582,-5.0610274309658506e-06,3.1508738555844797e-06,-6.4514832875858996e-09,0.0,0.0,0.0,0.0
2.2000000029802322,22,300.0,1.1286802987968235e-34,-7.6644931196294896e-35,-4.4805427975265121e-37,-409.71584176613572,149.96911187331199,0.24664659285109833,-119.06898852879186
2.2000000029802322,23,347.6066562350581,-5.0602279856843972e-06,3.1530134269835204e-06,6.9238361279417305e-09,0.0,0.0,0.0,0.0
2.2000000029802322,24,300.0,1.1283954449308953e-34,-7.6610336322933178e-35,4.6433420291564221e-37,-409.71982330659125,149.89596598186307,-0.21522078085285115,-119.06898852879212
2.2000000029802322,25,347.59619465980813,-4.9433105197389256e-06,3.3481609856592862e-06,-2.0381495922945265e-08,0.0,0.0,0.0,0.0
2.2000000029802322,26,323.8033281175291,-2.5107520253325516e-06,1.6145717219615979e-06,3.4294080468404003e-09,0.0,0.0,0.0,0.0
2.2000000029802322,27,300.0,3.9268245226898386e-43,4.0109817026723194e-43,1.0656504330689701e-44,750.39878691845331,-241.814516059737,-0.41249549468775287,0.0
2.2000000029802322,28,347.60665623505815,-5.0444760200270911e-06,3.1418038779674341e-06,2.4192813983430435e-10,0.0,0.0,0.0,0.0
2.2000000029802322,29,300.0,-3.9037223818714148e-34,2.0275163077600723e-34,-1.3034775209238573e-37,1672.6673206632772,-398.4529007277003,-0.061540512234783823,0.0
2.2000000029802322,30,347.59619465980813,-4.939635018375249e-06,3.3491597317284367e-06,2.0453636942484569e-08,0.0,0.0,0.0,0.0
2.2000000029802322,31,323.8033281175291,-2.5105827493477525e-06,1.6144662611168434e-06,-2.9627186976041056e-09,0.0,0.0,0.0,0.0
2.2000000029802322,32,300.0,3.8413171290004839e-43,4.0783014857378601e-43,-1.3349059815822497e-44,750.4430052576547,-241.86803641698395,0.23045815719388529,0.0
2.2000000029802322,33,347.65270639730863,-5.3454197188913745e-06,3.4783433027182746e-06,3.6432287441231897e-08,0.0,0.0,0.0,0.0
2.2000000029802322,34,300.0,2.1173255781165442e-34,-3.4492342843128021e-35,2.8835897775377626e-37,-530.18515027736441,96.884108681802559,-0.96156665551485121,-118.94300489335228
2.2000000029802322,35,347.6527063973086,-5.3502547141402154e-06,3.4813675089665422e-06,-3.5703879570813761e-08,0.0,0.0,0.0,0.0
2.2000000029802322,36,300.0,2.1172754727659475e-34,-3.4480788243566616e-35,-1.9086306727510958e-37,-530.14292829726742,96.836547890341322,0.82754197158948128,-118.94300489335217
2.2000000029802322,37,347.62968131618345,-5.105188120656669e-06,3.2886503349281321e-06,1.5766981866614273e-08,0.0,0.0,0.0,0.0
2.2000000029802322,38,323.8263531986543,-2.8092665109713251e-06,1.5335481988284109e-06,-7.4855142666650836e-09,0.0,0.0,0.0,0.0
2.2000000029802322,39,300.0,2.9514014646133419e-43,-9.4730230046851653e-44,-2.1439613246401799e-44,901.80639101207942,-252.09062532533756,0.2188935973490197,0.0
2.2000000029802322,40,347.65270639730863,-5.4089922176253249e-06,3.4795661972311758e-06,3.6807851044055724e-10,0.0,0.0,0.0,0.0
2.2000000029802322,41,300.0,-7.2420880111288156e-34,5.5554672950227627e-35,-1.991725326548016e-37,2047.304651659374,-314.41947233540071,0.13967075931764572,0.0
2.2000000029802322,42,347.62968131618334,-5.1076102593139715e-06,3.2913138016083464e-06,-1.5041844239952526e-08,0.0,0.0,0.0,0.0
2.2000000029802322,43,323.82635319865426,-2.8102942124459605e-06,1.5340735954048793e-06,6.6613122185898812e-09,0.0,0.0,0.0,0.0
2.2000000029802322,44,300.0,3.0105589661769525e-43,-8.6888042751996924e-44,3.252767092153146e-44,901.78361860394341,-252.16040095971479,-0.16483438158232253,0.0
2.2000000029802322,45,347.6081512315978,-7.3788913425137373e-06,4.2129803495265774e-06,-7.7678286925433943e-10,0.0,0.0,0.0,0.0
2.2000000029802322,46,300.0,3.4539001037544986e-44,6.6970696172473572e-44,-3.1338744135546803e-44,-266.56203121363177,3.3802114285949871,0.18104252293850354,-59.60301230139481
2.2000000029802322,47,347.6081512315979,-7.3858934633808256e-06,4.2163529313871758e-06,-1.7348357526828167e-10,0.0,0.0,0.0,0.0
2.2000000029802322,48,300.0,4.7833844369022573e-44,7.8083574182139743e-44,4.8296877372025025e-44,-266.56191335246763,3.3764521999687029,-0.29050308243035722,-59.60301230139473
2.2000000029802322,49,347.63042881445324,-5.9794737980641061e-06,3.8686094329721507e-06,2.8229768835159406e-08,0.0,0.0,0.0,0.0
2.2000000029802322,50,323.80407561579887,-4.1575431260895546e-06,1.3092358208751316e-06,-1.4849039980745855e-08,0.0,0.0,0.0,0.0
2.2000000029802322,51,300.0,-4.5804240816478081e-43,-1.8984322960941006e-43,-1.0517882477421554e-44,1195.1928330094943,-98.48581697977437,0.24030161000454703,0.0
2.2000000029802322,52,347.60815123159784,-7.400152248273149e-06,4.2525702764347497e-06,-4.6176971549828675e-10,0.0,0.0,0.0,0.0
2.2000000029802322,53,300.0,-7.9473801280481717e-43,-4.79275696309694e-43,1.3532055338131845e-44,1312.2600141448684,-179.67882891036402,0.13384825050956306,0.0
2.2000000029802322,54,347.63042881445324,-5.9852330249384289e-06,3.8719010662054906e-06,-2.8231380042205281e-08,0.0,0.0,0.0,0.0
2.2000000029802322,55,323.804075615799,-4.1596010605188424e-06,1.3100474793826227e-06,1.2786654928994214e-08,0.0,0.0,0.0,0.0
2.2000000029802322,56,300.0,-4.5537814546180874e-43,-1.768523685170826e-43,-3.0326349002584293e-44,1195.2035777783649,-98.549677597659894,0.10566740643148737,0.0
2.2000000029802322,57,352.3759697681633,-2.7330974269760224e-06,1.0153112511407454e-05,-1.8340935943745718e-38,0.0,0.0,3.4435864612761522,0.0
2.2000000029802322,58,400.0,-1.0000000000000003e-05,1.4000000000000001e-05,1.1231534864548277e-44,502.41218412957062,-121.59930491436673,1.4719063387054594,142.8633255264912
2.2000000029802322,59,400.0,-1.0000000000000003e-05,1.4000000000000001e-05,1.218189689926799e-36,848.88298867220828,-173.37289528691872,-0.31417779750466168,238.0911249927263
2.2000000029802322,60,352.38114265479743,-5.1072456775342995e-06,1.094516568726745e-05,1.8334023906999389e-36,0.0,0.0,-1.4306900845157473,0.0
2.2000000029802322,61,352.3759697681631,-2.7246836236477447e-06,1.0155495376226955e-05,2.468594378303111e-08,0.0,0.0,0.0,0.0
2.2000000029802322,62,400.0,-1.0000000000000003e-05,1.4000000000000001e-05,-8.7993518493193978e-09,502.37196236904293,-121.5647031537319,0.0,142.86332552649128
2.2000000029802322,63,400.0,-1.0000000000000003e-05,1.4000000000000001e-05,2.7373778691903223e-09,848.77210952690029,-173.0995189478289,0.0,238.09112499272675
2.2000000029802322,64,352.3811426547975,-5.1093637793973641e-06,1.0945885930348326e-05,-5.3331103114913363e-09,0.0,0.0,0.0,0.0
2.2000000029802322,65,376.18798488408163,-5.9896235430852663e-06,1.2638055683464206e-05,-1.4580335606963691e-43,0.0,0.0,-5.196421024302353,0.0
2.2000000029802322,66,400.0,-1.0000000000000003e-05,1.4000000000000001e-05,4.0299800148915834e-44,-2360.7275144680143,450.2056237361046,-1.3371014451046399,0.0
2.2000000029802322,67,376.19057132739874,-7.6188602518471371e-06,1.2423173665598193e-05,-2.5309401619862011e-36,0.0,0.0,1.4206320743370529,0.0
2.2000000029802322,68,352.3785562114804,-4.7694775851631912e-06,1.0570688014693376e-05,-4.1007869261290469e-37,0.0,0.0,1.8625212741089485,0.0
2.2000000029802322,69,352.3759697681632,-2.7745798448127029e-06,1.015714556502209e-05,8.7666880555032465e-09,0.0,0.0,0.0,0.0
2.2000000029802322,70,400.0,-1.0000000000000003e-05,1.4000000000000001e-05,-5.1169117725970676e-10,-2729.8993307311862,414.30455018246141,0.0,0.0
2.2000000029802322,71,400.0,-1.0000000000000003e-05,1.4000000000000001e-05,2.7693622059619941e-10,-3207.8193017172425,686.85066687831431,0.0,0.0
2.2000000029802322,72,352.3811426547975,-5.0961651881858457e-06,1.0945961795861737e-05,-2.1517151853308094e-09,0.0,0.0,0.0,0.0
2.2000000029802322,73,376.1879848840815,-5.982340829493185e-06,1.2637971943831234e-05,-5.1705285915564016e-09,0.0,0.0,0.0,0.0
2.2000000029802322,74,400.0,-1.0000000000000003e-05,1.4000000000000001e-05,-4.6346201881930733e-09,-2361.1515456113739,450.81342291677839,0.0,0.0
2.2000000029802322,75,376.19057132739874,-7.6204049189756636e-06,1.2424210920940461e-05,2.0254992402630439e-09,0.0,0.0,0.0,0.0
2.2000000029802322,76,352.37855621148026,-4.7642228749345524e-06,1.0572256024440545e-05,1.1601567816032289e-08,0.0,0.0,0.0,0.0
2.2000000029802322,77,400.0,-1.0000000000000003e-05,1.4000000000000001e-05,4.4288425978813058e-44,294.60351750817932,-50.093258642952279,-1.3260736777414894,95.23567839001153
2.2000000029802322,78,352.388124256147,-7.3637879230641264e-06,9.9762778916351494e-06,-1.2485966249763361e-38,0.0,0.0,-2.6892202719816596,0.0
2.2000000029802322,79,400.0,-1.0000000000000003e-05,1.4000000000000001e-05,4.5052775846641083e-09,294.50224600840045,-50.159039117137731,0.0,95.23567839001151
2.2000000029802322,80,352.388124256147,-7.3706319339321139e-06,9.9790820268313795e-06,-2.2817432602755425e-08,0.0,0.0,0.0,0.0
2.2000000029802322,81,400.0,-1.0000000000000003e-05,1.4000000000000001e-05,-6.8413125422056261e-44,-942.6252026333093,241.10754579385596,1.8082415023664542,0.0
2.2000000029802322,82,376.1940621280735,-9.0848064890710093e-06,1.2702781067498656e-05,-2.4964993597555977e-44,0.0,0.0,2.5106741647362094,0.0
2.2000000029802322,83,352.3846334554722,-5.6277933589738825e-06,1.0447394001283514e-05,2.9199936566230995e-37,0.0,0.0,-0.026332830737542005,0.0
2.2000000029802322,84,400.0,-1.0000000000000003e-05,1.4000000000000001e-05,-1.1220957478070741e-10,-697.02811230183545,278.54400567474698,0.0,0.0
2.2000000029802322,85,352.388124256147,-7.3396855181895029e-06,9.9663774094636418e-06,-8.188579776575924e-09,0.0,0.0,0.0,0.0
2.2000000029802322,86,400.0,-1.0000000000000003e-05,1.4000000000000001e-05,5.0136885427937583e-09,-942.19033329579611,240.99874734247703,0.0,0.0
2.2000000029802322,87,376.1940621280735,-9.0903915626348528e-06,1.2706110328427797e-05,-1.0210336818070645e-09,0.0,0.0,0.0,0.0
2.2000000029802322,88,352.3846334554722,-5.6332302167799183e-06,1.0449171509751535e-05,-1.2152515181329353e-08,0.0,0.0,0.0,0.0
2.300000011920929,1,300.0,1.1327162393824609e-43,-5.4786271062531887e-44,-1.6899647371493371e-44,-142.57506900823401,6.8174894866208415,-0.11687286686818318,-59.4254768745494
2.300000011920929,2,347.653760461936,-2.173715731359156e-06,4.8473037386873994e-06,-1.9267483603875168e-08,0.0,0.0,0.0,0.0
2.300000011920929,3,347.58573308455806,-4.4771596287122156e-06,4.1006671998747755e-06,-3.7435014459807311e-08,0.0,0.0,0.0,0.0
2.300000011920929,4,300.0,7.8312386210995536e-35,-5.8063127821156441e-35,-5.0612730775208947e-37,-281.33247483285197,101.08427016438728,0.71151657630054932,-119.14964631114111
2.300000011920929,5,300.0,1.175079868867032e-43,-5.8326690650920634e-44,1.6862044423078284e-44,-142.60465741989461,6.848999209344294,0.19223594243555681,-59.42547687454934
2.300000011920929,6,347.65376046193603,-2.1648011881352424e-06,4.8451646784530997e-06,1.7376525251178513e-08,0.0,0.0,0.0,0.0
2.300000011920929,7,347.58573308455806,-4.4706668018671699e-06,4.1003225114724745e-06,3.6843347653028848e-08,0.0,0.0,0.0,0.0
2.300000011920929,8,300.0,7.8347444297914507e-35,-5.8099211409811712e-35,4.5807013190697525e-37,-281.37019219698357,101.09221992994858,-0.57013740270759783,-119.14964631114108
2.300000011920929,9,323.82688023096796,-5.3350101681330392e-07,1.5333222597849822e-06,9.7816193587616374e-09,0.0,0.0,0.0,0.0
2.300000011920929,10,347.619746773247,-3.7320124872266166e-06,4.5042471880424402e-06,-3.4498939379003496e-08,0.0,0.0,0.0,0.0
2.300000011920929,11,323.79286654227906,-2.1136276181215628e-06,1.7447967934252312e-06,8.6510255898470188e-09,0.0,0.0,0.0,0.0
2.300000011920929,12,300.0,-2.5255614346865535e-43,2.2558569445798704e-43,-7.3891583812386234e-45,412.09834157961734,-109.65549986607685,-0.093797315642535059,0.0
2.300000011920929,13,300.0,-2.8894331948385781e-43,2.7067521807053699e-43,3.0883260137258559e-44,267.4697485526271,-190.87679425942849,-0.15243334462095684,0.0
2.300000011920929,14,347.65376046193603,-2.1364305736468895e-06,4.8656004943797663e-06,-9.6834729002833962e-10,0.0,0.0,0.0,0.0
2.300000011920929,15,347.58573308455806,-4.4151068212893909e-06,4.0878550747271699e-06,-3.0852119386219516e-10,0.0,0.0,0.0,0.0
2.300000011920929,16,300.0,-2.8020586020948069e-34,2.9105642167591852e-34,2.7416592370477877e-38,1209.890747647373,-372.67995195578629,-0.23580571051206428,0.0
2.300000011920929,17,323.826880230968,-5.3156122801125896e-07,1.5329269864120648e-06,-8.6177271123413764e-09,0.0,0.0,0.0,0.0
2.300000011920929,18,347.619746773247,-3.7237081962454152e-06,4.5028463153359772e-06,3.3398208439009056e-08,0.0,0.0,0.0,0.0
2.300000011920929,19,323.79286654227906,-2.1119103313510625e-06,1.7443991435861766e-06,-7.286593804749129e-09,0.0,0.0,0.0,0.0
2.300000011920929,20,300.0,-2.9716294858430055e-43,2.3531158990273232e-43,1.5963268042318468e-44,412.05779836917213,-109.66140931014726,-0.19637906503922326,0.0
2.300000011920929,21,347.60665623505827,-5.0736383059508143e-06,3.6036002342498763e-06,-6.3319473795595935e-09,0.0,0.0,0.0,0.0
2.300000011920929,22,300.0,9.9155436035013629e-35,-8.7451662238706658e-35,-4.9683503716189797e-37,-409.41440206683433,171.25467799923217,0.25996898533847373,-119.0689885287916
2.300000011920929,23,347.6066562350581,-5.0726379389905048e-06,3.605992726151726e-06,6.9469959185083677e-09,0.0,0.0,0.0,0.0
2.300000011920929,24,300.0,9.9124683104564286e-35,-8.7415470046619537e-35,5.1368167107996809e-37,-409.41904849167202,171.17358949103053,-0.21979484703511998,-119.06898852879199
2.300000011920929,25,347.59619465980813,-4.936855989344338e-06,3.8289395335074177e-06,-2.2315026840474507e-08,0.0,0.0,0.0,0.0
2.300000011920929,26,323.80332811752913,-2.5144349007683338e-06,1.8450013125456057e-06,3.8423925380807666e-09,0.0,0.0,0.0,0.0
2.300000011920929,27,300.0,3.8624885034057027e-43,3.8983109700302919e-43,1.0545680231714484e-44,740.19398220061919,-276.11799461805441,-0.45169604874093244,0.0
2.300000011920929,28,347.60665623505815,-5.0560363393078424e-06,3.5927260947986e-06,3.1381139936102004e-10,0.0,0.0,0.0,0.0
2.300000011920929,29,300.0,-3.2772919194419136e-34,2.3194038828508737e-34,-1.4606940553073738e-37,1674.5321583844561,-455.60657338401074,-0.073871105293100758,0.0
2.300000011920929,30,347.5961946598081,-4.9326338702266273e-06,3.8298893874627249e-06,2.2469012506282533e-08,0.0,0.0,0.0,0.0
2.300000011920929,31,323.8033281175291,-2.5142276137577113e-06,1.844880254264336e-06,-3.2425152688557142e-09,0.0,0.0,0.0,0.0
2.300000011920929,32,300.0,3.7814694436700728e-43,3.9617288664798223e-43,-1.332236514157445e-44,740.24462073705365,-276.17532771885533,0.23827107076588924,0.0
2.300000011920929,33,347.6527063973086,-5.3983579017172958e-06,3.9706171938987254e-06,4.1330041777806854e-08,0.0,0.0,0.0,0.0
2.300000011920929,34,300.0,2.1230170990092047e-34,-3.9358016936046442e-35,3.3033987083103859e-37,-546.56201973376869,110.92269524427461,-1.0810808107676035,-118.94300489335248
2.300000011920929,35,347.6527063973086,-5.4038759746319987e-06,3.9743600762156461e-06,-4.0460726815830232e-08,0.0,0.0,0.0,0.0
2.300000011920929,36,300.0,2.1229528921800024e-34,-3.9344710173003461e-35,-2.1475675755840538e-37,-546.51513284592511,110.86191848157662,0.92469859755414308,-118.94300489335225
2.300000011920929,37,347.62968131618345,-5.1245752547863755e-06,3.7573499954158155e-06,1.8629570753478338e-08,0.0,0.0,0.0,0.0
2.300000011920929,38,323.82635319865426,-2.8555982652765459e-06,1.7521742379080688e-06,-8.3721797687880236e-09,0.0,0.0,0.0,0.0
2.300000011920929,39,300.0,2.971500018187336e-43,-9.3321499357312292e-44,-2.1723730409805737e-44,912.14064357892926,-288.25297962810026,0.23179042910360415,0.0
2.300000011920929,40,347.6527063973086,-5.4701828287495265e-06,3.9737065362877716e-06,4.3850131846007567e-10,0.0,0.0,0.0,0.0
2.300000011920929,41,300.0,-7.0922541272902983e-34,6.2899537177507013e-35,-2.3587588558033212e-37,2103.0753303204174,-358.48412974781303,0.16067938756023892,0.0
2.300000011920929,42,347.62968131618334,-5.1272631190626988e-06,3.7605195003903567e-06,-1.7724613781313759e-08,0.0,0.0,0.0,0.0
2.300000011920929,43,323.82635319865426,-2.8567684818901984e-06,1.7528216335700201e-06,7.4467911276109961e-09,0.0,0.0,0.0,0.0
2.300000011920929,44,300.0,3.0293462405358275e-43,-8.5128015200806783e-44,3.2342833496921434e-44,912.12025531434551,-288.33517881810758,-0.17620807003841388,0.0
2.300000011920929,45,347.6081512315978,-7.7217489331766543e-06,4.8139011109670488e-06,-1.8690696140888838e-09,0.0,0.0,0.0,0.0
2.300000011920929,46,300.0,3.6790738661558068e-44,7.2693421249405774e-44,-3.106423644349681e-44,-274.91564132601422,3.7941355881969843,0.20659077629430012,-59.6030123013947
2.300000011920929,47,347.6081512315979,-7.729972753516238e-06,4.8181804972680289e-06,6.2817226192297412e-10,0.0,0.0,0.0,0.0
2.300000011920929,48,300.0,5.0232438271568667e-44,8.4266621179226709e-44,4.8279511914971256e-44,-274.91648169990719,3.7865444731906042,-0.3384722355031049,-59.60301230139464
2.300000011920929,49,347.6304288144532,-6.1232646882418712e-06,4.4182907829872596e-06,3.1563332992979804e-08,0.0,0.0,0.0,0.0
2.300000011920929,50,323.80407561579887,-4.39541275155602e-06,1.4954024370104583e-06,-1.7230858740150113e-08,0.0,0.0,0.0,0.0
2.300000011920929,51,300.0,-4.4556356013029015e-43,-2.0272919715280806e-43,-1.1275161087409731e-44,1247.1916118303639,-112.65664522015209,0.28522883206693073,0.0
2.300000011920929,52,347.60815123159784,-7.7455840666483068e-06,4.8597749448634834e-06,-6.0421050076227318e-10,0.0,0.0,0.0,0.0
2.300000011920929,53,300.0,-7.6482446356858371e-43,-4.7828443300647964e-43,1.3637110525276327e-44,1381.2670057942041,-205.68629484631001,0.15374732161968219,0.0
2.300000011920929,54,347.63042881445324,-6.1299127295459486e-06,4.4224289031891489e-06,-3.1606939536018037e-08,0.0,0.0,0.0,0.0
2.300000011920929,55,323.804075615799,-4.3978464362522303e-06,1.4964000642106075e-06,1.476614307079025e-08,0.0,0.0,0.0,0.0
2.300000011920929,56,300.0,-4.4377644846114131e-43,-1.903039943040995e-43,-2.9824415924421444e-44,1247.2037130107017,-112.7349683245461,0.12421025505632238,0.0
2.300000011920929,57,352.37596976816326,-2.4055716654743265e-06,1.1603092968040808e-05,-2.4237230612324337e-38,0.0,0.0,3.7985344637063529,0.0
2.300000011920929,58,400.0,-1.0000000000000003e-05,1.6000000000000003e-05,1.1738992838331743e-44,503.02195371330129,-138.79813406703411,1.6410868088859456,142.8633255264913
2.300000011920929,59,400.0,-1.0000000000000003e-05,1.6000000000000003e-05,1.4236903352661251e-36,851.69016206606761,-198.17717729480165,-0.43352326546451703,238.09112499272624
2.300000011920929,60,352.3811426547974,-5.1197746352643989e-06,1.2508505512195417e-05,2.1038354170747644e-36,0.0,0.0,-1.6829627359883212,0.0
2.300000011920929,61,352.37596976816315,-2.3962308341441221e-06,1.1605602354996912e-05,2.7033126777213787e-08,0.0,0.0,0.0,0.0
2.300000011920929,62,400.0,-1.0000000000000003e-05,1.6000000000000003e-05,-1.0095724206319241e-08,502.95971764660248,-138.74978181103137,0.0,142.8633255264914
2.300000011920929,63,400.0,-1.0000000000000003e-05,1.6000000000000003e-05,3.1722515945431699e-09,851.56075481499988,-197.871329002658,0.0,238.09112499272675
2.300000011920929,64,352.3811426547975,-5.1220973784199107e-06,1.2509375188264954e-05,-5.6897406169970032e-09,0.0,0.0,0.0,0.0
2.300000011920929,65,376.18798488408163,-5.7719361279797317e-06,1.4443342904056472e-05,-1.4402978232177186e-43,0.0,0.0,-5.9137526821027961,0.0
2.300000011920929,66,400.0,-1.0000000000000003e-05,1.6000000000000003e-05,3.9057305396256301e-44,-2413.6503967464728,514.03775755079221,-1.4554941273243667,0.0
2.300000011920929,67,376.1905713273987,-7.6344797205375759e-06,1.4198006291180229e-05,-2.945187399135436e-36,0.0,0.0,1.6682418696296657,0.0
2.300000011920929,68,352.3785562114803,-4.732896665910259e-06,1.2078997040961764e-05,-4.639945855573124e-37,0.0,0.0,2.2625832040737195,0.0
2.300000011920929,69,352.3759697681632,-2.4523996271995856e-06,1.1608993881542729e-05,9.5774256982510543e-09,0.0,0.0,0.0,0.0
2.300000011920929,70,400.0,-1.0000000000000003e-05,1.6000000000000003e-05,-6.8218087817466541e-10,-2835.7045261351509,473.75312484993339,0.0,0.0
2.300000011920929,71,400.0,-1.0000000000000003e-05,1.6000000000000003e-05,4.0282450688925836e-10,-3192.0359120819285,785.08900859321022,0.0,0.0
2.300000011920929,72,352.38114265479743,-5.1075391701121372e-06,1.2509112863252694e-05,-2.399455012608396e-09,0.0,0.0,0.0,0.0
2.300000011920929,73,376.1879848840815,-5.76376661780815e-06,1.4442812013528559e-05,-6.3204665233645712e-09,0.0,0.0,0.0,0.0
2.300000011920929,74,400.0,-1.0000000000000003e-05,1.6000000000000003e-05,-5.2183973912546306e-09,-2414.1077076425227,514.76203373763872,0.0,0.0
2.300000011920929,75,376.19057132739874,-7.6362117882691234e-06,1.4199277346620478e-05,2.4145122394410453e-09,0.0,0.0,0.0,0.0
2.300000011920929,76,352.3785562114803,-4.7268967926489685e-06,1.2080701884762958e-05,1.3404964765773695e-08,0.0,0.0,0.0,0.0
2.300000011920929,77,400.0,-1.0000000000000003e-05,1.6000000000000003e-05,4.4476520280110098e-44,289.22400586979296,-57.538752311414235,-1.5404003971896327,95.23567839001173
2.300000011920929,78,352.3881242561471,-7.6976698174143254e-06,1.1402968070080519e-05,-1.6455187580130874e-38,0.0,0.0,-3.1739418260942704,0.0
2.300000011920929,79,400.0,-1.0000000000000003e-05,1.6000000000000003e-05,5.0841977336985436e-09,289.09077599431225,-57.614973656214794,0.0,95.23567839001147
2.300000011920929,80,352.38812425614697,-7.7056990648230795e-06,1.1406299850946021e-05,-2.7031576849885024e-08,0.0,0.0,0.0,0.0
2.300000011920929,81,400.0,-1.0000000000000003e-05,1.6000000000000003e-05,-6.7714692180681063e-44,-887.65279636234879,276.20777936900242,2.1206097525732877,0.0
2.300000011920929,82,376.1940621280735,-9.3093074272059424e-06,1.4517544658680125e-05,-2.9098935364473267e-44,0.0,0.0,2.8567200683617204,0.0
2.300000011920929,83,352.3846334554722,-5.7138724746178668e-06,1.1941641595019449e-05,3.2984657199196169e-37,0.0,0.0,0.069909515606365727,0.0
2.300000011920929,84,400.0,-1.0000000000000003e-05,1.6000000000000003e-05,-2.3808762341877226e-10,-607.12134210253112,318.13117039517391,0.0,0.0
2.300000011920929,85,352.388124256147,-7.669596376505194e-06,1.139062857954798e-05,-9.6618157455631065e-09,0.0,0.0,0.0,0.0
2.300000011920929,86,400.0,-1.0000000000000003e-05,1.6000000000000003e-05,5.7332503248402804e-09,-887.13552673191862,276.05648127698959,0.0,0.0
2.300000011920929,87,376.1940621280735,-9.3157860150334269e-06,1.4521682009207723e-05,-1.5145456579580749e-09,0.0,0.0,0.0,0.0
2.300000011920929,88,352.3846334554722,-5.7201036200606438e-06,1.1943762750733372e-05,-1.3919883883685142e-08,0.0,0.0,0.0,0.0
2.4000000059604645,1,300.0,1.1197560235577689e-43,-5.0655013124630946e-44,-1.6851414501938749e-44,-134.98916766834358,7.8504512425268898,-0.097970311315353609,-59.42547687454945
2.4000000059604645,2,347.653760461936,-1.8255789548692754e-06,5.4531716246748169e-06,-2.5278941240902664e-08,0.0,0.0,0.0,0.0
2.4000000059604645,3,347.58573308455806,-4.4153532739359565e-06,4.6150668775127024e-06,-4.1031443467227798e-08,0.0,0.0,0.0,0.0
2.4000000059604645,4,300.0,6.2536768618772783e-35,-6.5452735545381578e-35,-5.6071703278332515e-37,-265.43518932879681,113.6546424388045,0.76097514650660691,-119.14964631114108
2.4000000059604645,5,300.0,1.1617804318008177e-43,-5.3975364898786807e-44,1.6577545888907245e-44,-135.02531377893288,7.891524890312148,0.17252439542074655,-59.42547687454929
2.4000000059604645,6,347.65376046193614,-1.8158771259434674e-06,5.4501952625347394e-06,2.2948104350793201e-08,0.0,0.0,0.0,0.0
2.4000000059604645,7,347.5857330845581,-4.4080827677509439e-06,4.6143361937672987e-06,4.0397651422153565e-08,0.0,0.0,0.0,0.0
2.4000000059604645,8,300.0,6.2574910066187373e-35,-6.5498701286191275e-35,5.0701624903294235e-37,-265.47758067064257,113.66753213742091,-0.60799681066388367,-119.14964631114114
2.4000000059604645,9,323.82688023096796,-2.9084960658445224e-07,1.7271499557357345e-06,1.00641607040303e-08,0.0,0.0,0.0,0.0
2.4000000059604645,10,347.619746773247,-3.575740927360943e-06,5.0679990528299262e-06,-3.8780820700870587e-08,0.0,0.0,0.0,0.0
2.4000000059604645,11,323.79286654227906,-2.0664834689516925e-06,1.9628227672657631e-06,9.6648023669907314e-09,0.0,0.0,0.0,0.0
2.4000000059604645,12,300.0,-2.6275147919874953e-43,2.1303312022920275e-43,-7.2480860278549085e-45,360.78024325606458,-123.46680402621979,-0.10347795242849539,0.0
2.4000000059604645,13,300.0,-3.1110839486463674e-43,2.6262340380618486e-43,3.0640576363010927e-44,197.13016087851051,-214.72070002604167,-0.16861001408562515,0.0
2.4000000059604645,14,347.65376046193603,-1.7810999385966032e-06,5.4687201032089533e-06,-1.1901937737543942e-09,0.0,0.0,0.0,0.0
2.4000000059604645,15,347.5857330845581,-4.347250918922368e-06,4.600387872544201e-06,-3.3164358808570034e-10,0.0,0.0,0.0,0.0
2.4000000059604645,16,300.0,-2.1147471780905523e-34,3.2772084478885164e-34,3.750542214784931e-38,1153.7818148283625,-419.81424111296928,-0.2611064708300268,0.0
2.4000000059604645,17,323.8268802309681,-2.8878386311500029e-07,1.7266197793488179e-06,-8.9102769080304586e-09,0.0,0.0,0.0,0.0
2.4000000059604645,18,347.61974677324713,-3.5665103428238146e-06,5.0659448263695468e-06,3.7480186188712179e-08,0.0,0.0,0.0,0.0
2.4000000059604645,19,323.79286654227906,-2.0645536907958015e-06,1.9622993240230693e-06,-8.1297771005625282e-09,0.0,0.0,0.0,0.0
2.4000000059604645,20,300.0,-3.0663391318351837e-43,2.226803459872931e-43,1.5810096702996091e-44,360.7361102791611,-123.46639629292099,-0.19995173587946907,0.0
2.4000000059604645,21,347.60665623505815,-5.0863418725221214e-06,4.0569425589809629e-06,-6.1400536754006309e-09,0.0,0.0,0.0,0.0
2.4000000059604645,22,300.0,8.5433278115020075e-35,-9.8202050358149461e-35,-5.4515200197912433e-37,-409.11445014086428,192.48219817154467,0.27250540933084733,-119.06898852879185
2.4000000059604645,23,347.60665623505815,-5.0851201262555229e-06,4.0595739734841289e-06,6.9167843929349461e-09,0.0,0.0,0.0,0.0
2.4000000059604645,24,300.0,8.5400585880578046e-35,-9.8165193607295679e-35,5.6219455898060358e-37,-409.11967279637884,192.39393962715249,-0.22249335593481706,-119.06898852879186
2.4000000059604645,25,347.59619465980813,-4.9304096153791702e-06,4.310402348165511e-06,-2.4231768787025947e-08,0.0,0.0,0.0,0.0
2.4000000059604645,26,323.8033281175291,-2.5182246829354626e-06,2.0754191639470703e-06,4.2864833561462685e-09,0.0,0.0,0.0,0.0
2.4000000059604645,27,300.0,3.7985874384312045e-43,3.786341596427386e-43,1.0434865402749927e-44,729.99268162529654,-310.33729223693854,-0.49173483497158776,0.0
2.4000000059604645,28,347.60665623505815,-5.0677240896503216e-06,4.0441286446155982e-06,3.9514886450397456e-10,0.0,0.0,0.0,0.0
2.4000000059604645,29,300.0,-2.6511680799375856e-34,2.611726506211954e-34,-1.6099696432246508e-37,1676.4228277149055,-512.85552469561219,-0.087443265815165871,0.0
2.4000000059604645,30,347.59619465980813,-4.9256310655608682e-06,4.3112581130054588e-06,2.4484677234980578e-08,0.0,0.0,0.0,0.0
2.4000000059604645,31,323.8033281175291,-2.5179754616897484e-06,2.0752826314871943e-06,-3.5367847561177998e-09,0.0,0.0,0.0,0.0
2.4000000059604645,32,300.0,3.7220786285434107e-43,3.8458794043275949e-43,-1.3289887229128533e-44,730.04981011301732,-310.39755198270882,0.24520851079899136,0.0
2.4000000059604645,33,347.6527063973086,-5.4514291257746757e-06,4.4618300436845661e-06,4.6249164731845981e-08,0.0,0.0,0.0,0.0
2.4000000059604645,34,300.0,2.1289949423196083e-34,-4.4233339736264505e-35,3.7252214805040397e-37,-562.95266299913135,125.00762450306573,-1.2005580009897943,-118.94300489335242
2.4000000059604645,35,347.6527063973086,-5.4576258094876301e-06,4.4663614791088258e-06,-4.5229961984561756e-08,0.0,0.0,0.0,0.0
2.4000000059604645,36,300.0,2.1289154088960726e-34,-4.4218289183821291e-35,-2.3790029804386937e-37,-562.90134412367706,124.93219166016999,1.0210654314815015,-118.94300489335234
2.4000000059604645,37,347.62968131618334,-5.1441904281924241e-06,4.2258065670917405e-06,2.1590355601599437e-08,0.0,0.0,0.0,0.0
2.4000000059604645,38,323.82635319865426,-2.9019933024147717e-06,1.970743603164254e-06,-9.2348264107515932e-09,0.0,0.0,0.0,0.0
2.4000000059604645,39,300.0,2.9915286130716365e-43,-9.211206875045208e-44,-2.1994281857391504e-44,922.48056913833091,-324.42687380186266,0.24159790276308729,0.0
2.4000000059604645,40,347.6527063973086,-5.53147560310789e-06,4.4671379437443904e-06,5.1328411110710754e-10,0.0,0.0,0.0,0.0
2.4000000059604645,41,300.0,-6.9423393987317996e-34,7.0120580444746742e-35,-2.7437470631161238e-37,2158.8803057533805,-402.34927403261673,0.18177582017872435,0.0
2.4000000059604645,42,347.62968131618334,-5.1471254903717722e-06,4.2295113680769043e-06,-2.0486577800942272e-08,0.0,0.0,0.0,0.0
2.4000000059604645,43,323.82635319865426,-2.9033037237897611e-06,1.9715255730714938e-06,8.2129757484120368e-09,0.0,0.0,0.0,0.0
2.4000000059604645,44,300.0,3.048075985161239e-43,-8.3567739253348578e-44,3.2158188042527408e-44,922.46372411580433,-324.52227437880561,-0.18610988338965617,0.0
2.4000000059604645,45,347.6081512315978,-8.0644084825533712e-06,5.4146820217088233e-06,-3.1420969212224808e-09,0.0,0.0,0.0,0.0
2.4000000059604645,46,300.0,3.8993590048709626e-44,7.8306582273769751e-44,-3.0788006944397703e-44,-283.28544411462912,4.1961574069565772,0.23162932863613653,-59.6030123013947
2.4000000059604645,47,347.6081512315979,-8.0738996232414754e-06,5.4199751427723607e-06,1.5699449725642825e-09,0.0,0.0,0.0,0.0
2.4000000059604645,48,300.0,5.2579150065567107e-44,9.0332277126746018e-44,4.8262568151803548e-44,-283.28755005393094,4.1838366648167442,-0.38752688636562954,-59.60301230139464
2.4000000059604645,49,347.6304288144532,-6.2669250505423875e-06,4.9673243253939253e-06,3.4848435151574354e-08,0.0,0.0,0.0,0.0
2.4000000059604645,50,323.80407561579887,-4.6331524045331798e-06,1.681323830369669e-06,-1.9732010528908824e-08,0.0,0.0,0.0,0.0
2.4000000059604645,51,300.0,-4.3314110140702135e-43,-2.1537595230685524e-43,-1.2026646213656361e-44,1299.2202837038249,-126.858867605868,0.3333512095113193,0.0
2.4000000059604645,52,347.60815123159784,-8.090864072348178e-06,5.4671239770619653e-06,-7.6676621139975927e-10,0.0,0.0,0.0,0.0
2.4000000059604645,53,300.0,-7.3517665204260153e-43,-4.7729817319188598e-43,1.3743315547556873e-44,1450.2414931143583,-231.76975617507634,0.17380627876228394,0.0
2.4000000059604645,54,347.63042881445324,-6.27447145715834e-06,4.9724027610410957e-06,-3.4945476831076388e-08,0.0,0.0,0.0,0.0
2.4000000059604645,55,323.804075615799,-4.6359805336435364e-06,1.6825253676805471e-06,1.68390679879928e-08,0.0,0.0,0.0,0.0
2.4000000059604645,56,300.0,-4.3223269916578976e-43,-2.0351133366677322e-43,-2.9334114163465452e-44,1299.2336973510323,-126.9528420330372,0.14284968174919863,0.0
2.4000000059604645,57,352.37596976816326,-2.0780214722932739e-06,1.3053049643699144e-05,-3.0251300173854334e-38,0.0,0.0,4.1280326053560419,0.0
2.4000000059604645,58,400.0,-1.0000000000000001e-05,1.8000000000000004e-05,1.2191897156479276e-44,503.61151832591815,-155.94867930765659,1.8028294003946188,142.86332552649134
2.4000000059604645,59,400.0,-1.0000000000000001e-05,1.8000000000000004e-05,1.6368011762131093e-36,854.50142999261971,-222.98452140144707,-0.56925150320742657,238.0911249927263
2.4000000059604645,60,352.3811426547974,-5.1325373977785465e-06,1.4071820504056973e-05,2.3785229105901141e-36,0.0,0.0,-1.9510021160594586,0.0
2.4000000059604645,61,352.3759697681631,-2.0677975988164202e-06,1.3055633598997121e-05,2.9154018504868939e-08,0.0,0.0,0.0,0.0
2.4000000059604645,62,400.0,-1.0000000000000001e-05,1.8000000000000004e-05,-1.1422709903158157e-08,503.52356350042453,-155.8841220951426,0.0,142.86332552649137
2.4000000059604645,63,400.0,-1.0000000000000001e-05,1.8000000000000004e-05,3.6222266910572106e-09,854.35149943629881,-222.64777605029118,0.0,238.0911249927268
2.4000000059604645,64,352.3811426547975,-5.1350441411288141e-06,1.407285417161042e-05,-5.9707930765485284e-09,0.0,0.0,0.0,0.0
2.4000000059604645,65,376.18798488408163,-5.5542237872693422e-06,1.6248608193791984e-05,-1.4216476320179119e-43,0.0,0.0,-6.6356057571090359,0.0
2.4000000059604645,66,400.0,-1.0000000000000001e-05,1.8000000000000004e-05,3.7867951854013593e-44,-2466.5528165242858,577.73953557847108,-1.5579866836764955,0.0
2.4000000059604645,67,376.1905713273987,-7.6502234315086526e-06,1.5972899129183138e-05,-3.3743099535370866e-36,0.0,0.0,1.9298434235065141,0.0
2.4000000059604645,68,352.3785562114803,-4.6962517414836588e-06,1.3586909938986093e-05,-5.1815601098349636e-37,0.0,0.0,2.698091159093392,0.0
2.4000000059604645,69,352.37596976816315,-2.1301609524407013e-06,1.3061130483031189e-05,1.0301045459539465e-08,0.0,0.0,0.0,0.0
2.4000000059604645,70,400.0,-1.0000000000000001e-05,1.8000000000000004e-05,-8.7653880481755715e-10,-2941.5439808765595,533.26178354753154,0.0,0.0
2.4000000059604645,71,400.0,-1.0000000000000001e-05,1.8000000000000004e-05,5.452724987870546e-10,-3176.1946067711515,883.34988101422914,0.0,0.0
2.4000000059604645,72,352.38114265479743,-5.1191878931611955e-06,1.4072170266725439e-05,-2.6386762710548298e-09,0.0,0.0,0.0,0.0
2.4000000059604645,73,376.1879848840815,-5.5451881805642931e-06,1.6247525948265156e-05,-7.5820155231278769e-09,0.0,0.0,0.0,0.0
2.4000000059604645,74,400.0,-1.0000000000000001e-05,1.8000000000000004e-05,-5.7919062084325601e-09,-2467.0382687037436,578.58887557366052,0.0,0.0
2.4000000059604645,75,376.19057132739874,-7.6521350568387939e-06,1.5974424682960612e-05,2.8335089296566659e-09,0.0,0.0,0.0,0.0
2.4000000059604645,76,352.37855621148026,-4.6894999843721589e-06,1.3588733154510354e-05,1.5262741403844153e-08,0.0,0.0,0.0,0.0
2.4000000059604645,77,400.0,-1.0000000000000001e-05,1.8000000000000004e-05,4.4681317758882969e-44,283.83960575899908,-65.054067277585759,-1.7601996782913754,95.23567839001169
2.4000000059604645,78,352.3881242561471,-8.0313138674155392e-06,1.2830165739966569e-05,-2.0697625221766454e-38,0.0,0.0,-3.6799644551981396,0.0
2.4000000059604645,79,400.0,-1.0000000000000001e-05,1.8000000000000004e-05,5.6354952092418561e-09,283.67045886612379,-65.141026335393718,0.0,95.2356783900115
2.4000000059604645,80,352.388124256147,-8.0405699695907601e-06,1.2834050073334836e-05,-3.1441583789488507e-08,0.0,0.0,0.0,0.0
2.4000000059604645,81,400.0,-1.0000000000000001e-05,1.8000000000000004e-05,-6.7054052899846379e-44,-832.68120859431406,311.46603153124249,2.4460498412417522,0.0
2.4000000059604645,82,376.1940621280735,-9.5336896064871893e-06,1.6332334515036878e-05,-3.3180105352391248e-44,0.0,0.0,3.1945265012808135,0.0
2.4000000059604645,83,352.3846334554722,-5.7999762307143553e-06,1.3436405404586389e-05,3.6710351992475737e-37,0.0,0.0,0.19232767019886701,0.0
2.4000000059604645,84,400.0,-1.0000000000000001e-05,1.8000000000000004e-05,-3.8808206971743075e-10,-517.23582723884624,357.66794972828905,0.0,0.0
2.4000000059604645,85,352.3881242561471,-7.9992302081595462e-06,1.2815126467223384e-05,-1.1198150719413385e-08,0.0,0.0,0.0,0.0
2.4000000059604645,86,400.0,-1.0000000000000001e-05,1.8000000000000004e-05,6.4500777032114483e-09,-832.07671336820601,311.2644351520002,0.0,0.0
2.4000000059604645,87,376.1940621280735,-9.5410793663633677e-06,1.6337362361105588e-05,-2.1031682198413218e-09,0.0,0.0,0.0,0.0
2.4000000059604645,88,352.3846334554722,-5.8070013352754584e-06,1.3438889104202477e-05,-1.5686733895022616e-08,0.0,0.0,0.0,0.0
2.5,1,300.0,-5.264665286342109e-40,4.1230011865398181e-40,1.4711153247484647e-42,-127.69380042579337,7.4858969267515336,-0.084488944050998271,-59.4254768745494
2.5,2,347.65376046193603,-1.5159667122862323e-06,5.9933675504083278e-06,-2.8853226779532706e-08,0.0,0.0,0.0,0.0
2.5,3,347.58573308455806,-4.3736898142710834e-06,5.0614831937998169e-06,-4.3457433043999145e-08,0.0,0.0,0.0,0.0
2.5,4,300.0,4.9453515865376537e-35,-6.9571248406896765e-35,-5.9642170543907633e-37,-251.37943560249226,123.15996705929393,0.79262553951614501,-119.14964631114103
2.5,5,300.0,-5.2849006484885845e-40,4.2313064362675789e-40,-1.5425866481019238e-41,-127.73740884818224,7.5383564809650467,0.15266848936550631,-59.42547687454931
2.5,6,347.6537604619361,-1.5057028196144735e-06,5.9893152560707932e-06,2.5991870410548926e-08,0.0,0.0,0.0,0.0
2.5,7,347.58573308455806,-4.3657234909833543e-06,5.0601947705069261e-06,4.2790340973605104e-08,0.0,0.0,0.0,0.0
2.5,8,300.0,4.9494021361850604e-35,-6.9628989441276549e-35,5.3840930085924975e-37,-251.42636388478547,123.17974736330194,-0.63259357496564961,-119.14964631114111
2.5,9,323.826880230968,-7.9470897064715231e-08,1.8854400351692336e-06,1.1204736550316942e-08,0.0,0.0,0.0,0.0
2.5,10,347.619746773247,-3.4451181751189842e-06,5.5668231909935835e-06,-4.396080999882247e-08,0.0,0.0,0.0,0.0
2.5,11,323.79286654227906,-2.0323139463875663e-06,2.1467548300933263e-06,1.0635366284294793e-08,0.0,0.0,0.0,0.0
2.5,12,300.0,2.0552092729715645e-39,-3.3703977043461609e-40,2.7166384852121286e-41,316.3244673155034,-132.6089781434236,-0.079418155422605122,0.0
2.5,13,300.0,1.8172303869178611e-39,5.4282637604052322e-40,2.407176241664317e-42,139.01461249761721,-234.91046296307712,-0.18105136748101458,0.0
2.5,14,347.65376046193603,-1.464697029240809e-06,6.0127773911896762e-06,-1.4557717463215784e-09,0.0,0.0,0.0,0.0
2.5,15,347.58573308455806,-4.3012742000312481e-06,5.0387062807344458e-06,-3.4985316992452457e-10,0.0,0.0,0.0,0.0
2.5,16,300.0,-1.5573197006537468e-34,3.5976772661250584e-34,4.9504461499555204e-38,1107.316701647288,-460.15773032820454,-0.28119524369512516,0.0
2.5,17,323.8268802309681,-7.7348277896514585e-08,1.8847325522053107e-06,-1.0152944448675907e-08,0.0,0.0,0.0,0.0
2.5,18,347.6197467732471,-3.4350900089705381e-06,5.5639031039713699e-06,4.2429218272840349e-08,0.0,0.0,0.0,0.0
2.5,19,323.79286654227906,-2.0301880575105392e-06,2.1460695748747373e-06,-8.9504109220945726e-09,0.0,0.0,0.0,0.0
2.5,20,300.0,2.0738787150668638e-39,-3.3079564152459963e-40,2.0076190262345723e-42,316.27661316710538,-132.59863898226772,-0.22321580082372056,0.0
2.5,21,347.60665623505815,-5.1017258352258474e-06,4.3981066945970729e-06,-5.8333515075206537e-09,0.0,0.0,0.0,0.0
2.5,22,300.0,7.4523231585684315e-35,-1.0928557224242207e-34,-5.9030770052815843e-37,-408.76827659155924,213.41506396034862,0.29176077914320536,-119.06898852879178
2.5,23,347.6066562350581,-5.1002488550885884e-06,4.4008886508990981e-06,6.8018225342979298e-09,0.0,0.0,0.0,0.0
2.5,24,300.0,7.4489520391037959e-35,-1.0925060593499627e-34,6.0834967753547122e-37,-408.77388182946731,213.32264089929021,-0.23077633982205281,-119.06898852879202
2.5,25,347.59619465980813,-4.937846640009575e-06,4.7010580109785201e-06,-2.3395695807968342e-08,0.0,0.0,0.0,0.0
2.5,26,323.8033281175291,-2.5235220807750293e-06,2.2688456558998339e-06,4.9683225264754893e-09,0.0,0.0,0.0,0.0
2.5,27,300.0,-3.3236301658247701e-40,8.9767967391772323e-40,-9.4680315352190108e-42,721.70009868563409,-339.58412709304457,-0.58926621358644438,0.0
2.5,28,347.60665623505815,-5.0816927600101966e-06,4.3913856408325737e-06,4.9051107621187784e-10,0.0,0.0,0.0,0.0
2.5,29,300.0,-2.1147744406582351e-34,2.8350055047047719e-34,-1.726594070119885e-37,1678.9447623985993,-556.30162925651643,-0.10299288861197117,0.0
2.5,30,347.5961946598081,-4.9325441222221771e-06,4.7016855380774401e-06,2.3775082885504346e-08,0.0,0.0,0.0,0.0
2.5,31,323.8033281175291,-2.5232219023571458e-06,2.2686884952163405e-06,-4.0459642122705896e-09,0.0,0.0,0.0,0.0
2.5,32,300.0,-3.2471423857677658e-40,9.0533401788017038e-40,-2.7498699261990467e-42,721.76255738577572,-339.64456461829161,0.30931800546254345,0.0
2.5,33,347.6527063973086,-5.4823388488305415e-06,4.8723640311753127e-06,4.981314029564829e-08,0.0,0.0,0.0,0.0
2.5,34,300.0,2.1488201063043762e-34,-4.8956573654435848e-35,4.1049497618865537e-37,-577.78327560524099,137.55518686779905,-1.3036236461190831,-118.94300489335242
2.5,35,347.6527063973086,-5.4891068321111569e-06,4.877731325883612e-06,-4.865702670245268e-08,0.0,0.0,0.0,0.0
2.5,36,300.0,2.1487286009173309e-34,-4.8939794901606646e-35,-2.5665796753058102e-37,-577.72918578421616,137.46314729317481,1.1027266933681972,-118.94300489335222
2.5,37,347.62968131618334,-5.1528709200098652e-06,4.5933025808880261e-06,2.2229260887857878e-08,0.0,0.0,0.0,0.0
2.5,38,323.82635319865426,-2.9347754474385782e-06,2.154608223469631e-06,-1.0371614666369215e-08,0.0,0.0,0.0,0.0
2.5,39,300.0,-7.45379984017369e-40,7.5534337218436315e-40,1.6635951973667809e-41,931.00677226543553,-358.88824221017279,0.29244515242591518,0.0
2.5,40,347.6527063973086,-5.5693360296071366e-06,4.8765484851840681e-06,5.8192611627654507e-10,0.0,0.0,0.0,0.0
2.5,41,300.0,-6.8228244217947145e-34,7.3473789074684143e-35,-3.1403919397986412e-37,2204.9955477509561,-437.36296676024722,0.20131056964908331,0.0
2.5,42,347.62968131618334,-5.1559632716243367e-06,4.5975276782264706e-06,-2.0910441033854492e-08,0.0,0.0,0.0,0.0
2.5,43,323.82635319865426,-2.9362045114003881e-06,2.1555268116073975e-06,9.2769538989471839e-09,0.0,0.0,0.0,0.0
2.5,44,300.0,-7.2570899720041512e-40,7.4672482043148347e-40,-2.4453739699627628e-41,930.99579873358539,-358.99565716800868,-0.24027303072169115,0.0
2.5,45,347.60815123159784,-8.3683413265547958e-06,5.9576188367118673e-06,-4.5693700477837639e-09,0.0,0.0,0.0,0.0
2.5,46,300.0,-9.1294661577195174e-41,-2.9501941537086299e-40,2.4778146647645997e-41,-291.80222919513108,2.3543801108738536,0.25253675048459956,-59.603012301394656
2.5,47,347.6081512315979,-8.3791071443156151e-06,5.9640178627849477e-06,2.6430025796439786e-09,0.0,0.0,0.0,0.0
2.5,48,300.0,-8.7572971406959879e-41,-2.9741289111821656e-40,-2.7441111588171194e-41,-291.8063700336541,2.3357055830538695,-0.43308226269475658,-59.60301230139464
2.5,49,347.63042881445324,-6.3815370328423136e-06,5.4499870619219902e-06,3.8236003989521495e-08,0.0,0.0,0.0,0.0
2.5,50,323.8040756157989,-4.8384508118203352e-06,1.8305036927745883e-06,-2.2045008496691077e-08,0.0,0.0,0.0,0.0
2.5,51,300.0,-1.9810762209646419e-40,6.1808658909946955e-40,-1.1899789188503678e-41,1344.9852555718351,-135.30196246686324,0.36872993981530183,0.0
2.5,52,347.60815123159784,-8.3972856368775448e-06,6.0176010827621299e-06,-9.4217403672060965e-10,0.0,0.0,0.0,0.0
2.5,53,300.0,-8.9188445526882981e-40,5.5960842157224503e-40,-4.1109796259680541e-43,1506.3730398392718,-255.51482174510764,0.19053603469076527,0.0
2.5,54,347.63042881445324,-6.3899184438331227e-06,5.45608124834326e-06,-3.8403968308610989e-08,0.0,0.0,0.0,0.0
2.5,55,323.804075615799,-4.8416707993760701e-06,1.8319093957920373e-06,1.8721241251591632e-08,0.0,0.0,0.0,0.0
2.5,56,300.0,-1.9480442858120489e-40,6.1369478824993678e-40,1.5689652448369111e-41,1345.0008207249741,-135.41288353219502,0.17269962721192667,0.0
2.5,57,352.3759697681632,-1.7851791456177698e-06,1.4551933209202339e-05,-3.3599804356308399e-38,0.0,0.0,4.2081518817136443,0.0
2.5,58,400.0,-1.0000000000000001e-05,2.0000000000000002e-05,-1.0030576941279408e-40,505.15716623667538,-170.21351381479221,1.8495025660180229,142.86332552649128
2.5,59,400.0,-1.0000000000000001e-05,2.0000000000000002e-05,1.7137475436875487e-36,856.69117920523331,-243.24131154777214,-0.67829919132127103,238.09112499272624
2.5,60,352.38114265479743,-5.1369528408672297e-06,1.5742267664393938e-05,2.3367838561235806e-36,0.0,0.0,-2.1466829092248343,0.0
2.5,61,352.37596976816315,-1.7742782569493234e-06,1.455379159485779e-05,2.9904362224350153e-08,0.0,0.0,0.0,0.0
2.5,62,400.0,-1.0000000000000001e-05,2.0000000000000002e-05,-1.2646744409257473e-08,505.01821243171122,-170.11228364000974,0.0,142.8633255264914
2.5,63,400.0,-1.0000000000000001e-05,2.0000000000000002e-05,3.958218779009933e-09,856.52212389244823,-242.89716869938474,0.0,238.09112499272663
2.5,64,352.3811426547975,-5.139557535046074e-06,1.5743703634410874e-05,-6.3050656159456131e-09,0.0,0.0,0.0,0.0
2.5,65,376.18798488408163,-5.3629715821301896e-06,1.8087245236789411e-05,1.3532587926401654e-40,0.0,0.0,-7.2439865690201364,0.0
2.5,66,400.0,-1.0000000000000001e-05,2.0000000000000002e-05,1.4035224574015044e-40,-2512.2966487603881,630.75740769239678,-1.4720026188702271,0.0
2.5,67,376.19057132739874,-7.6607263297748533e-06,1.7782334803644346e-05,-3.8407793880911533e-36,0.0,0.0,2.1085906282726588,0.0
2.5,68,352.3785562114803,-4.6778713942579968e-06,1.517359306556532e-05,-5.5907345581438673e-37,0.0,0.0,3.455017042709867,0.0
2.5,69,352.37596976816315,-1.8417297065752496e-06,1.4563711001381242e-05,1.0399403550841312e-08,0.0,0.0,0.0,0.0
2.5,70,400.0,-1.0000000000000001e-05,2.0000000000000002e-05,-1.105154619872213e-09,-3028.8815305233538,583.11629489374377,0.0,0.0
2.5,71,400.0,-1.0000000000000001e-05,2.0000000000000002e-05,6.7387130335299106e-10,-3162.5042769230427,960.60798157660975,0.0,0.0
2.5,72,352.3811426547975,-5.1228431737465538e-06,1.5739771704783541e-05,-2.902526747300813e-09,0.0,0.0,0.0,0.0
2.5,73,376.1879848840815,-5.3531871546420108e-06,1.8084980734474614e-05,-9.1745407684315588e-09,0.0,0.0,0.0,0.0
2.5,74,400.0,-1.0000000000000001e-05,2.0000000000000002e-05,-6.1617463838549567e-09,-2512.7918773721913,631.7373965697667,0.0,0.0
2.5,75,376.19057132739874,-7.6627606008244823e-06,1.7784306560804551e-05,3.0420612552614392e-09,0.0,0.0,0.0,0.0
2.5,76,352.3785562114803,-4.6704305114072446e-06,1.5175373611310273e-05,1.7558029944521109e-08,0.0,0.0,0.0,0.0
2.5,77,400.0,-1.0000000000000001e-05,2.0000000000000002e-05,-4.62982992975688e-41,277.8702317396191,-69.663657766360984,-1.8484734819253428,95.2356783900116
2.5,78,352.3881242561471,-8.3275806336679211e-06,1.4305830693378101e-05,-2.4919973558031116e-38,0.0,0.0,-3.9157805993004224,0.0
2.5,79,400.0,-1.0000000000000001e-05,2.0000000000000002e-05,6.0989815966993596e-09,277.68543474613739,-69.746768890767868,0.0,95.23567839001146
2.5,80,352.388124256147,-8.3380803327307447e-06,1.4309244860630556e-05,-3.4735248817538842e-08,0.0,0.0,0.0,0.0
2.5,81,400.0,-1.0000000000000001e-05,2.0000000000000002e-05,1.0542293422778474e-40,-784.62975926928937,338.4162974531813,2.5365457860978351,0.0
2.5,82,376.1940621280735,-9.7283846989293155e-06,1.8183417509190247e-05,-8.8808040922003667e-41,0.0,0.0,3.5158690949706299,0.0
2.5,83,352.3846334554722,-5.860271226834546e-06,1.5005868623420858e-05,3.9821646369728835e-37,0.0,0.0,-0.11383174326435992,0.0
2.5,84,400.0,-1.0000000000000001e-05,2.0000000000000002e-05,-5.7027032408697824e-10,-443.68660687536737,392.52888049771371,0.0,0.0
2.5,85,352.3881242561471,-8.2918738460536371e-06,1.4290368607247416e-05,-1.2260243866667532e-08,0.0,0.0,0.0,0.0
2.5,86,400.0,-1.0000000000000001e-05,2.0000000000000002e-05,6.9467797634177499e-09,-783.95046871125237,338.18301839824193,0.0,0.0
2.5,87,376.1940621280735,-9.7367213744303335e-06,1.8188725222362018e-05,-2.2801917924338363e-09,0.0,0.0,0.0,0.0
2.5,88,352.3846334554722,-5.8679922512063867e-06,1.5008244714961204e-05,-1.7896907568853925e-08,0.0,0.0,0.0,0.0
2.600000023841858,1,300.0,3.6272296101946387e-43,6.7613900201924162e-44,1.5133325611453872e-43,-124.39154798758651,6.4869461357850433,0.020189187685271032,-59.42547687454931
2.600000023841858,2,347.65376046193603,-1.4141249583641647e-06,6.2220922990586022e-06,-5.3883333930818201e-08,0.0,0.0,0.0,0.0
2.600000023841858,3,347.585733084558,-4.3664401667880028e-06,5.179770276537855e-06,-4.1358350729532197e-08,0.0,0.0,0.0,0.0
2.600000023841858,4,300.0,4.5592768659042312e-35,-7.083671423672324e-35,-5.8569877728808345e-37,-246.32205814408414,126.93111835747418,0.67851672779480499,-119.14964631114123
2.600000023841858,5,300.0,1.1566772762277964e-43,-8.8114811084998242e-44,1.2683233121880067e-43,-124.4479123552119,6.5574753080707202,0.031559612432244977,-59.42547687454924
2.600000023841858,6,347.65376046193614,-1.4035216439355471e-06,6.2169438792719274e-06,4.987632139185543e-08,0.0,0.0,0.0,0.0
2.600000023841858,7,347.5857330845581,-4.3580518488010218e-06,5.1780810570778015e-06,4.0187711642538904e-08,0.0,0.0,0.0,0.0
2.600000023841858,8,300.0,4.5629147244725139e-35,-7.0898198867010094e-35,5.2098275106037089e-37,-246.38101286441108,126.94464400304651,-0.52942686509934156,-119.14964631114114
2.600000023841858,9,323.826880230968,-1.2420055690305914e-08,1.9481579389228203e-06,6.4047213411032554e-10,0.0,0.0,0.0,0.0
2.600000023841858,10,347.619746773247,-3.4098309169629632e-06,5.7433137134410422e-06,-3.9444534702560173e-08,0.0,0.0,0.0,0.0
2.600000023841858,11,323.792866542279,-2.0243653262209539e-06,2.1988625581277912e-06,1.2218492136747163e-08,0.0,0.0,0.0,0.0
2.600000023841858,12,300.0,-7.403017989879311e-43,-2.751721613347935e-43,-5.1915876163526467e-43,300.98950795864067,-134.04338287581763,-0.13337145284783639,0.0
2.600000023841858,13,300.0,-1.7777552957607051e-42,-3.8335928993310706e-43,-2.2164822795778072e-43,122.02049524305126,-243.77571631649448,-0.16885345186949696,0.0
2.600000023841858,14,347.6537604619361,-1.356660238124663e-06,6.1894950628750544e-06,-2.0271762320955483e-09,0.0,0.0,0.0,0.0
2.600000023841858,15,347.58573308455806,-4.2944511779691009e-06,5.1733572580586342e-06,-6.0116444779968198e-10,0.0,0.0,0.0,0.0
2.600000023841858,16,300.0,-1.3787635444286471e-34,3.7051115184782096e-34,4.7329745315364719e-38,1092.6618226016058,-471.37779438900697,-0.26751366464359355,0.0
2.600000023841858,17,323.8268802309681,-1.0145311896497123e-08,1.9472413724252418e-06,-2.2408795335208984e-11,0.0,0.0,0.0,0.0
2.600000023841858,18,347.61974677324713,-3.399233552746932e-06,5.7396080313237954e-06,3.7119438149940122e-08,0.0,0.0,0.0,0.0
2.600000023841858,19,323.79286654227906,-2.021985889537687e-06,2.1979033923499311e-06,-1.0665249675963043e-08,0.0,0.0,0.0,0.0
2.600000023841858,20,300.0,-9.0662349680897917e-43,-7.7928824047946201e-43,-2.4800276684215157e-43,300.91444123883457,-134.02181143841102,-0.12493852602751387,0.0
2.600000023841858,21,347.6066562350581,-5.1037995133739629e-06,4.4964876636049271e-06,-6.1766448872197375e-09,0.0,0.0,0.0,0.0
2.600000023841858,22,300.0,7.1034707529365417e-35,-1.1487590462089667e-34,-6.2346675066598848e-37,-408.13149226519329,222.16495022949397,0.31154144969643771,-119.06898852879189
2.600000023841858,23,347.60665623505815,-5.1021765142614911e-06,4.4991697286550372e-06,7.1419526357325979e-09,0.0,0.0,0.0,0.0
2.600000023841858,24,300.0,7.0995347802436475e-35,-1.148465021755388e-34,6.3036322533832724e-37,-408.13921798614996,222.07761548507162,-0.24434131397489106,-119.06898852879182
2.600000023841858,25,347.596194659808,-4.9429379161244033e-06,4.8056492906117857e-06,-2.7625505837381731e-08,0.0,0.0,0.0,0.0
2.600000023841858,26,323.8033281175291,-2.5224709516811451e-06,2.3374568377415262e-06,5.0670754344415748e-09,0.0,0.0,0.0,0.0
2.600000023841858,27,300.0,2.2080525745041136e-43,-5.6475744144154757e-43,3.0081716732877132e-43,718.89892771558857,-350.93430044133964,-0.47217239656887822,0.0
2.600000023841858,28,347.60665623505815,-5.0828066967283658e-06,4.4790755688633819e-06,4.8871803773149005e-10,0.0,0.0,0.0,0.0
2.600000023841858,29,300.0,-1.9229379258469464e-34,2.9180254444933817e-34,-1.7409594047858295e-37,1678.0947431958873,-569.5904837995231,-0.10823742386760923,0.0
2.600000023841858,30,347.59619465980813,-4.9373579599338759e-06,4.8060332132858756e-06,2.7770443273116816e-08,0.0,0.0,0.0,0.0
2.600000023841858,31,323.8033281175291,-2.5221165142577571e-06,2.3371451518099922e-06,-4.0947065733879796e-09,0.0,0.0,0.0,0.0
2.600000023841858,32,300.0,-1.2724159030066275e-42,-1.558074655556179e-42,-4.9883251408700118e-43,718.94401527861737,-350.97938634406034,0.18278574459886038,0.0
2.600000023841858,33,347.6527063973086,-5.4795843321126252e-06,5.003333354695999e-06,4.9870997723512468e-08,0.0,0.0,0.0,0.0
2.600000023841858,34,300.0,2.1731929396876509e-34,-5.2621748600727992e-35,3.7185607061552725e-37,-583.86467968426348,142.09533048755222,-1.2787396554331667,-118.94300489335234
2.600000023841858,35,347.6527063973086,-5.4866416250113695e-06,5.0090195018080476e-06,-4.8341469325869016e-08,0.0,0.0,0.0,0.0
2.600000023841858,36,300.0,2.1730460150324807e-34,-5.2611575208411583e-35,-2.1205456010905151e-37,-583.80865770726734,142.00705293483117,1.06705753211218,-118.94300489335234
2.600000023841858,37,347.62968131618334,-5.1456229040107908e-06,4.7033876141917834e-06,2.6668083452276694e-08,0.0,0.0,0.0,0.0
2.600000023841858,38,323.82635319865426,-2.939685595961614e-06,2.2133430250887845e-06,-1.1528762589285841e-08,0.0,0.0,0.0,0.0
2.600000023841858,39,300.0,1.8736980764433975e-42,-2.4010329380279778e-43,2.1752630047892107e-43,932.06062409550964,-371.69928985414623,0.17129275598038549,0.0
2.600000023841858,40,347.6527063973086,-5.5687639938653552e-06,5.0229603464979079e-06,7.6795278543916189e-10,0.0,0.0,0.0,0.0
2.600000023841858,41,300.0,-6.7909404919064969e-34,7.1645439572934346e-35,-3.3017721518141469e-37,2219.721190572925,-444.45360237652096,0.20390137971830016,0.0
2.600000023841858,42,347.62968131618334,-5.1487706040721429e-06,4.7077102720110909e-06,-2.5125369616268592e-08,0.0,0.0,0.0,0.0
2.600000023841858,43,323.82635319865426,-2.9412503306210748e-06,2.214226856385574e-06,1.0514325049377392e-08,0.0,0.0,0.0,0.0
2.600000023841858,44,300.0,-4.1745820156248389e-42,-2.4488711417493259e-42,1.1269424439784621e-42,932.0576910353235,-371.80962678040322,-0.127121651813213,0.0
2.600000023841858,45,347.60815123159784,-8.4972136004991149e-06,6.22728438232713e-06,1.0059126955788912e-08,0.0,0.0,0.0,0.0
2.600000023841858,46,300.0,3.8193530009417612e-42,1.2104442823705639e-41,-1.0632299787434975e-41,-296.85748494300748,-0.11185288892496875,0.19218491742990759,-59.60301230139466
2.600000023841858,47,347.6081512315979,-8.5089431444898059e-06,6.2344937334195932e-06,-1.1694919794497354e-08,0.0,0.0,0.0,0.0
2.600000023841858,48,300.0,3.2508071743916216e-42,1.1143267655674984e-41,9.3454789958972597e-42,-296.86647223655837,-0.14041826816001352,-0.39201105881925363,-59.60301230139464
2.600000023841858,49,347.63042881445324,-6.4163681901281909e-06,5.6550748715730384e-06,3.4695555088812552e-08,0.0,0.0,0.0,0.0
2.600000023841858,50,323.8040756157989,-4.9193430384905889e-06,1.8876741598888041e-06,-1.5743209944130354e-08,0.0,0.0,0.0,0.0
2.600000023841858,51,300.0,1.0441622963417378e-41,-7.0361044513757708e-44,-4.3780014721133461e-42,1364.217602487777,-135.38490543318477,0.45807331848317978,0.0
2.600000023841858,52,347.60815123159784,-8.5289146784619428e-06,6.254207986217143e-06,-7.9628101563611899e-10,0.0,0.0,0.0,0.0
2.600000023841858,53,300.0,-1.0249723839191648e-41,-2.6391560863293502e-41,6.8686644542184728e-42,1524.1578359513348,-266.37658842161602,0.18477234616788343,0.0
2.600000023841858,54,347.63042881445324,-6.425292400043466e-06,5.6617726060067497e-06,-3.4476434478087091e-08,0.0,0.0,0.0,0.0
2.600000023841858,55,323.804075615799,-4.922938051354933e-06,1.8890649645011771e-06,1.2372548458408423e-08,0.0,0.0,0.0,0.0
2.600000023841858,56,300.0,1.1723824542972876e-42,-1.0584039462089004e-43,8.8404451901232909e-42,1364.26084892174,-135.50092246544128,0.11603588956260977,0.0
2.600000023841858,57,352.37596976816326,-1.6896650549079642e-06,1.6376598529188201e-05,-4.2926271282635686e-38,0.0,0.0,3.8159148537891667,0.0
2.600000023841858,58,400.0,-1.0000000000000001e-05,2.1999999999999999e-05,-2.0197514935985521e-42,506.76662850306246,-176.16021563747697,1.698784027307654,142.86332552649137
2.600000023841858,59,400.0,-1.0000000000000001e-05,2.1999999999999999e-05,1.572604426985158e-36,856.00889770433344,-251.51317351653887,-0.76269191952113324,238.0911249927264
2.600000023841858,60,352.3811426547975,-5.1292707641408849e-06,1.7656188355861573e-05,1.9739737710933316e-36,0.0,0.0,-2.2888335720254371,0.0
2.600000023841858,61,352.37596976816315,-1.6782634893500278e-06,1.6375873659002556e-05,2.7211314217378385e-08,0.0,0.0,0.0,0.0
2.600000023841858,62,400.0,-1.0000000000000001e-05,2.1999999999999999e-05,-1.3666241487565105e-08,506.5486730346131,-175.97024362714575,0.0,142.8633255264914
2.600000023841858,63,400.0,-1.0000000000000001e-05,2.1999999999999999e-05,4.1921793581786529e-09,855.81746196770405,-251.17371938997337,0.0,238.0911249927266
2.600000023841858,64,352.3811426547974,-5.131902505118588e-06,1.7658024302827857e-05,-6.7679066055681247e-09,0.0,0.0,0.0,0.0
2.600000023841858,65,376.18798488408163,-5.301972042892712e-06,2.003676703864761e-05,4.3249609699875958e-42,0.0,0.0,-7.5318055016157972,0.0
2.600000023841858,66,400.0,-1.0000000000000001e-05,2.1999999999999999e-05,6.4240937248609864e-42,-2528.2957110082916,650.03469038437356,-1.0574170261360694,0.0
2.600000023841858,67,376.19057132739874,-7.6587276856071892e-06,1.9716135484467767e-05,-4.022755308760905e-36,0.0,0.0,2.1819045021807133,0.0
2.600000023841858,68,352.3785562114804,-4.677793763567262e-06,1.7052193161338983e-05,-5.1691122027264465e-37,0.0,0.0,4.4496975182630818,0.0
2.600000023841858,69,352.3759697681632,-1.7479626495944871e-06,1.6394180369529102e-05,9.0583790920555548e-09,0.0,0.0,0.0,0.0
2.600000023841858,70,400.0,-1.0000000000000001e-05,2.1999999999999999e-05,-1.5306224163232945e-09,-3055.4158260487889,600.00507141832065,0.0,0.0
2.600000023841858,71,400.0,-1.0000000000000001e-05,2.1999999999999999e-05,7.9351302651656226e-10,-3159.6875995324162,981.68441411263029,0.0,0.0
2.600000023841858,72,352.38114265479743,-5.1147288470442749e-06,1.7650095538690615e-05,-3.1598851370778002e-09,0.0,0.0,0.0,0.0
2.600000023841858,73,376.1879848840815,-5.2917450155188771e-06,2.0032306487885337e-05,-1.1682900090693896e-08,0.0,0.0,0.0,0.0
2.600000023841858,74,400.0,-1.0000000000000001e-05,2.1999999999999999e-05,-6.2106094708997354e-09,-2528.7456587441384,651.1840986588245,0.0,0.0
2.600000023841858,75,376.1905713273987,-7.6608049995515688e-06,1.9718485980581867e-05,3.0478793005144201e-09,0.0,0.0,0.0,0.0
2.600000023841858,76,352.37855621148026,-4.6699557824608961e-06,1.7053044397224474e-05,1.9560692269781053e-08,0.0,0.0,0.0,0.0
2.600000023841858,77,400.0,-1.0000000000000001e-05,2.1999999999999999e-05,1.9436428331898254e-41,274.31323885581128,-70.627959161115797,-1.7253637198088771,95.2356783900115
2.600000023841858,78,352.388124256147,-8.4529188537642953e-06,1.6067992635213691e-05,-1.5101679961751541e-38,0.0,0.0,-3.6447916267807123,0.0
2.600000023841858,79,400.0,-1.0000000000000001e-05,2.1999999999999999e-05,6.5035039277616551e-09,274.15604065704952,-70.683160830958613,0.0,95.23567839001157
2.600000023841858,80,352.388124256147,-8.4643724764936342e-06,1.6069216507961856e-05,-3.4353466211370176e-08,0.0,0.0,0.0,0.0
2.600000023841858,81,400.0,-1.0000000000000001e-05,2.1999999999999999e-05,-2.0758356218873936e-41,-765.99111420548718,346.48125096857655,2.2365142885354437,0.0
2.600000023841858,82,376.1940621280735,-9.8063094323151987e-06,2.0135428148488301e-05,-4.5011744486068019e-41,0.0,0.0,3.7275431034557323,0.0
2.600000023841858,83,352.3846334554722,-5.869732794345393e-06,1.6841845345313223e-05,3.7167817911562633e-37,0.0,0.0,-0.87063832834125343,0.0
2.600000023841858,84,400.0,-1.0000000000000001e-05,2.1999999999999999e-05,-5.1885561633705651e-10,-419.9702667525986,405.38976671537921,0.0,0.0
2.600000023841858,85,352.388124256147,-8.4158553560270437e-06,1.6055846145721931e-05,-1.1979345621054771e-08,0.0,0.0,0.0,0.0
2.600000023841858,86,400.0,-1.0000000000000001e-05,2.1999999999999999e-05,7.1478405492898259e-09,-765.29397455395747,346.284129056832,0.0,0.0
2.600000023841858,87,376.1940621280735,-9.8153419270673264e-06,2.0139813019736015e-05,-1.2617310659135247e-09,0.0,0.0,0.0,0.0
2.600000023841858,88,352.3846334554722,-5.877841230569698e-06,1.6843185030878475e-05,-1.9627738459177816e-08,0.0,0.0,0.0,0.0
2.699999988079071,1,300.0,-4.0020136694630126e-41,8.427703383358718e-41,1.030677875895045e-40,-124.3893101404734,6.4839692452314814,0.018289107638485458,-59.42547687454927
2.699999988079071,2,347.6537604619361,-1.4142728978334624e-06,6.2221408540947706e-06,-5.4574532016004251e-08,0.0,0.0,0.0,0.0
2.699999988079071,3,347.585733084558,-4.3666068086976756e-06,5.179872670402319e-06,-4.1884504698572862e-08,0.0,0.0,0.0,0.0
2.699999988079071,4,300.0,4.5596821252359795e-35,-7.0838765179654405e-35,-5.9087393856376971e-37,-246.3190082900193,126.93139997743249,0.67625208040722329,-119.1496463111412
2.699999988079071,5,300.0,-7.5180168798540405e-41,9.5745867332269509e-41,-1.4511767123678663e-40,-124.45034130688721,6.55783686546844,0.027011602516964883,-59.42547687454931
2.699999988079071,6,347.6537604619361,-1.4033992771466403e-06,6.2168118057529207e-06,4.9514955403908977e-08,0.0,0.0,0.0,0.0
2.699999988079071,7,347.5857330845581,-4.358023192360221e-06,5.1779958869359357e-06,4.000234104667486e-08,0.0,0.0,0.0,0.0
2.699999988079071,8,300.0,4.563136038142082e-35,-7.0903012106089557e-35,5.2223352587931743e-37,-246.39230355824503,126.94911759835907,-0.538894659037506,-119.149646311141
2.699999988079071,9,323.8268802309681,-1.2560483562565726e-08,1.9482084400576833e-06,4.4973972914649248e-10,0.0,0.0,0.0,0.0
2.699999988079071,10,347.619746773247,-3.4100118316210901e-06,5.7433852003280944e-06,-4.0086919035038237e-08,0.0,0.0,0.0,0.0
2.699999988079071,11,323.792866542279,-2.0245042330262528e-06,2.1989685486240345e-06,1.2088487526534153e-08,0.0,0.0,0.0,0.0
2.699999988079071,12,300.0,6.7711653875574237e-41,-8.6967258997997488e-42,1.7111495554866931e-40,301.00954892502995,-134.04685931407496,-0.11199057809191648,0.0
2.699999988079071,13,300.0,1.4860612605897673e-40,-2.2108559799929496e-40,1.0113848126812244e-40,122.02303616456659,-243.77525680964882,-0.14497864471132094,0.0
2.699999988079071,14,347.6537604619361,-1.3566419708609068e-06,6.1895295317344727e-06,-2.5497594081723789e-09,0.0,0.0,0.0,0.0
2.699999988079071,15,347.58573308455806,-4.2944229271116218e-06,5.1733524048285736e-06,-9.5480781042163867e-10,0.0,0.0,0.0,0.0
2.699999988079071,16,300.0,-1.3788018539768909e-34,3.7051628757249842e-34,3.5092010685649157e-38,1092.6705032612842,-471.38045940464309,-0.23838927118589756,0.0
2.699999988079071,17,323.8268802309681,-1.0021297331039476e-08,1.9471369192073695e-06,-2.7058195141953092e-10,0.0,0.0,0.0,0.0
2.699999988079071,18,347.61974677324713,-3.3991454828551956e-06,5.739504832524479e-06,3.6858130764423187e-08,0.0,0.0,0.0,0.0
2.699999988079071,19,323.79286654227906,-2.0219114698524295e-06,2.197810205181019e-06,-1.081520010275321e-08,0.0,0.0,0.0,0.0
2.699999988079071,20,300.0,-1.6175763553553955e-40,4.1628395279862567e-41,3.5043928618089063e-41,300.88983655814548,-134.01675365996829,-0.11166322276983942,0.0
2.699999988079071,21,347.6066562350581,-5.1038187303385406e-06,4.4966668223576213e-06,-6.262713287286449e-09,0.0,0.0,0.0,0.0
2.699999988079071,22,300.0,7.1038497681065416e-35,-1.1487649588730605e-34,-6.3098659557428167e-37,-408.13125561558502,222.16751398761019,0.31092333550075135,-119.06898852879186
2.699999988079071,23,347.6066562350581,-5.1021665084747934e-06,4.4990874405735794e-06,7.0824467555629198e-09,0.0,0.0,0.0,0.0
2.699999988079071,24,300.0,7.0989099310129869e-35,-1.148498540079326e-34,6.2524583526101548e-37,-408.14199752763687,222.08597881053791,-0.24586458092198088,-119.06898852879202
2.699999988079071,25,347.596194659808,-4.9430288329629887e-06,4.8057896249743719e-06,-2.7955004126174705e-08,0.0,0.0,0.0,0.0
2.699999988079071,26,323.8033281175291,-2.5224940732470054e-06,2.3376006961631913e-06,5.0401128227018391e-09,0.0,0.0,0.0,0.0
2.699999988079071,27,300.0,8.52159778045259e-41,-6.4328870567254211e-41,5.3704218477397569e-41,718.91108172251813,-350.94228431526017,-0.46425059563219578,0.0
2.699999988079071,28,347.6066562350581,-5.0827955596107128e-06,4.4790559436989927e-06,4.1500974746118885e-10,0.0,0.0,0.0,0.0
2.699999988079071,29,300.0,-1.9229300155162681e-34,2.9180787835648892e-34,-1.7275741064099996e-37,1678.0960598419424,-569.6017819332028,-0.10218426499768848,0.0
2.699999988079071,30,347.59619465980813,-4.9373307288405055e-06,4.8059480268234511e-06,2.7651796826072015e-08,0.0,0.0,0.0,0.0
2.699999988079071,31,323.8033281175291,-2.5221026501572924e-06,2.337047006141913e-06,-4.1294306299441781e-09,0.0,0.0,0.0,0.0
2.699999988079071,32,300.0,-3.615179922586467e-41,1.4065352533803112e-41,3.2739789801190371e-41,718.93507495682923,-350.97386798900027,0.19029628850023597,0.0
2.699999988079071,33,347.6527063973086,-5.4794506934693151e-06,5.0034852916770298e-06,5.0271073429370683e-08,0.0,0.0,0.0,0.0
2.699999988079071,34,300.0,2.173249665269448e-34,-5.2620956291766591e-35,3.6510019468377872e-37,-583.86428956064015,142.09424830914634,-1.2791225874265297,-118.94300489335228
2.699999988079071,35,347.6527063973086,-5.4866450488696988e-06,5.0088528295469024e-06,-4.8250004962693291e-08,0.0,0.0,0.0,0.0
2.699999988079071,36,300.0,2.1729589799404234e-34,-5.2611504351133905e-35,-2.2224915212147846e-37,-583.79945918579199,142.0113348539025,1.0768730755967986,-118.94300489335217
2.699999988079071,37,347.62968131618334,-5.145568244399392e-06,4.7035574741793921e-06,2.684658964005825e-08,0.0,0.0,0.0,0.0
2.699999988079071,38,323.82635319865426,-2.9395744542084324e-06,2.2134636503328832e-06,-1.1454202501855725e-08,0.0,0.0,0.0,0.0
2.699999988079071,39,300.0,-6.0367487634978673e-41,-5.1197569971969116e-41,-3.4431479958192351e-41,932.05482709766773,-371.70588415632125,0.16892516286191536,0.0
2.699999988079071,40,347.6527063973086,-5.5688036830503577e-06,5.0229664531491229e-06,1.0133366820633975e-09,0.0,0.0,0.0,0.0
2.699999988079071,41,300.0,-6.7908929484469541e-34,7.1643788776915482e-35,-3.150785572119788e-37,2219.7126013891493,-444.45717140073589,0.18338790068027322,0.0
2.699999988079071,42,347.62968131618334,-5.148772432505193e-06,4.7075828870639509e-06,-2.5128557978935132e-08,0.0,0.0,0.0,0.0
2.699999988079071,43,323.82635319865426,-2.9412929563373817e-06,2.2140996854014705e-06,1.0626775308638194e-08,0.0,0.0,0.0,0.0
2.699999988079071,44,300.0,1.180483905786135e-41,5.3795777190652598e-41,-7.8307126026154524e-42,932.06058964206704,-371.80137062149436,-0.1294167448949427,0.0
2.699999988079071,45,347.60815123159784,-8.4971373009681262e-06,6.2275139720617203e-06,1.0655027728924454e-08,0.0,0.0,0.0,0.0
2.699999988079071,46,300.0,1.1763856672677695e-41,1.2032534279599837e-40,-8.6500254807322852e-41,-296.85967576512138,-0.11507809225344391,0.19588590111443746,-59.60301230139466
2.699999988079071,47,347.6081512315979,-8.5090512122680309e-06,6.2343213865607935e-06,-1.1280620355335767e-08,0.0,0.0,0.0,0.0
2.699999988079071,48,300.0,3.0169496766769428e-41,1.5941391600260205e-40,1.3969507980793991e-40,-296.86640960850991,-0.13842720860103241,-0.38922109119946458,-59.60301230139464
2.699999988079071,49,347.63042881445324,-6.4162253804574925e-06,5.6552655830275219e-06,3.5189816507287576e-08,0.0,0.0,0.0,0.0
2.699999988079071,50,323.8040756157989,-4.9192612564747989e-06,1.8877929182075562e-06,-1.5522982283424904e-08,0.0,0.0,0.0,0.0
2.699999988079071,51,300.0,-7.2162493593122823e-41,-5.8080256858006225e-41,-2.461782273763818e-40,1364.202003704648,-135.39107476133211,0.43898681037974174,0.0
2.699999988079071,52,347.60815123159784,-8.5289080303542464e-06,6.2541980717587777e-06,-2.9463755226820779e-10,0.0,0.0,0.0,0.0
2.699999988079071,53,300.0,-9.7766130864055498e-41,-2.9115347328142009e-40,-1.7479349985211599e-40,1524.1582251336317,-266.3745586657613,0.16273221541168961,0.0
2.699999988079071,54,347.63042881445324,-6.4253785683779043e-06,5.6616020329772853e-06,-3.4203826219388797e-08,0.0,0.0,0.0,0.0
2.699999988079071,55,323.804075615799,-4.9230386152923807e-06,1.8889736601952921e-06,1.256937519262129e-08,0.0,0.0,0.0,0.0
2.699999988079071,56,300.0,1.8917990506426872e-40,4.2154048830954039e-41,-4.7143629375681982e-41,1364.2798587649488,-135.49600979665433,0.10172245840209462,0.0
2.699999988079071,57,352.37596976816326,-1.6898406135062893e-06,1.8376635857261106e-05,-3.3798257027374001e-38,0.0,0.0,3.7765240633563879,0.0
2.699999988079071,58,400.0,-1.0000000000000003e-05,2.4000000000000001e-05,-1.686918879756352e-40,506.76834211350132,-176.15970083228601,1.6963417236590659,142.8633255264913
2.699999988079071,59,400.0,-1.0000000000000003e-05,2.4000000000000001e-05,1.573815601671769e-36,856.00835022750948,-251.51309163233844,-0.76212751389290756,238.09112499272635
2.699999988079071,60,352.38114265479743,-5.1292369317722766e-06,1.9656187088601064e-05,1.9510419859962123e-36,0.0,0.0,-2.2765286195435257,0.0
2.699999988079071,61,352.3759697681631,-1.6781463237786267e-06,1.8375846659281773e-05,2.7268676866672147e-08,0.0,0.0,0.0,0.0
2.699999988079071,62,400.0,-1.0000000000000003e-05,2.4000000000000001e-05,-1.3604193534972117e-08,506.54378640954178,-175.96972182181403,0.0,142.86332552649142
2.699999988079071,63,400.0,-1.0000000000000003e-05,2.4000000000000001e-05,4.1932176356222533e-09,855.81954314064717,-251.17352152065121,0.0,238.09112499272683
2.699999988079071,64,352.38114265479743,-5.1319037577005317e-06,1.9658035936202487e-05,-6.7489209996274182e-09,0.0,0.0,0.0,0.0
2.699999988079071,65,376.18798488408163,-5.3020457854618767e-06,2.2036760407661199e-05,5.3877910989590363e-40,0.0,0.0,-7.5257660321269899,0.0
2.699999988079071,66,400.0,-1.0000000000000003e-05,2.4000000000000001e-05,1.4520060153432513e-40,-2528.2891204576217,650.03571945300826,-1.0591976597499033,0.0
2.699999988079071,67,376.19057132739874,-7.658711698587186e-06,2.1716109339352388e-05,-4.0215315611163631e-36,0.0,0.0,2.1761835595835448,0.0
2.699999988079071,68,352.3785562114804,-4.6778849303018003e-06,1.9052220200492023e-05,-4.4637511540859544e-37,0.0,0.0,4.365275097580156,0.0
2.699999988079071,69,352.37596976816315,-1.7479451011923705e-06,1.8394173730796808e-05,9.1865905795375203e-09,0.0,0.0,0.0,0.0
2.699999988079071,70,400.0,-1.0000000000000003e-05,2.4000000000000001e-05,-1.5506017217503229e-09,-3055.412300677755,600.0036557269982,0.0,0.0
2.699999988079071,71,400.0,-1.0000000000000003e-05,2.4000000000000001e-05,8.0305281664985202e-10,-3159.6886749922633,981.68407645388174,0.0,0.0
2.699999988079071,72,352.38114265479743,-5.1147343030739188e-06,1.9650091848618361e-05,-3.1623075142896212e-09,0.0,0.0,0.0,0.0
2.699999988079071,73,376.1879848840815,-5.2916998983664027e-06,2.203232009600838e-05,-1.1686934109798275e-08,0.0,0.0,0.0,0.0
2.699999988079071,74,400.0,-1.0000000000000003e-05,2.4000000000000001e-05,-6.1942459538650293e-09,-2528.753235248219,651.18383854106241,0.0,0.0
2.699999988079071,75,376.19057132739874,-7.6608051984957929e-06,2.1718516479369781e-05,3.0474185834985187e-09,0.0,0.0,0.0,0.0
2.699999988079071,76,352.37855621148026,-4.6698834465469006e-06,1.9053028674902193e-05,1.9629994195304555e-08,0.0,0.0,0.0,0.0
2.699999988079071,77,400.0,-1.0000000000000003e-05,2.4000000000000001e-05,2.1317981948782146e-40,274.31259716788213,-70.627529736168498,-1.7254328449090039,95.23567839001154
2.699999988079071,78,352.388124256147,-8.4528203170428545e-06,1.8067933239987958e-05,-1.3631388249794458e-38,0.0,0.0,-3.6268089424550896,0.0
2.699999988079071,79,400.0,-1.0000000000000003e-05,2.4000000000000001e-05,6.4481171779841763e-09,274.15707423312443,-70.684513318280551,0.0,95.2356783900116
2.699999988079071,80,352.388124256147,-8.464481474211153e-06,1.8069291170913321e-05,-3.4553133096997215e-08,0.0,0.0,0.0,0.0
2.699999988079071,81,400.0,-1.0000000000000003e-05,2.4000000000000001e-05,-2.268212202503167e-40,-765.99574337981971,346.48249952736256,2.2399816112610043,0.0
2.699999988079071,82,376.1940621280735,-9.8062717523883947e-06,2.213540468411384e-05,-3.82933199234569e-40,0.0,0.0,3.7353652449373649,0.0
2.699999988079071,83,352.3846334554722,-5.8696373786171537e-06,1.8841809828301895e-05,3.1958467512798886e-37,0.0,0.0,-0.80911938600054523,0.0
2.699999988079071,84,400.0,-1.0000000000000003e-05,2.4000000000000001e-05,-5.140410995386685e-10,-419.97043962835625,405.39097349221731,0.0,0.0
2.699999988079071,85,352.388124256147,-8.4158549733360351e-06,1.8055839417783295e-05,-1.2162939303260129e-08,0.0,0.0,0.0,0.0
2.699999988079071,86,400.0,-1.0000000000000003e-05,2.4000000000000001e-05,7.1203577386482217e-09,-765.28937551168963,346.28275414827198,0.0,0.0
2.699999988079071,87,376.1940621280735,-9.8153844395934542e-06,2.2139845631453556e-05,-1.285990977230631e-09,0.0,0.0,0.0,0.0
2.699999988079071,88,352.3846334554722,-5.8779256662531026e-06,1.8843233287897838e-05,-1.9706711477972711e-08,0.0,0.0,0.0,0.0
2.800000011920929,1,300.0,1.2888132654133171e-40,-3.6653312168190294e-40,-1.7681439565239102e-40,-124.38720117468694,6.4813588877996295,0.016565841987352836,-59.42547687454943
2.800000011920929,2,347.65376046193603,-1.4144011900446167e-06,6.222183106883495e-06,-5.5170624828548972e-08,0.0,0.0,0.0,0.0
2.800000011920929,3,347.58573308455806,-4.3667510049656794e-06,5.1799618371869875e-06,-4.2339155461045029e-08,0.0,0.0,0.0,0.0
2.800000011920929,4,300.0,4.5600920634745615e-35,-7.0840823216145895e-35,-5.9602619603432462e-37,-246.31603886936995,126.93151182783862,0.67416325391208043,-119.14964631114114
2.800000011920929,5,300.0,-4.1155604272251142e-40,4.6120418065632001e-41,-6.489959948994663e-40,-124.45235870251977,6.5581523024481116,0.023112588596585271,-59.42547687454933
2.800000011920929,6,347.6537604619361,-1.4032883567479262e-06,6.2166959729875882e-06,4.9189534772868479e-08,0.0,0.0,0.0,0.0
2.800000011920929,7,347.5857330845581,-4.357994012089613e-06,5.1779212705161144e-06,3.9832624374292692e-08,0.0,0.0,0.0,0.0
2.800000011920929,8,300.0,4.5632039755124645e-35,-7.0907341889911674e-35,5.220738815585862e-37,-246.40194365937379,126.95290188099059,-0.54704919093073001,-119.14964631114114
2.800000011920929,9,323.826880230968,-1.2682531716568125e-08,1.948252513693009e-06,2.8204306990611833e-10,0.0,0.0,0.0,0.0
2.800000011920929,10,347.619746773247,-3.4101686271340474e-06,5.7434474114058195e-06,-4.0641622155666186e-08,0.0,0.0,0.0,0.0
2.800000011920929,11,323.79286654227906,-2.0246249160690521e-06,2.1990609505429886e-06,1.1973995611171086e-08,0.0,0.0,0.0,0.0
2.800000011920929,12,300.0,2.4032625737115964e-39,-4.260018037993088e-40,2.8351206603270321e-39,301.02718662884553,-134.04990975052857,-0.093444823996323451,0.0
2.800000011920929,13,300.0,6.1907856454654463e-40,-5.2762848948939347e-42,3.0508161434077676e-39,122.02495800751731,-243.7747920265183,-0.12415465369655357,0.0
2.800000011920929,14,347.65376046193603,-1.356627631594363e-06,6.1895592703136189e-06,-3.0074097211241753e-09,0.0,0.0,0.0,0.0
2.800000011920929,15,347.5857330845581,-4.2943995137196936e-06,5.1733481340491478e-06,-1.2651653713619507e-09,0.0,0.0,0.0,0.0
2.800000011920929,16,300.0,-1.3788256698150394e-34,3.7052123583903152e-34,2.6308760836659892e-38,1092.6775561103582,-471.38257192852393,-0.21292947583113034,0.0
2.800000011920929,17,323.8268802309681,-9.9110591371171087e-09,1.9470457416659093e-06,-4.867756133731886e-10,0.0,0.0,0.0,0.0
2.800000011920929,18,347.61974677324713,-3.3990642877008562e-06,5.7394143257626454e-06,3.6621043181746276e-08,0.0,0.0,0.0,0.0
2.800000011920929,19,323.79286654227906,-2.021844457400794e-06,2.1977286674312893e-06,-1.0945941801535388e-08,0.0,0.0,0.0,0.0
2.800000011920929,20,300.0,-3.1001770362607882e-39,6.5582261602315805e-40,1.5389458995800343e-39,300.86833205449273,-134.01235170414154,-0.099926865411745225,0.0
2.800000011920929,21,347.6066562350582,-5.1038357427524249e-06,4.4968212897620886e-06,-6.3387167110800351e-09,0.0,0.0,0.0,0.0
2.800000011920929,22,300.0,7.1042115075873695e-35,-1.1487664806081867e-34,-6.3838674817464977e-37,-408.13095278531335,222.16953966582875,0.31035879087239493,-119.06898852879173
2.800000011920929,23,347.60665623505815,-5.10215660429865e-06,4.4990140786962603e-06,7.0282480773965575e-09,0.0,0.0,0.0,0.0
2.800000011920929,24,300.0,7.0982501421774918e-35,-1.1485205728365913e-34,6.1993808399245938e-37,-408.14438739822367,222.09305172273272,-0.24718001638245612,-119.06898852879186
2.800000011920929,25,347.59619465980813,-4.9431078956875499e-06,4.8059110694471447e-06,-2.8240256194784701e-08,0.0,0.0,0.0,0.0
2.800000011920929,26,323.8033281175291,-2.5225144998099458e-06,2.3377256189845759e-06,5.0159642196197375e-09,0.0,0.0,0.0,0.0
2.800000011920929,27,300.0,1.5117888833294923e-39,-1.0484678692029693e-39,9.9434458727241409e-40,718.92172394056433,-350.94921972131158,-0.45732313928278595,0.0
2.800000011920929,28,347.60665623505815,-5.0827862433267083e-06,4.47903946019377e-06,3.4913088293578001e-10,0.0,0.0,0.0,0.0
2.800000011920929,29,300.0,-1.9229180975988242e-34,2.9181151960674059e-34,-1.7092066091624877e-37,1678.0971059025414,-569.61119961881525,-0.096800840816966244,0.0
2.800000011920929,30,347.59619465980813,-4.9373042773749327e-06,4.8058727955115966e-06,2.7542570186699345e-08,0.0,0.0,0.0,0.0
2.800000011920929,31,323.8033281175291,-2.5220897438093685e-06,2.3369603020906829e-06,-4.1600731921299661e-09,0.0,0.0,0.0,0.0
2.800000011920929,32,300.0,-1.0370897454985709e-39,6.6817796213533631e-40,9.1431540470867552e-40,718.9271717247866,-350.96901781190223,0.1968925169969041,0.0
2.800000011920929,33,347.6527063973086,-5.4793362412446958e-06,5.0036174631100509e-06,5.0613785480461612e-08,0.0,0.0,0.0,0.0
2.800000011920929,34,300.0,2.1733084068670164e-34,-5.26200857933042e-35,3.5818876382468879e-37,-583.86415682069401,142.09322267533005,-1.2793125282769222,-118.94300489335248
2.800000011920929,35,347.6527063973086,-5.4866510147402736e-06,5.0087072260574709e-06,-4.8164653196525375e-08,0.0,0.0,0.0,0.0
2.800000011920929,36,300.0,2.172886390989866e-34,-5.2610732578057811e-35,-2.3089355676400638e-37,-583.79166950193633,142.01498178806958,1.0852274054138975,-118.94300489335235
2.800000011920929,37,347.6296813161834,-5.1455216466788809e-06,4.703704560304455e-06,2.6998077356481971e-08,0.0,0.0,0.0,0.0
2.800000011920929,38,323.82635319865426,-2.9394788374673803e-06,2.2135690648788419e-06,-1.1388850554813243e-08,0.0,0.0,0.0,0.0
2.800000011920929,39,300.0,-8.1969643992578633e-40,-8.2900133323329459e-40,-3.3534699584142103e-40,932.04984979626533,-371.71164945716276,0.16689291673928736,0.0
2.800000011920929,40,347.6527063973086,-5.5688368666538549e-06,5.0229717265953407e-06,1.2270311461337059e-09,0.0,0.0,0.0,0.0
2.800000011920929,41,300.0,-6.7908612449826744e-34,7.1641327099671513e-35,-3.0261624425300346e-37,2219.7055145705103,-444.4600940107731,0.16557678063270623,0.0
2.800000011920929,42,347.62968131618334,-5.1487748983544942e-06,4.7074708432581829e-06,-2.5129244002632077e-08,0.0,0.0,0.0,0.0
2.800000011920929,43,323.82635319865426,-2.9413314235007598e-06,2.2139882776968252e-06,1.0723899888573981e-08,0.0,0.0,0.0,0.0
2.800000011920929,44,300.0,4.0221521943080586e-40,1.055694971729096e-39,-3.0760366199997186e-40,932.06308603359184,-371.79417015755729,-0.13140423431466952,0.0
2.800000011920929,45,347.60815123159784,-8.4970706566715724e-06,6.2277145840420883e-06,1.1171691105749669e-08,0.0,0.0,0.0,0.0
2.800000011920929,46,300.0,-2.1418619225941675e-40,-4.2890076059367152e-40,5.1678840789660907e-40,-296.86165240104293,-0.11787439482135539,0.19907009639107165,-59.60301230139468
2.800000011920929,47,347.60815123159784,-8.5091476431310069e-06,6.2341715884244857e-06,-1.0915220585017337e-08,0.0,0.0,0.0,0.0
2.800000011920929,48,300.0,1.0946040418970743e-40,2.2934206715681906e-40,3.9489376072271654e-40,-296.8664564408657,-0.13666549110922147,-0.38682601734039779,-59.60301230139466
2.800000011920929,49,347.63042881445324,-6.4161018085574087e-06,5.6554319319744809e-06,3.5616066224411275e-08,0.0,0.0,0.0,0.0
2.800000011920929,50,323.8040756157989,-4.9191900900461181e-06,1.8878969768839003e-06,-1.5330612525143399e-08,0.0,0.0,0.0,0.0
2.800000011920929,51,300.0,-1.9668321325636393e-39,-7.9549116876573132e-40,-2.5809452903255648e-39,1364.1883717536516,-135.39644859831063,0.42248124756663052,0.0
2.800000011920929,52,347.60815123159784,-8.5289016466624874e-06,6.254189003773437e-06,1.4349626791233681e-10,0.0,0.0,0.0,0.0
2.800000011920929,53,300.0,-1.225334951362838e-40,3.1203133044302435e-40,-2.8323718848610409e-39,1524.1587368494233,-266.37284094123709,0.14352445654035637,0.0
2.800000011920929,54,347.63042881445324,-6.4254564149837909e-06,5.6614534141073925e-06,-3.3960840137994218e-08,0.0,0.0,0.0,0.0
2.800000011920929,55,323.8040756157989,-4.9231271063744921e-06,1.8888939937908242e-06,1.2740426279612316e-08,0.0,0.0,0.0,0.0
2.800000011920929,56,300.0,2.45915420076105e-39,6.1026223668226938e-40,-1.8155749068208971e-39,1364.2964094539561,-135.49170739010424,0.089224602148398224,0.0
2.800000011920929,57,352.3759697681632,-1.6899926054983068e-06,2.0376667900623438e-05,-2.9726176965527933e-38,0.0,0.0,3.7430715895342765,0.0
2.800000011920929,58,400.0,-1.0000000000000003e-05,2.5999999999999998e-05,-7.7097658150616606e-40,506.7700082748147,-176.15918946066051,1.6946703965920011,142.8633255264913
2.800000011920929,59,400.0,-1.0000000000000003e-05,2.5999999999999998e-05,1.5751871112265412e-36,856.00789011527309,-251.51289326415713,-0.76156648824729789,238.0911249927263
2.800000011920929,60,352.38114265479743,-5.129208174164981e-06,2.1656186411411329e-05,1.9307057555065398e-36,0.0,0.0,-2.2661315038097372,0.0
2.800000011920929,61,352.37596976816315,-1.6780395242898219e-06,2.037582403664633e-05,2.7328906595487862e-08,0.0,0.0,0.0,0.0
2.800000011920929,62,400.0,-1.0000000000000003e-05,2.5999999999999998e-05,-1.3550206795126628e-08,506.5396715287639,-175.96925300015462,0.0,142.8633255264915
2.800000011920929,63,400.0,-1.0000000000000003e-05,2.5999999999999998e-05,4.1943368434383824e-09,855.82131605422205,-251.17323001434087,0.0,238.0911249927267
2.800000011920929,64,352.38114265479743,-5.1319052269288547e-06,2.1658047463485028e-05,-6.7337626446919644e-09,0.0,0.0,0.0,0.0
2.800000011920929,65,376.18798488408163,-5.3021100055064438e-06,2.4036754330774959e-05,2.1750894542162271e-39,0.0,0.0,-7.5219016520923727,0.0
2.800000011920929,66,400.0,-1.0000000000000003e-05,2.5999999999999998e-05,1.153463702351252e-40,-2528.2832050287143,650.03664181163629,-1.0610936397340358,0.0
2.800000011920929,67,376.19057132739874,-7.6586980671468746e-06,2.3716086350012293e-05,-4.0209712000497801e-36,0.0,0.0,2.1711958518584202,0.0
2.800000011920929,68,352.3785562114803,-4.6779646284430753e-06,2.1052243630045497e-05,-3.8753186892654787e-37,0.0,0.0,4.2920512095013335,0.0
2.800000011920929,69,352.37596976816315,-1.7479314376715906e-06,2.0394168173724609e-05,9.302589547525335e-09,0.0,0.0,0.0,0.0
2.800000011920929,70,400.0,-1.0000000000000003e-05,2.5999999999999998e-05,-1.5672028499748192e-09,-3055.4095311543706,600.00234850780305,0.0,0.0
2.800000011920929,71,400.0,-1.0000000000000003e-05,2.5999999999999998e-05,8.1114370370288662e-10,-3159.6895995044715,981.6835283088277,0.0,0.0
2.800000011920929,72,352.38114265479743,-5.1147388340732366e-06,2.1650088316369637e-05,-3.1646043912760633e-09,0.0,0.0,0.0,0.0
2.800000011920929,73,376.1879848840815,-5.2916578136480707e-06,2.40323323481279e-05,-1.1689466254250254e-08,0.0,0.0,0.0,0.0
2.800000011920929,74,400.0,-1.0000000000000003e-05,2.5999999999999998e-05,-6.1803542914291617e-09,-2528.7599629928472,651.18354022292056,0.0,0.0
2.800000011920929,75,376.19057132739874,-7.6608056061931233e-06,2.3718544221827822e-05,3.0467693087930068e-09,0.0,0.0,0.0,0.0
2.800000011920929,76,352.37855621148026,-4.6698176359706984e-06,2.1053016199241353e-05,1.9696080821226857e-08,0.0,0.0,0.0,0.0
2.800000011920929,77,400.0,-1.0000000000000003e-05,2.5999999999999998e-05,2.1151461991050507e-40,274.31198138444478,-70.627123465775725,-1.7257134846290936,95.23567839001151
2.800000011920929,78,352.388124256147,-8.4527347416602064e-06,2.0067881773715269e-05,-1.059851795420663e-38,0.0,0.0,-3.6114244229607144,0.0
2.800000011920929,79,400.0,-1.0000000000000003e-05,2.5999999999999998e-05,6.3993088169605857e-09,274.15787830987301,-70.685691570687922,0.0,95.23567839001161
2.800000011920929,80,352.3881242561471,-8.4645792349151955e-06,2.0069356308536733e-05,-3.4733138728769104e-08,0.0,0.0,0.0,0.0
2.800000011920929,81,400.0,-1.0000000000000003e-05,2.5999999999999998e-05,2.0113230492101442e-40,-765.99984038575496,346.48361888775736,2.2432478016816995,0.0
2.800000011920929,82,376.1940621280735,-9.8062388123781748e-06,2.4135383906330085e-05,3.1299214506930414e-40,0.0,0.0,3.7428743942737546,0.0
2.800000011920929,83,352.3846334554722,-5.8695546102550526e-06,2.0841779294008819e-05,2.7667425704480832e-37,0.0,0.0,-0.75601877892859526,0.0
2.800000011920929,84,400.0,-1.0000000000000003e-05,2.5999999999999998e-05,-5.1054335668375316e-10,-419.97044998040866,405.39197765643468,0.0,0.0
2.800000011920929,85,352.3881242561471,-8.4158536765191857e-06,2.0055833758747227e-05,-1.2325702744118313e-08,0.0,0.0,0.0,0.0
2.800000011920929,86,400.0,-1.0000000000000003e-05,2.5999999999999998e-05,7.0966568419427575e-09,-765.28534169330567,346.28151763217528,0.0,0.0
2.800000011920929,87,376.19406212807354,-9.8154231125361694e-06,2.4139874441974244e-05,-1.3078047122248467e-09,0.0,0.0,0.0,0.0
2.800000011920929,88,352.3846334554722,-5.8780010493909118e-06,2.0843276025125483e-05,-1.978031253893394e-08,0.0,0.0,0.0,0.0
2.899999976158142,1,300.0,1.3324363268938904e-40,-3.2054954399535689e-40,-1.6255235905588702e-40,-124.38522545253304,6.479069079911735,0.015005128695275816,-59.425476874549396
2.899999976158142,2,347.65376046193603,-1.4145125040006529e-06,6.2222199316927915e-06,-5.5685061622197595e-08,0.0,0.0,0.0,0.0
2.899999976158142,3,347.58573308455806,-4.3668758681707421e-06,5.1800395407669352e-06,-4.2732300615593977e-08,0.0,0.0,0.0,0.0
2.899999976158142,4,300.0,4.5603659684824042e-35,-7.0842211275875843e-35,-5.9954941551231163e-37,-246.31318159852282,126.93149624705808,0.672242789200034,-119.14964631114103
2.899999976158142,5,300.0,-3.4309408118176393e-40,4.0126810812385679e-41,-5.5366753936989293e-40,-124.45403300407118,6.5584276126169208,0.019767242215575187,-59.425476874549396
2.899999976158142,6,347.653760461936,-1.4031879632930813e-06,6.2165943806883552e-06,4.8896801644888115e-08,0.0,0.0,0.0,0.0
2.899999976158142,7,347.58573308455806,-4.3579649601154815e-06,5.1778558971714052e-06,3.9677629977571131e-08,0.0,0.0,0.0,0.0
2.899999976158142,8,300.0,4.5633779105919856e-35,-7.0910904268200058e-35,5.2296731944012233e-37,-246.41017913367173,126.95610430170331,-0.55407806508391144,-119.14964631114105
2.899999976158142,9,323.826880230968,-1.2788666852786378e-08,1.9482910024743179e-06,1.3454589957727033e-10,0.0,0.0,0.0,0.0
2.899999976158142,10,347.619746773247,-3.4103046064784433e-06,5.7435016060533947e-06,-4.1120945826281693e-08,0.0,0.0,0.0,0.0
2.899999976158142,11,323.79286654227906,-2.0247298380998388e-06,2.1991415488414e-06,1.187313041759945e-08,0.0,0.0,0.0,0.0
2.899999976158142,12,300.0,2.1119448982882283e-39,-3.7295831318484232e-40,2.4482287025422949e-39,301.04271238776283,-134.05258722866887,-0.077347298603273495,0.0
2.899999976158142,13,300.0,4.9851140306827012e-40,5.815921382496688e-42,2.6507738970281619e-39,122.02638133906494,-243.77433305930916,-0.10598143657881362,0.0
2.899999976158142,14,347.65376046193603,-1.3566164631522997e-06,6.1895849669700195e-06,-3.4083837833386288e-09,0.0,0.0,0.0,0.0
2.899999976158142,15,347.58573308455806,-4.2943801284243303e-06,5.1733443938711392e-06,-1.5376598935614596e-09,0.0,0.0,0.0,0.0
2.899999976158142,16,300.0,-1.3788538948414956e-34,3.7052490532913831e-34,1.6525046517203282e-38,1092.6832660031016,-471.38423639146521,-0.19066049748155028,0.0
2.899999976158142,17,323.82688023096796,-9.8130722317810035e-09,1.9469661283061098e-06,-6.7522026792139783e-10,0.0,0.0,0.0,0.0
2.899999976158142,18,347.619746773247,-3.3989896788291707e-06,5.739334949099555e-06,3.6406290768501686e-08,0.0,0.0,0.0,0.0
2.899999976158142,19,323.79286654227906,-2.0217841700632927e-06,2.1976573059328693e-06,-1.1060009325510479e-08,0.0,0.0,0.0,0.0
2.899999976158142,20,300.0,-2.6971072776321815e-39,5.6915179043451755e-40,1.3590019840818403e-39,300.84952465811745,-134.00851890010529,-0.089549510037733149,0.0
2.899999976158142,21,347.60665623505815,-5.1038508206944284e-06,4.4969545561086373e-06,-6.4058806949884795e-09,0.0,0.0,0.0,0.0
2.899999976158142,22,300.0,7.1044983749270485e-35,-1.1487702291743853e-34,-6.4384375473158328e-37,-408.13060375492569,222.17112942001245,0.30984337181844018,-119.0689885287918
2.899999976158142,23,347.60665623505815,-5.102146931559577e-06,4.4989487286346233e-06,6.9789295733694495e-09,0.0,0.0,0.0,0.0
2.899999976158142,24,300.0,7.0977974951581571e-35,-1.1485460383999748e-34,6.1603181154939509e-37,-408.14644439992179,222.09903580406456,-0.24831775518344218,-119.06898852879188
2.899999976158142,25,347.59619465980813,-4.9431767034167057e-06,4.8060162400338566e-06,-2.8487393921056518e-08,0.0,0.0,0.0,0.0
2.899999976158142,26,323.8033281175291,-2.5225325642653622e-06,2.3378341601025267e-06,4.9943280010078975e-09,0.0,0.0,0.0,0.0
2.899999976158142,27,300.0,1.3174260306958407e-39,-9.0647279869624322e-40,8.6560491166817562e-40,718.9310487325796,-350.95524865456417,-0.45126128784504543,0.0
2.899999976158142,28,347.60665623505815,-5.0827784562125651e-06,4.4790256292625611e-06,2.9023243220349398e-10,0.0,0.0,0.0,0.0
2.899999976158142,29,300.0,-1.9229129850376608e-34,2.9181541424828985e-34,-1.7024768200575614e-37,1678.0979299763203,-569.61904791340544,-0.092010937798172932,0.0
2.899999976158142,30,347.59619465980813,-4.937278871349702e-06,4.8058063741970201e-06,2.7442307592909987e-08,0.0,0.0,0.0,0.0
2.899999976158142,31,323.8033281175291,-2.5220777650318845e-06,2.3368837195896518e-06,-4.1871376293568572e-09,0.0,0.0,0.0,0.0
2.899999976158142,32,300.0,-9.136274342049995e-40,5.8785463342875942e-40,7.9968363888009511e-40,718.9201821201782,-350.96475548943772,0.20268906185469221,0.0
2.899999976158142,33,347.6527063973086,-5.4792381832911626e-06,5.0037325090576483e-06,5.09074714384909e-08,0.0,0.0,0.0,0.0
2.899999976158142,34,300.0,2.1733523326080519e-34,-5.2619489750077708e-35,3.5311425117302539e-37,-583.86421495275499,142.09225818704687,-1.2793577924317012,-118.9430048933524
2.899999976158142,35,347.65270639730863,-5.4866587191453731e-06,5.0085800067622215e-06,-4.8085526828055537e-08,0.0,0.0,0.0,0.0
2.899999976158142,36,300.0,2.17282181035678e-34,-5.2610790927585464e-35,-2.3856688778974273e-37,-583.78507235687096,142.01808926625515,1.0923406453592366,-118.9430048933523
2.899999976158142,37,347.62968131618334,-5.1454819199490279e-06,4.7038320073233238e-06,2.7126632793124191e-08,0.0,0.0,0.0,0.0
2.899999976158142,38,323.82635319865426,-2.9393965499074008e-06,2.2136612252770835e-06,-1.1331584891660319e-08,0.0,0.0,0.0,0.0
2.899999976158142,39,300.0,-7.0558742817213514e-40,-7.2185426118285241e-40,-2.8924796188544269e-40,932.0455780822914,-371.71669290374342,0.165149918578546,0.0
2.899999976158142,40,347.65270639730863,-5.5688646094685176e-06,5.0229762959021791e-06,1.4131421337672966e-09,0.0,0.0,0.0,0.0
2.899999976158142,41,300.0,-6.7908287948844357e-34,7.1640239309371411e-35,-2.9111725044913805e-37,2219.699674821235,-444.46248300327886,0.15010885753736303,0.0
2.899999976158142,42,347.6296813161834,-5.148777758108641e-06,4.7073723003467523e-06,-2.5128140058745997e-08,0.0,0.0,0.0,0.0
2.899999976158142,43,323.8263531986543,-2.9413660561342725e-06,2.213890664954403e-06,1.0807807743831602e-08,0.0,0.0,0.0,0.0
2.899999976158142,44,300.0,3.4852889278225287e-40,9.1960087410150397e-40,-2.6803206656571817e-40,932.06523389622362,-371.78788929449428,-0.133123691667833,0.0
2.899999976158142,45,347.6081512315978,-8.4970124637359642e-06,6.2278899183598825e-06,1.1619771443125181e-08,0.0,0.0,0.0,0.0
2.899999976158142,46,300.0,-1.9706772252082064e-40,-3.6995742568104406e-40,4.4304726230432965e-40,-296.86343196924196,-0.12030073996357075,0.20181124440540035,-59.603012301394735
2.899999976158142,47,347.6081512315979,-8.5092336193141585e-06,6.2340413200506965e-06,-1.059299285214096e-08,0.0,0.0,0.0,0.0
2.899999976158142,48,300.0,8.1001558314708148e-41,2.0389115781204446e-40,3.3880182786469881e-40,-296.86658427477971,-0.13510766477517835,-0.38476974530919555,-59.60301230139467
2.899999976158142,49,347.6304288144532,-6.4159948517764346e-06,5.655577086780716e-06,3.59838036851844e-08,0.0,0.0,0.0,0.0
2.899999976158142,50,323.80407561579887,-4.9191281660375379e-06,1.8879881668118934e-06,-1.5162556479271238e-08,0.0,0.0,0.0,0.0
2.899999976158142,51,300.0,-1.7201363817904175e-39,-6.9061873693570386e-40,-2.2267955814523992e-39,1364.1764599390365,-135.40113181655227,0.4082024803349697,0.0
2.899999976158142,52,347.60815123159784,-8.5288955876968091e-06,6.2541807679928298e-06,5.2622047439083609e-10,0.0,0.0,0.0,0.0
2.899999976158142,53,300.0,-8.2657934845042626e-41,2.6320676942304442e-40,-2.4640475698352458e-39,1524.15933122315,-266.37138642348242,0.1267807452388594,0.0
2.899999976158142,54,347.63042881445324,-6.4255266014973676e-06,5.6613238778551429e-06,-3.3744467242040493e-08,0.0,0.0,0.0,0.0
2.899999976158142,55,323.804075615799,-4.9232049660224813e-06,1.8888244479200767e-06,1.2889127302094055e-08,0.0,0.0,0.0,0.0
2.899999976158142,56,300.0,2.1371928871989484e-39,5.3383637016956459e-40,-1.5835905174294169e-39,1364.310822950077,-135.48793881992418,0.078310336412132753,0.0
2.899999976158142,57,352.37596976816326,-1.6901242705736802e-06,2.2376695394311806e-05,-2.2916106142743514e-38,0.0,0.0,3.714650318872641,0.0
2.899999976158142,58,400.0,-1.0000000000000003e-05,2.7999999999999996e-05,-6.053122264760605e-40,506.77160915133294,-176.15869092280303,1.6936043817515034,142.86332552649125
2.899999976158142,59,400.0,-1.0000000000000003e-05,2.7999999999999996e-05,1.5765976183431386e-36,856.00750550387261,-251.51261303455601,-0.76101509412352242,238.09112499272624
2.899999976158142,60,352.38114265479743,-5.1291837363374556e-06,2.3656186173862668e-05,1.9144191029104144e-36,0.0,0.0,-2.2573437374241405,0.0
2.899999976158142,61,352.3759697681632,-1.6779423740544115e-06,2.2375805068078952e-05,2.7390178579542205e-08,0.0,0.0,0.0,0.0
2.899999976158142,62,400.0,-1.0000000000000003e-05,2.7999999999999996e-05,-1.3503213913400518e-08,506.53620598269146,-175.96883297262841,0.0,142.86332552649154
2.899999976158142,63,400.0,-1.0000000000000003e-05,2.7999999999999996e-05,4.1954928376441522e-09,855.82282677009562,-251.1728752036139,0.0,238.0911249927267
2.899999976158142,64,352.3811426547974,-5.1319067970384239e-06,2.3658058681195516e-05,-6.7216834299660964e-09,0.0,0.0,0.0,0.0
2.899999976158142,65,376.18798488408163,-5.3021659583740694e-06,2.6036748771213218e-05,1.6904293101673155e-39,0.0,0.0,-7.5197277013678017,0.0
2.899999976158142,66,400.0,-1.0000000000000003e-05,2.7999999999999996e-05,5.061901595262905e-41,-2528.2779003628561,650.03747008409812,-1.0630402387343083,0.0
2.899999976158142,67,376.19057132739874,-7.658686448014098e-06,2.5716066124997983e-05,-4.0210764210164445e-36,0.0,0.0,2.1668382384707545,0.0
2.899999976158142,68,352.3785562114804,-4.6780343427956657e-06,2.3052263923645764e-05,-3.353638811010208e-37,0.0,0.0,4.228496922000839,0.0
2.899999976158142,69,352.37596976816326,-1.7479209017578337e-06,2.2394163499445122e-05,9.4073832306678312e-09,0.0,0.0,0.0,0.0
2.899999976158142,70,400.0,-1.0000000000000003e-05,2.7999999999999996e-05,-1.5809905642755019e-09,-3055.407378456503,600.00114830972825,0.0,0.0
2.899999976158142,71,400.0,-1.0000000000000003e-05,2.7999999999999996e-05,8.1800526823401114e-10,-3159.6903954920908,981.68283711197432,0.0,0.0
2.899999976158142,72,352.3811426547974,-5.1147425984613179e-06,2.3650084955768805e-05,-3.1667394091762917e-09,0.0,0.0,0.0,0.0
2.899999976158142,73,376.1879848840816,-5.2916187438906808e-06,2.6032343359393954e-05,-1.1690832984857096e-08,0.0,0.0,0.0,0.0
2.899999976158142,74,400.0,-1.0000000000000003e-05,2.7999999999999996e-05,-6.1685579877408345e-09,-2528.765939617555,651.18322127615488,0.0,0.0
2.899999976158142,75,376.1905713273987,-7.660806144588847e-06,2.571856939119431e-05,3.045994990783332e-09,0.0,0.0,0.0,0.0
2.899999976158142,76,352.37855621148026,-4.6697578677142846e-06,2.3053006350042075e-05,1.9758583158646754e-08,0.0,0.0,0.0,0.0
2.899999976158142,77,400.0,-1.0000000000000003e-05,2.7999999999999996e-05,1.507633279864165e-40,274.31139676926801,-70.626741831271275,-1.726144887677215,95.23567839001166
2.899999976158142,78,352.3881242561471,-8.4526604212456394e-06,2.2067837137545059e-05,-9.9707772981681089e-39,0.0,0.0,-3.5982589019458908,0.0
2.899999976158142,79,400.0,-1.0000000000000003e-05,2.7999999999999996e-05,6.3562984461609373e-09,274.15849635182957,-70.686718386258235,0.0,95.23567839001156
2.899999976158142,80,352.388124256147,-8.46466680800745e-06,2.2069413145048112e-05,-3.4895152705921088e-08,0.0,0.0,0.0,0.0
2.899999976158142,81,400.0,-1.0000000000000003e-05,2.7999999999999996e-05,2.1050753799202296e-40,-766.00346182303042,346.48462232898015,2.2463034845646721,0.0
2.899999976158142,82,376.1940621280735,-9.8062100258468191e-06,2.6135365507376755e-05,3.7547176425242912e-40,0.0,0.0,3.7500080718458775,0.0
2.899999976158142,83,352.3846334554722,-5.8694827982648773e-06,2.2841753014584739e-05,2.3841364754802047e-37,0.0,0.0,-0.71016467125479477,0.0
2.899999976158142,84,400.0,-1.0000000000000003e-05,2.7999999999999996e-05,-5.0809253215100703e-10,-419.9703370120925,405.39281361563491,0.0,0.0
2.899999976158142,85,352.3881242561471,-8.4158517380378973e-06,2.2055828977723571e-05,-1.2469933474422696e-08,0.0,0.0,0.0,0.0
2.899999976158142,86,400.0,-1.0000000000000003e-05,2.7999999999999996e-05,7.0762048623372532e-09,-765.28180299681128,346.28040800906132,0.0,0.0
2.899999976158142,87,376.1940621280735,-9.815458204066176e-06,2.613989988915921e-05,-1.3273951524100741e-09,0.0,0.0,0.0,0.0
2.899999976158142,88,352.3846334554722,-5.8780682744316027e-06,2.2843313851927592e-05,-1.9848505853173614e-08,0.0,0.0,0.0,0.0
3.0,1,300.0,1.3426131174105505e-40,-2.8048597632393652e-40,-1.4906225659785535e-40,-124.38338399169105,6.477059758000169,0.013593477659797265,-59.42547687454943
3.0,2,347.65376046193603,-1.4146091409745661e-06,6.2222520654290093e-06,-5.6129339520702802e-08,0.0,0.0,0.0,0.0
3.0,3,347.5857330845581,-4.3669840678927454e-06,5.1801072983081876e-06,-4.3072503778446673e-08,0.0,0.0,0.0,0.0
3.0,4,300.0,4.56059379400126e-35,-7.0843333645021838e-35,-6.0253601876667463e-37,-246.31045832989565,126.93138685135433,0.67048217080633576,-119.14964631114104
3.0,5,300.0,-2.858129389205198e-40,3.496847009641897e-41,-4.7274006820677991e-40,-124.4554214926837,6.5586679543156894,0.016894635902771793,-59.425476874549325
3.0,6,347.6537604619361,-1.4030972230154164e-06,6.2165052714390907e-06,4.8633733195721231e-08,0.0,0.0,0.0,0.0
3.0,7,347.58573308455806,-4.3579365210456856e-06,5.1777986179974086e-06,3.9536397821711078e-08,0.0,0.0,0.0,0.0
3.0,8,300.0,4.563522274457472e-35,-7.0913939644179953e-35,5.2367842495797392e-37,-246.4172188210708,126.95881532846118,-0.56014137484766724,-119.14964631114111
3.0,9,323.826880230968,-1.288101809975465e-08,1.9483246326670266e-06,4.770140225881341e-12,0.0,0.0,0.0,0.0
3.0,10,347.6197467732471,-3.4104226094702513e-06,5.7435488587266672e-06,-4.1535421871798562e-08,0.0,0.0,0.0,0.0
3.0,11,323.79286654227906,-2.0248211197283756e-06,2.1992118863758435e-06,1.1784240067036115e-08,0.0,0.0,0.0,0.0
3.0,12,300.0,1.855999690471219e-39,-3.2670279198468659e-40,2.1157003949815819e-39,301.05638214698973,-134.05493800401726,-0.063365473605204142,0.0
3.0,13,300.0,3.9898931378117785e-40,1.3586148042556721e-41,2.3046710862431854e-39,122.02740568129892,-243.77388767824806,-0.090112890547316998,0.0
3.0,14,347.65376046193603,-1.3566078485728526e-06,6.1896072018632945e-06,-3.759860827596918e-09,0.0,0.0,0.0,0.0
3.0,15,347.5857330845581,-4.2943640954155169e-06,5.173341130494796e-06,-1.7770175432734698e-09,0.0,0.0,0.0,0.0
3.0,16,300.0,-1.3788770333083821e-34,3.7052796778272747e-34,7.9394368611373969e-39,1092.6878700580339,-471.38553823032601,-0.17117163864545379,0.0
3.0,17,323.8268802309681,-9.725980249004331e-09,1.9468965902237692e-06,-8.3957159350931621e-10,0.0,0.0,0.0,0.0
3.0,18,347.6197467732471,-3.3989213230091384e-06,5.7392653302457434e-06,3.6212064572559353e-08,0.0,0.0,0.0,0.0
3.0,19,323.79286654227906,-2.021729978571816e-06,2.1975948357342835e-06,-1.1159592691123232e-08,0.0,0.0,0.0,0.0
3.0,20,300.0,-2.3485005278910088e-39,4.9416402741747367e-40,1.2004015995484296e-39,300.83306576227017,-134.00518026009641,-0.080372556263269335,0.0
3.0,21,347.6066562350582,-5.1038641986196888e-06,4.49706960377639e-06,-6.4652755989323452e-09,0.0,0.0,0.0,0.0
3.0,22,300.0,7.1047506184556589e-35,-1.1487727431743575e-34,-6.4858120458161914e-37,-408.1302244759072,222.17236688871498,0.3093729737156411,-119.06898852879175
3.0,23,347.6066562350581,-5.1021375848123357e-06,4.4988905582525184e-06,6.9340897234620151e-09,0.0,0.0,0.0,0.0
3.0,24,300.0,7.0974040387065618e-35,-1.14856750658347e-34,6.1257541013706924e-37,-408.14821680819585,222.10410072351488,-0.24930337403821301,-119.06898852879205
3.0,25,347.59619465980813,-4.9432366324704127e-06,4.8061073772974598e-06,-2.8701675308783211e-08,0.0,0.0,0.0,0.0
3.0,26,323.8033281175291,-2.5225485558307547e-06,2.3379285187016448e-06,4.9749359058898355e-09,0.0,0.0,0.0,0.0
3.0,27,300.0,1.1488670875280916e-39,-7.8454041108256566e-40,7.5404497741191492e-40,718.93922465750757,-350.96049304740581,-0.44595348138471513,0.0
3.0,28,347.60665623505815,-5.0827719527263246e-06,4.4790140347907431e-06,2.3755937889942734e-10,0.0,0.0,0.0,0.0
3.0,29,300.0,-1.9229087073001653e-34,2.9181864473784659e-34,-1.6972941445931642e-37,1678.0985723934973,-569.62558642116551,-0.087747264675621772,0.0
3.0,30,347.5961946598081,-4.937254690999924e-06,4.805747744774975e-06,2.7350509470025455e-08,0.0,0.0,0.0,0.0
3.0,31,323.8033281175291,-2.5220666762610109e-06,2.3368160874654698e-06,-4.2110622891337647e-09,0.0,0.0,0.0,0.0
3.0,32,300.0,-8.0532213045751346e-40,5.1691525126912904e-40,6.9985755671217786e-40,718.91399783769987,-350.96101008222456,0.20778574915576659,0.0
3.0,33,347.6527063973086,-5.4791541397194687e-06,5.0038327041097004e-06,5.115923889182236e-08,0.0,0.0,0.0,0.0
3.0,34,300.0,2.1733916070112925e-34,-5.2618979712527433e-35,3.48644916377691e-37,-583.86441119846063,142.09135705743506,-1.2792966952237323,-118.94300489335251
3.0,35,347.6527063973086,-5.4866675369962364e-06,5.0084688304224138e-06,-4.8012583211586736e-08,0.0,0.0,0.0,0.0
3.0,36,300.0,2.1727662862068592e-34,-5.2610851910031065e-35,-2.4522395681681986e-37,-583.7794847277446,142.02073820676523,1.0983993406373838,-118.94300489335228
3.0,37,347.6296813161834,-5.1454480504632876e-06,4.7039425044390875e-06,2.7235720972450551e-08,0.0,0.0,0.0,0.0
3.0,38,323.82635319865426,-2.93932571080036e-06,2.2137418294508613e-06,-1.1281418822763927e-08,0.0,0.0,0.0,0.0
3.0,39,300.0,-6.0723387018162086e-40,-6.2921457334299998e-40,-2.4940949874446761e-40,932.04191360218795,-371.72110713575057,0.16365632991654708,0.0
3.0,40,347.6527063973086,-5.5688878021524267e-06,5.0229802660724749e-06,1.5752392231259518e-09,0.0,0.0,0.0,0.0
3.0,41,300.0,-6.790802363089854e-34,7.1639312911159937e-35,-2.811297309850306e-37,2219.6948690987706,-444.46443173545657,0.13667338491649916,0.0
3.0,42,347.62968131618334,-5.1487808268933718e-06,4.7072856357288637e-06,-2.5125800313756712e-08,0.0,0.0,0.0,0.0
3.0,43,323.82635319865426,-2.9413971692003065e-06,2.2138051257871288e-06,1.0880313605112153e-08,0.0,0.0,0.0,0.0
3.0,44,300.0,3.0193433398698516e-40,8.0102524181248525e-40,-2.3340182717430585e-40,932.06707982452133,-371.78240945667312,-0.13460974719382146,0.0
3.0,45,347.60815123159784,-8.4969616638515625e-06,6.2280431933793316e-06,1.2008472410352664e-08,0.0,0.0,0.0,0.0
3.0,46,300.0,-1.8062574186451054e-40,-3.1941157556251816e-40,3.8009992781748794e-40,-296.86503091169919,-0.12240767353021513,0.20417229249191265,-59.60301230139466
3.0,47,347.6081512315979,-8.5093102131114438e-06,6.2339279753005994e-06,-1.0308876955583785e-08,0.0,0.0,0.0,0.0
3.0,48,300.0,5.8267406755150509e-41,1.8108078049919283e-40,2.9073772053073304e-40,-296.86677037610059,-0.13373091922170727,-0.38300421099852389,-59.60301230139464
3.0,49,347.63042881445324,-6.41590224943343e-06,5.655703792498584e-06,3.630117960598747e-08,0.0,0.0,0.0,0.0
3.0,50,323.8040756157989,-4.9190742874505077e-06,1.888068088555772e-06,-1.5015724861110061e-08,0.0,0.0,0.0,0.0
3.0,51,300.0,-1.5040584733988495e-39,-5.9997540905597332e-40,-1.9220952403268219e-39,1364.1660521828958,-135.40521505938497,0.39584580834363797,0.0
3.0,52,347.60815123159784,-8.5288898896274683e-06,6.2541733305639586e-06,8.6059086235400416e-10,0.0,0.0,0.0,0.0
3.0,53,300.0,-5.0987551569474027e-41,2.220252148412886e-40,-2.1443447071236271e-39,1524.1599765844283,-266.37015393094248,0.11218137864448322,0.0
3.0,54,347.63042881445324,-6.4255897642257907e-06,5.6612109334247089e-06,-3.3551968390940551e-08,0.0,0.0,0.0,0.0
3.0,55,323.804075615799,-4.9232734629781363e-06,1.8887637076316936e-06,1.3018440034876185e-08,0.0,0.0,0.0,0.0
3.0,56,300.0,1.8583139956770766e-39,4.6702409090091205e-40,-1.3816359832572162e-39,1364.3233781322017,-135.48463727383506,0.068777706659124749,0.0
3.0,57,352.3759697681632,-1.6902383955117413e-06,2.437671897773712e-05,-1.7423851518528732e-38,0.0,0.0,3.6904932665423602,0.0
3.0,58,400.0,-1.0000000000000001e-05,2.9999999999999994e-05,-4.7087572575194506e-40,506.77313262506698,-176.15821173720764,1.6930092426366921,142.86332552649125
3.0,59,400.0,-1.0000000000000001e-05,2.9999999999999994e-05,1.5779818647054673e-36,856.00718594272303,-251.51227789278803,-0.76047810043065323,238.09112499272626
3.0,60,352.38114265479743,-5.1291629759048404e-06,2.5656186259724136e-05,1.9004960302214403e-36,0.0,0.0,-2.2499139106402186,0.0
3.0,61,352.37596976816315,-1.6778541661960422e-06,2.4375789153142521e-05,2.7451115074183194e-08,0.0,0.0,0.0,0.0
3.0,62,400.0,-1.0000000000000001e-05,2.9999999999999994e-05,-1.3462291711289841e-08,506.53328683402742,-175.96845749735144,0.0,142.8633255264914
3.0,63,400.0,-1.0000000000000001e-05,2.9999999999999994e-05,4.1966524947879345e-09,855.82411435525478,-251.17248053447344,0.0,238.0911249927268
3.0,64,352.3811426547975,-5.1319083833422102e-06,2.5658069447798434e-05,-6.7120752593670635e-09,0.0,0.0,0.0,0.0
3.0,65,376.18798488408163,-5.3022147320761054e-06,2.8036743694208207e-05,1.2987190528698797e-39,0.0,0.0,-7.5188524696961689,0.0
3.0,66,400.0,-1.0000000000000001e-05,2.9999999999999994e-05,1.5883211561735217e-42,-2528.2731469910691,650.03821471137667,-1.0649884260556786,0.0
3.0,67,376.19057132739874,-7.6586765479222806e-06,2.7716048324433576e-05,-4.0215669637075433e-36,0.0,0.0,2.1630230689644314,0.0
3.0,68,352.3785562114803,-4.6780953601408102e-06,2.5052281497428455e-05,-2.9042058690455131e-37,0.0,0.0,4.1732977325270033,0.0
3.0,69,352.37596976816315,-1.7479128766170207e-06,2.4394159550492586e-05,9.5019258955982337e-09,0.0,0.0,0.0,0.0
3.0,70,400.0,-1.0000000000000001e-05,2.9999999999999994e-05,-1.5924361388322051e-09,-3055.4057268696415,600.00005143692647,0.0,0.0
3.0,71,400.0,-1.0000000000000001e-05,2.9999999999999994e-05,8.2382366905688709e-10,-3159.6910820428834,981.68205469091822,0.0,0.0
3.0,72,352.3811426547975,-5.1147457275477422e-06,2.5650081777168851e-05,-3.1686910376270544e-09,0.0,0.0,0.0,0.0
3.0,73,376.1879848840815,-5.2915826229978414e-06,2.8032353240123023e-05,-1.1691306396453219e-08,0.0,0.0,0.0,0.0
3.0,74,400.0,-1.0000000000000001e-05,2.9999999999999994e-05,-6.1585384267649036e-09,-2528.7712508769068,651.18289454341334,0.0,0.0
3.0,75,376.19057132739874,-7.660806754834818e-06,2.7718592173769243e-05,3.0451448015570988e-09,0.0,0.0,0.0,0.0
3.0,76,352.3785562114803,-4.669703673381034e-06,2.5052998622039844e-05,1.981729116284369e-08,0.0,0.0,0.0,0.0
3.0,77,400.0,-1.0000000000000001e-05,2.9999999999999994e-05,1.0290665009058788e-40,274.31084665122097,-70.626385486056208,-1.7266791973752409,95.23567839001153
3.0,78,352.388124256147,-8.4525958728482438e-06,2.4067798394010777e-05,-9.3144502609390689e-39,0.0,0.0,-3.5869890168913452,0.0
3.0,79,400.0,-1.0000000000000001e-05,2.9999999999999994e-05,6.3183979050640305e-09,274.15896420833496,-70.687613498882641,0.0,95.23567839001151
3.0,80,352.388124256147,-8.4647451629774876e-06,2.4069462747606187e-05,-3.5040752760375736e-08,0.0,0.0,0.0,0.0
3.0,81,400.0,-1.0000000000000001e-05,2.9999999999999994e-05,2.1358029015716749e-40,-766.00665932835068,346.48552160149598,2.2491455871569781,0.0
3.0,82,376.1940621280735,-9.806184876348521e-06,2.8135349215665162e-05,4.146452517813084e-40,0.0,0.0,3.7567271041663828,0.0
3.0,83,352.3846334554722,-5.8694204801584534e-06,2.4841730375068556e-05,2.0553189433021539e-37,0.0,0.0,-0.67055143074309387,0.0
3.0,84,400.0,-1.0000000000000001e-05,2.9999999999999994e-05,-5.0646829443788328e-10,-419.97013289898837,405.39350971727276,0.0,0.0
3.0,85,352.388124256147,-8.4158493690897133e-06,2.4055824922266583e-05,-1.2597685833494654e-08,0.0,0.0,0.0,0.0
3.0,86,400.0,-1.0000000000000001e-05,2.9999999999999994e-05,7.0585456706825284e-09,-765.27869843764506,346.27941408507388,0.0,0.0
3.0,87,376.1940621280735,-9.8154899724003382e-06,2.8139922361953206e-05,-1.3449688826787729e-09,0.0,0.0,0.0,0.0
3.0,88,352.3846334554722,-5.8781281601922563e-06,2.4843347315916576e-05,-1.9911370532762493e-08,0.0,0.0,0.0,0.0
3.100000001490116,1,300.0,2.9259279736773135e-40,-5.1973205772158645e-40,-2.9319374467025924e-40,-124.38091564210939,6.4745659310134904,0.011769796307084135,-59.42547687454942
3.100000001490116,2,347.653760461936,-1.4147273309854602e-06,6.2222917009906945e-06,-5.6668880525975601e-08,0.0,0.0,0.0,0.0
3.100000001490116,3,347.58573308455806,-4.3671160978497082e-06,5.1801906983743571e-06,-4.3486820129492372e-08,0.0,0.0,0.0,0.0
3.100000001490116,4,300.0,4.560919429642487e-35,-7.0844750129504014e-35,-6.0679276747102942e-37,-246.30671277296864,126.93109286401173,0.66816936441281949,-119.14964631114094
3.100000001490116,5,300.0,-4.9445538199672793e-40,6.3949769857138202e-41,-8.4630945116007422e-40,-124.45701036385393,6.5589640022626412,0.013433171265997246,-59.42547687454934
3.100000001490116,6,347.65376046193603,-1.4029801332501962e-06,6.216394800571832e-06,4.8296821266985372e-08,0.0,0.0,0.0,0.0
3.100000001490116,7,347.58573308455806,-4.3578962627706344e-06,5.1777277178571881e-06,3.9352294819472555e-08,0.0,0.0,0.0,0.0
3.100000001490116,8,300.0,4.5635949386867476e-35,-7.0917595743495108e-35,5.2362298957889249e-37,-246.42564434326283,126.96201502302117,-0.56749412568417179,-119.149646311141
3.100000001490116,9,323.82688023096796,-1.2994335323636044e-08,1.9483661364900965e-06,-1.5690733042971079e-10,0.0,0.0,0.0,0.0
3.100000001490116,10,347.619746773247,-3.4105668738915589e-06,5.7436070376576308e-06,-4.2039658113909455e-08,0.0,0.0,0.0,0.0
3.100000001490116,11,323.79286654227906,-2.0249331213502685e-06,2.1992985340212612e-06,1.1673245131370153e-08,0.0,0.0,0.0,0.0
3.100000001490116,12,300.0,3.4664059506545583e-39,-6.0593325273833515e-40,3.8552598912157979e-39,301.07342490049319,-134.05785743896035,-0.046249950768418008,0.0
3.100000001490116,13,300.0,6.5072215026110806e-40,4.9139946584575879e-41,4.2360987329792368e-39,122.02829670106192,-243.77326572310685,-0.070547209314238454,0.0
3.100000001490116,14,347.65376046193603,-1.3565991133095617e-06,6.1896343154172705e-06,-4.1955160134388266e-09,0.0,0.0,0.0,0.0
3.100000001490116,15,347.58573308455806,-4.2943458297190952e-06,5.1733371446198351e-06,-2.0745757619021145e-09,0.0,0.0,0.0,0.0
3.100000001490116,16,300.0,-1.3788971558484496e-34,3.7053176668039435e-34,-1.0672825261485054e-39,1092.6929002721843,-471.38689187786997,-0.14706497776358701,0.0
3.100000001490116,17,323.826880230968,-9.6159931378791523e-09,1.946810852564717e-06,-1.0418865801337463e-09,0.0,0.0,0.0,0.0
3.100000001490116,18,347.619746773247,-3.398831622678811e-06,5.7391790347032e-06,3.5961271103193095e-08,0.0,0.0,0.0,0.0
3.100000001490116,19,323.79286654227906,-2.0216605318139374e-06,2.1975175816978961e-06,-1.1282368459236046e-08,0.0,0.0,0.0,0.0
3.100000001490116,20,300.0,-4.3223557676154316e-39,9.067055985944096e-40,2.253095432471235e-39,300.81270505681408,-134.00107886640308,-0.068861888185403342,0.0
3.100000001490116,21,347.60665623505815,-5.1038810882645982e-06,4.497209223908719e-06,-6.5398608047268968e-09,0.0,0.0,0.0,0.0
3.100000001490116,22,300.0,7.1050987869762051e-35,-1.1487723418737232e-34,-6.551716654521634e-37,-408.12962593913323,222.17364243111101,0.30875635019281017,-119.06898852879189
3.100000001490116,23,347.6066562350581,-5.1021244884859798e-06,4.4988170328864064e-06,6.8756809142155371e-09,0.0,0.0,0.0,0.0
3.100000001490116,24,300.0,7.0968313094534382e-35,-1.1485874237761288e-34,6.0760380037756162e-37,-408.15036412195593,222.11007750565369,-0.25050776570879291,-119.06898852879209
3.100000001490116,25,347.59619465980813,-4.9433102935629675e-06,4.8062185754585116e-06,-2.8963396187701988e-08,0.0,0.0,0.0,0.0
3.100000001490116,26,323.8033281175291,-2.5225686779034127e-06,2.3380441377970481e-06,4.9501326795935302e-09,0.0,0.0,0.0,0.0
3.100000001490116,27,300.0,2.1216722371888016e-39,-1.4300462580347491e-39,1.3899067594284919e-39,718.94936690082034,-350.96692618001646,-0.43938200903266411,0.0
3.100000001490116,28,347.60665623505815,-5.0827644400075374e-06,4.4790005738605322e-06,1.7040726161329445e-10,0.0,0.0,0.0,0.0
3.100000001490116,29,300.0,-1.9229011487389112e-34,2.9182169728726861e-34,-1.6849841578359591e-37,1678.0992313459572,-569.63312364947626,-0.082346058361009028,0.0
3.100000001490116,30,347.5961946598081,-4.9372214813613843e-06,4.8056744506495132e-06,2.7230085202718764e-08,0.0,0.0,0.0,0.0
3.100000001490116,31,323.8033281175291,-2.5220518979296473e-06,2.3367314663658687e-06,-4.2410975430510594e-09,0.0,0.0,0.0,0.0
3.100000001490116,32,300.0,-1.5083455465053682e-39,9.6696609950503189e-40,1.2985895865956375e-39,718.90623063351018,-350.95635631815583,0.21413208268638187,0.0
3.100000001490116,33,347.65270639730863,-5.4790532267409261e-06,5.0039557920188918e-06,5.1461633338114761e-08,0.0,0.0,0.0,0.0
3.100000001490116,34,300.0,2.1734477379506639e-34,-5.2618357241787185e-35,3.4234176658990338e-37,-583.8648903238809,142.09014761540089,-1.2790576011763697,-118.94300489335222
3.100000001490116,35,347.6527063973086,-5.4866818215890584e-06,5.0083316923915335e-06,-4.791643673182391e-08,0.0,0.0,0.0,0.0
3.100000001490116,36,300.0,2.17270026244818e-34,-5.261047482973025e-35,-2.5333610301222899e-37,-583.77288965175512,142.02389531805375,1.1056107893722795,-118.94300489335208
3.100000001490116,37,347.6296813161834,-5.14540771330774e-06,4.7040774056988764e-06,2.7364771419475353e-08,0.0,0.0,0.0,0.0
3.100000001490116,38,323.8263531986543,-2.9392401353217266e-06,2.2138414106989123e-06,-1.121938256155794e-08,0.0,0.0,0.0,0.0
3.100000001490116,39,300.0,-1.1000822062338511e-39,-1.1573759015804322e-39,-4.5241429998030214e-40,932.0375158639589,-371.72656755310209,0.16186833325887201,0.0
3.100000001490116,40,347.65270639730863,-5.5689146783694862e-06,5.022985149428859e-06,1.7741895673471925e-09,0.0,0.0,0.0,0.0
3.100000001490116,41,300.0,-6.7907773390924789e-34,7.1637611926399062e-35,-2.6945759481287698e-37,2219.6894349217946,-444.46660513219632,0.12024228227361577,0.0
3.100000001490116,42,347.62968131618334,-5.148785490333954e-06,4.7071778170231612e-06,-2.5120797520484377e-08,0.0,0.0,0.0,0.0
3.100000001490116,43,323.82635319865426,-2.9414369126785928e-06,2.2136992046570182e-06,1.0968348419568085e-08,0.0,0.0,0.0,0.0
3.100000001490116,44,300.0,5.5034161140130762e-40,1.4785728678815001e-39,-4.2895542730745355e-40,932.06929763440769,-371.77566530984524,-0.13640985308285025,0.0
3.100000001490116,45,347.6081512315978,-8.4968991519245533e-06,6.2282323687078202e-06,1.2483058183453931e-08,0.0,0.0,0.0,0.0
3.100000001490116,46,300.0,-3.5415075684432289e-40,-5.8142407077899122e-40,6.8573891353735282e-40,-296.86707435926985,-0.12498630989476463,0.20702792210586324,-59.60301230139481
3.100000001490116,47,347.6081512315979,-8.5094071252237917e-06,6.233788931121053e-06,-9.9541971606921285e-09,0.0,0.0,0.0,0.0
3.100000001490116,48,300.0,7.7003818720378707e-41,3.4204573302582057e-40,5.2423232340340739e-40,-296.86712581679427,-0.13200786185688518,-0.38088026861699831,-59.60301230139473
3.100000001490116,49,347.63042881445324,-6.4157894904853916e-06,5.6558598901967788e-06,3.6685986914004273e-08,0.0,0.0,0.0,0.0
3.100000001490116,50,323.80407561579887,-4.9190082699547316e-06,1.8881670671597259e-06,-1.4834687493744235e-08,0.0,0.0,0.0,0.0
3.100000001490116,51,300.0,-2.7883053933414321e-39,-1.1007219978319283e-39,-3.4962879215047551e-39,1364.1532247066866,-135.41023823956132,0.3808075705390298,0.0
3.100000001490116,52,347.60815123159784,-8.5288822021204856e-06,6.2541638165603456e-06,1.2728495578529267e-09,0.0,0.0,0.0,0.0
3.100000001490116,53,300.0,-4.5761784850648329e-41,3.9357461963032002e-40,-3.9455572914303652e-39,1524.1609853223067,-266.36869660151626,0.094227854238567388,0.0
3.100000001490116,54,347.63042881445324,-6.4256706916705314e-06,5.6610720139574199e-06,-3.3308924382424397e-08,0.0,0.0,0.0,0.0
3.100000001490116,55,323.804075615799,-4.923358703981485e-06,1.8886888034161913e-06,1.317688879749585e-08,0.0,0.0,0.0,0.0
3.100000001490116,56,300.0,3.411171672489237e-39,8.6613652380614059e-40,-2.5501839143949236e-39,1364.3387958613496,-135.48055045855784,0.057029564022740536,0.0
3.100000001490116,57,352.37596976816326,-1.6903776751395899e-06,2.7376747288932398e-05,-1.445892034008167e-38,0.0,0.0,3.6618185766846771,0.0
3.100000001490116,58,400.0,-1.0000000000000001e-05,3.3000000000000003e-05,-7.2489170779137135e-40,506.77522313732953,-176.15754890511812,1.6928416596469231,142.86332552649125
3.100000001490116,59,400.0,-1.0000000000000001e-05,3.3000000000000003e-05,1.5800195293691577e-36,856.00682389469421,-251.51171494526358,-0.75971559502148156,238.0911249927262
3.100000001490116,60,352.38114265479743,-5.1291383920934092e-06,2.8656186838516943e-05,1.8827883178578235e-36,0.0,0.0,-2.2411619666576277,0.0
3.100000001490116,61,352.37596976816315,-1.6777396997801201e-06,2.7375770588986909e-05,2.7538758230514999e-08,0.0,0.0,0.0,0.0
3.100000001490116,62,400.0,-1.0000000000000001e-05,3.3000000000000003e-05,-1.3412040798505784e-08,506.5298667606553,-175.96798127983249,0.0,142.86332552649137
3.100000001490116,63,400.0,-1.0000000000000001e-05,3.3000000000000003e-05,4.1983284127702147e-09,855.82564781776478,-251.17185327539431,0.0,238.0911249927267
3.100000001490116,64,352.3811426547975,-5.1319106242242515e-06,2.865808431548584e-05,-6.7017025082634976e-09,0.0,0.0,0.0,0.0
3.100000001490116,65,376.18798488408163,-5.3022747178385699e-06,3.1036737050966137e-05,1.9548385670655747e-39,0.0,0.0,-7.5194942201881174,0.0
3.100000001490116,66,400.0,-1.0000000000000001e-05,3.3000000000000003e-05,-1.0426357822249744e-40,-2528.2670817234898,650.03917248591677,-1.0678064861769194,0.0
3.100000001490116,67,376.19057132739874,-7.6586647775134736e-06,3.0716026135401381e-05,-4.0230684003538212e-36,0.0,0.0,2.1582867600754572,0.0
3.100000001490116,68,352.3785562114804,-4.6781708523695623e-06,2.8052302881960979e-05,-2.3726629685366534e-37,0.0,0.0,4.1057288228423516,0.0
3.100000001490116,69,352.3759697681632,-1.7479049320531491e-06,2.739415486192443e-05,9.6236053164525369e-09,0.0,0.0,0.0,0.0
3.100000001490116,70,400.0,-1.0000000000000001e-05,3.3000000000000003e-05,-1.6055599662811943e-09,-3055.4040804761157,599.99862122588183,0.0,0.0
3.100000001490116,71,400.0,-1.0000000000000001e-05,3.3000000000000003e-05,8.3069926212941327e-10,-3159.6919161448077,981.68079593237508,0.0,0.0
3.100000001490116,72,352.3811426547975,-5.1147493301618328e-06,2.8650077430113975e-05,-3.1711828991389285e-09,0.0,0.0,0.0,0.0
3.100000001490116,73,376.1879848840815,-5.291534695607444e-06,3.103236585455902e-05,-1.1690678152984477e-08,0.0,0.0,0.0,0.0
3.100000001490116,74,400.0,-1.0000000000000001e-05,3.3000000000000003e-05,-6.14666079981052e-09,-2528.7779621570357,651.18241498145449,0.0,0.0
3.100000001490116,75,376.19057132739874,-7.6608077031507542e-06,3.0718621586503846e-05,3.0438116501997184e-09,0.0,0.0,0.0,0.0
3.100000001490116,76,352.3785562114803,-4.6696334461599788e-06,2.8052990525659394e-05,1.9896656007043359e-08,0.0,0.0,0.0,0.0
3.100000001490116,77,400.0,-1.0000000000000001e-05,3.3000000000000003e-05,1.1878193941150934e-40,274.31010335743866,-70.625907287155286,-1.7275991132147477,95.23567839001166
3.100000001490116,78,352.3881242561471,-8.4525169652540061e-06,2.7067750998772559e-05,-6.3897612636236807e-39,0.0,0.0,-3.5734821931903222,0.0
3.100000001490116,79,400.0,-1.0000000000000001e-05,3.3000000000000003e-05,6.2711109834427568e-09,274.1594193386328,-70.688714086940706,0.0,95.23567839001144
3.100000001490116,80,352.38812425614697,-8.4648448501109559e-06,2.7069523816257786e-05,-3.5227049636088359e-08,0.0,0.0,0.0,0.0
3.100000001490116,81,400.0,-1.0000000000000001e-05,3.3000000000000003e-05,4.6870625071091323e-40,-766.01065139135358,346.48667023037592,2.2529392135516777,0.0
3.100000001490116,82,376.1940621280735,-9.8061538953042529e-06,3.1135328750560939e-05,9.8227598799381378e-40,0.0,0.0,3.7658222387134348,0.0
3.100000001490116,83,352.3846334554722,-5.8693443647761137e-06,2.7841702960436897e-05,1.6681302470939452e-37,0.0,0.0,-0.62245109535187848,0.0
3.100000001490116,84,400.0,-1.0000000000000001e-05,3.3000000000000003e-05,-5.0533882833581507e-10,-419.96970055101878,405.39431267835892,0.0,0.0
3.100000001490116,85,352.388124256147,-8.4158453418691244e-06,2.7055820084206416e-05,-1.2758116197502004e-08,0.0,0.0,0.0,0.0
3.100000001490116,86,400.0,-1.0000000000000001e-05,3.3000000000000003e-05,7.0371101399283415e-09,-765.27484864905409,346.27814907533366,0.0,0.0
3.100000001490116,87,376.1940621280735,-9.8155309921355067e-06,3.1139950478149401e-05,-1.3674113219265643e-09,0.0,0.0,0.0,0.0
3.100000001490116,88,352.3846334554722,-5.8782038887619887e-06,2.7843389261635709e-05,-1.9994309790463931e-08,0.0,0.0,0.0,0.0
3.2000000029802322,1,300.0,2.7892913382059867e-40,-4.2930859908986487e-40,-2.5659898990523166e-40,-124.37872622166149,6.4725014126259159,0.010202713944276381,-59.42547687454935
3.2000000029802322,2,347.65376046193603,-1.4148238254351813e-06,6.2223243028060823e-06,-5.7106282292016514e-08,0.0,0.0,0.0,0.0
3.2000000029802322,3,347.585733084558,-4.3672236556728697e-06,5.180259185986911e-06,-4.3823676849944522e-08,0.0,0.0,0.0,0.0
3.2000000029802322,4,300.0,4.5611095152580766e-35,-7.0845613821075414e-35,-6.0944315807928634e-37,-246.30332050928308,126.93072551398438,0.66615294511777889,-119.14964631114118
3.2000000029802322,5,300.0,-3.784681397567773e-40,5.3134610148807241e-41,-6.7675022926732793e-40,-124.45822076688438,6.5592069155994297,0.010648456858490141,-59.4254768745493
3.2000000029802322,6,347.6537604619361,-1.4028796341670969e-06,6.2163034582478331e-06,4.8009617475226099e-08,0.0,0.0,0.0,0.0
3.2000000029802322,7,347.5857330845581,-4.3578589913726075e-06,5.1776691921590233e-06,3.9192849523407407e-08,0.0,0.0,0.0,0.0
3.2000000029802322,8,300.0,4.5637395517400695e-35,-7.0920464008629728e-35,5.2431004429798643e-37,-246.43237612949147,126.96453397081928,-0.57344740283667639,-119.14964631114113
3.2000000029802322,9,323.826880230968,-1.3087148778072452e-08,1.9484003010664349e-06,-2.9126461365230303e-10,0.0,0.0,0.0,0.0
3.2000000029802322,10,347.619746773247,-3.4106846075450839e-06,5.7436548215679687e-06,-4.2449169591457282e-08,0.0,0.0,0.0,0.0
3.2000000029802322,11,323.792866542279,-2.0250248596367974e-06,2.1993697477773972e-06,1.1580789682775061e-08,0.0,0.0,0.0,0.0
3.2000000029802322,12,300.0,2.8687153414474031e-39,-5.0156945988540779e-40,3.1307014077874781e-39,301.08759893865522,-134.06027530444354,-0.032265129339419024,0.0
3.2000000029802322,13,300.0,4.5408944041477929e-40,5.2549794406630846e-41,3.4668316688752713e-39,122.02873363138448,-243.77269631775997,-0.054448359750035313,0.0
3.2000000029802322,14,347.65376046193603,-1.3565934224712262e-06,6.1896563906956002e-06,-4.5558091191270552e-09,0.0,0.0,0.0,0.0
3.2000000029802322,15,347.58573308455806,-4.2943319942914136e-06,5.1733338978772014e-06,-2.3213877700329203e-09,0.0,0.0,0.0,0.0
3.2000000029802322,16,300.0,-1.3789179410556385e-34,3.705344469813073e-34,-1.0196988527460552e-38,1092.6965243683517,-471.38780668994929,-0.12716590085483642,0.0
3.2000000029802322,17,323.8268802309681,-9.5234084995384049e-09,1.9467403254428805e-06,-1.2080965178788914e-09,0.0,0.0,0.0,0.0
3.2000000029802322,18,347.61974677324713,-3.3987534970971506e-06,5.7391076971624678e-06,3.5745896782210503e-08,0.0,0.0,0.0,0.0
3.2000000029802322,19,323.79286654227906,-2.0216012828646509e-06,2.1974538579872774e-06,-1.1383402500251464e-08,0.0,0.0,0.0,0.0
3.2000000029802322,20,300.0,-3.5519661453315858e-39,7.397811013900181e-40,1.8837900801594683e-39,300.79589631750326,-133.9977172538112,-0.059235010187697057,0.0
3.2000000029802322,21,347.60665623505815,-5.1038953297067523e-06,4.4973223011457807e-06,-6.6023859013804924e-09,0.0,0.0,0.0,0.0
3.2000000029802322,22,300.0,7.1053535389894507e-35,-1.1487734078543289e-34,-6.5974897932893347e-37,-408.12902472420978,222.17449459976694,0.30821783461651586,-119.06898852879175
3.2000000029802322,23,347.60665623505815,-5.1021124140160032e-06,4.4987551394933798e-06,6.8250246350674249e-09,0.0,0.0,0.0,0.0
3.2000000029802322,24,300.0,7.0964546898528112e-35,-1.1486082387039239e-34,6.0409001221761389e-37,-408.152102326337,222.11478239149994,-0.25149214672815395,-119.0689885287918
3.2000000029802322,25,347.5961946598081,-4.9433707419705698e-06,4.8063091138327007e-06,-2.9176829090905166e-08,0.0,0.0,0.0,0.0
3.2000000029802322,26,323.8033281175291,-2.5225855879231826e-06,2.3381386678460625e-06,4.9289695483178497e-09,0.0,0.0,0.0,0.0
3.2000000029802322,27,300.0,1.7437796435326384e-39,-1.167566601628151e-39,1.1408433052886558e-39,718.95776536448977,-350.97219174602543,-0.43395137998590072,0.0
3.2000000029802322,28,347.60665623505815,-5.0827586657870649e-06,4.478990163885145e-06,1.1330093103401881e-10,0.0,0.0,0.0,0.0
3.2000000029802322,29,300.0,-1.9228977903501805e-34,2.9182466025232435e-34,-1.6830141530185301e-37,1678.0996646012945,-569.63891015011086,-0.07778075960024225,0.0
3.2000000029802322,30,347.59619465980813,-4.9371914254895542e-06,4.8056133778280703e-06,2.7125169652930683e-08,0.0,0.0,0.0,0.0
3.2000000029802322,31,323.8033281175291,-2.5220388179193575e-06,2.3366608913903188e-06,-4.2662761377542034e-09,0.0,0.0,0.0,0.0
3.2000000029802322,32,300.0,-1.2587268589328535e-39,7.9798323754058736e-40,1.0724213213148481e-39,718.89972215617934,-350.95250053732474,0.21940599489568141,0.0
3.2000000029802322,33,347.6527063973085,-5.4789723922105048e-06,5.0040566796754988e-06,5.170393089695316e-08,0.0,0.0,0.0,0.0
3.2000000029802322,34,300.0,2.1734886803408982e-34,-5.2617880623106789e-35,3.3786140079867982e-37,-583.86546571366807,142.08907443527795,-1.278735446032456,-118.94300489335258
3.2000000029802322,35,347.6527063973086,-5.4866961960627165e-06,5.0082188660887981e-06,-4.78326222971847e-08,0.0,0.0,0.0,0.0
3.2000000029802322,36,300.0,2.1726460075938616e-34,-5.2610659851079802e-35,-2.5999025465305176e-37,-583.76769912318241,142.02640543109834,1.1113368355034483,-118.94300489335234
3.2000000029802322,37,347.62968131618334,-5.1453756913485133e-06,4.704187307197011e-06,2.7466514343194911e-08,0.0,0.0,0.0,0.0
3.2000000029802322,38,323.82635319865426,-2.9391711781934301e-06,2.2139234764202094e-06,-1.1168270140431365e-08,0.0,0.0,0.0,0.0
3.2000000029802322,39,300.0,-8.830880765744014e-40,-9.5506732676557975e-40,-3.6436173405581358e-40,932.03400121380685,-371.73107290312686,0.16044469833525343,0.0
3.2000000029802322,40,347.6527063973085,-5.568935438092248e-06,5.0229891558148234e-06,1.9369807493639472e-09,0.0,0.0,0.0,0.0
3.2000000029802322,41,300.0,-6.7907545643535042e-34,7.1636868409482532e-35,-2.5939307071783146e-37,2219.6853491581701,-444.46821076326296,0.10684261299833903,0.0
3.2000000029802322,42,347.62968131618334,-5.1487899558096329e-06,4.7070883862124098e-06,-2.51151655341775e-08,0.0,0.0,0.0,0.0
3.2000000029802322,43,323.82635319865426,-2.9414706379191394e-06,2.2136117327284531e-06,1.1039631893414109e-08,0.0,0.0,0.0,0.0
3.2000000029802322,44,300.0,4.4689842817859996e-40,1.2070621983544168e-39,-3.499326881961747e-40,932.07106854586573,-371.77012822521567,-0.13786002628368221,0.0
3.2000000029802322,45,347.6081512315979,-8.4968478787620391e-06,6.2283880580373245e-06,1.2869535288921421e-08,0.0,0.0,0.0,0.0
3.2000000029802322,46,300.0,-3.0859105409652004e-40,-4.7190701516681052e-40,5.5098225435841373e-40,-296.86880921578671,-0.12709303924414445,0.20933256946545575,-59.60301230139457
3.2000000029802322,47,347.60815123159784,-8.509488746808698e-06,6.2336750915694066e-06,-9.6591125588175246e-09,0.0,0.0,0.0,0.0
3.2000000029802322,48,300.0,3.7314913200428666e-41,2.8671939869508988e-40,4.2052487528664427e-40,-296.86751857240142,-0.13057152389074902,-0.37917685111075933,-59.60301230139457
3.2000000029802322,49,347.63042881445324,-6.4156979033133429e-06,5.6559881518373146e-06,3.6997241766844303e-08,0.0,0.0,0.0,0.0
3.2000000029802322,50,323.804075615799,-4.9189543412499138e-06,1.8882487973639284e-06,-1.4685856309751528e-08,0.0,0.0,0.0,0.0
3.2000000029802322,51,300.0,-2.2880996374302695e-39,-9.0052289000296537e-40,-2.8298739891805758e-39,1364.142685330115,-135.41436089684768,0.36859920672360175,0.0
3.2000000029802322,52,347.60815123159784,-8.5288753567588837e-06,6.2541557458629394e-06,1.6117852056251371e-09,0.0,0.0,0.0,0.0
3.2000000029802322,53,300.0,1.2057085603597355e-41,3.0588819985663551e-40,-3.2284750911980777e-39,1524.1619820030996,-266.36754516028992,0.079502804923848119,0.0
3.2000000029802322,54,347.63042881445324,-6.4257396053216037e-06,5.660958012221014e-06,-3.3104673164831588e-08,0.0,0.0,0.0,0.0
3.2000000029802322,55,323.8040756157989,-4.9234293941873161e-06,1.8886271638538623e-06,1.3306391490820817e-08,0.0,0.0,0.0,0.0
3.2000000029802322,56,300.0,2.7931410019422669e-39,7.1282622984611489e-40,-2.094266632033422e-39,1364.351420449495,-135.4771764695104,0.047375688018390649,0.0
3.2000000029802322,57,352.37596976816326,-1.6904911470134226e-06,3.0376769973857942e-05,-9.5290048023538241e-39,0.0,0.0,3.6391077479212117,0.0
3.2000000029802322,58,400.0,-1.0000000000000003e-05,3.6000000000000001e-05,-4.8082990618504638e-40,506.77711242098366,-176.15694687155201,1.6931549065633027,142.86332552649137
3.2000000029802322,59,400.0,-1.0000000000000003e-05,3.6000000000000001e-05,1.5818512866793866e-36,856.00655509992066,-251.51113350152491,-0.75900223980398873,238.09112499272635
3.2000000029802322,60,352.3811426547975,-5.1291190038773027e-06,3.1656187691148075e-05,1.8696694427681389e-36,0.0,0.0,-2.2342847501393988,0.0
3.2000000029802322,61,352.37596976816315,-1.6776409686447191e-06,3.0375756145888074e-05,2.7620811870126294e-08,0.0,0.0,0.0,0.0
3.2000000029802322,62,400.0,-1.0000000000000003e-05,3.6000000000000001e-05,-1.3370870899931718e-08,506.52719450355153,-175.96757905474885,0.0,142.8633255264914
3.2000000029802322,63,400.0,-1.0000000000000003e-05,3.6000000000000001e-05,4.1998976067228103e-09,855.82686552436553,-251.17122597530994,0.0,238.09112499272655
3.2000000029802322,64,352.3811426547974,-5.1319126281341713e-06,3.1658097793899891e-05,-6.6942491359967556e-09,0.0,0.0,0.0,0.0
3.2000000029802322,65,376.18798488408163,-5.302323960190832e-06,3.4036731282676969e-05,1.2529440256514849e-39,0.0,0.0,-7.5213889147057165,0.0
3.2000000029802322,66,400.0,-1.0000000000000003e-05,3.6000000000000001e-05,-1.7055646078544328e-40,-2528.2619258068275,650.03999188154035,-1.0704539898373404,0.0
3.2000000029802322,67,376.19057132739874,-7.6586554583639006e-06,3.3716007693272723e-05,-4.0246565571665823e-36,0.0,0.0,2.1543503818125203,0.0
3.2000000029802322,68,352.3785562114804,-4.6782331882528479e-06,3.1052320250676252e-05,-1.9315963810533972e-37,0.0,0.0,4.0505154601262685,0.0
3.2000000029802322,69,352.3759697681632,-1.7478999405677039e-06,3.0394151142105488e-05,9.7277836535836384e-09,0.0,0.0,0.0,0.0
3.2000000029802322,70,400.0,-1.0000000000000003e-05,3.6000000000000001e-05,-1.6155819684406502e-09,-3055.4030364880741,599.9973834817464,0.0,0.0
3.2000000029802322,71,400.0,-1.0000000000000003e-05,3.6000000000000001e-05,8.3611348996135046e-10,-3159.6925951751373,981.67952817491619,0.0,0.0
3.2000000029802322,72,352.38114265479743,-5.1147520997293874e-06,3.1650073514512318e-05,-3.1732487579347263e-09,0.0,0.0,0.0,0.0
3.2000000029802322,73,376.1879848840815,-5.2914925591235201e-06,3.4032376571702669e-05,-1.1689200042271289e-08,0.0,0.0,0.0,0.0
3.2000000029802322,74,400.0,-1.0000000000000003e-05,3.6000000000000001e-05,-6.1372700674048064e-09,-2528.7836171332237,651.1819605765196,0.0,0.0
3.2000000029802322,75,376.1905713273987,-7.6608086042432364e-06,3.3718646820562875e-05,3.0424952120194562e-09,0.0,0.0,0.0,0.0
3.2000000029802322,76,352.37855621148026,-4.6695729278827912e-06,3.1052984988377781e-05,1.9967530548388956e-08,0.0,0.0,0.0,0.0
3.2000000029802322,77,400.0,-1.0000000000000003e-05,3.6000000000000001e-05,4.0748239812816513e-41,274.30944190986287,-70.625482966250061,-1.7285597772942702,95.23567839001147
3.2000000029802322,78,352.388124256147,-8.4524526394906335e-06,3.0067712317839464e-05,-5.8048745705957368e-39,0.0,0.0,-3.56268374153704,0.0
3.2000000029802322,79,400.0,-1.0000000000000003e-05,3.6000000000000001e-05,6.2317790755718898e-09,274.15969666263504,-70.689616473668764,0.0,95.2356783900116
3.2000000029802322,80,352.3881242561471,-8.4649292238008653e-06,3.0069573971191359e-05,-3.5385566413034531e-08,0.0,0.0,0.0,0.0
3.2000000029802322,81,400.0,-1.0000000000000003e-05,3.6000000000000001e-05,4.4550202791343915e-40,-766.01396981650259,346.48764649491937,2.2562873379189798,0.0
3.2000000029802322,82,376.1940621280735,-9.806128456556426e-06,3.413531162054075e-05,9.7974256628189458e-40,0.0,0.0,3.7739376306940944,0.0
3.2000000029802322,83,352.3846334554722,-5.8692823649036696e-06,3.0841680810707253e-05,1.3477896499909106e-37,0.0,0.0,-0.58348401679259398,0.0
3.2000000029802322,84,400.0,-1.0000000000000003e-05,3.6000000000000001e-05,-5.0510740866667291e-10,-419.96920231438799,405.39492893482623,0.0,0.0
3.2000000029802322,85,352.3881242561471,-8.4158411619314073e-06,3.0055816226595169e-05,-1.289232139371566e-08,0.0,0.0,0.0,0.0
3.2000000029802322,86,400.0,-1.0000000000000003e-05,3.6000000000000001e-05,7.0197437805397476e-09,-765.27166816266788,346.27707760872772,0.0,0.0
3.2000000029802322,87,376.19406212807354,-9.8155661663579248e-06,3.4139973928215656e-05,-1.3864798538531292e-09,0.0,0.0,0.0,0.0
3.2000000029802322,88,352.3846334554722,-5.878267610080193e-06,3.0843424297599723e-05,-2.0066734587807717e-08,0.0,0.0,0.0,0.0
3.300000011920929,1,300.0,2.5911503675704277e-40,-3.5447424568622803e-40,-2.2308140388699014e-40,-124.37679591625043,6.4707913684840088,0.0088587129853558155,-59.4254768745494
3.300000011920929,2,347.653760461936,-1.4149027032129188e-06,6.2223511463693118e-06,-5.7461361855104649e-08,0.0,0.0,0.0,0.0
3.300000011920929,3,347.58573308455806,-4.3673114011549086e-06,5.1803154785964313e-06,-4.4097942728753105e-08,0.0,0.0,0.0,0.0
3.300000011920929,4,300.0,4.5612530386881906e-35,-7.0846233386660603e-35,-6.1152974184613916e-37,-246.30027792708779,126.93032442178554,0.66440146507372289,-119.14964631114103
3.300000011920929,5,300.0,-2.8978743571217737e-40,4.3675124283807383e-41,-5.4092651997452518e-40,-124.45914138247919,6.5594061538119366,0.0084046689709575961,-59.42547687454934
3.300000011920929,6,347.65376046193603,-1.4027935436820789e-06,6.2162279094919942e-06,4.7765130947055633e-08,0.0,0.0,0.0,0.0
3.300000011920929,7,347.58573308455806,-4.3578249838684312e-06,5.1776208714396704e-06,3.905516599667672e-08,0.0,0.0,0.0,0.0
3.300000011920929,8,300.0,4.5638504710733824e-35,-7.092274702602108e-35,5.2480456933649762e-37,-246.43776196320721,126.96651830947329,-0.57827504080765846,-119.1496463111411
3.300000011920929,9,323.82688023096796,-1.316326006630549e-08,1.9484284427143159e-06,-4.0298290254727295e-10,0.0,0.0,0.0,0.0
3.300000011920929,10,347.619746773247,-3.4107808121562914e-06,5.7436941064250887e-06,-4.2782205484039765e-08,0.0,0.0,0.0,0.0
3.300000011920929,11,323.79286654227906,-2.025100099416791e-06,2.1994283232433284e-06,1.1503729323490965e-08,0.0,0.0,0.0,0.0
3.300000011920929,12,300.0,2.3796253707969414e-39,-4.1466260965670789e-40,2.5438663771305305e-39,301.09939335144634,-134.06227850731716,-0.020824174287549985,0.0
3.300000011920929,13,300.0,3.1374475655772881e-40,5.5375089864040046e-41,2.8395121528234771e-39,122.02885681695054,-243.77218228750297,-0.041189022338654763,0.0
3.300000011920929,14,347.65376046193603,-1.3565899148433951e-06,6.1896744005828617e-06,-4.8540189082687565e-09,0.0,0.0,0.0,0.0
3.300000011920929,15,347.58573308455806,-4.2943215463510339e-06,5.1733312604707551e-06,-2.526275096037037e-09,0.0,0.0,0.0,0.0
3.300000011920929,16,300.0,-1.3789333155014478e-34,3.7053650886331505e-34,-1.7763053998359443e-38,1092.6990987849138,-471.38840357932099,-0.11072356787598239,0.0
3.300000011920929,17,323.826880230968,-9.4454808570007073e-09,1.9466822721100571e-06,-1.3447892205452941e-09,0.0,0.0,0.0,0.0
3.300000011920929,18,347.619746773247,-3.3986857092030299e-06,5.7390487112203817e-06,3.5561326615098526e-08,0.0,0.0,0.0,0.0
3.300000011920929,19,323.79286654227906,-2.021550794859496e-06,2.1974012714666834e-06,-1.1466643860502908e-08,0.0,0.0,0.0,0.0
3.300000011920929,20,300.0,-2.9175974273873592e-39,6.0426364964981307e-40,1.573782332114312e-39,300.78200517561982,-133.99495990486895,-0.051181914522104577,0.0
3.300000011920929,21,347.6066562350582,-5.1039073600174556e-06,4.4974139815573029e-06,-6.6548722681097196e-09,0.0,0.0,0.0,0.0
3.300000011920929,22,300.0,7.105564000387889e-35,-1.1487734891463991e-34,-6.6348592168840628e-37,-408.12843914458415,222.17504141218581,0.30774778152483045,-119.06898852879175
3.300000011920929,23,347.60665623505815,-5.1021013954442831e-06,4.4987030904723647e-06,6.7811406133687382e-09,0.0,0.0,0.0,0.0
3.300000011920929,24,300.0,7.0961466171077151e-35,-1.1486245486990604e-34,6.0115425172369283e-37,-408.15351263473349,222.1184888987294,-0.25229939250507155,-119.06898852879189
3.300000011920929,25,347.59619465980813,-4.9434204207972705e-06,4.8063829095342465e-06,-2.9351149949705047e-08,0.0,0.0,0.0,0.0
3.300000011920929,26,323.8033281175291,-2.522599823892326e-06,2.3382160258374525e-06,4.9109006221289002e-09,0.0,0.0,0.0,0.0
3.300000011920929,27,300.0,1.4351895524106732e-39,-9.5132392329510024e-40,9.3729280088945356e-40,718.96472863860652,-350.97650598811111,-0.42945804374002655,0.0
3.300000011920929,28,347.60665623505815,-5.0827542384303275e-06,4.4789821262975809e-06,6.4709261038327745e-11,0.0,0.0,0.0,0.0
3.300000011920929,29,300.0,-1.9228951570336707e-34,2.9182691907136386e-34,-1.682202393309314e-37,1678.0999323730596,-569.64334839692015,-0.073918735782225437,0.0
3.300000011920929,30,347.59619465980813,-4.9371644748686285e-06,4.8055625025616514e-06,2.703406407256433e-08,0.0,0.0,0.0,0.0
3.300000011920929,31,323.8033281175291,-2.5220272784472425e-06,2.3366020417772657e-06,-4.2874171008658484e-09,0.0,0.0,0.0,0.0
3.300000011920929,32,300.0,-1.0505046852054509e-39,6.6099281254352815e-40,8.8657188991251911e-40,718.89426418353344,-350.94930574930623,0.22379333521506922,0.0
3.300000011920929,33,347.6527063973086,-5.4789075998115748e-06,5.0041394422702194e-06,5.189819716067933e-08,0.0,0.0,0.0,0.0
3.300000011920929,34,300.0,2.1735233053998688e-34,-5.2617494818451097e-35,3.3413621341582922e-37,-583.86607748524466,142.08812895050042,-1.2783744479825414,-118.94300489335242
3.300000011920929,35,347.65270639730863,-5.486710039638313e-06,5.008126005628848e-06,-4.776005186851523e-08,0.0,0.0,0.0,0.0
3.300000011920929,36,300.0,2.1726023485594701e-34,-5.2610817630736174e-35,-2.6541493696690569e-37,-583.76361359209739,142.02840266915626,1.1158862595210135,-118.94300489335232
3.300000011920929,37,347.6296813161834,-5.1453502777405591e-06,4.7042769321061245e-06,2.7546689015169737e-08,0.0,0.0,0.0,0.0
3.300000011920929,38,323.82635319865426,-2.9391155844688913e-06,2.2139911488329408e-06,-1.1126185079644573e-08,0.0,0.0,0.0,0.0
3.300000011920929,39,300.0,-7.0959510225235648e-40,-7.85531297549239e-40,-2.9316924243963078e-40,932.03119615875676,-371.73479272185403,0.15931423265407363,0.0
3.300000011920929,40,347.65270639730863,-5.5689514713488575e-06,5.0229924512869551e-06,2.0701796711076506e-09,0.0,0.0,0.0,0.0
3.300000011920929,41,300.0,-6.7907378812349305e-34,7.1636273055298621e-35,-2.5117939399195078e-37,2219.6822869610696,-444.46938848997979,0.095912996680734136,0.0
3.300000011920929,42,347.6296813161834,-5.1487940722095901e-06,4.7070142067882422e-06,-2.5109467568353192e-08,0.0,0.0,0.0,0.0
3.300000011920929,43,323.8263531986543,-2.9414991646488692e-06,2.2135394735406315e-06,1.1097367118404777e-08,0.0,0.0,0.0,0.0
3.300000011920929,44,300.0,3.617001805036945e-40,9.8870518612900576e-40,-2.8501738653384143e-40,932.07247775714302,-371.76557984577221,-0.13902518209798143,0.0
3.300000011920929,45,347.6081512315978,-8.4968058389992531e-06,6.2285162286505761e-06,1.3184399214161817e-08,0.0,0.0,0.0,0.0
3.300000011920929,46,300.0,-2.665739168395437e-40,-3.8331388951021125e-40,4.4306151515411586e-40,-296.8702774983866,-0.12881645470402986,0.21119415530989483,-59.603012301394735
3.300000011920929,47,347.6081512315979,-8.5095573957813468e-06,6.2335817967839429e-06,-9.4136910990970363e-09,0.0,0.0,0.0,0.0
3.300000011920929,48,300.0,1.0680724149018114e-41,2.3998498246258872e-40,3.3731192579088011e-40,-296.86792200873265,-0.129375170907085,-0.37781074553031196,-59.603012301394685
3.300000011920929,49,347.6304288144532,-6.4156234756627666e-06,5.6560935967527955e-06,3.7249164169490721e-08,0.0,0.0,0.0,0.0
3.300000011920929,50,323.80407561579887,-4.9189102926513955e-06,1.8883162973446375e-06,-1.4563485170962538e-08,0.0,0.0,0.0,0.0
3.300000011920929,51,300.0,-1.8814787013770931e-39,-7.3654271845655575e-40,-2.2917985077866062e-39,1364.1340274322445,-135.41774701141563,0.35868264141596057,0.0
3.300000011920929,52,347.60815123159784,-8.5288693165620037e-06,6.2541489396110383e-06,1.890492688648312e-09,0.0,0.0,0.0,0.0
3.300000011920929,53,300.0,4.4765306288366895e-41,2.399400516665788e-40,-2.643268693364462e-39,1524.1629339185863,-266.36663365911522,0.067421024302491875,0.0
3.300000011920929,54,347.63042881445324,-6.4257981283451028e-06,5.6608643947259272e-06,-3.2933275104735041e-08,0.0,0.0,0.0,0.0
3.300000011920929,55,323.804075615799,-4.9234879957308278e-06,1.8885763965871365e-06,1.3412288568274916e-08,0.0,0.0,0.0,0.0
3.300000011920929,56,300.0,2.2846596525977679e-39,5.8749493056047438e-40,-1.7199097005631001e-39,1364.3617603779885,-135.47438997539365,0.039441721714602501,0.0
3.300000011920929,57,352.37596976816326,-1.6905837103060234e-06,3.3376788158607356e-05,-5.9621872269449688e-39,0.0,0.0,3.6211039313818736,0.0
3.300000011920929,58,400.0,-1.0000000000000003e-05,3.8999999999999999e-05,-3.0391404071910225e-40,506.7788033577732,-176.15640682638389,1.693772067520116,142.8633255264914
3.300000011920929,59,400.0,-1.0000000000000003e-05,3.8999999999999999e-05,1.5835046683011993e-36,856.00636004976832,-251.51056179359045,-0.75834129234510994,238.09112499272618
3.300000011920929,60,352.3811426547974,-5.1291037322960907e-06,3.4656188687300358e-05,1.8591734050606169e-36,0.0,0.0,-2.2288774859538925,0.0
3.300000011920929,61,352.37596976816315,-1.6775560286795408e-06,3.3375744896604148e-05,2.7696283831449149e-08,0.0,0.0,0.0,0.0
3.300000011920929,62,400.0,-1.0000000000000003e-05,3.8999999999999999e-05,-1.3337115439587826e-08,506.52510564162742,-175.96723996772619,0.0,142.86332552649148
3.300000011920929,63,400.0,-1.0000000000000003e-05,3.8999999999999999e-05,4.2013365874775597e-09,855.82783258103279,-251.17062191478024,0.0,238.0911249927267
3.300000011920929,64,352.38114265479743,-5.1319143487993212e-06,3.4658109861426203e-05,-6.688892008129368e-09,0.0,0.0,0.0,0.0
3.300000011920929,65,376.18798488408163,-5.3023644264939826e-06,3.7036726290948182e-05,7.5019934735723651e-40,0.0,0.0,-7.5240338085705663,0.0
3.300000011920929,66,400.0,-1.0000000000000003e-05,3.8999999999999999e-05,-2.07505551831819e-40,-2528.2575463579874,650.04069251046872,-1.072893987945406,0.0
3.300000011920929,67,376.1905713273987,-7.6586480901227617e-06,3.671599235969886e-05,-4.0263528285452652e-36,0.0,0.0,2.1510657936198809,0.0
3.300000011920929,68,352.3785562114803,-4.6782847170739003e-06,3.4052334365244238e-05,-1.5746823380984704e-37,0.0,0.0,4.0053390086607337,0.0
3.300000011920929,69,352.3759697681632,-1.7478970470357509e-06,3.3394148173626532e-05,9.8168083546313053e-09,0.0,0.0,0.0,0.0
3.300000011920929,70,400.0,-1.0000000000000003e-05,3.8999999999999999e-05,-1.6232275971178685e-09,-3055.4024253701882,599.99631730357555,0.0,0.0
3.300000011920929,71,400.0,-1.0000000000000003e-05,3.8999999999999999e-05,8.4037434414758116e-10,-3159.693150502063,981.67830251976989,0.0,0.0
3.300000011920929,72,352.3811426547974,-5.1147542332613351e-06,3.4650070016483776e-05,-3.174917108133219e-09,0.0,0.0,0.0,0.0
3.300000011920929,73,376.1879848840815,-5.2914557018649674e-06,3.7032385659514171e-05,-1.1687220657298032e-08,0.0,0.0,0.0,0.0
3.300000011920929,74,400.0,-1.0000000000000003e-05,3.8999999999999999e-05,-6.1298422007812542e-09,-2528.7883840595896,651.1815406458461,0.0,0.0
3.300000011920929,75,376.19057132739874,-7.660809412701197e-06,3.6718668405817019e-05,3.0412424253802401e-09,0.0,0.0,0.0,0.0
3.300000011920929,76,352.37855621148026,-4.6695208888048265e-06,3.4052981303701612e-05,2.0030350186238759e-08,0.0,0.0,0.0,0.0
3.300000011920929,77,400.0,-1.0000000000000003e-05,3.8999999999999999e-05,-1.0872473480759703e-41,274.30885898350351,-70.625109035531111,-1.7295095689000837,95.23567839001164
3.300000011920929,78,352.3881242561471,-8.4524001940015012e-06,3.3067680715796468e-05,-5.204909347464437e-39,0.0,0.0,-3.5540453152678979,0.0
3.300000011920929,79,400.0,-1.0000000000000003e-05,3.8999999999999999e-05,6.1990636327135095e-09,274.15984748053012,-70.690356652028669,0.0,95.23567839001154
3.300000011920929,80,352.3881242561471,-8.4650005028810953e-06,3.3069615180823998e-05,-3.552014316435771e-08,0.0,0.0,0.0,0.0
3.300000011920929,81,400.0,-1.0000000000000003e-05,3.8999999999999999e-05,4.1323892804965725e-40,-766.01672395269918,346.48847531435626,2.2592222233576691,0.0
3.300000011920929,82,376.1940621280735,-9.8061075766234166e-06,3.7135297286150805e-05,9.4023340813362538e-40,0.0,0.0,3.7811127892670142,0.0
3.300000011920929,83,352.3846334554722,-5.8692318486669639e-06,3.3841662891855601e-05,1.0897838401499344e-37,0.0,0.0,-0.55189309335388026,0.0
3.300000011920929,84,400.0,-1.0000000000000003e-05,3.8999999999999999e-05,-5.05474484474824e-10,-419.96867856394164,405.39540148084126,0.0,0.0
3.300000011920929,85,352.3881242561471,-8.4158370473128459e-06,3.3055813133786772e-05,-1.3004504927861661e-08,0.0,0.0,0.0,0.0
3.300000011920929,86,400.0,-1.0000000000000003e-05,3.8999999999999999e-05,7.0056578192481125e-09,-765.26904166488146,346.27617197354618,0.0,0.0
3.300000011920929,87,376.19406212807354,-9.8155962278280192e-06,3.7139993483222695e-05,-1.40265288681118e-09,0.0,0.0,0.0,0.0
3.300000011920929,88,352.3846334554722,-5.8783211346058656e-06,3.3843453544296298e-05,-2.0129591494014547e-08,0.0,0.0,0.0,0.0
3.4000000059604645,1,300.0,2.3713716148338237e-40,-2.9290408746390372e-40,-1.9331859138090303e-40,-124.37510274800088,6.4693742284296167,0.0077080306178162195,-59.42547687454942
3.4000000059604645,2,347.65376046193603,-1.4149672608919397e-06,6.2223732629044674e-06,-5.7750000551363197e-08,0.0,0.0,0.0,0.0
3.4000000059604645,3,347.58573308455806,-4.3673830843676673e-06,5.1803617848171469e-06,-4.4321562130679056e-08,0.0,0.0,0.0,0.0
3.4000000059604645,4,300.0,4.5613608942902112e-35,-7.0846670590810649e-35,-6.1317351292772925e-37,-246.29757051887265,126.92991640780281,0.66288502151212214,-119.14964631114113
3.4000000059604645,5,300.0,-2.2155117133668106e-40,3.5922657028411056e-41,-4.330266922248379e-40,-124.45984044690266,6.5595694693674149,0.0065939077756497766,-59.42547687454932
3.4000000059604645,6,347.6537604619361,-1.4027199243072392e-06,6.2161654028864796e-06,4.7557267572545054e-08,0.0,0.0,0.0,0.0
3.4000000059604645,7,347.5857330845581,-4.3577943066241366e-06,5.1775809679410624e-06,3.8936578716861729e-08,0.0,0.0,0.0,0.0
3.4000000059604645,8,300.0,4.5639354974687163e-35,-7.0924565223700931e-35,5.2515634883010231e-37,-246.4420770709927,126.96808250266002,-0.58219593982113638,-119.14964631114114
3.4000000059604645,9,323.826880230968,-1.3225750238031032e-08,1.9484516357291493e-06,-4.9592768278615324e-10,0.0,0.0,0.0,0.0
3.4000000059604645,10,347.619746773247,-3.4108595242977096e-06,5.7437264290861862e-06,-4.3053415396724443e-08,0.0,0.0,0.0,0.0
3.4000000059604645,11,323.79286654227906,-2.0251618878779073e-06,2.1994765387948304e-06,1.1439461837536676e-08,0.0,0.0,0.0,0.0
3.4000000059604645,12,300.0,1.9747957962681551e-39,-3.4302432161833327e-40,2.069790921069479e-39,301.10921296844128,-134.06393868586906,-0.011453010156750765,0.0
3.4000000059604645,13,300.0,2.1034682633178318e-40,5.4942142363796022e-41,2.3283046731587711e-39,122.02876965569021,-243.77172319938842,-0.030257989600433716,0.0
3.4000000059604645,14,347.65376046193603,-1.3565879536339791e-06,6.1896891207515873e-06,-5.1010363013225713e-09,0.0,0.0,0.0,0.0
3.4000000059604645,15,347.5857330845581,-4.2943136840515544e-06,5.1733291214955466e-06,-2.6964940468305496e-09,0.0,0.0,0.0,0.0
3.4000000059604645,16,300.0,-1.3789445840723166e-34,3.7053809292617396e-34,-2.4037330049464131e-38,1092.7008942973757,-471.38877242549472,-0.097124338614308109,0.0
3.4000000059604645,17,323.8268802309681,-9.3798958940905359e-09,1.9466344549610567e-06,-1.4573224913540527e-09,0.0,0.0,0.0,0.0
3.4000000059604645,18,347.61974677324713,-3.398627083153241e-06,5.7389999258403703e-06,3.5403447094276226e-08,0.0,0.0,0.0,0.0
3.4000000059604645,19,323.79286654227906,-2.0215078181536537e-06,2.1973578569331223e-06,-1.1535305641168276e-08,0.0,0.0,0.0,0.0
3.4000000059604645,20,300.0,-2.3996230316080627e-39,4.9400081415455568e-40,1.3151565410216989e-39,300.77051365676806,-133.99269655674084,-0.044443975397533642,0.0
3.4000000059604645,21,347.6066562350581,-5.1039175398395771e-06,4.4974883914723577e-06,-6.6989903593245899e-09,0.0,0.0,0.0,0.0
3.4000000059604645,22,300.0,7.1057376298561057e-35,-1.1487729185422558e-34,-6.6653856947892077e-37,-408.12788115680098,222.17537043457443,0.30733768158059543,-119.06898852879195
3.4000000059604645,23,347.6066562350582,-5.1020914227769573e-06,4.4986593591847865e-06,6.7431597047225627e-09,0.0,0.0,0.0,0.0
3.4000000059604645,24,300.0,7.095894344005689e-35,-1.1486373234915643e-34,5.9870305012136419e-37,-408.15465962074614,222.12141111801711,-0.25296359737067975,-119.0689885287918
3.4000000059604645,25,347.5961946598081,-4.9434613080154347e-06,4.806443118595887e-06,-2.9493743662184176e-08,0.0,0.0,0.0,0.0
3.4000000059604645,26,323.8033281175291,-2.5226118289956063e-06,2.3382793856154717e-06,4.8954638939728278e-09,0.0,0.0,0.0,0.0
3.4000000059604645,27,300.0,1.1828052724109119e-39,-7.761980488297811e-40,7.7104490504316659e-40,718.97050910745099,-350.9800440321481,-0.4257357523991957,0.0
3.4000000059604645,28,347.60665623505815,-5.082750853223871e-06,4.4789759302736378e-06,2.3338841883257787e-11,0.0,0.0,0.0,0.0
3.4000000059604645,29,300.0,-1.9228930176664012e-34,2.9182863590668625e-34,-1.6822070074911043e-37,1678.1000802366568,-569.64674881617407,-0.070648929311933922,0.0
3.4000000059604645,30,347.59619465980813,-4.9371404901355742e-06,4.805520132022912e-06,2.695517308929385e-08,0.0,0.0,0.0,0.0
3.4000000059604645,31,323.8033281175291,-2.5220171260255137e-06,2.3365529769362161e-06,-4.3051953888769658e-09,0.0,0.0,0.0,0.0
3.4000000059604645,32,300.0,-8.7751607755316916e-40,5.4742015785773248e-40,7.3377237354026699e-40,718.88968372696513,-350.94665838144562,0.22744690316091562,0.0
3.4000000059604645,33,347.6527063973086,-5.4788556348959906e-06,5.0042073896440304e-06,5.2054044648550084e-08,0.0,0.0,0.0,0.0
3.4000000059604645,34,300.0,2.1735525196075538e-34,-5.2617180897124041e-35,3.3104038057355167e-37,-583.86668603977614,142.08730090862687,-1.2780042406218133,-118.94300489335235
3.4000000059604645,35,347.6527063973086,-5.4867229774739803e-06,5.0080495481523295e-06,-4.7697583002144473e-08,0.0,0.0,0.0,0.0
3.4000000059604645,36,300.0,2.1725671748003107e-34,-5.2610950516471549e-35,-2.6984080399468608e-37,-583.76039758769571,142.02999301436409,1.1195029487981398,-118.94300489335231
3.4000000059604645,37,347.62968131618334,-5.1453301172273356e-06,4.7043500907206864e-06,2.7609826681578367e-08,0.0,0.0,0.0,0.0
3.4000000059604645,38,323.82635319865426,-2.9390707443352935e-06,2.2140469838263515e-06,-1.1091556564961447e-08,0.0,0.0,0.0,0.0
3.4000000059604645,39,300.0,-5.6985685807045525e-40,-6.4680296451942351e-40,-2.3560309685731722e-40,932.02896096056497,-371.7378657376168,0.15841937006975035,0.0
3.4000000059604645,40,347.6527063973086,-5.568963852785984e-06,5.0229951669845704e-06,2.1791557515913868e-09,0.0,0.0,0.0,0.0
3.4000000059604645,41,300.0,-6.7907257026439763e-34,7.163579172382655e-35,-2.4447412286679075e-37,2219.6799998493448,-444.47024472966416,0.086996938551264891,0.0
3.4000000059604645,42,347.6296813161834,-5.1487977620418729e-06,4.7069526759583131e-06,-2.5104053048596515e-08,0.0,0.0,0.0,0.0
3.4000000059604645,43,323.82635319865426,-2.9415232233455011e-06,2.2134797624609161e-06,1.1144138806430452e-08,0.0,0.0,0.0,0.0
3.4000000059604645,44,300.0,2.9228823001266186e-40,8.1018610603012057e-40,-2.3177152598108022e-40,932.07359468019024,-371.76184165243484,-0.13995856638629867,0.0
3.4000000059604645,45,347.6081512315978,-8.4967713812094449e-06,6.2286217738973053e-06,1.344102509034965e-08,0.0,0.0,0.0,0.0
3.4000000059604645,46,300.0,-2.2921168886221769e-40,-3.1184405923216273e-40,3.5670340185584928e-40,-296.87151656929746,-0.13022802610463469,0.21269903775247681,-59.60301230139469
3.4000000059604645,47,347.6081512315979,-8.5096150582150193e-06,6.2335052668101649e-06,-9.2096449764825839e-09,0.0,0.0,0.0,0.0
3.4000000059604645,48,300.0,-7.1507672233638966e-42,2.0061446985538436e-40,2.7063872444440968e-40,-296.86831829429656,-0.12837943239325705,-0.37671527867430854,-59.60301230139464
3.4000000059604645,49,347.6304288144532,-6.4155629642955526e-06,5.6561803251527343e-06,3.7453187115811825e-08,0.0,0.0,0.0,0.0
3.4000000059604645,50,323.80407561579887,-4.9188743184701726e-06,1.8883720543352826e-06,-1.4462859003608271e-08,0.0,0.0,0.0,0.0
3.4000000059604645,51,300.0,-1.5469066719258865e-39,-6.0300429319676474e-40,-1.857421621917279e-39,1364.126916441046,-135.42053012169032,0.35062349773023632,0.0
3.4000000059604645,52,347.60815123159784,-8.5288640258869486e-06,6.2541432267900546e-06,2.1197114742631495e-09,0.0,0.0,0.0,0.0
3.4000000059604645,53,300.0,6.4644335093932437e-41,1.8843363919931533e-40,-2.165318096942924e-39,1524.163821189738,-266.36591059157968,0.057504561778079964,0.0
3.4000000059604645,54,347.63042881445324,-6.4258477038939496e-06,5.6607874653008422e-06,-3.2789644018533203e-08,0.0,0.0,0.0,0.0
3.4000000059604645,55,323.804075615799,-4.9235365562208821e-06,1.8885345497620968e-06,1.34989216441394e-08,0.0,0.0,0.0,0.0
3.4000000059604645,56,300.0,1.8697634409222546e-39,4.8437927926982931e-40,-1.4129542478443671e-39,1364.3702305430406,-135.47208786055609,0.032920709658659203,0.0
3.4000000059604645,57,352.37596976816326,-1.6906593145896901e-06,3.6376802746573646e-05,-3.4143360668260551e-39,0.0,0.0,3.6068180813857862,0.0
3.4000000059604645,58,400.0,-1.0000000000000001e-05,4.1999999999999998e-05,-1.7739996174389322e-40,506.78030486465923,-176.15592709780822,1.6945666284387577,142.86332552649128
3.4000000059604645,59,400.0,-1.0000000000000001e-05,4.1999999999999998e-05,1.5849788567621849e-36,856.00622287943781,-251.51001759477464,-0.7577337423086854,238.09112499272635
3.4000000059604645,60,352.3811426547975,-5.1290917216542682e-06,3.7656189739605653e-05,1.8507636399684702e-36,0.0,0.0,-2.2246235327473496,0.0
3.4000000059604645,61,352.37596976816315,-1.6774831193695837e-06,3.6375736125255631e-05,2.7764762395254271e-08,0.0,0.0,0.0,0.0
3.4000000059604645,62,400.0,-1.0000000000000001e-05,4.1999999999999998e-05,-1.3309418929800854e-08,506.52347201506808,-175.96695448615091,0.0,142.86332552649137
3.4000000059604645,63,400.0,-1.0000000000000001e-05,4.1999999999999998e-05,4.2026354924484408e-09,855.82860054692969,-251.17005518571443,0.0,238.09112499272658
3.4000000059604645,64,352.38114265479743,-5.1319157741914885e-06,3.7658120559496269e-05,-6.6850300073473048e-09,0.0,0.0,0.0,0.0
3.4000000059604645,65,376.18798488408163,-5.3023977170332489e-06,4.003672198503991e-05,3.9519197994032631e-40,0.0,0.0,-7.5270738944154312,0.0
3.4000000059604645,66,400.0,-1.0000000000000001e-05,4.1999999999999998e-05,-2.2398510591458576e-40,-2528.2538287243847,650.04129093971414,-1.07511000094787,0.0
3.4000000059604645,67,376.19057132739874,-7.6586422739840551e-06,3.9715979607513036e-05,-4.0280509390171827e-36,0.0,0.0,2.1483145641510748,0.0
3.4000000059604645,68,352.3785562114804,-4.6783273579858394e-06,3.7052345844402267e-05,-1.2854700141305026e-37,0.0,0.0,3.9683269170358173,0.0
3.4000000059604645,69,352.3759697681632,-1.7478956214740159e-06,3.6394145793139982e-05,9.8927549876557994e-09,0.0,0.0,0.0,0.0
3.4000000059604645,70,400.0,-1.0000000000000001e-05,4.1999999999999998e-05,-1.6290544286382739e-09,-3055.4021201641904,599.99540233256107,0.0,0.0
3.4000000059604645,71,400.0,-1.0000000000000001e-05,4.1999999999999998e-05,8.4372488303219626e-10,-3159.6936068449841,981.67714993666664,0.0,0.0
3.4000000059604645,72,352.3811426547975,-5.1147558809894156e-06,3.7650066914235512e-05,-3.1762270552355129e-09,0.0,0.0,0.0,0.0
3.4000000059604645,73,376.1879848840815,-5.2914236024660965e-06,4.0032393353093816e-05,-1.1684985696231964e-08,0.0,0.0,0.0,0.0
3.4000000059604645,74,400.0,-1.0000000000000001e-05,4.1999999999999998e-05,-6.1239644084453935e-09,-2528.7924038174342,651.18115948548927,0.0,0.0
3.4000000059604645,75,376.19057132739874,-7.6608101063531624e-06,3.9718686822670618e-05,3.040080758924713e-09,0.0,0.0,0.0,0.0
3.4000000059604645,76,352.37855621148026,-4.6694762255542623e-06,3.7052978948331412e-05,2.0085685320997791e-08,0.0,0.0,0.0,0.0
3.4000000059604645,77,400.0,-1.0000000000000001e-05,4.1999999999999998e-05,-4.3773566767843479e-41,274.30834943017521,-70.624781415034604,-1.7304155869391751,95.2356783900116
3.4000000059604645,78,352.3881242561471,-8.4523574288905907e-06,3.6067654874016213e-05,-4.6178192472719019e-39,0.0,0.0,-3.547130565053275,0.0
3.4000000059604645,79,400.0,-1.0000000000000001e-05,4.1999999999999998e-05,6.1718511011921272e-09,274.15990992095863,-70.690963992440231,0.0,95.23567839001146
3.4000000059604645,80,352.38812425614697,-8.4650606148145079e-06,3.6069649055575721e-05,-3.5634162369163295e-08,0.0,0.0,0.0,0.0
3.4000000059604645,81,400.0,-1.0000000000000001e-05,4.1999999999999998e-05,3.7704599202989839e-40,-766.01900650787331,346.48917809256375,2.2617800628044229,0.0
3.4000000059604645,82,376.1940621280735,-9.8060904444300933e-06,4.0135285294963748e-05,8.793233566770088e-40,0.0,0.0,3.7874086244831049,0.0
3.4000000059604645,83,352.3846334554723,-5.8691906791930357e-06,3.6841648379959337e-05,8.8180176948270875e-38,0.0,0.0,-0.52626455343257939,0.0
3.4000000059604645,84,400.0,-1.0000000000000001e-05,4.1999999999999998e-05,-5.0622251328990083e-10,-419.96815702822363,405.39576332142519,0.0,0.0
3.4000000059604645,85,352.388124256147,-8.4158331343212636e-06,3.6055810642536251e-05,-1.3098213921068478e-08,0.0,0.0,0.0,0.0
3.4000000059604645,86,400.0,-1.0000000000000001e-05,4.1999999999999998e-05,6.994219583529897e-09,-765.26687383003139,346.2754078289617,0.0,0.0
3.4000000059604645,87,376.1940621280735,-9.8156218426070583e-06,4.0140009787956665e-05,-1.4163475715516706e-09,0.0,0.0,0.0,0.0
3.4000000059604645,88,352.3846334554722,-5.8783660203310199e-06,3.6843477945701143e-05,-2.0183857881298343e-08,0.0,0.0,0.0,0.0
3.5,1,300.0,2.1447474484981806e-40,-2.4219292269682142e-40,-1.6704572571853094e-40,-124.3736240544961,6.4681992812978795,0.0067243939759947524,-59.42547687454941
3.5,2,347.65376046193603,-1.4150201647653579e-06,6.2223914912398912e-06,-5.7984942995666531e-08,0.0,0.0,0.0,0.0
3.5,3,347.58573308455806,-4.3674417272795227e-06,5.1803999035635901e-06,-4.4504142850157802e-08,0.0,0.0,0.0,0.0
3.5,4,300.0,4.5614414504489692e-35,-7.0846973508316503e-35,-6.1446879130718526e-37,-246.29517710181074,126.92951905099805,0.66157576423628328,-119.14964631114108
3.5,5,300.0,-1.6912028333169848e-40,2.9552964288717101e-41,-3.4717810109090993e-40,-124.46037039104274,6.5597032319585988,0.0051303246814330405,-59.42547687454937
3.5,6,347.65376046193603,-1.4026570668836324e-06,6.2161136691830506e-06,4.7380737607238249e-08,0.0,0.0,0.0,0.0
3.5,7,347.5857330845581,-4.3577668857671155e-06,5.1775480086135581e-06,3.8834667665914195e-08,0.0,0.0,0.0,0.0
3.5,8,300.0,4.5640006533046925e-35,-7.0926014770815488e-35,5.2540317081575482e-37,-246.44553942493602,126.9693162816603,-0.5853853318451504,-119.14964631114101
3.5,9,323.826880230968,-1.3277118773798268e-08,1.9484707587950345e-06,-5.7329395487980304e-10,0.0,0.0,0.0,0.0
3.5,10,347.619746773247,-3.4109240055018238e-06,5.7437530398257423e-06,-4.3274574752661584e-08,0.0,0.0,0.0,0.0
3.5,11,323.79286654227906,-2.0252126946631194e-06,2.1995162539172925e-06,1.1385831994449523e-08,0.0,0.0,0.0,0.0
3.5,12,300.0,1.6396544260930126e-39,-2.839096978120597e-40,1.686261866632839e-39,301.11739293101027,-134.06531495472319,-0.0037681078925843881,0.0
3.5,13,300.0,1.3497747851610616e-40,5.2516300721047104e-41,1.9111965503414837e-39,122.02854751695145,-243.77131662757452,-0.021238153412554389,0.0
3.5,14,347.65376046193603,-1.3565870699015159e-06,6.1897011722834983e-06,-5.3058035377993994e-09,0.0,0.0,0.0,0.0
3.5,15,347.5857330845581,-4.2943077914550495e-06,5.1733273880964727e-06,-2.8380195732626183e-09,0.0,0.0,0.0,0.0
3.5,16,300.0,-1.3789527596682735e-34,3.7053930887676139e-34,-2.9244709495145047e-38,1092.7021158951936,-471.38897978774952,-0.085866060404720973,0.0
3.5,17,323.826880230968,-9.3247029508020173e-09,1.9465950435956904e-06,-1.5500591868602925e-09,0.0,0.0,0.0,0.0
3.5,18,347.6197467732471,-3.3985765247917068e-06,5.7389595663497006e-06,3.5268619258795072e-08,0.0,0.0,0.0,0.0
3.5,19,323.79286654227906,-2.0214712697717634e-06,2.1973219998106618e-06,-1.1592005703035593e-08,0.0,0.0,0.0,0.0
3.5,20,300.0,-1.9759845785383878e-39,4.0420167277883597e-40,1.0992980482373037e-39,300.76099812249481,-133.99083741028551,-0.038805334321199814,0.0
3.5,21,347.6066562350582,-5.1039261676140821e-06,4.4975488445736694e-06,-6.7361226672270795e-09,0.0,0.0,0.0,0.0
3.5,22,300.0,7.105880746143679e-35,-1.1487719482863699e-34,-6.6903378222741998e-37,-408.12735806245917,222.17554634370512,0.30698004021821917,-119.06898852879175
3.5,23,347.6066562350581,-5.102082456946487e-06,4.4986226458066823e-06,6.7103147203196417e-09,0.0,0.0,0.0,0.0
3.5,24,300.0,7.095687649016008e-35,-1.148647334118117e-34,5.9665746296179208e-37,-408.1555947087702,222.12371676770161,-0.25351193593294563,-119.06898852879208
3.5,25,347.59619465980813,-4.9434950074934106e-06,4.8064922883515369e-06,-2.9610562065711895e-08,0.0,0.0,0.0,0.0
3.5,26,323.8033281175291,-2.522621969187554e-06,2.3383313224491545e-06,4.8822679940242211e-09,0.0,0.0,0.0,0.0
3.5,27,300.0,9.7610179746830818e-40,-6.3409071986013033e-40,6.3508495037656277e-40,718.97531347449797,-350.98294798546516,-0.42264854600874208,0.0
3.5,28,347.60665623505815,-5.0827482732698864e-06,4.4789711615743541e-06,-1.1903582224425589e-11,0.0,0.0,0.0,0.0
3.5,29,300.0,-1.922891261563575e-34,2.9182993803237222e-34,-1.6827696224149442e-37,1678.1001425430713,-569.64935083001933,-0.067878263457979149,0.0
3.5,30,347.59619465980813,-4.9371192772239166e-06,4.8054848516645052e-06,2.6887025093180284e-08,0.0,0.0,0.0,0.0
3.5,31,323.8033281175291,-2.5220082148852474e-06,2.3365120752711567e-06,-4.3201682551425197e-09,0.0,0.0,0.0,0.0
3.5,32,300.0,-7.3364021346967696e-40,4.533399577474634e-40,6.0799097807474982e-40,718.88583691061035,-350.94446435354268,0.23049248012868789,0.0
3.5,33,347.6527063973086,-5.478813935003512e-06,5.0042632144311062e-06,5.217913829044074e-08,0.0,0.0,0.0,0.0
3.5,34,300.0,2.1735771250210273e-34,-5.2616924748964558e-35,3.2846855493420786e-37,-583.86726634546221,142.08657935692241,-1.2776439801229775,-118.94300489335245
3.5,35,347.6527063973086,-5.4867348069280794e-06,5.0079865720568793e-06,-4.7644083371109e-08,0.0,0.0,0.0,0.0
3.5,36,300.0,2.1725388144041995e-34,-5.2611061923567605e-35,-2.734546180038768e-37,-583.75786597542572,142.03126029415392,1.1223796906465433,-118.9430048933522
3.5,37,347.6296813161834,-5.1453141331774636e-06,4.7044098617504232e-06,2.7659506290135739e-08,0.0,0.0,0.0,0.0
3.5,38,323.82635319865426,-2.9390345635298448e-06,2.2140930761004848e-06,-1.1063084026063258e-08,0.0,0.0,0.0,0.0
3.5,39,300.0,-4.5733364005886709e-40,-5.330650472956756e-40,-1.890744172131189e-40,932.02718309601312,-371.74040568833203,0.15771358190264151,0.0
3.5,40,347.6527063973086,-5.5689734131543806e-06,5.0229974077836847e-06,2.2683010481070903e-09,0.0,0.0,0.0,0.0
3.5,41,300.0,-6.7907168874162092e-34,7.1635401396948631e-35,-2.3899858156209847e-37,2219.6782981461592,-444.47086036505164,0.079722973178077111,0.0
3.5,42,347.62968131618334,-5.1488009973750457e-06,4.7069016347137459e-06,-2.5099122395743697e-08,0.0,0.0,0.0,0.0
3.5,43,323.82635319865426,-2.9415434586940516e-06,2.2134304051190114e-06,1.1182034206527482e-08,0.0,0.0,0.0,0.0
3.5,44,300.0,2.3576077238855671e-40,6.642269797662868e-40,-1.8814657515038109e-40,932.07447584246552,-371.75876768607714,-0.14070380409946526,0.0
3.5,45,347.6081512315978,-8.4967431468351321e-06,6.2287087096107848e-06,1.3650264804826991e-08,0.0,0.0,0.0,0.0
3.5,46,300.0,-1.9626519645639195e-40,-2.5408176066849985e-40,2.8749945284514689e-40,-296.87255937501197,-0.1313855157446033,0.21391642074221454,-59.60301230139469
3.5,47,347.6081512315979,-8.5096634317642347e-06,6.2334424321845931e-06,-9.0400597511402637e-09,0.0,0.0,0.0,0.0
3.5,48,300.0,-1.8578865955642694e-41,1.675142545926874e-40,2.171910013036378e-40,-296.86869600099465,-0.1275512081340236,-0.37583700281960797,-59.60301230139464
3.5,49,347.6304288144532,-6.4155137458692506e-06,5.6562516902776695e-06,3.7618510949412447e-08,0.0,0.0,0.0,0.0
3.5,50,323.80407561579887,-4.9188449428298382e-06,1.8884181187915784e-06,-1.4380107251439664e-08,0.0,0.0,0.0,0.0
3.5,51,300.0,-1.2717031103188843e-39,-4.9411754991834617e-40,-1.5064421678446585e-39,1364.1210771529577,-135.42281911441518,0.34407079621235709,0.0
3.5,52,347.60815123159784,-8.5288594198198797e-06,6.2541384503384865e-06,2.3082535044371602e-09,0.0,0.0,0.0,0.0
3.5,53,300.0,7.5295906109693304e-41,1.4820246007236823e-40,-1.7746933728410105e-39,1524.1646331649836,-266.36533572650427,0.04936279262650986,0.0
3.5,54,347.63042881445324,-6.4258896043892613e-06,5.6607242083891824e-06,-3.2669437950640565e-08,0.0,0.0,0.0,0.0
3.5,55,323.804075615799,-4.923576778645373e-06,1.8885000291995199e-06,1.3569823468428299e-08,0.0,0.0,0.0,0.0
3.5,56,300.0,1.5309023557403617e-39,3.9951851604901106e-40,-1.1611199375987603e-39,1364.3771698057371,-135.47018526423457,0.027560817540314836,0.0
3.5,57,352.3759697681632,-1.6907211467233357e-06,3.9376814460488693e-05,-1.6232964190857872e-39,0.0,0.0,3.5954713550621489,0.0
3.5,58,400.0,-1.0000000000000001e-05,4.5000000000000003e-05,-8.8332578305090038e-41,506.78162948592256,-176.15550428481464,1.6954495219360668,142.86332552649137
3.5,59,400.0,-1.0000000000000001e-05,4.5000000000000003e-05,1.5862807484577964e-36,856.00613075302817,-251.50951132045356,-0.75717895844797678,238.09112499272624
3.5,60,352.38114265479743,-5.1290822931339623e-06,4.0656190790645332e-05,1.8440160260968159e-36,0.0,0.0,-2.2212750492255857,0.0
3.5,61,352.37596976816315,-1.6774206623846051e-06,3.9375729278204762e-05,2.7826229339100274e-08,0.0,0.0,0.0,0.0
3.5,62,400.0,-1.0000000000000001e-05,4.5000000000000003e-05,-1.3286677858491997e-08,506.52219371336503,-175.96671435558704,0.0,142.86332552649154
3.5,63,400.0,-1.0000000000000001e-05,4.5000000000000003e-05,4.2037935488562585e-09,855.82921029404531,-251.16953347386684,0.0,238.09112499272666
3.5,64,352.3811426547974,-5.1319169139128302e-06,4.0658129967778973e-05,-6.6822267180992406e-09,0.0,0.0,0.0,0.0
3.5,65,376.18798488408163,-5.3024251342889451e-06,4.3036718281822488e-05,1.4933472456985012e-40,0.0,0.0,-7.5302633149848068,0.0
3.5,66,400.0,-1.0000000000000001e-05,4.5000000000000003e-05,-2.2654303898552347e-40,-2528.2506743966014,650.04180136700393,-1.0770994709118695,0.0
3.5,67,376.19057132739874,-7.6586376920406539e-06,4.2715969000402758e-05,-4.0296841356557335e-36,0.0,0.0,2.1460016686138244,0.0
3.5,68,352.3785562114803,-4.6783626808009841e-06,4.0052355189398485e-05,-1.0507987452940937e-37,0.0,0.0,3.9379648800113398,0.0
3.5,69,352.37596976816315,-1.7478952021387613e-06,3.9394143876308053e-05,9.9574471757104614e-09,0.0,0.0,0.0,0.0
3.5,70,400.0,-1.0000000000000001e-05,4.5000000000000003e-05,-1.6334906616454888e-09,-3055.4020265550462,599.99461950582463,0.0,0.0
3.5,71,400.0,-1.0000000000000001e-05,4.5000000000000003e-05,8.4635698724651881e-10,-3159.6939836904749,981.67608746455426,0.0,0.0
3.5,72,352.3811426547974,-5.1147571574402734e-06,4.0650064180605213e-05,-3.1772223511129796e-09,0.0,0.0,0.0,0.0
3.5,73,376.1879848840815,-5.2913957513936512e-06,4.3032399857060105e-05,-1.1682664775623682e-08,0.0,0.0,0.0,0.0
3.5,74,400.0,-1.0000000000000001e-05,4.5000000000000003e-05,-6.1193113350521532e-09,-2528.7957945732132,651.180818156398,0.0,0.0
3.5,75,376.1905713273987,-7.6608106784123809e-06,4.2718702501019067e-05,3.0390241363155452e-09,0.0,0.0,0.0,0.0
3.5,76,352.37855621148026,-4.6694379563926741e-06,4.0052977535908477e-05,2.0134174136017043e-08,0.0,0.0,0.0,0.0
3.5,77,400.0,-1.0000000000000001e-05,4.5000000000000003e-05,-6.3325069277054356e-41,274.30790710647062,-70.624495784484878,-1.7312582799090797,95.2356783900116
3.5,78,352.3881242561471,-8.4523225529927396e-06,3.9067633726244411e-05,-4.0611704801382813e-39,0.0,0.0,-3.5415920929092666,0.0
3.5,79,400.0,-1.0000000000000001e-05,4.5000000000000003e-05,6.1492152239778576e-09,274.15991211920806,-70.691462488325541,0.0,95.23567839001157
3.5,80,352.3881242561471,-8.4651112268097037e-06,3.9069676913074484e-05,-3.5730584117650074e-08,0.0,0.0,0.0,0.0
3.5,81,400.0,-1.0000000000000001e-05,4.5000000000000003e-05,3.3961804721549917e-40,-766.02089573108947,346.48977324946316,2.2639982842041735,0.0
3.5,82,376.1940621280735,-9.806076391873244e-06,4.3135275267315302e-05,8.0682251083340616e-40,0.0,0.0,3.7928976371882457,0.0
3.5,83,352.3846334554722,-5.8691571205431785e-06,3.9841636616317442e-05,7.1399946196463746e-38,0.0,0.0,-0.50545974090541712,0.0
3.5,84,400.0,-1.0000000000000001e-05,4.5000000000000003e-05,-5.0719537056152217e-10,-419.96765595979628,405.39603986367854,0.0,0.0
3.5,85,352.3881242561471,-8.4158295021523791e-06,3.9055808627797383e-05,-1.317643778772463e-08,0.0,0.0,0.0,0.0
3.5,86,400.0,-1.0000000000000001e-05,4.5000000000000003e-05,6.9849209842431505e-09,-765.26508572755552,346.2747640100647,0.0,0.0
3.5,87,376.19406212807354,-9.8156436090109536e-06,4.3140023381135837e-05,-1.4279260667269116e-09,0.0,0.0,0.0,0.0
3.5,88,352.3846334554722,-5.8784036031189759e-06,3.9843498295306748e-05,-2.0230493584004602e-08,0.0,0.0,0.0,0.0
3.600000023841858,1,300.0,1.9213843268445518e-40,-2.0038605418060969e-40,-1.4397286019006881e-40,-124.37233749942402,6.4672247202202957,0.0058847301943639185,-59.4254768745494
3.600000023841858,2,347.65376046193603,-1.4150635733082407e-06,6.2224065168333367e-06,-5.8176430464101828e-08,0.0,0.0,0.0,0.0
3.600000023841858,3,347.58573308455806,-4.3674897684119691e-06,5.1804313026958823e-06,-4.4653423532085956e-08,0.0,0.0,0.0,0.0
3.600000023841858,4,300.0,4.5615011708470347e-35,-7.0847178247118799e-35,-6.1548970028817376e-37,-246.29307283869989,126.92914331756882,0.66044816201918599,-119.14964631114114
3.600000023841858,5,300.0,-1.288899823525992e-40,2.4310386977736939e-41,-2.7877094978902771e-40,-124.46077144520052,6.5598126841628179,0.0039455125370049804,-59.4254768745493
3.600000023841858,6,347.6537604619361,-1.4026034720756437e-06,6.2160708368705171e-06,4.7230966300796756e-08,0.0,0.0,0.0,0.0
3.600000023841858,7,347.58573308455806,-4.3577425582637536e-06,5.1775207796251383e-06,3.8747259443566745e-08,0.0,0.0,0.0,0.0
3.600000023841858,8,300.0,4.564050573906315e-35,-7.0927171646159623e-35,5.2557334335620842e-37,-246.44832180040206,126.9702900435673,-0.58798369148400831,-119.14964631114125
3.600000023841858,9,323.826880230968,-1.3319395516281444e-08,1.9484865318599354e-06,-6.3772484357155392e-10,0.0,0.0,0.0,0.0
3.600000023841858,10,347.619746773247,-3.4109768943102346e-06,5.7437749586742848e-06,-4.3455161187144898e-08,0.0,0.0,0.0,0.0
3.600000023841858,11,323.79286654227906,-2.0252545240305839e-06,2.199548988152109e-06,1.1341053407258924e-08,0.0,0.0,0.0,0.0
3.600000023841858,12,300.0,1.3621148335776383e-39,-2.350871638232652e-40,1.3755535118252868e-39,301.12421077874535,-134.06645613641339,0.0025412408597561553,0.0
3.600000023841858,13,300.0,8.0726696673610974e-41,4.8947324825909318e-41,1.570452267561654e-39,122.02824465151595,-243.77095900308544,-0.013788769492235869,0.0
3.600000023841858,14,347.65376046193603,-1.3565869202016252e-06,6.1897110542481907e-06,-5.4756705370465515e-09,0.0,0.0,0.0,0.0
3.600000023841858,15,347.58573308455806,-4.294303395988763e-06,5.1733259835600709e-06,-2.955776439040196e-09,0.0,0.0,0.0,0.0
3.600000023841858,16,300.0,-1.3789586165625257e-34,3.7054024135667597e-34,-3.3570106853298271e-38,1092.7029181796272,-471.38907471525499,-0.076537305958310445,0.0
3.600000023841858,17,323.8268802309681,-9.2782581894639094e-09,1.9465625398011922e-06,-1.626556322961643e-09,0.0,0.0,0.0,0.0
3.600000023841858,18,347.6197467732471,-3.3985330322353444e-06,5.738926168661179e-06,3.5153644154989371e-08,0.0,0.0,0.0,0.0
3.600000023841858,19,323.79286654227906,-2.0214402140992047e-06,2.1972923728805504e-06,-1.1638879785028147e-08,0.0,0.0,0.0,0.0
3.600000023841858,20,300.0,-1.6289806682469704e-39,3.3099934411310202e-40,9.1906799906239777e-40,300.75311156888989,-133.98930926317431,-0.034085761243929147,0.0
3.600000023841858,21,347.60665623505815,-5.1039334909737259e-06,4.4975980056915552e-06,-6.7674150449881584e-09,0.0,0.0,0.0,0.0
3.600000023841858,22,300.0,7.1059986049293067e-35,-1.148770755992055e-34,-6.7107455437268758e-37,-408.126873796859,222.17561663980001,0.30666826624995974,-119.0689885287918
3.600000023841858,23,347.6066562350582,-5.1020744406911919e-06,4.4985918463626325e-06,6.681931008567372e-09,0.0,0.0,0.0,0.0
3.600000023841858,24,300.0,7.0955182112533268e-35,-1.1486551822924601e-34,5.9495118583763954e-37,-408.15635891936853,222.12553734114027,-0.25396612086064962,-119.06898852879176
3.600000023841858,25,347.59619465980813,-4.9435228217405464e-06,4.8065324781036039e-06,-2.9706408880050939e-08,0.0,0.0,0.0,0.0
3.600000023841858,26,323.8033281175291,-2.5226305473489045e-06,2.3383739285999105e-06,4.8709811013570618e-09,0.0,0.0,0.0,0.0
3.600000023841858,27,300.0,8.0657540822777197e-40,-5.1857952283438058e-40,5.2375039771576545e-40,718.97931126613696,-350.98533335925936,-0.42008509001600386,0.0
3.600000023841858,28,347.60665623505815,-5.0827463145422583e-06,4.4789674975715066e-06,-4.1942641972077839e-11,0.0,0.0,0.0,0.0
3.600000023841858,29,300.0,-1.9228898056588453e-34,2.9183092320224496e-34,-1.6836983588074073e-37,1678.1001450495519,-569.6513390625596,-0.065528659749904128,0.0
3.600000023841858,30,347.59619465980813,-4.9371006129580915e-06,4.8054554803745125e-06,2.6828281192433359e-08,0.0,0.0,0.0,0.0
3.600000023841858,31,323.8033281175291,-2.5220004090015834e-06,2.3364779824429694e-06,-4.3327966196614557e-09,0.0,0.0,0.0,0.0
3.600000023841858,32,300.0,-6.1385546440552603e-40,3.7544364369115947e-40,5.0432521872236006e-40,718.88260394971996,-350.9426457692835,0.23303373187773738,0.0
3.600000023841858,33,347.6527063973086,-5.4787804557741939e-06,5.0043091103079108e-06,5.2279595369179352e-08,0.0,0.0,0.0,0.0
3.600000023841858,34,300.0,2.173597814751459e-34,-5.2616715173124574e-35,3.2633281276624193e-37,-583.86780368663381,142.08595329609915,-1.2773053841974191,-118.94300489335245
3.600000023841858,35,347.65270639730863,-5.4867454435353241e-06,5.0079346807832043e-06,-4.7598471723126442e-08,0.0,0.0,0.0,0.0
3.600000023841858,36,300.0,2.1725159296904713e-34,-5.2611154942020668e-35,-2.7640758439248514e-37,-583.75587316172948,142.03227087061543,1.1246690011310165,-118.94300489335235
3.600000023841858,37,347.62968131618334,-5.1453014698954373e-06,4.7044587363653455e-06,2.7698555671642023e-08,0.0,0.0,0.0,0.0
3.600000023841858,38,323.82635319865426,-2.9390053601281736e-06,2.2141311441423685e-06,-1.1039691070373296e-08,0.0,0.0,0.0,0.0
3.600000023841858,39,300.0,-3.6674630146175676e-40,-4.3967151644242556e-40,-1.514875469728722e-40,932.0257719777627,-371.7425059675312,0.15715928128250556,0.0
3.600000023841858,40,347.65270639730863,-5.5689807945838699e-06,5.0229992583533183e-06,2.3412094608060082e-09,0.0,0.0,0.0,0.0
3.600000023841858,41,300.0,-6.7907105718990355e-34,7.1635083912105843e-35,-2.3452610181878338e-37,2219.6770373625973,-444.47129677121336,0.073788631898325019,0.0
3.600000023841858,42,347.62968131618345,-5.1488037825489122e-06,4.7068592925996069e-06,-2.5094774167930633e-08,0.0,0.0,0.0,0.0
3.600000023841858,43,323.8263531986543,-2.9415604351147146e-06,2.2133895938598779e-06,1.1212740027884137e-08,0.0,0.0,0.0,0.0
3.600000023841858,44,300.0,1.8975847129723633e-40,5.4485612927982479e-40,-1.5244637270441755e-40,932.07516724626919,-371.75623857584873,-0.14129659543992812,0.0
3.600000023841858,45,347.6081512315978,-8.4967200190824419e-06,6.228780333514039e-06,1.3820928438293965e-08,0.0,0.0,0.0,0.0
3.600000023841858,46,300.0,-1.6742152194332859e-40,-2.0731534678447805e-40,2.3196546541315803e-40,-296.87343475920454,-0.13233569003779383,0.21490183826653941,-59.603012301394735
3.600000023841858,47,347.6081512315979,-8.5097039642227142e-06,6.2333907975235746e-06,-8.8991679833949909e-09,0.0,0.0,0.0,0.0
3.600000023841858,48,300.0,-2.5406987254623754e-41,1.3973527553883872e-40,1.7432693903594941e-40,-296.86904830070551,-0.12686271915035924,-0.37513305390394364,-59.603012301394685
3.600000023841858,49,347.6304288144532,-6.4154736970104503e-06,5.656310437124552e-06,3.7752545798298038e-08,0.0,0.0,0.0,0.0
3.600000023841858,50,323.80407561579887,-4.9188209595502179e-06,1.8884561815918693e-06,-1.4312051452574755e-08,0.0,0.0,0.0,0.0
3.600000023841858,51,300.0,-1.0453718829714571e-39,-4.0522929256865323e-40,-1.2226031209768843e-39,1364.1162832367531,-135.42470287784738,0.33874069781545413,0.0
3.600000023841858,52,347.60815123159784,-8.5288554302637458e-06,6.2541344697188349e-06,2.4633523872654814e-09,0.0,0.0,0.0,0.0
3.600000023841858,53,300.0,7.9472345765976524e-41,1.1675979688733498e-40,-1.4552286030413142e-39,1524.1653656678832,-266.36487762122573,0.042676252077978448,0.0
3.600000023841858,54,347.63042881445324,-6.4259249438538102e-06,5.6606721618333059e-06,-3.256896043654419e-08,0.0,0.0,0.0,0.0
3.600000023841858,55,323.804075615799,-4.9236100792923826e-06,1.8884715314002038e-06,1.3627871069272055e-08,0.0,0.0,0.0,0.0
3.600000023841858,56,300.0,1.2539205522669418e-39,3.2965649286937525e-40,-9.5440291279909281e-40,1364.3828551478812,-135.46861232440597,0.023155328334769187,0.0
3.600000023841858,57,352.3759697681632,-1.6907717807478556e-06,4.2376823877524419e-05,-3.9087665789151188e-40,0.0,0.0,3.5864500072324916,0.0
3.600000023841858,58,400.0,-1.0000000000000001e-05,4.8000000000000001e-05,-2.6912795105068938e-41,506.78279168961575,-176.15513402850362,1.6963593282281062,142.86332552649125
3.600000023841858,59,400.0,-1.0000000000000001e-05,4.8000000000000001e-05,1.5874213951678927e-36,856.00607333660128,-251.50904827575476,-0.75667518429731695,238.09112499272624
3.600000023841858,60,352.3811426547975,-5.1290749081216117e-06,4.3656191803888476e-05,1.8385943334642462e-36,0.0,0.0,-2.2186379254378492,0.0
3.600000023841858,61,352.3759697681632,-1.6773672544436966e-06,4.2375723926742486e-05,2.7880923825731503e-08,0.0,0.0,0.0,0.0
3.600000023841858,62,400.0,-1.0000000000000001e-05,4.8000000000000001e-05,-1.3267993011309631e-08,506.52119283594669,-175.96651249585597,0.0,142.86332552649145
3.600000023841858,63,400.0,-1.0000000000000001e-05,4.8000000000000001e-05,4.2048158212918104e-09,855.82969425153647,-251.16906006788579,0.0,238.09112499272652
3.600000023841858,64,352.38114265479743,-5.1319177903550426e-06,4.3658138187105565e-05,-6.6801674117337296e-09,0.0,0.0,0.0,0.0
3.600000023841858,65,376.18798488408163,-5.3024477391876143e-06,4.6036715105751766e-05,-1.6476338624589698e-41,0.0,0.0,-7.5334362592155477,0.0
3.600000023841858,66,400.0,-1.0000000000000001e-05,4.8000000000000001e-05,-2.1994889291750668e-40,-2528.247999001193,650.04223605821824,-1.0788689919822829,0.0
3.600000023841858,67,376.19057132739874,-7.658634090855198e-06,4.5715960176671968e-05,-4.0312119878263329e-36,0.0,0.0,2.144050568312772,0.0
3.600000023841858,68,352.3785562114804,-4.6783919712055873e-06,4.3052362805624587e-05,-8.6012369157845442e-38,0.0,0.0,3.9130266642425617,0.0
3.600000023841858,69,352.3759697681632,-1.7478954528645174e-06,4.2394142327435496e-05,1.0012478634664781e-08,0.0,0.0,0.0,0.0
3.600000023841858,70,400.0,-1.0000000000000001e-05,4.8000000000000001e-05,-1.6368648471389526e-09,-3055.4020750934678,599.99395141827017,0.0,0.0
3.600000023841858,71,400.0,-1.0000000000000001e-05,4.8000000000000001e-05,8.484221825158065e-10,-3159.6942964198724,981.67512263419576,0.0,0.0
3.600000023841858,72,352.3811426547975,-5.1147581498986649e-06,4.3650061785335898e-05,-3.1779474621281641e-09,0.0,0.0,0.0,0.0
3.600000023841858,73,376.1879848840816,-5.2913716647871651e-06,4.6032405348430598e-05,-1.1680371705008412e-08,0.0,0.0,0.0,0.0
3.600000023841858,74,400.0,-1.0000000000000001e-05,4.8000000000000001e-05,-6.1156263972812633e-09,-2528.7986555631896,651.1805156893804,0.0,0.0
3.600000023841858,75,376.19057132739874,-7.6608111318746914e-06,4.57187158217003e-05,3.0380772623316916e-09,0.0,0.0,0.0,0.0
3.600000023841858,76,352.3785562114803,-4.6694052138275375e-06,4.3052976782443606e-05,2.0176476324513325e-08,0.0,0.0,0.0,0.0
3.600000023841858,77,400.0,-1.0000000000000001e-05,4.8000000000000001e-05,-7.3506312653431788e-41,274.3075254535172,-70.624247820635532,-1.7320274665663944,95.23567839001154
3.600000023841858,78,352.3881242561471,-8.4522941078778949e-06,4.2067616408289234e-05,-3.545260575112812e-39,0.0,0.0,-3.5371531760280157,0.0
3.600000023841858,79,400.0,-1.0000000000000001e-05,4.8000000000000001e-05,6.1303856130025007e-09,274.15987465908916,-70.691871757981801,0.0,95.23567839001149
3.600000023841858,80,352.388124256147,-8.4651537754129891e-06,4.206969983172931e-05,-3.5811984553497999e-08,0.0,0.0,0.0,0.0
3.600000023841858,81,400.0,-1.0000000000000001e-05,4.8000000000000001e-05,3.0275847522922807e-40,-766.02245744127572,346.49027663988659,2.2659137471288413,0.0
3.600000023841858,82,376.1940621280735,-9.8060648690781815e-06,4.613526688454544e-05,7.2952614242820778e-40,0.0,0.0,3.797657123751164,0.0
3.600000023841858,83,352.3846334554723,-5.8691297616967271e-06,4.2841627072879888e-05,5.78500877262688e-38,0.0,0.0,-0.48856068051111951,0.0
3.600000023841858,84,400.0,-1.0000000000000001e-05,4.8000000000000001e-05,-5.0828269036774456e-10,-419.96718664299499,405.39625070202555,0.0,0.0
3.600000023841858,85,352.3881242561471,-8.4158261905931021e-06,4.2055806992818235e-05,-1.3241692964206826e-08,0.0,0.0,0.0,0.0
3.600000023841858,86,400.0,-1.0000000000000001e-05,4.8000000000000001e-05,6.9773534842639042e-09,-765.26361193942046,346.27422224775802,0.0,0.0
3.600000023841858,87,376.1940621280735,-9.8156620592698626e-06,4.6140034712599571e-05,-1.437701574316657e-09,0.0,0.0,0.0,0.0
3.600000023841858,88,352.3846334554722,-5.8784350246528815e-06,4.2843515259013004e-05,-2.0270410414288073e-08,0.0,0.0,0.0,0.0
3.699999988079071,1,300.0,1.7078812006999823e-40,-1.6589051029615444e-40,-1.2380180293539787e-40,-124.37122173247215,6.4664160496530405,0.0051688682156684762,-59.42547687454941
3.699999988079071,2,347.65376046193603,-1.4150992356703409e-06,6.2224189017474445e-06,-5.8332703680596252e-08,0.0,0.0,0.0,0.0
3.699999988079071,3,347.58573308455806,-4.3675291781733807e-06,5.1804571818061587e-06,-4.4775645726609445e-08,0.0,0.0,0.0,0.0
3.699999988079071,4,300.0,4.5615450400393706e-35,-7.0847311830107092e-35,-6.1629451507430944e-37,-246.29123135639816,126.92879549783291,0.65947909945974037,-119.14964631114107
3.699999988079071,5,300.0,-9.8065078787977609e-41,1.9990921004912021e-41,-2.2418100595707678e-40,-124.46107443427954,6.5599021454459834,0.0029848813985345335,-59.42547687454937
3.699999988079071,6,347.65376046193603,-1.4025578309202078e-06,6.2160353622388815e-06,4.7104009769658144e-08,0.0,0.0,0.0,0.0
3.699999988079071,7,347.5857330845581,-4.3577211085049135e-06,5.1774982805639686e-06,3.8672419185883566e-08,0.0,0.0,0.0,0.0
3.699999988079071,8,300.0,4.5640888230648016e-35,-7.0928095934769896e-35,5.2568799010994599e-37,-246.45056127503807,126.97105905661547,-0.59010379180788619,-119.14964631114101
3.699999988079071,9,323.826880230968,-1.3354230767365113e-08,1.9484995456551169e-06,-6.9140867463614701e-10,0.0,0.0,0.0,0.0
3.699999988079071,10,347.619746773247,-3.4110203279465595e-06,5.7437930197192556e-06,-4.360281304783561e-08,0.0,0.0,0.0,0.0
3.699999988079071,11,323.79286654227906,-2.0252890047454756e-06,2.1995759846834262e-06,1.1303644320876914e-08,0.0,0.0,0.0,0.0
3.699999988079071,12,300.0,1.1321794363014578e-39,-1.9473540947606096e-40,1.1234973375391917e-39,301.12989644704453,-134.06740258269423,0.0077270922745577009,0.0
3.699999988079071,13,300.0,4.2280384289023534e-41,4.4802963955466626e-41,1.2917630492883704e-39,122.02789950569618,-243.77064618156038,-0.0076311486212067847,0.0
3.699999988079071,14,347.65376046193603,-1.3565872547850257e-06,6.189719168901118e-06,-5.6166845073910807e-09,0.0,0.0,0.0,0.0
3.699999988079071,15,347.5857330845581,-4.2943001355601809e-06,5.1733248450873108e-06,-3.0538277228821692e-09,0.0,0.0,0.0,0.0
3.699999988079071,16,300.0,-1.3789627447949225e-34,3.7054095566576535e-34,-3.7165726299633657e-38,1092.7034172566619,-471.38909313169631,-0.068800581101218478,0.0
3.699999988079071,17,323.826880230968,-9.23917664334606e-09,1.9465357164300576e-06,-1.6897173995586247e-09,0.0,0.0,0.0,0.0
3.699999988079071,18,347.6197467732471,-3.3984956995508305e-06,5.7388985247831222e-06,3.5055724533387524e-08,0.0,0.0,0.0,0.0
3.699999988079071,19,323.79286654227906,-2.0214138450441418e-06,2.1972678845295088e-06,-1.1677672578245603e-08,0.0,0.0,0.0,0.0
3.699999988079071,20,300.0,-1.3443549353837097e-39,2.7127074078879485e-40,7.6853943234047602e-40,300.74656937022013,-133.98805238680384,-0.030134727598998823,0.0
3.699999988079071,21,347.6066562350581,-5.1039397159128259e-06,4.4976380207081672e-06,-6.793818595320571e-09,0.0,0.0,0.0,0.0
3.699999988079071,22,300.0,7.1060955735931446e-35,-1.1487694645752968e-34,-6.7274457789974683e-37,-408.12642989993014,222.17561596490432,0.30639657057661129,-119.06898852879193
3.699999988079071,23,347.60665623505815,-5.1020673063781481e-06,4.4985660251543026e-06,6.6574171861251316e-09,0.0,0.0,0.0,0.0
3.699999988079071,24,300.0,7.0953792505161804e-35,-1.1486613378890847e-34,5.9352858130567354e-37,-408.15698503052477,222.1269760078128,-0.2543435460163127,-119.06898852879182
3.699999988079071,25,347.5961946598081,-4.943545810135489e-06,4.8065653550471175e-06,-2.978516677686023e-08,0.0,0.0,0.0,0.0
3.699999988079071,26,323.8033281175291,-2.5226378147162607e-06,2.3384089059510591e-06,4.8613216495855466e-09,0.0,0.0,0.0,0.0
3.699999988079071,27,300.0,6.6734776198809599e-40,-4.2454459821091253e-40,4.3246399542829982e-40,718.9826417100137,-350.98729418845539,-0.41795409801869321,0.0
3.699999988079071,28,347.60665623505815,-5.0827448342101822e-06,4.4789646874039874e-06,-6.7560819297001511e-11,0.0,0.0,0.0,0.0
3.699999988079071,29,300.0,-1.9228885872651536e-34,2.9183166645773725e-34,-1.6848520227713998e-37,1678.1001069468073,-569.65285583767763,-0.063534561829222347,0.0
3.699999988079071,30,347.59619465980813,-4.9370842628381675e-06,4.8054310325280603e-06,2.6777736377948091e-08,0.0,0.0,0.0,0.0
3.699999988079071,31,323.8033281175291,-2.521993583128355e-06,2.3364495677815824e-06,-4.3434624150540417e-09,0.0,0.0,0.0,0.0
3.699999988079071,32,300.0,-5.1403250808198631e-40,3.109633235834746e-40,4.1878520009810473e-40,718.87988502133749,-350.94113814834782,0.23515619842668933,0.0
3.699999988079071,33,347.6527063973085,-5.4787535647841082e-06,5.0043468667655798e-06,5.2360302235617399e-08,0.0,0.0,0.0,0.0
3.699999988079071,34,300.0,2.1736151853319234e-34,-5.2616543255200407e-35,3.245598210011097e-37,-583.86829052685209,142.08541210134374,-1.2769949670517842,-118.94300489335238
3.699999988079071,35,347.6527063973086,-5.4867548817419736e-06,5.0078919076917764e-06,-4.7559742139030229e-08,0.0,0.0,0.0,0.0
3.699999988079071,36,300.0,2.1724974494579504e-34,-5.2611232323174505e-35,-2.788222566548696e-37,-583.7543046177226,142.03307732241245,1.1264916338545961,-118.94300489335227
3.699999988079071,37,347.62968131618334,-5.1452914469825474e-06,4.70449873301314e-06,2.7729209910575569e-08,0.0,0.0,0.0,0.0
3.699999988079071,38,323.82635319865426,-2.9389817822772478e-06,2.2141625991009755e-06,-1.1020487204828655e-08,0.0,0.0,0.0,0.0
3.699999988079071,39,300.0,-2.9383715736872389e-40,-3.6288505327282608e-40,-1.2114455505473596e-40,932.0246546966697,-371.74424336167681,0.15672612521742438,0.0
3.699999988079071,40,347.6527063973085,-5.568986493336253e-06,5.0230007875405701e-06,2.400822730958912e-09,0.0,0.0,0.0,0.0
3.699999988079071,41,300.0,-6.7907061043910222e-34,7.1634824911850866e-35,-2.3087218541561798e-37,2219.6761076684647,-444.4716004216109,0.068947481307202407,0.0
3.699999988079071,42,347.62968131618334,-5.1488061418932673e-06,4.7068241650043646e-06,-2.509103908298157e-08,0.0,0.0,0.0,0.0
3.699999988079071,43,323.82635319865426,-2.9415746434206031e-06,2.2133558390834898e-06,1.123762020744168e-08,0.0,0.0,0.0,0.0
3.699999988079071,44,300.0,1.5235684872648995e-40,4.4719045242664623e-40,-1.2326768315452941e-40,932.07570629322402,-371.75415665607284,-0.14176611909723624,0.0
3.699999988079071,45,347.60815123159784,-8.49670108040812e-06,6.2288393550325457e-06,1.3960172751289576e-08,0.0,0.0,0.0,0.0
3.699999988079071,46,300.0,-1.423273750878743e-40,-1.6938715910151469e-40,1.8734201231379229e-40,-296.87416781602207,-0.13311647717187111,0.21569991377854933,-59.60301230139464
3.699999988079071,47,347.60815123159784,-8.5097378876332121e-06,6.233348331759433e-06,-8.7821600745051258e-09,0.0,0.0,0.0,0.0
3.699999988079071,48,300.0,-2.8981240254238173e-41,1.1645887611465e-40,1.399373492841734e-40,-296.86937161917587,-0.12629068904280852,-0.37456904233756466,-59.60301230139457
3.699999988079071,49,347.6304288144532,-6.4154410978470515e-06,5.6563588146597426e-06,3.7861265022185195e-08,0.0,0.0,0.0,0.0
3.699999988079071,50,323.8040756157989,-4.918801382885924e-06,1.8884876374430801e-06,-1.4256080603095586e-08,0.0,0.0,0.0,0.0
3.699999988079071,51,300.0,-8.5925062570143839e-40,-3.3258974944753672e-40,-9.9286977087591174e-40,1364.1123485711739,-135.42625405153009,0.33440346918942787,0.0
3.699999988079071,52,347.60815123159784,-8.5288519898253193e-06,6.2541311614440865e-06,2.5909485782408163e-09,0.0,0.0,0.0,0.0
3.699999988079071,53,300.0,7.9240345002340214e-41,9.2163068481538877e-41,-1.1937966121165601e-39,1524.166018930438,-266.36451167901555,0.037183508141564951,0.0
3.699999988079071,54,347.63042881445324,-6.4259546918011306e-06,5.6606293136982571e-06,-3.2485072282468487e-08,0.0,0.0,0.0,0.0
3.699999988079071,55,323.8040756157989,-4.9236376358504821e-06,1.8884479893554475e-06,1.3675409358039635e-08,0.0,0.0,0.0,0.0
3.699999988079071,56,300.0,1.0273638666565032e-39,2.7211941263134416e-40,-7.8464308260781711e-40,1364.3875131261586,-135.46731150398998,0.019534482211830739,0.0
3.699999988079071,57,352.3759697681632,-1.690813298012608e-06,4.5376831458102252e-05,4.3229519982638475e-40,0.0,0.0,3.5792700458143778,0.0
3.699999988079071,58,400.0,-1.0000000000000003e-05,5.1000000000000006e-05,1.4246809973526677e-41,506.78380668631553,-176.15481153238403,1.6972548877104623,142.8633255264913
3.699999988079071,59,400.0,-1.0000000000000003e-05,5.1000000000000006e-05,1.5884141069655152e-36,856.00604235259266,-251.50863028257442,-0.7562199139573168,238.0911249927263
3.699999988079071,60,352.3811426547975,-5.1290691391950934e-06,4.6656192757312548e-05,1.8342317187825096e-36,0.0,0.0,-2.2165600353835888,0.0
3.699999988079071,61,352.37596976816315,-1.6773216565416985e-06,4.5375719738567741e-05,2.7929244372022297e-08,0.0,0.0,0.0,0.0
3.699999988079071,62,400.0,-1.0000000000000003e-05,5.1000000000000006e-05,-1.3252630977918418e-08,506.52040863321548,-175.9663428740906,0.0,142.86332552649142
3.699999988079071,63,400.0,-1.0000000000000003e-05,5.1000000000000006e-05,4.2057109043180667e-09,855.83007817064185,-251.16863530692103,0.0,238.09112499272658
3.699999988079071,64,352.38114265479743,-5.1319184326138997e-06,4.6658145327859555e-05,-6.6786268475513576e-09,0.0,0.0,0.0,0.0
3.699999988079071,65,376.18798488408163,-5.302466396681882e-06,4.9036712388734872e-05,-1.24105636369897e-40,0.0,0.0,-7.5364850978098099,0.0
3.699999988079071,66,400.0,-1.0000000000000003e-05,5.1000000000000006e-05,-2.0763945909748483e-40,-2528.2457304474287,650.04260565219408,-1.0804308735942936,0.0
3.699999988079071,67,376.19057132739874,-7.6586312683848826e-06,4.8715952836124302e-05,-4.0326125642151692e-36,0.0,0.0,2.1423993625155804,0.0
3.699999988079071,68,352.3785562114804,-4.6784162834836751e-06,4.6052369020638793e-05,-7.0498560859323716e-38,0.0,0.0,3.8925179786517963,0.0
3.699999988079071,69,352.37596976816315,-1.7478961310137483e-06,4.5394141072164068e-05,1.0059235818269247e-08,0.0,0.0,0.0,0.0
3.699999988079071,70,400.0,-1.0000000000000003e-05,5.1000000000000006e-05,-1.6394288386166459e-09,-3055.4022151596705,599.99338245130082,0.0,0.0
3.699999988079071,71,400.0,-1.0000000000000003e-05,5.1000000000000006e-05,8.5004015849716542e-10,-3159.6945571996293,981.67425662405253,0.0,0.0
3.699999988079071,72,352.3811426547975,-5.11475892487399e-06,4.6650059696905949e-05,-3.1784450848703223e-09,0.0,0.0,0.0,0.0
3.699999988079071,73,376.1879848840815,-5.2913508926855377e-06,4.9032409979627091e-05,-1.1678179747340286e-08,0.0,0.0,0.0,0.0
3.699999988079071,74,400.0,-1.0000000000000003e-05,5.1000000000000006e-05,-6.1127071368036742e-09,-2528.8010702019096,651.18024990054664,0.0,0.0
3.699999988079071,75,376.19057132739874,-7.6608114755795855e-06,4.871872711939817e-05,3.0372387565562585e-09,0.0,0.0,0.0,0.0
3.699999988079071,76,352.37855621148026,-4.6693772357393829e-06,4.6052976480386186e-05,2.0213242138257762e-08,0.0,0.0,0.0,0.0
3.699999988079071,77,400.0,-1.0000000000000003e-05,5.1000000000000006e-05,-7.7246389238223203e-41,274.30719789128392,-70.624033352242307,-1.7327194068344605,95.23567839001143
3.699999988079071,78,352.388124256147,-8.4522709058737748e-06,4.5067602218360351e-05,-3.0752689687225236e-39,0.0,0.0,-3.5335932694829526,0.0
3.699999988079071,79,400.0,-1.0000000000000003e-05,5.1000000000000006e-05,6.1147215667179995e-09,274.15981244345983,-70.692207854132548,0.0,95.23567839001156
3.699999988079071,80,352.3881242561471,-8.4651894941370187e-06,4.5069718694554754e-05,-3.5880595003238255e-08,0.0,0.0,0.0,0.0
3.699999988079071,81,400.0,-1.0000000000000003e-05,5.1000000000000006e-05,2.6762286463476541e-40,-766.02374684956294,346.49070189978278,2.2675615871887627,0.0
3.699999988079071,82,376.1940621280735,-9.8060554237531764e-06,4.9135259879215915e-05,6.520205761568931e-40,0.0,0.0,3.8017645897379158,0.0
3.699999988079071,83,352.3846334554722,-5.8691074551027789e-06,4.5841619325356018e-05,4.6899830586995457e-38,0.0,0.0,-0.47482659705659913,0.0
3.699999988079071,84,400.0,-1.0000000000000003e-05,5.1000000000000006e-05,-5.0940799001924605e-10,-419.96675533595214,405.39641096615935,0.0,0.0
3.699999988079071,85,352.3881242561471,-8.4158232127555905e-06,4.5055805662078319e-05,-1.3296095435234666e-08,0.0,0.0,0.0,0.0
3.699999988079071,86,400.0,-1.0000000000000003e-05,5.1000000000000006e-05,6.97118819309862e-09,-765.26239821885383,346.27376685963526,0.0,0.0
3.699999988079071,87,376.19406212807354,-9.8156776629669114e-06,4.9140044157820948e-05,-1.4459440229212812e-09,0.0,0.0,0.0,0.0
3.699999988079071,88,352.3846334554722,-5.8784612578095552e-06,4.5843529394931973e-05,-2.0304454335723335e-08,0.0,0.0,0.0,0.0
3.800000011920929,1,300.0,1.5082679510588058e-40,-1.3740552407298822e-40,-1.0623778288013697e-40,-124.37025679231523,6.4657447846098641,0.0045592440198526929,-59.42547687454935
3.800000011920929,2,347.6537604619361,-1.4151285708549966e-06,6.2224291080437214e-06,-5.8460402492606315e-08,0.0,0.0,0.0,0.0
3.800000011920929,3,347.58573308455806,-4.3675615509150073e-06,5.180478522574913e-06,-4.4875850370502054e-08,0.0,0.0,0.0,0.0
3.800000011920929,4,300.0,4.5615768953127981e-35,-7.08473943958778e-35,-6.1692906992104179e-37,-246.28962619373615,126.92847862777474,0.65864785736004938,-119.14964631114118
3.800000011920929,5,300.0,-7.4481336742087437e-41,1.6430055021475477e-41,-1.8055366437446759e-40,-124.46130294202179,6.5599751766741869,0.0022048039244381146,-59.42547687454937
3.800000011920929,6,347.65376046193603,-1.4025190053976237e-06,6.216005971624675e-06,4.6996477367096459e-08,0.0,0.0,0.0,0.0
3.800000011920929,7,347.5857330845581,-4.3577022941051641e-06,5.1774796867070432e-06,3.8608436764165614e-08,0.0,0.0,0.0,0.0
3.800000011920929,8,300.0,4.5641181378529717e-35,-7.092883519791132e-35,5.2576280360213654e-37,-246.4523667133912,126.97166674068868,-0.59183629830765194,-119.14964631114111
3.800000011920929,9,323.8268802309681,-1.3382967824267621e-08,1.9485102854583842e-06,-7.3615857076433113e-10,0.0,0.0,0.0,0.0
3.800000011920929,10,347.6197467732471,-3.4110560397637473e-06,5.7438079062538427e-06,-4.3723694545498837e-08,0.0,0.0,0.0,0.0
3.800000011920929,11,323.79286654227906,-2.0253174622108629e-06,2.199598261681809e-06,1.1272374792109314e-08,0.0,0.0,0.0,0.0
3.800000011920929,12,300.0,9.4158949151124782e-40,-1.6136401666976822e-40,9.1874964840016005e-40,301.13464052585198,-134.06818766495837,0.011994194040959749,0.0
3.800000011920929,13,300.0,1.5574833504519808e-41,4.0457464692219892e-41,1.0635673981140155e-39,122.02753878504291,-243.77037381749992,-0.002537095148290841,0.0
3.800000011920929,14,347.65376046193603,-1.3565878936898498e-06,6.1897258413306514e-06,-5.7338256429109233e-09,0.0,0.0,0.0,0.0
3.800000011920929,15,347.5857330845581,-4.2942977331465289e-06,5.1733239215950135e-06,-3.1355287217114308e-09,0.0,0.0,0.0,0.0
3.800000011920929,16,300.0,-1.3789655925412973e-34,3.7054150217263898e-34,-4.0156976541482263e-38,1092.7036999020102,-471.38906114558284,-0.062378721346341273,0.0
3.800000011920929,17,323.826880230968,-9.2062917271873441e-09,1.9465135676276519e-06,-1.7419152591171143e-09,0.0,0.0,0.0,0.0
3.800000011920929,18,347.6197467732471,-3.3984637157603746e-06,5.7388756378044762e-06,3.4972425454369632e-08,0.0,0.0,0.0,0.0
3.800000011920929,19,323.79286654227906,-2.0213914697838935e-06,2.1972476364179598e-06,-1.170981115958308e-08,0.0,0.0,0.0,0.0
3.800000011920929,20,300.0,-1.1105933272579316e-39,2.2249126700817049e-40,6.427847114986227e-40,300.74113776487792,-133.98701800170042,-0.026826478665566089,0.0
3.800000011920929,21,347.60665623505815,-5.1039450141980655e-06,4.4976706198064351e-06,-6.8161239114546394e-09,0.0,0.0,0.0,0.0
3.800000011920929,22,300.0,7.1061752781659895e-35,-1.1487681571021035e-34,-6.7411191794169641e-37,-408.12602624368662,222.17556936529775,0.30615987452262527,-119.06898852879182
3.800000011920929,23,347.60665623505815,-5.1020609815457472e-06,4.4985443905039199e-06,6.6362562723166055e-09,0.0,0.0,0.0,0.0
3.800000011920929,24,300.0,7.0952652369450761e-35,-1.1486661680387861e-34,5.9234300143520699e-37,-408.15749928100786,222.12811377280599,-0.2546581838959025,-119.06898852879185
3.800000011920929,25,347.59619465980813,-4.9435648356066628e-06,4.8065922707481859e-06,-2.9849978549546644e-08,0.0,0.0,0.0,0.0
3.800000011920929,26,323.8033281175291,-2.5226439801370233e-06,2.3384376404085262e-06,4.8530505249316522e-09,0.0,0.0,0.0,0.0
3.800000011920929,27,300.0,5.5284775296440515e-40,-3.4788893395653841e-40,3.5752064498337397e-40,718.98541930613737,-350.98890712871759,-0.41618062666636679,0.0
3.800000011920929,28,347.60665623505815,-5.0827437215213752e-06,4.4789625362955792e-06,-8.9420696656797201e-11,0.0,0.0,0.0,0.0
3.800000011920929,29,300.0,-1.9228875587520309e-34,2.9183222536450454e-34,-1.6861279242865143e-37,1678.1000424206566,-569.65401082433823,-0.061840877650198744,0.0
3.800000011920929,30,347.59619465980813,-4.9370699930873998e-06,4.8054106860041426e-06,2.6734315555491235e-08,0.0,0.0,0.0,0.0
3.800000011920929,31,323.8033281175291,-2.5219876231425724e-06,2.3364258876529673e-06,-4.3524826911396283e-09,0.0,0.0,0.0,0.0
3.800000011920929,32,300.0,-4.3076950101457701e-40,2.5759322478328849e-40,3.4811948767619698e-40,718.87759686245602,-350.93988812063691,0.23693054548796519,0.0
3.800000011920929,33,347.6527063973086,-5.4787319574245816e-06,5.0043779452956956e-06,5.2425165327196153e-08,0.0,0.0,0.0,0.0
3.800000011920929,34,300.0,2.1736297483219836e-34,-5.2616401879907136e-35,3.230884531238059e-37,-583.86872421282214,142.08494577944481,-1.2767156721916266,-118.94300489335241
3.800000011920929,35,347.6527063973086,-5.4867631666462871e-06,5.0078566382492415e-06,-4.7526976635421054e-08,0.0,0.0,0.0,0.0
3.800000011920929,36,300.0,2.1724825151285837e-34,-5.2611296484432872e-35,-2.8079807235750618e-37,-583.75307022461971,142.03372134003311,1.127943270773162,-118.94300489335234
3.800000011920929,37,347.62968131618334,-5.1452835232102244e-06,4.7045314891656667e-06,2.7753236082911873e-08,0.0,0.0,0.0,0.0
3.800000011920929,38,323.82635319865426,-2.9389627425710572e-06,2.214188600731751e-06,-1.1004736040334693e-08,0.0,0.0,0.0,0.0
3.800000011920929,39,300.0,-2.3517392666767522e-40,-2.9968475097877732e-40,-9.6669291158093954e-41,932.02377258950321,-371.74568107107149,0.1563896384435001,0.0
3.800000011920929,40,347.6527063973086,-5.5689908928764207e-06,5.0230020516260539e-06,2.4495494646056955e-09,0.0,0.0,0.0,0.0
3.800000011920929,41,300.0,-6.7907029946939355e-34,7.1634613018441057e-35,-2.2788655798869084e-37,2219.6754257672706,-444.47180641320904,0.064998633522776045,0.0
3.800000011920929,42,347.62968131618334,-5.148808111132072e-06,4.7067950209911714e-06,-2.508790432483676e-08,0.0,0.0,0.0,0.0
3.800000011920929,43,323.82635319865426,-2.9415865079502157e-06,2.213327912837063e-06,1.1257778364924954e-08,0.0,0.0,0.0,0.0
3.800000011920929,44,300.0,1.2198331116850531e-40,3.6724360676269821e-40,-9.9450624950974694e-41,932.07612335686781,-371.75244197990361,-0.14213619212959272,0.0
3.800000011920929,45,347.6081512315978,-8.4966855772860439e-06,6.2288880012254037e-06,1.4073814873900291e-08,0.0,0.0,0.0,0.0
3.800000011920929,46,300.0,-1.2061462239784022e-40,-1.3857664574161776e-40,1.5143998836407987e-40,-296.87478025821702,-0.1337586876601973,0.21634654930219591,-59.60301230139469
3.800000011920929,47,347.6081512315979,-8.50976624831967e-06,6.2333133797807853e-06,-8.6850261893274161e-09,0.0,0.0,0.0,0.0
3.800000011920929,48,300.0,-3.0299241787924575e-41,9.6982546105849466e-41,1.1233708484353367e-40,-296.86966463840469,-0.12581564148136612,-0.37411736785602745,-59.60301230139464
3.800000011920929,49,347.6304288144532,-6.4154145543774147e-06,5.6563986668170833e-06,3.7949487823155529e-08,0.0,0.0,0.0,0.0
3.800000011920929,50,323.80407561579887,-4.9187854072163546e-06,1.8885136370102767e-06,-1.4210049179102262e-08,0.0,0.0,0.0,0.0
3.800000011920929,51,300.0,-7.0620161908703027e-40,-2.7317053742208782e-40,-8.0677976768314046e-40,1364.1091201072131,-135.42753205467545,0.33087302033108368,0.0
3.800000011920929,52,347.60815123159784,-8.5288490342051973e-06,6.254128418439059e-06,2.6959224486887118e-09,0.0,0.0,0.0,0.0
3.800000011920929,53,300.0,7.612857368351945e-41,7.2898381059063705e-41,-9.7972814090574601e-40,1524.1665960644193,-266.3642186351866,0.03267049234605772,0.0
3.800000011920929,54,347.63042881445324,-6.4259796876347323e-06,5.6605940185914083e-06,-3.2415113473024486e-08,0.0,0.0,0.0,0.0
3.800000011920929,55,323.804075615799,-4.9236604274049568e-06,1.888428528682333e-06,1.3714351009538674e-08,0.0,0.0,0.0,0.0
3.800000011920929,56,300.0,8.4194413596807806e-40,2.2471279100370307e-40,-6.451771398092707e-40,1364.3913291603003,-135.46623539636497,0.016558813228703534,0.0
3.800000011920929,57,352.3759697681632,-1.6908473834397384e-06,4.8376837569299784e-05,9.5839241878335038e-40,0.0,0.0,3.5735495184409767,0.0
3.800000011920929,58,400.0,-1.0000000000000003e-05,5.3999999999999998e-05,4.0695210296405971e-41,506.78468963113431,-176.15453190674498,1.6981097519824659,142.8633255264914
3.800000011920929,59,400.0,-1.0000000000000003e-05,5.3999999999999998e-05,1.5892731429282136e-36,856.00603120601818,-251.50825685175937,-0.75581017501638481,238.0911249927263
3.800000011920929,60,352.38114265479743,-5.1290646471570237e-06,4.9656193638893941e-05,1.8307161663231511e-36,0.0,0.0,-2.2149220759904584,0.0
3.800000011920929,61,352.37596976816315,-1.6772827811213423e-06,4.8375716455902957e-05,2.7971679177243349e-08,0.0,0.0,0.0,0.0
3.800000011920929,62,400.0,-1.0000000000000003e-05,5.3999999999999998e-05,-1.3239993043092835e-08,506.51979372191664,-175.96620037388612,0.0,142.86332552649154
3.800000011920929,63,400.0,-1.0000000000000003e-05,5.3999999999999998e-05,4.2064893093686561e-09,855.83038251474659,-251.16825761776781,0.0,238.0911249927267
3.800000011920929,64,352.3811426547974,-5.1319188723993428e-06,4.9658151502247479e-05,-6.6774452442975919e-09,0.0,0.0,0.0,0.0
3.800000011920929,65,376.18798488408163,-5.3024818126507315e-06,5.2036710069867652e-05,-1.8990845334790836e-40,0.0,0.0,-7.5393440279506496,0.0
3.800000011920929,66,400.0,-1.0000000000000003e-05,5.3999999999999998e-05,-1.9205937526350892e-40,-2528.243807256144,650.04291938769779,-1.081800695830921,0.0
3.800000011920929,67,376.19057132739874,-7.658629063571892e-06,5.1715946729388409e-05,-4.0338766866835693e-36,0.0,0.0,2.1409977758311145,0.0
3.800000011920929,68,352.3785562114803,-4.678436483206551e-06,4.9052374099007025e-05,-5.7858993973145494e-38,0.0,0.0,3.8756315245487332,0.0
3.800000011920929,69,352.37596976816315,-1.7478970633880644e-06,4.8394140052239403e-05,1.0098920145508315e-08,0.0,0.0,0.0,0.0
3.800000011920929,70,400.0,-1.0000000000000003e-05,5.3999999999999998e-05,-1.6413755003425696e-09,-3055.4024103066263,599.99289876309069,0.0,0.0
3.800000011920929,71,400.0,-1.0000000000000003e-05,5.3999999999999998e-05,8.5130547752938528e-10,-3159.6947756803211,981.67348650326403,0.0,0.0
3.800000011920929,72,352.3811426547974,-5.114759533039726e-06,4.9650057883908828e-05,-3.1787546792716416e-09,0.0,0.0,0.0,0.0
3.800000011920929,73,376.1879848840815,-5.2913330232487673e-06,5.2032413881401372e-05,-1.1676133050625163e-08,0.0,0.0,0.0,0.0
3.800000011920929,74,400.0,-1.0000000000000003e-05,5.3999999999999998e-05,-6.1103937176494654e-09,-2528.8031086523665,651.18001793997109,0.0,0.0
3.800000011920929,75,376.1905713273987,-7.6608117214902077e-06,5.1718736686323904e-05,3.0365033999339147e-09,0.0,0.0,0.0,0.0
3.800000011920929,76,352.37855621148026,-4.6693533558494868e-06,4.905297647914743e-05,2.0245092531562504e-08,0.0,0.0,0.0,0.0
3.800000011920929,77,400.0,-1.0000000000000003e-05,5.3999999999999998e-05,-7.6683778128673265e-41,274.30691807642665,-70.623848455921333,-1.7333346633243649,95.23567839001166
3.800000011920929,78,352.3881242561471,-8.4522519795955293e-06,4.8067590585606907e-05,-2.6528487096022412e-39,0.0,0.0,-3.5307365029485531,0.0
3.800000011920929,79,400.0,-1.0000000000000003e-05,5.3999999999999998e-05,6.1016902666625372e-09,274.15973612279254,-70.692483920028735,0.0,95.23567839001156
3.800000011920929,80,352.388124256147,-8.465219438852666e-06,4.8069734224956384e-05,-3.5938340124158106e-08,0.0,0.0,0.0,0.0
3.800000011920929,81,400.0,-1.0000000000000003e-05,5.3999999999999998e-05,2.3490136159061507e-40,-766.02481016427532,346.49106074040918,2.2689745258869589,0.0
3.800000011920929,82,376.1940621280735,-9.8060476840395128e-06,5.213525402693023e-05,5.7728725827462597e-40,0.0,0.0,3.8052947684664429,0.0
3.800000011920929,83,352.3846334554722,-5.8690892669848978e-06,4.8841613032155152e-05,3.8043509358022299e-38,0.0,0.0,-0.46365914880625075,0.0
3.800000011920929,84,400.0,-1.0000000000000003e-05,5.3999999999999998e-05,-5.1051969357406811e-10,-419.96636475147926,405.39653234595579,0.0,0.0
3.800000011920929,85,352.3881242561471,-8.4158205641962182e-06,4.8055804576176814e-05,-1.3341422657136588e-08,0.0,0.0,0.0,0.0
3.800000011920929,86,400.0,-1.0000000000000003e-05,5.3999999999999998e-05,6.9661600188497966e-09,-765.26139957420617,346.27338444137791,0.0,0.0
3.800000011920929,87,376.1940621280735,-9.8156908315463754e-06,5.2140052030112531e-05,-1.4528853265299594e-09,0.0,0.0,0.0,0.0
3.800000011920929,88,352.3846334554722,-5.878483129427206e-06,4.8843541170364563e-05,-2.0333396478421534e-08,0.0,0.0,0.0,0.0
3.899999976158142,1,300.0,1.3247265375399447e-40,-1.1386708506178679e-40,-9.0997590468102407e-41,-124.36942432481213,6.4651873866517402,0.0040406174145056206,-59.42547687454938
3.899999976158142,2,347.65376046193603,-1.4151527313681129e-06,6.2224375162850605e-06,-5.8564884009258558e-08,0.0,0.0,0.0,0.0
3.899999976158142,3,347.58573308455806,-4.3675881784911059e-06,5.1804961293127445e-06,-4.4958114318513268e-08,0.0,0.0,0.0,0.0
3.899999976158142,4,300.0,4.5615996851068653e-35,-7.0847440878277242e-35,-6.174294293609824e-37,-246.2882317564675,126.9281935267976,0.65793601636239163,-119.14964631114111
3.899999976158142,5,300.0,-5.6465295017031635e-41,1.3494049183564159e-41,-1.4563674576276496e-40,-124.46147498446901,6.5600347138531774,0.0015703631961045406,-59.425476874549325
3.899999976158142,6,347.65376046193603,-1.4024860096782473e-06,6.2159816138068077e-06,4.6905461114270588e-08,0.0,0.0,0.0,0.0
3.899999976158142,7,347.58573308455806,-4.3576858637272886e-06,5.1774643179671329e-06,3.8553809741689376e-08,0.0,0.0,0.0,0.0
3.899999976158142,8,300.0,4.5641406182396661e-35,-7.0929427119411684e-35,5.2580938158016613e-37,-246.45382466616667,126.97214722933859,-0.59325420939316964,-119.14964631114113
3.899999976158142,9,323.826880230968,-1.3406701403974323e-08,1.9485191503098907e-06,-7.7347781572380722e-10,0.0,0.0,0.0,0.0
3.899999976158142,10,347.619746773247,-3.4110854373627447e-06,5.7438201788702934e-06,-4.3822786905917737e-08,0.0,0.0,0.0,0.0
3.899999976158142,11,323.79286654227906,-2.0253409764177654e-06,2.1996166538522234e-06,1.1246223197113467e-08,0.0,0.0,0.0,0.0
3.899999976158142,12,300.0,7.8352775640521378e-40,-1.3375071222263524e-40,7.522142621941657e-40,301.13860107690294,-134.06883899651027,0.015509081545166864,0.0
3.899999976158142,13,300.0,-2.4807419650254843e-42,3.6151998029540766e-41,8.7651009284867702e-40,122.02718054513163,-243.77013760543758,0.0016804482317763769,0.0
3.899999976158142,14,347.65376046193603,-1.3565887087626862e-06,6.189731334881595e-06,-5.8311992029457838e-09,0.0,0.0,0.0,0.0
3.899999976158142,15,347.58573308455806,-4.2942959771684222e-06,5.1733231717105221e-06,-3.2036527572324825e-09,0.0,0.0,0.0,0.0
3.899999976158142,16,300.0,-1.3789674990158504e-34,3.7054191971696696e-34,-4.2647290263520565e-38,1092.703830608526,-471.38899754888496,-0.057043854886412088,0.0
3.899999976158142,17,323.826880230968,-9.1786210368063698e-09,1.9464952683074303e-06,-1.7850913085618931e-09,0.0,0.0,0.0,0.0
3.899999976158142,18,347.619746773247,-3.3984363608169554e-06,5.7388566847725417e-06,3.4901635590740269e-08,0.0,0.0,0.0,0.0
3.899999976158142,19,323.79286654227906,-2.0213724941188826e-06,2.1972308888446254e-06,-1.1736464286720086e-08,0.0,0.0,0.0,0.0
3.899999976158142,20,300.0,-9.1837397813879132e-40,1.8261819064231824e-40,5.3770264155947822e-40,300.73662453351369,-133.98616623478765,-0.024055932373693856,0.0
3.899999976158142,21,347.6066562350582,-5.1039495293801602e-06,4.4976971996913464e-06,-6.8349891077768811e-09,0.0,0.0,0.0,0.0
3.899999976158142,22,300.0,7.106240726692266e-35,-1.1487668878323877e-34,-6.7523197673135176e-37,-408.12566157358123,222.17549475348318,0.30595372726568459,-119.06898852879172
3.899999976158142,23,347.60665623505815,-5.1020553927532298e-06,4.4985262736019305e-06,6.6179973823181733e-09,0.0,0.0,0.0,0.0
3.899999976158142,24,300.0,7.0951716565570663e-35,-1.1486699597474809e-34,5.9135536490700932e-37,-408.15792271437067,222.12901428355747,-0.25492129106866213,-119.06898852879183
3.899999976158142,25,347.59619465980813,-4.9435806021115569e-06,4.8066143222741125e-06,-2.9903391838776515e-08,0.0,0.0,0.0,0.0
3.899999976158142,26,323.8033281175291,-2.522649217583601e-06,2.3384612617723688e-06,4.8459645087700173e-09,0.0,0.0,0.0,0.0
3.899999976158142,27,300.0,4.5855690867380464e-40,-2.8532350488278333e-40,2.9591719160459553e-40,718.9877383453528,-350.99023474547471,-0.41470307250564492,0.0
3.899999976158142,28,347.60665623505815,-5.0827428906880313e-06,4.4789608932125681e-06,-1.0808366570722812e-10,0.0,0.0,0.0,0.0
3.899999976158142,29,300.0,-1.9228866836618765e-34,2.9183264404430251e-34,-1.6874524985011375e-37,1678.0999618541205,-569.65488848428447,-0.060401267718497659,0.0
3.899999976158142,30,347.59619465980813,-4.9370575785205532e-06,4.8053937553080338e-06,2.6697066365041199e-08,0.0,0.0,0.0,0.0
3.899999976158142,31,323.8033281175291,-2.5219824259199204e-06,2.3364061547265508e-06,-4.3601211038969516e-09,0.0,0.0,0.0,0.0
3.899999976158142,32,300.0,-3.6125938619074408e-40,2.1341811247578011e-40,2.8967499286445747e-40,718.87566996296107,-350.93885151103854,0.23841521755637601,0.0
3.899999976158142,33,347.6527063973086,-5.4787145901934297e-06,5.0044035407927996e-06,5.2477310290188048e-08,0.0,0.0,0.0,0.0
3.899999976158142,34,300.0,2.1736419410043534e-34,-5.2616285350598229e-35,3.2186778560957892e-37,-583.86910530953025,142.08454511153275,-1.2764680559149852,-118.94300489335247
3.899999976158142,35,347.6527063973086,-5.4867703739042379e-06,5.007827546391205e-06,-4.7499349799792407e-08,0.0,0.0,0.0,0.0
3.899999976158142,36,300.0,2.1724704379194514e-34,-5.2611349526599062e-35,-2.8241579740565233e-37,-583.75209904945791,142.03423600535129,1.1290997874814399,-118.94300489335235
3.899999976158142,37,347.6296813161834,-5.1452772679053337e-06,4.7045583347898875e-06,2.7772031559210184e-08,0.0,0.0,0.0,0.0
3.899999976158142,38,323.82635319865426,-2.9389473656585034e-06,2.2142101029222613e-06,-1.0991828889929965e-08,0.0,0.0,0.0,0.0
3.899999976158142,39,300.0,-1.879903431301219e-40,-2.4761926349423294e-40,-7.6946094572085855e-41,932.02307847268003,-371.74687116120282,0.15613009776414868,0.0
3.899999976158142,40,347.6527063973086,-5.5689942894552577e-06,5.0230030967965949e-06,2.4893622281814699e-09,0.0,0.0,0.0,0.0
3.899999976158142,41,300.0,-6.7907008754080323e-34,7.1634439190096733e-35,-2.2544674347998192e-37,2219.6749286383169,-444.47194116647859,0.061778248321711943,0.0
3.899999976158142,42,347.62968131618334,-5.14880973148075e-06,4.7067708399601476e-06,-2.5085330691232998e-08,0.0,0.0,0.0,0.0
3.899999976158142,43,323.82635319865426,-2.9415963937324517e-06,2.2133048024771984e-06,1.1274108006046035e-08,0.0,0.0,0.0,0.0
3.899999976158142,44,300.0,9.7351258763646674e-41,3.0176452240535723e-40,-8.0037289719476642e-41,932.07644306925295,-371.7510290682568,-0.14242622787223103,0.0
3.899999976158142,45,347.60815123159784,-8.4966728910860835e-06,6.2289281033663864e-06,1.4166585769695809e-08,0.0,0.0,0.0,0.0
3.899999976158142,46,300.0,-1.0191819762346862e-40,-1.1350892230287075e-40,1.2251986245115323e-40,-296.87529078221451,-0.13428738922625158,0.21687066496339111,-59.60301230139467
3.899999976158142,47,347.60815123159784,-8.5097899332049337e-06,6.233284591251256e-06,-8.6044241536179797e-09,0.0,0.0,0.0,0.0
3.899999976158142,48,300.0,-3.0094362172651047e-41,8.0706129723117309e-41,9.0178883800767935e-41,-296.86992756327118,-0.1254213000495995,-0.37375587225829227,-59.60301230139466
3.899999976158142,49,347.63042881445324,-6.4153929359641098e-06,5.656431506444735e-06,3.802110542255305e-08,0.0,0.0,0.0,0.0
3.899999976158142,50,323.8040756157989,-4.9187723740911384e-06,1.8885351298075808e-06,-1.4172193649568457e-08,0.0,0.0,0.0,0.0
3.899999976158142,51,300.0,-5.8034957280778572e-40,-2.2452121718245047e-40,-6.5592663753358855e-40,1364.1064719928252,-135.42858553660361,0.32799849811027404,0.0
3.899999976158142,52,347.60815123159784,-8.528846503572542e-06,6.2541261487856048e-06,2.7822848931933544e-09,0.0,0.0,0.0,0.0
3.899999976158142,53,300.0,7.1249948998369451e-41,5.7787795762646113e-41,-8.0434397461883185e-40,1524.1671019484509,-266.36398337915335,0.028961820525169768,0.0
3.899999976158142,54,347.63042881445324,-6.4260006548510589e-06,5.6605649297724303e-06,-3.2356834573510269e-08,0.0,0.0,0.0,0.0
3.899999976158142,55,323.8040756157989,-4.9236792677239686e-06,1.8884124320825501e-06,1.3746257262125604e-08,0.0,0.0,0.0,0.0
3.899999976158142,56,300.0,6.9011603045122433e-40,1.8563583752133269e-40,-5.3055869411276713e-40,1364.3944550784113,-135.46534492457749,0.014113702939688388,0.0
3.899999976158142,57,352.37596976816326,-1.6908754026855748e-06,5.137684250373063e-05,1.2712997898473562e-39,0.0,0.0,3.5689867696877826,0.0
3.899999976158142,58,400.0,-1.0000000000000003e-05,5.6999999999999996e-05,5.6582680395302825e-41,506.78545510449175,-176.15429038986667,1.6989080335738875,142.86332552649117
3.899999976158142,59,400.0,-1.0000000000000003e-05,5.6999999999999996e-05,1.5900128298222962e-36,856.00603467288693,-251.50792602175343,-0.75544273946571061,238.09112499272615
3.899999976158142,60,352.38114265479743,-5.1290611628426564e-06,5.2656194443413511e-05,1.8278790248387708e-36,0.0,0.0,-2.213630420269169,0.0
3.899999976158142,61,352.3759697681632,-1.6772496783259089e-06,5.1375713878651182e-05,2.8008757452148482e-08,0.0,0.0,0.0,0.0
3.899999976158142,62,400.0,-1.0000000000000003e-05,5.6999999999999996e-05,-1.3229590020984189e-08,506.51931113687942,-175.96608067059918,0.0,142.8633255264914
3.899999976158142,63,400.0,-1.0000000000000003e-05,5.6999999999999996e-05,4.2071623586220266e-09,855.83062355577931,-251.16792425183417,0.0,238.09112499272675
3.899999976158142,64,352.3811426547975,-5.1319191413766627e-06,5.26581568193156e-05,-6.6765104115452777e-09,0.0,0.0,0.0,0.0
3.899999976158142,65,376.18798488408163,-5.3024945637624596e-06,5.5036708095060607e-05,-2.2605796727056302e-40,0.0,0.0,-7.5419769001242605,0.0
3.899999976158142,66,400.0,-1.0000000000000003e-05,5.6999999999999996e-05,-1.7491869233324554e-40,-2528.2421770765686,650.04318528343481,-1.0829955993748133,0.0
3.899999976158142,67,376.19057132739874,-7.6586273480524825e-06,5.4715941649180912e-05,-4.0350037399507553e-36,0.0,0.0,2.1398047962128608,0.0
3.899999976158142,68,352.3785562114804,-4.6784532818475865e-06,5.2052378254425255e-05,-4.7547235342292159e-38,0.0,0.0,3.861710954649296,0.0
3.899999976158142,69,352.37596976816326,-1.7478981281299283e-06,5.1394139221703322e-05,1.0132569156034615e-08,0.0,0.0,0.0,0.0
3.899999976158142,70,400.0,-1.0000000000000003e-05,5.6999999999999996e-05,-1.6428523637695914e-09,-3055.4026346868445,599.99248820004755,0.0,0.0
3.899999976158142,71,400.0,-1.0000000000000003e-05,5.6999999999999996e-05,8.5229286071896407e-10,-3159.694959543227,981.67280681503053,0.0,0.0
3.899999976158142,72,352.3811426547975,-5.1147600130048173e-06,5.2650056316032877e-05,-3.178911704741029e-09,0.0,0.0,0.0,0.0
3.899999976158142,73,376.1879848840816,-5.2913176841873042e-06,5.5032417165572686e-05,-1.1674255164616164e-08,0.0,0.0,0.0,0.0
3.899999976158142,74,400.0,-1.0000000000000003e-05,5.6999999999999996e-05,-6.1085598870828714e-09,-2528.8048299616335,651.17981665678622,0.0,0.0
3.899999976158142,75,376.19057132739874,-7.6608118828588627e-06,5.4718744776231898e-05,3.0358637246888898e-09,0.0,0.0,0.0,0.0
3.899999976158142,76,352.3785562114804,-4.6693329940931045e-06,5.2052976670464598e-05,2.0272607249997754e-08,0.0,0.0,0.0,0.0
3.899999976158142,77,400.0,-1.0000000000000003e-05,5.6999999999999996e-05,-7.336439416227638e-41,274.30668006116167,-70.623689510033344,-1.7338765554201707,95.23567839001153
3.899999976158142,78,352.388124256147,-8.4522365408847879e-06,5.1067581045029939e-05,-2.2772946796431541e-39,0.0,0.0,-3.528442549981663,0.0
3.899999976158142,79,400.0,-1.0000000000000003e-05,5.6999999999999996e-05,6.0908486270120415e-09,274.15965318277597,-70.692710722404314,0.0,95.23567839001151
3.899999976158142,80,352.388124256147,-8.4652445108244169e-06,5.1069747015923134e-05,-3.5986874016750165e-08,0.0,0.0,0.0,0.0
3.899999976158142,81,400.0,-1.0000000000000003e-05,5.6999999999999996e-05,2.0495504323028647e-40,-766.02568598545793,346.49136320274755,2.2701825095422667,0.0
3.899999976158142,82,376.1940621280735,-9.8060413443106814e-06,5.513524913947103e-05,5.0715505467361301e-40,0.0,0.0,3.808317792140004,0.0
3.899999976158142,83,352.3846334554722,-5.8690744371285192e-06,5.1841607917801535e-05,3.0875351955642296e-38,0.0,0.0,-0.45457459968857306,0.0
3.899999976158142,84,400.0,-1.0000000000000003e-05,5.6999999999999996e-05,-5.1158437168938491e-10,-419.96601517037914,405.39662387515477,0.0,0.0
3.899999976158142,85,352.388124256147,-8.4158182294008193e-06,5.1055803688080555e-05,-1.3379166307029454e-08,0.0,0.0,0.0,0.0
3.899999976158142,86,400.0,-1.0000000000000003e-05,5.6999999999999996e-05,6.9620550355742471e-09,-765.26057869196768,346.27306357469121,0.0,0.0
3.899999976158142,87,376.1940621280735,-9.8157019233736916e-06,5.5140058590865135e-05,-1.4587241830010453e-09,0.0,0.0,0.0,0.0
3.899999976158142,88,352.3846334554722,-5.8785013405385197e-06,5.184355097625879e-05,-2.0357930198629312e-08,0.0,0.0,0.0,0.0
4.0,1,300.0,1.15813813155e-40,-9.4403510482198811e-41,-7.7814898239664255e-41,-124.36870767112211,6.4647243922040705,0.0035998057073975132,-59.4254768745494
4.0,2,347.65376046193603,-1.4151726543962282e-06,6.2224444403296663e-06,-5.8650476168358418e-08,0.0,0.0,0.0,0.0
4.0,3,347.58573308455806,-4.3676101091085562e-06,5.1805106617051272e-06,-4.5025739268726419e-08,0.0,0.0,0.0,0.0
4.0,4,300.0,4.5616156700384238e-35,-7.0847462286647074e-35,-6.1782398292055399e-37,-246.28702391412619,126.92793955000914,0.65732731309655923,-119.14964631114107
4.0,5,300.0,-4.27246050736825e-41,1.1073524570437501e-41,-1.1765059791094806e-40,-124.46160430231107,6.5600831775075985,0.0010535730656823228,-59.4254768745493
4.0,6,347.6537604619361,-1.4024579924621679e-06,6.2159614208139805e-06,4.6828472293908732e-08,0.0,0.0,0.0,0.0
4.0,7,347.58573308455806,-4.3576715690569184e-06,5.177451613350723e-06,3.8507224823714164e-08,0.0,0.0,0.0,0.0
4.0,8,300.0,4.5641578737569532e-35,-7.0929901585741921e-35,5.2583624393829577e-37,-246.4550040219016,126.97252737265737,-0.59441638568418731,-119.14964631114111
4.0,9,323.826880230968,-1.3426324732065899e-08,1.948526468607334e-06,-8.0461360445784453e-10,0.0,0.0,0.0,0.0
4.0,10,347.619746773247,-3.4111096652802617e-06,5.7438302980489013e-06,-4.3904120796601875e-08,0.0,0.0,0.0,0.0
4.0,11,323.79286654227906,-2.0253604285605725e-06,2.1996318461194763e-06,1.1224340385300729e-08,0.0,0.0,0.0,0.0
4.0,12,300.0,6.5236872402051995e-40,-1.1089136151812946e-40,6.16586323716709e-40,301.14190925922986,-134.06937943670067,0.018407382725657728,0.0
4.0,13,300.0,-1.4224536355531013e-41,3.2036281214541914e-41,7.2301056919474352e-40,122.02683652975659,-243.76993342965645,0.0051749810426484077,0.0
4.0,14,347.65376046193603,-1.3565896101441831e-06,6.189735863332892e-06,-5.9121922471508983e-09,0.0,0.0,0.0,0.0
4.0,15,347.58573308455806,-4.2942947063391822e-06,5.1733225620229296e-06,-3.2604941352142254e-09,0.0,0.0,0.0,0.0
4.0,16,300.0,-1.3789687199542418e-34,3.7054223823599337e-34,-4.472205646026271e-38,1092.7038569936415,-471.38891570140214,-0.05260843479511039,0.0
4.0,17,323.8268802309681,-9.1553374599869791e-09,1.9464801411495358e-06,-1.8208357558543974e-09,0.0,0.0,0.0,0.0
4.0,18,347.6197467732471,-3.3984129997358749e-06,5.7388409861116909e-06,3.4841530371980002e-08,0.0,0.0,0.0,0.0
4.0,19,323.79286654227906,-2.0213564093953086e-06,2.1972170323964341e-06,-1.175859034393097e-08,0.0,0.0,0.0,0.0
4.0,20,300.0,-7.6013368447485708e-40,1.4999702810981313e-40,4.4987702285727598e-40,300.73287143583394,-133.985464464903,-0.02173526310467877,0.0
4.0,21,347.6066562350582,-5.1039533816872156e-06,4.4977188891803744e-06,-6.8509627991094922e-09,0.0,0.0,0.0,0.0
4.0,22,300.0,7.1062944125976404e-35,-1.1487656904097938e-34,-6.7614988592704524e-37,-408.12533390804782,222.17540476318374,0.30577423178051472,-119.06898852879182
4.0,23,347.6066562350581,-5.1020504681812194e-06,4.4985111101851454e-06,6.6022480638589602e-09,0.0,0.0,0.0,0.0
4.0,24,300.0,7.0950948216376638e-35,-1.1486729374967336e-34,5.9053295238627351e-37,-408.15827224061371,222.12972758436376,-0.25514196345174878,-119.06898852879209
4.0,25,347.59619465980813,-4.9435936847733215e-06,4.8066324011648792e-06,-2.9947474888493929e-08,0.0,0.0,0.0,0.0
4.0,26,323.8033281175291,-2.522653672269933e-06,2.3384806919983805e-06,4.8398907599014716e-09,0.0,0.0,0.0,0.0
4.0,27,300.0,3.8080544112256939e-40,-2.3420072107208483e-40,2.4521624423658713e-40,718.98967657912681,-350.99132816151075,-0.41347073458915906,0.0
4.0,28,347.60665623505815,-5.0827422753384843e-06,4.4789596411811916e-06,-1.2402566775044642e-10,0.0,0.0,0.0,0.0
4.0,29,300.0,-1.9228859338643948e-34,2.918329562802722e-34,-1.6887741001670654e-37,1678.0998727517303,-569.65555382470643,-0.059176719885870199,0.0
4.0,30,347.5961946598081,-4.9370468073998347e-06,4.8053796690318175e-06,2.6665150155442446e-08,0.0,0.0,0.0,0.0
4.0,31,323.8033281175291,-2.5219778989030221e-06,2.3363897122274073e-06,-4.3665972902595704e-09,0.0,0.0,0.0,0.0
4.0,32,300.0,-3.0318259196982925e-40,1.7685026427808732e-40,2.4128408010856229e-40,718.87404624605779,-350.93799175170449,0.23965860554467927,0.0
4.0,33,347.65270639730863,-5.4787006277490528e-06,5.0044246311529233e-06,5.2519240075175391e-08,0.0,0.0,0.0,0.0
4.0,34,300.0,2.1736521360973305e-34,-5.2616189092006113e-35,3.2085541644098433e-37,-583.86943640657068,142.08420171708832,-1.2762511369549767,-118.94300489335234
4.0,35,347.6527063973086,-5.4867765956585686e-06,5.0078035424792632e-06,-4.7476128133893213e-08,0.0,0.0,0.0,0.0
4.0,36,300.0,2.1724606647605988e-34,-5.2611393258671391e-35,-2.8374109830568059e-37,-583.75133524331989,142.03464758841415,1.1300213999142401,-118.94300489335228
4.0,37,347.62968131618345,-5.1452723382706346e-06,4.7045803512979525e-06,2.7786701519728699e-08,0.0,0.0,0.0,0.0
4.0,38,323.8263531986543,-2.9389349463790856e-06,2.2142278907990524e-06,-1.0981262852782225e-08,0.0,0.0,0.0,0.0
4.0,39,300.0,-1.5005707298851213e-40,-2.0469315905878381e-40,-6.1070291119840618e-41,932.02253441292964,-371.74785655817487,0.15593162737591701,0.0
4.0,40,347.65270639730863,-5.5689969118996361e-06,5.0230039610610688e-06,2.5218768055880197e-09,0.0,0.0,0.0,0.0
4.0,41,300.0,-6.7906994722854843e-34,7.1634296219470608e-35,-2.2345286313929896e-37,2219.6745687253488,-444.47202449402818,0.059152642311262493,0.0
4.0,42,347.62968131618334,-5.1488110456954105e-06,4.7067507756816187e-06,-2.5083264498407109e-08,0.0,0.0,0.0,0.0
4.0,43,323.82635319865426,-2.9416046133971056e-06,2.2132856726009446e-06,1.1287332913723748e-08,0.0,0.0,0.0,0.0
4.0,44,300.0,7.7407283885513067e-41,2.4810308253364504e-40,-6.423724267071982e-41,932.07668537435427,-371.74986425969263,-0.14265202637219798,0.0
4.0,45,347.6081512315978,-8.4966625140523565e-06,6.2289611677972387e-06,1.4242335175347727e-08,0.0,0.0,0.0,0.0
4.0,46,300.0,-8.5888105594325259e-41,-9.308307701968428e-41,9.9197112142639303e-41,-296.87571541810644,-0.13472300771526904,0.21729558351244402,-59.60301230139477
4.0,47,347.60815123159796,-8.5098096927699032e-06,6.2332608632123157e-06,-8.5375690631447528e-09,0.0,0.0,0.0,0.0
4.0,48,300.0,-2.8900627348421488e-41,6.7118887419256639e-41,7.2384939009686327e-41,-296.87016158751044,-0.12509407750526708,-0.37346676159956627,-59.60301230139461
4.0,49,347.63042881445324,-6.4153753249737392e-06,5.6564585754982588e-06,3.8079262240579238e-08,0.0,0.0,0.0,0.0
4.0,50,323.80407561579887,-4.9187617453043439e-06,1.8885528995076329e-06,-1.4141064089747809e-08,0.0,0.0,0.0,0.0
4.0,51,300.0,-4.7686150775973078e-40,-1.8465565911580514e-40,-5.3354885521115211e-40,1364.104300739946,-135.42945436287263,0.32565752474467569,0.0
4.0,52,347.60815123159784,-8.5288443432564773e-06,6.2541242741897935e-06,2.8533333130766939e-09,0.0,0.0,0.0,0.0
4.0,53,300.0,6.5400357429906001e-41,4.5915654097526417e-41,-6.6057767929836815e-40,1524.1675424321256,-266.36379403877407,0.025913726383579243,0.0
4.0,54,347.63042881445324,-6.4260182145900196e-06,5.6605409440441284e-06,-3.2308336859307515e-08,0.0,0.0,0.0,0.0
4.0,55,323.804075615799,-4.9236948329754015e-06,1.8883991105134309e-06,1.3772403354379229e-08,0.0,0.0,0.0,0.0
4.0,56,300.0,5.6574073586709869e-40,1.5341072823719444e-40,-4.3633207417415839e-40,1364.3970152557865,-135.46460786351827,0.012104924724847116,0.0
4.0,57,352.3759697681632,-1.690898464019862e-06,5.4376846494693171e-05,1.4334380955991165e-39,0.0,0.0,3.5653433725946972,0.0
4.0,58,400.0,-1.0000000000000001e-05,5.9999999999999988e-05,6.499781913071047e-41,506.78611679345113,-176.15408248342166,1.6996413173461358,142.86332552649134
4.0,59,400.0,-1.0000000000000001e-05,5.9999999999999988e-05,1.590646990635299e-36,856.00604864182355,-251.50763495279284,-0.75511427882854787,238.09112499272626
4.0,60,352.3811426547974,-5.1290584727007511e-06,5.5656195170193182e-05,1.8255859753235226e-36,0.0,0.0,-2.2126115393004016,0.0
4.0,61,352.37596976816315,-1.6772215221222251e-06,5.4375711851403006e-05,2.8041016195165485e-08,0.0,0.0,0.0,0.0
4.0,62,400.0,-1.0000000000000001e-05,5.9999999999999988e-05,-1.3221021876825404e-08,506.5189320340109,-175.96598011759954,0.0,142.86332552649137
4.0,63,400.0,-1.0000000000000001e-05,5.9999999999999988e-05,4.2077414462661314e-09,855.83081424009379,-251.16763180282078,0.0,238.09112499272675
4.0,64,352.3811426547975,-5.1319192695216074e-06,5.5658161381896387e-05,-6.6757445146465539e-09,0.0,0.0,0.0,0.0
4.0,65,376.18798488408163,-5.3025051216434722e-06,5.8036706416582624e-05,-2.4156138665986574e-40,0.0,0.0,-7.5443682109113652,0.0
4.0,66,400.0,-1.0000000000000001e-05,5.9999999999999988e-05,-1.5738717934905516e-40,-2528.2407953845664,650.04341028825286,-1.0840331157392016,0.0
4.0,67,376.1905713273987,-7.6586260195504836e-06,5.7715937423123622e-05,-4.0359986441533504e-36,0.0,0.0,2.1387868196016084,0.0
4.0,68,352.37855621148026,-4.6784672648887231e-06,5.5052381659564359e-05,-3.9123270564954683e-38,0.0,0.0,3.8502219393604959,0.0
4.0,69,352.37596976816315,-1.7478992411402603e-06,5.4394138544082085e-05,1.0161076205191965e-08,0.0,0.0,0.0,0.0
4.0,70,400.0,-1.0000000000000001e-05,5.9999999999999988e-05,-1.6439721529778756e-09,-3055.4028703243607,599.99214016694225,0.0,0.0
4.0,71,400.0,-1.0000000000000001e-05,5.9999999999999988e-05,8.5306135528830066e-10,-3159.6951149265506,981.67221068299546,0.0,0.0
4.0,72,352.38114265479743,-5.114760394191796e-06,5.5650054964710461e-05,-3.178947331170262e-09,0.0,0.0,0.0,0.0
4.0,73,376.1879848840815,-5.2913045423015584e-06,5.8032419927524674e-05,-1.1672555345536824e-08,0.0,0.0,0.0,0.0
4.0,74,400.0,-1.0000000000000001e-05,5.9999999999999988e-05,-6.1071058680113627e-09,-2528.8062838418973,651.17964283764923,0.0,0.0
4.0,75,376.19057132739874,-7.6608119730291537e-06,5.7718751608482306e-05,3.0353111210648246e-09,0.0,0.0,0.0,0.0
4.0,76,352.3785562114803,-4.6693156472717562e-06,5.5052976977406399e-05,2.0296318526401364e-08,0.0,0.0,0.0,0.0
4.0,77,400.0,-1.0000000000000001e-05,5.9999999999999988e-05,-6.8392244281018396e-41,274.30647838154243,-70.623553219251193,-1.7343500552715201,95.23567839001173
4.0,78,352.3881242561471,-8.4522239474223466e-06,5.4067573217391484e-05,-1.9463924031961737e-39,0.0,0.0,-3.5265993777728082,0.0
4.0,79,400.0,-1.0000000000000001e-05,5.9999999999999988e-05,6.0818281894709256e-09,274.15956876953794,-70.692897085207946,0.0,95.23567839001147
4.0,80,352.38812425614697,-8.4652654773832927e-06,5.4069757553830864e-05,-3.6027613687604739e-08,0.0,0.0,0.0,0.0
4.0,81,400.0,-1.0000000000000001e-05,5.9999999999999988e-05,1.7791712782362203e-40,-766.02640650484818,346.49161787967256,2.2712125760692374,0.0
4.0,82,376.1940621280735,-9.8060361534405291e-06,5.8135245059030826e-05,4.4263693052099257e-40,0.0,0.0,3.8108981788831686,0.0
4.0,83,352.3846334554722,-5.8690623463214565e-06,5.48416037598111e-05,2.5069426895814636e-38,0.0,0.0,-0.44718152207249656,0.0
4.0,84,400.0,-1.0000000000000001e-05,5.9999999999999988e-05,-5.1258167217784744e-10,-419.96570526675777,405.39669253327679,0.0,0.0
4.0,85,352.388124256147,-8.4158161863512654e-06,5.4055802960333691e-05,-1.3410577123908063e-08,0.0,0.0,0.0,0.0
4.0,86,400.0,-1.0000000000000001e-05,5.9999999999999988e-05,6.9587004016829396e-09,-765.25990463371829,346.27279455974093,0.0,0.0
4.0,87,376.1940621280735,-9.8157112489801696e-06,5.8140064058120647e-05,-1.4636304028706019e-09,0.0,0.0,0.0,0.0
4.0,88,352.3846334554722,-5.8785164842069782e-06,5.4843559139465627e-05,-2.0378672149239802e-08,0.0,0.0,0.0,0.0
4.100000001490116,1,300.0,2.0557438322311027e-42,-7.8673785940456796e-43,-2.3955038185466823e-44,-143.26744632861505,3.806406712546321,-0.044411130736891069,-59.42547687454949
4.100000001490116,2,347.653760461936,-2.2841497324026387e-06,4.709621288309881e-06,-4.2988430087828534e-08,0.0,0.0,0.0,0.0
4.100000001490116,3,347.58573308455806,-4.5222408582335052e-06,3.8957752451786214e-06,-3.6078137520732034e-08,0.0,0.0,0.0,0.0
4.100000001490116,4,300.0,8.5055754018794799e-35,-5.2326116125566129e-35,-4.809647285548155e-37,-285.97204492273096,95.509181261463738,0.53469778148729519,-119.149646311141
4.100000001490116,5,300.0,2.0888920117396813e-42,-7.7465436191801726e-43,-3.4465555111318079e-44,-143.3430138820778,3.8764520149411434,0.052741748357291007,-59.42547687454937
4.100000001490116,6,347.6537604619361,-2.2733693052627179e-06,4.7052656665489284e-06,3.2236612149729724e-08,0.0,0.0,0.0,0.0
4.100000001490116,7,347.5857330845581,-4.5142323477146201e-06,3.8936533009030482e-06,2.9654872199118807e-08,0.0,0.0,0.0,0.0
4.100000001490116,8,300.0,8.5074617427191512e-35,-5.2385213197359272e-35,4.0378615897422526e-37,-286.12884500126114,95.544149499711253,-0.50011365124637353,-119.14964631114098
4.100000001490116,9,323.82688023096796,-6.1924567226687077e-07,1.4636654526509392e-06,-1.1345576931748452e-09,0.0,0.0,0.0,0.0
4.100000001490116,10,347.619746773247,-3.8015172569999468e-06,4.3361304561141295e-06,-3.336300957207942e-08,0.0,0.0,0.0,0.0
4.100000001490116,11,323.79286654227906,-2.1433021912488992e-06,1.6550361294919469e-06,8.6448970734442591e-09,0.0,0.0,0.0,0.0
4.100000001490116,12,300.0,-3.8040478133134517e-42,2.6433680291209931e-42,-1.3310598197548099e-43,429.24153513725696,-99.45510125669432,0.04202437864686355,0.0
4.100000001490116,13,300.0,-1.9486743013794772e-42,-9.3392389564814049e-43,3.5560075234099166e-43,297.79781188931588,-184.2258485893104,0.046142132519985085,0.0
4.100000001490116,14,347.65376046193603,-2.2434643809006389e-06,4.6853221409909846e-06,-5.373762253852694e-09,0.0,0.0,0.0,0.0
4.100000001490116,15,347.5857330845581,-4.4640793839528278e-06,3.8929944369364563e-06,-3.2087229959053784e-09,0.0,0.0,0.0,0.0
4.100000001490116,16,300.0,-3.0968957066831253e-34,2.7884683939115699e-34,-7.0399851753562867e-38,1232.8895352866919,-353.45589310331781,0.010156177222842788,0.0
4.100000001490116,17,323.8268802309681,-6.1527383011010401e-07,1.4619439866640184e-06,-1.4718502726227552e-09,0.0,0.0,0.0,0.0
4.100000001490116,18,347.61974677324713,-3.7911194070829527e-06,4.3327790301736305e-06,2.4776582414398538e-08,0.0,0.0,0.0,0.0
4.100000001490116,19,323.79286654227906,-2.139825451200723e-06,1.6529311714514414e-06,-9.6084538300675155e-09,0.0,0.0,0.0,0.0
4.100000001490116,20,300.0,-4.2583280108611352e-42,2.7816448572968798e-42,3.2531064874310638e-43,428.83906921386028,-99.386577287273539,-0.014144169210940138,0.0
4.100000001490116,21,347.60665623505815,-5.0725043031849261e-06,3.3639927233656805e-06,-7.3907488371488327e-09,0.0,0.0,0.0,0.0
4.100000001490116,22,300.0,1.0538545309418985e-34,-8.7977016616962577e-35,-5.566182368901534e-37,-408.91115164061,169.1774746081492,0.27632951057973171,-119.06898852879183
4.100000001490116,23,347.6066562350581,-5.0711687821122923e-06,3.3641902709442278e-06,6.7503683743310107e-09,0.0,0.0,0.0,0.0
4.100000001490116,24,300.0,1.0527743756557674e-34,-8.7968361343577698e-35,4.7059411797361404e-37,-408.94217125430839,169.14838067574624,-0.25052007832864304,-119.06898852879206
4.100000001490116,25,347.59619465980813,-4.9600185717808522e-06,3.6033318467638479e-06,-2.5054452718602426e-08,0.0,0.0,0.0,0.0
4.100000001490116,26,323.8033281175291,-2.5133397609311001e-06,1.7625454120414096e-06,3.6989836328938569e-09,0.0,0.0,0.0,0.0
4.100000001490116,27,300.0,3.7841240658623673e-42,1.6031447255566188e-42,1.6326286493540627e-43,744.54164056238233,-265.55235259855488,-0.31556666598279443,0.0
4.100000001490116,28,347.60665623505815,-5.0537927574822054e-06,3.3505535861486354e-06,-3.2083090477513924e-10,0.0,0.0,0.0,0.0
4.100000001490116,29,300.0,-3.4881189093034352e-34,2.1859915434596219e-34,-1.3215478215018402e-37,1673.4978203681028,-426.4417141267113,-0.025571736132849299,0.0
4.100000001490116,30,347.59619465980813,-4.9548566666968099e-06,3.6022973270099496e-06,2.152846129791828e-08,0.0,0.0,0.0,0.0
4.100000001490116,31,323.8033281175291,-2.5127718134490211e-06,1.7604816245035765e-06,-3.597364482377065e-09,0.0,0.0,0.0,0.0
4.100000001490116,32,300.0,3.7301718485056885e-42,1.6926955827833119e-42,-2.6242723897267732e-43,744.41082198478762,-265.49237980519706,0.22575332852435523,0.0
4.100000001490116,33,347.6527063973086,-5.3461890446453207e-06,3.7773538069309366e-06,4.0282230822293785e-08,0.0,0.0,0.0,0.0
4.100000001490116,34,300.0,2.1577957458944316e-34,-4.0334876361692802e-35,2.1713681049495909e-37,-542.84476082907975,106.82715015862715,-0.97943010357674576,-118.94300489335242
4.100000001490116,35,347.6527063973086,-5.3525743355812425e-06,3.7787340443856458e-06,-3.5586595633001664e-08,0.0,0.0,0.0,0.0
4.100000001490116,36,300.0,2.1566395544237777e-34,-4.0333471446540116e-35,-2.2845897862631382e-37,-542.73681380600965,106.8131476905902,0.8927977653664797,-118.94300489335222
4.100000001490116,37,347.62968131618334,-5.0963973664477094e-06,3.5337533920076261e-06,2.0213910678144791e-08,0.0,0.0,0.0,0.0
4.100000001490116,38,323.82635319865426,-2.8230396544326962e-06,1.667910306611596e-06,-8.8457533462537505e-09,0.0,0.0,0.0,0.0
4.100000001490116,39,300.0,2.542239037352527e-42,7.3219724498492574e-43,-1.3502957745020054e-43,906.26995698152552,-281.31591709840126,0.13604158122387477,0.0
4.100000001490116,40,347.6527063973086,-5.4160227166664092e-06,3.7896330136675012e-06,2.3476120857208453e-09,0.0,0.0,0.0,0.0
4.100000001490116,41,300.0,-7.1649592702696125e-34,5.3789380695836301e-35,-1.2456994627097364e-37,2080.1567590105551,-335.24203075871446,0.0032722238110969998,0.0
4.100000001490116,42,347.62968131618334,-5.0993378785425229e-06,3.5345800296654667e-06,-1.7988807668543578e-08,0.0,0.0,0.0,0.0
4.100000001490116,43,323.82635319865426,-2.8253664160651595e-06,1.6666225065880543e-06,9.4010758696726887e-09,0.0,0.0,0.0,0.0
4.100000001490116,44,300.0,2.6627609288044616e-42,8.0459206526104324e-43,2.1905453051576132e-43,906.31499456542542,-281.28300318969542,-0.12345028051405782,0.0
4.100000001490116,45,347.60815123159784,-7.6391096264252243e-06,4.7243666495902783e-06,1.7385653650510156e-08,0.0,0.0,0.0,0.0
4.100000001490116,46,300.0,1.2077061564513253e-42,8.6239883564490403e-43,-1.8226654100959239e-43,-275.85947786350926,-1.0686995164784863,0.15702378995749833,-59.60301230139466
4.100000001490116,47,347.6081512315979,-7.6490326813189081e-06,4.7260317871143007e-06,-1.0830571541112376e-08,0.0,0.0,0.0,0.0
4.100000001490116,48,300.0,1.3843399533590995e-42,1.0037864858968782e-42,3.6853494828932076e-43,-275.84947229014574,-1.0451915165383789,-0.25048434458207791,-59.603012301394656
4.100000001490116,49,347.63042881445324,-6.0563042210066567e-06,4.2829882963130433e-06,3.0063709907534857e-08,0.0,0.0,0.0,0.0
4.100000001490116,50,323.8040756157989,-4.3239995882997711e-06,1.4238934581312507e-06,-7.8636676897229527e-09,0.0,0.0,0.0,0.0
4.100000001490116,51,300.0,-5.2804051970132526e-42,-2.0346563662333489e-42,-2.2636623411926341e-43,1233.8531981571257,-99.977817837691646,0.19902064106268799,0.0
4.100000001490116,52,347.60815123159784,-7.6646428127974757e-06,4.7334313295611389e-06,3.2705790350559195e-09,0.0,0.0,0.0,0.0
4.100000001490116,53,300.0,-6.4057180780409384e-42,-1.4224709145035983e-42,1.9158882947857086e-43,1351.7771664367608,-201.00300017325128,-0.024243247394141756,0.0
4.100000001490116,54,347.63042881445324,-6.0646884103409043e-06,4.2846532681190709e-06,-2.4138813592211607e-08,0.0,0.0,0.0,0.0
4.100000001490116,55,323.804075615799,-4.3279306788447055e-06,1.423228722389914e-06,8.5931829651796088e-09,0.0,0.0,0.0,0.0
4.100000001490116,56,300.0,-5.2739018260203303e-42,-1.9203886589686058e-42,-2.1050142381571248e-43,1234.1426410097272,-99.972764779769676,-0.033202879605206174,0.0
4.100000001490116,57,352.3759697681633,-2.5085459350818256e-06,5.0749927595432409e-05,1.7996815530880241e-38,0.0,0.0,2.7730652473457376,0.0
4.100000001490116,58,400.0,-1.0000000000000001e-05,5.5000000000000002e-05,2.5461125812681236e-44,505.31064307014969,-133.32138052847938,1.3056872430912476,142.86332552649137
4.100000001490116,59,400.0,-1.0000000000000001e-05,5.5000000000000002e-05,1.0463148476169778e-36,849.06848105037011,-189.46477159266684,-0.39221987253731383,238.09112499272635
4.100000001490116,60,352.3811426547974,-5.0972671902162501e-06,5.1747750365828762e-05,1.1302450337996666e-36,0.0,0.0,-1.5190870222601358,0.0
4.100000001490116,61,352.3759697681631,-2.4970509667666457e-06,5.0748787576159802e-05,2.3085776201666842e-08,0.0,0.0,0.0,0.0
4.100000001490116,62,400.0,-1.0000000000000001e-05,5.5000000000000002e-05,-9.8659928715136863e-09,505.11190703359551,-133.17987205393649,0.0,142.86332552649142
4.100000001490116,63,400.0,-1.0000000000000001e-05,5.5000000000000002e-05,3.0560685269588126e-09,848.9461245220416,-189.20009287485334,0.0,238.0911249927269
4.100000001490116,64,352.38114265479743,-5.0996934318578776e-06,5.1749254628894645e-05,-6.0655949534639415e-09,0.0,0.0,0.0,0.0
4.100000001490116,65,376.18798488408163,-5.8460593382928933e-06,5.3523182691569469e-05,-1.8609581175562048e-42,0.0,0.0,-5.7399552734085422,0.0
4.100000001490116,66,400.0,-1.0000000000000001e-05,5.5000000000000002e-05,6.960192027014886e-43,-2396.0383670274005,490.93939205054642,-0.84945384157303527,0.0
4.100000001490116,67,376.1905713273987,-7.6194145483465687e-06,5.3278611430608957e-05,-2.9434412691722165e-36,0.0,0.0,1.4670148862338435,0.0
4.100000001490116,68,352.3785562114804,-4.7703259742963483e-06,5.1281645115165686e-05,9.2969412034375955e-38,0.0,0.0,2.7199909847375561,0.0
4.100000001490116,69,352.3759697681632,-2.5523447628417073e-06,5.0761416233664462e-05,8.4985638765852173e-09,0.0,0.0,0.0,0.0
4.100000001490116,70,400.0,-1.0000000000000001e-05,5.5000000000000002e-05,-1.1274077607675435e-09,-2790.929633085957,451.17386445039006,0.0,0.0
4.100000001490116,71,400.0,-1.0000000000000001e-05,5.5000000000000002e-05,4.7246272545701013e-10,-3199.2083061358389,736.13683454321949,0.0,0.0
4.100000001490116,72,352.3811426547974,-5.0856930973441217e-06,5.1742312670248715e-05,-2.5965457231508485e-09,0.0,0.0,0.0,0.0
4.100000001490116,73,376.1879848840815,-5.8370118796946786e-06,5.352041558122639e-05,-8.3566119093384757e-09,0.0,0.0,0.0,0.0
4.100000001490116,74,400.0,-1.0000000000000001e-05,5.5000000000000002e-05,-4.6838448176245306e-09,-2396.5404818871061,491.75288083623866,0.0,0.0
4.100000001490116,75,376.19057132739874,-7.6211574613335825e-06,5.3280761400668844e-05,1.9482654947805174e-09,0.0,0.0,0.0,0.0
4.100000001490116,76,352.37855621148026,-4.7630433899644484e-06,5.1282041243012553e-05,1.5588047900650635e-08,0.0,0.0,0.0,0.0
4.100000001490116,77,400.0,-1.0000000000000001e-05,5.5000000000000002e-05,2.1512018502216886e-43,287.81606251990144,-51.766854472640837,-1.1762289694945285,95.23567839001163
4.100000001490116,78,352.388124256147,-7.6172820448612635e-06,5.0501186539887645e-05,9.0868860326327844e-39,0.0,0.0,-2.2332862608268678,0.0
4.100000001490116,79,400.0,-1.0000000000000001e-05,5.5000000000000002e-05,4.7345262372006798e-09,287.764578017372,-51.808365134898303,0.0,95.23567839001161
4.100000001490116,80,352.388124256147,-7.6272053834792802e-06,5.0501926047683689e-05,-2.4701961929267802e-08,0.0,0.0,0.0,0.0
4.100000001490116,81,400.0,-1.0000000000000001e-05,5.5000000000000002e-05,-1.5689532187285915e-43,-903.53505452940897,258.19836748583407,1.4397611000544366,0.0
4.100000001490116,82,376.1940621280735,-9.2446163297637194e-06,5.3598263640622955e-05,-6.1064270488766074e-43,0.0,0.0,2.9701194071097419,0.0
4.100000001490116,83,352.3846334554722,-5.6540122205167675e-06,5.1105172512011674e-05,-7.5867597818266081e-38,0.0,0.0,-0.78027039992144664,0.0
4.100000001490116,84,400.0,-1.0000000000000001e-05,5.5000000000000002e-05,-1.045205318226337e-10,-644.65012724046437,306.64112164391935,0.0,0.0
4.100000001490116,85,352.388124256147,-7.5909832723245908e-06,5.0496481499841902e-05,-9.4632184890524584e-09,0.0,0.0,0.0,0.0
4.100000001490116,86,400.0,-1.0000000000000001e-05,5.5000000000000002e-05,5.1663065087130009e-09,-902.99357909242644,258.11482466315135,0.0,0.0
4.100000001490116,87,376.1940621280735,-9.2519889872038364e-06,5.3600739596666972e-05,1.3421301540437446e-10,0.0,0.0,0.0,0.0
4.100000001490116,88,352.3846334554722,-5.6614800842748581e-06,5.1106152794034174e-05,-1.5939649739974451e-08,0.0,0.0,0.0,0.0
4.200000002980232,1,300.0,4.4946634486993938e-42,-2.1063836152475725e-42,-6.285716274764668e-43,-162.33413584409783,1.4603581659669009,-0.092928581937110816,-59.42547687454949
4.200000002980232,2,347.653760461936,-3.1535079229195556e-06,3.1963007233696236e-06,-2.9749114693614932e-08,0.0,0.0,0.0,0.0
4.200000002980232,3,347.58573308455806,-4.6763317854431194e-06,2.6142360148898508e-06,-2.6904464732636307e-08,0.0,0.0,0.0,0.0
4.200000002980232,4,300.0,1.243908200600907e-34,-3.3754458029083438e-35,-3.4436426902720066e-37,-325.79554040051045,63.976204590374664,0.40710588491906041,-119.14964631114117
4.200000002980232,5,300.0,4.6654836034287233e-42,-2.2450695480912729e-42,6.2761769626748169e-43,-162.39614656611877,1.5124697572896519,0.092573509843922486,-59.42547687454937
4.200000002980232,6,347.6537604619361,-3.1450000365639478e-06,3.1933251556243898e-06,1.9788287008767308e-08,0.0,0.0,0.0,0.0
4.200000002980232,7,347.5857330845581,-4.6702493761634208e-06,2.6126055307948703e-06,2.0614444322281066e-08,0.0,0.0,0.0,0.0
4.200000002980232,8,300.0,1.2440123515272054e-34,-3.3796620821622398e-35,2.8159064560484526e-37,-325.94141266358918,64.00600956065675,-0.40735183128233848,-119.14964631114107
4.200000002980232,9,323.82688023096796,-1.2251440431291663e-06,9.8155894757655447e-07,-2.9421610863435914e-09,0.0,0.0,0.0,0.0
4.200000002980232,10,347.619746773247,-4.1908646497682241e-06,2.9294796267468604e-06,-2.2542456395977306e-08,0.0,0.0,0.0,0.0
4.200000002980232,11,323.79286654227906,-2.2607651414728338e-06,1.1105708904675517e-06,6.2594263021029514e-09,0.0,0.0,0.0,0.0
4.200000002980232,12,300.0,-1.0237371856765778e-41,8.6176154967429646e-42,-3.0292765268452156e-43,557.6142000303679,-65.177601767798365,0.082610088062713388,0.0
4.200000002980232,13,300.0,-1.1545779124271147e-41,9.9408556220995259e-42,1.1970349910761409e-42,473.2076739791151,-124.384658176431,0.089849444743478626,0.0
4.200000002980232,14,347.65376046193603,-3.1311964103235396e-06,3.1750856982567822e-06,-4.9739199495282255e-09,0.0,0.0,0.0,0.0
4.200000002980232,15,347.5857330845581,-4.6331492515900023e-06,2.6153863264877806e-06,-3.1386643710383977e-09,0.0,0.0,0.0,0.0
4.200000002980232,16,300.0,-4.8153440580475722e-34,1.8718717293286692e-34,-8.6595129409870973e-38,1373.2226143709181,-236.18977490519322,0.075892717004457502,0.0
4.200000002980232,17,323.8268802309681,-1.2216043918030427e-06,9.8004594282939512e-07,1.6392526632557241e-10,0.0,0.0,0.0,0.0
4.200000002980232,18,347.61974677324713,-4.1828394054742077e-06,2.9271407571300253e-06,1.4342810578469311e-08,0.0,0.0,0.0,0.0
4.200000002980232,19,323.79286654227906,-2.2578062255480568e-06,1.1086712698193516e-06,-7.6412508956549039e-09,0.0,0.0,0.0,0.0
4.200000002980232,20,300.0,-1.1937457543810202e-41,8.9893576350272546e-42,6.2216316156344302e-43,557.21974182012434,-65.115390576794951,0.0036531408825861145,0.0
4.200000002980232,21,347.60665623505827,-5.0416206241603878e-06,2.2342130681105659e-06,-7.4830183923457909e-09,0.0,0.0,0.0,0.0
4.200000002980232,22,300.0,1.3964613492379508e-34,-6.0722716610004164e-35,-4.3455264998861035e-37,-409.70609726628038,115.81176803170484,0.24206678306339952,-119.06898852879173
4.200000002980232,23,347.6066562350581,-5.040724093616728e-06,2.2337341211494398e-06,6.5690691830723258e-09,0.0,0.0,0.0,0.0
4.200000002980232,24,300.0,1.3954369511088813e-34,-6.0720277642945869e-35,3.4519923399533656e-37,-409.73465284190843,115.80385508931505,-0.23424748244328472,-119.06898852879209
4.200000002980232,25,347.59619465980813,-4.976462882902863e-06,2.404333542619289e-06,-2.0065493289926242e-08,0.0,0.0,0.0,0.0
4.200000002980232,26,323.80332811752913,-2.5046855149014524e-06,1.1865476527396595e-06,2.7507388061188411e-09,0.0,0.0,0.0,0.0
4.200000002980232,27,300.0,1.4944449122819074e-41,1.4646085523404724e-41,4.2829474931629775e-43,770.11423058349715,-179.59045467194139,-0.22273328855189689,0.0
4.200000002980232,28,347.60665623505815,-5.0256230840945315e-06,2.2252323910853476e-06,-4.5881212258415672e-10,0.0,0.0,0.0,0.0
4.200000002980232,29,300.0,-5.0552468487417483e-34,1.4564471028900135e-34,-9.0270546766863462e-38,1669.0530009842817,-283.83619121888859,0.00029673244959953216,0.0
4.200000002980232,30,347.59619465980813,-4.9726233522631152e-06,2.4032382008840472e-06,1.6402155332454142e-08,0.0,0.0,0.0,0.0
4.200000002980232,31,323.8033281175291,-2.5042005675030547e-06,1.18451218801632e-06,-2.9167366594907909e-09,0.0,0.0,0.0,0.0
4.200000002980232,32,300.0,1.4633947369151277e-41,1.4896609138101638e-41,-5.5545933726855019e-43,769.96872329817268,-179.51843105881548,0.20617917789219148,0.0
4.200000002980232,33,347.65270639730863,-5.2145319304370853e-06,2.5437071279521841e-06,2.8187424150301989e-08,0.0,0.0,0.0,0.0
4.200000002980232,34,300.0,2.1437024325892661e-34,-2.8113195582722913e-35,1.1461115615661522e-37,-501.90480622099324,71.857453309402231,-0.68262466736792793,-118.94300489335232
4.200000002980232,35,347.6527063973086,-5.2191997281598883e-06,2.5435292759513835e-06,-2.3783209166350494e-08,0.0,0.0,0.0,0.0
4.200000002980232,36,300.0,2.1425720892692274e-34,-2.8115073181277037e-35,-1.6868730078925776e-37,-501.80848335307439,71.869935823553533,0.65080513786472327,-118.94300489335222
4.200000002980232,37,347.62968131618345,-5.0489569219549028e-06,2.3614959572529509e-06,1.3257550164017912e-08,0.0,0.0,0.0,0.0
4.200000002980232,38,323.8263531986543,-2.7075511790167744e-06,1.1212547259571296e-06,-6.5577608563254458e-09,0.0,0.0,0.0,0.0
4.200000002980232,39,300.0,1.1501072845003703e-41,-3.3718608831048577e-42,-8.7180110369297038e-43,880.55227936057292,-190.94754078672841,0.096809673131053195,0.0
4.200000002980232,40,347.65270639730863,-5.2637168853808161e-06,2.5518808911267762e-06,2.2005266588348756e-09,0.0,0.0,0.0,0.0
4.200000002980232,41,300.0,-7.5387025122502395e-34,3.5176669102937889e-35,-3.709447239688154e-38,1940.8571648933921,-224.77104879041434,-0.052018084117730359,0.0
4.200000002980232,42,347.62968131618334,-5.0511839891424026e-06,2.3611668838628341e-06,-1.1392311698511987e-08,0.0,0.0,0.0,0.0
4.200000002980232,43,323.82635319865426,-2.7095207839863497e-06,1.1197008639309565e-06,7.3911112432345871e-09,0.0,0.0,0.0,0.0
4.200000002980232,44,300.0,1.172351136839295e-41,-3.0798087494131323e-42,1.2873089575785705e-42,880.59538167557434,-190.88454916510963,-0.095022971086226538,0.0
4.200000002980232,45,347.60815123159784,-6.7803196111324948e-06,3.2188301318598711e-06,1.9370775325018066e-08,0.0,0.0,0.0,0.0
4.200000002980232,46,300.0,1.4675638704326606e-42,3.0205408651161865e-42,-1.2303208239417969e-42,-254.94209298849631,-2.0732428894779016,0.093667361179097908,-59.60301230139476
4.200000002980232,47,347.60815123159784,-6.7873044947116989e-06,3.218531661406349e-06,-1.2221856841957641e-08,0.0,0.0,0.0,0.0
4.200000002980232,48,300.0,1.9840293579447308e-42,3.4574325462276086e-42,1.8988555009069894e-42,-254.92954165192629,-2.0414125035154616,-0.13444639873156117,-59.6030123013947
4.200000002980232,49,347.63042881445324,-5.6964396497173729e-06,2.9054573516754194e-06,2.1751720164271497e-08,0.0,0.0,0.0,0.0
4.200000002980232,50,323.8040756157989,-3.728434960848887e-06,9.5770672328398123e-07,-2.3464632878389383e-09,0.0,0.0,0.0,0.0
4.200000002980232,51,300.0,-1.698561713062618e-41,-8.180913857012098e-42,-4.6558043444826866e-43,1103.7885856657415,-64.729589459573674,0.092420069367661881,0.0
4.200000002980232,52,347.60815123159784,-6.7994889011192793e-06,3.2136326580323674e-06,3.5609122363369489e-09,0.0,0.0,0.0,0.0
4.200000002980232,53,300.0,-2.9125272662328597e-41,-1.8643817492360672e-41,5.3134517354748004e-43,1179.1913390489883,-136.11316141322399,-0.073272021777345139,0.0
4.200000002980232,54,347.63042881445324,-5.7026255801504562e-06,2.9052944511572324e-06,-1.5745427309206777e-08,0.0,0.0,0.0,0.0
4.200000002980232,55,323.8040756157989,-3.7314813500063367e-06,9.5664449450260279e-07,4.0106336771650946e-09,0.0,0.0,0.0,0.0
4.200000002980232,56,300.0,-1.6949543979441665e-41,-7.6991105834997983e-42,-1.1339601562100576e-42,1104.0743740237178,-64.691856716963756,-0.077761828589560406,0.0
4.200000002980232,57,352.3759697681633,-3.3260728447824784e-06,4.7122930733603341e-05,3.2869135079456473e-38,0.0,0.0,1.8229044790933566,0.0
4.200000002980232,58,400.0,-1.0000000000000003e-05,5.0000000000000002e-05,4.2643244881229231e-43,503.70732968558855,-90.189708122588414,0.86570331417944701,142.86332552649125
4.200000002980232,59,400.0,-1.0000000000000003e-05,5.0000000000000002e-05,5.5041987388546883e-37,842.15592234625262,-127.44467577307242,-0.13190133647810803,238.09112499272618
4.200000002980232,60,352.3811426547974,-5.066943461215894e-06,4.7839048971806089e-05,4.6251107328340107e-37,0.0,0.0,-0.92448534445449493,0.0
4.200000002980232,61,352.37596976816315,-3.3170350835336122e-06,4.7121467781726845e-05,1.6724052969786876e-08,0.0,0.0,0.0,0.0
4.200000002980232,62,400.0,-1.0000000000000003e-05,5.0000000000000002e-05,-6.7018822157220481e-09,503.55395965321134,-90.07964921714067,0.0,142.86332552649134
4.200000002980232,63,400.0,-1.0000000000000003e-05,5.0000000000000002e-05,1.9991099296805102e-09,842.07395530132476,-127.26501096688561,0.0,238.09112499272675
4.200000002980232,64,352.3811426547975,-5.0688065616581904e-06,4.7840176075882189e-05,-4.9822934708769679e-09,0.0,0.0,0.0,0.0
4.200000002980232,65,376.18798488408163,-6.3894715073594127e-06,4.90095099206409e-05,-5.5133532356401581e-42,0.0,0.0,-3.9638687628339651,0.0
4.200000002980232,66,400.0,-1.0000000000000003e-05,5.0000000000000002e-05,1.5666035085887154e-42,-2263.7080923309045,331.0288574446692,-0.51638359563606229,0.0
4.200000002980232,67,376.1905713273987,-7.5809811340958429e-06,4.8841650745491566e-05,-1.9445259005223772e-36,0.0,0.0,0.88320013160984878,0.0
4.200000002980232,68,352.3785562114804,-4.8617557693179437e-06,4.7508428780336235e-05,2.2318899817172332e-37,0.0,0.0,1.8094300568200132,0.0
4.200000002980232,69,352.37596976816326,-3.3564594304899861e-06,4.7130558372894672e-05,6.2953411027050368e-09,0.0,0.0,0.0,0.0
4.200000002980232,70,400.0,-1.0000000000000003e-05,5.0000000000000002e-05,-7.5958905662683047e-10,-2526.6774404419371,302.73309246525025,0.0,0.0
4.200000002980232,71,400.0,-1.0000000000000003e-05,5.0000000000000002e-05,1.9534050668810326e-10,-3238.3620831288299,490.75629038577802,0.0,0.0
4.200000002980232,72,352.38114265479743,-5.0583482029416631e-06,4.783388847173729e-05,-1.9606695157355034e-09,0.0,0.0,0.0,0.0
4.200000002980232,73,376.1879848840815,-6.3827066345387248e-06,4.9007614147155488e-05,-5.7349494780660555e-09,0.0,0.0,0.0,0.0
4.200000002980232,74,400.0,-1.0000000000000003e-05,5.0000000000000002e-05,-3.1967486009292556e-09,-2264.1147885729933,331.57319905810175,0.0,0.0
4.200000002980232,75,376.19057132739874,-7.5822322953883832e-06,4.884326524952864e-05,1.049558033869275e-09,0.0,0.0,0.0,0.0
4.200000002980232,76,352.3785562114803,-4.856299008010406e-06,4.7508510498385745e-05,1.1217371556344372e-08,0.0,0.0,0.0,0.0
4.200000002980232,77,400.0,-1.0000000000000003e-05,5.0000000000000002e-05,1.8269312816576284e-42,301.29761593427236,-33.349026030385652,-0.65290143411674229,95.23567839001161
4.200000002980232,78,352.388124256147,-6.7808522223285703e-06,4.6938012518237047e-05,1.8980313017735957e-38,0.0,0.0,-1.074582065934987,0.0
4.200000002980232,79,400.0,-1.0000000000000003e-05,5.0000000000000002e-05,3.2138303473593069e-09,301.3167209848516,-33.364745762097328,0.0,95.23567839001159
4.200000002980232,80,352.388124256147,-6.787918034346117e-06,4.6937468117989997e-05,-1.4607765448142316e-08,0.0,0.0,0.0,0.0
4.200000002980232,81,400.0,-1.0000000000000003e-05,5.0000000000000002e-05,-2.7431086225344889e-42,-1041.0491469779199,170.89842935880614,0.69122295843948878,0.0
4.200000002980232,82,376.1940621280735,-8.6824610631734404e-06,4.9061424484394016e-05,-1.3643437990724951e-42,0.0,0.0,2.077361425215706,0.0
4.200000002980232,83,352.3846334554722,-5.4391439418390414e-06,4.7371940340147136e-05,-1.8037665614427912e-37,0.0,0.0,-0.94722239042242518,0.0
4.200000002980232,84,400.0,-1.0000000000000003e-05,5.0000000000000002e-05,1.5256059295815171e-10,-869.45790033784272,207.56843449613186,0.0,0.0
4.200000002980232,85,352.388124256147,-6.7644175849531427e-06,4.6938727883834481e-05,-5.9132342203894975e-09,0.0,0.0,0.0,0.0
4.200000002980232,86,400.0,-1.0000000000000003e-05,5.0000000000000002e-05,3.3571693725664236e-09,-1040.7024520525447,170.90136243603732,0.0,0.0
4.200000002980232,87,376.1940621280735,-8.6876417534358203e-06,4.9062075664146076e-05,1.1337100285956648e-09,0.0,0.0,0.0,0.0
4.200000002980232,88,352.3846334554722,-5.444624455944184e-06,4.737206394421063e-05,-1.1495209982011893e-08,0.0,0.0,0.0,0.0
4.300000011920929,1,300.0,4.6242129485536149e-42,-2.5218865517717602e-42,-6.3274473276345612e-43,-181.56310354332109,-0.57190868167201592,-0.1408087025496933,-59.42547687454937
4.300000011920929,2,347.65376046193603,-4.0232919765829482e-06,1.6830280066439686e-06,-1.9246982253620717e-08,0.0,0.0,0.0,0.0
4.300000011920929,3,347.58573308455806,-4.8298325876831266e-06,1.3355346782639788e-06,-1.7468546557385141e-08,0.0,0.0,0.0,0.0
4.300000011920929,4,300.0,1.6362348662116242e-34,-1.5152311324458219e-35,-2.0755854171734154e-37,-365.75715315717389,32.351145643047047,0.27297014068570419,-119.149646311141
4.300000011920929,5,300.0,4.7995807881734742e-42,-2.6839748719736228e-42,6.5583501403635881e-43,-181.6155890258421,-0.53000596100461628,0.11900999116360644,-59.425476874549325
4.300000011920929,6,347.65376046193603,-4.017400021072394e-06,1.680660522074857e-06,9.7874622254965126e-09,0.0,0.0,0.0,0.0
4.300000011920929,7,347.58573308455806,-4.8256658597192345e-06,1.3339405564433995e-06,1.1347212988996588e-08,0.0,0.0,0.0,0.0
4.300000011920929,8,300.0,1.6362413791385227e-34,-1.5184730559356919e-35,1.5934407167104369e-37,-365.89249750946243,32.380797054027603,-0.31484944226928296,-119.14964631114103
4.300000011920929,9,323.826880230968,-1.8311429917098711e-06,5.0244498704782017e-07,-6.3734797230064862e-09,0.0,0.0,0.0,0.0
4.300000011920929,10,347.619746773247,-4.5791835677585421e-06,1.5239629866006284e-06,-1.1339632696191384e-08,0.0,0.0,0.0,0.0
4.300000011920929,11,323.79286654227906,-2.377717422610859e-06,5.6617249836221813e-07,4.0860246722283247e-09,0.0,0.0,0.0,0.0
4.300000011920929,12,300.0,-9.2354654005104729e-42,9.8701446530728088e-42,-3.1572542466167104e-43,686.24559663050366,-31.245901362471443,0.13896958106115956,0.0
4.300000011920929,13,300.0,-9.3469581436475653e-42,1.0738277168822932e-41,1.2223668564902911e-42,648.25217153747462,-64.278020665546833,0.13619587307293229,0.0
4.300000011920929,14,347.65376046193603,-4.0197896097867665e-06,1.6588175191877322e-06,-4.7179756676314252e-09,0.0,0.0,0.0,0.0
4.300000011920929,15,347.58573308455806,-4.8014652458706784e-06,1.3404668349185031e-06,-3.0516042306381307e-09,0.0,0.0,0.0,0.0
4.300000011920929,16,300.0,-6.53408402785123e-34,9.5536084586667296e-35,-9.3853131763895996e-38,1513.6959393618026,-119.54344711820872,0.14495059861682441,0.0
4.300000011920929,17,323.826880230968,-1.8281705232658752e-06,5.0102235215525471e-07,3.2275202119786619e-09,0.0,0.0,0.0,0.0
4.300000011920929,18,347.619746773247,-4.5736007911016318e-06,1.5219930003026002e-06,3.4319921250148133e-09,0.0,0.0,0.0,0.0
4.300000011920929,19,323.79286654227906,-2.3752638753409416e-06,5.6437207399225555e-07,-5.8750587911020829e-09,0.0,0.0,0.0,0.0
4.300000011920929,20,300.0,-1.1006925213907132e-41,1.0249740188099252e-41,6.3563187529577635e-43,685.86053509646979,-31.180771074442802,0.033572326691164583,0.0
4.300000011920929,21,347.60665623505815,-5.0112551900122388e-06,1.1087991227552312e-06,-7.1288134324681482e-09,0.0,0.0,0.0,0.0
4.300000011920929,22,300.0,1.7383842219259783e-34,-3.3090813377846352e-35,-3.0985933063540873e-37,-410.51080330411446,62.053208608780167,0.20290762511724872,-119.0689885287918
4.300000011920929,23,347.6066562350581,-5.0106675193007718e-06,1.1075798423836186e-06,6.0586802281848117e-09,0.0,0.0,0.0,0.0
4.300000011920929,24,300.0,1.7374325044052083e-34,-3.3099316052810351e-35,2.1448467315732803e-37,-410.53643302216597,62.069707249512618,-0.20622530162348793,-119.06898852879202
4.300000011920929,25,347.59619465980813,-4.9928234277726383e-06,1.20965221703273e-06,-1.5058125417952842e-08,0.0,0.0,0.0,0.0
4.300000011920929,26,323.8033281175291,-2.4966661597648224e-06,6.1055278655916411e-07,1.9899554256575906e-09,0.0,0.0,0.0,0.0
4.300000011920929,27,300.0,1.5570738164376548e-41,1.5745045244514531e-41,4.3935303531230447e-43,795.71320351194481,-93.12365647349236,-0.13230596373899683,0.0
4.300000011920929,28,347.60665623505815,-4.9981944631254725e-06,1.1032037929451014e-06,-5.3831423564756819e-10,0.0,0.0,0.0,0.0
4.300000011920929,29,300.0,-6.6243005112179227e-34,7.2996163271991128e-35,-4.3871063291639392e-38,1664.7539964721602,-141.89365429449819,0.018445162808152241,0.0
4.300000011920929,30,347.5961946598081,-4.9902373393348314e-06,1.2082212826343047e-06,1.1363088621219607e-08,0.0,0.0,0.0,0.0
4.300000011920929,31,323.8033281175291,-2.4962385494256212e-06,6.0854343785151152e-07,-2.3191888408905662e-09,0.0,0.0,0.0,0.0
4.300000011920929,32,300.0,1.5215629114391676e-41,1.603459649124632e-41,-5.5724862703995838e-43,795.5536580936739,-93.034402172881997,0.17852060729298427,0.0
4.300000011920929,33,347.6527063973086,-5.0838087858652742e-06,1.3033303618083009e-06,1.6215993664092431e-08,0.0,0.0,0.0,0.0
4.300000011920929,34,300.0,2.1313099497127852e-34,-1.5959074102600705e-35,1.2638641462476998e-38,-461.0443745972799,37.169607407368346,-0.38476037960566273,-118.9430048933524
4.300000011920929,35,347.6527063973086,-5.0867392456098746e-06,1.30203056847498e-06,-1.2047290533981129e-08,0.0,0.0,0.0,0.0
4.300000011920929,36,300.0,2.1301965808668612e-34,-1.5964238860643779e-35,-1.0376446543228705e-37,-460.96099212689114,37.199509097891628,0.40318958377987235,-118.94300489335217
4.300000011920929,37,347.62968131618334,-5.0030005978254706e-06,1.1879929040768485e-06,6.9915982720156593e-09,0.0,0.0,0.0,0.0
4.300000011920929,38,323.82635319865426,-2.5925093590147917e-06,5.7420924956231058e-07,-4.1279622281483939e-09,0.0,0.0,0.0,0.0
4.300000011920929,39,300.0,1.1301955744541808e-41,-3.5219404800490992e-42,-8.4405091787515624e-43,854.86336445418078,-100.60030829772167,0.035912034665932034,0.0
4.300000011920929,40,347.6527063973086,-5.1121559585210604e-06,1.3098568035990296e-06,2.0805632551497985e-09,0.0,0.0,0.0,0.0
4.300000011920929,41,300.0,-7.9118337489744314e-34,1.5802079638051025e-35,3.9297547130191408e-38,1801.7838548125249,-113.04547244192898,-0.10695459148359793,0.0
4.300000011920929,42,347.62968131618334,-5.0044034785741571e-06,1.1867068828036824e-06,-5.3690769188580037e-09,0.0,0.0,0.0,0.0
4.300000011920929,43,323.82635319865426,-2.5941099148076358e-06,5.7246762151090771e-07,5.2667871241014094e-09,0.0,0.0,0.0,0.0
4.300000011920929,44,300.0,1.1537091576346715e-41,-3.2637302920603262e-42,1.3059332371075494e-42,854.91150474542428,-100.51127636247526,-0.055331431205107445,0.0
4.300000011920929,45,347.6081512315978,-5.9202511712359324e-06,1.7126517201901309e-06,2.0408744409614329e-08,0.0,0.0,0.0,0.0
4.300000011920929,46,300.0,1.2434453764382583e-42,2.4575473019084853e-42,-1.2574943797692224e-42,-234.12143385433134,-3.1317452030782431,0.026567265483720473,-59.6030123013947
4.300000011920929,47,347.6081512315979,-5.9245797286471308e-06,1.7110420937271383e-06,-1.2914933528101409e-08,0.0,0.0,0.0,0.0
4.300000011920929,48,300.0,1.7456312777509224e-42,2.8494776075675074e-42,1.902283712593029e-42,-234.10804982128695,-3.096627268038318,-0.024416709064024343,-59.60301230139464
4.300000011920929,49,347.6304288144532,-5.3358094186455338e-06,1.52390913151678e-06,1.3061745273014933e-08,0.0,0.0,0.0,0.0
4.300000011920929,50,323.80407561579887,-3.1320644884622949e-06,4.9020873047785606e-07,2.5137526760193367e-09,0.0,0.0,0.0,0.0
4.300000011920929,51,300.0,-1.8199095104021954e-41,-6.90884623321299e-42,-3.9425178177353572e-43,973.91295839809447,-29.715743214911615,0.006852419576044301,0.0
4.300000011920929,52,347.60815123159784,-5.9333543402346525e-06,1.6944884128674472e-06,3.7280837008919883e-09,0.0,0.0,0.0,0.0
4.300000011920929,53,300.0,-3.2051822582729627e-41,-1.8745937345634487e-41,5.2011743455384615e-43,1006.4241299857694,-71.700752936509218,-0.121027863040189,0.0
4.300000011920929,54,347.63042881445324,-5.3398617423974878e-06,1.5224941963766475e-06,-7.0436284596486746e-09,0.0,0.0,0.0,0.0
4.300000011920929,55,323.804075615799,-3.1343420715923382e-06,4.8886192542001309e-07,-7.5699576454924594e-11,0.0,0.0,0.0,0.0
4.300000011920929,56,300.0,-1.8077093962632916e-41,-6.3699891241674412e-42,-1.1846429629348911e-42,974.19457185955616,-29.653127003513905,-0.12297433109245764,0.0
4.300000011920929,57,352.3759697681632,-4.143555143682108e-06,4.349596200271569e-05,4.6556259595272086e-38,0.0,0.0,0.71233111097168389,0.0
4.300000011920929,58,400.0,-1.0000000000000003e-05,4.4999999999999996e-05,3.7737478197071605e-43,501.97173052231881,-46.77550339781542,0.37853869452391109,142.8633255264913
4.300000011920929,59,400.0,-1.0000000000000003e-05,4.4999999999999996e-05,1.0119406140047675e-37,835.26684554982967,-65.4729556363678,0.025695361683945969,238.0911249927263
4.300000011920929,60,352.38114265479743,-5.0381198884198889e-06,4.3929871082260724e-05,-1.8081691447708869e-37,0.0,0.0,-0.43011782614582034,0.0
4.300000011920929,61,352.37596976816315,-4.1372537031449405e-06,4.3493863691270791e-05,8.9492352859715497e-09,0.0,0.0,0.0,0.0
4.300000011920929,62,400.0,-1.0000000000000003e-05,4.4999999999999996e-05,-3.7356140077376746e-09,501.83991411101334,-46.681454410776468,0.0,142.86332552649148
4.300000011920929,63,400.0,-1.0000000000000003e-05,4.4999999999999996e-05,1.0381989771924746e-09,835.21260064412115,-65.38776416776598,0.0,238.0911249927267
4.300000011920929,64,352.38114265479743,-5.0392952068935104e-06,4.3930690751796319e-05,-3.4340683687206025e-09,0.0,0.0,0.0,0.0
4.300000011920929,65,376.18798488408163,-6.9327759343556074e-06,4.4495635504434172e-05,-5.6873131806651009e-42,0.0,0.0,-2.217882270361998,0.0
4.300000011920929,66,400.0,-1.0000000000000003e-05,4.4999999999999996e-05,1.686318781276778e-42,-2131.2455115166922,170.34345371024696,-0.081903012041517481,0.0
4.300000011920929,67,376.19057132739874,-7.5433391062062301e-06,4.4405045003240439e-05,-1.0401609149163802e-36,0.0,0.0,0.38801857472803347,0.0
4.300000011920929,68,352.3785562114803,-4.9526879585028078e-06,4.3732741545560654e-05,3.5216393638817135e-37,0.0,0.0,1.1256385406119278,0.0
4.300000011920929,69,352.37596976816315,-4.1603366841971371e-06,4.3501716116645721e-05,3.5468521876183771e-09,0.0,0.0,0.0,0.0
4.300000011920929,70,400.0,-1.0000000000000003e-05,4.4999999999999996e-05,-5.4273120262025549e-10,-2262.6605306545689,154.67630883136624,0.0,0.0
4.300000011920929,71,400.0,-1.0000000000000003e-05,4.4999999999999996e-05,2.1425504704794963e-11,-3277.1593472068871,245.55727903633209,0.0,0.0
4.300000011920929,72,352.38114265479743,-5.0327500460200761e-06,4.3924519155147286e-05,-1.273881210795142e-09,0.0,0.0,0.0,0.0
4.300000011920929,73,376.1879848840815,-6.928423764514353e-06,4.4493949038609122e-05,-3.8199627647628745e-09,0.0,0.0,0.0,0.0
4.300000011920929,74,400.0,-1.0000000000000003e-05,4.4999999999999996e-05,-1.6442600846364214e-09,-2131.524112653552,170.67325361095993,0.0,0.0
4.300000011920929,75,376.19057132739874,-7.5440517938508474e-06,4.4406257424197425e-05,3.3851026420431041e-10,0.0,0.0,0.0,0.0
4.300000011920929,76,352.37855621148026,-4.9490067081812893e-06,4.3732390633153646e-05,7.1964309859803752e-09,0.0,0.0,0.0,0.0
4.300000011920929,77,400.0,-1.0000000000000003e-05,4.4999999999999996e-05,1.812136927630869e-42,314.75748748358615,-15.391086691625352,-0.16300695066186666,95.23567839001161
4.300000011920929,78,352.3881242561471,-5.9428854601287978e-06,4.3378159764896019e-05,2.7412023923071344e-38,0.0,0.0,-0.046776879504562281,0.0
4.300000011920929,79,400.0,-1.0000000000000003e-05,4.4999999999999996e-05,1.5229302690075169e-09,314.82311417977252,-15.383693234319034,0.0,95.23567839001151
4.300000011920929,80,352.388124256147,-5.9473503009721318e-06,4.3376499373386012e-05,-5.7364477622203516e-09,0.0,0.0,0.0,0.0
4.300000011920929,81,400.0,-1.0000000000000003e-05,4.4999999999999996e-05,-2.8162811514572424e-42,-1178.5736191494966,84.629202012347577,0.022606956503704322,0.0
4.300000011920929,82,376.1940621280735,-8.1195587002927065e-06,4.4524653436649329e-05,-9.6091265208287747e-43,0.0,0.0,1.1338213387114546,0.0
4.300000011920929,83,352.3846334554722,-5.2245254031873074e-06,4.3641905768924346e-05,-2.888997743469171e-37,0.0,0.0,-0.95537213336176585,0.0
4.300000011920929,84,400.0,-1.0000000000000003e-05,4.4999999999999996e-05,2.604566687676747e-10,-1094.371591918785,108.17486935778952,0.0,0.0
4.300000011920929,85,352.3881242561471,-5.9360685858864467e-06,4.3382698034163524e-05,-2.7578796939387831e-09,0.0,0.0,0.0,0.0
4.300000011920929,86,400.0,-1.0000000000000003e-05,4.4999999999999996e-05,1.5303868602411314e-09,-1178.3920343883735,84.670936451396955,0.0,0.0
4.300000011920929,87,376.1940621280735,-8.1226578860721741e-06,4.4523985075000649e-05,1.5420665750226099e-09,0.0,0.0,0.0,0.0
4.300000011920929,88,352.3846334554722,-5.2280241057190677e-06,4.3641290015296965e-05,-7.0576719532553948e-09,0.0,0.0,0.0,0.0
4.4000000059604645,1,300.0,4.7608308947472489e-42,-2.9572373332918386e-42,-6.3523230565802131e-43,-200.94863122412664,-2.2891236387588099,-0.18692579786128499,-59.42547687454935
4.4000000059604645,2,347.65376046193603,-4.8935460034434725e-06,1.7034191091852578e-07,-1.1790414491632936e-08,0.0,0.0,0.0,0.0
4.4000000059604645,3,347.585733084558,-4.9826934627025587e-06,5.9309757427730606e-08,-7.7362483547638915e-09,0.0,0.0,0.0,0.0
4.4000000059604645,4,300.0,2.0275619568262542e-34,3.4600051491220336e-36,-7.0318433102108967e-38,-405.85646653262575,0.6563946424437459,0.13075719999903945,-119.14964631114114
4.4000000059604645,5,300.0,4.9421192677076969e-42,-3.1445049339620787e-42,6.832855315342635e-43,-200.99587640169915,-2.2493766684713372,0.13054980863414378,-59.425476874549304
4.4000000059604645,6,347.6537604619361,-4.8906181079653058e-06,1.67787170206723e-07,2.5327025521796512e-09,0.0,0.0,0.0,0.0
4.4000000059604645,7,347.5857330845581,-4.9804255486075392e-06,5.7288030654312259e-08,1.8164363781236913e-09,0.0,0.0,0.0,0.0
4.4000000059604645,8,300.0,2.0274584423546479e-34,3.4293993101617237e-36,3.6917080600450744e-38,-405.98182947990369,0.69146171094510755,-0.22136452473767965,-119.14964631114104
4.4000000059604645,9,323.826880230968,-2.4372636581782386e-06,2.6557668420340794e-08,-1.1571394118155863e-08,0.0,0.0,0.0,0.0
4.4000000059604645,10,347.619746773247,-4.9665061745820831e-06,1.1966089565613355e-07,3.4758175108679196e-10,0.0,0.0,0.0,0.0
4.4000000059604645,11,323.792866542279,-2.4941273763632138e-06,2.177739219650581e-08,2.142134353476031e-09,0.0,0.0,0.0,0.0
4.4000000059604645,12,300.0,-8.2282386920478475e-42,1.1172369812472893e-41,-3.2614964078367932e-43,815.1211581760615,2.3310033506035812,0.20988140756308848,0.0
4.4000000059604645,13,300.0,-7.0892599798923322e-42,1.1554566514226955e-41,1.2484997836375843e-42,822.92708671293531,-3.937697182777677,0.18507183280201747,0.0
4.4000000059604645,14,347.65376046193603,-4.9092480663167903e-06,1.3631392441920929e-07,-4.610913297268449e-09,0.0,0.0,0.0,0.0
4.4000000059604645,15,347.58573308455806,-4.9689873001034755e-06,6.8203443225396669e-08,-2.948853921994571e-09,0.0,0.0,0.0,0.0
4.4000000059604645,16,300.0,-8.2528826270441133e-34,3.8662817766773919e-36,-9.2225319171625306e-38,1654.3021744271948,-3.4689204969572227,0.21767720239838217,0.0
4.4000000059604645,17,323.8268802309681,-2.4349951680832009e-06,2.5105836074320498e-08,7.8571145749135185e-09,0.0,0.0,0.0,0.0
4.4000000059604645,18,347.61974677324713,-4.9634318382969861e-06,1.1739874818281156e-07,-8.0631191890749086e-09,0.0,0.0,0.0,0.0
4.4000000059604645,19,323.79286654227906,-2.4921637679186187e-06,1.9968639075296119e-08,-4.3273293106577412e-09,0.0,0.0,0.0,0.0
4.4000000059604645,20,300.0,-1.0068964003023719e-41,1.1559708377517743e-41,6.4601420259638961e-43,814.7468333458113,2.4084248297604183,0.077511867861711048,0.0
4.4000000059604645,21,347.60665623505815,-4.9813600075173149e-06,-1.1822739244761439e-08,-6.3293017242954619e-09,0.0,0.0,0.0,0.0
4.4000000059604645,22,300.0,2.0795579460289454e-34,-5.0581514163240566e-36,-1.8268209279490983e-37,-411.32590205775534,7.8766881873026602,0.15876450861065353,-119.06898852879185
4.4000000059604645,23,347.6066562350581,-4.9809493812973792e-06,-1.3828043400219633e-08,5.2192745906917168e-09,0.0,0.0,0.0,0.0
4.4000000059604645,24,300.0,2.0786926572906164e-34,-5.081341306697399e-36,7.8370954901972979e-38,-411.34823283072723,7.9194406914420803,-0.16635459790369711,-119.06898852879203
4.4000000059604645,25,347.5961946598081,-5.0089961395337344e-06,1.9304087716181256e-08,-1.0111725621154638e-08,0.0,0.0,0.0,0.0
4.4000000059604645,26,323.8033281175291,-2.4892564628827564e-06,3.4628054059418059e-08,1.4112152164230876e-09,0.0,0.0,0.0,0.0
4.4000000059604645,27,300.0,1.6208363238005074e-41,1.6865069899802065e-41,4.5037245684220882e-43,821.34440112096377,-6.1704763203801987,-0.041580772822201822,0.0
4.4000000059604645,28,347.60665623505815,-4.9714676280168759e-06,-1.5322666748137129e-08,-5.5987022797357856e-10,0.0,0.0,0.0,0.0
4.4000000059604645,29,300.0,-8.1953095492198074e-34,6.8052953186716233e-37,6.6110364672102871e-39,1660.5891938473983,-0.67001305972096215,0.028907628025850757,0.0
4.4000000059604645,30,347.59619465980813,-5.0075882368009266e-06,1.7267444881222679e-08,6.4896960036336981e-09,0.0,0.0,0.0,0.0
4.4000000059604645,31,323.8033281175291,-2.4888596658402941e-06,3.2639272478135447e-08,-1.7991808586811756e-09,0.0,0.0,0.0,0.0
4.4000000059604645,32,300.0,1.5809210051778303e-41,1.7194297585687239e-41,-5.5735649287290338e-43,821.17161791910814,-6.0590594405336624,0.14034728780897815,0.0
4.4000000059604645,33,347.65270639730863,-4.9540997247025918e-06,5.6069380691023745e-08,4.3497620584835415e-09,0.0,0.0,0.0,0.0
4.4000000059604645,34,300.0,2.1205575106641649e-34,-3.8806288167647563e-36,-8.9608621892544672e-38,-420.25824161325727,2.7581051803164875,-0.084770208796343921,-118.9430048933522
4.4000000059604645,35,347.6527063973085,-4.9552798826644951e-06,5.4078382068971536e-08,-3.6106979373555423e-10,0.0,0.0,0.0,0.0
4.4000000059604645,36,300.0,2.1194510585532156e-34,-3.8890756076617957e-36,-3.3090306341984291e-38,-420.18896304606062,2.7963909048444129,0.14911179473186659,-118.9430048933522
4.4000000059604645,37,347.6296813161834,-4.9585783016200978e-06,1.3433586746534626e-08,1.4913163063823277e-09,0.0,0.0,0.0,0.0
4.4000000059604645,38,323.8263531986543,-2.4779543614544863e-06,2.6722317195326067e-08,-1.5669482438328223e-09,0.0,0.0,0.0,0.0
4.4000000059604645,39,300.0,1.1102676352412911e-41,-3.7258471688238277e-42,-8.1291960596736188e-43,829.19696438781398,-10.231133625525391,-0.04899725115883926,0.0
4.4000000059604645,40,347.6527063973086,-4.9614174766447961e-06,6.3670957471435157e-08,1.9875386498966065e-09,0.0,0.0,0.0,0.0
4.4000000059604645,41,300.0,-8.2842571576969812e-34,-4.3285145026305324e-36,1.0479184725074833e-37,1662.9450718035296,-0.051673373401651013,-0.16177244702451948,0.0
4.4000000059604645,42,347.62968131618334,-4.9590507999228623e-06,1.1399675438787414e-08,3.9109444115621287e-12,0.0,0.0,0.0,0.0
4.4000000059604645,43,323.82635319865426,-2.4791762853111294e-06,2.486986500438956e-08,3.0372833514334828e-09,0.0,0.0,0.0,0.0
4.4000000059604645,44,300.0,1.1350467562107559e-41,-3.5014272241024128e-42,1.3245795784886502e-42,829.2568911477739,-10.119273583919968,-0.0023076659184935178,0.0
4.4000000059604645,45,347.6081512315978,-5.0588634954425487e-06,2.0613538637333767e-07,2.0712504955051878e-08,0.0,0.0,0.0,0.0
4.4000000059604645,46,300.0,1.0069361746253713e-42,1.8661923787822801e-42,-1.2842306431966836e-42,-213.39539915360686,-4.2274226150768408,-0.044934990364993252,-59.60301230139478
4.4000000059604645,47,347.6081512315979,-5.0608128989481186e-06,2.0384764380204278e-07,-1.3114810079259949e-08,0.0,0.0,0.0,0.0
4.4000000059604645,48,300.0,1.493970328526829e-42,2.211157749008385e-42,1.9059093629155484e-42,-213.3827069500249,-4.1935273729217561,0.080549725826415897,-59.60301230139464
4.4000000059604645,49,347.63042881445324,-4.9744416554508877e-06,1.3838868838104695e-07,3.912247896082754e-09,0.0,0.0,0.0,0.0
4.4000000059604645,50,323.80407561579887,-2.5348852788110017e-06,2.1617288379571782e-08,6.8210203320182145e-09,0.0,0.0,0.0,0.0
4.4000000059604645,51,300.0,-1.9427611558030193e-41,-5.5754245624879939e-42,-3.2155140902005315e-43,844.22898664304103,5.0323599059083728,-0.056698101173846785,0.0
4.4000000059604645,52,347.60815123159784,-5.0662113827667519e-06,1.757587993954113e-07,3.7760364813197524e-09,0.0,0.0,0.0,0.0
4.4000000059604645,53,300.0,-3.5048133341312016e-41,-1.8851372331295003e-41,5.0898662048954423e-43,833.48980892012469,-7.7724325244979626,-0.16737275266687068,0.0
4.4000000059604645,54,347.63042881445324,-4.9764289776575075e-06,1.3628284310462148e-07,2.0511652098310327e-09,0.0,0.0,0.0,0.0
4.4000000059604645,55,323.804075615799,-2.5365083157781632e-06,2.0098026158040215e-08,-3.7668342896947689e-09,0.0,0.0,0.0,0.0
4.4000000059604645,56,300.0,-1.9220067140388665e-41,-4.9781671519646139e-42,-1.2384365400613346e-42,844.50576955188296,5.1118003467726458,-0.17025314560931043,0.0
4.4000000059604645,57,352.37596976816326,-4.9610694161440962e-06,3.9869131047712165e-05,5.8762770161559635e-38,0.0,0.0,-0.56078438465395208,0.0
4.4000000059604645,58,400.0,-1.0000000000000001e-05,3.9999999999999996e-05,3.1462957206970086e-43,500.09934742215967,-3.0952675903671736,-0.15679450791333038,142.86332552649125
4.4000000059604645,59,400.0,-1.0000000000000001e-05,3.9999999999999996e-05,-3.0291705618721796e-37,828.39970293396323,-3.5759440182164877,0.080544565819155839,238.09112499272626
4.4000000059604645,60,352.38114265479743,-5.0108293236246251e-06,4.0019991212850769e-05,-8.0297461393481905e-37,0.0,0.0,-0.037162968509073274,0.0
4.4000000059604645,61,352.37596976816315,-4.9577871038229125e-06,3.9866091444634194e-05,-2.4280766958915394e-10,0.0,0.0,0.0,0.0
4.4000000059604645,62,400.0,-1.0000000000000001e-05,3.9999999999999996e-05,-9.7378726220214463e-10,499.96459295880862,-3.0015405433102895,0.0,142.86332552649137
4.4000000059604645,63,400.0,-1.0000000000000001e-05,3.9999999999999996e-05,1.745941045568018e-10,828.36035206806355,-3.5944402477142958,0.0,238.0911249927268
4.4000000059604645,64,352.3811426547975,-5.0111961912765324e-06,4.002055782268675e-05,-1.4289781027403265e-09,0.0,0.0,0.0,0.0
4.4000000059604645,65,376.18798488408163,-7.4760071367467312e-06,3.9981506997491843e-05,-5.8384767221636355e-42,0.0,0.0,-0.50373312513806101,0.0
4.4000000059604645,66,400.0,-1.0000000000000001e-05,3.9999999999999996e-05,1.8192514424164608e-42,-1998.6461526095413,8.9154595148704203,0.45657505418953825,0.0
4.4000000059604645,67,376.19057132739874,-7.5065018919323768e-06,3.9968782274090971e-05,-2.3133229309246348e-37,0.0,0.0,-0.017991616253027032,0.0
4.4000000059604645,68,352.3785562114804,-5.0430529819017145e-06,3.9954592612217772e-05,4.799683355819165e-37,0.0,0.0,0.67501605216561966,0.0
4.4000000059604645,69,352.3759697681632,-4.9640708365401674e-06,3.9875039874006895e-05,2.496386404617766e-10,0.0,0.0,0.0,0.0
4.4000000059604645,70,400.0,-1.0000000000000001e-05,3.9999999999999996e-05,-4.7884682777802723e-10,-1998.8933864555413,7.0097196667894135,0.0,0.0
4.4000000059604645,71,400.0,-1.0000000000000001e-05,3.9999999999999996e-05,-4.9624334980268841e-11,-3315.6030930156339,0.56734630540388142,0.0,0.0
4.4000000059604645,72,352.3811426547975,-5.0089230991844326e-06,4.0013939291080507e-05,-5.3851765295458905e-10,0.0,0.0,0.0,0.0
4.4000000059604645,73,376.1879848840815,-7.4741983999325877e-06,3.9979355319060183e-05,-2.6226318621698578e-09,0.0,0.0,0.0,0.0
4.4000000059604645,74,400.0,-1.0000000000000001e-05,3.9999999999999996e-05,-2.5039274579395745e-11,-1998.7634037994544,9.0862421315284756,0.0,0.0
4.4000000059604645,75,376.19057132739874,-7.5066313609260023e-06,3.9969730232218772e-05,-1.8556987730316072e-10,0.0,0.0,0.0,0.0
4.4000000059604645,76,352.3785562114803,-5.0410898827486817e-06,3.9953688230494867e-05,3.5362744632298399e-09,0.0,0.0,0.0,0.0
4.4000000059604645,77,400.0,-1.0000000000000001e-05,3.9999999999999996e-05,1.8015889426006049e-42,328.20207887410481,2.0856143177835906,0.29473239910113697,95.23567839001156
4.4000000059604645,78,352.388124256147,-5.1033329459548682e-06,3.9821737424937497e-05,3.4590341476510785e-38,0.0,0.0,0.85371194231070902,0.0
4.4000000059604645,79,400.0,-1.0000000000000001e-05,3.9999999999999996e-05,-3.3481840641456892e-10,328.290921160697,2.1127833690797453,0.0,95.2356783900115
4.4000000059604645,80,352.38812425614697,-5.1054486980829496e-06,3.9819137139009315e-05,1.9208508975120987e-09,0.0,0.0,0.0,0.0
4.4000000059604645,81,400.0,-1.0000000000000001e-05,3.9999999999999996e-05,-2.8990497926399317e-42,-1316.1133646040394,-0.57133421844135424,-0.56892492662430594,0.0
4.4000000059604645,82,376.1940621280735,-7.555897955359703e-06,3.9987875679891455e-05,-5.4373241191671798e-43,0.0,0.0,0.14071216482498478,0.0
4.4000000059604645,83,352.3846334554722,-5.0102252754754923e-06,3.9915065573475896e-05,-4.0158082787931482e-37,0.0,0.0,-0.81169865754344461,0.0
4.4000000059604645,84,400.0,-1.0000000000000001e-05,3.9999999999999996e-05,2.2111248312050193e-10,-1319.3734763424497,8.4567136256692184,0.0,0.0
4.4000000059604645,85,352.38812425614697,-5.1058858931069185e-06,3.9828547640885567e-05,5.5570879590772075e-12,0.0,0.0,0.0,0.0
4.4000000059604645,86,400.0,-1.0000000000000001e-05,3.9999999999999996e-05,-3.1481769399361642e-10,-1316.0678273049891,-0.53729216047109007,0.0,0.0
4.4000000059604645,87,376.1940621280735,-7.5570257130959902e-06,3.9986380165821403e-05,1.3666025520960229e-09,0.0,0.0,0.0,0.0
4.4000000059604645,88,352.3846334554722,-5.0117541768040416e-06,3.9913827370384155e-05,-2.638337395606121e-09,0.0,0.0,0.0,0.0
4.5,1,300.0,4.9044757228239554e-42,-3.4130006724773866e-42,-6.3611866845894177e-43,-220.48495782662957,-3.6902597698813939,-0.23017316256401976,-59.42547687454937
4.5,2,347.653760461936,-5.7643134217408916e-06,-1.34122555531395e-06,-7.6814987962578461e-09,0.0,0.0,0.0,0.0
4.5,3,347.585733084558,-5.1348650755636354e-06,-1.2148033178334602e-06,2.3244644578886923e-09,0.0,0.0,0.0,0.0
4.5,4,300.0,2.4179143464361914e-34,2.2061706566271193e-35,6.7567225329119757e-38,-446.09300241385631,-31.085395198732122,-0.021015891701597587,-119.14964631114111
4.5,5,300.0,5.0931056128772643e-42,-3.627225656611632e-42,7.0992565175864772e-43,-220.53149458894208,-3.6443040871614043,0.1257302569998372,-59.42547687454926
4.5,6,347.65376046193614,-5.7647021183683783e-06,-1.3447849919027212e-06,-1.6830272388331689e-09,0.0,0.0,0.0,0.0
4.5,7,347.5857330845581,-5.1344727101297138e-06,-1.2177248950280126e-06,-8.0125550885484495e-09,0.0,0.0,0.0,0.0
4.5,8,300.0,2.4176892465225025e-34,2.2024246055785267e-35,-8.5792114783323872e-38,-446.20907546155621,-31.038777664377548,-0.1256963255223173,-119.14964631114108
4.5,9,323.82688023096796,-3.0435267171037594e-06,-4.4587293786731533e-07,-1.8675489072580441e-08,0.0,0.0,0.0,0.0
4.5,10,347.619746773247,-5.3528650326230701e-06,-1.2833512016864681e-06,1.2620555109779841e-08,0.0,0.0,0.0,0.0
4.5,11,323.792866542279,-2.609963517516697e-06,-5.2267783925242298e-07,4.4453078792234928e-10,0.0,0.0,0.0,0.0
4.5,12,300.0,-7.21408356100854e-42,1.252688148456764e-41,-3.338272168041303e-43,944.22604652683538,35.544126642789848,0.29409721719822812,0.0
4.5,13,300.0,-4.769836090959098e-42,1.2392287337763333e-41,1.2755963525914081e-42,997.22821356956854,56.60444752647971,0.23635862880618413,0.0
4.5,14,347.65376046193603,-5.7995760295982438e-06,-1.3926232388068201e-06,-4.6573775179524087e-09,0.0,0.0,0.0,0.0
4.5,15,347.58573308455806,-5.1356742574955701e-06,-1.201437411774739e-06,-2.8317376210923868e-09,0.0,0.0,0.0,0.0
4.5,16,300.0,-9.9715034861603651e-34,-8.7849699024167983e-35,-8.1776399805216032e-38,1795.0337818627222,112.08267057921508,0.29441624287531654,0.0
4.5,17,323.8268802309681,-3.0421006675930811e-06,-4.4747479299375016e-07,1.4187931502737965e-08,0.0,0.0,0.0,0.0
4.5,18,347.61974677324713,-5.3523612678632672e-06,-1.286582947018082e-06,-2.0248725090345411e-08,0.0,0.0,0.0,0.0
4.5,19,323.79286654227906,-2.6084714769457842e-06,-5.2460358688548635e-07,-3.0148653861255037e-09,0.0,0.0,0.0,0.0
4.5,20,300.0,-9.121886126396466e-42,1.2921972551574935e-41,6.5332800958969874e-43,943.8637487645924,35.64333797681028,0.13735195753112489,0.0
4.5,21,347.60665623505815,-4.9518862075592717e-06,-1.1272186099954628e-06,-5.0857504889552445e-09,0.0,0.0,0.0,0.0
4.5,22,300.0,2.4199161741528878e-34,2.3398654100890951e-35,-5.3161991895303196e-38,-412.1520255927216,-46.742938408262781,0.10954047547388229,-119.06898852879185
4.5,23,347.6066562350581,-4.9515191695231228e-06,-1.1300372990372352e-06,4.0506577470268997e-09,0.0,0.0,0.0,0.0
4.5,24,300.0,2.4191478852369454e-34,2.3358031233282889e-35,-6.3221240452202676e-38,-412.1707776665362,-46.673498665865587,-0.1145353294837376,-119.06898852879203
4.5,25,347.5961946598081,-5.0248760149494676e-06,-1.1666929147671687e-06,-5.3075367398621851e-09,0.0,0.0,0.0,0.0
4.5,26,323.8033281175291,-2.4824307119859149e-06,-5.4115734972406936e-07,1.008886980198307e-09,0.0,0.0,0.0,0.0
4.5,27,300.0,1.685718259680738e-41,1.8008576092114932e-41,4.6121726089404287e-43,847.01374544566158,81.250055909273087,0.052184805636539933,0.0
4.5,28,347.60665623505815,-4.9454028193294258e-06,-1.1301353651244459e-06,-5.2419329220544518e-10,0.0,0.0,0.0,0.0
4.5,29,300.0,-9.7683028704388154e-34,-7.1274496283727862e-35,6.0733682293754766e-38,1656.5467776801581,139.7775307883955,0.031734922384230854,0.0
4.5,30,347.59619465980813,-5.024564730401823e-06,-1.1696003266879239e-06,1.862030855958892e-09,0.0,0.0,0.0,0.0
4.5,31,323.8033281175291,-2.4820373220713005e-06,-5.4313445056610533e-07,-1.3511513472450901e-09,0.0,0.0,0.0,0.0
4.5,32,300.0,1.6414595484223871e-41,1.837826588335603e-41,-5.5558952758276622e-43,846.82867445297359,81.388305586021048,0.089213506890014838,0.0
4.5,33,347.65270639730863,-4.825485545056078e-06,-1.1982297173243761e-06,-7.4287743758462458e-09,0.0,0.0,0.0,0.0
4.5,34,300.0,2.1113840409226437e-34,8.1138235597768008e-36,-1.9296034506104061e-37,-379.54115773488758,-31.382561587155784,0.21840496019779229,-118.94300489335222
4.5,35,347.6527063973085,-4.8249092194502334e-06,-1.2004875189386601e-06,1.1292297796106638e-08,0.0,0.0,0.0,0.0
4.5,36,300.0,2.1102733196346174e-34,8.1020943640842201e-36,4.3932170451664317e-38,-379.48699496555594,-31.344866940205989,-0.11225303277161307,-118.94300489335227
4.5,37,347.6296813161834,-4.9157402872058048e-06,-1.1619878724689264e-06,-3.1667031708516102e-09,0.0,0.0,0.0,0.0
4.5,38,323.8263531986543,-2.3639267195546825e-06,-5.2125722956385761e-07,1.1147783343959806e-09,0.0,0.0,0.0,0.0
4.5,39,300.0,1.0903619756813527e-41,-3.9894179856914428e-42,-7.7820113961414974e-43,803.54672061125211,80.20374933904688,-0.16028696565963887,0.0
4.5,40,347.6527063973086,-4.811580056039312e-06,-1.1865652533422549e-06,1.921147412601234e-09,0.0,0.0,0.0,0.0
4.5,41,300.0,-8.6558759719262756e-34,-2.5209203051306124e-35,1.595929682773924e-37,1524.3492548575578,114.22398419140025,-0.21670496756494759,0.0
4.5,42,347.62968131618334,-4.9151807842429643e-06,-1.1645506816917955e-06,4.6479450659143432e-09,0.0,0.0,0.0,0.0
4.5,43,323.82635319865426,-2.3647626888417203e-06,-5.2314503513261255e-07,7.1161316093842834e-10,0.0,0.0,0.0,0.0
4.5,44,300.0,1.116409769133415e-41,-3.7986759158242926e-42,1.3430789202381091e-42,803.62493823530997,80.336067910065083,0.066145347594171178,0.0
4.5,45,347.60815123159784,-4.1961163037315026e-06,-1.3004109076035143e-06,2.0496955189365872e-08,0.0,0.0,0.0,0.0
4.5,46,300.0,7.5739797647836223e-43,1.2438935371862005e-42,-1.3103605907614083e-42,-192.76191197305107,-5.3433053295998407,-0.12149836105960306,-59.60301230139473
4.5,47,347.6081512315979,-4.1959585213210373e-06,-1.3027639596031422e-06,-1.3028070191116767e-08,0.0,0.0,0.0,0.0
4.5,48,300.0,1.2284035678157024e-42,1.5398840383372586e-42,1.9097187404643415e-42,-192.75125248205586,-5.3146167983662158,0.18140621606696758,-59.603012301394635
4.5,49,347.63042881445324,-4.6123648712775306e-06,-1.2510571565121633e-06,-5.7782899820204472e-09,0.0,0.0,0.0,0.0
4.5,50,323.8040756157989,-1.9368949770548775e-06,-4.4784791203618792e-07,1.0680222664951656e-08,0.0,0.0,0.0,0.0
4.5,51,300.0,-2.0672086748092034e-41,-4.1753518424253354e-42,-2.4764503661781745e-43,714.7395301226627,39.482951462628215,-0.097258552643272544,0.0
4.5,52,347.60815123159784,-4.1980328850076776e-06,-1.3427958447477285e-06,3.708894763255235e-09,0.0,0.0,0.0,0.0
4.5,53,300.0,-3.811814402145384e-41,-1.8959381019650779e-41,4.9783069983489736e-43,660.40287514538215,55.664952629667177,-0.21217547701286105,0.0
4.5,54,347.63042881445324,-4.6123594922229155e-06,-1.2533084502095726e-06,1.1623558015310577e-08,0.0,0.0,0.0,0.0
4.5,55,323.804075615799,-1.9379758742790447e-06,-4.4942855798601292e-07,-7.1643748564932777e-09,0.0,0.0,0.0,0.0
4.5,56,300.0,-2.0379494159930963e-41,-3.5182962111278699e-42,-1.2955287622211227e-42,715.01069446276517,39.570899242523659,-0.22101935232491562,0.0
4.5,57,352.37596976816326,-5.7786928651940469e-06,3.624255113957824e-05,6.9207979703990137e-38,0.0,0.0,-1.9981626769755443,0.0
4.5,58,400.0,-1.0000000000000001e-05,3.4999999999999997e-05,2.3757260265804617e-43,498.08562574770866,40.834432942356266,-0.74111820689760133,142.8633255264914
4.5,59,400.0,-1.0000000000000001e-05,3.4999999999999997e-05,-6.6339577578565454e-37,821.55292654546088,58.21928259850273,0.032744719077895779,238.09112499272624
4.5,60,352.3811426547974,-4.9851048919090332e-06,3.6109177964213837e-05,-1.4069390980903963e-36,0.0,0.0,0.2533405015820267,0.0
4.5,61,352.37596976816315,-5.778716006690492e-06,3.6238272228644711e-05,-1.085366701258071e-08,0.0,0.0,0.0,0.0
4.5,62,400.0,-1.0000000000000001e-05,3.4999999999999997e-05,1.5773321205770035e-09,497.92281393685238,40.943725712314624,0.0,142.86332552649148
4.5,63,400.0,-1.0000000000000001e-05,3.4999999999999997e-05,-5.9052740351140995e-10,821.51549961388957,58.088145055955678,0.0,238.0911249927267
4.5,64,352.38114265479743,-4.9845466355747756e-06,3.6109530222064919e-05,1.0251004015862833e-09,0.0,0.0,0.0,0.0
4.5,65,376.18798488408163,-8.0191998179408739e-06,3.5467072060664569e-05,-5.9662854747929135e-42,0.0,0.0,1.1768817257965258,0.0
4.5,66,400.0,-1.0000000000000001e-05,3.4999999999999997e-05,1.9661019930058894e-42,-1865.9055427553394,-153.222185877991,1.10129828942481,0.0
4.5,67,376.1905713273987,-7.4704830283028852e-06,3.55328489787675e-05,4.8120512359835001e-37,0.0,0.0,-0.33443302318814205,0.0
4.5,68,352.3785562114803,-5.1327803397081798e-06,3.6173991372765334e-05,6.0667889197509618e-37,0.0,0.0,0.46324621634499408,0.0
4.5,69,352.3759697681632,-5.7677570628595694e-06,3.625067927336231e-05,-3.5986331910455542e-09,0.0,0.0,0.0,0.0
4.5,70,400.0,-1.0000000000000001e-05,3.4999999999999997e-05,-5.6974248825230671e-10,-1735.3907742610063,-140.26073916042591,0.0,0.0
4.5,71,400.0,-1.0000000000000001e-05,3.4999999999999997e-05,-1.8226580537566186e-11,-3353.6964098920444,-244.1850603557088,0.0,0.0
4.5,72,352.3811426547974,-4.9868919967734027e-06,3.6101880951926952e-05,2.4331526935637476e-10,0.0,0.0,0.0,0.0
4.5,73,376.1879848840815,-8.0200658243868291e-06,3.5463769695188684e-05,-2.1524790518864926e-09,0.0,0.0,0.0,0.0
4.5,74,400.0,-1.0000000000000001e-05,3.4999999999999997e-05,1.6620326106956113e-09,-1865.82766497736,-153.1540694441519,0.0,0.0
4.5,75,376.19057132739874,-7.4699864960270125e-06,3.5533673916716716e-05,-5.2339148851103582e-10,0.0,0.0,0.0,0.0
4.5,76,352.37855621148026,-5.1324710426809427e-06,3.6172410462679869e-05,2.4681931095334697e-10,0.0,0.0,0.0,0.0
4.5,77,400.0,-1.0000000000000001e-05,3.4999999999999997e-05,1.795445013420439e-42,341.63784839010515,19.059383088104639,0.72151152990772394,95.2356783900117
4.5,78,352.3881242561471,-4.2621461166956972e-06,3.6268855168933143e-05,4.0713652711299692e-38,0.0,0.0,1.6303383105602507,0.0
4.5,79,400.0,-1.0000000000000001e-05,3.4999999999999997e-05,-2.3558971765887067e-09,341.72735550314059,19.102306723630175,0.0,95.23567839001154
4.5,80,352.388124256147,-4.2621594578221584e-06,3.6265500366357159e-05,8.3733132905235101e-09,0.0,0.0,0.0,0.0
4.5,81,400.0,-1.0000000000000001e-05,3.4999999999999997e-05,-2.9917171927941666e-42,-1453.6732230078126,-84.664588226148865,-1.0860560974690467,0.0
4.5,82,376.1940621280735,-6.9914679613516779e-06,3.545101564427938e-05,-1.1233692416576541e-43,0.0,0.0,-0.90074185392810813,0.0
4.5,83,352.3846334554722,-4.7963130824228329e-06,3.6191414634427304e-05,-5.1859066730550342e-37,0.0,0.0,-0.5228165535815098,0.0
4.5,84,400.0,-1.0000000000000001e-05,3.4999999999999997e-05,3.662500351821459e-11,-1544.4454962111913,-91.58968941010103,0.0,0.0
4.5,85,352.3881242561471,-4.2738193506916979e-06,3.6276432089237087e-05,2.3797732474232221e-09,0.0,0.0,0.0,0.0
4.5,86,400.0,-1.0000000000000001e-05,3.4999999999999997e-05,-2.17909144708613e-09,-1453.7353096640527,-84.683498981043627,0.0,0.0
4.5,87,376.1940621280735,-6.9907336148591235e-06,3.5449172703012019e-05,6.1476782393169166e-10,0.0,0.0,0.0,0.0
4.5,88,352.3846334554722,-4.795890515973803e-06,3.6189671104076501e-05,1.7525372072903544e-09,0.0,0.0,0.0,0.0
4.600000023841858,1,300.0,5.055098675374654e-42,-3.8897540882995198e-42,-6.354964322118717e-43,-240.16628216843705,-4.7745341069315197,-0.26946395045860716,-59.425476874549354
4.600000023841858,2,347.6537604619361,-6.6356369076043019e-06,-2.8511494253996917e-06,-7.2158025350069691e-09,0.0,0.0,0.0,0.0
4.600000023841858,3,347.58573308455806,-5.2862985226184857e-06,-2.4871721215005411e-06,1.2743465825751721e-08,0.0,0.0,0.0,0.0
4.600000023841858,4,300.0,2.8073173165085851e-34,4.0631526793770479e-35,2.062904764653479e-37,-486.46621924177987,-62.851298148742849,-0.1837793810638004,-119.14964631114114
4.600000023841858,5,300.0,5.2525316140556787e-42,-4.1326988259145041e-42,7.3570227342612762e-43,-240.2168826092674,-4.7137109392757193,0.1031285368295613,-59.42547687454935
4.600000023841858,6,347.6537604619361,-6.6396988026949997e-06,-2.8565518207019248e-06,-2.5725639523764825e-09,0.0,0.0,0.0,0.0
4.600000023841858,7,347.5857330845581,-5.2877520973148047e-06,-2.4914734733164723e-06,-1.8172272696695941e-08,0.0,0.0,0.0,0.0
4.600000023841858,8,300.0,2.8069599659502571e-34,4.0577807482618548e-35,-2.0885772279226449e-37,-486.57383678572887,-62.786423800026661,-0.026687000259277671,-119.14964631114108
4.600000023841858,9,323.8268802309681,-3.6499523257377301e-06,-9.1462087647229373e-07,-2.7821933315037994e-08,0.0,0.0,0.0,0.0
4.600000023841858,10,347.6197467732471,-5.7382930615186958e-06,-2.6850028791074831e-06,2.5579861851274862e-08,0.0,0.0,0.0,0.0
4.600000023841858,11,323.79286654227906,-2.7251945070107017e-06,-1.0672563764558605e-06,-9.9068964453018167e-10,0.0,0.0,0.0,0.0
4.600000023841858,12,300.0,-6.1911921596578452e-42,1.3936447839363996e-41,-3.3835178396344629e-43,1073.5451399421047,68.384480006692158,0.39034131374167447,0.0
4.600000023841858,13,300.0,-2.3855900940072844e-42,1.3254210470113637e-41,1.3038263090802576e-42,1171.1513357164376,117.31644377865868,0.28992784557127621,0.0
4.600000023841858,14,347.6537604619361,-6.6907779009958874e-06,-2.9281864102615695e-06,-4.8616611830993182e-09,0.0,0.0,0.0,0.0
4.600000023841858,15,347.5857330845581,-5.3014837806831609e-06,-2.4684902566361289e-06,-2.7015798138676363e-09,0.0,0.0,0.0,0.0
4.600000023841858,16,300.0,-1.168970660930676e-33,-1.7963949661313368e-34,-6.2582752829558922e-38,1935.8830004315055,227.16106980389958,0.37550605227885903,0.0
4.600000023841858,17,323.8268802309681,-3.6495087149992096e-06,-9.1649461673641519e-07,2.2352130147008609e-08,0.0,0.0,0.0,0.0
4.600000023841858,18,347.61974677324713,-5.740418213319672e-06,-2.689897063556736e-06,-3.3229917077550529e-08,0.0,0.0,0.0,0.0
4.600000023841858,19,323.79286654227906,-2.7241527622853799e-06,-1.0694086775912899e-06,-1.9537972925522969e-09,0.0,0.0,0.0,0.0
4.600000023841858,20,300.0,-8.1637985850973881e-42,1.4339429984585565e-41,6.5760845597344066e-43,1073.1961106251215,68.515092533841212,0.214953416245521,0.0
4.600000023841858,21,347.60665623505815,-4.9227840060656395e-06,-2.2369466674106607e-06,-3.3994987939693791e-09,0.0,0.0,0.0,0.0
4.600000023841858,22,300.0,2.7593913093343323e-34,5.2303239283729996e-35,7.8562464153436577e-38,-412.98980569857554,-101.83085955060795,0.055128792247160274,-119.0689885287918
4.600000023841858,23,347.6066562350581,-4.9223255016824675e-06,-2.2405875761763192e-06,2.5523554935395931e-09,0.0,0.0,0.0,0.0
4.600000023841858,24,300.0,2.7587274088310637e-34,5.2243456942830014e-35,-2.1037213202475215e-37,-413.00479660125325,-101.73572806013823,-0.050665245176789192,-119.06898852879206
4.600000023841858,25,347.59619465980813,-5.0403570504134053e-06,-2.3483189160755422e-06,-7.2868782450400888e-10,0.0,0.0,0.0,0.0
4.600000023841858,26,323.8033281175291,-2.476162692918674e-06,-1.1167321858843049e-06,7.7713100236966369e-10,0.0,0.0,0.0,0.0
4.600000023841858,27,300.0,1.7517056061170365e-41,1.9178238739158722e-41,4.7173342550675957e-43,872.72723411353627,169.11838299064286,0.1517711847974979,0.0
4.600000023841858,28,347.60665623505815,-4.9199597653417998e-06,-2.2410203076599969e-06,-4.3216888194899194e-10,0.0,0.0,0.0,0.0
4.600000023841858,29,300.0,-1.1343308379701326e-33,-1.4284052887908412e-34,1.1804617468033765e-37,1652.6147220446337,279.39042930750361,0.026993654102536693,0.0
4.600000023841858,30,347.59619465980813,-5.041054521236531e-06,-2.3523566914817303e-06,-2.4381935617285192e-09,0.0,0.0,0.0,0.0
4.600000023841858,31,323.8033281175291,-2.4757444015912136e-06,-1.1187098154901696e-06,-9.6951125050449961e-10,0.0,0.0,0.0,0.0
4.600000023841858,32,300.0,1.70316828489138e-41,1.9589336192005247e-41,-5.5174360044312192e-43,872.53097596159455,169.28786003188273,0.022657496745655092,0.0
4.600000023841858,33,347.6527063973086,-4.6980478048085801e-06,-2.4597204887062435e-06,-1.9136419913304512e-08,0.0,0.0,0.0,0.0
4.600000023841858,34,300.0,2.1037281620407819e-34,2.0015773889054628e-35,-2.9824775368743841e-37,-338.88784932489477,-65.257899457946024,0.52581581299305302,-118.94300489335237
4.600000023841858,35,347.6527063973086,-4.6957154884676215e-06,-2.4618278875326058e-06,2.2928714500313207e-08,0.0,0.0,0.0,0.0
4.600000023841858,36,300.0,2.1026009166490627e-34,2.0000741114662841e-35,1.2789679134261335e-37,-338.84966386935162,-65.229682100225034,-0.3817153680771993,-118.94300489335217
4.600000023841858,37,347.62968131618334,-4.8745371891661055e-06,-2.3380723015902984e-06,-6.9044850544987807e-09,0.0,0.0,0.0,0.0
4.600000023841858,38,323.82635319865426,-2.2504673728123377e-06,-1.0697800833798498e-06,3.9068051478545762e-09,0.0,0.0,0.0,0.0
4.600000023841858,39,300.0,1.0705186214418892e-41,-4.3189105765088334e-42,-7.396731186329996e-43,777.9061639284929,170.74880157779057,-0.30034961668997207,0.0
4.600000023841858,40,347.6527063973086,-4.6627234688113096e-06,-2.4407390516843176e-06,1.8809661296862052e-09,0.0,0.0,0.0,0.0
4.600000023841858,41,300.0,-9.0265923344002808e-34,-4.6834023310137673e-35,2.0392305582023871e-37,1386.0050611178815,229.79512886134387,-0.27198293529902112,0.0
4.600000023841858,42,347.62968131618334,-4.8728486687615801e-06,-2.3409354074259095e-06,8.4825595070317937e-09,0.0,0.0,0.0,0.0
4.600000023841858,43,323.82635319865426,-2.2509122748804071e-06,-1.0716293457735608e-06,-1.7013755011801654e-09,0.0,0.0,0.0,0.0
4.600000023841858,44,300.0,1.0978473488570552e-41,-4.1616839232039914e-42,1.3612539983621618e-42,778.00891393847951,170.90006777176788,0.15215337714203345,0.0
4.600000023841858,45,347.60815123159784,-3.3319698909948096e-06,-2.8066750890206722e-06,1.9979002109915694e-08,0.0,0.0,0.0,0.0
4.600000023841858,46,300.0,4.9414542484219072e-43,5.878739892415716e-43,-1.3357027372684425e-42,-172.21891838944774,-6.4622269864214559,-0.20378331536655689,-59.603012301394685
4.600000023841858,47,347.60815123159784,-3.3299711918039313e-06,-2.8085015995796914e-06,-1.2862949948544684e-08,0.0,0.0,0.0,0.0
4.600000023841858,48,300.0,9.4824832577081095e-43,8.3288106311175549e-43,1.9137056899275339e-42,-172.21145428544907,-6.4422024895982588,0.27911386853321229,-59.60301230139466
4.600000023841858,49,347.63042881445324,-4.24960802596522e-06,-2.6443797110964701e-06,-1.6091358085702254e-08,0.0,0.0,0.0,0.0
4.600000023841858,50,323.8040756157989,-1.338091821399922e-06,-9.1796518574860492e-07,1.4197090770594813e-08,0.0,0.0,0.0,0.0
4.600000023841858,51,300.0,-2.1933561199174419e-41,-2.7029317531759743e-42,-1.7272063805733368e-43,585.44765256571884,73.603833843836284,-0.11386603531383588,0.0
4.600000023841858,52,347.60815123159784,-3.3287923898779569e-06,-2.8614149709407039e-06,3.5309519195527943e-09,0.0,0.0,0.0,0.0
4.600000023841858,53,300.0,-4.1266161414414192e-41,-1.9069166799026644e-41,4.8651410549479175e-43,487.17808821806204,118.60435893689696,-0.25531168768155393,0.0
4.600000023841858,54,347.63042881445324,-4.2476856841974461e-06,-2.6462475213565362e-06,2.1758165707781358e-08,0.0,0.0,0.0,0.0
4.600000023841858,55,323.8040756157989,-1.3387409323723318e-06,-9.1949742189107136e-07,-1.0370537410469202e-08,0.0,0.0,0.0,0.0
4.600000023841858,56,300.0,-2.1556524586674536e-41,-1.9846118473978457e-42,-1.356132592340931e-42,585.71228143257019,73.691718815323853,-0.27670020623803454,0.0
4.600000023841858,57,352.37596976816326,-6.5965032997517948e-06,3.2616339257029669e-05,7.7627308966268278e-38,0.0,0.0,-3.6011067466339131,0.0
4.600000023841858,58,400.0,-1.0000000000000001e-05,3.0000000000000001e-05,1.4552798333582642e-43,495.92594969653294,84.99696447027975,-1.375085116412192,142.8633255264913
4.600000023841858,59,400.0,-1.0000000000000001e-05,3.0000000000000001e-05,-9.8165155528844835e-37,814.72492877151194,119.88488411903388,-0.11747773981031329,238.09112499272635
4.600000023841858,60,352.38114265479743,-4.9609800179504915e-06,3.2197193670863984e-05,-1.9954270899348891e-36,0.0,0.0,0.44050082864944734,0.0
4.600000023841858,61,352.3759697681631,-6.6001215722650345e-06,3.2610532415460367e-05,-2.2882331405887381e-08,0.0,0.0,0.0,0.0
4.600000023841858,62,400.0,-1.0000000000000001e-05,3.0000000000000001e-05,3.9118192814213167e-09,495.70938658716801,85.137860020425649,0.0,142.86332552649142
4.600000023841858,63,400.0,-1.0000000000000001e-05,3.0000000000000001e-05,-1.2560758641657786e-09,814.67633294530708,119.63242887150659,0.0,238.09112499272675
4.600000023841858,64,352.38114265479743,-4.9593839807422247e-06,3.2197354264221288e-05,3.9204844190878679e-09,0.0,0.0,0.0,0.0
4.600000023841858,65,376.18798488408163,-8.5623888420127812e-06,3.0952278411294044e-05,-6.0701891943208874e-42,0.0,0.0,2.8223096163376518,0.0
4.600000023841858,66,400.0,-1.0000000000000001e-05,3.0000000000000001e-05,2.1276545146531064e-42,-1733.0192195443933,-316.0358524790239,1.8541674804023549,0.0
4.600000023841858,67,376.19057132739874,-7.4352961750641339e-06,3.1097229801963053e-05,1.0969326574179274e-36,0.0,0.0,-0.56105203778064383,0.0
4.600000023841858,68,352.3785562114804,-5.2217985169687819e-06,3.2390947287793136e-05,7.32376121092825e-37,0.0,0.0,0.49528015543090531,0.0
4.600000023841858,69,352.37596976816315,-6.5714913944489067e-06,3.2628783132573052e-05,-7.9991428777228484e-09,0.0,0.0,0.0,0.0
4.600000023841858,70,400.0,-1.0000000000000001e-05,3.0000000000000001e-05,-8.1701507814171222e-10,-1472.1677848699005,-287.12939331085335,0.0,0.0
4.600000023841858,71,400.0,-1.0000000000000001e-05,3.0000000000000001e-05,1.1512298518576481e-10,-3391.4424832491095,-488.67053283092389,0.0,0.0
4.600000023841858,72,352.38114265479743,-4.9666815611393943e-06,3.2188073415319692e-05,1.0697482301321294e-09,0.0,0.0,0.0,0.0
4.600000023841858,73,376.1879848840815,-8.56606145528155e-06,3.0947130508572238e-05,-2.4175248961324968e-09,0.0,0.0,0.0,0.0
4.600000023841858,74,400.0,-1.0000000000000001e-05,3.0000000000000001e-05,3.4178487951020206e-09,-1732.7119649459694,-316.01331919357341,0.0,0.0
4.600000023841858,75,376.19057132739874,-7.4341328042216792e-06,3.1098076550936467e-05,-6.7568396109427284e-10,0.0,0.0,0.0,0.0
4.600000023841858,76,352.37855621148026,-5.2230717460464994e-06,3.238856498241805e-05,-2.6631850931764369e-09,0.0,0.0,0.0,0.0
4.600000023841858,77,400.0,-1.0000000000000001e-05,3.0000000000000001e-05,1.7938879535475915e-42,355.07131492449582,35.508165853354924,1.1184418824542768,95.23567839001161
4.600000023841858,78,352.3881242561471,-3.4192766979239551e-06,3.2719623194538769e-05,4.5973257247361175e-38,0.0,0.0,2.2864257707220905,0.0
4.600000023841858,79,400.0,-1.0000000000000001e-05,3.0000000000000001e-05,-4.5366280390047142e-09,355.13968401788202,35.562116960471187,0.0,95.23567839001151
4.600000023841858,80,352.388124256147,-3.4174286036985601e-06,3.2715709547163383e-05,1.3630485430656117e-08,0.0,0.0,0.0,0.0
4.600000023841858,81,400.0,-1.0000000000000001e-05,3.0000000000000001e-05,-3.0946335425428163e-42,-1591.2579679260461,-167.61132731067084,-1.5313137967413657,0.0
4.600000023841858,82,376.1940621280735,-6.4262583210540133e-06,3.0913996915800582e-05,3.3377775163271311e-43,0.0,0.0,-1.9893102192302463,0.0
4.600000023841858,83,352.3846334554722,-4.582859279115293e-06,3.2470945792625362e-05,-6.4013538516678392e-37,0.0,0.0,-0.094966686991471094,0.0
4.600000023841858,84,400.0,-1.0000000000000001e-05,3.0000000000000001e-05,-2.9075436599691235e-10,-1769.5692222670525,-191.96793406957951,0.0,0.0
4.600000023841858,85,352.3881242561471,-3.4398190976202016e-06,3.2726506390438071e-05,4.3674692088115144e-09,0.0,0.0,0.0,0.0
4.600000023841858,86,400.0,-1.0000000000000001e-05,3.0000000000000001e-05,-4.0629477324128188e-09,-1591.3999252023777,-167.72716372061672,0.0,0.0
4.600000023841858,87,376.1940621280735,-6.4237700879797417e-06,3.0912273787298352e-05,-7.0584142002062899e-10,0.0,0.0,0.0,0.0
4.600000023841858,88,352.3846334554722,-4.5805097443323175e-06,3.2468814831763194e-05,6.105769051844953e-09,0.0,0.0,0.0,0.0
4.699999988079071,1,300.0,5.2126432870709359e-42,-4.3880910473646637e-42,-6.3346643942948341e-43,-259.98676574151756,-5.5414081906533106,-0.30373207246099143,-59.42547687454938
4.699999988079071,2,347.653760461936,-7.5075583458266261e-06,-4.3589120539687002e-06,-1.0682145173969709e-08,0.0,0.0,0.0,0.0
4.699999988079071,3,347.585733084558,-5.4369452927712616e-06,-3.758167147964819e-06,2.3548408159954653e-08,0.0,0.0,0.0,0.0
4.699999988079071,4,300.0,3.1957965124138686e-34,5.914769858689912e-35,3.46022783105009e-37,-526.97551000433236,-94.618105702036374,-0.35890843419064911,-119.14964631114117
4.699999988079071,5,300.0,5.4203736461536432e-42,-4.6614839611913943e-42,7.6055157186551053e-43,-260.04643506400498,-5.4567815335757519,0.061363018909673772,-59.42547687454927
4.699999988079071,6,347.65376046193614,-7.5156537977296485e-06,-4.3670152070676429e-06,1.4525009888372485e-10,0.0,0.0,0.0,0.0
4.699999988079071,7,347.5857330845581,-5.4402089138328465e-06,-3.7643352669594854e-06,-2.8692983157955123e-08,0.0,0.0,0.0,0.0
4.699999988079071,8,300.0,3.1952971989059937e-34,5.9067582301738365e-35,-3.3232566032421637e-37,-527.07564671593207,-94.527690944376189,0.076776665451328663,-119.14964631114115
4.699999988079071,9,323.82688023096796,-4.25656007196656e-06,-1.3794643928684426e-06,-3.9143358915843796e-08,0.0,0.0,0.0,0.0
4.699999988079071,10,347.619746773247,-6.1228234958009284e-06,-4.0852288350747837e-06,3.9325243359859934e-08,0.0,0.0,0.0,0.0
4.699999988079071,11,323.792866542279,-2.8397891231829222e-06,-1.6120210872019641e-06,-2.1481220227132812e-09,0.0,0.0,0.0,0.0
4.699999988079071,12,300.0,-5.1575448209014947e-42,1.540403546264754e-41,-3.3928139025071487e-43,1203.0630205143796,100.84305769450367,0.49731012946707898,0.0
4.699999988079071,13,300.0,6.6851060281790061e-44,1.4143333828443357e-41,1.3333678871584687e-42,1344.692203010243,178.1662152269158,0.34564069234876937,0.0
4.699999988079071,14,347.65376046193603,-7.5828582246977662e-06,-4.4705621339919643e-06,-5.227692759575548e-09,0.0,0.0,0.0,0.0
4.699999988079071,15,347.58573308455806,-5.4663722572843231e-06,-3.73299049874475e-06,-2.5596928276556455e-09,0.0,0.0,0.0,0.0
4.699999988079071,16,300.0,-1.3407248040344643e-33,-2.7153091823910022e-34,-3.4731046319295216e-38,2076.8418229091822,341.81690136038185,0.4612777729529105,0.0
4.699999988079071,17,323.8268802309681,-4.2572403086048355e-06,-1.3817326930702226e-06,3.2478698910380859e-08,0.0,0.0,0.0,0.0
4.699999988079071,18,347.61974677324713,-6.1276321849779752e-06,-4.0924927072412868e-06,-4.7110613133703916e-08,0.0,0.0,0.0,0.0
4.699999988079071,19,323.79286654227906,-2.8391735477147028e-06,-1.6145101421190682e-06,-1.1595584240865887e-09,0.0,0.0,0.0,0.0
4.699999988079071,20,300.0,-7.1925920621165492e-42,1.5815187296872528e-41,6.5890952185117458e-43,1202.7284541621891,101.01478124951278,0.31215661947771733,0.0
4.699999988079071,21,347.60665623505815,-4.8940026629357611e-06,-3.3405567742836637e-06,-1.2719286075980015e-09,0.0,0.0,0.0,0.0
4.699999988079071,22,300.0,3.0979144128287246e-34,8.1679500552307177e-35,2.1235513060032013e-37,-413.83987383660428,-157.41231395140159,-0.0045874190554888172,-119.0689885287918
4.699999988079071,23,347.60665623505815,-4.8933160808061087e-06,-3.3450099962030185e-06,7.2360061380214364e-10,0.0,0.0,0.0,0.0
4.699999988079071,24,300.0,3.0973591002522735e-34,8.1599870175115088e-35,-3.6316389475113606e-37,-413.85102165295694,-157.29393433382481,0.025361289869309744,-119.06898852879183
4.699999988079071,25,347.5961946598081,-5.0553321734553381e-06,-3.5255518592623669e-06,3.5397844974451978e-09,0.0,0.0,0.0,0.0
4.699999988079071,26,323.8033281175291,-2.4704256664322043e-06,-1.6920230789791406e-06,7.0990333310653298e-10,0.0,0.0,0.0,0.0
4.699999988079071,27,300.0,1.8187844756797611e-41,2.0377015716304112e-41,4.8174838368101185e-43,898.49093565929809,257.41440405109756,0.25999592838768754,0.0
4.699999988079071,28,347.60665623505815,-4.8950976615196325e-06,-3.3477608231847373e-06,-2.8484670297299268e-10,0.0,0.0,0.0,0.0
4.699999988079071,29,300.0,-1.2920352796331105e-33,-2.1398846256848896e-34,1.7809026159005663e-37,1648.7807819645059,418.10873102222865,0.014765308301346231,0.0
4.699999988079071,30,347.59619465980813,-5.0569442591592256e-06,-3.5309737020279761e-06,-6.3275613345922635e-09,0.0,0.0,0.0,0.0
4.699999988079071,31,323.8033281175291,-2.4699532443742804e-06,-1.6940167452677815e-06,-6.4863684143882973e-10,0.0,0.0,0.0,0.0
4.699999988079071,32,300.0,1.7660361493462178e-41,2.0830651869776915e-41,-5.4560313191641871e-43,898.28474373413451,257.61921312828667,-0.061799312961018871,0.0
4.699999988079071,33,347.6527063973086,-4.5718689015909274e-06,-3.7285560269293698e-06,-3.0789252232675642e-08,0.0,0.0,0.0,0.0
4.699999988079071,34,300.0,2.0975281438251927e-34,3.1816516397438854e-35,-4.0630382416524593e-37,-298.29301963044315,-98.873410730303007,0.8385040792132421,-118.94300489335248
4.699999988079071,35,347.6527063973086,-4.5677876460897762e-06,-3.7301038126666403e-06,3.4563122529394767e-08,0.0,0.0,0.0,0.0
4.699999988079071,36,300.0,2.096371111346299e-34,3.1798122641758277e-35,2.1939455926248851e-37,-298.27152398353053,-98.863439674625894,-0.66007157470887512,-118.9430048933524
4.699999988079071,37,347.62968131618334,-4.8350200600701502e-06,-3.5146151853570008e-06,-9.6426171101407027e-09,0.0,0.0,0.0,0.0
4.699999988079071,38,323.82635319865426,-2.1376177093300267e-06,-1.6188964060696225e-06,6.7988130378236344e-09,0.0,0.0,0.0,0.0
4.699999988079071,39,300.0,1.0507792848358539e-41,-4.721038920182709e-42,-6.9709410378827692e-43,752.26871444204926,261.44919521960259,-0.47160235008331652,0.0
4.699999988079071,40,347.6527063973086,-4.5149287277903303e-06,-3.698736076608352e-06,1.8664581095854206e-09,0.0,0.0,0.0,0.0
4.699999988079071,41,300.0,-9.3963072107392597e-34,-6.9196949244422867e-35,2.3802092643879515e-37,1247.9213889782504,346.67536766075875,-0.32783385868094206,0.0
4.699999988079071,42,347.62968131618334,-4.8321101275675196e-06,-3.5175406639929899e-06,1.1425488617973892e-08,0.0,0.0,0.0,0.0
4.699999988079071,43,323.82635319865426,-2.1376685909698388e-06,-1.6206348913033342e-06,-4.1929990149050514e-09,0.0,0.0,0.0,0.0
4.699999988079071,44,300.0,1.079412010778853e-41,-4.5971265570605017e-42,1.378919986005234e-42,752.40195729779975,261.61877129388688,0.25787067727018409,0.0
4.699999988079071,45,347.60815123159784,-2.4663851685171685e-06,-4.3123408569015168e-06,1.9377616746085559e-08,0.0,0.0,0.0,0.0
4.699999988079071,46,300.0,2.1643787723814606e-43,-1.048564785496576e-43,-1.3600626365285128e-42,-151.76438588614201,-7.5668134099658033,-0.29245294609822076,-59.60301230139466
4.699999988079071,47,347.6081512315979,-2.4628056677987812e-06,-4.3130705491931854e-06,-1.2829417415159351e-08,0.0,0.0,0.0,0.0
4.699999988079071,48,300.0,6.5277381098289065e-43,8.7164951417040398e-44,1.9178716990598624e-42,-151.76110761590112,-7.5583843048677233,0.374641040713874,-59.60301230139464
4.699999988079071,49,347.63042881445324,-3.8862005952708861e-06,-4.0415283142503416e-06,-2.7108409010278528e-08,0.0,0.0,0.0,0.0
4.699999988079071,50,323.8040756157989,-7.3847469889617633e-07,-1.3885107388073589e-06,1.7478208230253919e-08,0.0,0.0,0.0,0.0
4.699999988079071,51,300.0,-2.3213205554114578e-41,-1.1520295862691192e-42,-9.6989152630351651e-44,456.35663660037017,107.3623571389824,-0.10556636635658512,0.0
4.699999988079071,52,347.60815123159784,-2.4584642097290009e-06,-4.3803377430067183e-06,3.2466576961977569e-09,0.0,0.0,0.0,0.0
4.699999988079071,53,300.0,-4.4496895847702359e-41,-1.9179876895944862e-41,4.7488517242401059e-43,313.83049965802303,181.03853922515165,-0.29666392717141271,0.0
4.699999988079071,54,347.63042881445324,-3.8824402123448619e-06,-4.0425010180095748e-06,3.2539605000026273e-08,0.0,0.0,0.0,0.0
4.699999988079071,55,323.804075615799,-7.3880014448727361e-07,-1.3898862707587808e-06,-1.3488175248797447e-08,0.0,0.0,0.0,0.0
4.699999988079071,56,300.0,-2.2752433960116808e-41,-3.7089145968911708e-43,-1.4204882946239374e-42,456.61368824774263,107.44135928025221,-0.33872686620060166,0.0
4.699999988079071,57,352.3759697681633,-7.4145791245427713e-06,2.8990616176132906e-05,8.3773955528230443e-38,0.0,0.0,-5.3704926146449434,0.0
4.699999988079071,58,400.0,-1.0000000000000003e-05,2.5000000000000005e-05,3.7765751689338314e-44,493.61563734520587,129.37562337642655,-2.0591753267968578,142.86332552649125
4.699999988079071,59,400.0,-1.0000000000000003e-05,2.5000000000000005e-05,-1.2590196176343385e-36,807.91410295218316,181.39223575748252,-0.36976435790364892,238.09112499272618
4.699999988079071,60,352.38114265479743,-4.9384884546241897e-06,2.8283794034273452e-05,-2.5708919850366753e-36,0.0,0.0,0.52358068867748819,0.0
4.699999988079071,61,352.37596976816315,-7.422085398121286e-06,2.8983003709540694e-05,-3.6325120642635329e-08,0.0,0.0,0.0,0.0
4.699999988079071,62,400.0,-1.0000000000000003e-05,2.5000000000000005e-05,6.024098261640647e-09,493.31910860526915,129.56425621846739,0.0,142.8633255264914
4.699999988079071,63,400.0,-1.0000000000000003e-05,2.5000000000000005e-05,-1.8210558416308813e-09,807.84114247885577,181.01008104634852,0.0,238.09112499272658
4.699999988079071,64,352.38114265479743,-4.9357460130520002e-06,2.8283769239107579e-05,7.2496990864399807e-09,0.0,0.0,0.0,0.0
4.699999988079071,65,376.18798488408163,-9.1056092092794941e-06,2.6437073771014116e-05,-6.1496500711513647e-42,0.0,0.0,4.4309458388819358,0.0
4.699999988079071,66,400.0,-1.0000000000000003e-05,2.5000000000000005e-05,2.3047844509755476e-42,-1599.9827423309741,-479.4911883654255,2.7167288488108858,0.0
4.699999988079071,67,376.19057132739874,-7.4009551287235514e-06,2.6661907603414879e-05,1.6155717483456392e-36,0.0,0.0,-0.69774210763890931,0.0
4.699999988079071,68,352.3785562114804,-5.3100349040108975e-06,2.8605469759918656e-05,8.5714438043863514e-37,0.0,0.0,0.77531964693649358,0.0
4.699999988079071,69,352.37596976816326,-7.3753707149293662e-06,2.900949943465673e-05,-1.2951884969331133e-08,0.0,0.0,0.0,0.0
4.699999988079071,70,400.0,-1.0000000000000003e-05,2.5000000000000005e-05,-1.2220481657407801e-09,-1209.2398757573949,-433.59082077857698,0.0,0.0
4.699999988079071,71,400.0,-1.0000000000000003e-05,2.5000000000000005e-05,3.4984761470607027e-10,-3428.8445960014324,-732.85864077320787,0.0,0.0
4.699999988079071,72,352.38114265479743,-4.9483168312086364e-06,2.8272242852676103e-05,1.939154390512848e-09,0.0,0.0,0.0,0.0
4.699999988079071,73,376.1879848840815,-9.1122208242273224e-06,2.6429377725941041e-05,-3.4242435552122119e-09,0.0,0.0,0.0,0.0
4.699999988079071,74,400.0,-1.0000000000000003e-05,2.5000000000000005e-05,5.2430722938290987e-09,-1599.4114508714981,-479.45652049003843,0.0,0.0
4.699999988079071,75,376.19057132739874,-7.3990860075457617e-06,2.6662923929957671e-05,-6.4320004621845535e-10,0.0,0.0,0.0,0.0
4.699999988079071,76,352.37855621148026,-5.3128125212485476e-06,2.8602159809736159e-05,-5.1861935145385394e-09,0.0,0.0,0.0,0.0
4.699999988079071,77,400.0,-1.0000000000000003e-05,2.5000000000000005e-05,1.7971275925779242e-42,368.50906233740534,51.409532812687544,1.4865509031049733,95.2356783900116
4.699999988079071,78,352.3881242561471,-2.5746767408670513e-06,2.9174152237440114e-05,5.0552295158684436e-38,0.0,0.0,2.8251656945898311,0.0
4.699999988079071,79,400.0,-1.0000000000000003e-05,2.5000000000000005e-05,-6.8731773901878992e-09,368.53523024939756,51.469056408159737,0.0,95.23567839001151
4.699999988079071,80,352.388124256147,-2.5712020246607651e-06,2.9169886631815707e-05,1.7702317475147136e-08,0.0,0.0,0.0,0.0
4.699999988079071,81,400.0,-1.0000000000000003e-05,2.5000000000000005e-05,-3.2082001847045703e-42,-1728.8722945690577,-249.37164431297344,-1.9070674328452262,0.0
4.699999988079071,82,376.1940621280735,-5.8602591580554255e-06,2.6376742140849052e-05,7.9515994837600301e-43,0.0,0.0,-3.1237614401954721,0.0
4.699999988079071,83,352.3846334554722,-4.3699353346705934e-06,2.8753649703465073e-05,-7.6645965850179995e-37,0.0,0.0,0.46599356462844926,0.0
4.699999988079071,84,400.0,-1.0000000000000003e-05,2.5000000000000005e-05,-7.5861762631532324e-10,-1994.7258118360132,-292.68154607314324,0.0,0.0
4.699999988079071,85,352.3881242561471,-2.6038356354683145e-06,2.9178925116830924e-05,5.9713673285790585e-09,0.0,0.0,0.0,0.0
4.699999988079071,86,400.0,-1.0000000000000003e-05,2.5000000000000005e-05,-5.9667614531497125e-09,-1729.067069648748,-249.62703560213694,0.0,0.0
4.699999988079071,87,376.1940621280735,-5.8561238103682733e-06,2.6375593754752451e-05,-2.5874659255044295e-09,0.0,0.0,0.0,0.0
4.699999988079071,88,352.3846334554722,-4.3656893323093943e-06,2.8751250474245751e-05,1.0413277950809943e-08,0.0,0.0,0.0,0.0
4.800000011920929,1,300.0,-2.4186558405293423e-39,2.1504400616299959e-39,8.2936887767843029e-41,-279.39949047279373,-3.2084497827633811,-0.32025134601085903,-59.42547687454947
4.800000011920929,2,347.65376046193603,-8.3054268808659347e-06,-5.7349035250726931e-06,-2.4791244300400875e-08,0.0,0.0,0.0,0.0
4.800000011920929,3,347.5857330845581,-5.5478412008733892e-06,-4.8972295050682404e-06,3.243618789983486e-08,0.0,0.0,0.0,0.0
4.800000011920929,4,300.0,3.5312901442458692e-34,7.1212564887819816e-35,4.5046453539336429e-37,-564.12204962251701,-120.39827874482864,-0.51621343041632894,-119.14964631114097
4.800000011920929,5,300.0,-2.4084992973553383e-39,2.1669550010916928e-39,-7.7910325025185966e-41,-279.47345018241924,-3.0911481497989453,-0.0081004958005661543,-59.42547687454938
4.800000011920929,6,347.6537604619361,-8.317626617626641e-06,-5.7464127506474572e-06,1.3256325885495364e-08,0.0,0.0,0.0,0.0
4.800000011920929,7,347.5857330845581,-5.5527492787373299e-06,-4.9056049352673972e-06,-3.7281893613910394e-08,0.0,0.0,0.0,0.0
4.800000011920929,8,300.0,3.5306509689581157e-34,7.110384269152214e-35,-4.1763823981324123e-37,-564.21737426987352,-120.28427614271874,0.15822985055326033,-119.14964631114094
4.800000011920929,9,323.826880230968,-4.8028313415361584e-06,-1.7698572980543e-06,-5.537655895362731e-08,0.0,0.0,0.0,0.0
4.800000011920929,10,347.6197467732471,-6.456662659789348e-06,-5.3577181497368306e-06,5.6224105330070976e-08,0.0,0.0,0.0,0.0
4.800000011920929,11,323.79286654227906,-2.9285278706206897e-06,-2.0916517712749243e-06,-2.8823789742187186e-09,0.0,0.0,0.0,0.0
4.800000011920929,12,300.0,8.0985248772121331e-39,-2.5261021808687996e-39,-4.083983112447769e-41,1319.5169062452114,123.7903201663286,0.54975015617033174,0.0
4.800000011920929,13,300.0,5.5148809916976894e-39,1.7634370086429971e-39,-3.3734056230186766e-41,1494.1152788295331,232.08907688474298,0.39987455057134419,0.0
4.800000011920929,14,347.65376046193603,-8.4005602865310895e-06,-5.9079825938234624e-06,-5.7198300641439362e-09,0.0,0.0,0.0,0.0
4.800000011920929,15,347.5857330845581,-5.587748601359133e-06,-4.8503543299336268e-06,-2.4137843711181155e-09,0.0,0.0,0.0,0.0
4.800000011920929,16,300.0,-1.4873654197867764e-33,-3.548700054196849e-34,-1.8255511935785807e-39,2199.4067746931132,443.10575808713338,0.54455087646967104,0.0
4.800000011920929,17,323.8268802309681,-4.804705875219873e-06,-1.7726100212971567e-06,4.7391068960279557e-08,0.0,0.0,0.0,0.0
4.800000011920929,18,347.61974677324713,-6.4640047194170639e-06,-5.3679002903634617e-06,-6.422475638477035e-08,0.0,0.0,0.0,0.0
4.800000011920929,19,323.79286654227906,-2.9282896727179411e-06,-2.0945761254361668e-06,-7.6027667158076856e-10,0.0,0.0,0.0,0.0
4.800000011920929,20,300.0,8.1999447951318117e-39,-2.5323891986361646e-39,-1.3603506619791452e-42,1319.1982586734102,124.0095222751839,0.48364435079332713,0.0
4.800000011920929,21,347.6066562350581,-4.8606449543479424e-06,-4.2166427446139748e-06,1.2317390220168656e-09,0.0,0.0,0.0,0.0
4.800000011920929,22,300.0,3.3807924267072637e-34,1.1259726513674257e-34,3.4663415340320607e-37,-414.82797676038285,-213.24485188898888,-0.086577264271639309,-119.06898852879198
4.800000011920929,23,347.6066562350581,-4.859618079750622e-06,-4.2220317803332923e-06,-1.4655170490304589e-09,0.0,0.0,0.0,0.0
4.800000011920929,24,300.0,3.3803637427548552e-34,1.1249167031457668e-34,-5.1738775941723591e-37,-414.83488661629298,-213.09775174388648,0.13139490940105186,-119.06898852879213
4.800000011920929,25,347.59619465980813,-5.0427821612104472e-06,-4.5208038269013567e-06,1.4019045900567312e-09,0.0,0.0,0.0,0.0
4.800000011920929,26,323.8033281175291,-2.4627123655800198e-06,-2.1952314407299847e-06,3.675150858103932e-10,0.0,0.0,0.0,0.0
4.800000011920929,27,300.0,-2.6625050194655216e-39,2.5418807678646215e-39,-2.3791752159406928e-41,920.76377368298688,336.6689240076733,0.50755781510715869,0.0
4.800000011920929,28,347.6066562350581,-4.866922601267333e-06,-4.247525500573887e-06,-1.2559798768580895e-10,0.0,0.0,0.0,0.0
4.800000011920929,29,300.0,-1.4328934679217762e-33,-2.7111101218231642e-34,2.3560773228666219e-37,1643.9437567631028,528.55007854102746,-0.00063597811459556453,0.0
4.800000011920929,30,347.59619465980813,-5.0451628893504564e-06,-4.5278397543094831e-06,-3.7752776686220432e-09,0.0,0.0,0.0,0.0
4.800000011920929,31,323.8033281175291,-2.4621581521986611e-06,-2.1972535929901056e-06,1.8261581011509131e-11,0.0,0.0,0.0,0.0
4.800000011920929,32,300.0,-2.5932514588024354e-39,2.5346894848517286e-39,-5.0892514186833532e-41,920.54711369826259,336.91653514454617,-0.29714408872130138,0.0
4.800000011920929,33,347.6527063973086,-4.4906129183785444e-06,-4.8551514694902726e-06,-3.9685058895402485e-08,0.0,0.0,0.0,0.0
4.800000011920929,34,300.0,2.0666964137453608e-34,4.3145534519182225e-35,-5.1173381531797112e-37,-260.75318607713569,-129.12784754311264,1.1302263698343715,-118.94300489335225
4.800000011920929,35,347.6527063973086,-4.4849362433682792e-06,-4.8558344626562464e-06,4.3546307846224177e-08,0.0,0.0,0.0,0.0
4.800000011920929,36,300.0,2.065493444401347e-34,4.3120370223767249e-35,3.1740609243735452e-37,-260.74700392573493,-129.13892845446517,-0.92564985671419087,-118.94300489335212
4.800000011920929,37,347.62968131618334,-4.8195929287555595e-06,-4.4970331729130074e-06,-5.9416803721164771e-09,0.0,0.0,0.0,0.0
4.800000011920929,38,323.82635319865426,-2.0520604447367822e-06,-2.1025125563880711e-06,1.0409087206768149e-08,0.0,0.0,0.0,0.0
4.800000011920929,39,300.0,-3.0259674174043446e-39,1.9912788375354902e-39,3.3352141399128192e-41,730.13911810497268,349.33693166191148,-0.77988859071999861,0.0
4.800000011920929,40,347.6527063973086,-4.4142178922391023e-06,-4.8018734866906091e-06,1.9034355357366865e-09,0.0,0.0,0.0,0.0
4.800000011920929,41,300.0,-9.7054698309101615e-34,-8.5275739625140668e-35,2.6107541659632589e-37,1128.8976874010218,448.58119352553581,-0.38130642401314369,0.0
4.800000011920929,42,347.62968131618334,-4.8154664175997785e-06,-4.4999477645390576e-06,8.0000801185841704e-09,0.0,0.0,0.0,0.0
4.800000011920929,43,323.82635319865426,-2.0517329474521262e-06,-2.1040866512497738e-06,-7.3953930551957768e-09,0.0,0.0,0.0,0.0
4.800000011920929,44,300.0,-2.9727930211264058e-39,1.929616445399928e-39,-6.0296093080833638e-41,730.30733805106877,349.51566472143156,0.49097167384298857,0.0
4.800000011920929,45,347.6081512315978,-1.6720167034437967e-06,-5.7060826822391275e-06,1.982380871126028e-08,0.0,0.0,0.0,0.0
4.800000011920929,46,300.0,-4.25699509644063e-40,-1.0667847333079816e-39,3.7092411298815163e-41,-131.13527769182633,-4.2442666062880123,-0.38664150903548489,-59.6030123013947
4.800000011920929,47,347.6081512315979,-1.6672194883563739e-06,-5.7050681256883016e-06,-1.4016893615638959e-08,0.0,0.0,0.0,0.0
4.800000011920929,48,300.0,-4.1931299865393429e-40,-1.0840155920547191e-39,-7.6615504225266041e-41,-131.13926665876664,-4.2544842422189353,0.4627273052911533,-59.60301230139464
4.800000011920929,49,347.6304288144532,-3.5774327650761834e-06,-5.3180545419365873e-06,-3.9622912645879843e-08,0.0,0.0,0.0,0.0
4.800000011920929,50,323.80407561579887,-1.9944347222758641e-07,-1.7884815046591565e-06,2.047036390596503e-08,0.0,0.0,0.0,0.0
4.800000011920929,51,300.0,1.0203076074169554e-39,2.4619964739719175e-39,1.4430898545206905e-41,339.54501411718434,129.31565642207477,-0.032919975434097054,0.0
4.800000011920929,52,347.60815123159784,-1.6602085123538147e-06,-5.7925866527240748e-06,2.8794282360859359e-09,0.0,0.0,0.0,0.0
4.800000011920929,53,300.0,-7.8026625849489496e-41,2.6518726534764682e-39,3.8872194218187496e-41,164.95546366039585,238.14944369701456,-0.3346495005367392,0.0
4.800000011920929,54,347.63042881445324,-3.572029238705843e-06,-5.3176189404077153e-06,4.4823499766136345e-08,0.0,0.0,0.0,0.0
4.800000011920929,55,323.804075615799,-1.9960392500642444e-07,-1.7896179385376366e-06,-1.6462622303750149e-08,0.0,0.0,0.0,0.0
4.800000011920929,56,300.0,1.001106491650504e-39,2.4244072921873859e-39,9.3450280342881173e-41,339.79797972739033,129.38230886215806,-0.43717943691991001,0.0
4.800000011920929,57,352.37596976816326,-8.1657966615679799e-06,2.5271006984287408e-05,8.00877502956886e-38,0.0,0.0,-6.839496710713564,0.0
4.800000011920929,58,400.0,-1.0000000000000003e-05,2.0000000000000008e-05,-3.7342772074116412e-41,489.20474423935616,168.49732633991562,-2.5681934749809381,142.86332552649122
4.800000011920929,59,400.0,-1.0000000000000003e-05,2.0000000000000008e-05,-1.1968235942239353e-36,802.37738410169527,233.68814398996682,-0.81437844156340145,238.09112499272626
4.800000011920929,60,352.38114265479743,-4.9349578118633948e-06,2.4161153283454307e-05,-2.4502245189927108e-36,0.0,0.0,0.3126821240771262,0.0
4.800000011920929,61,352.3759697681631,-8.1771909538356513e-06,2.5262877950702596e-05,-4.8874326055374014e-08,0.0,0.0,0.0,0.0
4.800000011920929,62,400.0,-1.0000000000000003e-05,2.0000000000000008e-05,7.6346272564547812e-09,488.84909387136344,168.71572358408022,0.0,142.8633255264913
4.800000011920929,63,400.0,-1.0000000000000003e-05,2.0000000000000008e-05,-2.0117271838631575e-09,802.25987894861919,233.20851462771361,0.0,238.09112499272675
4.800000011920929,64,352.3811426547975,-4.9310552211261581e-06,2.4160753488473403e-05,1.1321161176181444e-08,0.0,0.0,0.0,0.0
4.800000011920929,65,376.18798488408163,-9.5976763900369549e-06,2.1856878620882385e-05,-2.1859432395377195e-40,0.0,0.0,5.7528427561690503,0.0
4.800000011920929,66,400.0,-1.0000000000000003e-05,2.0000000000000008e-05,1.8447229123767927e-40,-1480.4414746049997,-623.25891808024562,3.3271408703357448,0.0
4.800000011920929,67,376.19057132739874,-7.3782442181495141e-06,2.2160422810433635e-05,2.0990851895538089e-36,0.0,0.0,-0.54334938615052364,0.0
4.800000011920929,68,352.3785562114804,-5.3619266093562143e-06,2.4664230659337031e-05,9.4923338353964191e-37,0.0,0.0,0.69951523417167782,0.0
4.800000011920929,69,352.37596976816315,-8.1140421289299449e-06,2.5295961023079022e-05,-1.7370199355806026e-08,0.0,0.0,0.0,0.0
4.800000011920929,70,400.0,-1.0000000000000003e-05,2.0000000000000008e-05,-1.7642368136487017e-09,-982.41238343248426,-560.92315453165008,0.0,0.0
4.800000011920929,71,400.0,-1.0000000000000003e-05,2.0000000000000008e-05,7.5098005968907489e-10,-3461.4836188480272,-936.00193082579551,0.0,0.0
4.800000011920929,72,352.3811426547975,-4.9484673953134061e-06,2.415209031604631e-05,2.9449239400745141e-09,0.0,0.0,0.0,0.0
4.800000011920929,73,376.1879848840815,-9.6071857480102852e-06,2.1847056797597718e-05,-4.7160652726624376e-09,0.0,0.0,0.0,0.0
4.800000011920929,74,400.0,-1.0000000000000003e-05,2.0000000000000008e-05,6.7341314017148991e-09,-1479.5995173632186,-623.15623488038841,0.0,0.0
4.800000011920929,75,376.19057132739874,-7.3757157259423722e-06,2.2161398786365919e-05,7.4324839112667599e-11,0.0,0.0,0.0,0.0
4.800000011920929,76,352.37855621148026,-5.3660252780405089e-06,2.4660272753689756e-05,-8.1481527355223237e-09,0.0,0.0,0.0,0.0
4.800000011920929,77,400.0,-1.0000000000000003e-05,2.0000000000000008e-05,-2.8705935455022189e-40,383.11792430987487,60.743928614959003,1.5393013586598872,95.2356783900116
4.800000011920929,78,352.3881242561471,-1.7981737282219658e-06,2.5543435849257384e-05,5.3383382866054109e-38,0.0,0.0,2.6383823067525225,0.0
4.800000011920929,79,400.0,-1.0000000000000003e-05,2.0000000000000008e-05,-9.2569167476216975e-09,383.02588869446231,60.778287683343891,0.0,95.23567839001146
4.800000011920929,80,352.388124256147,-1.7933876476780446e-06,2.5541092176261251e-05,1.7886883111516426e-08,0.0,0.0,0.0,0.0
4.800000011920929,81,400.0,-1.0000000000000003e-05,2.0000000000000008e-05,5.8346854841945198e-40,-1853.3244453398615,-313.0984634765814,-1.6942519696091056,0.0
4.800000011920929,82,376.1940621280735,-5.3495279668979847e-06,2.1769312033674535e-05,-2.0793083584670115e-40,0.0,0.0,-4.2783004140878074,0.0
4.800000011920929,83,352.3846334554722,-4.2077075023529534e-06,2.4898601902838604e-05,-8.8140437262283718e-37,0.0,0.0,2.1163357851603828,0.0
4.800000011920929,84,400.0,-1.0000000000000003e-05,2.0000000000000008e-05,-1.3591504483422845e-09,-2188.5517772491507,-384.91801807892324,0.0,0.0
4.800000011920929,85,352.3881242561471,-1.8348459641681501e-06,2.5539354889382069e-05,6.0754270955510582e-09,0.0,0.0,0.0,0.0
4.800000011920929,86,400.0,-1.0000000000000003e-05,2.0000000000000008e-05,-7.4297335109269968e-09,-1853.5061986975402,-313.59633566408723,0.0,0.0
4.800000011920929,87,376.1940621280735,-5.3438166565411294e-06,2.1770686723585552e-05,-6.0714902015410658e-09,0.0,0.0,0.0,0.0
4.800000011920929,88,352.3846334554722,-4.2017389859380663e-06,2.4897131232560811e-05,1.5623473361914172e-08,0.0,0.0,0.0,0.0
4.899999976158142,1,300.0,-2.2778402725081624e-42,-2.4732529985662717e-42,-2.5036647646139183e-42,-286.79235681304857,-0.33630377487664276,-0.52000753887074236,-59.42547687454938
4.899999976158142,2,347.653760461936,-8.5286850819438469e-06,-6.2136847463358221e-06,1.5457606070489286e-08,0.0,0.0,0.0,0.0
4.899999976158142,3,347.585733084558,-5.560694990632963e-06,-5.1567299833535424e-06,3.0345037688387104e-08,0.0,0.0,0.0,0.0
4.899999976158142,4,300.0,3.6097940005961946e-34,7.3070830789976953e-35,4.4430281921571469e-37,-575.01644986863005,-127.9220854162902,-0.33274038711749643,-119.14964631114118
4.899999976158142,5,300.0,-2.668634070034396e-42,2.2763080617865747e-43,-1.998160653067465e-42,-286.86248179181433,-0.20911804850977203,0.17376595364485209,-59.42547687454926
4.899999976158142,6,347.65376046193614,-8.5433217037993209e-06,-6.2257082987732782e-06,-2.364932641466577e-08,0.0,0.0,0.0,0.0
4.899999976158142,7,347.5857330845581,-5.5666741921546597e-06,-5.1648697983970444e-06,-3.2874312093069969e-08,0.0,0.0,0.0,0.0
4.899999976158142,8,300.0,3.6091884186458482e-34,7.2968287476696019e-35,-3.9133307638758386e-37,-575.06943790773516,-127.82891358431311,-0.016621386598553889,-119.14964631114115
4.899999976158142,9,323.82688023096796,-4.948766490176277e-06,-1.8915144023597393e-06,-3.9955875383168814e-08,0.0,0.0,0.0,0.0
4.899999976158142,10,347.619746773247,-6.5320859582459604e-06,-5.7343462821788462e-06,5.0962201232052807e-08,0.0,0.0,0.0,0.0
4.899999976158142,11,323.792866542279,-2.9433561699314531e-06,-2.203803453054411e-06,-5.1429853627972232e-09,0.0,0.0,0.0,0.0
4.899999976158142,12,300.0,6.8246741695069407e-42,4.2335980003371981e-42,5.3217912765461753e-42,1352.8097259574831,125.69402923557926,0.66236979010341901,0.0
4.899999976158142,13,300.0,1.8944581994821399e-41,6.0332242408763541e-42,4.603864254754089e-44,1529.6693296942135,250.43499839180146,0.3336369070516722,0.0
4.899999976158142,14,347.65376046193603,-8.6373780539849905e-06,-6.3088394093490629e-06,-4.0501737040880993e-09,0.0,0.0,0.0,0.0
4.899999976158142,15,347.58573308455806,-5.6001169965584228e-06,-5.1372510782283217e-06,-1.257891057614898e-09,0.0,0.0,0.0,0.0
4.899999976158142,16,300.0,-1.5237297082733792e-33,-3.7629416366864689e-34,3.9153592285499577e-38,2230.0153018048513,465.07302163792411,0.48949806058917095,0.0
4.899999976158142,17,323.8268802309681,-4.9519164366747124e-06,-1.8937559389766548e-06,3.3030835440162421e-08,0.0,0.0,0.0,0.0
4.899999976158142,18,347.61974677324713,-6.5411743110401687e-06,-5.7447295571661758e-06,-5.6001256289536377e-08,0.0,0.0,0.0,0.0
4.899999976158142,19,323.79286654227906,-2.943916423137071e-06,-2.2061423290466449e-06,2.2720184013031574e-09,0.0,0.0,0.0,0.0
4.899999976158142,20,300.0,9.3886089208367341e-42,6.3382116456037537e-42,3.7742952664637965e-42,1352.6522310533371,125.89615546576964,0.34194604723852984,0.0
4.899999976158142,21,347.60665623505815,-4.8517313562452036e-06,-4.4112588695678375e-06,3.0494935827873263e-09,0.0,0.0,0.0,0.0
4.899999976158142,22,300.0,3.449079412596619e-34,1.2347436356708125e-34,4.3466553125360523e-37,-415.63125186971814,-231.78956888850604,-0.13705282088245352,-119.06898852879179
4.899999976158142,23,347.60665623505815,-4.8506804563517688e-06,-4.4159969647886632e-06,-2.9762653929448383e-09,0.0,0.0,0.0,0.0
4.899999976158142,24,300.0,3.4489835711081811e-34,1.2337390495314405e-34,-5.7100312759143217e-37,-415.62799620826075,-231.66037651116494,0.19625705771297908,-119.06898852879183
4.899999976158142,25,347.5961946598081,-5.0277318698479956e-06,-4.7395962304765598e-06,9.0540458504943993e-09,0.0,0.0,0.0,0.0
4.899999976158142,26,323.8033281175291,-2.462106637977387e-06,-2.3350481774597799e-06,6.7601031413746215e-10,0.0,0.0,0.0,0.0
4.899999976158142,27,300.0,3.0005490337122665e-42,8.0706099198394723e-42,3.2445590081815654e-42,925.76584346643187,360.6645685395232,0.29538796733236239,0.0
4.899999976158142,28,347.60665623505815,-4.8604882351082018e-06,-4.4270863068289289e-06,2.907690881113211e-11,0.0,0.0,0.0,0.0
4.899999976158142,29,300.0,-1.471634509194894e-33,-2.8597742501523297e-34,2.4453283921599576e-37,1643.8402550164897,554.4350291111798,-0.017358843379969707,0.0
4.899999976158142,30,347.59619465980813,-5.0306646148166818e-06,-4.7461497204619592e-06,-1.0059187653009282e-08,0.0,0.0,0.0,0.0
4.899999976158142,31,323.8033281175291,-2.4616134204524205e-06,-2.3363265876269687e-06,-9.1650994142307836e-11,0.0,0.0,0.0,0.0
4.899999976158142,32,300.0,1.1215070865620591e-41,1.4709715610292752e-41,6.5014332507787307e-42,925.61001409249627,360.8851669452979,-0.12595638794107142,0.0
4.899999976158142,33,347.6527063973086,-4.4941498028856779e-06,-5.1311264259574203e-06,-4.1665788987189586e-08,0.0,0.0,0.0,0.0
4.899999976158142,34,300.0,2.0278700974910955e-34,4.9268608721243942e-35,-4.472212141877421e-37,-249.01565111143691,-137.88655741761067,1.1192718993110253,-118.94300489335248
4.899999976158142,35,347.6527063973086,-4.4875248945087937e-06,-5.1309225006155746e-06,4.3880578897343434e-08,0.0,0.0,0.0,0.0
4.899999976158142,36,300.0,2.0270941024710805e-34,4.9234727435272852e-35,2.9404029106694731e-37,-249.03962417922196,-137.90186431769854,-0.93386207749822892,-118.9430048933524
4.899999976158142,37,347.62968131618334,-4.831529190001592e-06,-4.723070335856121e-06,-1.235488153183847e-08,0.0,0.0,0.0,0.0
4.899999976158142,38,323.82635319865426,-2.0410812287272836e-06,-2.2235808696427025e-06,1.2522117783065974e-08,0.0,0.0,0.0,0.0
4.899999976158142,39,300.0,-1.2257454480577742e-41,4.061541141498302e-42,-1.1840468551444468e-41,726.66604444467782,375.46245960448636,-0.6335057778539015,0.0
4.899999976158142,40,347.6527063973086,-4.4116526781166527e-06,-5.0963094886024441e-06,1.0860703198227244e-09,0.0,0.0,0.0,0.0
4.899999976158142,41,300.0,-9.7762125732499318e-34,-8.3785035627946713e-35,2.2706864601062929e-37,1099.0920142852287,467.97549386300642,-0.3272611143034907,0.0
4.899999976158142,42,347.62968131618334,-4.8268537473593363e-06,-4.7252027800783518e-06,1.3708869407110402e-08,0.0,0.0,0.0,0.0
4.899999976158142,43,323.82635319865426,-2.0401383423934884e-06,-2.2244068914170104e-06,-9.9807753885653295e-09,0.0,0.0,0.0,0.0
4.899999976158142,44,300.0,3.1176272235787266e-41,3.3406344014671859e-41,2.2286065458083809e-42,726.80966647968978,375.5990638742868,0.3382462669700716,0.0
4.899999976158142,45,347.60815123159784,-1.4240382726725748e-06,-6.2097429008999482e-06,-5.5579834119345492e-09,0.0,0.0,0.0,0.0
4.899999976158142,46,300.0,-2.7679630364503714e-41,-8.8078892200504361e-41,8.8926703908108671e-41,-122.08554326722179,-0.026061092853380166,-0.32751643573226086,-59.60301230139466
4.899999976158142,47,347.6081512315979,-1.4181800984937593e-06,-6.2070987545615402e-06,8.4453501678689628e-09,0.0,0.0,0.0,0.0
4.899999976158142,48,300.0,-2.1124018895026407e-41,-7.1373117642832626e-41,-6.9109991518682203e-41,-122.10602053023679,-0.063013663235710074,0.3791798378351422,-59.60301230139464
4.899999976158142,49,347.63042881445324,-3.5068100537714323e-06,-5.7168926756913475e-06,-3.6886267395176517e-08,0.0,0.0,0.0,0.0
4.899999976158142,50,323.8040756157989,-4.1958912152718304e-08,-1.9018193896550365e-06,9.411816348243441e-09,0.0,0.0,0.0,0.0
4.899999976158142,51,300.0,-8.6627946956584178e-41,-1.1908857899991835e-41,1.9646617794114975e-41,303.01825789351506,130.1955982828668,-0.070904670242946444,0.0
4.899999976158142,52,347.60815123159784,-1.4084296187327043e-06,-6.2433907656552084e-06,1.4193666011482582e-09,0.0,0.0,0.0,0.0
4.899999976158142,53,300.0,6.9037724662587438e-41,1.980204467950049e-40,-6.0329329583912773e-41,128.62792267077924,258.2288895927602,-0.28900681727197397,0.0
4.899999976158142,54,347.63042881445324,-3.5001189069547513e-06,-5.7151937160729918e-06,3.9792980265125532e-08,0.0,0.0,0.0,0.0
4.899999976158142,55,323.804075615799,-4.1501986991907661e-08,-1.9023851862145903e-06,-6.5566179596510705e-09,0.0,0.0,0.0,0.0
4.899999976158142,56,300.0,-1.7370194308410087e-41,-8.391939788972249e-42,-8.4374895133364038e-41,303.17154147233782,130.22501777011584,-0.30588268703656885,0.0
4.899999976158142,57,352.3759697681633,-8.3747951637210192e-06,2.0650928816757092e-05,8.1785430670303436e-38,0.0,0.0,-6.45620782510656,0.0
4.899999976158142,58,400.0,-1.0000000000000003e-05,1.5000000000000007e-05,1.8236768849176778e-41,486.04570723713249,180.78766999445875,-2.4168187238492123,142.86332552649125
4.899999976158142,59,400.0,-1.0000000000000003e-05,1.5000000000000007e-05,-8.8569624915386707e-37,802.5418216423393,250.00802332873607,-0.857627004057956,238.09112499272635
4.899999976158142,60,352.38114265479743,-4.9481695230582572e-06,1.9337290624949292e-05,-1.7681518979423739e-36,0.0,0.0,0.37699259307337829,0.0
4.899999976158142,61,352.3759697681631,-8.3886551965971366e-06,2.0647637385632088e-05,-4.7421698622064718e-08,0.0,0.0,0.0,0.0
4.899999976158142,62,400.0,-1.0000000000000003e-05,1.5000000000000007e-05,9.0305949423528582e-09,485.78770041620942,180.89486019804608,0.0,142.86332552649142
4.899999976158142,63,400.0,-1.0000000000000003e-05,1.5000000000000007e-05,-2.2868904957315378e-09,802.44087325597343,249.52176554547975,0.0,238.09112499272675
4.899999976158142,64,352.38114265479743,-4.9438412347905107e-06,1.9336219182860554e-05,1.3202019216277696e-08,0.0,0.0,0.0,0.0
4.899999976158142,65,376.18798488408163,-9.7304952535543059e-06,1.6963255245455689e-05,-3.1780390178465888e-41,0.0,0.0,6.2879243946300836,0.0
4.899999976158142,66,400.0,-1.0000000000000003e-05,1.5000000000000007e-05,-5.375880478081508e-41,-1447.4966450136576,-663.53594991420653,2.8262438139095138,0.0
4.899999976158142,67,376.19057132739874,-7.3798996224298226e-06,1.729546063415385e-05,2.2736719028436093e-36,0.0,0.0,-0.51747153132199952,0.0
4.899999976158142,68,352.3785562114804,-5.3587945292979398e-06,1.9923270875934983e-05,7.6225672347900437e-37,0.0,0.0,-0.46996503258109312,0.0
4.899999976158142,69,352.3759697681632,-8.3193929325113704e-06,2.0669863940101657e-05,-1.6478785183802175e-08,0.0,0.0,0.0,0.0
4.899999976158142,70,400.0,-1.0000000000000003e-05,1.5000000000000007e-05,-1.2921532682624389e-09,-927.06631352510647,-594.53902769784338,0.0,0.0
4.899999976158142,71,400.0,-1.0000000000000003e-05,1.5000000000000007e-05,7.234602805039659e-10,-3468.6409511461593,-980.20709634645118,0.0,0.0
4.899999976158142,72,352.38114265479743,-4.963129250304283e-06,1.9333547643555751e-05,3.6068780781173473e-09,0.0,0.0,0.0,0.0
4.899999976158142,73,376.1879848840815,-9.741546152710456e-06,1.6956081176204059e-05,-1.5140445861853626e-09,0.0,0.0,0.0,0.0
4.899999976158142,74,400.0,-1.0000000000000003e-05,1.5000000000000007e-05,6.9897885030882015e-09,-1446.6300817047827,-663.68266959201833,0.0,0.0
4.899999976158142,75,376.19057132739874,-7.3771558962675493e-06,1.7295918090458864e-05,3.2603357134016157e-10,0.0,0.0,0.0,0.0
4.899999976158142,76,352.37855621148026,-5.3637625454547137e-06,1.9920904375446743e-05,-1.1357896314526436e-08,0.0,0.0,0.0,0.0
4.899999976158142,77,400.0,-1.0000000000000003e-05,1.5000000000000007e-05,-1.2846724991163686e-40,389.69763028979094,61.915529167181887,1.2849533386835283,95.2356783900115
4.899999976158142,78,352.388124256147,-1.5566703554582372e-06,2.1000508691346765e-05,3.3507836649311249e-38,0.0,0.0,1.9295001554057305,0.0
4.899999976158142,79,400.0,-1.0000000000000003e-05,1.5000000000000007e-05,-1.029145769077993e-08,389.49538377722411,61.894475507034912,0.0,95.2356783900116
4.899999976158142,80,352.3881242561471,-1.5507108011242508e-06,2.1000996192186192e-05,1.550160909012007e-08,0.0,0.0,0.0,0.0
4.899999976158142,81,400.0,-1.0000000000000003e-05,1.5000000000000007e-05,1.346391871109423e-40,-1889.9088886854602,-327.91900607379779,-1.0705068079645295,0.0
4.899999976158142,82,376.1940621280735,-5.1986438493703497e-06,1.686561810703503e-05,3.3194532803727025e-40,0.0,0.0,-4.7614289593154622,0.0
4.899999976158142,83,352.3846334554722,-4.1861005459532231e-06,2.0221873793509826e-05,-7.0537919741666427e-37,0.0,0.0,3.5525287454283512,0.0
4.899999976158142,84,400.0,-1.0000000000000003e-05,1.5000000000000007e-05,-1.8014375929530982e-09,-2236.6917948560108,-411.76094861251738,0.0,0.0
4.899999976158142,85,352.3881242561471,-1.5954214331161847e-06,2.0987534711219232e-05,5.2796106845171484e-09,0.0,0.0,0.0,0.0
4.899999976158142,86,400.0,-1.0000000000000003e-05,1.5000000000000007e-05,-7.8113774333966521e-09,-1890.0757764717009,-328.52325510364204,0.0,0.0
4.899999976158142,87,376.19406212807354,-5.1919470403299165e-06,1.6869332802127142e-05,-8.746538850809325e-09,0.0,0.0,0.0,0.0
4.899999976158142,88,352.3846334554722,-4.1789957767534977e-06,2.0221793891595589e-05,1.876402006218783e-08,0.0,0.0,0.0,0.0
5.0,1,300.0,1.2084644400153061e-41,-2.1538317425248892e-40,-1.8273354946412107e-40,-286.8066267405556,-0.33092063099855279,-0.50994657835747836,-59.42547687454937
5.0,2,347.65376046193603,-8.5282833788300912e-06,-6.2149659169099533e-06,1.8463583295645867e-08,0.0,0.0,0.0,0.0
5.0,3,347.58573308455806,-5.560190451414487e-06,-5.1572374849266146e-06,3.1891279084165082e-08,0.0,0.0,0.0,0.0
5.0,4,300.0,3.6096603142804809e-34,7.3068375086561425e-35,4.5955365776592476e-37,-575.03168468066997,-127.92583332062466,-0.31429355986852558,-119.149646311141
5.0,5,300.0,1.2939351720531147e-40,-3.7825171956317181e-40,4.2923917466134425e-40,-286.85810293822379,-0.22552946080931446,0.19720944232631282,-59.42547687454934
5.0,6,347.65376046193603,-8.543608093867689e-06,-6.2254471092221761e-06,-2.2499275985125493e-08,0.0,0.0,0.0,0.0
5.0,7,347.58573308455806,-5.5669122256135625e-06,-5.1642191237887237e-06,-3.2044070606753306e-08,0.0,0.0,0.0,0.0
5.0,8,300.0,3.6091456622800973e-34,7.2981701316824469e-35,-3.8923771888938197e-37,-575.03302140422295,-127.85007628636254,0.012270302652565179,-119.14964631114103
5.0,9,323.826880230968,-4.9483215485579994e-06,-1.8920958550223398e-06,-3.8948581066071067e-08,0.0,0.0,0.0,0.0
5.0,10,347.619746773247,-6.5314827048987147e-06,-5.7352420985736494e-06,5.3065476492379364e-08,0.0,0.0,0.0,0.0
5.0,11,323.79286654227906,-2.94292378730599e-06,-2.2042141547586589e-06,-4.7284550810366509e-09,0.0,0.0,0.0,0.0
5.0,12,300.0,-3.3349468768810816e-40,1.5251328558038345e-40,-7.2372900822381063e-40,1352.7417907025094,125.71414509205752,0.57668197863238657,0.0
5.0,13,300.0,-2.7612674719627107e-40,7.1931708801867727e-40,-5.6045885683069413e-40,1529.6695582227374,250.45327647179809,0.24501908694817806,0.0
5.0,14,347.65376046193603,-8.6374617664564325e-06,-6.3086515370748423e-06,-1.9873791115869044e-09,0.0,0.0,0.0,0.0
5.0,15,347.58573308455806,-5.600155222191879e-06,-5.1372744025652641e-06,-7.1515286341040681e-11,0.0,0.0,0.0,0.0
5.0,16,300.0,-1.5237212609730142e-33,-3.7630021070418187e-34,7.0555395629826434e-38,2229.991796569796,465.085845395207,0.38960387054579804,0.0
5.0,17,323.826880230968,-4.9522846257794893e-06,-1.8936231796122975e-06,3.3779035647501825e-08,0.0,0.0,0.0,0.0
5.0,18,347.619746773247,-6.5415413232084421e-06,-5.744269484793819e-06,-5.4790356532036929e-08,0.0,0.0,0.0,0.0
5.0,19,323.79286654227906,-2.9442378611618457e-06,-2.2056864412004471e-06,2.7938621630848103e-09,0.0,0.0,0.0,0.0
5.0,20,300.0,6.3464927215690838e-40,-1.7230050248788255e-40,-3.6912997279882946e-40,1352.7391201326072,125.87663917251736,0.27918583787615647,0.0
5.0,21,347.60665623505815,-4.8516003945702495e-06,-4.4118605689354964e-06,3.2871735142075911e-09,0.0,0.0,0.0,0.0
5.0,22,300.0,3.4489364361553709e-34,1.2347951659252175e-34,4.6700356094411323e-37,-415.62898543724685,-231.79486788382485,-0.14455202720788185,-119.06898852879188
5.0,23,347.6066562350581,-4.8506619606130054e-06,-4.4156281065160639e-06,-2.9967853836781281e-09,0.0,0.0,0.0,0.0
5.0,24,300.0,3.4492261086979587e-34,1.2339118391931777e-34,-5.5487021999619833e-37,-415.62041550899283,-231.68653495465298,0.20307218908728386,-119.06898852879209
5.0,25,347.59619465980813,-5.0274228140562585e-06,-4.7401601205399125e-06,1.0012853045934277e-08,0.0,0.0,0.0,0.0
5.0,26,323.8033281175291,-2.4620073087571866e-06,-2.3355294854558702e-06,6.9518483183373904e-10,0.0,0.0,0.0,0.0
5.0,27,300.0,-2.3054642121963952e-40,2.4872402844988289e-40,-1.547506386627087e-40,925.72629274672158,360.69272347568705,0.27274419164606234,0.0
5.0,28,347.60665623505815,-4.860561153076884e-06,-4.4270631457954359e-06,1.4005210008926385e-10,0.0,0.0,0.0,0.0
5.0,29,300.0,-1.4716385682229267e-33,-2.8600399262855573e-34,2.3350445309694704e-37,1643.8353688158584,554.4731928390986,-0.022890715429586733,0.0
5.0,30,347.5961946598081,-5.0308029772239278e-06,-4.745633298671068e-06,-9.7050577498211744e-09,0.0,0.0,0.0,0.0
5.0,31,323.8033281175291,-2.461617060480027e-06,-2.3359380223457106e-06,-4.9719579463575784e-11,0.0,0.0,0.0,0.0
5.0,32,300.0,8.4016365305325238e-41,-1.9148317320756043e-40,-3.887285776037482e-41,925.63764571844195,360.85836967545481,-0.14492766046348632,0.0
5.0,33,347.65270639730863,-4.4946726482963203e-06,-5.1316454418057699e-06,-4.3300155835161228e-08,0.0,0.0,0.0,0.0
5.0,34,300.0,2.027666260319701e-34,4.9258874067219699e-35,-4.3034176598316244e-37,-249.01721189752075,-137.88441842446613,1.1235264226149884,-118.94300489335222
5.0,35,347.6527063973086,-4.4875711133707545e-06,-5.1306989962368804e-06,4.3605012638564073e-08,0.0,0.0,0.0,0.0
5.0,36,300.0,2.0273807693848221e-34,4.9229694749970882e-35,3.2698466055385617e-37,-249.07381532878304,-137.91502515707299,-0.9692964168184911,-118.94300489335212
5.0,37,347.6296813161834,-4.8317224179123546e-06,-4.7236349105539331e-06,-1.3059306147762029e-08,0.0,0.0,0.0,0.0
5.0,38,323.8263531986543,-2.0415076481785838e-06,-2.2240363625692877e-06,1.2203423758430882e-08,0.0,0.0,0.0,0.0
5.0,39,300.0,3.2443731425185704e-40,1.9489949534894451e-40,2.461575256892503e-40,726.6897415118201,375.48631003808663,-0.61328287589002017,0.0
5.0,40,347.65270639730863,-4.4114808973128665e-06,-5.0962343502069275e-06,1.3658094007149323e-10,0.0,0.0,0.0,0.0
5.0,41,300.0,-9.776357417146456e-34,-8.3769633020315828e-35,1.7947188385793562e-37,1099.1246089131232,467.98448005065717,-0.247090160992261,0.0
5.0,42,347.62968131618334,-4.8268437862197012e-06,-4.724900327228019e-06,1.3521863068933046e-08,0.0,0.0,0.0,0.0
5.0,43,323.82635319865426,-2.0400110023509243e-06,-2.2241114593560335e-06,-1.038757736568351e-08,0.0,0.0,0.0,0.0
5.0,44,300.0,-2.0526802031343968e-40,-1.4752672328211915e-40,2.0979082172770065e-40,726.79544964028798,375.57551811012559,0.35254304938099174,0.0
5.0,45,347.60815123159784,-1.4244085323736454e-06,-6.2096178197082053e-06,-7.1950270536450214e-09,0.0,0.0,0.0,0.0
5.0,46,300.0,6.3988089386073793e-41,-6.4265467976960962e-41,8.6525617218480246e-41,-122.08187565837316,-0.011219366459770369,-0.33680133222762199,-59.60301230139476
5.0,47,347.60815123159784,-1.4177336158149658e-06,-6.2062286999743505e-06,6.8797996886615674e-09,0.0,0.0,0.0,0.0
5.0,48,300.0,-6.1485822215617581e-41,-1.5773951726555538e-40,-2.1831611362342391e-40,-122.11025483289566,-0.060464707557104848,0.37262483186160167,-59.60301230139471
5.0,49,347.63042881445324,-3.5073432379934018e-06,-5.7170751976100827e-06,-3.8805223852103999e-08,0.0,0.0,0.0,0.0
5.0,50,323.8040756157989,-4.2301502166218917e-08,-1.9018646239227937e-06,8.9145649607414219e-09,0.0,0.0,0.0,0.0
5.0,51,300.0,5.2580002127678859e-40,1.3710009222889847e-40,6.118552580939994e-40,303.07511730197604,130.2114657551999,-0.011072004784027076,0.0
5.0,52,347.60815123159784,-1.4084476798466194e-06,-6.2436572519071529e-06,-1.7388669423375713e-10,0.0,0.0,0.0,0.0
5.0,53,300.0,9.0912917344726346e-41,2.7556365475302101e-40,6.5166812388183587e-40,128.63406332245387,258.21300975411145,-0.21507193829199153,0.0
5.0,54,347.63042881445324,-3.4998577917043249e-06,-5.7146640648549999e-06,3.9075798489400073e-08,0.0,0.0,0.0,0.0
5.0,55,323.8040756157989,-4.1108591348757398e-08,-1.9018363733627165e-06,-7.3908155368995549e-09,0.0,0.0,0.0,0.0
5.0,56,300.0,-7.4958992014441943e-40,-1.823838801544746e-40,2.8022510589984283e-40,303.102814582924,130.20797009401491,-0.26489282497282518,0.0
5.0,57,352.3759697681632,-8.3743070451165268e-06,1.5651173115693458e-05,5.0162991316740386e-38,0.0,0.0,-6.3075370895116061,0.0
5.0,58,400.0,-1.0000000000000001e-05,1.0000000000000008e-05,4.6551570756367781e-40,486.03783438538602,180.79140399228305,-2.4109368447212107,142.86332552649125
5.0,59,400.0,-1.0000000000000001e-05,1.0000000000000008e-05,-8.8903181657981261e-37,802.54141005273164,250.0074225207791,-0.85894659972669996,238.09112499272612
5.0,60,352.38114265479743,-4.9482929998478125e-06,1.4337223831183065e-05,-1.6935763084593127e-36,0.0,0.0,0.33665309759125439,0.0
5.0,61,352.3759697681632,-8.389024790989315e-06,1.5647458566012542e-05,-4.7923634349163209e-08,0.0,0.0,0.0,0.0
5.0,62,400.0,-1.0000000000000001e-05,1.0000000000000008e-05,8.8389480653190092e-09,485.80399736327831,180.90418452213208,0.0,142.86332552649154
5.0,63,400.0,-1.0000000000000001e-05,1.0000000000000008e-05,-2.2529242198402151e-09,802.43646918676609,249.51995973842978,0.0,238.09112499272663
5.0,64,352.38114265479743,-4.9437938889441748e-06,1.4336224270197055e-05,1.3195890755445767e-08,0.0,0.0,0.0,0.0
5.0,65,376.18798488408163,-9.7302971006100796e-06,1.1963339647212557e-05,-9.8231826464010888e-40,0.0,0.0,6.3043061394184168,0.0
5.0,66,400.0,-1.0000000000000001e-05,1.0000000000000008e-05,-3.848699920409141e-40,-1447.5202351848147,-663.54291158407068,2.8292819113090895,0.0
5.0,67,376.19057132739874,-7.3799513108701377e-06,1.2295538554177862e-05,2.2776103026657504e-36,0.0,0.0,-0.52131052943327827,0.0
5.0,68,352.3785562114803,-5.3584591527146778e-06,1.4923369875170937e-05,5.5009912832829222e-37,0.0,0.0,-0.22513823166549995,0.0
5.0,69,352.3759697681632,-8.3194268898848334e-06,1.5669858692316175e-05,-1.7097714730765086e-08,0.0,0.0,0.0,0.0
5.0,70,400.0,-1.0000000000000001e-05,1.0000000000000008e-05,-1.2225975301862993e-09,-927.07436665927162,-594.55228408969788,0.0,0.0
5.0,71,400.0,-1.0000000000000001e-05,1.0000000000000008e-05,7.0787659346841799e-10,-3468.6355927968361,-980.20469841644103,0.0,0.0
5.0,72,352.38114265479743,-4.9631129749964621e-06,1.4333566295881925e-05,3.6848849072865725e-09,0.0,0.0,0.0,0.0
5.0,73,376.1879848840816,-9.7416866281636743e-06,1.1956025763559074e-05,-1.5638878439840207e-09,0.0,0.0,0.0,0.0
5.0,74,400.0,-1.0000000000000001e-05,1.0000000000000008e-05,6.9236782890494858e-09,-1446.6052650128102,-663.67726500979711,0.0,0.0
5.0,75,376.19057132739874,-7.3771412815600279e-06,1.2295812677789967e-05,3.3260434704156678e-10,0.0,0.0,0.0,0.0
5.0,76,352.3785562114803,-5.3640696657212269e-06,1.492080682122299e-05,-1.1614402396380057e-08,0.0,0.0,0.0,0.0
5.0,77,400.0,-1.0000000000000001e-05,1.0000000000000008e-05,-1.8721570559227028e-40,389.69890247719559,61.910700736141692,1.2815028960487884,95.23567839001159
5.0,78,352.3881242561471,-1.5571267204832181e-06,1.6000436064834093e-05,2.7574435092029381e-38,0.0,0.0,1.8754627911390895,0.0
5.0,79,400.0,-1.0000000000000001e-05,1.0000000000000008e-05,-1.0086282607088207e-08,389.49195213081742,61.893294147954435,0.0,95.23567839001151
5.0,80,352.3881242561471,-1.5502942197013499e-06,1.6000961128536919e-05,1.5961189152618801e-08,0.0,0.0,0.0,0.0
5.0,81,400.0,-1.0000000000000001e-05,1.0000000000000008e-05,1.8056532376914169e-40,-1889.8919856372288,-327.92092988877573,-1.0818808847006158,0.0
5.0,82,376.1940621280735,-5.1988301185576156e-06,1.1865653397809039e-05,3.1471887652333514e-40,0.0,0.0,-4.7614661763328234,0.0
5.0,83,352.3846334554722,-4.1864365977113535e-06,1.5221797172394487e-05,-5.0291236990640762e-37,0.0,0.0,3.3096464113718231,0.0
5.0,84,400.0,-1.0000000000000001e-05,1.0000000000000008e-05,-1.8232147687282416e-09,-2236.6892484452583,-411.75533101753729,0.0,0.0
5.0,85,352.3881242561471,-1.5953992216612729e-06,1.598757842039497e-05,5.7759129479469082e-09,0.0,0.0,0.0,0.0
5.0,86,400.0,-1.0000000000000001e-05,1.0000000000000008e-05,-7.7175996898902447e-09,-1890.09524561373,-328.52160138258876,0.0,0.0
5.0,87,376.19406212807354,-5.1917807653679956e-06,1.1869233977385855e-05,-8.6992429675416118e-09,0.0,0.0,0.0,0.0
5.0,88,352.3846334554722,-4.1787270081592897e-06,1.5221785731133808e-05,1.9001608937986112e-08,0.0,0.0,0.0,0.0
5.100000001490116,1,300.0,-4.1550714764698199e-39,1.5119444075915159e-39,3.1671929032580577e-39,-286.8195629882365,-0.32599353834976091,-0.50105465903492852,-59.42547687454945
5.100000001490116,2,347.653760461936,-8.5279496301167905e-06,-6.2160041935005301e-06,2.0916378305778644e-08,0.0,0.0,0.0,0.0
5.100000001490116,3,347.58573308455806,-5.5597718466270139e-06,-5.1576611162728883e-06,3.316926962509765e-08,0.0,0.0,0.0,0.0
5.100000001490116,4,300.0,3.6094696450874008e-34,7.3063684897495644e-35,4.8333022893832362e-37,-575.04661608366814,-127.9278712013878,-0.29846088033273827,-119.14964631114094
5.100000001490116,5,300.0,2.2225689913402304e-39,-6.4683522060210145e-39,9.249591067995796e-39,-286.85505014983306,-0.23875117143025729,0.21608542146057513,-59.425476874549325
5.100000001490116,6,347.6537604619361,-8.5438846301264739e-06,-6.225206919308566e-06,-2.144511734976986e-08,0.0,0.0,0.0,0.0
5.100000001490116,7,347.58573308455806,-5.5671378879775153e-06,-5.1636786814103759e-06,-3.1295032806004941e-08,0.0,0.0,0.0,0.0
5.100000001490116,8,300.0,3.6092346303640614e-34,7.2989866813525187e-35,-3.7583209415139689e-37,-575.00388315265047,-127.86678316977003,0.036007717710625775,-119.14964631114105
5.100000001490116,9,323.82688023096796,-4.9479504650903683e-06,-1.8925701422887415e-06,-3.8103675385961303e-08,0.0,0.0,0.0,0.0
5.100000001490116,10,347.619746773247,-6.5309824397720241e-06,-5.7359738437857093e-06,5.4796545483257001e-08,0.0,0.0,0.0,0.0
5.100000001490116,11,323.79286654227906,-2.9425619797297035e-06,-2.204558722863124e-06,-4.3709757916190909e-09,0.0,0.0,0.0,0.0
5.100000001490116,12,300.0,-2.326965378210942e-38,7.2989624339948355e-39,-3.1850413519272891e-38,1352.6834165367761,125.73096938723974,0.50572785900437767,0.0
5.100000001490116,13,300.0,-1.9327674929364885e-39,7.8942163584022816e-39,-3.2053342838738284e-38,1529.6716358340091,250.46726208297019,0.17071710165982149,0.0
5.100000001490116,14,347.65376046193603,-8.6375185468392759e-06,-6.3085031402829223e-06,-2.4534709045708455e-10,0.0,0.0,0.0,0.0
5.100000001490116,15,347.58573308455806,-5.6001807075621239e-06,-5.1372920419320939e-06,9.4047973870972555e-10,0.0,0.0,0.0,0.0
5.100000001490116,16,300.0,-1.523722634483368e-33,-3.7630235647730403e-34,7.385187831429377e-38,2229.9756946279058,465.09493630131738,0.30522030391742061,0.0
5.100000001490116,17,323.8268802309681,-4.9526115910140269e-06,-1.8934998869996265e-06,3.441198920960231e-08,0.0,0.0,0.0,0.0
5.100000001490116,18,347.6197467732471,-6.541880639227811e-06,-5.7438761988927605e-06,-5.3713465419289334e-08,0.0,0.0,0.0,0.0
5.100000001490116,19,323.79286654227906,-2.9445209057233401e-06,-2.205304654292838e-06,3.2314942354219092e-09,0.0,0.0,0.0,0.0
5.100000001490116,20,300.0,3.0919288394892324e-38,-7.0554316257982691e-39,-2.1823143500626159e-38,1352.8123708725213,125.86027179698544,0.22572634175073047,0.0
5.100000001490116,21,347.60665623505815,-4.851492618872694e-06,-4.4123558388659857e-06,3.489460410641867e-09,0.0,0.0,0.0,0.0
5.100000001490116,22,300.0,3.4487830763404185e-34,1.2348243122186022e-34,5.0182479782922555e-37,-415.62788635708398,-231.79787214872167,-0.15011680499372998,-119.06898852879178
5.100000001490116,23,347.6066562350581,-4.8506571653176953e-06,-4.4153095605953869e-06,-2.9902486193292365e-09,0.0,0.0,0.0,0.0
5.100000001490116,24,300.0,3.4495420252396715e-34,1.2340118921011081e-34,-5.330086176176166e-37,-415.61423434476006,-231.7069665977063,0.20846322328136069,-119.068988528792
5.100000001490116,25,347.59619465980813,-5.0271654555922756e-06,-4.7406273448760591e-06,1.0806147119719939e-08,0.0,0.0,0.0,0.0
5.100000001490116,26,323.8033281175291,-2.461923806875629e-06,-2.3359309027132395e-06,7.1775965351900634e-10,0.0,0.0,0.0,0.0
5.100000001490116,27,300.0,-1.3881255292754697e-38,1.0243601010894647e-38,-8.0216658906667949e-39,925.69269290928275,360.71618625524997,0.25358712594915389,0.0
5.100000001490116,28,347.60665623505815,-4.8606175924571648e-06,-4.4270457168368774e-06,2.4629412396246979e-10,0.0,0.0,0.0,0.0
5.100000001490116,29,300.0,-1.4716458856088849e-33,-2.8601917664191165e-34,2.1965486924162375e-37,1643.8320112355061,554.50197435908012,-0.028560622439303657,0.0
5.100000001490116,30,347.5961946598081,-5.0309374024714809e-06,-4.7451981747642891e-06,-9.3652226596865204e-09,0.0,0.0,0.0,0.0
5.100000001490116,31,323.8033281175291,-2.4616276249400563e-06,-2.3356059195171429e-06,-1.0519759583729696e-11,0.0,0.0,0.0,0.0
5.100000001490116,32,300.0,9.087714297305105e-39,-9.6713492008439845e-39,-6.3039245233057957e-39,925.6617074522394,360.83581817569751,-0.16139380343108961,0.0
5.100000001490116,33,347.6527063973086,-4.4950918152157275e-06,-5.1320731988359393e-06,-4.4612930061661624e-08,0.0,0.0,0.0,0.0
5.100000001490116,34,300.0,2.0274008484217646e-34,4.9247117798470883e-35,-4.0754174715842884e-37,-249.01681810895306,-137.88183750214648,1.1259244371066943,-118.9430048933524
5.100000001490116,35,347.6527063973086,-4.4875829478404059e-06,-5.1304972263995176e-06,4.3324083450282147e-08,0.0,0.0,0.0,0.0
5.100000001490116,36,300.0,2.0275805425796332e-34,4.9218261903820764e-35,3.5183500105236741e-37,-249.10047663344983,-137.92534835862352,-0.99727814932065728,-118.94300489335217
5.100000001490116,37,347.62968131618334,-4.8318767195803872e-06,-4.7241003425906276e-06,-1.3620080485790683e-08,0.0,0.0,0.0,0.0
5.100000001490116,38,323.82635319865426,-2.0418529340622099e-06,-2.2244154939453396e-06,1.1935207950626525e-08,0.0,0.0,0.0,0.0
5.100000001490116,39,300.0,9.2456148464117612e-39,8.5511875161992863e-39,8.055911129743874e-39,726.70894514186011,375.50629509627817,-0.59708248105805484,0.0
5.100000001490116,40,347.6527063973086,-4.4113499503725409e-06,-5.0961753030085469e-06,-6.5563995044634305e-10,0.0,0.0,0.0,0.0
5.100000001490116,41,300.0,-9.7763767812481919e-34,-8.3746465256046787e-35,1.511734183930202e-37,1099.1484497442361,467.99052825248305,-0.18051780720151794,0.0
5.100000001490116,42,347.62968131618334,-4.8268273485194258e-06,-4.7246346388266238e-06,1.3352927803681957e-08,0.0,0.0,0.0,0.0
5.100000001490116,43,323.82635319865426,-2.0398927707239726e-06,-2.2238553087577918e-06,-1.0720650441953507e-08,0.0,0.0,0.0,0.0
5.100000001490116,44,300.0,-5.4824043398320038e-39,-8.4410249083835837e-39,5.3654897528973286e-39,726.78390001507694,375.55563336627353,0.36432512227400654,0.0
5.100000001490116,45,347.6081512315978,-1.42471473171399e-06,-6.2095451222860816e-06,-8.5470137680475993e-09,0.0,0.0,0.0,0.0
5.100000001490116,46,300.0,5.8653444064212374e-40,5.6132333724928033e-39,-3.4435122630138911e-39,-122.07808221122279,0.00096927740906516124,-0.3444899028349892,-59.6030123013947
5.100000001490116,47,347.6081512315979,-1.41734447898491e-06,-6.2055197958080102e-06,5.5447882382061421e-09,0.0,0.0,0.0,0.0
5.100000001490116,48,300.0,-2.4383310959104594e-39,1.3712247982285164e-39,-2.5671634735698387e-39,-122.11290974250474,-0.058775570466189087,0.36733881432090892,-59.60301230139464
5.100000001490116,49,347.6304288144532,-3.5077792832456137e-06,-5.7172406900535385e-06,-4.0361284048796256e-08,0.0,0.0,0.0,0.0
5.100000001490116,50,323.80407561579887,-4.2584595641517959e-08,-1.9019182059354469e-06,8.4868136230582472e-09,0.0,0.0,0.0,0.0
5.100000001490116,51,300.0,2.0533665573921226e-38,5.6039622801333415e-39,2.2611042492404434e-38,303.12290084647202,130.22488509784779,0.03808937879089163,0.0
5.100000001490116,52,347.60815123159784,-1.4084683078081745e-06,-6.2438651262506442e-06,-1.5113548151289608e-09,0.0,0.0,0.0,0.0
5.100000001490116,53,300.0,4.0026619297533849e-39,-6.4191254622432577e-39,2.7051779790513607e-38,128.6375453789781,258.20032299790569,-0.15341749973871505,0.0
5.100000001490116,54,347.63042881445324,-3.4996162911721508e-06,-5.7142229072763348e-06,3.8424013758080817e-08,0.0,0.0,0.0,0.0
5.100000001490116,55,323.804075615799,-4.0774321466404099e-08,-1.9013873974841357e-06,-8.0772495043476864e-09,0.0,0.0,0.0,0.0
5.100000001490116,56,300.0,-2.5206734825944361e-38,-6.0163903621042855e-39,1.4431988791175743e-38,303.04565356936428,130.19352022484432,-0.23016009146299607,0.0
5.100000001490116,57,352.37596976816326,-8.3739020607643717e-06,9.651371669068365e-06,6.9468906937372531e-38,0.0,0.0,-6.1897611536289601,0.0
5.100000001490116,58,400.0,-1.0000000000000001e-05,3.9999999999999998e-06,5.4659563416160743e-39,486.03003094086256,180.79380719988637,-2.4093321357450654,142.86332552649117
5.100000001490116,59,400.0,-1.0000000000000001e-05,3.9999999999999998e-06,-8.9361306571896639e-37,802.5410555066627,250.00601986585656,-0.86050744658214995,238.09112499272612
5.100000001490116,60,352.38114265479743,-4.9483918058780171e-06,8.3371681542425122e-06,-1.6220652340894411e-36,0.0,0.0,0.30434747201014128,0.0
5.100000001490116,61,352.3759697681632,-8.3893708960287711e-06,9.6473046044159509e-06,-4.8417141825389454e-08,0.0,0.0,0.0,0.0
5.100000001490116,62,400.0,-1.0000000000000001e-05,3.9999999999999998e-06,8.6771349305856456e-09,485.81654035118868,180.9115419921178,0.0,142.86332552649137
5.100000001490116,63,400.0,-1.0000000000000001e-05,3.9999999999999998e-06,-2.2257260355512705e-09,802.43301590315366,249.51764172804764,0.0,238.09112499272663
5.100000001490116,64,352.3811426547975,-4.9437509840944824e-06,8.3362163485825286e-06,1.3202750478827742e-08,0.0,0.0,0.0,0.0
5.100000001490116,65,376.18798488408163,-9.7301298660519908e-06,5.9634112358045218e-06,-3.7223557971990539e-39,0.0,0.0,6.3276276694109201,0.0
5.100000001490116,66,400.0,-1.0000000000000001e-05,3.9999999999999998e-06,-1.67692672236965e-39,-1447.5413119833574,-663.54894494495522,2.8345812633864593,0.0
5.100000001490116,67,376.19057132739874,-7.3799928617182042e-06,6.2956058623124838e-06,2.2815401792414034e-36,0.0,0.0,-0.5246048229494602,0.0
5.100000001490116,68,352.3785562114804,-5.3581768266347345e-06,8.9234500206321828e-06,3.8682247373228954e-37,0.0,0.0,-0.020983767056575023,0.0
5.100000001490116,69,352.37596976816326,-8.3194436697593526e-06,9.669854004951417e-06,-1.7646937579713163e-08,0.0,0.0,0.0,0.0
5.100000001490116,70,400.0,-1.0000000000000001e-05,3.9999999999999998e-06,-1.1706917811678019e-09,-927.07901350026771,-594.56216022266779,0.0,0.0
5.100000001490116,71,400.0,-1.0000000000000001e-05,3.9999999999999998e-06,6.9639699527668483e-10,-3468.6313382066364,-980.2009220503769,0.0,0.0
5.100000001490116,72,352.3811426547975,-4.9631012217651791e-06,8.3335836333626821e-06,3.7524792932380971e-09,0.0,0.0,0.0,0.0
5.100000001490116,73,376.1879848840816,-9.7418254481028438e-06,5.9559742233472323e-06,-1.6129660529684541e-09,0.0,0.0,0.0,0.0
5.100000001490116,74,400.0,-1.0000000000000001e-05,3.9999999999999998e-06,6.871367219973369e-09,-1446.583472322133,-663.6721682693809,0.0,0.0
5.100000001490116,75,376.19057132739874,-7.3771269453879731e-06,6.295715897951972e-06,3.4018045399850898e-10,0.0,0.0,0.0,0.0
5.100000001490116,76,352.3785562114804,-5.3643458849433233e-06,8.9207169143676379e-06,-1.1869902638037102e-08,0.0,0.0,0.0,0.0
5.100000001490116,77,400.0,-1.0000000000000001e-05,3.9999999999999998e-06,-3.3204236640627386e-39,389.70049306441416,61.906523244470002,1.2806785990487934,95.2356783900116
5.100000001490116,78,352.3881242561471,-1.5575009616120583e-06,1.0000379926651128e-05,3.1322009172452548e-41,0.0,0.0,1.8330272216175181,0.0
5.100000001490116,79,400.0,-1.0000000000000001e-05,3.9999999999999998e-06,-9.912303301630744e-09,389.48981084724068,61.892502915366862,0.0,95.23567839001146
5.100000001490116,80,352.388124256147,-1.5499253359014132e-06,1.0000926884014127e-05,1.639723592953524e-08,0.0,0.0,0.0,0.0
5.100000001490116,81,400.0,-1.0000000000000001e-05,3.9999999999999998e-06,-2.0636850044413827e-39,-1889.8773456647771,-327.92277624953516,-1.0934533966768198,0.0
5.100000001490116,82,376.1940621280735,-5.1989846534799609e-06,5.8656860321536431e-06,6.6072782117281838e-39,0.0,0.0,-4.7681012817251425,0.0
5.100000001490116,83,352.3846334554722,-4.1867138413820083e-06,9.221735432412267e-06,-3.5366013116900944e-37,0.0,0.0,3.1118005261701813,0.0
5.100000001490116,84,400.0,-1.0000000000000001e-05,3.9999999999999998e-06,-1.8354121918418055e-09,-2236.6883032526398,-411.75059954488688,0.0,0.0
5.100000001490116,85,352.3881242561471,-1.5953895992893679e-06,9.9876119165802162e-06,6.2132297135340343e-09,0.0,0.0,0.0,0.0
5.100000001490116,86,400.0,-1.0000000000000001e-05,3.9999999999999998e-06,-7.6418029597531385e-09,-1890.1115660755768,-328.51983907692198,0.0,0.0
5.100000001490116,87,376.1940621280735,-5.1916292113395685e-06,5.8691493943972861e-06,-8.6541215542813685e-09,0.0,0.0,0.0,0.0
5.100000001490116,88,352.3846334554722,-4.1784868433486732e-06,9.2217703964915622e-06,1.9241407869017973e-08,0.0,0.0,0.0,0.0
5.200000002980232,1,300.0,-3.2135242316843488e-39,1.1992910932024521e-39,2.3493217899157987e-39,-286.82928571168554,-0.32226573679417053,-0.49451206150229493,-59.425476874549396
5.200000002980232,2,347.65376046193603,-8.5277180412889249e-06,-6.2167083813966434e-06,2.2590402760118342e-08,0.0,0.0,0.0,0.0
5.200000002980232,3,347.58573308455806,-5.5594813301852772e-06,-5.1579568124701397e-06,3.4052912793301775e-08,0.0,0.0,0.0,0.0
5.200000002980232,4,300.0,3.6094301441520223e-34,7.3062745482726523e-35,4.873180746551897e-37,-575.0585282945633,-127.92858078601273,-0.28711691790706972,-119.14964631114108
5.200000002980232,5,300.0,1.3179674810460526e-39,-4.3159076636475899e-39,6.1577272050423433e-39,-286.8533153289236,-0.24765697438759698,0.22880367338979568,-59.42547687454937
5.200000002980232,6,347.65376046193603,-8.5441026290909656e-06,-6.2250250372051749e-06,-2.0646996297790743e-08,0.0,0.0,0.0,0.0
5.200000002980232,7,347.5857330845581,-5.5673133786669055e-06,-5.1633036829485954e-06,-3.0734930042540206e-08,0.0,0.0,0.0,0.0
5.200000002980232,8,300.0,3.6091765927767212e-34,7.299835548299503e-35,-3.7736227157164753e-37,-574.98438358167869,-127.87780659631139,0.052333276526521533,-119.14964631114108
5.200000002980232,9,323.826880230968,-4.947691850790972e-06,-1.8928937217630546e-06,-3.7511347137150204e-08,0.0,0.0,0.0,0.0
5.200000002980232,10,347.619746773247,-6.5306356036503911e-06,-5.7364740582174323e-06,5.5988186865044446e-08,0.0,0.0,0.0,0.0
5.200000002980232,11,323.79286654227906,-2.9423088239846374e-06,-2.2048002299088659e-06,-4.1137833793548301e-09,0.0,0.0,0.0,0.0
5.200000002980232,12,300.0,-1.6551933112799773e-38,5.0665128967228909e-39,-2.1811906170986417e-38,1352.6415943041559,125.74272716952525,0.45658564554735481,0.0
5.200000002980232,13,300.0,-6.5689372686586027e-40,5.0595195571763898e-39,-2.2240651117959109e-38,1529.674370339008,250.47618817458516,0.118655767489425,0.0
5.200000002980232,14,347.65376046193603,-8.6375496490510785e-06,-6.3084055003951803e-06,9.835640914471445e-10,0.0,0.0,0.0,0.0
5.200000002980232,15,347.5857330845581,-5.6001942576773104e-06,-5.1373033952893732e-06,1.6613168307974815e-09,0.0,0.0,0.0,0.0
5.200000002980232,16,300.0,-1.5237160535213185e-33,-3.7630622055871318e-34,1.0122406948427575e-37,2229.9668226572812,465.10022978101,0.24564883191649603,0.0
5.200000002980232,17,323.826880230968,-4.9528529372354264e-06,-1.8934058282341793e-06,3.4859234586558666e-08,0.0,0.0,0.0,0.0
5.200000002980232,18,347.6197467732471,-6.5421393831015269e-06,-5.7435960051334087e-06,-5.2917995387686285e-08,0.0,0.0,0.0,0.0
5.200000002980232,19,323.79286654227906,-2.9447283065956165e-06,-2.2050376752685345e-06,3.538371855899636e-09,0.0,0.0,0.0,0.0
5.200000002980232,20,300.0,2.1622472278571929e-38,-4.9051981986865329e-39,-1.5431791212127263e-38,1352.8639991401569,125.84880961965217,0.18769863683743104,0.0
5.200000002980232,21,347.60665623505815,-4.8514181792570091e-06,-4.4126968674846865e-06,3.633983839776512e-09,0.0,0.0,0.0,0.0
5.200000002980232,22,300.0,3.4487029793485101e-34,1.2348450340312052e-34,5.1708073476776072e-37,-415.62767884264997,-231.79905191518202,-0.15352613556381639,-119.06898852879183
5.200000002980232,23,347.60665623505815,-4.8506612385537903e-06,-4.4150805795213465e-06,-2.9690975660394081e-09,0.0,0.0,0.0,0.0
5.200000002980232,24,300.0,3.4496408398318484e-34,1.2341129393963386e-34,-5.2494629909741701e-37,-415.61000582288671,-231.7203058206253,0.21204256586693565,-119.06898852879185
5.200000002980232,25,347.59619465980813,-5.026986086628014e-06,-4.7409511248856976e-06,1.1355583999108733e-08,0.0,0.0,0.0,0.0
5.200000002980232,26,323.8033281175291,-2.4618648961762826e-06,-2.3362107308302337e-06,7.3822703609119058e-10,0.0,0.0,0.0,0.0
5.200000002980232,27,300.0,-9.7373705997936068e-39,7.1072891256522075e-39,-5.5983744831126138e-39,925.66883044244366,360.73254174568717,0.24002843473535718,0.0
5.200000002980232,28,347.60665623505815,-4.8606539921150303e-06,-4.4270349567360745e-06,3.3030057090259383e-10,0.0,0.0,0.0,0.0
5.200000002980232,29,300.0,-1.4716460138995996e-33,-2.8603388654881378e-34,2.1601112040323428e-37,1643.8301644700109,554.52004907188393,-0.033272882447319185,0.0
5.200000002980232,30,347.59619465980813,-5.0310439867951343e-06,-4.7448922162092169e-06,-9.0981979571435872e-09,0.0,0.0,0.0,0.0
5.200000002980232,31,323.8033281175291,-2.4616403013977915e-06,-2.3353693538959684e-06,1.9944068128423487e-11,0.0,0.0,0.0,0.0
5.200000002980232,32,300.0,6.5713749595201808e-39,-6.7214548942752049e-39,-4.536651515217194e-39,925.67919781107707,360.81998813083453,-0.17332329488347531,0.0
5.200000002980232,33,347.6527063973086,-4.4953724731557632e-06,-5.1323682326081181e-06,-4.5493638703663112e-08,0.0,0.0,0.0,0.0
5.200000002980232,34,300.0,2.0272989439355642e-34,4.9243327631455162e-35,-3.9984131247007348e-37,-249.01545712805992,-137.8795196771157,1.1268542651017661,-118.94300489335242
5.200000002980232,35,347.6527063973086,-4.487574036669385e-06,-5.1303466316887302e-06,4.3095822564479201e-08,0.0,0.0,0.0,0.0
5.200000002980232,36,300.0,2.0277496883449607e-34,4.9218332709288182e-35,3.7143545332959238e-37,-249.11781027644776,-137.93211725931673,-1.0157321674909507,-118.94300489335234
5.200000002980232,37,347.62968131618334,-4.8319794408780314e-06,-4.7244213567137218e-06,-1.3992327719366301e-08,0.0,0.0,0.0,0.0
5.200000002980232,38,323.82635319865426,-2.0420863953150456e-06,-2.2246792825764894e-06,1.1747143250866595e-08,0.0,0.0,0.0,0.0
5.200000002980232,39,300.0,6.2501721970941655e-39,5.9776933534579709e-39,5.3827693761840403e-39,726.7218985997032,375.5203024611161,-0.58626485560227426,0.0
5.200000002980232,40,347.6527063973086,-4.4112667630824072e-06,-5.0961367700353674e-06,-1.2068560537970246e-09,0.0,0.0,0.0,0.0
5.200000002980232,41,300.0,-9.7764646070212762e-34,-8.3742217112071735e-35,1.198290344996298e-37,1099.1628590349958,467.99381279185531,-0.13438526248319826,0.0
5.200000002980232,42,347.62968131618334,-4.8268109777858496e-06,-4.7244408012916691e-06,1.3227779306961728e-08,0.0,0.0,0.0,0.0
5.200000002980232,43,323.82635319865426,-2.0398028335439857e-06,-2.2236704791577986e-06,-1.0948270473863372e-08,0.0,0.0,0.0,0.0
5.200000002980232,44,300.0,-3.7519607901356698e-39,-5.8837934275699e-39,3.6992685474743323e-39,726.77610235065595,375.54163241584905,0.37240792661954542,0.0
5.200000002980232,45,347.60815123159784,-1.424925800608455e-06,-6.2095157366232417e-06,-9.4793021704352154e-09,0.0,0.0,0.0,0.0
5.200000002980232,46,300.0,6.7996700462617914e-40,3.8164534408669127e-39,-2.3690025067534024e-39,-122.07496873107695,0.0093414678370215554,-0.34980947093560311,-59.60301230139467
5.200000002980232,47,347.60815123159784,-1.4170626050594278e-06,-6.2050369246231549e-06,4.5960935810446719e-09,0.0,0.0,0.0,0.0
5.200000002980232,48,300.0,-1.3940878645493662e-39,7.9880261702253712e-40,-1.7278653571236786e-39,-122.11417056424928,-0.05788523599231369,0.36378066213733956,-59.60301230139466
5.200000002980232,49,347.63042881445324,-3.5080770437050234e-06,-5.7173651462648698e-06,-4.141537102018322e-08,0.0,0.0,0.0,0.0
5.200000002980232,50,323.8040756157989,-4.2779651038357604e-08,-1.9019660761632232e-06,8.1805415085348496e-09,0.0,0.0,0.0,0.0
5.200000002980232,51,300.0,1.4327483664985436e-38,3.9418462020159982e-39,1.5421745626726709e-38,303.15635690730289,130.23436259429371,0.071829016739083984,0.0
5.200000002980232,52,347.60815123159784,-1.4084861731080385e-06,-6.2440007994549006e-06,-2.4480690938011506e-09,0.0,0.0,0.0,0.0
5.200000002980232,53,300.0,2.1560970544143493e-39,-4.2214152945576648e-39,1.8728925249788032e-38,128.6388713384479,258.19185765699439,-0.11049198643522774,0.0
5.200000002980232,54,347.63042881445324,-3.4994327641447153e-06,-5.7139159799084201e-06,3.7935545398651272e-08,0.0,0.0,0.0,0.0
5.200000002980232,55,323.8040756157989,-4.0537621420547488e-08,-1.901080355795468e-06,-8.5490820767065351e-09,0.0,0.0,0.0,0.0
5.200000002980232,56,300.0,-1.7468888058044241e-38,-4.2314489610282869e-39,1.0196564865332377e-38,303.00596144386265,130.18330180463474,-0.20562392281849839,0.0
5.200000002980232,57,352.3759697681632,-8.3736213248810079e-06,3.6515071167654777e-06,4.1864903766897419e-38,0.0,0.0,-6.1117989414551177,0.0
5.200000002980232,58,400.0,-1.0000000000000003e-05,-2.0000000000000003e-06,2.6901781620020034e-39,486.02376264626957,180.79502481268946,-2.41041760493097,142.86332552649137
5.200000002980232,59,400.0,-1.0000000000000003e-05,-2.0000000000000003e-06,-8.9900318371050255e-37,802.54077473506788,250.00446486186945,-0.86193861638652025,238.09112499272635
5.200000002980232,60,352.3811426547975,-4.9484576366730509e-06,2.3371296207299716e-06,-1.586107140495073e-36,0.0,0.0,0.28274708226660045,0.0
5.200000002980232,61,352.37596976816315,-8.3896374569378709e-06,3.64719422220857e-06,-4.8810926020292285e-08,0.0,0.0,0.0,0.0
5.200000002980232,62,400.0,-1.0000000000000003e-05,-2.0000000000000003e-06,8.5631506260487318e-09,485.82459309553889,180.9164038476078,0.0,142.86332552649142
5.200000002980232,63,400.0,-1.0000000000000003e-05,-2.0000000000000003e-06,-2.207514630792162e-09,802.43076116365478,249.51550767163263,0.0,238.09112499272658
5.200000002980232,64,352.3811426547974,-4.9437192769187239e-06,2.3362029525683111e-06,1.3214807480857301e-08,0.0,0.0,0.0,0.0
5.200000002980232,65,376.18798488408163,-9.730012085957501e-06,-3.6537989939221518e-08,6.3973157304904689e-40,0.0,0.0,6.3503094678297094,0.0
5.200000002980232,66,400.0,-1.0000000000000003e-05,-2.0000000000000003e-06,-2.2913555687919984e-40,-1447.5569307455432,-663.55333629893948,2.8401097510211848,0.0
5.200000002980232,67,376.19057132739874,-7.3800206450114823e-06,2.956544284680838e-07,2.2924998919404687e-36,0.0,0.0,-0.52687168131828299,0.0
5.200000002980232,68,352.3785562114804,-5.3579781349571191e-06,2.9235046142791406e-06,2.6821216961934964e-37,0.0,0.0,0.12138826360118724,0.0
5.200000002980232,69,352.37596976816315,-8.319447887317474e-06,3.6698508449157453e-06,-1.8051730951403217e-08,0.0,0.0,0.0,0.0
5.200000002980232,70,400.0,-1.0000000000000003e-05,-2.0000000000000003e-06,-1.1384950910228644e-09,-927.08083313415557,-594.56829422016665,0.0,0.0
5.200000002980232,71,400.0,-1.0000000000000003e-05,-2.0000000000000003e-06,6.8944994358699725e-10,-3468.6285054541058,-980.1971692252971,0.0,0.0
5.200000002980232,72,352.38114265479743,-4.9630941919240797e-06,2.3335970343809717e-06,3.8008367043110872e-09,0.0,0.0,0.0,0.0
5.200000002980232,73,376.1879848840815,-9.7419367082220696e-06,-4.4065132104503822e-08,-1.6521893754786008e-09,0.0,0.0,0.0,0.0
5.200000002980232,74,400.0,-1.0000000000000003e-05,-2.0000000000000003e-06,6.8367760722950595e-09,-1446.5675058525437,-663.66825508100169,0.0,0.0
5.200000002980232,75,376.1905713273987,-7.3771157609417351e-06,2.9564272461131188e-07,3.4680733400045401e-10,0.0,0.0,0.0,0.0
5.200000002980232,76,352.37855621148026,-5.3645519952710894e-06,2.9206487589766702e-06,-1.2075793478883457e-08,0.0,0.0,0.0,0.0
5.200000002980232,77,400.0,-1.0000000000000003e-05,-2.0000000000000003e-06,-1.5913777138394098e-39,389.7019442200766,61.903511960812565,1.2814456797631439,95.23567839001147
5.200000002980232,78,352.388124256147,-1.5577569938455338e-06,4.0003441925395683e-06,2.3576087352159869e-39,0.0,0.0,1.8052115938358262,0.0
5.200000002980232,79,400.0,-1.0000000000000003e-05,-2.0000000000000003e-06,-9.7892081259285249e-09,389.48880165376863,61.892082245834629,0.0,95.23567839001159
5.200000002980232,80,352.3881242561471,-1.5496545073563641e-06,4.0008997709433964e-06,1.6735439433225637e-08,0.0,0.0,0.0,0.0
5.200000002980232,81,400.0,-1.0000000000000003e-05,-2.0000000000000003e-06,-2.1303085060147588e-39,-1889.8668447109276,-327.92423378284155,-1.102895600148184,0.0
5.200000002980232,82,376.1940621280735,-5.1990914927768173e-06,-1.3428903567058652e-07,2.3196227573973432e-39,0.0,0.0,-4.7770560098746273,0.0
5.200000002980232,83,352.3846334554722,-4.1869047148522333e-06,3.2216942088971639e-06,-2.4030466931267811e-37,0.0,0.0,2.9771563665501515,0.0
5.200000002980232,84,400.0,-1.0000000000000003e-05,-2.0000000000000003e-06,-1.8399224314152244e-09,-2236.6884541381082,-411.7472929203679,0.0,0.0
5.200000002980232,85,352.3881242561471,-1.5953885657855603e-06,3.9876336160431865e-06,6.5330486898511038e-09,0.0,0.0,0.0,0.0
5.200000002980232,86,400.0,-1.0000000000000003e-05,-2.0000000000000003e-06,-7.5905585468059271e-09,-1890.1229880358703,-328.51836875585104,0.0,0.0
5.200000002980232,87,376.19406212807354,-5.1915152800256267e-06,-1.3091093707002343e-07,-8.6189051720754319e-09,0.0,0.0,0.0,0.0
5.200000002980232,88,352.3846334554722,-4.1783093606226179e-06,3.2217541782209356e-06,1.9435343622312524e-08,0.0,0.0,0.0,0.0
5.300000011920929,1,300.0,-2.4465655921420594e-39,9.2645696246850692e-40,1.7330034043260561e-39,-286.83656186954261,-0.31946439220104816,-0.48970246737398665,-59.42547687454949
5.300000011920929,2,347.653760461936,-8.5275569535958135e-06,-6.2171879790308634e-06,2.373718228984821e-08,0.0,0.0,0.0,0.0
5.300000011920929,3,347.58573308455806,-5.5592789597427546e-06,-5.1581638564119072e-06,3.4666234323125986e-08,0.0,0.0,0.0,0.0
5.300000011920929,4,300.0,3.6094081415701389e-34,7.306180341587107e-35,4.8990147335645104e-37,-575.06787058868781,-127.92861350837873,-0.27897534262368628,-119.14964631114103
5.300000011920929,5,300.0,7.7809431072851756e-40,-2.8870622591860933e-39,4.1117774253488619e-39,-286.85235860232478,-0.25367571508572728,0.23741014789366771,-59.42547687454936
5.300000011920929,6,347.6537604619361,-8.5442718770891181e-06,-6.2248885690695641e-06,-2.0046974894962392e-08,0.0,0.0,0.0,0.0
5.300000011920929,7,347.5857330845581,-5.5674482298710749e-06,-5.1630428449002786e-06,-3.0317933586686911e-08,0.0,0.0,0.0,0.0
5.300000011920929,8,300.0,3.6091399343263275e-34,7.3004025294277821e-35,-3.7820034753551436e-37,-574.9712832396981,-127.88510252101587,0.063611694171369249,-119.14964631114107
5.300000011920929,9,323.82688023096796,-4.9475111114241736e-06,-1.8931152746557035e-06,-3.7094917488244037e-08,0.0,0.0,0.0,0.0
5.300000011920929,10,347.619746773247,-6.5303943661679381e-06,-5.7368173943424165e-06,5.6811499134061733e-08,0.0,0.0,0.0,0.0
5.300000011920929,11,323.79286654227906,-2.9421311020253662e-06,-2.2049698899872724e-06,-3.9285344624974463e-09,0.0,0.0,0.0,0.0
5.300000011920929,12,300.0,-1.1837134584301692e-38,3.5202625797116211e-39,-1.498415778581533e-38,1352.6116092061197,125.75096468923101,0.42242758987614881,0.0
5.300000011920929,13,300.0,-4.8721405523751591e-41,3.223620098360522e-39,-1.548475619451629e-38,1529.6771535654118,250.48189064610165,0.082079189513545925,0.0
5.300000011920929,14,347.65376046193603,-8.6375658822838914e-06,-6.3083412627588147e-06,1.8524887579168258e-09,0.0,0.0,0.0,0.0
5.300000011920929,15,347.5857330845581,-5.6002009575395602e-06,-5.1373108629643018e-06,2.1757659002749964e-09,0.0,0.0,0.0,0.0
5.300000011920929,16,300.0,-1.5237122993623136e-33,-3.7630847812866262e-34,1.206899452818525e-37,2229.9621952793218,465.10325292541364,0.2034784767794896,0.0
5.300000011920929,17,323.8268802309681,-4.9530306989995311e-06,-1.8933348540194699e-06,3.5175956963268125e-08,0.0,0.0,0.0,0.0
5.300000011920929,18,347.61974677324713,-6.5423350850633294e-06,-5.7433963327994193e-06,-5.2331997690042568e-08,0.0,0.0,0.0,0.0
5.300000011920929,19,323.79286654227906,-2.9448801059033057e-06,-2.2048506165509177e-06,3.7542670592184796e-09,0.0,0.0,0.0,0.0
5.300000011920929,20,300.0,1.512978969348087e-38,-3.4194017887251627e-39,-1.0924050450954417e-38,1352.9004976180991,125.84076684410765,0.16059498237508507,0.0
5.300000011920929,21,347.60665623505815,-4.8513663955690901e-06,-4.4129325515913583e-06,3.7379586843953016e-09,0.0,0.0,0.0,0.0
5.300000011920929,22,300.0,3.448646922814462e-34,1.2348551784203041e-34,5.2751484904144773e-37,-415.62792924546858,-231.79928712563301,-0.15558865025581897,-119.06898852879186
5.300000011920929,23,347.60665623505815,-4.8506692724171929e-06,-4.4149161249468197e-06,-2.9426394133118022e-09,0.0,0.0,0.0,0.0
5.300000011920929,24,300.0,3.4497096383585361e-34,1.2341790367912044e-34,-5.190190324979135e-37,-415.60709257299732,-231.72904253334934,0.21443843868662221,-119.06898852879192
5.300000011920929,25,347.59619465980813,-5.0268605423296257e-06,-4.7411762634231713e-06,1.1737835012367848e-08,0.0,0.0,0.0,0.0
5.300000011920929,26,323.8033281175291,-2.4618230481568036e-06,-2.3364063418616199e-06,7.5594363475836383e-10,0.0,0.0,0.0,0.0
5.300000011920929,27,300.0,-6.8629282060912275e-39,4.9155472923341998e-39,-3.9259179568482068e-39,925.65183090381026,360.74398168883221,0.23039566147840929,0.0
5.300000011920929,28,347.60665623505815,-4.8606774596934612e-06,-4.4270284307920132e-06,3.9626672712961367e-10,0.0,0.0,0.0,0.0
5.300000011920929,29,300.0,-1.4716460395419636e-33,-2.860431858225572e-34,2.1381772236103848e-37,1643.829213982719,554.53138991548531,-0.037115171194657653,0.0
5.300000011920929,30,347.59619465980813,-5.0311272153171928e-06,-4.7446767717378506e-06,-8.8911075206109432e-09,0.0,0.0,0.0,0.0
5.300000011920929,31,323.8033281175291,-2.4616529213173704e-06,-2.3352008096432635e-06,4.3571537679473756e-11,0.0,0.0,0.0,0.0
5.300000011920929,32,300.0,4.7563981073739705e-39,-4.7064970762269864e-39,-3.2727084495397939e-39,925.6919317718075,360.80886458304769,-0.18198007788632098,0.0
5.300000011920929,33,347.6527063973086,-4.4955607850940301e-06,-5.1325725298050468e-06,-4.6085759160992673e-08,0.0,0.0,0.0,0.0
5.300000011920929,34,300.0,2.0272222720084734e-34,4.9240662754934135e-35,-3.941336924500763e-37,-249.01381686042603,-137.87756280356794,1.1270294367525646,-118.94300489335244
5.300000011920929,35,347.65270639730863,-4.4875568715713855e-06,-5.1302349262997314e-06,4.2915891501173685e-08,0.0,0.0,0.0,0.0
5.300000011920929,36,300.0,2.0278628893894782e-34,4.9218369619183561e-35,3.8481163902885321e-37,-249.12908438538213,-137.93657018392588,-1.0279286654194781,-118.94300489335232
5.300000011920929,37,347.62968131618334,-4.8320478234645137e-06,-4.7246435889919694e-06,-1.4239500737913921e-08,0.0,0.0,0.0,0.0
5.300000011920929,38,323.82635319865426,-2.0422445403327907e-06,-2.2248633443518889e-06,1.1615332730021161e-08,0.0,0.0,0.0,0.0
5.300000011920929,39,300.0,4.2304838786847485e-39,4.157425271526253e-39,3.5957779247262122e-39,726.73062157366758,375.5301524006826,-0.57904300807121956,0.0
5.300000011920929,40,347.65270639730863,-4.4112139108578513e-06,-5.0961117049562243e-06,-1.5905710131503763e-09,0.0,0.0,0.0,0.0
5.300000011920929,41,300.0,-9.776515058624411e-34,-8.3739251057004504e-35,9.8073376252475303e-38,1099.171479603991,467.99550964590708,-0.1023785863943061,0.0
5.300000011920929,42,347.6296813161834,-4.8267966448737062e-06,-4.7242997654733861e-06,1.3136319979689065e-08,0.0,0.0,0.0,0.0
5.300000011920929,43,323.8263531986543,-2.0397353323607348e-06,-2.2235372551170901e-06,-1.110403863707226e-08,0.0,0.0,0.0,0.0
5.300000011920929,44,300.0,-2.5527305016751717e-39,-4.1361993763983013e-39,2.5462134680024782e-39,726.77085741673659,375.53176766480095,0.37794451749708224,0.0
5.300000011920929,45,347.60815123159784,-1.4250713260863064e-06,-6.2095094707578e-06,-1.0123332949846224e-08,0.0,0.0,0.0,0.0
5.300000011920929,46,300.0,6.4106438898736125e-40,2.6012261628412617e-39,-1.6307774649997794e-39,-122.07249631532011,0.015112432102158568,-0.35349826157121711,-59.60301230139472
5.300000011920929,47,347.6081512315979,-1.4168589436657054e-06,-6.2047069640163134e-06,3.921992095157541e-09,0.0,0.0,0.0,0.0
5.300000011920929,48,300.0,-7.7550753371413966e-40,4.5630376974469214e-40,-1.1598446363025105e-39,-122.1146558784601,-0.057451205288203265,0.36138235459007328,-59.60301230139474
5.300000011920929,49,347.63042881445324,-3.5082807532468626e-06,-5.7174583383841643e-06,-4.2131095780406357e-08,0.0,0.0,0.0,0.0
5.300000011920929,50,323.8040756157989,-4.2914113362854948e-08,-1.9020064932007808e-06,7.9615011197805555e-09,0.0,0.0,0.0,0.0
5.300000011920929,51,300.0,1.0037303593908886e-38,2.7713313248239548e-39,1.0534035316114793e-38,303.17977566453982,130.24106875941482,0.095034619371161533,0.0
5.300000011920929,52,347.60815123159784,-1.4085008379443895e-06,-6.2440897113651607e-06,-3.104763903428767e-09,0.0,0.0,0.0,0.0
5.300000011920929,53,300.0,1.1329605579634712e-39,-2.8033713887888796e-39,1.2988983305696892e-38,128.63906433735971,258.18619568747198,-0.080555456437435821,0.0
5.300000011920929,54,347.63042881445324,-3.4992948527190819e-06,-5.7137019433486574e-06,3.757260366814402e-08,0.0,0.0,0.0,0.0
5.300000011920929,55,323.804075615799,-4.0370040504701024e-08,-1.9008697321105427e-06,-8.8741269543622367e-09,0.0,0.0,0.0,0.0
5.300000011920929,56,300.0,-1.2087208072365886e-38,-2.9842238438815579e-39,7.1984775812625076e-39,302.97835652643323,130.17606760826905,-0.18828623175526396,0.0
5.300000011920929,57,352.3759697681633,-8.3734261914564339e-06,-2.3483998626338093e-06,2.4897133490273055e-38,0.0,0.0,-6.0600427954944136,0.0
5.300000011920929,58,400.0,-1.0000000000000003e-05,-8.000000000000003e-06,1.1420748583167564e-39,486.018826943031,180.7955818865081,-2.4126451489753422,142.86332552649122
5.300000011920929,59,400.0,-1.0000000000000003e-05,-8.000000000000003e-06,-9.0327555162571485e-37,802.54053685776842,250.00300929419984,-0.86319470667953868,238.09112499272612
5.300000011920929,60,352.3811426547975,-4.9485014321919472e-06,-3.6628969682613649e-06,-1.5617129493456982e-36,0.0,0.0,0.26827820835224436,0.0
5.300000011920929,61,352.37596976816315,-8.3898406637098826e-06,-2.3528848861430549e-06,-4.9119202255332347e-08,0.0,0.0,0.0,0.0
5.300000011920929,62,400.0,-1.0000000000000003e-05,-8.000000000000003e-06,8.4827693419727869e-09,485.82976969701588,180.91963263043738,0.0,142.8633255264913
5.300000011920929,63,400.0,-1.0000000000000003e-05,-8.000000000000003e-06,-2.1952762840616076e-09,802.42929138366162,249.51368641632658,0.0,238.09112499272646
5.300000011920929,64,352.38114265479743,-4.9436962746333041e-06,-3.6638115036247049e-06,1.322755344533977e-08,0.0,0.0,0.0,0.0
5.300000011920929,65,376.18798488408163,-9.7299290047673479e-06,-6.0365018770885586e-06,2.5634257522302073e-39,0.0,0.0,6.3704278404967303,0.0
5.300000011920929,66,400.0,-1.0000000000000003e-05,-8.000000000000003e-06,4.5087423874374686e-40,-1447.5684646785971,-663.5565491815745,2.845187364417046,0.0
5.300000011920929,67,376.19057132739874,-7.380039174432836e-06,-5.7043104705240744e-06,2.3015107641351727e-36,0.0,0.0,-0.52836868671832238,0.0
5.300000011920929,68,352.3785562114804,-5.3578378699959505e-06,-3.07645786058608e-06,1.8666288207886963e-37,0.0,0.0,0.2210195078084988,0.0
5.300000011920929,69,352.37596976816326,-8.3194459928655511e-06,-2.3301511068261227e-06,-1.8349251418191669e-08,0.0,0.0,0.0,0.0
5.300000011920929,70,400.0,-1.0000000000000003e-05,-8.000000000000003e-06,-1.1185767606897366e-09,-927.08113874059916,-594.5721053106513,0.0,0.0
5.300000011920929,71,400.0,-1.0000000000000003e-05,-8.000000000000003e-06,6.8532845431426871e-10,-3468.6266055061669,-980.19384104674248,0.0,0.0
5.300000011920929,72,352.3811426547975,-4.963090012890289e-06,-3.6663926534890977e-06,3.8351306371798995e-09,0.0,0.0,0.0,0.0
5.300000011920929,73,376.1879848840815,-9.7420241548404568e-06,-6.0440948467612747e-06,-1.6829439475902583e-09,0.0,0.0,0.0,0.0
5.300000011920929,74,400.0,-1.0000000000000003e-05,-8.000000000000003e-06,6.8138353196389315e-09,-1446.5557981581344,-663.66529918333538,0.0,0.0
5.300000011920929,75,376.19057132739874,-7.3771073313635996e-06,-5.7044120946442694e-06,3.5229762463518603e-10,0.0,0.0,0.0,0.0
5.300000011920929,76,352.37855621148026,-5.3647052391783942e-06,-3.0794024031341946e-06,-1.2238274119801043e-08,0.0,0.0,0.0,0.0
5.300000011920929,77,400.0,-1.0000000000000003e-05,-8.000000000000003e-06,-6.4101116629791975e-40,389.70317792079811,61.901341972420731,1.2828537716434512,95.23567839001156
5.300000011920929,78,352.38812425614714,-1.5579323410687588e-06,-1.999678255942431e-06,3.1577579836916951e-39,0.0,0.0,1.7869480404371663,0.0
5.300000011920929,79,400.0,-1.0000000000000003e-05,-8.000000000000003e-06,-9.7020116710915482e-09,389.48841947867771,61.891876201003733,0.0,95.23567839001146
5.300000011920929,80,352.388124256147,-1.5494565578327344e-06,-1.9991212986251688e-06,1.6993940702599643e-08,0.0,0.0,0.0,0.0
5.300000011920929,81,400.0,-1.0000000000000003e-05,-8.000000000000003e-06,-1.9386594291164817e-39,-1889.8593519801971,-327.92537141901886,-1.1103991441896164,0.0
5.300000011920929,82,376.19406212807354,-5.1991653586526093e-06,-6.1342701298503781e-06,1.3004186907717571e-40,0.0,0.0,-4.7861407798935041,0.0
5.300000011920929,83,352.38463345547234,-4.1870362864290709e-06,-2.7783331713521788e-06,-1.6366402013893107e-37,0.0,0.0,2.8853011074543686,0.0
5.300000011920929,84,400.0,-1.0000000000000003e-05,-8.000000000000003e-06,-1.8404077930698086e-09,-2236.6891098513474,-411.74498936436851,0.0,0.0
5.300000011920929,85,352.3881242561471,-1.5953914495765194e-06,-2.012352121406186e-06,6.7661137482420616e-09,0.0,0.0,0.0,0.0
5.300000011920929,86,400.0,-1.0000000000000003e-05,-8.000000000000003e-06,-7.5557818887575781e-09,-1890.1309912576219,-328.51718839763117,0.0,0.0
5.300000011920929,87,376.1940621280735,-5.1914303618016552e-06,-6.1309539803260837e-06,-8.5918035901939214e-09,0.0,0.0,0.0,0.0
5.300000011920929,88,352.3846334554722,-4.1781790487934652e-06,-2.7782607490727347e-06,1.9587995748009182e-08,0.0,0.0,0.0,0.0
5.4000000059604645,1,300.0,-1.8512738460147444e-39,7.0875771070779729e-40,1.277374719655574e-39,-286.84198675355367,-0.31737180531860765,-0.48617024796533448,-59.42547687454935
5.4000000059604645,2,347.65376046193603,-8.5274445895096451e-06,-6.2175158830333988e-06,2.4525699323745926e-08,0.0,0.0,0.0,0.0
5.4000000059604645,3,347.585733084558,-5.559137478169153e-06,-5.1583092090978527e-06,3.5093537073976858e-08,0.0,0.0,0.0,0.0
5.4000000059604645,4,300.0,3.6093964809317993e-34,7.3060945774226811e-35,4.9157042724613095e-37,-575.07510262605763,-127.92833470419052,-0.27312290897725106,-119.1496463111412
5.4000000059604645,5,300.0,4.5096376688670167e-40,-1.9375879399814685e-39,2.75691735680447e-39,-286.85185283949284,-0.25775686784384017,0.2432597050407358,-59.425476874549304
5.4000000059604645,6,347.6537604619361,-8.5444017363069828e-06,-6.2247868894627971e-06,-1.9598443959734486e-08,0.0,0.0,0.0,0.0
5.4000000059604645,7,347.5857330845581,-5.5675508938093615e-06,-5.162860963793133e-06,-3.0008576142775369e-08,0.0,0.0,0.0,0.0
5.4000000059604645,8,300.0,3.6091167368111492e-34,7.3007819813605689e-35,-3.7864298860230865e-37,-574.96244456490501,-127.88994644640411,0.071437585118946156,-119.14964631114113
5.4000000059604645,9,323.826880230968,-4.9473844212847051e-06,-1.8932674860699344e-06,-3.6801370757031473e-08,0.0,0.0,0.0,0.0
5.4000000059604645,10,347.619746773247,-6.5302260345706799e-06,-5.7370539229032675e-06,5.7382393162248758e-08,0.0,0.0,0.0,0.0
5.4000000059604645,11,323.792866542279,-2.9420059324217524e-06,-2.2050893145955568e-06,-3.7949545172074741e-09,0.0,0.0,0.0,0.0
5.4000000059604645,12,300.0,-8.4656695558265162e-39,2.4534009477127486e-39,-1.0333082661543672e-38,1352.5900897776392,125.75674880798907,0.39860261686648546,0.0
5.4000000059604645,13,300.0,2.4775567902712664e-40,2.0572830029688057e-39,-1.0812558499148796e-38,1529.6796890361368,250.48553583461521,0.056315170036813411,0.0
5.4000000059604645,14,347.65376046193603,-8.637573663166314e-06,-6.3082989584638836e-06,2.4682188784860849e-09,0.0,0.0,0.0,0.0
5.4000000059604645,15,347.58573308455806,-5.6002038323904997e-06,-5.1373158541302805e-06,2.5436070940194068e-09,0.0,0.0,0.0,0.0
5.4000000059604645,16,300.0,-1.523710242024998e-33,-3.7630977125869249e-34,1.3456296409030488e-37,2229.9600000352807,465.10493155810298,0.1735489180342169,0.0
5.4000000059604645,17,323.8268802309681,-4.9531613804199102e-06,-1.8932817460679022e-06,3.5400719647068202e-08,0.0,0.0,0.0,0.0
5.4000000059604645,18,347.61974677324713,-6.5424821350203361e-06,-5.7432539720980068e-06,-5.1901278441648801e-08,0.0,0.0,0.0,0.0
5.4000000059604645,19,323.79286654227906,-2.944991108942583e-06,-2.20471930212326e-06,3.9066339636755312e-09,0.0,0.0,0.0,0.0
5.4000000059604645,20,300.0,1.0626087695337847e-38,-2.388735254640816e-39,-7.7514174669243931e-39,1352.9263700083454,125.83511280381775,0.14124274537966464,0.0
5.4000000059604645,21,347.60665623505815,-4.851330116932031e-06,-4.4130959788297736e-06,3.8132521940935873e-09,0.0,0.0,0.0,0.0
5.4000000059604645,22,300.0,3.4486078346397496e-34,1.2348593458791931e-34,5.3466263032794088e-37,-415.62838564233334,-231.79907133132838,-0.15681450413011244,-119.0689885287918
5.4000000059604645,23,347.60665623505815,-4.8506785433620225e-06,-4.4147980764281725e-06,-2.9158579484152812e-09,0.0,0.0,0.0,0.0
5.4000000059604645,24,300.0,3.4497577066999071e-34,1.2342222929394077e-34,-5.1468668833181729e-37,-415.60507078479787,-231.73478280692822,0.21605678073066714,-119.06898852879185
5.4000000059604645,25,347.5961946598081,-5.0267723110724915e-06,-4.741333284202118e-06,1.2004951500879884e-08,0.0,0.0,0.0,0.0
5.4000000059604645,26,323.8033281175291,-2.461793123705238e-06,-2.3365434191712743e-06,7.708256457122676e-10,0.0,0.0,0.0,0.0
5.4000000059604645,27,300.0,-4.8522834375778182e-39,3.415898974564854e-39,-2.7639813744859645e-39,925.63968364861512,360.75200573300253,0.22352686959594739,0.0
5.4000000059604645,28,347.60665623505815,-4.860692581532998e-06,-4.4270245398222084e-06,4.4778679757276549e-10,0.0,0.0,0.0,0.0
5.4000000059604645,29,300.0,-1.4716460855467357e-33,-2.8604904247782227e-34,2.1254440697059211e-37,1643.8287835775322,554.53849614113574,-0.040205041307853101,0.0
5.4000000059604645,30,347.59619465980813,-5.031191463875258e-06,-4.7445248337188589e-06,-8.7320849724528233e-09,0.0,0.0,0.0,0.0
5.4000000059604645,31,323.8033281175291,-2.4616644353229545e-06,-2.3350806896018072e-06,6.1867674984206431e-11,0.0,0.0,0.0,0.0
5.4000000059604645,32,300.0,3.4490798651587229e-39,-3.2967176777335704e-39,-2.3647759337600535e-39,925.70121665267266,360.80103775293861,-0.18827208495540679,0.0
5.4000000059604645,33,347.6527063973086,-4.49568738280799e-06,-5.1327144859157806e-06,-4.648465575915872e-08,0.0,0.0,0.0,0.0
5.4000000059604645,34,300.0,2.027165254756143e-34,4.9238779912881251e-35,-3.8993153715601814e-37,-249.01223673092676,-137.87597286748394,1.1268509725848628,-118.94300489335248
5.4000000059604645,35,347.6527063973086,-4.4875379380769241e-06,-5.1301524582466345e-06,4.2777149700360462e-08,0.0,0.0,0.0,0.0
5.4000000059604645,36,300.0,2.0279389597935516e-34,4.92183783886071e-35,3.9396260887168632e-37,-249.13642013670764,-137.93950887616512,-1.0360059191937432,-118.9430048933524
5.4000000059604645,37,347.62968131618334,-4.8320933232456568e-06,-4.7247979495634693e-06,-1.4403604112099162e-08,0.0,0.0,0.0,0.0
5.4000000059604645,38,323.82635319865426,-2.0423518453043904e-06,-2.2249921031151886e-06,1.1523005946964051e-08,0.0,0.0,0.0,0.0
5.4000000059604645,39,300.0,2.8617810070444122e-39,2.9057787496243523e-39,2.4042898044106055e-39,726.73648276662482,375.53709656149937,-0.57422545034457539,0.0
5.4000000059604645,40,347.6527063973086,-4.4111803272616829e-06,-5.0960954266071595e-06,-1.8577544016517137e-09,0.0,0.0,0.0,0.0
5.4000000059604645,41,300.0,-9.7765438604226624e-34,-8.3737140189570009e-35,8.2960256735974667e-38,1099.1765752444135,467.99631185003773,-0.080151608372524955,0.0
5.4000000059604645,42,347.62968131618334,-4.8267849651505632e-06,-4.7241973559624728e-06,1.3070280109419707e-08,0.0,0.0,0.0,0.0
5.4000000059604645,43,323.82635319865426,-2.0396852255652101e-06,-2.2234413026015546e-06,-1.1210754758473684e-08,0.0,0.0,0.0,0.0
5.4000000059604645,44,300.0,-1.7349918428813087e-39,-2.906852123734709e-39,1.7520272018851762e-39,726.76734747466026,375.52480976587663,0.38172908117273396,0.0
5.4000000059604645,45,347.60815123159784,-1.4251716979823802e-06,-6.2095145750702271e-06,-1.056894899849876e-08,0.0,0.0,0.0,0.0
5.4000000059604645,46,300.0,5.5608323339112979e-40,1.7799833736550713e-39,-1.126219118164842e-39,-122.07057998279673,0.019103412993620256,-0.35606083308866632,-59.60301230139466
5.4000000059604645,47,347.6081512315979,-1.4167121592496006e-06,-6.2044807547708812e-06,3.4431071496770542e-09,0.0,0.0,0.0,0.0
5.4000000059604645,48,300.0,-4.102482619681853e-40,2.5312689927073686e-40,-7.803355100625077e-40,-122.114730944409,-0.057270301483371332,0.35976438255286858,-59.60301230139464
5.4000000059604645,49,347.63042881445324,-3.5084203640701956e-06,-5.7175278101357368e-06,-4.2618142977077403e-08,0.0,0.0,0.0,0.0
5.4000000059604645,50,323.8040756157989,-4.3006852252488566e-08,-1.9020393920854268e-06,7.8050276663436338e-09,0.0,0.0,0.0,0.0
5.4000000059604645,51,300.0,7.0286018947554601e-39,1.9534715962174635e-39,7.2142663575531666e-39,303.19616581988208,130.24582145293965,0.11102595564568549,0.0
5.4000000059604645,52,347.60815123159784,-1.4085124859615569e-06,-6.2441481896158119e-06,-3.5655217857292262e-09,0.0,0.0,0.0,0.0
5.4000000059604645,53,300.0,5.4001299439802596e-40,-1.864320507600542e-39,9.0274137913645667e-39,128.63871732327721,258.18239803845722,-0.059646340231009815,0.0
5.4000000059604645,54,347.63042881445324,-3.4991921743458136e-06,-5.7135523255474734e-06,3.7304865246021734e-08,0.0,0.0,0.0,0.0
5.4000000059604645,55,323.804075615799,-4.0251448200431684e-08,-1.9007248072721836e-06,-9.0985039648975071e-09,0.0,0.0,0.0,0.0
5.4000000059604645,56,300.0,-8.3847832839026726e-39,-2.1069626562646985e-39,5.0857219154478212e-39,302.9591363922878,130.17094037455965,-0.17603426260747665,0.0
5.4000000059604645,57,352.37596976816326,-8.3732901560223551e-06,-8.3483356297116099e-06,1.4546039890894807e-38,0.0,0.0,-6.0255785232430989,0.0
5.4000000059604645,58,400.0,-1.0000000000000001e-05,-1.4000000000000001e-05,3.1080696630113241e-40,486.01499793728431,180.79578264704313,-2.4151834999857495,142.86332552649128
5.4000000059604645,59,400.0,-1.0000000000000001e-05,-1.4000000000000001e-05,-9.0658680960215874e-37,802.54032840608625,250.001753110756,-0.86426569907601036,238.09112499272624
5.4000000059604645,60,352.38114265479743,-4.948530501660394e-06,-9.6629152875987374e-06,-1.5451089695910156e-36,0.0,0.0,0.25856967166082651,0.0
5.4000000059604645,61,352.37596976816315,-8.3899943099952711e-06,-8.3529415931030319e-06,-4.935711340407893e-08,0.0,0.0,0.0,0.0
5.4000000059604645,62,400.0,-1.0000000000000001e-05,-1.4000000000000001e-05,8.4260241348379191e-09,485.8331028871504,180.92178662043852,0.0,142.86332552649145
5.4000000059604645,63,400.0,-1.0000000000000001e-05,-1.4000000000000001e-05,-2.1870208293941373e-09,802.42833609255536,249.51220017112553,0.0,238.0911249927267
5.4000000059604645,64,352.38114265479743,-4.9436798670996506e-06,-9.6638249404298082e-06,1.3238966822555455e-08,0.0,0.0,0.0,0.0
5.4000000059604645,65,376.18798488408163,-9.7298702835336465e-06,-1.203647614389395e-05,3.1960064219691854e-39,0.0,0.0,6.3873502067419388,0.0
5.4000000059604645,66,400.0,-1.0000000000000001e-05,-1.4000000000000001e-05,7.193312140589582e-40,-1447.5769634921844,-663.55890370009206,2.8495456465984659,0.0
5.4000000059604645,67,376.19057132739874,-7.3800514889403981e-06,-1.1704285085980622e-05,2.3086722414429936e-36,0.0,0.0,-0.52930851315454852,0.0
5.4000000059604645,68,352.3785562114804,-5.3577385579252052e-06,-9.0764318831364441e-06,1.3037867154647e-37,0.0,0.0,0.2909761762897487,0.0
5.4000000059604645,69,352.3759697681632,-8.3194415138766974e-06,-8.3301522271370913e-06,-1.8567421371370434e-08,0.0,0.0,0.0,0.0
5.4000000059604645,70,400.0,-1.0000000000000001e-05,-1.4000000000000001e-05,-1.1062877152091578e-09,-927.08070391587864,-594.57447108275414,0.0,0.0
5.4000000059604645,71,400.0,-1.0000000000000001e-05,-1.4000000000000001e-05,6.8295225308825483e-10,-3468.6253196014227,-980.19106211126541,0.0,0.0
5.4000000059604645,72,352.38114265479743,-4.9630875422743047e-06,-9.6663847783409256e-06,3.8592449448157468e-09,0.0,0.0,0.0,0.0
5.4000000059604645,73,376.1879848840815,-9.742091879274809e-06,-1.2044117095624221e-05,-1.7067111975879053e-09,0.0,0.0,0.0,0.0
5.4000000059604645,74,400.0,-1.0000000000000001e-05,-1.4000000000000001e-05,6.7985760722950643e-09,-1446.5472104443741,-663.66308974852632,0.0,0.0
5.4000000059604645,75,376.19057132739874,-7.3771011549603319e-06,-1.1704452875780527e-05,3.5668817149259613e-10,0.0,0.0,0.0,0.0
5.4000000059604645,76,352.37855621148026,-5.3648188427612652e-06,-9.0794405371570152e-06,-1.2364541825212048e-08,0.0,0.0,0.0,0.0
5.4000000059604645,77,400.0,-1.0000000000000001e-05,-1.4000000000000001e-05,-1.4193973343511498e-40,389.70418113818198,61.899778931397094,1.284403803257764,95.23567839001153
5.4000000059604645,78,352.388124256147,-1.5580525670253476e-06,-7.9996921826261501e-06,3.1791210070837241e-39,0.0,0.0,1.7749355286416375,0.0
5.4000000059604645,79,400.0,-1.0000000000000001e-05,-1.4000000000000001e-05,-9.6401767566196898e-09,389.48836697945222,61.891790544403889,0.0,95.23567839001157
5.4000000059604645,80,352.388124256147,-1.5493124664363342e-06,-7.9991374756243572e-06,1.7189254609760186e-08,0.0,0.0,0.0,0.0
5.4000000059604645,81,400.0,-1.0000000000000001e-05,-1.4000000000000001e-05,-1.6540851711446544e-39,-1889.8540271762583,-327.92624958405338,-1.1162486030610645,0.0
5.4000000059604645,82,376.1940621280735,-5.1992164395962969e-06,-1.2134255894227787e-05,-8.8360850759949731e-40,0.0,0.0,-4.7943419414050661,0.0
5.4000000059604645,83,352.3846334554722,-4.1871270757101238e-06,-8.7783512948237288e-06,-1.117140345773183e-37,0.0,0.0,2.8224940583030582,0.0
5.4000000059604645,84,400.0,-1.0000000000000001e-05,-1.4000000000000001e-05,-1.8389678874258133e-09,-2236.6899357642219,-411.74338612333833,0.0,0.0
5.4000000059604645,85,352.388124256147,-1.595395771495762e-06,-8.0123426428748553e-06,6.9354251450501368e-09,0.0,0.0,0.0,0.0
5.4000000059604645,86,400.0,-1.0000000000000001e-05,-1.4000000000000001e-05,-7.5320917720210496e-09,-1890.1365997977566,-328.51626375595129,0.0,0.0
5.4000000059604645,87,376.1940621280735,-5.1913675336333128e-06,-1.2130984706913988e-05,-8.5711784379066865e-09,0.0,0.0,0.0,0.0
5.4000000059604645,88,352.3846334554722,-4.178083913542956e-06,-8.7782735630571453e-06,1.9705791121583659e-08,0.0,0.0,0.0,0.0
5.5,1,300.0,-1.3930911433226314e-39,5.3752137135014255e-40,9.4047495978842667e-40,-286.84601854642119,-0.31581673980754466,-0.4835785035164703,-59.42547687454947
5.5,2,347.653760461936,-8.5273659752847926e-06,-6.2177408957591681e-06,2.5069879455688429e-08,0.0,0.0,0.0,0.0
5.5,3,347.58573308455806,-5.5590382155682785e-06,-5.1584114859867998e-06,3.5392338824904535e-08,0.0,0.0,0.0,0.0
5.5,4,300.0,3.6093908465239724e-34,7.3060216137584909e-35,4.926452189291211e-37,-575.08064491599362,-127.92794264041424,-0.26890968365488332,-119.14964631114101
5.5,5,300.0,2.5538826563410856e-40,-1.3046225691524142e-39,1.8561649224754484e-39,-286.85160246492666,-0.26053339803283115,0.24725309726532679,-59.42547687454934
5.5,6,347.6537604619361,-8.5445004557427443e-06,-6.2247115476773353e-06,-1.9264706407513754e-08,0.0,0.0,0.0,0.0
5.5,7,347.58573308455806,-5.567628482103064e-06,-5.162733829392435e-06,-2.9779729503901636e-08,0.0,0.0,0.0,0.0
5.5,8,300.0,3.6091020405012828e-34,7.3010368683484634e-35,-3.7886494423021469e-37,-574.95645415697732,-127.89317270072587,0.076891149669538361,-119.14964631114114
5.5,9,323.82688023096796,-4.9472953486274936e-06,-1.8933723980864249e-06,-3.6593923614656375e-08,0.0,0.0,0.0,0.0
5.5,10,347.619746773247,-6.5301082010537459e-06,-5.7372174276567128e-06,5.777966850981201e-08,0.0,0.0,0.0,0.0
5.5,11,323.79286654227906,-2.9419174995230685e-06,-2.2051735267499892e-06,-3.6985249235972122e-09,0.0,0.0,0.0,0.0
5.5,12,300.0,-6.0583487131685195e-39,1.7144545079737175e-39,-7.1519456012101438e-39,1352.5746286978717,125.76081847223914,0.38192958945803279,0.0
5.5,13,300.0,3.6426157099687479e-40,1.3142328590344458e-39,-7.5713980524375652e-39,1529.6818602452911,250.48786679026966,0.038122548612522872,0.0
5.5,14,347.65376046193603,-8.6375767758645117e-06,-6.308271049444786e-06,2.9054357510935354e-09,0.0,0.0,0.0,0.0
5.5,15,347.58573308455806,-5.6002046577317107e-06,-5.1373192309645482e-06,2.807093024832535e-09,0.0,0.0,0.0,0.0
5.5,16,300.0,-1.5237091781895681e-33,-3.7631049313908048e-34,1.4447317998265833e-37,2229.9591526359,465.10582486967195,0.15225484218952445,0.0
5.5,17,323.8268802309681,-4.9532572965913304e-06,-1.8932422699283816e-06,3.556054147164016e-08,0.0,0.0,0.0,0.0
5.5,18,347.6197467732471,-6.5425920399894999e-06,-5.7431524128120709e-06,-5.1585274117372253e-08,0.0,0.0,0.0,0.0
5.5,19,323.79286654227906,-2.945072223459172e-06,-2.2046269491181639e-06,4.0144923486976688e-09,0.0,0.0,0.0,0.0
5.5,20,300.0,7.4869768120989391e-39,-1.6722163905236745e-39,-5.5117480850910605e-39,1352.9447554217802,125.83113097991838,0.1274022564693339,0.0
5.5,21,347.60665623505815,-4.8513045242981593e-06,-4.4132096549682925e-06,3.8681076645368322e-09,0.0,0.0,0.0,0.0
5.5,22,300.0,3.4485806037368752e-34,1.2348603796944493e-34,5.3956970909011693e-37,-415.62890652343151,-231.79867397794041,-0.15752473800760508,-119.06898852879178
5.5,23,347.60665623505815,-4.850687621396391e-06,-4.4147133671054693e-06,-2.8912078067125869e-09,0.0,0.0,0.0,0.0
5.5,24,300.0,3.4497913210737326e-34,1.2342506905880456e-34,-5.1153296525241489e-37,-415.60365724440896,-231.73856638758778,0.21716080956218253,-119.06898852879182
5.5,25,347.59619465980813,-5.026710058573196e-06,-4.7414430958027647e-06,1.2192422873921371e-08,0.0,0.0,0.0,0.0
5.5,26,323.8033281175291,-2.4617715905630071e-06,-2.336639691963718e-06,7.8306953972417506e-10,0.0,0.0,0.0,0.0
5.5,27,300.0,-3.4416585466324295e-39,2.3825908735529792e-39,-1.9535382892741586e-39,925.63097805196651,360.75764718629955,0.21861161600275966,0.0
5.5,28,347.60665623505815,-4.8607023173879044e-06,-4.4270222622066148e-06,4.8785162428642161e-10,0.0,0.0,0.0,0.0
5.5,29,300.0,-1.4716461384078975e-33,-2.8605272838361043e-34,2.1183951676983758e-37,1643.8286450968747,554.54294129196364,-0.042664222670630803,0.0
5.5,30,347.59619465980813,-5.0312406252543899e-06,-4.744417520054758e-06,-8.610906895505837e-09,0.0,0.0,0.0,0.0
5.5,31,323.8033281175291,-2.4616744272490753e-06,-2.3349950490634244e-06,7.6016765159333468e-11,0.0,0.0,0.0,0.0
5.5,32,300.0,2.5052238947044632e-39,-2.3116425072407535e-39,-1.7115669868402392e-39,925.70799630964314,360.79552256533668,-0.19285252503765271,0.0
5.5,33,347.6527063973086,-4.4957726429734991e-06,-5.1328134300901159e-06,-4.675387721164938e-08,0.0,0.0,0.0,0.0
5.5,34,300.0,2.0271231482887382e-34,4.9237448585340398e-35,-3.8685300612718625e-37,-249.0108618487435,-137.87471430409948,1.1265363403034063,-118.94300489335242
5.5,35,347.6527063973086,-4.4875203256675879e-06,-5.1300918014616453e-06,4.2671954949381975e-08,0.0,0.0,0.0,0.0
5.5,36,300.0,2.0279901959363027e-34,4.9218374245814133e-35,4.0024013896347987e-37,-249.14119462778478,-137.94145446315247,-1.0413654061319511,-118.94300489335234
5.5,37,347.62968131618334,-4.8321235645853813e-06,-4.7249054933971244e-06,-1.4512489811352498e-08,0.0,0.0,0.0,0.0
5.5,38,323.82635319865426,-2.0424247598838889e-06,-2.2250823825045863e-06,1.1458387707674478e-08,0.0,0.0,0.0,0.0
5.5,39,300.0,1.9342997518483887e-39,2.0383723985404858e-39,1.6084160263213529e-39,726.74040965983033,375.54200234991777,-0.57101630864425224,0.0
5.5,40,347.6527063973086,-4.4111589830293821e-06,-5.0960848612803038e-06,-2.0438032147503617e-09,0.0,0.0,0.0,0.0
5.5,41,300.0,-9.7765598035421276e-34,-8.3735640810063185e-35,7.2449950446390788e-38,1099.1795431175938,467.99662506188992,-0.064705461735057604,0.0
5.5,42,347.62968131618334,-4.8267758885206456e-06,-4.7241231113332565e-06,1.3023120284723455e-08,0.0,0.0,0.0,0.0
5.5,43,323.82635319865426,-2.0396483745497695e-06,-2.2233722347392345e-06,-1.1283926973713433e-08,0.0,0.0,0.0,0.0
5.5,44,300.0,-1.1765972852656814e-39,-2.0441821194410869e-39,1.2045845516095689e-39,726.76501412986886,375.51989604907169,0.38430906029677742,0.0
5.5,45,347.6081512315978,-1.4252409513784462e-06,-6.2095244454766814e-06,-1.0877718614973598e-08,0.0,0.0,0.0,0.0
5.5,46,300.0,4.5844436243958588e-40,1.2225234320199099e-39,-7.7986446374410137e-40,-122.06912209463573,0.02187187045305207,-0.35784354014237157,-59.6030123013947
5.5,47,347.6081512315979,-1.4166066222204848e-06,-6.2043251691486748e-06,3.1030135651796e-09,0.0,0.0,0.0,0.0
5.5,48,300.0,-1.9941508906853177e-40,1.3438746716523928e-40,-5.2594064840173555e-40,-122.11460659526877,-0.057223785145669233,0.35867235116406621,-59.60301230139464
5.5,49,347.6304288144532,-3.5085161996051749e-06,-5.7175793848738761e-06,-4.2950252059740451e-08,0.0,0.0,0.0,0.0
5.5,50,323.80407561579887,-4.3070840590627701e-08,-1.9020655000732548e-06,7.6933773713708763e-09,0.0,0.0,0.0,0.0
5.5,51,300.0,4.9213152637190141e-39,1.3798554770657692e-39,4.9524888968419178e-39,303.20763465996066,130.2491942909875,0.12206480302336767,0.0
5.5,52,347.60815123159784,-1.4085215340349119e-06,-6.2441867797507192e-06,-3.8890112480085995e-09,0.0,0.0,0.0,0.0
5.5,53,300.0,2.1037498059167967e-40,-1.2426229400410455e-39,6.2861618038340174e-39,128.63815993421397,258.17984301238232,-0.045023385828416501,0.0
5.5,54,347.63042881445324,-3.4991163193754619e-06,-5.7134474900737642e-06,3.710856669369755e-08,0.0,0.0,0.0,0.0
5.5,55,323.804075615799,-4.0167578054803439e-08,-1.9006247908782368e-06,-9.2536733441774002e-09,0.0,0.0,0.0,0.0
5.5,56,300.0,-5.8274654534120788e-39,-1.4893817601730782e-39,3.5947330266321393e-39,302.94574372359574,130.16730252261041,-0.16737702648632222,0.0
5.5,57,352.37596976816326,-8.3731950281291741e-06,-1.4348291068965102e-05,8.2923529264364502e-39,0.0,0.0,-6.0025548158437845,0.0
5.5,58,400.0,-1.0000000000000001e-05,-2.0000000000000002e-05,-1.0559808502626697e-40,486.0120611484648,180.79580125668366,-2.4176162529108502,142.8633255264913
5.5,59,400.0,-1.0000000000000001e-05,-2.0000000000000002e-05,-9.0911066335280391e-37,802.54014382168486,250.00071938830445,-0.86516043436226775,238.0911249927263
5.5,60,352.38114265479743,-4.9485497345511681e-06,-1.5662927899918387e-05,-1.5337695626832665e-36,0.0,0.0,0.25204491380993954,0.0
5.5,61,352.37596976816315,-8.3901097182374278e-06,-1.4352982262323749e-05,-4.9538710805821576e-08,0.0,0.0,0.0,0.0
5.5,62,400.0,-1.0000000000000001e-05,-2.0000000000000002e-05,8.3859241343107326e-09,485.83525352557729,180.9232298021638,0.0,142.86332552649145
5.5,63,400.0,-1.0000000000000001e-05,-2.0000000000000002e-05,-2.1814301820947406e-09,802.42771792711119,249.51102257920036,0.0,238.0911249927267
5.5,64,352.38114265479743,-4.9436683529657643e-06,-1.5663836529195895e-05,1.3248342641522151e-08,0.0,0.0,0.0,0.0
5.5,65,376.18798488408163,-9.7298286893419597e-06,-1.803645778276302e-05,3.1681169888646376e-39,0.0,0.0,6.4011044559976167,0.0
5.5,66,400.0,-1.0000000000000001e-05,-2.0000000000000002e-05,7.7064797262388134e-40,-1447.5832171975558,-663.56062890176577,2.8531332808070315,0.0
5.5,67,376.19057132739874,-7.3800596352763149e-06,-1.7704266727103757e-05,2.314234080756124e-36,0.0,0.0,-0.52985778373722803,0.0
5.5,68,352.3785562114804,-5.3576680429292632e-06,-1.5076413793289394e-05,9.1385900946965423e-38,0.0,0.0,0.34025664928471588,0.0
5.5,69,352.3759697681632,-8.3194363111760359e-06,-1.4330152818051113e-05,-1.872709534286956e-08,0.0,0.0,0.0,0.0
5.5,70,400.0,-1.0000000000000001e-05,-2.0000000000000002e-05,-1.0987259469228177e-09,-927.07996627091086,-594.57593705231125,0.0,0.0
5.5,71,400.0,-1.0000000000000001e-05,-2.0000000000000002e-05,6.816410292300371e-10,-3468.6244402261409,-980.18882644191774,0.0,0.0
5.5,72,352.38114265479743,-4.9630860877833284e-06,-1.5666378812933816e-05,3.8760562083432604e-09,0.0,0.0,0.0,0.0
5.5,73,376.1879848840815,-9.7421437362961309e-06,-1.8044133647204735e-05,-1.7248726829194664e-09,0.0,0.0,0.0,0.0
5.5,74,400.0,-1.0000000000000001e-05,-2.0000000000000002e-05,6.7883959219769255e-09,-1446.5409104694413,-663.66145020371675,0.0,0.0
5.5,75,376.19057132739874,-7.3770967413799138e-06,-1.7704483045205169e-05,3.6011288242305088e-10,0.0,0.0,0.0,0.0
5.5,76,352.37855621148026,-5.3649028593737605e-06,-1.5079468807965829e-05,-1.246153165986759e-08,0.0,0.0,0.0,0.0
5.5,77,400.0,-1.0000000000000001e-05,-2.0000000000000002e-05,9.9596073645247685e-41,389.7049722809416,61.898653652553762,1.2858542387979279,95.23567839001154
5.5,78,352.388124256147,-1.5581350899561036e-06,-1.3999700706167747e-05,2.846643950391462e-39,0.0,0.0,1.7670205038326536,0.0
5.5,79,400.0,-1.0000000000000001e-05,-2.0000000000000002e-05,-9.596282209452222e-09,389.48847315017446,61.891769405708537,0.0,95.2356783900116
5.5,80,352.388124256147,-1.5492079692668907e-06,-1.3999149792285969e-05,1.7335456350868111e-08,0.0,0.0,0.0,0.0
5.5,81,400.0,-1.0000000000000001e-05,-2.0000000000000002e-05,-1.3552634545634772e-39,-1889.8502557690654,-327.92692081011438,-1.1207427984768468,0.0
5.5,82,376.1940621280735,-5.1992517734683167e-06,-1.8134245241941995e-05,-1.2548609164986905e-39,0.0,0.0,-4.8012882420000214,0.0
5.5,83,352.3846334554722,-4.187189776841183e-06,-1.4778363261128551e-05,-7.6411035014939144e-38,0.0,0.0,2.7794585729430437,0.0
5.5,84,400.0,-1.0000000000000001e-05,-2.0000000000000002e-05,-1.8367692416369482e-09,-2236.6907565562178,-411.74227003849757,0.0,0.0
5.5,85,352.388124256147,-1.595400276336984e-06,-1.4012336288179114e-05,7.058076989238769e-09,0.0,0.0,0.0,0.0
5.5,86,400.0,-1.0000000000000001e-05,-2.0000000000000002e-05,-7.5158932827119318e-09,-1890.1405280304214,-328.51555155239805,0.0,0.0
5.5,87,376.1940621280735,-5.1913213452165884e-06,-1.8131006656680822e-05,-8.5556228194310941e-09,0.0,0.0,0.0,0.0
5.5,88,352.3846334554722,-4.1780148090394907e-06,-1.4778284114562797e-05,1.9795319014056649e-08,0.0,0.0,0.0,0.0
5.600000023841858,1,300.0,-1.0432902076569994e-39,4.0459388407986764e-40,6.9160042652660242e-40,-286.84900704908131,-0.31466626818052307,-0.4816783594941324,-59.42547687454945
5.600000023841858,2,347.653760461936,-8.5273108032093425e-06,-6.2178958442431848e-06,2.5446802564512849e-08,0.0,0.0,0.0,0.0
5.600000023841858,3,347.58573308455806,-5.5589683354123166e-06,-5.1584835990130944e-06,3.5602032761826072e-08,0.0,0.0,0.0,0.0
5.600000023841858,4,300.0,3.6093886190120392e-34,7.3059620488997868e-35,4.9333450033252004e-37,-575.08485878823535,-127.92753929612678,-0.26587219439298754,-119.14964631114094
5.600000023841858,5,300.0,1.4021682142604853e-40,-8.8132113590525872e-40,1.2550052045317789e-39,-286.85149230718184,-0.26242860708588223,0.24999148428538753,-59.42547687454934
5.600000023841858,6,347.6537604619361,-8.5445749522205954e-06,-6.2246559708611141e-06,-1.9017323544151579e-08,0.0,0.0,0.0,0.0
5.600000023841858,7,347.58573308455806,-5.5676867778389004e-06,-5.1626447526006082e-06,-2.9610831812454222e-08,0.0,0.0,0.0,0.0
5.600000023841858,8,300.0,3.6090927099631911e-34,7.3012087052301855e-35,-3.789672970127252e-37,-574.9523748972108,-127.89532856188548,0.080707392971140213,-119.14964631114105
5.600000023841858,9,323.82688023096796,-4.9472325355926527e-06,-1.8934449340630488e-06,-3.6446971909840807e-08,0.0,0.0,0.0,0.0
5.600000023841858,10,347.619746773247,-6.5300254598046494e-06,-5.7373308155469806e-06,5.805708785847388e-08,0.0,0.0,0.0,0.0
5.600000023841858,11,323.79286654227906,-2.9418548332809969e-06,-2.2052330031354995e-06,-3.6288369982776573e-09,0.0,0.0,0.0,0.0
5.600000023841858,12,300.0,-4.3396951167443126e-39,1.2009560136057502e-39,-4.9677691908763728e-39,1352.5635073132216,125.76368718047563,0.37022433124045684,0.0
5.600000023841858,13,300.0,3.834632520125497e-40,8.4007542021030877e-40,-5.3162090919032305e-39,1529.6836479911931,250.48935767050403,0.025246136280131587,0.0
5.600000023841858,14,347.65376046193603,-8.6375774250182483e-06,-6.3082525940156134e-06,3.216503914626243e-09,0.0,0.0,0.0,0.0
5.600000023841858,15,347.58573308455806,-5.6002044562661558e-06,-5.1373215375422116e-06,2.9961537855403645e-09,0.0,0.0,0.0,0.0
5.600000023841858,16,300.0,-1.5237086821264047e-33,-3.7631088092189206e-34,1.5156810255000956e-37,2229.9590156519203,465.10626825909799,0.13706939120508707,0.0
5.600000023841858,17,323.8268802309681,-4.9533276025016964e-06,-1.8932130841907575e-06,3.5674401017381207e-08,0.0,0.0,0.0,0.0
5.600000023841858,18,347.6197467732471,-6.5426738264178716e-06,-5.7430799154446646e-06,-5.1353779605327116e-08,0.0,0.0,0.0,0.0
5.600000023841858,19,323.79286654227906,-2.9451314674254459e-06,-2.2045618830076817e-06,4.0910655617091248e-09,0.0,0.0,0.0,0.0
5.600000023841858,20,300.0,5.290359835818528e-39,-1.172972225998087e-39,-3.9266501769075409e-39,1352.9578504753788,125.82832212824501,0.11748841773591223,0.0
5.600000023841858,21,347.60665623505815,-4.851286348520022e-06,-4.4132889558439282e-06,3.9082953711620875e-09,0.0,0.0,0.0,0.0
5.600000023841858,22,300.0,3.4485616579338518e-34,1.2348598867506948e-34,5.4294505129228794e-37,-415.62941656686144,-231.7982357308187,-0.15792064352329632,-119.06898852879188
5.600000023841858,23,347.6066562350581,-4.8506958275903237e-06,-4.4146525938162125e-06,-2.8697026543285858e-09,0.0,0.0,0.0,0.0
5.600000023841858,24,300.0,3.4498148464822075e-34,1.2342693920358803e-34,-5.0924549540457938e-37,-415.60266163740232,-231.74106846274805,0.21792196038069728,-119.06898852879208
5.600000023841858,25,347.59619465980813,-5.0266659695388131e-06,-4.7415200840250102e-06,1.2324552733020753e-08,0.0,0.0,0.0,0.0
5.600000023841858,26,323.8033281175291,-2.4617560038324412e-06,-2.3367074438844295e-06,7.9299250630980096e-10,0.0,0.0,0.0,0.0
5.600000023841858,27,300.0,-2.4488295540014588e-39,1.666928630733034e-39,-1.3860030004451588e-39,925.62472128487161,360.76162171096547,0.21508236541001763,0.0
5.600000023841858,28,347.60665623505815,-4.8607085777377547e-06,-4.4270209575768775e-06,5.1890075944981913e-10,0.0,0.0,0.0,0.0
5.600000023841858,29,300.0,-1.4716461920015679e-33,-2.8605504559405049e-34,2.1148003786950958e-37,1643.8286620219103,554.54571609569052,-0.044605944257105457,0.0
5.600000023841858,30,347.5961946598081,-5.0312779846925614e-06,-4.7443416130481493e-06,-8.5191200778276208e-09,0.0,0.0,0.0,0.0
5.600000023841858,31,323.8033281175291,-2.4616828244173988e-06,-2.3349339672134531e-06,8.6946424456644577e-11,0.0,0.0,0.0,0.0
5.600000023841858,32,300.0,1.8224547993806404e-39,-1.623160985710791e-39,-1.2408339164252698e-39,925.71295351181425,360.7916305387206,-0.19619213120347306,0.0
5.600000023841858,33,347.65270639730863,-4.4958301540096292e-06,-5.1328825889976959e-06,-4.6935878397469904e-08,0.0,0.0,0.0,0.0
5.600000023841858,34,300.0,2.0270922421720125e-34,4.9236506350845294e-35,-3.8460729354807015e-37,-249.00973410574926,-137.87373660150871,1.1261972267760643,-118.94300489335225
5.600000023841858,35,347.6527063973086,-4.4875052671695645e-06,-5.1300473208730908e-06,4.2593256084010447e-08,0.0,0.0,0.0,0.0
5.600000023841858,36,300.0,2.0280247856519092e-34,4.9218364956680649e-35,4.0455747263464164e-37,-249.14430239804321,-137.94274677970969,-1.0449278538432956,-118.94300489335218
5.600000023841858,37,347.6296813161834,-4.8321436289903816e-06,-4.7249806301025553e-06,-1.4584652665601136e-08,0.0,0.0,0.0,0.0
5.600000023841858,38,323.8263531986543,-2.0424743659164719e-06,-2.2251458146096973e-06,1.1413207880256441e-08,0.0,0.0,0.0,0.0
5.600000023841858,39,300.0,1.3058192434223371e-39,1.4339631720951539e-39,1.0760367748260323e-39,726.7430307337919,375.54547417516397,-0.56888320371875523,0.0
5.600000023841858,40,347.65270639730863,-4.4111454131986185e-06,-5.0960780038486755e-06,-2.1733308834065843e-09,0.0,0.0,0.0,0.0
5.600000023841858,41,300.0,-9.7765682483860964e-34,-8.3734576433851792e-35,6.5134327831893247e-38,1099.1812395848656,467.99668369726015,-0.053966642287223601,0.0
5.600000023841858,42,347.62968131618334,-4.8267690796074669e-06,-4.7240693534810617e-06,1.2989798761491873e-08,0.0,0.0,0.0,0.0
5.600000023841858,43,323.82635319865426,-2.0396214889930385e-06,-2.2233225412506971e-06,-1.1334126941740075e-08,0.0,0.0,0.0,0.0
5.600000023841858,44,300.0,-7.9530124390217998e-40,-1.4390893800817652e-39,8.2713417159527442e-40,726.76347608632148,375.51642142164684,0.38606190524922374,0.0
5.600000023841858,45,347.60815123159784,-1.4252887465822076e-06,-6.2095355410564569e-06,-1.109193408380117e-08,0.0,0.0,0.0,0.0
5.600000023841858,46,300.0,3.6518524776768725e-40,8.4256472693672315e-40,-5.4122459150274503e-40,-122.06802939172256,0.023797763185583035,-0.35908502260457409,-59.603012301394756
5.600000023841858,47,347.6081512315979,-1.416530917693063e-06,-6.2042178172080495e-06,2.8615875077820501e-09,0.0,0.0,0.0,0.0
5.600000023841858,48,300.0,-8.1411447761062805e-41,6.6371018887274428e-41,-3.549480943183263e-40,-122.11440083468075,-0.057243639826859281,0.35793526786958219,-59.60301230139469
5.600000023841858,49,347.63042881445324,-3.508582080292782e-06,-5.7176175322165048e-06,-4.3177133100880932e-08,0.0,0.0,0.0,0.0
5.600000023841858,50,323.8040756157989,-4.3115002627454856e-08,-1.9020858394323777e-06,7.6138008810103756e-09,0.0,0.0,0.0,0.0
5.600000023841858,51,300.0,3.4459327956627236e-39,9.7638174778708617e-40,3.4071771523789226e-39,303.21565756724345,130.25159074728757,0.1296964732486714,0.0
5.600000023841858,52,347.60815123159784,-1.4085284501023711e-06,-6.2442123260349709e-06,-4.1162355354852509e-09,0.0,0.0,0.0,0.0
5.600000023841858,53,300.0,3.715247171284824e-41,-8.3052477863964312e-40,4.3848273892026092e-39,128.63756539267916,258.17811851108615,-0.034785258815027004,0.0
5.600000023841858,54,347.63042881445324,-3.4990606511260501e-06,-5.7133738649995263e-06,3.6965411104996082e-08,0.0,0.0,0.0,0.0
5.600000023841858,55,323.804075615799,-4.0108311939974029e-08,-1.9005555688035798e-06,-9.3611561378161685e-09,0.0,0.0,0.0,0.0
5.600000023841858,56,300.0,-4.0559393127465502e-39,-1.0540968847529206e-39,2.5414940889444171e-39,302.93640699421644,130.16471876754591,-0.16126128445411186,0.0
5.600000023841858,57,352.3759697681633,-8.3731282999283318e-06,-2.0348260029272212e-05,4.560940696765564e-39,0.0,0.0,-5.9871221521620983,0.0
5.600000023841858,58,400.0,-1.0000000000000001e-05,-2.6000000000000002e-05,-2.88350701656657e-40,486.00982862920745,180.79573538111003,-2.4197606551345063,142.8633255264912
5.600000023841858,59,400.0,-1.0000000000000001e-05,-2.6000000000000002e-05,-9.1100909309341464e-37,802.53998077087124,249.99989483673278,-0.86589679001525344,238.0911249927263
5.600000023841858,60,352.38114265479743,-4.9485624041090419e-06,-2.1662936579863943e-05,-1.5259995604444606e-36,0.0,0.0,0.2476535299846693,0.0
5.600000023841858,61,352.3759697681631,-8.3901959411936319e-06,-2.0353011448228046e-05,-4.9676130627745517e-08,0.0,0.0,0.0,0.0
5.600000023841858,62,400.0,-1.0000000000000001e-05,-2.6000000000000002e-05,8.357559772914093e-09,485.83664464998839,180.92420082341124,0.0,142.86332552649128
5.600000023841858,63,400.0,-1.0000000000000001e-05,-2.6000000000000002e-05,-2.1776287302719861e-09,802.42732038901272,249.5101088254832,0.0,238.09112499272675
5.600000023841858,64,352.3811426547975,-4.9436604062092717e-06,-2.1663846086742804e-05,1.3255629737231671e-08,0.0,0.0,0.0,0.0
5.600000023841858,65,376.18798488408163,-9.7297991604787997e-06,-2.403644466886496e-05,2.8378249139141332e-39,0.0,0.0,6.4120208803395045,0.0
5.600000023841858,66,400.0,-1.0000000000000001e-05,-2.6000000000000002e-05,7.1657066784894057e-40,-1447.5878149618909,-663.56189170298671,2.8560043443479781,0.0
5.600000023841858,67,376.19057132739874,-7.3800649918573147e-06,-2.3704253452230376e-05,2.3184788326808779e-36,0.0,0.0,-0.53014203321038145,0.0
5.600000023841858,68,352.3785562114804,-5.3576178397001746e-06,-2.1076401131961587e-05,6.4272446129200129e-38,0.0,0.0,0.37508056492878383,0.0
5.600000023841858,69,352.3759697681632,-8.3194313044909449e-06,-2.0330153091086906e-05,-1.8843770305109509e-08,0.0,0.0,0.0,0.0
5.600000023841858,70,400.0,-1.0000000000000001e-05,-2.6000000000000002e-05,-1.0940845971824301e-09,-927.07916073197396,-594.57684317711721,0.0,0.0
5.600000023841858,71,400.0,-1.0000000000000001e-05,-2.6000000000000002e-05,6.8096896625898328e-10,-3468.6238320289576,-980.18707250155717,0.0,0.0
5.600000023841858,72,352.3811426547975,-4.9630852328897113e-06,-2.1666374328619251e-05,3.8876712833229057e-09,0.0,0.0,0.0,0.0
5.600000023841858,73,376.1879848840815,-9.7421830904205467e-06,-2.4044145897319496e-05,-1.7386272233887768e-09,0.0,0.0,0.0,0.0
5.600000023841858,74,400.0,-1.0000000000000001e-05,-2.6000000000000002e-05,6.7815838378629382e-09,-1446.5362884316191,-663.66023993356032,0.0,0.0
5.600000023841858,75,376.19057132739874,-7.3770936624153936e-06,-2.370450526366696e-05,3.627351574702759e-10,0.0,0.0,0.0,0.0
5.600000023841858,76,352.37855621148026,-5.3649648753593809e-06,-2.1079489678592934e-05,-1.2535363700234954e-08,0.0,0.0,0.0,0.0
5.600000023841858,77,400.0,-1.0000000000000001e-05,-2.6000000000000002e-05,1.9874064439600551e-40,389.7055822563799,61.897843967846377,1.2871059336936153,95.23567839001153
5.600000023841858,78,352.388124256147,-1.5581917893453761e-06,-1.9999705839132269e-05,2.3899422315636404e-39,0.0,0.0,1.761795842286616,0.0
5.600000023841858,79,400.0,-1.0000000000000001e-05,-2.6000000000000002e-05,-9.5650936243552942e-09,389.48864273929172,61.891780394692184,0.0,95.23567839001151
5.600000023841858,80,352.388124256147,-1.5491324440437442e-06,-1.9999159112014454e-05,1.7444056300353928e-08,0.0,0.0,0.0,0.0
5.600000023841858,81,400.0,-1.0000000000000001e-05,-2.6000000000000002e-05,-1.0801257504795694e-39,-1889.8475926799042,-327.92742953889331,-1.1241568681420915,0.0
5.600000023841858,82,376.1940621280735,-5.1992762195854189e-06,-2.413423731416729e-05,-1.294228185853283e-39,0.0,0.0,-4.8069403144094061,0.0
5.600000023841858,83,352.3846334554722,-4.1872331068763766e-06,-2.0778371145428904e-05,-5.2362686468766533e-38,0.0,0.0,2.7499138801554146,0.0
5.600000023841858,84,400.0,-1.0000000000000001e-05,-2.6000000000000002e-05,-1.8344297209098334e-09,-2236.6914907400292,-411.7414924223749,0.0,0.0
5.600000023841858,85,352.388124256147,-1.5954043837850396e-06,-2.0012331996918117e-05,7.1467024033418672e-09,0.0,0.0,0.0,0.0
5.600000023841858,86,400.0,-1.0000000000000001e-05,-2.6000000000000002e-05,-7.5047761047316632e-09,-1890.1432764936383,-328.51500967176867,0.0,0.0
5.600000023841858,87,376.1940621280735,-5.191287578817714e-06,-2.4131022348202658e-05,-8.5439769525247674e-09,0.0,0.0,0.0,0.0
5.600000023841858,88,352.3846334554722,-4.1779648406307897e-06,-2.0778292567642743e-05,1.9862549415583453e-08,0.0,0.0,0.0,0.0
5.699999988079071,1,300.0,-7.7815229669993483e-40,3.0257999264977933e-40,5.0799892716418176e-40,-286.85121739944469,-0.31381837654619732,-0.4802862143989593,-59.4254768745494
5.699999988079071,2,347.653760461936,-8.5272719626876453e-06,-6.2180029041702265e-06,2.5708808482646435e-08,0.0,0.0,0.0,0.0
5.699999988079071,3,347.585733084558,-5.5589189783461149e-06,-5.1585345372451424e-06,3.5749703009128402e-08,0.0,0.0,0.0,0.0
5.699999988079071,4,300.0,3.6093882322714363e-34,7.3059147512114891e-35,4.9377408762031783e-37,-575.08804262431397,-127.92717233538508,-0.263679322351283,-119.14964631114114
5.699999988079071,5,300.0,7.3622675996902865e-41,-5.9733100325829536e-40,8.5220421183891659e-40,-286.85145577211296,-0.26372648513573405,0.25187766709360915,-59.425476874549304
5.699999988079071,6,347.6537604619361,-8.5446308380101336e-06,-6.224615125005345e-06,-1.8834521556607418e-08,0.0,0.0,0.0,0.0
5.699999988079071,7,347.5857330845581,-5.5677303733732527e-06,-5.1625821993751863e-06,-2.9486409890286286e-08,0.0,0.0,0.0,0.0
5.699999988079071,8,300.0,3.6090867664610326e-34,7.3013249730285978e-35,-3.7900751325694709e-37,-574.9495834490574,-127.89677400849149,0.083388670575066659,-119.14964631114115
5.699999988079071,9,323.82688023096796,-4.9471881100334893e-06,-1.8934952350803342e-06,-3.6342638177067288e-08,0.0,0.0,0.0,0.0
5.699999988079071,10,347.619746773247,-6.5299671845848522e-06,-5.7374096859058482e-06,5.8251466055025397e-08,0.0,0.0,0.0,0.0
5.699999988079071,11,323.792866542279,-2.9418102980866225e-06,-2.2052750698230598e-06,-3.5784199039336505e-09,0.0,0.0,0.0,0.0
5.699999988079071,12,300.0,-3.1120378623173325e-39,8.4309537920584754e-40,-3.4624819283389441e-39,1352.5554979664328,125.76571279333295,0.36198155495121864,0.0
5.699999988079071,13,300.0,3.5476767128818422e-40,5.3719038401129545e-40,-3.7424425428130138e-39,1529.6850809694238,250.49031136035427,0.016112166490551305,0.0
5.699999988079071,14,347.65376046193603,-8.6375768713779967e-06,-6.3082403555263124e-06,3.4382331843706695e-09,0.0,0.0,0.0,0.0
5.699999988079071,15,347.58573308455806,-5.6002038017695751e-06,-5.1373231253855252e-06,3.1320358943700915e-09,0.0,0.0,0.0,0.0
5.699999988079071,16,300.0,-1.5237084995866361e-33,-3.7631107680350588e-34,1.5665806250953082e-37,2229.9592226843265,465.10646088019519,0.12621624345200844,0.0
5.699999988079071,17,323.8268802309681,-4.9533790807739859e-06,-1.8931916022135355e-06,3.5755661944577527e-08,0.0,0.0,0.0,0.0
5.699999988079071,18,347.61974677324713,-6.5427344725040995e-06,-5.7430281310889939e-06,-5.1184398503481471e-08,0.0,0.0,0.0,0.0
5.699999988079071,19,323.79286654227906,-2.9451747233763394e-06,-2.2045159652629559e-06,4.1455789701174512e-09,0.0,0.0,0.0,0.0
5.699999988079071,20,300.0,3.7480064317771313e-39,-8.243462466955165e-40,-2.8022876694691104e-39,1352.9671975225458,125.82633762281834,0.11037686667195823,0.0
5.699999988079071,21,347.60665623505815,-4.8512733568162051e-06,-4.4133444278513664e-06,3.9378856907267828e-09,0.0,0.0,0.0,0.0
5.699999988079071,22,300.0,3.4485484981140708e-34,1.2348587522303151e-34,5.4527080138773336e-37,-415.62987936846537,-231.79782453284997,-0.15812778663116228,-119.06898852879178
5.699999988079071,23,347.6066562350582,-4.8507029063568043e-06,-4.414608998418634e-06,-2.8515677127732511e-09,0.0,0.0,0.0,0.0
5.699999988079071,24,300.0,3.4498313219668866e-34,1.2342817472949367e-34,-5.0759169193543125e-37,-415.60195529040732,-231.74272873155911,0.21845249820581192,-119.06898852879172
5.699999988079071,25,347.5961946598081,-5.0266346314389403e-06,-4.7415741846696016e-06,1.241805867500864e-08,0.0,0.0,0.0,0.0
5.699999988079071,26,323.8033281175291,-2.4617446592084967e-06,-2.3367552129188558e-06,8.009444155649308e-10,0.0,0.0,0.0,0.0
5.699999988079071,27,300.0,-1.7477665038139455e-39,1.1692502706035161e-39,-9.8698383006496593e-40,925.62021228428091,360.76442698536079,0.21254009864734,0.0
5.699999988079071,28,347.60665623505815,-4.860712596066212e-06,-4.4270202305952287e-06,5.4289575995804311e-10,0.0,0.0,0.0,0.0
5.699999988079071,29,300.0,-1.4716462431771455e-33,-2.8605650031243572e-34,2.1132549697736505e-37,1643.8287542175956,554.5474440048647,-0.046129584314281241,0.0
5.699999988079071,30,347.59619465980813,-5.0313062224313629e-06,-4.7442878457432404e-06,-8.4499242696527718e-09,0.0,0.0,0.0,0.0
5.699999988079071,31,323.8033281175291,-2.4616897275554365e-06,-2.3348903847942591e-06,9.5380847755195648e-11,0.0,0.0,0.0,0.0
5.699999988079071,32,300.0,1.3276970642986145e-39,-1.1414834515438797e-39,-9.0102363020249128e-40,925.71658301692094,360.78887999555604,-0.19863071373909105,0.0
5.699999988079071,33,347.6527063973086,-4.4958689994790661e-06,-5.1329310538186043e-06,-4.7059092095760695e-08,0.0,0.0,0.0,0.0
5.699999988079071,34,300.0,2.0270696782187994e-34,4.9235838870362183e-35,-3.8297522936196609e-37,-249.00884453422231,-137.87298775054899,1.125885886394107,-118.94300489335262
5.699999988079071,35,347.6527063973086,-4.4874930303460538e-06,-5.1300147823301324e-06,4.2535023331897612e-08,0.0,0.0,0.0,0.0
5.699999988079071,36,300.0,2.0280481907904539e-34,4.9218354422535997e-35,4.0753368767243598e-37,-249.1463249378661,-137.94360808989362,-1.047299558009563,-118.94300489335247
5.699999988079071,37,347.62968131618334,-4.8321569070273962e-06,-4.7250332619901781e-06,-1.4632389233931806e-08,0.0,0.0,0.0,0.0
5.699999988079071,38,323.82635319865426,-2.0425081462800279e-06,-2.2251904685689957e-06,1.1381657620038716e-08,0.0,0.0,0.0,0.0
5.699999988079071,39,300.0,8.8002829185543702e-40,1.0110960654420444e-39,7.1954096583392381e-40,726.74477177946244,375.5479349043448,-0.56746963975909326,0.0
5.699999988079071,40,347.6527063973086,-4.4111367817965035e-06,-5.0960735511527019e-06,-2.2634702980355556e-09,0.0,0.0,0.0,0.0
5.699999988079071,41,300.0,-9.7765724189034803e-34,-8.3733820876565754e-35,6.0039111207263365e-38,1099.1821855921862,467.99662053942251,-0.046498933110291907,0.0
5.699999988079071,42,347.6296813161834,-4.8267641177176989e-06,-4.7240304692002194e-06,1.2966503137756269e-08,0.0,0.0,0.0,0.0
5.699999988079071,43,323.82635319865426,-2.0396020127607313e-06,-2.2232868000434794e-06,-1.1368575479074208e-08,0.0,0.0,0.0,0.0
5.699999988079071,44,300.0,-5.3521789235384988e-40,-1.0144306183543235e-39,5.6694787443707073e-40,726.76247326066652,375.51396122484027,0.38724780232723377,0.0
5.699999988079071,45,347.6081512315979,-1.4253217359121072e-06,-6.2095460993583755e-06,-1.1240710007309183e-08,0.0,0.0,0.0,0.0
5.699999988079071,46,300.0,2.8375689341742232e-40,5.8258828014877847e-40,-3.7628720022447772e-40,-122.06722044570276,0.02514106763793221,-0.35995021786655218,-59.60301230139463
5.699999988079071,47,347.6081512315979,-1.4164767345135171e-06,-6.2041435175964313e-06,2.6902915482525627e-09,0.0,0.0,0.0,0.0
5.699999988079071,48,300.0,-1.8312919019171532e-41,2.8483019470613595e-41,-2.3976943598350199e-40,-122.11417676117379,-0.057291977527533892,0.35743795401108164,-59.60301230139466
5.699999988079071,49,347.63042881445324,-3.5086274252146551e-06,-5.7176456578486008e-06,-4.3332386096753541e-08,0.0,0.0,0.0,0.0
5.699999988079071,50,323.804075615799,-4.3145482889435412e-08,-1.9021014655306048e-06,7.5571487904805563e-09,0.0,0.0,0.0,0.0
5.699999988079071,51,300.0,2.4129410973840894e-39,6.9192345528862302e-40,2.3486441634267814e-39,303.221267533429,130.25329528013225,0.13497949931054737,0.0
5.699999988079071,52,347.6081512315979,-1.4085336720454678e-06,-6.2442292887230144e-06,-4.2758925890714695e-09,0.0,0.0,0.0,0.0
5.699999988079071,53,300.0,-4.5934024293538231e-41,-5.5679207690168706e-40,3.0632332929073154e-39,128.63701678516858,258.17695080186695,-0.027610365094544106,0.0
5.699999988079071,54,347.63042881445324,-3.4990200323803433e-06,-5.7133220464119025e-06,3.686150138566803e-08,0.0,0.0,0.0,0.0
5.699999988079071,55,323.804075615799,-4.0066472046984184e-08,-1.9005075285228682e-06,-9.4357132545029294e-09,0.0,0.0,0.0,0.0
5.699999988079071,56,300.0,-2.8260134534492469e-39,-7.4690236504582686e-40,1.7969864521799097e-39,302.92989627829064,130.16288191484639,-0.15694252887408147,0.0
5.699999988079071,57,352.37596976816326,-8.3730813491991437e-06,-2.6348238328510145e-05,2.3708892385149182e-39,0.0,0.0,-5.9767416691614654,0.0
5.699999988079071,58,400.0,-1.0000000000000003e-05,-3.1999999999999999e-05,-3.4467175436004805e-40,486.00814339912358,180.7956380425951,-2.4215603856040517,142.86332552649134
5.699999988079071,59,400.0,-1.0000000000000003e-05,-3.1999999999999999e-05,-9.1242179167828395e-37,802.53983796344573,249.99925140529083,-0.86649593417819637,238.0911249927263
5.699999988079071,60,352.38114265479743,-4.9485707022019786e-06,-2.7662942551971867e-05,-1.5206576545937442e-36,0.0,0.0,0.24469423729959927,0.0
5.699999988079071,61,352.37596976816315,-8.3902600784405708e-06,-2.6353032408035531e-05,-4.9779405563538006e-08,0.0,0.0,0.0,0.0
5.699999988079071,62,400.0,-1.0000000000000003e-05,-3.1999999999999999e-05,8.337478753414724e-09,485.83754721893013,180.9248569009068,0.0,142.8633255264915
5.699999988079071,63,400.0,-1.0000000000000003e-05,-3.1999999999999999e-05,-2.1750329811376919e-09,802.42706690116449,249.50941073727853,0.0,238.09112499272663
5.699999988079071,64,352.3811426547974,-4.9436550192828745e-06,-2.7663853739311999e-05,1.3261065912329832e-08,0.0,0.0,0.0,0.0
5.699999988079071,65,376.18798488408163,-9.7297781498942057e-06,-3.0036435295414258e-05,2.4010592548062982e-39,0.0,0.0,6.4205362454265833,0.0
5.699999988079071,66,400.0,-1.0000000000000003e-05,-3.1999999999999999e-05,6.193595791058969e-40,-1447.5911936540804,-663.56281477665527,2.8582560483101167,0.0
5.699999988079071,67,376.19057132739874,-7.3800684865526925e-06,-2.970424385669427e-05,2.3216742871855106e-36,0.0,0.0,-0.53025292705068128,0.0
5.699999988079071,68,352.3785562114804,-5.3575820054582838e-06,-2.7076392230110898e-05,4.5351161645927305e-38,0.0,0.0,0.39976252560122383,0.0
5.699999988079071,69,352.3759697681632,-8.319426893424701e-06,-2.6330153183891695e-05,-1.8928913382843066e-08,0.0,0.0,0.0,0.0
5.699999988079071,70,400.0,-1.0000000000000003e-05,-3.1999999999999999e-05,-1.0912417946565338e-09,-927.07840359694558,-594.57740150216273,0.0,0.0
5.699999988079071,71,400.0,-1.0000000000000003e-05,-3.1999999999999999e-05,6.8067162682739964e-10,-3468.6234063717757,-980.18572120669069,0.0,0.0
5.699999988079071,72,352.3811426547974,-4.9630847289568529e-06,-2.7666370980683546e-05,3.8956185042350156e-09,0.0,0.0,0.0,0.0
5.699999988079071,73,376.1879848840815,-9.7422127446119416e-06,-3.0044154926118516e-05,-1.7489697668367216e-09,0.0,0.0,0.0,0.0
5.699999988079071,74,400.0,-1.0000000000000003e-05,-3.1999999999999999e-05,6.7770117588391508e-09,-1446.5328970663591,-663.65935007847702,0.0,0.0
5.699999988079071,75,376.1905713273987,-7.3770915675240234e-06,-2.970452156574488e-05,3.6471432400388668e-10,0.0,0.0,0.0,0.0
5.699999988079071,76,352.37855621148026,-5.3650105818388638e-06,-2.7079505034379215e-05,-1.2591170170277377e-08,0.0,0.0,0.0,0.0
5.699999988079071,77,400.0,-1.0000000000000003e-05,-3.1999999999999999e-05,2.2277623588383973e-40,389.70604442457648,61.89726167941653,1.2881348523536713,95.23567839001169
5.699999988079071,78,352.3881242561471,-1.5582307779457802e-06,-2.5999708866422971e-05,1.9260277927350526e-39,0.0,0.0,1.7583406955064631,0.0
5.699999988079071,79,400.0,-1.0000000000000003e-05,-3.1999999999999999e-05,-9.542913834253586e-09,389.48882516929297,61.8918052750629,0.0,95.23567839001156
5.699999988079071,80,352.388124256147,-1.54907802943766e-06,-2.5999166130691201e-05,1.7524205393014484e-08,0.0,0.0,0.0,0.0
5.699999988079071,81,400.0,-1.0000000000000003e-05,-3.1999999999999999e-05,-8.4380085087753616e-40,-1889.8457176432414,-327.92781235944761,-1.1267271369570835,0.0
5.699999988079071,82,376.1940621280735,-5.1992931338684264e-06,-3.0134231441528099e-05,-1.1779493991298092e-39,0.0,0.0,-4.8114144374190753,0.0
5.699999988079071,83,352.3846334554722,-4.1872630621572887e-06,-2.6778376329328553e-05,-3.5943690683539059e-38,0.0,0.0,2.7295958309102537,0.0
5.699999988079071,84,400.0,-1.0000000000000003e-05,-3.1999999999999999e-05,-1.8322512053735275e-09,-2236.6921093233864,-411.74095000790027,0.0,0.0
5.699999988079071,85,352.3881242561471,-1.5954078757006988e-06,-2.6012329081179767e-05,7.2105926982916669e-09,0.0,0.0,0.0,0.0
5.699999988079071,86,400.0,-1.0000000000000003e-05,-3.1999999999999999e-05,-7.4971182717654477e-09,-1890.145196728711,-328.51460119685316,0.0,0.0
5.699999988079071,87,376.1940621280735,-5.1912630154581431e-06,-3.0131033573807739e-05,-8.5353113959591466e-09,0.0,0.0,0.0,0.0
5.699999988079071,88,352.3846334554722,-4.1779288594010405e-06,-2.6778299209789046e-05,1.9912543375161266e-08,0.0,0.0,0.0,0.0
5.800000011920929,1,300.0,-5.7842514729444318e-40,2.2504769982264024e-40,3.7274886805299049e-40,-286.85284932466061,-0.31319553261169031,-0.47926681817183936,-59.425476874549304
5.800000011920929,2,347.6537604619361,-8.5272445355716606e-06,-6.2180771154751718e-06,2.5891568175199202e-08,0.0,0.0,0.0,0.0
5.800000011920929,3,347.58573308455806,-5.5588840068589821e-06,-5.1585705782005374e-06,3.5854042645123154e-08,0.0,0.0,0.0,0.0
5.800000011920929,4,300.0,3.6093887678229925e-34,7.3058779311133455e-35,4.9405234970058043e-37,-575.09043621382818,-127.92685976491009,-0.26209409733801642,-119.14964631114104
5.800000011920929,5,300.0,3.6009651221540599e-41,-4.0618967468087697e-40,5.8121462976332731e-40,-286.85145524669537,-0.26461817351087341,0.25318263527206702,-59.425476874549396
5.800000011920929,6,347.653760461936,-8.5446725625053338e-06,-6.2245851980305198e-06,-1.8699786385668825e-08,0.0,0.0,0.0,0.0
5.800000011920929,7,347.58573308455806,-5.5677628528800806e-06,-5.1625381772376478e-06,-2.9394886710201074e-08,0.0,0.0,0.0,0.0
5.800000011920929,8,300.0,3.6090829627558644e-34,7.3014039271574472e-35,-3.7901748678646346e-37,-574.94766368949252,-127.89774648219311,0.085279852931767097,-119.149646311141
5.800000011920929,9,323.8268802309681,-4.9471565994292649e-06,-1.8935302167610151e-06,-3.6268403434300788e-08,0.0,0.0,0.0,0.0
5.800000011920929,10,347.6197467732471,-6.5299260215502658e-06,-5.7374647035049495e-06,5.8388105296406028e-08,0.0,0.0,0.0,0.0
5.800000011920929,11,323.79286654227906,-2.9417785609741655e-06,-2.2053048618679123e-06,-3.5419052654159103e-09,0.0,0.0,0.0,0.0
5.800000011920929,12,300.0,-2.2343083874248611e-39,5.9305587102839091e-40,-2.4212935566935874e-39,1352.5497229280318,125.76714535031918,0.35616007221867552,0.0
5.800000011920929,13,300.0,3.0639689940535265e-40,3.4358605038457953e-40,-2.6410777068810479e-39,1529.6862075507549,250.4909214641543,0.0096192744078555104,0.0
5.800000011920929,14,347.65376046193603,-8.6375758161812155e-06,-6.3082322135896619e-06,3.5965616670236532e-09,0.0,0.0,0.0,0.0
5.800000011920929,15,347.58573308455806,-5.600203003863225e-06,-5.1373242256794526e-06,3.2298525122906655e-09,0.0,0.0,0.0,0.0
5.800000011920929,16,300.0,-1.5237084813121261e-33,-3.7631116524011776e-34,1.6031685845674159e-37,2229.9595695498865,465.1065193566202,0.11844312422058484,0.0
5.800000011920929,17,323.82688023096796,-4.9534167414229968e-06,-1.8931758493774488e-06,3.5813756253775366e-08,0.0,0.0,0.0,0.0
5.800000011920929,18,347.619746773247,-6.5427793124233019e-06,-5.7429911191495763e-06,-5.1060582650877291e-08,0.0,0.0,0.0,0.0
5.800000011920929,19,323.79286654227906,-2.9452063003333991e-06,-2.2044835101375145e-06,4.1844904709702739e-09,0.0,0.0,0.0,0.0
5.800000011920929,20,300.0,2.6617449245512305e-39,-5.8037727921667771e-40,-2.0031214148207299e-39,1352.973882824788,125.8249334946709,0.10526843702282584,0.0
5.800000011920929,21,347.60665623505815,-4.8512640136859326e-06,-4.4133833312041787e-06,3.9597715921085145e-09,0.0,0.0,0.0,0.0
5.800000011920929,22,300.0,3.4485393754900782e-34,1.2348574438431596e-34,5.4687576412784472e-37,-415.63028077096328,-231.79746837699753,-0.15822395353310159,-119.06898852879178
5.800000011920929,23,347.6066562350581,-4.8507088299286172e-06,-4.4145777276156077e-06,-2.8366248099650977e-09,0.0,0.0,0.0,0.0
5.800000011920929,24,300.0,3.4498428662192139e-34,1.2342899367128417e-34,-5.0639950903780066e-37,-415.60145063113532,-231.74383432870508,0.21882641652834728,-119.06898852879203
5.800000011920929,25,347.59619465980813,-5.0266122797216785e-06,-4.7416122833943746e-06,1.2484491588056044e-08,0.0,0.0,0.0,0.0
5.800000011920929,26,323.8033281175291,-2.4617363602194407e-06,-2.3367889504795263e-06,8.0726196683867478e-10,0.0,0.0,0.0,0.0
5.800000011920929,27,300.0,-1.2511123439456661e-39,8.220075673923332e-40,-7.0534023756133256e-40,925.61695439603386,360.76641025218913,0.21070317212222311,0.0
5.800000011920929,28,347.60665623505815,-4.8607151689123501e-06,-4.4270198405012954e-06,5.6139708184594129e-10,0.0,0.0,0.0,0.0
5.800000011920929,29,300.0,-1.4716462902740926e-33,-2.8605741202558269e-34,2.1128825948487624e-37,1643.8288759435893,554.54851698025141,-0.047319279289077559,0.0
5.800000011920929,30,347.5961946598081,-5.0313274747043663e-06,-4.7442497100926175e-06,-8.3979541830040974e-09,0.0,0.0,0.0,0.0
5.800000011920929,31,323.8033281175291,-2.4616953132591691e-06,-2.3348592769645774e-06,1.018840014061179e-10,0.0,0.0,0.0,0.0
5.800000011920929,32,300.0,9.6860903090147116e-40,-8.0401084628852817e-40,-6.5530742157880186e-40,925.71924391299694,360.78693346323774,-0.20041398885313014,0.0
5.800000011920929,33,347.6527063973086,-4.4958952658174568e-06,-5.1329650976681986e-06,-4.7142605691127418e-08,0.0,0.0,0.0,0.0
5.800000011920929,34,300.0,2.0270532827905876e-34,4.923536561380503e-35,-3.8179305244074245e-37,-249.00816241397081,-137.87242045124194,1.1256223525150248,-118.94300489335242
5.800000011920929,35,347.6527063973086,-4.4874834222431595e-06,-5.1299910276247111e-06,4.2492333615784196e-08,0.0,0.0,0.0,0.0
5.800000011920929,36,300.0,2.0280640628854177e-34,4.9218344491465957e-35,4.0958981379488507e-37,-249.14764053454221,-137.94418416953573,-1.0488806758567017,-118.94300489335222
5.800000011920929,37,347.62968131618334,-4.8321656628629693e-06,-4.7250702191382514e-06,-1.4663883195846715e-08,0.0,0.0,0.0,0.0
5.800000011920929,38,323.82635319865426,-2.0425311647407446e-06,-2.2252219584581687e-06,1.1359657284204474e-08,0.0,0.0,0.0,0.0
5.800000011920929,39,300.0,5.9169329588448679e-40,7.1430782929586034e-40,4.8066185713747143e-40,726.74592113183667,375.54968132569627,-0.56653673765656731,0.0
5.800000011920929,40,347.6527063973086,-4.4111312876746733e-06,-5.0960706579438183e-06,-2.3261572221701772e-09,0.0,0.0,0.0,0.0
5.800000011920929,41,300.0,-9.776574226156849e-34,-8.373328441306514e-35,5.6488908184513657e-38,1099.1826953246582,467.99650856599146,-0.041306036990328851,0.0
5.800000011920929,42,347.62968131618334,-4.8267605945321841e-06,-4.7240023668924275e-06,1.2950395079652716e-08,0.0,0.0,0.0,0.0
5.800000011920929,43,323.82635319865426,-2.0395879945266857e-06,-2.2232611009472957e-06,-1.1392213350184698e-08,0.0,0.0,0.0,0.0
5.800000011920929,44,300.0,-3.5816854736690545e-40,-7.1607613371512351e-40,3.8771105911184026e-40,726.7618286035588,375.51221710416758,0.38804598834613224,0.0
5.800000011920929,45,347.60815123159784,-1.4253445036823527e-06,-6.2095553588026017e-06,-1.1344129470433528e-08,0.0,0.0,0.0,0.0
5.800000011920929,46,300.0,2.1635364795250035e-40,4.0405775124445673e-40,-2.6199041560065057e-40,-122.06662785333096,0.026080314339055513,-0.36055342271292934,-59.60301230139467
5.800000011920929,47,347.6081512315979,-1.4164380392248622e-06,-6.2040919420656089e-06,2.5688277117989429e-09,0.0,0.0,0.0,0.0
5.800000011920929,48,300.0,1.2980608774003176e-41,8.2338487331179049e-42,-1.6205608530729652e-40,-122.11396566827555,-0.057348549076952346,0.35710269623788821,-59.60301230139464
5.800000011920929,49,347.63042881445324,-3.5086586676856271e-06,-5.7176663380016263e-06,-4.3438779860655826e-08,0.0,0.0,0.0,0.0
5.800000011920929,50,323.8040756157989,-4.3166516127484358e-08,-1.9021133419706351e-06,7.5168631603424499e-09,0.0,0.0,0.0,0.0
5.800000011920929,51,300.0,1.6895477215855183e-39,4.9098458974722785e-40,1.6218286787573343e-39,303.22518795189291,130.25450882838726,0.13864069669366685,0.0
5.800000011920929,52,347.60815123159784,-1.4085375767313393e-06,-6.2442405849748063e-06,-4.3880926818641295e-09,0.0,0.0,0.0,0.0
5.800000011920929,53,300.0,-7.8991251971483294e-41,-3.744863632815528e-40,2.1428314226347368e-39,128.63654716891,258.17615757901092,-0.022578302796696134,0.0
5.800000011920929,54,347.63042881445324,-3.4989905453819087e-06,-5.7132855011240037e-06,3.6786396094378075e-08,0.0,0.0,0.0,0.0
5.800000011920929,55,323.804075615799,-4.0036966819381867e-08,-1.900474102090541e-06,-9.4874939332872412e-09,0.0,0.0,0.0,0.0
5.800000011920929,56,300.0,-1.9706179522422192e-39,-5.2982234109047357e-40,1.2704866701817233e-39,302.92535618031707,130.16157488448815,-0.1538942599642327,0.0
5.800000011920929,57,352.3759697681632,-8.3730482149748112e-06,-3.2348223105847798e-05,1.1141950715594131e-39,0.0,0.0,-5.9697344195265476,0.0
5.800000011920929,58,400.0,-1.0000000000000003e-05,-3.8000000000000002e-05,-3.3680536333335144e-40,486.00687843392933,180.79553656303221,-2.4230233107101666,142.86332552649125
5.800000011920929,59,400.0,-1.0000000000000003e-05,-3.8000000000000002e-05,-9.1346360338630849e-37,802.53971423315215,249.99875740229879,-0.86697912371360197,238.09112499272624
5.800000011920929,60,352.3811426547975,-4.9485760962541464e-06,-3.366294665977162e-05,-1.5169729740989119e-36,0.0,0.0,0.24269789672325101,0.0
5.800000011920929,61,352.3759697681632,-8.3903076169715981e-06,-3.2353047471328924e-05,-4.9856589482981958e-08,0.0,0.0,0.0,0.0
5.800000011920929,62,400.0,-1.0000000000000003e-05,-3.8000000000000002e-05,8.3232504586508194e-09,485.83813492779876,180.925302048335,0.0,142.86332552649145
5.800000011920929,63,400.0,-1.0000000000000003e-05,-3.8000000000000002e-05,-2.1732528393141287e-09,802.42690713150762,249.50888378845514,0.0,238.09112499272652
5.800000011920929,64,352.38114265479743,-4.943651441964625e-06,-3.3663859740008819e-05,1.3264985302258172e-08,0.0,0.0,0.0,0.0
5.800000011920929,65,376.18798488408163,-9.7297631671918423e-06,-3.6036428591245615e-05,1.9590030059712086e-39,0.0,0.0,6.4270926075081052,0.0
5.800000011920929,66,400.0,-1.0000000000000003e-05,-3.8000000000000002e-05,5.1209403976606759e-40,-1447.5936760017451,-663.56348854450823,2.8599956582323998,0.0
5.800000011920929,67,376.19057132739874,-7.380070743329413e-06,-3.5704236923284325e-05,2.3240532240863997e-36,0.0,0.0,-0.53025557110110588,0.0
5.800000011920929,68,352.3785562114804,-5.357556364808508e-06,-3.3076385945809403e-05,3.2100552775544104e-38,0.0,0.0,0.41730628160347172,0.0
5.800000011920929,69,352.3759697681632,-8.3194232003406087e-06,-3.2330153181574633e-05,-1.8990979796149909e-08,0.0,0.0,0.0,0.0
5.800000011920929,70,400.0,-1.0000000000000003e-05,-3.8000000000000002e-05,-1.0895030762859521e-09,-927.07774413233471,-594.57774424637216,0.0,0.0
5.800000011920929,71,400.0,-1.0000000000000003e-05,-3.8000000000000002e-05,6.805864826430485e-10,-3468.6231048686295,-980.18469426621527,0.0,0.0
5.800000011920929,72,352.3811426547975,-4.9630844288626495e-06,-3.3666368496080268e-05,3.9009970951931703e-09,0.0,0.0,0.0,0.0
5.800000011920929,73,376.1879848840816,-9.7422349624574775e-06,-3.6044161557870512e-05,-1.7567015982552149e-09,0.0,0.0,0.0,0.0
5.800000011920929,74,400.0,-1.0000000000000003e-05,-3.8000000000000002e-05,6.7739338826096199e-09,-1446.5304082556947,-663.65869782371487,0.0,0.0
5.800000011920929,75,376.19057132739874,-7.3770901817941373e-06,-3.570453348966083e-05,3.6619093153742426e-10,0.0,0.0,0.0,0.0
5.800000011920929,76,352.3785562114803,-5.3650442277915886e-06,-3.3079516301806206e-05,-1.263311483959274e-08,0.0,0.0,0.0,0.0
5.800000011920929,77,400.0,-1.0000000000000003e-05,-3.8000000000000002e-05,2.1016678853373403e-40,389.706389730777,61.89684314283744,1.2889536042250789,95.23567839001154
5.800000011920929,78,352.3881242561471,-1.5582576044622368e-06,-3.1999710601054381e-05,1.5085762359767557e-39,0.0,0.0,1.7560514728106602,0.0
5.800000011920929,79,400.0,-1.0000000000000003e-05,-3.8000000000000002e-05,-9.5271280443387215e-09,389.48899564344487,61.891834199959888,0.0,95.23567839001149
5.800000011920929,80,352.388124256147,-1.5490389392867224e-06,-3.1999171396733615e-05,1.7583031416926917e-08,0.0,0.0,0.0,0.0
5.800000011920929,81,400.0,-1.0000000000000003e-05,-3.8000000000000002e-05,-6.4933599566027135e-40,-1889.8444012790251,-327.9280987048412,-1.1286480697762149,0.0
5.800000011920929,82,376.1940621280735,-5.1993048353190309e-06,-3.6134227108602042e-05,-1.002647063672662e-39,0.0,0.0,-4.8148859133649795,0.0
5.800000011920929,83,352.3846334554723,-4.1872837740473054e-06,-3.2778379729643112e-05,-2.4709840243804654e-38,0.0,0.0,2.7156017365190563,0.0
5.800000011920929,84,400.0,-1.0000000000000003e-05,-3.8000000000000002e-05,-1.8303588549662056e-09,-2236.6926107819463,-411.74057118333525,0.0,0.0
5.800000011920929,85,352.3881242561471,-1.595410719183608e-06,-3.2012327089315801e-05,7.2565529016341927e-09,0.0,0.0,0.0,0.0
5.800000011920929,86,400.0,-1.0000000000000003e-05,-3.8000000000000002e-05,-7.4918243136884334e-09,-1890.146535901594,-328.51429551067201,0.0,0.0
5.800000011920929,87,376.1940621280735,-5.1912452260058741e-06,-3.6131041609865635e-05,-8.5288964939625856e-09,0.0,0.0,0.0,0.0
5.800000011920929,88,352.3846334554722,-4.1779030503039409e-06,-3.2778304355005517e-05,1.9949416934390181e-08,0.0,0.0,0.0,0.0
5.899999976158142,1,300.0,-4.2875335611131175e-40,1.6660153165755271e-40,2.7325888207604828e-40,-286.85405249652041,-0.31273929020878,-0.47852068082679455,-59.42547687454946
5.899999976158142,2,347.65376046193603,-8.5272251100357127e-06,-6.2181287169906256e-06,2.6019482045904594e-08,0.0,0.0,0.0,0.0
5.899999976158142,3,347.58573308455806,-5.5588591532794944e-06,-5.1585961175942718e-06,3.592800264691603e-08,0.0,0.0,0.0,0.0
5.899999976158142,4,300.0,3.6093897011347933e-34,7.305849688951831e-35,4.9422673648388692e-37,-575.0922285271597,-127.92660420992193,-0.26094665297289443,-119.14964631114118
5.899999976158142,5,300.0,1.5433652091867701e-41,-2.771220984282838e-40,3.9814390077064972e-40,-286.85147015492981,-0.26523273978757661,0.25408945954975465,-59.42547687454932
5.899999976158142,6,347.65376046193614,-8.5447035934888823e-06,-6.2245633280550347e-06,-1.8600686985082951e-08,0.0,0.0,0.0,0.0
5.899999976158142,7,347.58573308455817,-5.5677869774201156e-06,-5.1625071331212778e-06,-2.9327640472821127e-08,0.0,0.0,0.0,0.0
5.899999976158142,8,300.0,3.6090805132108251e-34,7.3014577365068471e-35,-3.7901433961671506e-37,-574.94633672764121,-127.89840304849258,0.086618736113252492,-119.14964631114108
5.899999976158142,9,323.826880230968,-4.94713418756934e-06,-1.8935546111754937e-06,-3.6215476735405469e-08,0.0,0.0,0.0,0.0
5.899999976158142,10,347.619746773247,-6.5298968645789881e-06,-5.7375031861569764e-06,5.8484458967076855e-08,0.0,0.0,0.0,0.0
5.899999976158142,11,323.79286654227906,-2.9417558847385547e-06,-2.2053259861350957e-06,-3.5154311127816032e-09,0.0,0.0,0.0,0.0
5.899999976158142,12,300.0,-1.606073481531413e-39,4.1794135368574106e-40,-1.6985757638731648e-39,1352.5455539631128,125.76815996595175,0.35203716525000472,0.0
5.899999976158142,13,300.0,2.5360289937304757e-40,2.1978483079106768e-40,-1.8682083495319838e-39,1529.6870805291876,250.49131178312336,0.0049945906746934055,0.0
5.899999976158142,14,347.6537604619361,-8.6375746331368389e-06,-6.3082267776635199e-06,3.7098086499081747e-09,0.0,0.0,0.0,0.0
5.899999976158142,15,347.5857330845581,-5.6002022195220695e-06,-5.1373249925356831e-06,3.3003750300387105e-09,0.0,0.0,0.0,0.0
5.899999976158142,16,300.0,-1.5237085416377234e-33,-3.7631119573963174e-34,1.6295184721100338e-37,2229.9599475935793,465.10651069234996,0.11286481244583854,0.0
5.899999976158142,17,323.8268802309681,-4.9534442756349423e-06,-1.8931643341715991e-06,3.5855355820322918e-08,0.0,0.0,0.0,0.0
5.899999976158142,18,347.61974677324713,-6.5428123875299398e-06,-5.7429646498782062e-06,-5.0970140505966519e-08,0.0,0.0,0.0,0.0
5.899999976158142,19,323.79286654227906,-2.94522935064994e-06,-2.204460537093092e-06,4.2123354672046116e-09,0.0,0.0,0.0,0.0
5.899999976158142,20,300.0,1.8945834561649721e-39,-4.0929931206914233e-40,-1.4340423859722655e-39,1352.9786735435744,125.82393866583551,0.10159404975966457,0.0
5.899999976158142,21,347.6066562350581,-4.8512572557784378e-06,-4.4134106808703651e-06,3.9760241565619036e-09,0.0,0.0,0.0,0.0
5.899999976158142,22,300.0,3.4485330665482046e-34,1.2348561919081171e-34,5.4798475472225855e-37,-415.63061879398242,-231.79717424850168,-0.15825688125005488,-119.068988528792
5.899999976158142,23,347.6066562350582,-4.850713683765942e-06,-4.4145552978249161e-06,-2.8245144034424403e-09,0.0,0.0,0.0,0.0
5.899999976158142,24,300.0,3.4498509581994467e-34,1.2342953833346196e-34,-5.0554239373321867e-37,-415.6010876441149,-231.74457328153878,0.21909285137783907,-119.06898852879193
5.899999976158142,25,347.5961946598081,-5.0265962851279852e-06,-4.7416391667616635e-06,1.2531867983631267e-08,0.0,0.0,0.0,0.0
5.899999976158142,26,323.8033281175291,-2.4617302610527482e-06,-2.336812815699735e-06,8.1224728582710913e-10,0.0,0.0,0.0,0.0
5.899999976158142,27,300.0,-8.9814313038781788e-40,5.7904420250154338e-40,-5.057825072841953e-40,925.61459465091718,360.76781447481454,0.20937202810439107,0.0
5.899999976158142,28,347.60665623505815,-4.8607168106933436e-06,-4.4270196426538917e-06,5.7563598008358409e-10,0.0,0.0,0.0,0.0
5.899999976158142,29,300.0,-1.4716463324883402e-33,-2.8605798229097045e-34,2.1131439100569781e-37,1643.8290021915045,554.54918112508096,-0.048244555726028343,0.0
5.899999976158142,30,347.5961946598082,-5.0313434156861188e-06,-4.7442226277529795e-06,-8.3590367679400403e-09,0.0,0.0,0.0,0.0
5.899999976158142,31,323.8033281175291,-2.4616997800288103e-06,-2.334837065455047e-06,1.0689418414095621e-10,0.0,0.0,0.0,0.0
5.899999976158142,32,300.0,7.0759889572246316e-40,-5.6718927142059521e-40,-4.7733479906852909e-40,925.72119721017725,360.78555412019085,-0.20171992916810089,0.0
5.899999976158142,33,347.6527063973086,-4.495913040423466e-06,-5.1329890643022925e-06,-4.7199262152818014e-08,0.0,0.0,0.0,0.0
5.899999976158142,34,300.0,2.0270414202788435e-34,4.9235029805334731e-35,-3.8093927668881628e-37,-249.00765071664051,-137.87199443053299,1.1254101145380095,-118.94300489335232
5.899999976158142,35,347.65270639730863,-4.4874760651971424e-06,-5.1299737144543325e-06,4.2461290923065449e-08,0.0,0.0,0.0,0.0
5.899999976158142,36,300.0,2.028074849030712e-34,4.9218335922996275e-35,4.1101307659256759e-37,-249.14849547370272,-137.94457089362882,-1.049935904801508,-118.94300489335222
5.899999976158142,37,347.62968131618334,-4.8321714091877144e-06,-4.7250962285268021e-06,-1.4684584883764877e-08,0.0,0.0,0.0,0.0
5.899999976158142,38,323.82635319865426,-2.0425468550050193e-06,-2.2252442007242929e-06,1.1344342452590021e-08,0.0,0.0,0.0,0.0
5.899999976158142,39,300.0,3.9660441917412703e-40,5.0547632568595481e-40,3.2055228727557518e-40,726.74667387979207,375.55092227072197,-0.56592438784131827,0.0
5.899999976158142,40,347.65270639730863,-4.4111277870064731e-06,-5.0960687764670908e-06,-2.3697120223621457e-09,0.0,0.0,0.0,0.0
5.899999976158142,41,300.0,-9.7765747833613e-34,-8.3732903394854201e-35,5.4014749220192293e-38,1099.1829563456054,467.99638603816669,-0.037695950849742185,0.0
5.899999976158142,42,347.62968131618345,-4.8267581555661738e-06,-4.7239820708797161e-06,1.2939388701280963e-08,0.0,0.0,0.0,0.0
5.899999976158142,43,323.8263531986543,-2.0395779650035232e-06,-2.2232426264936411e-06,-1.140842642290424e-08,0.0,0.0,0.0,0.0
5.899999976158142,44,300.0,-2.3798906271149412e-40,-5.0617453672382277e-40,2.6437024177729369e-40,726.76142193551391,375.51097915803149,0.38857980412325266,0.0
5.899999976158142,45,347.60815123159784,-1.4253602116935477e-06,-6.2095630971150898e-06,-1.14160711593167e-08,0.0,0.0,0.0,0.0
5.899999976158142,46,300.0,1.6250559227699857e-40,2.8103550659536372e-40,-1.8261208873893083e-40,-122.06619776655137,0.026738525533552632,-0.36097401547056779,-59.60301230139472
5.899999976158142,47,347.60815123159784,-1.4164104640618545e-06,-6.2040560400569886e-06,2.4827593900786837e-09,0.0,0.0,0.0,0.0
5.899999976158142,48,300.0,2.6367857935136709e-41,-1.8850194461584503e-42,-1.0955280952722606e-40,-122.11378094323528,-0.057403235606888821,0.35687699127422234,-59.603012301394735
5.899999976158142,49,347.63042881445324,-3.5086802108107041e-06,-5.7176815086047271e-06,-4.3511781116440877e-08,0.0,0.0,0.0,0.0
5.899999976158142,50,323.8040756157989,-4.3181023682396581e-08,-1.9021222922285047e-06,7.4882490857690993e-09,0.0,0.0,0.0,0.0
5.899999976158142,51,300.0,1.1828456584794161e-39,3.4880717146699233e-40,1.1216894794284325e-39,303.22792552469826,130.25537356947075,0.14118020459735769,0.0
5.899999976158142,52,347.60815123159784,-1.4085404733795327e-06,-6.244248129068009e-06,-4.4669430595566803e-09,0.0,0.0,0.0,0.0
5.899999976158142,53,300.0,-8.571108095390875e-41,-2.5270586578800977e-40,1.5007180549409468e-39,128.63616326373236,258.17561706202082,-0.019046958553789822,0.0
5.899999976158142,54,347.63042881445324,-3.4989692374337956e-06,-5.7132596782364336e-06,3.6732319154721374e-08,0.0,0.0,0.0,0.0
5.899999976158142,55,323.8040756157989,-4.0016185660731348e-08,-1.9004507873658606e-06,-9.5234925078881549e-09,0.0,0.0,0.0,0.0
5.899999976158142,56,300.0,-1.374885615611108e-39,-3.7622712304391576e-40,8.9806651269709533e-40,302.92219096795907,130.16064408125288,-0.15174405756708068,0.0
5.899999976158142,57,352.37596976816326,-8.3730247633257514e-06,-3.8348212394182922e-05,4.1611846526520888e-40,0.0,0.0,-5.9649869329600982,0.0
5.899999976158142,58,400.0,-1.0000000000000003e-05,-4.3999999999999992e-05,-2.9996184580070369e-40,486.00593321657715,180.79544377800016,-2.424186273970272,142.86332552649128
5.899999976158142,59,400.0,-1.0000000000000003e-05,-4.3999999999999992e-05,-9.1422597357683468e-37,802.53960822983413,249.99838283452169,-0.86736605427154112,238.09112499272624
5.899999976158142,60,352.3811426547975,-4.9485795679445405e-06,-3.9662949483982439e-05,-1.514423154936235e-36,0.0,0.0,0.24135005540414048,0.0
5.899999976158142,61,352.37596976816315,-8.3903427497382247e-06,-3.8353058304965148e-05,-4.9914014114284945e-08,0.0,0.0,0.0,0.0
5.899999976158142,62,400.0,-1.0000000000000003e-05,-4.3999999999999992e-05,8.3131615333248172e-09,485.83851924507718,180.92560535637543,0.0,142.86332552649137
5.899999976158142,63,400.0,-1.0000000000000003e-05,-4.3999999999999992e-05,-2.1720266175378719e-09,802.42680802794575,249.50848981670811,0.0,238.09112499272652
5.899999976158142,64,352.38114265479743,-4.9436491250466315e-06,-3.9663864373448383e-05,1.3267723232874017e-08,0.0,0.0,0.0,0.0
5.899999976158142,65,376.18798488408163,-9.7297524599806219e-06,-4.2036423793567054e-05,1.5588776544524581e-39,0.0,0.0,6.4320900919349757,0.0
5.899999976158142,66,400.0,-1.0000000000000003e-05,-4.3999999999999992e-05,4.1103533614428379e-40,-1447.5954998149471,-663.56397965893143,2.8613242328180308,0.0
5.899999976158142,67,376.19057132739874,-7.380072181124599e-06,-4.1704231915243763e-05,2.3258079195163508e-36,0.0,0.0,-0.53019497626843148,0.0
5.899999976158142,68,352.3785562114804,-5.3575379751149425e-06,-3.9076381492621716e-05,2.2789698119461431e-38,0.0,0.0,0.42981026613616646,0.0
5.899999976158142,69,352.3759697681632,-8.3194202086946085e-06,-3.8330153134470213e-05,-1.903618552257776e-08,0.0,0.0,0.0,0.0
5.899999976158142,70,400.0,-1.0000000000000003e-05,-4.3999999999999992e-05,-1.0884399584548132e-09,-927.07719547868851,-594.57795375226226,0.0,0.0
5.899999976158142,71,400.0,-1.0000000000000003e-05,-4.3999999999999992e-05,6.8061502466564464e-10,-3468.6228887725865,-980.18392212063941,0.0,0.0
5.899999976158142,72,352.3811426547975,-4.9630842463960792e-06,-3.9666366661722607e-05,3.904591449383794e-09,0.0,0.0,0.0,0.0
5.899999976158142,73,376.1879848840815,-9.7422515320659676e-06,-4.204416641506463e-05,-1.7624542979170539e-09,0.0,0.0,0.0,0.0
5.899999976158142,74,400.0,-1.0000000000000003e-05,-4.3999999999999992e-05,6.7718557191025704e-09,-1446.5285813240537,-663.65822089761195,0.0,0.0
5.899999976158142,75,376.19057132739874,-7.3770892963113128e-06,-4.1704542188312157e-05,3.6728210488705429e-10,0.0,0.0,0.0,0.0
5.899999976158142,76,352.37855621148026,-5.3650689731451642e-06,-3.9079524550967004e-05,-1.2664498992765747e-08,0.0,0.0,0.0,0.0
5.899999976158142,77,400.0,-1.0000000000000003e-05,-4.3999999999999992e-05,1.8224049431096472e-40,389.70664473460516,61.896542458069781,1.2895901156024336,95.23567839001142
5.899999976158142,78,352.388124256147,-1.558276069791498e-06,-3.7999711553151476e-05,1.1569094364195897e-39,0.0,0.0,1.7545318781588348,0.0
5.899999976158142,79,400.0,-1.0000000000000003e-05,-4.3999999999999992e-05,-9.515884713899131e-09,389.48914380446308,61.891862194056429,0.0,95.23567839001156
5.899999976158142,80,352.3881242561471,-1.5490109353605746e-06,-3.7999175335961407e-05,1.7626001004879067e-08,0.0,0.0,0.0,0.0
5.899999976158142,81,400.0,-1.0000000000000003e-05,-4.3999999999999992e-05,-4.9388940074829152e-40,-1889.8434798940793,-327.92831180819832,-1.1300751131950173,0.0
5.899999976158142,82,376.1940621280735,-5.1993129275658632e-06,-4.213422392259119e-05,-8.1856361978055896e-40,0.0,0.0,-4.8175388256914111,0.0
5.899999976158142,83,352.3846334554722,-4.1872980930383201e-06,-3.877838195355542e-05,-1.7008651751831919e-38,0.0,0.0,2.7059507010269175,0.0
5.899999976158142,84,400.0,-1.0000000000000003e-05,-4.3999999999999992e-05,-1.8287832530363411e-09,-2236.6930064900275,-411.74030628589321,0.0,0.0
5.899999976158142,85,352.3881242561471,-1.5954129680495163e-06,-3.8012325721966388e-05,7.2895489461318433e-09,0.0,0.0,0.0,0.0
5.899999976158142,86,400.0,-1.0000000000000003e-05,-4.3999999999999992e-05,-7.4881516259495468e-09,-1890.1474678389952,-328.51406806851958,0.0,0.0
5.899999976158142,87,376.19406212807354,-5.1912323943874658e-06,-4.2131047366120432e-05,-8.5241683065749293e-09,0.0,0.0,0.0,0.0
5.899999976158142,88,352.3846334554722,-4.177884605465621e-06,-3.8778308297578324e-05,1.9976423952358247e-08,0.0,0.0,0.0,0.0
6.0,1,300.0,-3.1707829131951418e-40,1.2284432859962636e-40,2.0017014361086258e-40,-286.85493859008903,-0.3124058921345168,-0.47797471362536159,-59.42547687454937
6.0,2,347.65376046193603,-8.5272113117907158e-06,-6.2181647043468667e-06,2.6109302477863808e-08,0.0,0.0,0.0,0.0
6.0,3,347.58573308455806,-5.5588414393603982e-06,-5.1586142407795295e-06,3.5980589425295112e-08,0.0,0.0,0.0,0.0
6.0,4,300.0,3.6093907441310029e-34,7.3058282727512449e-35,4.9433454723297282e-37,-575.09356633165407,-127.92640100396093,-0.26011503786860402,-119.14964631114107
6.0,5,300.0,4.6920065354707289e-42,-1.8968401115688971e-40,2.7394249356740501e-40,-286.85148975517092,-0.26565762205316035,0.25472234133387484,-59.42547687454934
6.0,6,347.65376046193603,-8.5447265989149106e-06,-6.2245473811802326e-06,-1.8527922350980113e-08,0.0,0.0,0.0,0.0
6.0,7,347.58573308455806,-5.5678048526723973e-06,-5.1624851987855672e-06,-2.927827436552354e-08,0.0,0.0,0.0,0.0
6.0,8,300.0,3.609078923008269e-34,7.3014945407569573e-35,-3.7900682454542272e-37,-574.9454148570486,-127.89884791296723,0.087569995105260257,-119.14964631114114
6.0,9,323.826880230968,-4.9471182048789907e-06,-1.8935716669202881e-06,-3.6177668730626137e-08,0.0,0.0,0.0,0.0
6.0,10,347.619746773247,-6.5298761566001163e-06,-5.7375301723739323e-06,5.8552609879795936e-08,0.0,0.0,0.0,0.0
6.0,11,323.79286654227906,-2.9417396419429851e-06,-2.2053409808693576e-06,-3.4962160802954346e-09,0.0,0.0,0.0,0.0
6.0,12,300.0,-1.1558787934880815e-39,2.950360329220612e-40,-1.1952059838312284e-39,1352.5425408769868,125.76887954555139,0.34910946426516537,0.0
6.0,13,300.0,2.0397292339988841e-40,1.4060098336336295e-40,-1.3244437347805883e-39,1529.6877495346957,250.49156150110912,0.0016943506763102134,0.0
6.0,14,347.65376046193603,-8.637573507699954e-06,-6.3082231343382222e-06,3.7909406410495318e-09,0.0,0.0,0.0,0.0
6.0,15,347.58573308455806,-5.6002015197044192e-06,-5.1373255297768517e-06,3.3512947300582158e-09,0.0,0.0,0.0,0.0
6.0,16,300.0,-1.5237086329290619e-33,-3.7631119680577051e-34,1.6485292551773242e-37,2229.9603032469977,465.10647236363252,0.10885394711353261,0.0
6.0,17,323.826880230968,-4.9534643970427349e-06,-1.8931559393290878e-06,3.5885190049068408e-08,0.0,0.0,0.0,0.0
6.0,18,347.619746773247,-6.5428367380107272e-06,-5.7429457095251445e-06,-5.0904111737990369e-08,0.0,0.0,0.0,0.0
6.0,19,323.79286654227906,-2.9452461781327625e-06,-2.2044442537613796e-06,4.232309214260767e-09,0.0,0.0,0.0,0.0
6.0,20,300.0,1.3513977380574308e-39,-2.8910338105431671e-40,-1.0281117447698944e-39,1352.9821128646226,125.82323294038119,0.098947774241274322,0.0
6.0,21,347.60665623505815,-4.8512523415668508e-06,-4.4134299519959802e-06,3.9881362651204648e-09,0.0,0.0,0.0,0.0
6.0,22,300.0,3.4485287157041125e-34,1.2348550952453674e-34,5.4875185801251529e-37,-415.63089765205086,-231.7969388770417,-0.15825549304150643,-119.06898852879178
6.0,23,347.60665623505815,-4.8507176011107197e-06,-4.4145392094438174e-06,-2.8148192603374045e-09,0.0,0.0,0.0,0.0
6.0,24,300.0,3.4498566315304428e-34,1.2342990185082643e-34,-5.0492770261181271e-37,-415.60082490167918,-231.74506906975643,0.21928471123809024,-119.06898852879183
6.0,25,347.59619465980813,-5.0265848038960816e-06,-4.7416581715634877e-06,1.2565775902442563e-08,0.0,0.0,0.0,0.0
6.0,26,323.8033281175291,-2.4617257597414596e-06,-2.336829722028807e-06,8.1616028856791984e-10,0.0,0.0,0.0,0.0
6.0,27,300.0,-6.4651283107369002e-40,4.0862726748540575e-40,-3.6386187343089099e-40,925.61288141863156,360.76881007017255,0.20840474595998962,0.0
6.0,28,347.60665623505815,-4.860717853597022e-06,-4.4270195514402119e-06,5.8657776495084306e-10,0.0,0.0,0.0,0.0
6.0,29,300.0,-1.4716463695558677e-33,-2.8605833817041336e-34,2.1137132875681696e-37,1643.8291202430421,554.54959071128519,-0.048961886074181754,0.0
6.0,30,347.59619465980813,-5.0313553410132589e-06,-4.7442033724890101e-06,-8.3299611959220079e-09,0.0,0.0,0.0,0.0
6.0,31,323.8033281175291,-2.4617033201086318e-06,-2.3348212009519574e-06,1.107514485700626e-10,0.0,0.0,0.0,0.0
6.0,32,300.0,5.1760808144236193e-40,-4.0072095983105418e-40,-3.4821968870177002e-40,925.72263289927582,360.78457549810378,-0.20267764979436953,0.0
6.0,33,347.6527063973086,-4.4959250740709302e-06,-5.1330059711180861e-06,-4.723772159653723e-08,0.0,0.0,0.0,0.0
6.0,34,300.0,2.0270328707564053e-34,4.9234791367056589e-35,-3.803243186771615e-37,-249.00727371709652,-137.87167676762223,1.1252449255847847,-118.94300489335242
6.0,35,347.6527063973086,-4.4874705405324823e-06,-5.1299611134820912e-06,4.2438880660733498e-08,0.0,0.0,0.0,0.0
6.0,36,300.0,2.0280821932369831e-34,4.9218328913625333e-35,4.1199999697721698e-37,-249.14905021802684,-137.94483149618199,-1.0506407192997318,-118.94300489335234
6.0,37,347.62968131618334,-4.832175156710671e-06,-4.725114571885043e-06,-1.4698125621377489e-08,0.0,0.0,0.0,0.0
6.0,38,323.82635319865426,-2.0425575497942075e-06,-2.2252599342284743e-06,1.1333702817658367e-08,0.0,0.0,0.0,0.0
6.0,39,300.0,2.647781695252139e-40,3.5822125486873351e-40,2.1325714123412597e-40,726.74716184957731,375.55180499449284,-0.56552529516730277,0.0
6.0,40,347.6527063973086,-4.4111255534403841e-06,-5.096067551811239e-06,-2.3999372687659283e-09,0.0,0.0,0.0,0.0
6.0,41,300.0,-9.7765747246444141e-34,-8.3732632704230799e-35,5.229054009709207e-38,1099.183079242425,467.99627146636169,-0.035187525314500367,0.0
6.0,42,347.62968131618334,-4.8267565121127569e-06,-4.7239674209854957e-06,1.2931968243020037e-08,0.0,0.0,0.0,0.0
6.0,43,323.82635319865426,-2.0395708301147698e-06,-2.2232293478922802e-06,-1.1419538042859443e-08,0.0,0.0,0.0,0.0
6.0,44,300.0,-1.5671957801369534e-40,-3.5828498447126853e-40,1.7962104284331213e-40,726.76117198704708,375.51009949687989,0.38893399885753049,0.0
6.0,45,347.6081512315978,-1.4253710424031158e-06,-6.20956936345255e-06,-1.1466142231149751e-08,0.0,0.0,0.0,0.0
6.0,46,300.0,1.2056572049710895e-40,1.9598797326761784e-40,-1.2738424569194613e-40,-122.0658882454923,0.027200748754806867,-0.3612672239825141,-59.6030123013947
6.0,47,347.6081512315979,-1.4163908553457937e-06,-6.2040309821520375e-06,2.4218204582959039e-09,0.0,0.0,0.0,0.0
6.0,48,300.0,3.0086696847598992e-41,-6.3387987779129555e-42,-7.4046821921945647e-41,-122.11362630489182,-0.057451583338079093,0.35672533313247806,-59.60301230139464
6.0,49,347.6304288144532,-3.5086950740231559e-06,-5.7176926160189496e-06,-4.3561920558465357e-08,0.0,0.0,0.0,0.0
6.0,50,323.80407561579887,-4.3191022581568513e-08,-1.9021289916368229e-06,7.4679492859971853e-09,0.0,0.0,0.0,0.0
6.0,51,300.0,8.2785993799642073e-40,2.4806118017750118e-40,7.7684542795044379e-40,303.22983523756568,130.25599024937409,0.14294286707309783,0.0
6.0,52,347.60815123159784,-1.4085426080012631e-06,-6.2442531811513792e-06,-4.5223486370557626e-09,0.0,0.0,0.0,0.0
6.0,53,300.0,-7.971142778660094e-41,-1.7109363892756618e-40,1.0520557631186936e-39,128.63585906998244,258.17524763866948,-0.016567670074001756,0.0
6.0,54,347.63042881445324,-3.4989539044202621e-06,-5.7132413994238609e-06,3.6693521850745685e-08,0.0,0.0,0.0,0.0
6.0,55,323.804075615799,-4.0001569368122413e-08,-1.9004344885283002e-06,-9.5485392579475823e-09,0.0,0.0,0.0,0.0
6.0,56,300.0,-9.5954697411416363e-40,-2.6741915371835747e-40,6.3461091671552596e-40,302.91998530257524,130.15998069717122,-0.15022846608664484,0.0
6.0,57,352.3759697681632,-8.3730081182002997e-06,-4.4348204834834671e-05,4.728223707613667e-41,0.0,0.0,-5.9617585209553301,0.0
6.0,58,400.0,-1.0000000000000001e-05,-4.9999999999999996e-05,-2.5332783193390371e-40,486.00522949888239,180.79536461482982,-2.4250959093984124,142.86332552649128
6.0,59,400.0,-1.0000000000000001e-05,-4.9999999999999996e-05,-9.1478006789050525e-37,802.53951838676824,249.99810162136407,-0.86767413189849596,238.09112499272618
6.0,60,352.38114265479743,-4.9485817731069246e-06,-4.566295142438582e-05,-1.5126530616027879e-36,0.0,0.0,0.24043954923060404,0.0
6.0,61,352.3759697681632,-8.3903686523774078e-06,-4.4353066102362645e-05,-4.9956580788997658e-08,0.0,0.0,0.0,0.0
6.0,62,400.0,-1.0000000000000001e-05,-4.9999999999999996e-05,8.306002846093686e-09,485.83877180581624,180.92581289708258,0.0,142.86332552649156
6.0,63,400.0,-1.0000000000000001e-05,-4.9999999999999996e-05,-2.1711781423445251e-09,802.42674792475407,249.50819755980905,0.0,238.09112499272663
6.0,64,352.3811426547974,-4.9436476724546057e-06,-4.566386790935952e-05,1.3269574695358366e-08,0.0,0.0,0.0,0.0
6.0,65,376.18798488408163,-9.7297447922711031e-06,-4.80364203585094e-05,1.2182448557318203e-39,0.0,0.0,6.4358693315061535,0.0
6.0,66,400.0,-1.0000000000000001e-05,-4.9999999999999996e-05,3.2304465315480856e-40,-1447.5968400313313,-663.56433718493417,2.8623297627505124,0.0
6.0,67,376.19057132739874,-7.3800730805773703e-06,-4.7704228299085463e-05,2.3270919268167491e-36,0.0,0.0,-0.53010137621495534,0.0
6.0,68,352.3785562114803,-5.3575247564394123e-06,-4.5076378325893657e-05,1.6225873547459578e-38,0.0,0.0,0.43874539366060328,0.0
6.0,69,352.3759697681632,-8.3194178401048634e-06,-4.4330153070955404e-05,-1.9069089031215678e-08,0.0,0.0,0.0,0.0
6.0,70,400.0,-1.0000000000000001e-05,-4.9999999999999996e-05,-1.0877889940842521e-09,-927.07675268654225,-594.5780811996334,0.0,0.0
6.0,71,400.0,-1.0000000000000001e-05,-4.9999999999999996e-05,6.8069869135705255e-10,-3468.6227321388296,-980.18334651374585,0.0,0.0
6.0,72,352.3811426547974,-4.9630841315775495e-06,-4.5666365313492062e-05,3.9069571230919903e-09,0.0,0.0,0.0,0.0
6.0,73,376.1879848840816,-9.7422638431030264e-06,-4.8044169964039665e-05,-1.7667177659090253e-09,0.0,0.0,0.0,0.0
6.0,74,400.0,-1.0000000000000001e-05,-4.9999999999999996e-05,6.7704484471652415e-09,-1446.5272397807789,-663.65787285943418,0.0,0.0
6.0,75,376.1905713273987,-7.3770887562373678e-06,-4.7704548519891945e-05,3.6808192869764419e-10,0.0,0.0,0.0,0.0
6.0,76,352.37855621148026,-5.3650871604447386e-06,-4.5079530579351992e-05,-1.268789662498781e-08,0.0,0.0,0.0,0.0
6.0,77,400.0,-1.0000000000000001e-05,-4.9999999999999996e-05,1.5029854137887414e-40,389.70683117499959,61.896326542887934,1.2900763284378653,95.2356783900116
6.0,78,352.3881242561471,-1.5582887814803304e-06,-4.3999712039995633e-05,8.7274836762726821e-40,0.0,0.0,1.7535212682301264,0.0
6.0,79,400.0,-1.0000000000000001e-05,-4.9999999999999996e-05,-9.5078712879733648e-09,389.48926703202363,61.89188703522899,0.0,95.23567839001156
6.0,80,352.3881242561471,-1.5489909265117396e-06,-4.399917827552593e-05,1.765725632879122e-08,0.0,0.0,0.0,0.0
6.0,81,400.0,-1.0000000000000001e-05,-4.9999999999999996e-05,-3.7219096916889705e-40,-1889.8428370223535,-327.92846973166644,-1.1311299656436136,0.0
6.0,82,376.1940621280735,-5.1993185203559535e-06,-4.8134221586733436e-05,-6.4955343981854878e-40,0.0,0.0,-4.8195421845780775,0.0
6.0,83,352.3846334554722,-4.1873079883154709e-06,-4.4778383402683439e-05,-1.1719888005740751e-38,0.0,0.0,2.6992876794189482,0.0
6.0,84,400.0,-1.0000000000000001e-05,-4.9999999999999996e-05,-1.8275079137319157e-09,-2236.6933126091676,-411.74012084225149,0.0,0.0
6.0,85,352.3881242561471,-1.5954147095046371e-06,-4.401232477915743e-05,7.3131930911677974e-09,0.0,0.0,0.0,0.0
6.0,86,400.0,-1.0000000000000001e-05,-4.9999999999999996e-05,-7.4855949468051546e-09,-1890.1481147544685,-328.51389963642413,0.0,0.0
6.0,87,376.19406212807354,-5.191223173427238e-06,-4.8131051491609293e-05,-8.5206962478501781e-09,0.0,0.0,0.0,0.0
6.0,88,352.3846334554722,-4.1778714701922641e-06,-4.4778311293140025e-05,1.9996084238074749e-08,0.0,0.0,0.0,0.0
6.100000001490116,1,300.0,-7.9417880929285065e-40,1.7017508451226738e-39,4.1067020173632952e-41,-284.8468206323634,-0.28879503885321822,-0.47597503442916134,-59.425476874549354
6.100000001490116,2,347.653760461936,-8.4396751841484015e-06,-6.0676262906268954e-06,2.7245986087539747e-08,0.0,0.0,0.0,0.0
6.100000001490116,3,347.585733084558,-5.5438895136769029e-06,-5.0312585086219859e-06,3.4822215618383085e-08,0.0,0.0,0.0,0.0
6.100000001490116,4,300.0,3.5706263892684546e-34,7.1225698871213094e-35,4.7953020210343719e-37,-571.01428329734438,-124.75511171477179,-0.23995467256581937,-119.14964631114108
6.100000001490116,5,300.0,-8.2826769792718204e-40,1.7620124474806733e-39,-1.3297148571217039e-40,-284.84155928308587,-0.24598539466652747,0.26265123644929944,-59.42547687454927
6.100000001490116,6,347.6537604619361,-8.4567317887826927e-06,-6.07361072771648e-06,-1.9548355101651023e-08,0.0,0.0,0.0,0.0
6.100000001490116,7,347.58573308455806,-5.5526752415835308e-06,-5.0348803825301605e-06,-2.8153725946886955e-08,0.0,0.0,0.0,0.0
6.100000001490116,8,300.0,3.5703216311552754e-34,7.1186280495072851e-35,-3.6695725190059824e-37,-570.86679570632646,-124.73067426306346,0.075917565429002354,-119.14964631114114
6.100000001490116,9,323.82688023096796,-4.8862671337947272e-06,-1.8477430323570673e-06,-3.4618316294739991e-08,0.0,0.0,0.0,0.0
6.100000001490116,10,347.619746773247,-6.4914558981404477e-06,-5.5974325001066547e-06,5.6994753781658573e-08,0.0,0.0,0.0,0.0
6.100000001490116,11,323.792866542279,-2.9303739768002991e-06,-2.1506956856736867e-06,-3.4337952246026324e-09,0.0,0.0,0.0,0.0
6.100000001490116,12,300.0,1.7043375970971064e-39,-1.9654429628330718e-39,4.7604410518194801e-41,1339.5334827061065,122.5852824508279,0.33748563315802232,0.0
6.100000001490116,13,300.0,-1.0093036109906087e-39,5.3587053544655694e-40,7.8501929048270545e-42,1512.3610819328883,244.38970757818851,-0.0041140504680437506,0.0
6.100000001490116,14,347.65376046193603,-8.5479894740586196e-06,-6.1523908968837008e-06,3.8477705309662875e-09,0.0,0.0,0.0,0.0
6.100000001490116,15,347.585733084558,-5.5838420438653051e-06,-5.0109789522674674e-06,3.3343269686413839e-09,0.0,0.0,0.0,0.0
6.100000001490116,16,300.0,-1.5065326081825844e-33,-3.6710329998478827e-34,1.6213832466929257e-37,2215.8291609664293,453.68785486171043,0.099398352284952501,0.0
6.100000001490116,17,323.8268802309681,-4.8924785098765224e-06,-1.8472730746414009e-06,3.4474095222017244e-08,0.0,0.0,0.0,0.0
6.100000001490116,18,347.6197467732471,-6.5041389017675343e-06,-5.6025105405723671e-06,-4.9320718873816928e-08,0.0,0.0,0.0,0.0
6.100000001490116,19,323.79286654227906,-2.9338408626538327e-06,-2.1497506070409267e-06,4.2044309194934533e-09,0.0,0.0,0.0,0.0
6.100000001490116,20,300.0,1.7275564546439575e-39,-1.9123934157230212e-39,1.373755458071689e-40,1339.9710078975356,122.63428296975884,0.085494088125412704,0.0
6.100000001490116,21,347.60665623505815,-4.8541612062847099e-06,-4.3040111387347165e-06,3.7005992442068737e-09,0.0,0.0,0.0,0.0
6.100000001490116,22,300.0,3.4148318432991086e-34,1.2048187867257015e-34,5.343146887699476e-37,-415.55088925824009,-226.15409035495173,-0.15103869977581219,-119.06898852879175
6.100000001490116,23,347.60665623505815,-4.8536691309749902e-06,-4.3050427164958614e-06,-2.5695124568982331e-09,0.0,0.0,0.0,0.0
6.100000001490116,24,300.0,3.416139843092571e-34,1.2042831133741452e-34,-4.8905122699040774e-37,-415.52109276075919,-226.10402473504806,0.20955507812201341,-119.0689885287918
6.100000001490116,25,347.5961946598081,-5.0252274255442174e-06,-4.6243690940805029e-06,1.2233597297006552e-08,0.0,0.0,0.0,0.0
6.100000001490116,26,323.8033281175291,-2.4622676583371914e-06,-2.27933143752086e-06,7.964790370157655e-10,0.0,0.0,0.0,0.0
6.100000001490116,27,300.0,1.7610921185951208e-40,2.3124849540653685e-39,8.5996752260509349e-41,923.03391376929153,351.86915474839782,0.19466844517837095,0.0
6.100000001490116,28,347.60665623505815,-4.8631838734127258e-06,-4.3168305168503551e-06,5.6576251465197126e-10,0.0,0.0,0.0,0.0
6.100000001490116,29,300.0,-1.4558429714609663e-33,-2.7903322757139373e-34,2.0540235627191367e-37,1644.2259469296214,540.82195516407444,-0.046819596327221408,0.0
6.100000001490116,30,347.59619465980813,-5.0299185304132852e-06,-4.62674565842433e-06,-8.0488707054033273e-09,0.0,0.0,0.0,0.0
6.100000001490116,31,323.8033281175291,-2.4622547406699635e-06,-2.2773196666926067e-06,9.2444162705844505e-11,0.0,0.0,0.0,0.0
6.100000001490116,32,300.0,1.8399666775294813e-40,2.336342894108383e-39,-1.3868813900017352e-40,923.14465249490672,351.88073154119269,-0.19006508670162897,0.0
6.100000001490116,33,347.6527063973086,-4.5084070597370459e-06,-5.0048031056270166e-06,-4.6042946315748631e-08,0.0,0.0,0.0,0.0
6.100000001490116,34,300.0,2.0272881450203364e-34,4.8092678352240591e-35,-3.6837671633350886e-37,-253.05131782203654,-134.55160043276612,1.0918964053674196,-118.94300489335248
6.100000001490116,35,347.6527063973086,-4.500125653688283e-06,-5.0018627749632791e-06,4.1245545431715694e-08,0.0,0.0,0.0,0.0
6.100000001490116,36,300.0,2.028338734051518e-34,4.8076910067480248e-35,4.0065805998185266e-37,-253.19125467239223,-134.62213473956726,-1.0201546874769631,-118.9430048933524
6.100000001490116,37,347.62968131618334,-4.8359321840823947e-06,-4.6073011766977975e-06,-1.4627696541465336e-08,0.0,0.0,0.0,0.0
6.100000001490116,38,323.82635319865426,-2.0537790916661764e-06,-2.1701876098423292e-06,1.1037926695096185e-08,0.0,0.0,0.0,0.0
6.100000001490116,39,300.0,-5.9869712380044648e-40,1.1340074405646524e-39,-2.0652965357214883e-40,729.33359908572038,366.44679876664696,-0.54213689953698385,0.0
6.100000001490116,40,347.6527063973086,-4.4258245891915008e-06,-4.9697171659972843e-06,-2.3988404449895541e-09,0.0,0.0,0.0,0.0
6.100000001490116,41,300.0,-9.7396478852452901e-34,-8.1350993950922915e-35,5.0022222222800123e-38,1112.9604194189726,456.03647159172704,-0.029966625591703211,0.0
6.100000001490116,42,347.62968131618334,-4.8306493894241071e-06,-4.6061777044185652e-06,1.2831750687139435e-08,0.0,0.0,0.0,0.0
6.100000001490116,43,323.82635319865426,-2.0508328354385514e-06,-2.1681773320831572e-06,-1.11649272987966e-08,0.0,0.0,0.0,0.0
6.100000001490116,44,300.0,-5.6939165952770471e-40,1.133985204602819e-39,1.473405461216599e-40,729.34379661454579,366.40329669912006,0.37349927383821468,0.0
6.100000001490116,45,347.60815123159784,-1.5119650654045191e-06,-6.0598884921405765e-06,-1.1580349004014626e-08,0.0,0.0,0.0,0.0
6.100000001490116,46,300.0,-9.2126498787765243e-40,-1.9365388042533415e-40,-6.1957389410916026e-41,-124.07946499723968,0.14586230410574674,-0.35054655849533184,-59.60301230139466
6.100000001490116,47,347.6081512315979,-1.5031042674053283e-06,-6.0545360246325672e-06,2.6177443605533285e-09,0.0,0.0,0.0,0.0
6.100000001490116,48,300.0,-9.2984257397781557e-40,-2.1176153134846957e-40,1.2980879190571577e-41,-124.12650541890379,0.062911854213076115,0.3466559537912261,-59.60301230139464
6.100000001490116,49,347.63042881445324,-3.5451570005613442e-06,-5.5777034992520432e-06,-4.2271902668412934e-08,0.0,0.0,0.0,0.0
6.100000001490116,50,323.8040756157989,-1.0319681037780203e-07,-1.8551104471684663e-06,7.0883185817627323e-09,0.0,0.0,0.0,0.0
6.100000001490116,51,300.0,1.7452589730338332e-39,-1.4699427176910639e-39,1.6330107072237983e-40,316.0766913691765,126.92257686771801,0.13721089823979782,0.0
6.100000001490116,52,347.60815123159784,-1.4955319544282495e-06,-6.0926386130070567e-06,-4.4815196987248721e-09,0.0,0.0,0.0,0.0
6.100000001490116,53,300.0,-1.0855361392180871e-39,-3.2605527816813364e-39,8.6901775608730464e-42,146.0010919117951,252.03598750172563,-0.012597309320401817,0.0
6.100000001490116,54,347.63042881445324,-3.5355867333161844e-06,-5.5734063752724844e-06,3.5436344184566723e-08,0.0,0.0,0.0,0.0
6.100000001490116,55,323.804075615799,-1.0002517363485394e-07,-1.8534435428834334e-06,-9.1648991867300086e-09,0.0,0.0,0.0,0.0
6.100000001490116,56,300.0,1.7387797435780818e-39,-1.5222084977413149e-39,-5.9132822528531501e-41,315.76772629627897,126.82879953784754,-0.14189927438276209,0.0
6.100000001490116,57,352.3759697681633,-8.290913090186755e-06,-4.3986078917790314e-05,-2.7088208034422072e-39,0.0,0.0,-5.7549249600047645,0.0
6.100000001490116,58,400.0,-1.0000000000000001e-05,-4.9500000000000004e-05,-3.2074166806345427e-40,486.25523817817822,176.32657328186133,-2.3471339841348748,142.86332552649125
6.100000001490116,59,400.0,-1.0000000000000001e-05,-4.9500000000000004e-05,-8.925198461285893e-37,803.23684284920262,243.88252943019512,-0.82531271260894579,238.09112499272618
6.100000001490116,60,352.38114265479743,-4.9506387908313044e-06,-4.5271498633745162e-05,-1.4557634213278346e-36,0.0,0.0,0.24985833842354371,0.0
6.100000001490116,61,352.37596976816315,-8.3078407496130585e-06,-4.3990682846734571e-05,-4.8353041231509317e-08,0.0,0.0,0.0,0.0
6.100000001490116,62,400.0,-1.0000000000000001e-05,-4.9500000000000004e-05,8.1344442751371143e-09,486.10135233752641,176.44861036003283,0.0,142.86332552649137
6.100000001490116,63,400.0,-1.0000000000000001e-05,-4.9500000000000004e-05,-2.1327143931150874e-09,803.12854785950992,243.40708660240915,0.0,238.09112499272658
6.100000001490116,64,352.38114265479743,-4.9458362639566831e-06,-4.5272407429166742e-05,1.2869860276824221e-08,0.0,0.0,0.0,0.0
6.100000001490116,65,376.18798488408163,-9.6752659479588182e-06,-4.758491470623717e-05,-1.915064012207657e-40,0.0,0.0,6.2804227055777604,0.0
6.100000001490116,66,400.0,-1.0000000000000001e-05,-4.9500000000000004e-05,6.9450579349286127e-40,-1460.9347708360026,-647.11318501008077,2.7553250863962346,0.0
6.100000001490116,67,376.19057132739874,-7.3834251865784744e-06,-4.7260768710217325e-05,2.2907370730821307e-36,0.0,0.0,-0.53069675819306972,0.0
6.100000001490116,68,352.3785562114804,-5.3488453845381148e-06,-4.4697746498672829e-05,4.128295410840425e-39,0.0,0.0,0.36500786924157425,0.0
6.100000001490116,69,352.37596976816326,-8.2387654217407613e-06,-4.3969041263743248e-05,-1.8468083344459084e-08,0.0,0.0,0.0,0.0
6.100000001490116,70,400.0,-1.0000000000000001e-05,-4.9500000000000004e-05,-1.0197726123819321e-09,-953.36317967205389,-579.99062391132429,0.0,0.0
6.100000001490116,71,400.0,-1.0000000000000001e-05,-4.9500000000000004e-05,6.3991297183803183e-10,-3464.9092613550329,-955.77000166802873,0.0,0.0
6.100000001490116,72,352.38114265479743,-4.9646931927439956e-06,-4.5274551367238101e-05,3.8132195893866785e-09,0.0,0.0,0.0,0.0
6.100000001490116,73,376.1879848840815,-9.6874715798756528e-06,-4.7592281949336655e-05,-1.530334831896155e-09,0.0,0.0,0.0,0.0
6.100000001490116,74,400.0,-1.0000000000000001e-05,-4.9500000000000004e-05,6.5759533392201331e-09,-1459.8977505465728,-647.21777904622274,0.0,0.0
6.100000001490116,75,376.19057132739874,-7.3805168329553523e-06,-4.7261133031740084e-05,3.356217369754564e-10,0.0,0.0,0.0,0.0
6.100000001490116,76,352.37855621148026,-5.3562668963767857e-06,-4.4700769394558049e-05,-1.2505925861520553e-08,0.0,0.0,0.0,0.0
6.100000001490116,77,400.0,-1.0000000000000001e-05,-4.9500000000000004e-05,-1.0992775683246352e-40,388.37219486071348,60.398112164826365,1.2569405584185256,95.23567839001149
6.100000001490116,78,352.388124256147,-1.6428374135700536e-06,-4.3645335422611493e-05,9.0249045935850982e-40,0.0,0.0,1.7156536062640282,0.0
6.100000001490116,79,400.0,-1.0000000000000001e-05,-4.9500000000000004e-05,-9.2517377246259045e-09,388.16200759692396,60.394101121028896,0.0,95.2356783900116
6.100000001490116,80,352.3881242561471,-1.6336672704316073e-06,-4.3644802306282185e-05,1.7440419334957492e-08,0.0,0.0,0.0,0.0
6.100000001490116,81,400.0,-1.0000000000000001e-05,-4.9500000000000004e-05,2.7247355723426897e-40,-1876.0895212264204,-319.94531233121336,-1.1023605601055926,0.0
6.100000001490116,82,376.1940621280735,-5.2559490560210454e-06,-4.7680462701556077e-05,-1.9505540242092267e-40,0.0,0.0,-4.7008362606341256,0.0
6.100000001490116,83,352.3846334554722,-4.2085805071953711e-06,-4.4407014303692633e-05,1.0189087673457518e-39,0.0,0.0,2.6288926365347494,0.0
6.100000001490116,84,400.0,-1.0000000000000001e-05,-4.9500000000000004e-05,-1.7582400877666369e-09,-2214.1605272229635,-401.60903241885745,0.0,0.0
6.100000001490116,85,352.3881242561471,-1.6791508038527213e-06,-4.3657545855359738e-05,7.2151374331162763e-09,0.0,0.0,0.0,0.0
6.100000001490116,86,400.0,-1.0000000000000001e-05,-4.9500000000000004e-05,-7.2917996975935421e-09,-1876.3937603675843,-320.5103363381931,0.0,0.0
6.100000001490116,87,376.19406212807354,-5.2480011437283585e-06,-4.7677417771185733e-05,-8.2473125726339087e-09,0.0,0.0,0.0,0.0
6.100000001490116,88,352.3846334554722,-4.1993277199841083e-06,-4.4406943066125227e-05,1.9584033402554174e-08,0.0,0.0,0.0,0.0
6.200000002980232,1,300.0,1.2379630132095643e-39,-3.1468886036538157e-39,-7.3917802617280144e-41,-282.8399406376509,-0.26203729696820338,-0.47390143743034518,-59.42547687454938
6.200000002980232,2,347.65376046193603,-8.3521454102777898e-06,-5.9170540885735895e-06,2.833704665342867e-08,0.0,0.0,0.0,0.0
6.200000002980232,3,347.58573308455806,-5.5289291069280508e-06,-4.903896742386934e-06,3.366829246756907e-08,0.0,0.0,0.0,0.0
6.200000002980232,4,300.0,3.5318938359150281e-34,6.9393387883249004e-35,4.6551175815507085e-37,-566.93633578349693,-121.58337828406866,-0.21994824323094195,-119.14964631114111
6.200000002980232,5,300.0,1.2925378309179773e-39,-3.2415733201536278e-39,2.2199304556722238e-40,-282.83292134883197,-0.22307159395973841,0.27035813851915258,-59.42547687454926
6.200000002980232,6,347.65376046193614,-8.3687470048747511e-06,-5.9226492768179741e-06,-2.0526614613253613e-08,0.0,0.0,0.0,0.0
6.200000002980232,7,347.5857330845581,-5.5375366670309032e-06,-4.9072745762750194e-06,-2.7033440676546919e-08,0.0,0.0,0.0,0.0
6.200000002980232,8,300.0,3.5316059005877062e-34,6.9357823009980005e-35,-3.5458836800824594e-37,-566.78952524444492,-121.56197177070609,0.064333387684838372,-119.14964631114111
6.200000002980232,9,323.826880230968,-4.825418113141316e-06,-1.8018706999534599e-06,-3.3083602647911462e-08,0.0,0.0,0.0,0.0
6.200000002980232,10,347.619746773247,-6.4530274396084763e-06,-5.4573184297855901e-06,5.5446884053217627e-08,0.0,0.0,0.0,0.0
6.200000002980232,11,323.79286654227906,-2.9190015012687324e-06,-2.0960537496719897e-06,-3.3682718705052198e-09,0.0,0.0,0.0,0.0
6.200000002980232,12,300.0,-1.6320936608008352e-39,3.9205510986933694e-39,-7.983588314015289e-41,1326.5260566288875,119.39776480500569,0.32594163793402497,0.0
6.200000002980232,13,300.0,3.8553088177860701e-39,-7.0430358304974292e-40,-2.0532230372300053e-41,1495.0305590222642,238.28855795885096,-0.0099019193820199802,0.0
6.200000002980232,14,347.6537604619361,-8.4584137958825951e-06,-5.9966298523604817e-06,3.9028809398931784e-09,0.0,0.0,0.0,0.0
6.200000002980232,15,347.5857330845581,-5.5674728312742945e-06,-4.8846073780318765e-06,3.3174450469114561e-09,0.0,0.0,0.0,0.0
6.200000002980232,16,300.0,-1.4893597458714783e-33,-3.578876630098423e-34,1.5820715862849846e-37,2201.6990121212666,442.26611327633719,0.089997608847038918,0.0
6.200000002980232,17,323.8268802309681,-4.8314961112292344e-06,-1.8013477696012701e-06,3.308541842158585e-08,0.0,0.0,0.0,0.0
6.200000002980232,18,347.61974677324713,-6.4654333323061128e-06,-5.4620663614146337e-06,-4.7748558939678821e-08,0.0,0.0,0.0,0.0
6.200000002980232,19,323.79286654227906,-2.9224284361229206e-06,-2.0950614472408501e-06,4.1735470015620688e-09,0.0,0.0,0.0,0.0
6.200000002980232,20,300.0,-1.6412262253950883e-39,3.8210693573677184e-39,-2.3619604975192063e-40,1326.9615441566743,119.44151192977913,0.072276598059306529,0.0
6.200000002980232,21,347.60665623505815,-4.8570723668546211e-06,-4.1945226190486004e-06,3.4175547932518721e-09,0.0,0.0,0.0,0.0
6.200000002980232,22,300.0,3.3811408929712248e-34,1.1748471528634272e-34,5.203385033229316e-37,-415.47102108074375,-220.51665714764721,-0.14388004393009635,-119.06898852879188
6.200000002980232,23,347.6066562350581,-4.8566215649721288e-06,-4.1954760931323882e-06,-2.3276374832936983e-09,0.0,0.0,0.0,0.0
6.200000002980232,24,300.0,3.3824360329771642e-34,1.17433155314346e-34,-4.7300572191909665e-37,-415.44150234856909,-220.4684491313453,0.19995103941268111,-119.06898852879206
6.200000002980232,25,347.59619465980813,-5.0238631553249538e-06,-4.5070360674382903e-06,1.1896504926125136e-08,0.0,0.0,0.0,0.0
6.200000002980232,26,323.8033281175291,-2.4628144090549034e-06,-2.2218287998783334e-06,7.7834019002132424e-10,0.0,0.0,0.0,0.0
6.200000002980232,27,300.0,-6.6938528887538483e-40,-3.8666116265523742e-39,-1.485378997605128e-40,920.45561550524019,342.97336603824965,0.18108068229650892,0.0
6.200000002980232,28,347.60665623505815,-4.8656550970599944e-06,-4.2065967043240295e-06,5.4547644136736184e-10,0.0,0.0,0.0,0.0
6.200000002980232,29,300.0,-1.4400374797607758e-33,-2.719940418944476e-34,1.9928881669924141e-37,1644.6235534465577,527.08423040973446,-0.04475048460587569,0.0
6.200000002980232,30,347.59619465980813,-5.0284737661639459e-06,-4.5092464531232795e-06,-7.7618983490074959e-09,0.0,0.0,0.0,0.0
6.200000002980232,31,323.8033281175291,-2.4628107038340546e-06,-2.2198140149090566e-06,7.3614935567799343e-11,0.0,0.0,0.0,0.0
6.200000002980232,32,300.0,-6.8404637855577731e-40,-3.9028550918320032e-39,2.3225514069408392e-40,920.56735613691637,342.98079043937344,-0.17768477874958838,0.0
6.200000002980232,33,347.65270639730863,-4.5209030725843336e-06,-4.8766784217183786e-06,-4.4848184281633966e-08,0.0,0.0,0.0,0.0
6.200000002980232,34,300.0,2.0275318495280772e-34,4.6947534216601488e-35,-3.5631490781092369e-37,-257.09585418006628,-131.22900283320942,1.0586303248616407,-118.94300489335222
6.200000002980232,35,347.6527063973085,-4.5127949842903924e-06,-4.8738387986169747e-06,4.0052712557351811e-08,0.0,0.0,0.0,0.0
6.200000002980232,36,300.0,2.0285867561302347e-34,4.6932465206583038e-35,3.895434038837069e-37,-257.23395500380917,-131.29699998657415,-0.98978000685021583,-118.94300489335227
6.200000002980232,37,347.6296813161834,-4.8397070561786636e-06,-4.4894894221281145e-06,-1.4545453499958288e-08,0.0,0.0,0.0,0.0
6.200000002980232,38,323.8263531986543,-2.0650074607059559e-06,-2.1151227218587254e-06,1.0742850032835536e-08,0.0,0.0,0.0,0.0
6.200000002980232,39,300.0,1.1377394631833197e-40,-2.4290573699148542e-39,3.6781255579706847e-40,731.91992254791671,357.34422159617122,-0.51911631646246459,0.0
6.200000002980232,40,347.6527063973086,-4.4405354965675122e-06,-4.8434033233977442e-06,-2.3975047923429445e-09,0.0,0.0,0.0,0.0
6.200000002980232,41,300.0,-9.7027717655630546e-34,-7.8990898804878449e-35,4.830977185110622e-38,1126.7404951929311,444.09021070636226,-0.024757094096344294,0.0
6.200000002980232,42,347.62968131618334,-4.8345592794592372e-06,-4.4883871411592489e-06,1.272072572834363e-08,0.0,0.0,0.0,0.0
6.200000002980232,43,323.82635319865426,-2.0621016798737699e-06,-2.1131320873563626e-06,-1.0910829191888147e-08,0.0,0.0,0.0,0.0
6.200000002980232,44,300.0,6.0078398490228336e-41,-2.4426849978516246e-39,-2.4752924746902448e-40,731.92636116364588,357.29893658635814,0.358312078066371,0.0
6.200000002980232,45,347.60815123159784,-1.5985438465721352e-06,-5.9101924932471417e-06,-1.1689548757544425e-08,0.0,0.0,0.0,0.0
6.200000002980232,46,300.0,8.915365349681523e-40,-4.6853051561495109e-40,8.2165710983795099e-41,-126.09393328552204,0.26499238997233443,-0.33990805871913188,-59.603012301394735
6.200000002980232,47,347.6081512315979,-1.5898048650045024e-06,-5.9050207968493232e-06,2.8067669507909771e-09,0.0,0.0,0.0,0.0
6.200000002980232,48,300.0,8.9799549446185694e-40,-4.5021887505536084e-40,-4.8054908941608634e-42,-126.14028252841024,0.18372551063931644,0.33659137994086774,-59.603012301394635
6.200000002980232,49,347.63042881445324,-3.5816126463572324e-06,-5.4377510388417944e-06,-4.0990969023180591e-08,0.0,0.0,0.0,0.0
6.200000002980232,50,323.8040756157989,-1.6319426333738966e-07,-1.8080909865119472e-06,6.7091667402426372e-09,0.0,0.0,0.0,0.0
6.200000002980232,51,300.0,-2.1061433538508999e-39,4.2350815192874324e-39,-2.6983118531853896e-40,328.92565364414139,123.58492840454258,0.13174876059181334,0.0
6.200000002980232,52,347.60815123159784,-1.5825099933717626e-06,-5.941032395339995e-06,-4.4416296157288579e-09,0.0,0.0,0.0,0.0
6.200000002980232,53,300.0,1.033397290447243e-39,5.3184887644281326e-39,-1.7941923893880982e-41,163.36529135631733,245.89140887601744,-0.0086090066429062237,0.0
6.200000002980232,54,347.63042881445324,-3.5722141166471639e-06,-5.4336033641962574e-06,3.4187764486994339e-08,0.0,0.0,0.0,0.0
6.200000002980232,55,323.804075615799,-1.6004145659640599e-07,-1.8064506620884664e-06,-8.7830906582529993e-09,0.0,0.0,0.0,0.0
6.200000002980232,56,300.0,-2.0945773396314516e-39,4.3271175527036765e-39,9.9581464623241918e-41,328.61756186732259,123.49329126097106,-0.13366966414350229,0.0
6.200000002980232,57,352.37596976816326,-8.2088218619907707e-06,-4.3623946719881349e-05,-2.5029328243291125e-40,0.0,0.0,-5.5497902908994092,0.0
6.200000002980232,58,400.0,-1.0000000000000003e-05,-4.9000000000000012e-05,5.1820808018072904e-40,486.50366478859638,171.85961700426697,-2.2696902669515593,142.8633255264913
6.200000002980232,59,400.0,-1.0000000000000003e-05,-4.9000000000000012e-05,-8.687690782590865e-37,803.93431218503861,237.76477378806032,-0.78395389855755981,238.0911249927264
6.200000002980232,60,352.38114265479743,-4.9527127892431787e-06,-4.4880063627599274e-05,-1.3961751042547949e-36,0.0,0.0,0.25823403454393012,0.0
6.200000002980232,61,352.3759697681631,-8.2253196289621086e-06,-4.3628295959643623e-05,-4.6763641222787958e-08,0.0,0.0,0.0,0.0
6.200000002980232,62,400.0,-1.0000000000000003e-05,-4.9000000000000012e-05,7.9605375499148285e-09,486.36207641719881,171.97340916313004,0.0,142.8633255264914
6.200000002980232,63,400.0,-1.0000000000000003e-05,-4.9000000000000012e-05,-2.093234834354735e-09,803.83035898416529,237.30371220612017,0.0,238.09112499272692
6.200000002980232,64,352.38114265479743,-4.9480408315233083e-06,-4.4880964934040437e-05,1.2474293407427345e-08,0.0,0.0,0.0,0.0
6.200000002980232,65,376.18798488408163,-9.6207879386665899e-06,-4.7133414116695116e-05,4.0183974021364538e-40,0.0,0.0,6.1245742399091387,0.0
6.200000002980232,66,400.0,-1.0000000000000003e-05,-4.9000000000000012e-05,-1.143526037054958e-39,-1474.2710997722602,-630.66780961898348,2.649463936079099,0.0
6.200000002980232,67,376.19057132739874,-7.3867860355927803e-06,-4.681730635822262e-05,2.2540062800775854e-36,0.0,0.0,-0.53040825630076061,0.0
6.200000002980232,68,352.3785562114804,-5.3401571016239222e-06,-4.4319138688388519e-05,-1.2754067758475154e-38,0.0,0.0,0.29387041834152261,0.0
6.200000002980232,69,352.37596976816315,-8.1581159824296562e-06,-4.3607901267203993e-05,-1.7872644910607435e-08,0.0,0.0,0.0,0.0
6.200000002980232,70,400.0,-1.0000000000000003e-05,-4.9000000000000012e-05,-9.5336743040590674e-10,-979.65277926194358,-565.39901846562373,0.0,0.0
6.200000002980232,71,400.0,-1.0000000000000003e-05,-4.9000000000000012e-05,6.0012372974224097e-10,-3461.1923776924273,-931.35326120323714,0.0,0.0
6.200000002980232,72,352.38114265479743,-4.9663211736531842e-06,-4.4882762028651702e-05,3.7198747508453808e-09,0.0,0.0,0.0,0.0
6.200000002980232,73,376.1879848840815,-9.6326814795637423e-06,-4.714040623071273e-05,-1.3015429486765443e-09,0.0,0.0,0.0,0.0
6.200000002980232,74,400.0,-1.0000000000000003e-05,-4.9000000000000012e-05,6.3821699410622317e-09,-1473.2663042458203,-630.78287122617394,0.0,0.0
6.200000002980232,75,376.19057132739874,-7.383953298289729e-06,-4.6817713234037324e-05,3.0496629619304841e-10,0.0,0.0,0.0,0.0
6.200000002980232,76,352.37855621148026,-5.347436806023438e-06,-4.4322033516831529e-05,-1.2319882571578011e-08,0.0,0.0,0.0,0.0
6.200000002980232,77,400.0,-1.0000000000000003e-05,-4.9000000000000012e-05,2.5107079913761859e-40,387.03769952231335,58.89394711161156,1.2235537176000493,95.2356783900116
6.200000002980232,78,352.388124256147,-1.727367716934719e-06,-4.329091962210301e-05,2.306961506923697e-39,0.0,0.0,1.6767204668671465,0.0
6.200000002980232,79,400.0,-1.0000000000000003e-05,-4.9000000000000012e-05,-8.9970536313646258e-09,386.83469800137163,58.890297102327246,0.0,95.23567839001157
6.200000002980232,80,352.38812425614697,-1.718327465406322e-06,-4.3290384945697816e-05,1.7212171022009477e-08,0.0,0.0,0.0,0.0
6.200000002980232,81,400.0,-1.0000000000000003e-05,-4.9000000000000012e-05,-6.1371682671852649e-40,-1862.3365940921094,-311.94947103857351,-1.0729774377408439,0.0
6.200000002980232,82,376.1940621280735,-5.3125713643038075e-06,-4.7226707542965872e-05,4.2217042020792249e-40,0.0,0.0,-4.5825525071103996,0.0
6.200000002980232,83,352.3846334554722,-4.2298594033927194e-06,-4.4035613219294565e-05,1.0979869912162332e-38,0.0,0.0,2.5596412624472902,0.0
6.200000002980232,84,400.0,-1.0000000000000003e-05,-4.9000000000000012e-05,-1.6903096246783767e-09,-2191.6278225789492,-391.48132599900958,0.0,0.0
6.200000002980232,85,352.38812425614697,-1.7628660174389117e-06,-4.3302740566626536e-05,7.1133901127081586e-09,0.0,0.0,0.0,0.0
6.200000002980232,86,400.0,-1.0000000000000003e-05,-4.9000000000000012e-05,-7.0982198882866931e-09,-1862.6395436037096,-312.49448096780111,0.0,0.0
6.200000002980232,87,376.1940621280735,-5.3047719089877232e-06,-4.7223783593426235e-05,-7.9792587592564906e-09,0.0,0.0,0.0,0.0
6.200000002980232,88,352.3846334554722,-4.2207907600345368e-06,-4.4035541649560722e-05,1.9171321314568886e-08,0.0,0.0,0.0,0.0
6.300000011920929,1,300.0,1.2438827858557911e-39,-3.1470018462431676e-39,-7.2908876441827045e-41,-280.83430452572446,-0.23213255323690651,-0.47175493155509141,-59.42547687454941
6.300000011920929,2,347.65376046193603,-8.2646219505864058e-06,-5.7664485946903042e-06,2.9382753925570388e-08,0.0,0.0,0.0,0.0
6.300000011920929,3,347.5857330845581,-5.5139602664244996e-06,-4.776528564934056e-06,3.251879823329394e-08,0.0,0.0,0.0,0.0
6.300000011920929,4,300.0,3.4931188924180281e-34,6.7559323585433498e-35,4.5128504934650225e-37,-562.85972458247534,-118.41122460516024,-0.20009453022238266,-119.14964631114108
6.300000011920929,5,300.0,1.2982455249043431e-39,-3.2414572044462331e-39,2.2072776179809554e-40,-280.82558166010273,-0.1969163360484899,0.27784431282720801,-59.425476874549354
6.300000011920929,6,347.65376046193603,-8.2807722047274844e-06,-5.771663508984151e-06,-2.1462965084848505e-08,0.0,0.0,0.0,0.0
6.300000011920929,7,347.58573308455806,-5.5223891824678525e-06,-4.7796673974699309e-06,-2.5917394367142169e-08,0.0,0.0,0.0,0.0
6.300000011920929,8,300.0,3.4928473857767887e-34,6.7527440825184185e-35,-3.4212117261493299e-37,-562.71360413250557,-118.39276492103944,0.05281646968458148,-119.1496463111412
6.300000011920929,9,323.826880230968,-4.7645711249664628e-06,-1.7559548795991819e-06,-3.1573405094093629e-08,0.0,0.0,0.0,0.0
6.300000011920929,10,347.6197467732471,-6.4145907470324405e-06,-5.3171880128090679e-06,5.3908903420825028e-08,0.0,0.0,0.0,0.0
6.300000011920929,11,323.79286654227906,-2.9076222462019868e-06,-2.0414151111714601e-06,-3.2996595977969145e-09,0.0,0.0,0.0,0.0
6.300000011920929,12,300.0,-1.6482780546799411e-39,3.9114955633110982e-39,-8.1216417851108793e-41,1313.5202788297227,116.20633566362012,0.31447885912788187,0.0
6.300000011920929,13,300.0,3.8509463220885077e-39,-7.3660059387329963e-40,-2.0704081302760311e-41,1477.6961851653175,232.18814494010721,-0.015669084214696344,0.0
6.300000011920929,14,347.65376046193603,-8.3688464682644037e-06,-5.8409398307205583e-06,3.9562747638480919e-09,0.0,0.0,0.0,0.0
6.300000011920929,15,347.5857330845581,-5.5510939288672509e-06,-4.7582107694700432e-06,3.300650194307876e-09,0.0,0.0,0.0,0.0
6.300000011920929,16,300.0,-1.4721826761097408e-33,-3.4868063333255819e-34,1.5457488986855791e-37,2187.5698654119392,430.84119482200128,0.080651417671884051,0.0
6.300000011920929,17,323.826880230968,-4.7705171820639723e-06,-1.7553802339005425e-06,3.1719039538703608e-08,0.0,0.0,0.0,0.0
6.300000011920929,18,347.619746773247,-6.4267199992124723e-06,-5.3216132117660835e-06,-4.6187531503717645e-08,0.0,0.0,0.0,0.0
6.300000011920929,19,323.79286654227906,-2.9110089321042981e-06,-2.0403767127332893e-06,4.1396709922985154e-09,0.0,0.0,0.0,0.0
6.300000011920929,20,300.0,-1.6574466730243244e-39,3.8120734540292392e-39,-2.3441985191922302e-40,1313.9537378624857,116.24492881634535,0.059293527845124205,0.0
6.300000011920929,21,347.6066562350582,-4.8599858767468536e-06,-4.0849648638618094e-06,3.139004018385842e-09,0.0,0.0,0.0,0.0
6.300000011920929,22,300.0,3.3474234629318181e-34,1.1449204683927186e-34,5.0632869752889665e-37,-415.3912925165904,-214.88461393664267,-0.1367793778718206,-119.06898852879176
6.300000011920929,23,347.60665623505815,-4.8595749580889842e-06,-4.0858398296599414e-06,-2.0891924534221226e-09,0.0,0.0,0.0,0.0
6.300000011920929,24,300.0,3.3487057146124799e-34,1.1444244738118642e-34,-4.5690900720979179e-37,-415.36205295483933,-214.83831545074759,0.1904724733178752,-119.06898852879185
6.300000011920929,25,347.59619465980813,-5.0224921029973586e-06,-4.3896591194403963e-06,1.1554588419528007e-08,0.0,0.0,0.0,0.0
6.300000011920929,26,323.8033281175291,-2.4633660401743207e-06,-2.1643218881024147e-06,7.6175020703836759e-10,0.0,0.0,0.0,0.0
6.300000011920929,27,300.0,-6.6319413852642564e-40,-3.8881412220597607e-39,-1.4563752629915743e-40,917.87798043532757,334.0814654693234,0.16763855694094804,0.0
6.300000011920929,28,347.60665623505815,-4.8681315667417717e-06,-4.0963183374708546e-06,5.2572100694320778e-10,0.0,0.0,0.0,0.0
6.300000011920929,29,300.0,-1.4242369418249419e-33,-2.6495754822795742e-34,1.9310537362874483e-37,1645.0219526707426,513.33647991720613,-0.042754665109870804,0.0
6.300000011920929,30,347.59619465980813,-5.027021164283615e-06,-4.3917057914418481e-06,-7.4691316768813155e-09,0.0,0.0,0.0,0.0
6.300000011920929,31,323.8033281175291,-2.4633712388807809e-06,-2.1623043214648321e-06,5.4258125802578024e-11,0.0,0.0,0.0,0.0
6.300000011920929,32,300.0,-6.7769399059427724e-40,-3.9247157099920685e-39,2.2973723034362344e-40,917.99073747291663,334.08477405326414,-0.16553420802788829,0.0
6.300000011920929,33,347.6527063973086,-4.5334130282090171e-06,-4.748631767436495e-06,-4.3653420909777173e-08,0.0,0.0,0.0,0.0
6.300000011920929,34,300.0,2.0278051440865006e-34,4.5802682065766656e-35,-3.4424594559737926e-37,-261.1408880881956,-127.90387853270454,1.0254456562998318,-118.94300489335248
6.300000011920929,35,347.6527063973086,-4.5254784418469484e-06,-4.7458890229130328e-06,3.8860369311249609e-08,0.0,0.0,0.0,0.0
6.300000011920929,36,300.0,2.0288639306234608e-34,4.5788181051877584e-35,3.7848437164609866e-37,-261.27715665015518,-127.969421983507,-0.95951590200326209,-118.9430048933523
6.300000011920929,37,347.6296813161834,-4.8434997212005109e-06,-4.3716795259776312e-06,-1.4451479813387629e-08,0.0,0.0,0.0,0.0
6.300000011920929,38,323.82635319865426,-2.0762426144028767e-06,-2.0600652214449463e-06,1.0448483149695251e-08,0.0,0.0,0.0,0.0
6.300000011920929,39,300.0,1.0686145178858073e-40,-2.3822189276942197e-39,3.6532638362434465e-40,734.5061391486613,348.24402664462286,-0.49646105977156901,0.0
6.300000011920929,40,347.6527063973086,-4.4552581918550654e-06,-4.7171261440331148e-06,-2.3959294227856357e-09,0.0,0.0,0.0,0.0
6.300000011920929,41,300.0,-9.6658317251087318e-34,-7.6627914010858207e-35,4.6339799187395474e-38,1140.5232970059083,432.15747512740313,-0.019558722687007285,0.0
6.300000011920929,42,347.62968131618334,-4.8384861258858557e-06,-4.3705959578582932e-06,1.2598980506050166e-08,0.0,0.0,0.0,0.0
6.300000011920929,43,323.82635319865426,-2.0733773189501308e-06,-2.0580935630998197e-06,-1.0657252197675469e-08,0.0,0.0,0.0,0.0
6.300000011920929,44,300.0,5.2835731732224815e-41,-2.3949473270190416e-39,-2.4529799410399659e-40,734.50887287701437,348.19697142092315,0.34337018028863064,0.0
6.300000011920929,45,347.6081512315978,-1.6851074220399512e-06,-5.7604817004691862e-06,-1.1793968141535613e-08,0.0,0.0,0.0,0.0
6.300000011920929,46,300.0,8.9341458486318516e-40,-4.5066431325641275e-40,8.1477162887223244e-41,-128.10929498838919,0.38457314015219929,-0.32935103610581817,-59.603012301394706
6.300000011920929,47,347.60815123159784,-1.6764926914320387e-06,-5.7554856100300683e-06,2.9891053492065617e-09,0.0,0.0,0.0,0.0
6.300000011920929,48,300.0,9.0002491502456425e-40,-4.3183671867004905e-40,-3.8109914837124167e-42,-128.15495966283166,0.30497100378418751,0.32653061708199294,-59.60301230139466
6.300000011920929,49,347.6304288144532,-3.6180619804635293e-06,-5.2978352938526466e-06,-3.9719037851217993e-08,0.0,0.0,0.0,0.0
6.300000011920929,50,323.80407561579887,-2.2318338014816999e-07,-1.7610708405915759e-06,6.3303841182539185e-09,0.0,0.0,0.0,0.0
6.300000011920929,51,300.0,-2.1020419812887614e-39,4.2013585977066787e-39,-2.6888745436034196e-40,341.77671796108734,120.24307858276936,0.12655551039818841,0.0
6.300000011920929,52,347.60815123159784,-1.6694767465436558e-06,-5.7894342917879456e-06,-4.4026830717757865e-09,0.0,0.0,0.0,0.0
6.300000011920929,53,300.0,1.0492887823302564e-39,5.3105093463726316e-39,-1.7840896778480072e-41,180.7284415120572,239.74151974096284,-0.0046028630686318767,0.0
6.300000011920929,54,347.63042881445324,-3.6088360210333381e-06,-5.2938324065621801e-06,3.2947697917955179e-08,0.0,0.0,0.0,0.0
6.300000011920929,55,323.8040756157989,-2.2005041956970274e-07,-1.7594560751164874e-06,-8.4030081036176348e-09,0.0,0.0,0.0,0.0
6.300000011920929,56,300.0,-2.0905963954925369e-39,4.2931459961958954e-39,9.8153793957383967e-41,341.46948803476147,120.15348983809848,-0.12553820769820287,0.0
6.300000011920929,57,352.3759697681632,-8.1267343538765631e-06,-4.326180837142092e-05,-5.5652133610982573e-40,0.0,0.0,-5.3463547418109654,0.0
6.300000011920929,58,400.0,-1.0000000000000003e-05,-4.8500000000000013e-05,5.1816560119288989e-40,486.75051414686533,167.39451262901855,-2.1927647153693526,142.86332552649125
6.300000011920929,59,400.0,-1.0000000000000003e-05,-4.8500000000000013e-05,-8.4569254168178385e-37,804.63192809377665,231.64486530550434,-0.74359844429561617,238.09112499272612
6.300000011920929,60,352.38114265479743,-4.954803734044358e-06,-4.4488646145089262e-05,-1.3381511724068893e-36,0.0,0.0,0.26556689760732866,0.0
6.300000011920929,61,352.3759697681632,-8.1428052079323107e-06,-4.326590558623057e-05,-4.5188391524375323e-08,0.0,0.0,0.0,0.0
6.300000011920929,62,400.0,-1.0000000000000003e-05,-4.8500000000000013e-05,7.7842873076813937e-09,486.62094924278296,167.5002261935837,0.0,142.86332552649154
6.300000011920929,63,400.0,-1.0000000000000003e-05,-4.8500000000000013e-05,-2.0527401397179619e-09,804.53218305228302,231.19810464425882,0.0,238.09112499272663
6.300000011920929,64,352.38114265479743,-4.9502613368903148e-06,-4.4489540145566804e-05,1.2082880988705054e-08,0.0,0.0,0.0,0.0
6.300000011920929,65,376.18798488408163,-9.5663107291516812e-06,-4.668191853764467e-05,4.0038237893096551e-40,0.0,0.0,5.968325391861554,0.0
6.300000011920929,66,400.0,-1.0000000000000003e-05,-4.8500000000000013e-05,-1.1428830836832031e-39,-1487.6058311201384,-614.22824729169724,2.5447456688455059,0.0
6.300000011920929,67,376.19057132739874,-7.390155613644674e-06,-4.6373841221048716e-05,2.2161995239545711e-36,0.0,0.0,-0.52923551988877038,0.0
6.300000011920929,68,352.3785562114803,-5.3314599830747556e-06,-4.3940554904438977e-05,-2.5509157188339308e-38,0.0,0.0,0.2253307431586643,0.0
6.300000011920929,69,352.3759697681632,-8.0774694233000215e-06,-4.3246733226645387e-05,-1.7282776851657285e-08,0.0,0.0,0.0,0.0
6.300000011920929,70,400.0,-1.0000000000000003e-05,-4.8500000000000013e-05,-8.8857263636952263e-10,-1005.9455349822766,-550.80326965155166,0.0,0.0
6.300000011920929,71,400.0,-1.0000000000000003e-05,-4.8500000000000013e-05,5.613317869695081e-10,-3457.4720775388178,-906.93315804379813,0.0,0.0
6.300000011920929,72,352.38114265479743,-4.9679680490065545e-06,-4.4490997015733742e-05,3.6269235642853616e-09,0.0,0.0,0.0,0.0
6.300000011920929,73,376.1879848840816,-9.5778935064834654e-06,-4.6688542752392262e-05,-1.080339785787015e-09,0.0,0.0,0.0,0.0
6.300000011920929,74,400.0,-1.0000000000000003e-05,-4.8500000000000013e-05,6.1890981762798224e-09,-1486.6329054094447,-614.35318605576867,0.0,0.0
6.300000011920929,75,376.19057132739874,-7.3873981364688512e-06,-4.6374289106425418e-05,2.7611651735911881e-10,0.0,0.0,0.0,0.0
6.300000011920929,76,352.3785562114803,-5.3385969714687422e-06,-4.3943322955294976e-05,-1.2129771285890669e-08,0.0,0.0,0.0,0.0
6.300000011920929,77,400.0,-1.0000000000000003e-05,-4.8500000000000013e-05,2.5193877721087411e-40,385.70333847454759,57.383854793849601,1.1899149380043283,95.23567839001159
6.300000011920929,78,352.3881242561471,-1.8118797372299636e-06,-4.2936464746964217e-05,2.1205578481109897e-39,0.0,0.0,1.6367188846020517,0.0
6.300000011920929,79,400.0,-1.0000000000000003e-05,-4.8500000000000013e-05,-8.7438232193615059e-09,385.50733083740613,57.380499157747423,0.0,95.23567839001154
6.300000011920929,80,352.3881242561471,-1.8029715642771298e-06,-4.2935926314770218e-05,1.6972499417272357e-08,0.0,0.0,0.0,0.0
6.300000011920929,81,400.0,-1.0000000000000003e-05,-4.8500000000000013e-05,-6.1577078812060796e-40,-1848.5840513319836,-303.94098749663448,-1.0429785445879072,0.0
6.300000011920929,82,376.1940621280735,-5.3691854528915483e-06,-4.6772956030764888e-05,4.2335334093102927e-40,0.0,0.0,-4.4646921069275907,0.0
6.300000011920929,83,352.3846334554722,-4.2511446030813507e-06,-4.3664180132925294e-05,2.2451244741773498e-38,0.0,0.0,2.4915385558430803,0.0
6.300000011920929,84,400.0,-1.0000000000000003e-05,-4.8500000000000013e-05,-1.623719370828685e-09,-2169.0952187018024,-381.35699837179988,0.0,0.0
6.300000011920929,85,352.3881242561471,-1.8465603970731905e-06,-4.2947909063276845e-05,7.0079479296934949e-09,0.0,0.0,0.0,0.0
6.300000011920929,86,400.0,-1.0000000000000003e-05,-4.8500000000000013e-05,-6.9048554612166227e-09,-1848.8854593893316,-304.46637667421004,0.0,0.0
6.300000011920929,87,376.19406212807354,-5.3615354791504744e-06,-4.6770148865963001e-05,-7.716543332216543e-09,0.0,0.0,0.0,0.0
6.300000011920929,88,352.3846334554722,-4.2422605111050851e-06,-4.3664107028715725e-05,1.875795310482984e-08,0.0,0.0,0.0,0.0
6.4000000059604645,1,300.0,1.2497989494947303e-39,-3.1470895441048991e-39,-7.189751337359634e-41,-278.82991821274726,-0.19908071996160417,-0.46953652816646085,-59.425476874549304
6.4000000059604645,2,347.6537604619361,-8.1771047653543794e-06,-5.6158103062878586e-06,3.0383378422991124e-08,0.0,0.0,0.0,0.0
6.4000000059604645,3,347.58573308455806,-5.4989830395261847e-06,-4.6491535993448502e-06,3.1373710934473436e-08,0.0,0.0,0.0,0.0
6.4000000059604645,4,300.0,3.4543353389541857e-34,6.5724381422250013e-35,4.3707247630973281e-37,-558.78445047970365,-115.23867454441756,-0.18039230752635921,-119.14964631114107
6.4000000059604645,5,300.0,1.3039487736298089e-39,-3.2413137651258238e-39,2.1945758249460701e-40,-278.81954592014722,-0.16751976437212107,0.28511102955276868,-59.425476874549396
6.4000000059604645,6,347.653760461936,-8.1928073457101342e-06,-5.6206539053846159e-06,-2.2357671408023932e-08,0.0,0.0,0.0,0.0
6.4000000059604645,7,347.58573308455806,-5.5072328414013348e-06,-4.6520584637203555e-06,-2.4805562585885619e-08,0.0,0.0,0.0,0.0
6.4000000059604645,8,300.0,3.4540801818290619e-34,6.5696066199778835e-35,-3.2965847453296382e-37,-558.63903302431072,-115.22307817190638,0.041365814386187194,-119.149646311141
6.4000000059604645,9,323.8268802309681,-4.7037261512310308e-06,-1.709995781642512e-06,-3.0087600543991117e-08,0.0,0.0,0.0,0.0
6.4000000059604645,10,347.6197467732471,-6.3761457864529726e-06,-5.1770413010898756e-06,5.2380714517444181e-08,0.0,0.0,0.0,0.0
6.4000000059604645,11,323.79286654227906,-2.8962362424677192e-06,-1.9867797084282868e-06,-3.2279720609781163e-09,0.0,0.0,0.0,0.0
6.4000000059604645,12,300.0,-1.664429396578458e-39,3.9024425160273501e-39,-8.2593813837454912e-41,1300.5161654599542,113.01100407971862,0.30309867413556629,0.0
6.4000000059604645,13,300.0,3.8465932963427468e-39,-7.6889126278254185e-40,-2.0874669346716896e-41,1460.3579647150739,226.08850081262634,-0.021415374378024182,0.0
6.4000000059604645,14,347.65376046193603,-8.279287486284295e-06,-5.6853206612277908e-06,4.0079549356100608e-09,0.0,0.0,0.0,0.0
6.4000000059604645,15,347.58573308455806,-5.5347053834423768e-06,-4.6317890890149925e-06,3.2839436421199421e-09,0.0,0.0,0.0,0.0
6.4000000059604645,16,300.0,-1.4550045930463869e-33,-3.3947516526082767e-34,1.5102641523365444e-37,2173.4417295130124,419.41304680216501,0.071359478318599096,0.0
6.4000000059604645,17,323.82688023096796,-4.7095417032419403e-06,-1.7093706776670447e-06,3.0374838111046139e-08,0.0,0.0,0.0,0.0
6.4000000059604645,18,347.619746773247,-6.3879988720874797e-06,-5.1811511317485013e-06,-4.4637536005746215e-08,0.0,0.0,0.0,0.0
6.4000000059604645,19,323.79286654227906,-2.8995823841810891e-06,-1.985696341814357e-06,4.1028165010868713e-09,0.0,0.0,0.0,0.0
6.4000000059604645,20,300.0,-1.6736343469469175e-39,3.8030814945006529e-39,-2.3264128753004413e-40,1300.9476052026446,113.04454262141715,0.046543098918464088,0.0
6.4000000059604645,21,347.60665623505815,-4.8629017893445138e-06,-3.9753383431961031e-06,2.8649480341208217e-09,0.0,0.0,0.0,0.0
6.4000000059604645,22,300.0,3.3136954910245662e-34,1.1150454921579046e-34,4.9233930156324151e-37,-415.31170296406776,-209.25793541172357,-0.12973655503818743,-119.06898852879175
6.4000000059604645,23,347.6066562350581,-4.8625293652305329e-06,-3.9761344154602234e-06,-1.8541755160369214e-09,0.0,0.0,0.0,0.0
6.4000000059604645,24,300.0,3.3149648386432112e-34,1.1145692251512003e-34,-4.4086997297298665e-37,-415.28274387067989,-209.21359689504956,0.18111925862303768,-119.06898852879198
6.4000000059604645,25,347.59619465980813,-5.0211143782228751e-06,-4.2722382775974794e-06,1.1207937213248487e-08,0.0,0.0,0.0,0.0
6.4000000059604645,26,323.8033281175291,-2.4639225799318126e-06,-2.1068107809693534e-06,7.4671553169287137e-10,0.0,0.0,0.0,0.0
6.4000000059604645,27,300.0,-6.5701236330695255e-40,-3.9096173095040648e-39,-1.4274059833750291e-40,915.30100237777822,325.1934745177067,0.15433917218372173,0.0
6.4000000059604645,28,347.60665623505815,-4.8706133246273863e-06,-3.985995639590789e-06,5.0649766033412676e-10,0.0,0.0,0.0,0.0
6.4000000059604645,29,300.0,-1.4084385370694939e-33,-2.5791640639792204e-34,1.8694013653261481e-37,1645.421157462275,499.57876700400431,-0.04083225101158422,0.0
6.4000000059604645,30,347.5961946598081,-5.0255608406954353e-06,-4.2741237078984512e-06,-7.1706580616177099e-09,0.0,0.0,0.0,0.0
6.4000000059604645,31,323.8033281175291,-2.4639363750457289e-06,-2.1047906619936298e-06,3.4368094309383558e-11,0.0,0.0,0.0,0.0
6.4000000059604645,32,300.0,-6.713513686265386e-40,-3.9465213804634793e-39,2.2722127101073803e-40,915.41479016028518,325.19270418853534,-0.1536108585772023,0.0
6.4000000059604645,33,347.6527063973085,-4.5459368423129139e-06,-4.6206629908892307e-06,-4.2458641548141647e-08,0.0,0.0,0.0,0.0
6.4000000059604645,34,300.0,2.0280922970961169e-34,4.4656610780998418e-35,-3.3222546963196037e-37,-265.18642484134119,-124.57622209055003,0.99234137140001322,-118.94300489335254
6.4000000059604645,35,347.6527063973086,-4.5381759359574391e-06,-4.6180132864441534e-06,3.7668502882712117e-08,0.0,0.0,0.0,0.0
6.4000000059604645,36,300.0,2.0291548115259513e-34,4.4642675840478762e-35,3.6751663388982386e-37,-265.32086504739755,-124.63939546949138,-0.92936159678264807,-118.94300489335234
6.4000000059604645,37,347.62968131618334,-4.8473101274159941e-06,-4.2538717055296321e-06,-1.4345858636466062e-08,0.0,0.0,0.0,0.0
6.4000000059604645,38,323.82635319865426,-2.0874845103019349e-06,-2.0050150597301716e-06,1.0154836371778151e-08,0.0,0.0,0.0,0.0
6.4000000059604645,39,300.0,9.9958174270630964e-41,-2.3354539215234515e-39,3.6284313771738321e-40,737.09225579123211,339.14616714699616,-0.47416864621839361,0.0
6.4000000059604645,40,347.6527063973085,-4.4699925914756576e-06,-4.5908857478104695e-06,-2.3941134564199965e-09,0.0,0.0,0.0,0.0
6.4000000059604645,41,300.0,-9.6288797975619428e-34,-7.4272314374756033e-35,4.4273251185059692e-38,1154.3088153269357,420.23825117804904,-0.014371302840085635,0.0
6.4000000059604645,42,347.62968131618334,-4.8424298724398434e-06,-4.2528043806677105e-06,1.2466601970171175e-08,0.0,0.0,0.0,0.0
6.4000000059604645,43,323.82635319865426,-2.084659708248027e-06,-2.0030617086668808e-06,-1.0404204804077399e-08,0.0,0.0,0.0,0.0
6.4000000059604645,44,300.0,4.5603912487719032e-41,-2.3472839095382607e-39,-2.430698553656007e-40,737.09133898647042,339.09735353939783,0.32867135236625572,0.0
6.4000000059604645,45,347.60815123159784,-1.7716558279570029e-06,-5.6107564470277732e-06,-1.1893833526019312e-08,0.0,0.0,0.0,0.0
6.4000000059604645,46,300.0,8.9529511358387783e-40,-4.3282144374254336e-40,8.0789603559033927e-41,-130.12555198637,0.50458671177578784,-0.31887480309606264,-59.6030123013946
6.4000000059604645,47,347.60815123159796,-1.7631677899578673e-06,-5.6059307749517948e-06,3.1649764175107597e-09,0.0,0.0,0.0,0.0
6.4000000059604645,48,300.0,9.0205756625768151e-40,-4.1347736359777958e-40,-2.8175312344877933e-42,-130.17053885481934,0.42662997429265831,0.31647267175435428,-59.60301230139444
6.4000000059604645,49,347.6304288144532,-3.65450497197065e-06,-5.1579563231883891e-06,-3.845602738800454e-08,0.0,0.0,0.0,0.0
6.4000000059604645,50,323.8040756157989,-2.8316415953754363e-07,-1.7140502400839602e-06,5.9518611814196901e-09,0.0,0.0,0.0,0.0
6.4000000059604645,51,300.0,-2.0979631224374203e-39,4.1676865746708885e-39,-2.6794338524344225e-40,354.62988024115577,116.89706107442147,0.12163020358980604,0.0
6.4000000059604645,52,347.6081512315979,-1.7564322357123803e-06,-5.6378440660325125e-06,-4.3646847413473361e-09,0.0,0.0,0.0,0.0
6.4000000059604645,53,300.0,1.065152545515964e-39,5.3025583131964429e-39,-1.7739195023045967e-41,198.09052651525155,233.58632804759509,-0.00057898029933930312,0.0
6.4000000059604645,54,347.63042881445324,-3.645452413106335e-06,-5.1540935426238262e-06,3.1716059647298581e-08,0.0,0.0,0.0,0.0
6.4000000059604645,55,323.804075615799,-2.8005206389947185e-07,-1.7124600107091835e-06,-8.024546047827492e-09,0.0,0.0,0.0,0.0
6.4000000059604645,56,300.0,-2.0866386120242793e-39,4.2592251796836083e-39,9.6725976963359461e-41,354.32350084081247,116.80942919004617,-0.11750347722986609,0.0
6.4000000059604645,57,352.3759697681632,-8.0446504861296346e-06,-4.2899664002377418e-05,-8.8765368916424387e-40,0.0,0.0,-5.1446184961556645,0.0
6.4000000059604645,58,400.0,-1.0000000000000001e-05,-4.8000000000000008e-05,5.1810481630576756e-40,486.99579106148593,162.93127700062189,-2.1163572686034939,142.86332552649117
6.4000000059604645,59,400.0,-1.0000000000000001e-05,-4.8000000000000008e-05,-8.2225198893940908e-37,805.32969227574029,225.52283451084489,-0.70424708958858151,238.09112499272618
6.4000000059604645,60,352.3811426547975,-4.956911590993661e-06,-4.4097245926036332e-05,-1.2800766962414468e-36,0.0,0.0,0.27185720566682442,0.0
6.4000000059604645,61,352.3759697681632,-8.0602974040293811e-06,-4.2903511871129961e-05,-4.3627302599692161e-08,0.0,0.0,0.0,0.0
6.4000000059604645,62,400.0,-1.0000000000000001e-05,-4.8000000000000008e-05,7.6056982240531087e-09,486.87797600987227,163.02907833057145,0.0,142.86332552649137
6.4000000059604645,63,400.0,-1.0000000000000001e-05,-4.8000000000000008e-05,-2.0112309951470056e-09,805.23402182013183,225.09029410983925,0.0,238.0911249927266
6.4000000059604645,64,352.3811426547975,-4.9524977418531322e-06,-4.4098132786057991e-05,1.1695629936672264e-08,0.0,0.0,0.0,0.0
6.4000000059604645,65,376.18798488408163,-9.5118342841618413e-06,-4.6230427916852583e-05,3.9892057029793697e-40,0.0,0.0,5.8116776232436864,0.0
6.4000000059604645,66,400.0,-1.0000000000000001e-05,-4.8000000000000008e-05,-1.1422029071753713e-39,-1500.9389691614886,-597.79453423961991,2.4411696045191604,0.0
6.4000000059604645,67,376.19057132739874,-7.3935339067876885e-06,-4.5930373276829432e-05,2.177428046531102e-36,0.0,0.0,-0.52717821403472831,0.0
6.4000000059604645,68,352.3785562114804,-5.3227541041595468e-06,-4.3561995156275953e-05,-3.8276260508321493e-38,0.0,0.0,0.15938646735262132,0.0
6.4000000059604645,69,352.3759697681632,-7.9968256455301511e-06,-4.2885537287524652e-05,-1.6698482156938268e-08,0.0,0.0,0.0,0.0
6.4000000059604645,70,400.0,-1.0000000000000001e-05,-4.8000000000000008e-05,-8.2538739462874124e-10,-1032.241430403044,-536.20338228443495,0.0,0.0
6.4000000059604645,71,400.0,-1.0000000000000001e-05,-4.8000000000000008e-05,5.2353795528154335e-10,-3453.7483572849296,-882.50972500622947,0.0,0.0
6.4000000059604645,72,352.3811426547975,-4.9696337935495159e-06,-4.4099256046805027e-05,3.534367008639729e-09,0.0,0.0,0.0,0.0
6.4000000059604645,73,376.1879848840816,-9.5231076249350296e-06,-4.6236691458430297e-05,-8.6672284565409363e-10,0.0,0.0,0.0,0.0
6.4000000059604645,74,400.0,-1.0000000000000001e-05,-4.8000000000000008e-05,5.9967379436486433e-09,-1499.9975585768198,-597.92876013334615,0.0,0.0
6.4000000059604645,75,376.19057132739874,-7.3908513317478263e-06,-4.5930860628783241e-05,2.4907330677226593e-10,0.0,0.0,0.0,0.0
6.4000000059604645,76,352.3785562114804,-5.3297474746937564e-06,-4.3564637719078111e-05,-1.1935596658864572e-08,0.0,0.0,0.0,0.0
6.4000000059604645,77,400.0,-1.0000000000000001e-05,-4.8000000000000008e-05,2.5281455052859763e-40,384.36910503909854,55.867858576877126,1.1560233438581176,95.23567839001157
6.4000000059604645,78,352.3881242561471,-1.8963735200981671e-06,-4.2581970905565368e-05,1.9293588102253199e-39,0.0,0.0,1.5956458819632797,0.0
6.4000000059604645,79,400.0,-1.0000000000000001e-05,-4.8000000000000008e-05,-8.4920506844920465e-09,384.1798987032098,55.864731418991859,0.0,95.2356783900114
6.4000000059604645,80,352.38812425614697,-1.887599619836719e-06,-4.2581426534322583e-05,1.6721392619263363e-08,0.0,0.0,0.0,0.0
6.4000000059604645,81,400.0,-1.0000000000000001e-05,-4.8000000000000008e-05,-6.1783968831923778e-40,-1834.8318886518364,-295.91990326744815,-1.0123618117467268,0.0
6.4000000059604645,82,376.1940621280735,-5.4257913295001026e-06,-4.6319208084852898e-05,4.2453795618451445e-40,0.0,0.0,-4.3472562447009953,0.0
6.4000000059604645,83,352.3846334554723,-4.272436032542258e-06,-4.3292715028186886e-05,3.3871921350120743e-38,0.0,0.0,2.4245895543439469,0.0
6.4000000059604645,84,400.0,-1.0000000000000001e-05,-4.8000000000000008e-05,-1.5584721549646462e-09,-2146.5627355756114,-371.23604631857211,0.0,0.0
6.4000000059604645,85,352.388124256147,-1.9302339895691592e-06,-4.2593051495614044e-05,6.8988076993405569e-09,0.0,0.0,0.0,0.0
6.4000000059604645,86,400.0,-1.0000000000000001e-05,-4.8000000000000008e-05,-6.7117063436967512e-09,-1835.1315026471054,-296.42606651937223,0.0,0.0
6.4000000059604645,87,376.1940621280735,-5.4182918641610044e-06,-4.6316513496515682e-05,-7.4591747897309848e-09,0.0,0.0,0.0,0.0
6.4000000059604645,88,352.3846334554722,-4.2637368940448569e-06,-4.3292639189004248e-05,1.8343934019338868e-08,0.0,0.0,0.0,0.0
6.5,1,300.0,1.2557124767769008e-39,-3.1471529910362488e-39,-7.0883890806466183e-41,-276.82678761224707,-0.16288173369520714,-0.46724724088702435,-59.42547687454932
6.5,2,347.6537604619361,-8.0895938147823817e-06,-5.465139721497094e-06,3.133919139930074e-08,0.0,0.0,0.0,0.0
6.5,3,347.58573308455806,-5.4839974736139074e-06,-4.5217714689888287e-06,3.02330083520662e-08,0.0,0.0,0.0,0.0
6.5,4,300.0,3.4155431491795474e-34,6.3888584340153642e-35,4.2287392162225791e-37,-554.71051425340158,-112.0657519353843,-0.16084034288942461,-119.14964631114113
6.5,5,300.0,1.3096485940263646e-39,-3.2411444008848706e-39,2.1818297400343787e-40,-276.81481982878586,-0.13488204829488026,0.29215956330432946,-59.42547687454931
6.5,6,347.6537604619361,-8.1048523850834019e-06,-5.4696209478768569e-06,-2.3210999123359084e-08,0.0,0.0,0.0,0.0
6.5,7,347.58573308455806,-5.4920676973661439e-06,-4.5244473928522653e-06,-2.3697920649711374e-08,0.0,0.0,0.0,0.0
6.5,8,300.0,3.4153042612893689e-34,6.3863722807822823e-35,-3.1720029680361494e-37,-554.56581256600623,-112.05293594793395,0.029980419799317037,-119.14964631114111
6.5,9,323.8268802309681,-4.6428831738300854e-06,-1.6639936168728092e-06,-2.8626065520385311e-08,0.0,0.0,0.0,0.0
6.5,10,347.6197467732471,-6.3376925239330707e-06,-5.0368783470990193e-06,5.0862219883003263e-08,0.0,0.0,0.0,0.0
6.5,11,323.79286654227906,-2.8848435209331616e-06,-1.9321474796427393e-06,-3.1532229861076684e-09,0.0,0.0,0.0,0.0
6.5,12,300.0,-1.680547563582372e-39,3.8933967041839705e-39,-8.3968202412344945e-41,1287.5137326377496,109.81177909911285,0.29180245734566823,0.0
6.5,13,300.0,3.8422505957446747e-39,-8.0116907757336858e-40,-2.1043877434349558e-41,1443.0159020142351,219.98965785422303,-0.027140620663915871,0.0
6.5,14,347.6537604619361,-8.1897368450449633e-06,-5.5297721725225628e-06,4.0579244301641532e-09,0.0,0.0,0.0,0.0
6.5,15,347.58573308455806,-5.5183072416370557e-06,-4.50534229917662e-06,3.2673266277444267e-09,0.0,0.0,0.0,0.0
6.5,16,300.0,-1.4378255220697805e-33,-3.302712307302622e-34,1.4756183778476475e-37,2159.3146130659588,407.98161660874473,0.062121488900537647,0.0
6.5,17,323.8268802309681,-4.6485696555483306e-06,-1.6633193114447718e-06,2.9052693331203961e-08,0.0,0.0,0.0,0.0
6.5,18,347.6197467732471,-6.3492699205631792e-06,-5.0406801619374963e-06,-4.3098471747987116e-08,0.0,0.0,0.0,0.0
6.5,19,323.79286654227906,-2.8881488259429949e-06,-1.9310202726965686e-06,4.0629972140915524e-09,0.0,0.0,0.0,0.0
6.5,20,300.0,-1.6897897124503957e-39,3.7940983504800435e-39,-2.3086028542016746e-40,1287.9431623325154,109.8403623281384,0.034023530277222491,0.0
6.5,21,347.60665623505815,-4.8658201579143469e-06,-3.8656435261111041e-06,2.5953879602201538e-09,0.0,0.0,0.0,0.0
6.5,22,300.0,3.2799570495557065e-34,1.0852219800153752e-34,4.783704453875716e-37,-415.2322518207443,-203.6365962694386,-0.12275143002644562,-119.06898852879178
6.5,23,347.6066562350581,-4.8654848411877362e-06,-3.8663603389223891e-06,-1.6225848550191236e-09,0.0,0.0,0.0,0.0
6.5,24,300.0,3.2812134805568007e-34,1.0847655522699077e-34,-4.2488852851875982e-37,-415.20357438659715,-203.59426667450839,0.17189127490223138,-119.068988528792
6.5,25,347.59619465980813,-5.0197300905250987e-06,-4.1547735691373538e-06,1.0856640546935408e-08,0.0,0.0,0.0,0.0
6.5,26,323.8033281175291,-2.4644840564978056e-06,-2.0492955570095341e-06,7.3324258755099397e-10,0.0,0.0,0.0,0.0
6.5,27,300.0,-6.5083480921019712e-40,-3.9310323118508051e-39,-1.3984706898217122e-40,912.7246751550382,316.30941459840193,0.14117963449548068,0.0
6.5,28,347.60665623505815,-4.8731004128173023e-06,-3.8756288336112822e-06,4.8780783603750366e-10,0.0,0.0,0.0,0.0
6.5,29,300.0,-1.3926422632606262e-33,-2.5087064721788761e-34,1.8079357488013136e-37,1645.8211806535619,485.81115482873679,-0.03898335427627253,0.0
6.5,30,347.5961946598081,-5.0240929111865134e-06,-4.1565002366788278e-06,-6.8665646927466192e-09,0.0,0.0,0.0,0.0
6.5,31,323.8033281175291,-2.4645061414966811e-06,-2.0472731118762215e-06,1.3939208734297901e-11,0.0,0.0,0.0,0.0
6.5,32,300.0,-6.6501354788103889e-40,-3.9682644200039297e-39,2.2470722185551154e-40,912.8395078612017,316.30460258822666,-0.14191221634837009,0.0
6.5,33,347.6527063973086,-4.5584744307044564e-06,-4.4927719400579733e-06,-4.126383145922688e-08,0.0,0.0,0.0,0.0
6.5,34,300.0,2.0283933705711887e-34,4.3509329647583585e-35,-3.2025263188469886e-37,-269.23246973263196,-121.24602806578801,0.95931644063759092,-118.94300489335237
6.5,35,347.6527063973086,-4.5508873763123339e-06,-4.4902114277313781e-06,3.6477100353281668e-08,0.0,0.0,0.0,0.0
6.5,36,300.0,2.0294594616837917e-34,4.3495958929185712e-35,3.5663959493680076e-37,-269.36508562996164,-121.30691518080141,-0.89931631358767072,-118.94300489335217
6.5,37,347.62968131618334,-4.8511382231392254e-06,-4.1360661774155041e-06,-1.4228672962463073e-08,0.0,0.0,0.0,0.0
6.5,38,323.82635319865426,-2.098733106005324e-06,-1.9499721877605123e-06,9.8619200355857072e-09,0.0,0.0,0.0,0.0
6.5,39,300.0,9.3067035931587917e-41,-2.2887652725116969e-39,3.6036259639277676e-40,739.67827936676645,330.05059641464203,-0.45223659526161164,0.0
6.5,40,347.6527063973086,-4.4847386120025025e-06,-4.464682254379187e-06,-2.3920560241652359e-09,0.0,0.0,0.0,0.0
6.5,41,300.0,-9.5919160848703172e-34,-7.1924106011191125e-35,4.2109858477924736e-38,1168.0970406571037,408.33252517223752,-0.0091946253141382481,0.0
6.5,42,347.62968131618334,-4.8463904629011916e-06,-4.1350126351003179e-06,1.2323676875558482e-08,0.0,0.0,0.0,0.0
6.5,43,323.82635319865426,-2.0959488033991327e-06,-1.9480364733309179e-06,-1.0151695516088042e-08,0.0,0.0,0.0,0.0
6.5,44,300.0,3.838590902267922e-41,-2.2996976611785506e-39,-2.4084439337091584e-40,739.67376671001739,330.0000353555335,0.31421336883725393,0.0
6.5,45,347.6081512315978,-1.8581891005711887e-06,-5.4610170656737464e-06,-1.1989371072093386e-08,0.0,0.0,0.0,0.0
6.5,46,300.0,8.971774984359656e-40,-4.1500259859068342e-40,8.0102628652652266e-41,-132.14270616184925,0.62501528599794909,-0.30847867271496054,-59.6030123013947
6.5,47,347.6081512315979,-1.8498302039200974e-06,-5.4563566019433969e-06,3.3345968309798936e-09,0.0,0.0,0.0,0.0
6.5,48,300.0,9.0409290268940148e-40,-3.9514150984365238e-40,-1.8244588242745001e-42,-132.18702213970974,0.54868408631099785,0.3064165508855401,-59.603012301394656
6.5,49,347.6304288144532,-3.6909415900515741e-06,-5.0181141854967234e-06,-3.720185585807579e-08,0.0,0.0,0.0,0.0
6.5,50,323.80407561579887,-3.4313660033115244e-07,-1.6670294154197186e-06,5.5734884741672577e-09,0.0,0.0,0.0,0.0
6.5,51,300.0,-2.0939130737838976e-39,4.134066428466535e-39,-2.6699894902141258e-40,367.48513643429817,113.54690949964517,0.11697189573044689,0.0
6.5,52,347.60815123159784,-1.8433764827723484e-06,-5.4862614816569814e-06,-4.3276392889606559e-09,0.0,0.0,0.0,0.0
6.5,53,300.0,1.0809740810312825e-39,5.2946286069971382e-39,-1.7636823144640707e-41,215.45153054436494,227.42584172562033,0.0034625392931035281,0.0
6.5,54,347.63042881445324,-3.6820632595550392e-06,-5.0143868124227362e-06,3.0492764835135686e-08,0.0,0.0,0.0,0.0
6.5,55,323.804075615799,-3.4004639101769025e-07,-1.6654626973783773e-06,-7.6475990822240934e-09,0.0,0.0,0.0,0.0
6.5,56,300.0,-2.0827101227521595e-39,4.2253563164622711e-39,9.5297572433234855e-41,367.17959635698645,113.46114318567747,-0.10956404433396266,0.0
6.5,57,352.3759697681632,-7.9625701791067161e-06,-4.2537513742289042e-05,-1.2434907362300064e-39,0.0,0.0,-4.944581691787695,0.0
6.5,58,400.0,-1.0000000000000001e-05,-4.7500000000000003e-05,5.1802579141699818e-40,487.23950033318135,158.46992695401286,-2.0404678476290585,142.86332552649134
6.5,59,400.0,-1.0000000000000001e-05,-4.7500000000000003e-05,-7.9844620974555337e-37,806.02760642837848,219.39871184692265,-0.66590055968483097,238.0911249927262
6.5,60,352.38114265479743,-4.9590363258841218e-06,-4.3705862711059738e-05,-1.2219497410110632e-36,0.0,0.0,0.27710525462885255,0.0
6.5,61,352.37596976816315,-7.9777961348180083e-06,-4.2541114958376306e-05,-4.2080384629756291e-08,0.0,0.0,0.0,0.0
6.5,62,400.0,-1.0000000000000001e-05,-4.7500000000000003e-05,7.4247750112852455e-09,487.13316191202574,158.55998243806786,0.0,142.8633255264915
6.5,63,400.0,-1.0000000000000001e-05,-4.7500000000000003e-05,-1.9687080980272219e-09,805.93587704324773,218.98031071251177,0.0,238.0911249927266
6.5,64,352.38114265479743,-4.9547500082402129e-06,-4.3706742578678023e-05,1.1312547197586973e-08,0.0,0.0,0.0,0.0
6.5,65,376.18798488408163,-9.4573585684584463e-06,-4.5778942202103265e-05,3.9745248357914271e-40,0.0,0.0,5.6546324021422407,0.0
6.5,66,400.0,-1.0000000000000001e-05,-4.7500000000000003e-05,-1.1414850297459997e-39,-1514.2705181850872,-581.36670658832588,2.3387350252225656,0.0
6.5,67,376.19057132739874,-7.3969209010882868e-06,-4.5486902503914773e-05,2.1376915447024022e-36,0.0,0.0,-0.52423602005332581,0.0
6.5,68,352.3785562114803,-5.3140395400059921e-06,-4.3183459453386012e-05,-5.1055461261867e-38,0.0,0.0,0.096035134695335478,0.0
6.5,69,352.37596976816315,-7.9161845503964002e-06,-4.2524313595366039e-05,-1.6119763689751114e-08,0.0,0.0,0.0,0.0
6.5,70,400.0,-1.0000000000000001e-05,-4.7500000000000003e-05,-7.6381084783191136e-10,-1058.5404491450377,-521.59936120059524,0.0,0.0
6.5,71,400.0,-1.0000000000000001e-05,-4.7500000000000003e-05,4.8674303794353254e-10,-3450.0212133347832,-858.08299478353115,0.0,0.0
6.5,72,352.38114265479743,-4.9713183820513998e-06,-4.3707538840616542e-05,3.4422060908235497e-09,0.0,0.0,0.0,0.0
6.5,73,376.1879848840815,-9.468323799232027e-06,-4.5784852292725775e-05,-6.6068946342033082e-10,0.0,0.0,0.0,0.0
6.5,74,400.0,-1.0000000000000001e-05,-4.7500000000000003e-05,5.8050891175425089e-09,-1513.360268300268,-581.50962998181342,0.0,0.0
6.5,75,376.19057132739874,-7.3943128683909008e-06,-4.5487427781257649e-05,2.2383756807460134e-10,0.0,0.0,0.0,0.0
6.5,76,352.37855621148026,-5.3208883975454743e-06,-4.3185977817301915e-05,-1.1737363476070976e-08,0.0,0.0,0.0,0.0
6.5,77,400.0,-1.0000000000000001e-05,-4.7500000000000003e-05,2.5369882169601695e-40,383.03499254543925,54.345981784593796,1.1218780508901793,95.23567839001159
6.5,78,352.3881242561471,-1.9808491112497232e-06,-4.2227438206254656e-05,1.7332215656412591e-39,0.0,0.0,1.5534984675271513,0.0
6.5,79,400.0,-1.0000000000000001e-05,-4.7500000000000003e-05,-8.241740209201956e-09,382.85239420352423,54.343017974467514,0.0,95.23567839001153
6.5,80,352.3881242561471,-1.9722116849136516e-06,-4.2226885725097512e-05,1.6458838778704596e-08,0.0,0.0,0.0,0.0
6.5,81,400.0,-1.0000000000000001e-05,-4.7500000000000003e-05,-6.199248744696096e-40,-1821.0801017436006,-287.88625983709073,-0.98112515403100953,0.0
6.5,82,376.1940621280735,-5.4823890019287043e-06,-4.5865463625260838e-05,4.2572465939479089e-40,0.0,0.0,-4.2302461071337731,0.0
6.5,83,352.3846334554722,-4.293733618186918e-06,-4.2921217888978864e-05,4.5242267431055765e-38,0.0,0.0,2.3587993372823211,0.0
6.5,84,400.0,-1.0000000000000001e-05,-4.7500000000000003e-05,-1.4945707900526777e-09,-2124.0303931262652,-361.11846661149281,0.0,0.0
6.5,85,352.3881242561471,-2.0138868418226633e-06,-4.2238168014046799e-05,6.785966245167756e-09,0.0,0.0,0.0,0.0
6.5,86,400.0,-1.0000000000000001e-05,-4.7500000000000003e-05,-6.5187724477447721e-09,-1821.3776682886187,-288.37359348313237,0.0,0.0
6.5,87,376.19406212807354,-5.4750410740182712e-06,-4.5862877392917749e-05,-7.207161608824442e-09,0.0,0.0,0.0,0.0
6.5,88,352.3846334554722,-4.2852198298134658e-06,-4.2921138116114077e-05,1.7929269425671373e-08,0.0,0.0,0.0,0.0
6.600000023841858,1,300.0,1.2616230185024576e-39,-3.147191819344507e-39,-6.9867957566820954e-41,-274.82491863476525,-0.12353555560948573,-0.4648880856500246,-59.42547687454946
6.600000023841858,2,347.653760461936,-8.0020890589787507e-06,-5.3144373392578126e-06,3.2250464846455651e-08,0.0,0.0,0.0,0.0
6.600000023841858,3,347.58573308455806,-5.4690036160975079e-06,-4.3943817975068448e-06,2.909666802890571e-08,0.0,0.0,0.0,0.0
6.600000023841858,4,300.0,3.3767422967688629e-34,6.2051955227667846e-35,4.0868926506251159e-37,-550.63791667466637,-108.8924805804478,-0.14143739784961012,-119.14964631114107
6.600000023841858,5,300.0,1.3153446240246498e-39,-3.2409487141666707e-39,2.1690387315992057e-40,-274.81140908204844,-0.099003383503468018,0.29899119318272493,-59.425476874549375
6.600000023841858,6,347.65376046193603,-8.0169072799840322e-06,-5.3185651189942423e-06,-2.402321442758938e-08,0.0,0.0,0.0,0.0
6.600000023841858,7,347.5857330845581,-5.4768938039326677e-06,-4.3968338028962273e-06,-2.2594443627403954e-08,0.0,0.0,0.0,0.0
6.600000023841858,8,300.0,3.3765195967284348e-34,6.2030434265609857e-35,-3.0474665922045058e-37,-550.49394339619334,-108.88236264220278,0.018659279012331553,-119.14964631114114
6.600000023841858,9,323.82688023096796,-4.5820421745876005e-06,-1.6179485965230817e-06,-2.7188676158981853e-08,0.0,0.0,0.0,0.0
6.600000023841858,10,347.619746773247,-6.2992309255559958e-06,-4.8966992038504793e-06,4.9353321964435286e-08,0.0,0.0,0.0,0.0
6.600000023841858,11,323.79286654227906,-2.8734441124693992e-06,-1.8775183629615469e-06,-3.0754261713799843e-09,0.0,0.0,0.0,0.0
6.600000023841858,12,300.0,-1.6966326145752073e-39,3.8843565970479065e-39,-8.5339581228196043e-41,1274.5129964481603,106.60866976191004,0.28059158013699986,0.0
6.600000023841858,13,300.0,3.8379176842519247e-39,-8.3343566762552721e-40,-2.1211810695769091e-41,1425.6700013957125,213.89164833148737,-0.032844655139112749,0.0
6.600000023841858,14,347.65376046193603,-8.1001945396612479e-06,-5.3742941926058272e-06,4.1061862630727908e-09,0.0,0.0,0.0,0.0
6.600000023841858,15,347.5857330845581,-5.5018995499355061e-06,-4.3788703625305268e-06,3.2508003935821779e-09,0.0,0.0,0.0,0.0
6.600000023841858,16,300.0,-1.4206454885124959e-33,-3.210688016860823e-34,1.4418126003435676e-37,2145.188524681409,396.54685172230182,0.05293714618229553,0.0
6.600000023841858,17,323.826880230968,-4.5876010196858234e-06,-1.6172263461972488e-06,2.7752484046284588e-08,0.0,0.0,0.0,0.0
6.600000023841858,18,347.6197467732471,-6.3105331142992403e-06,-4.9002003433470381e-06,-4.1570237898116155e-08,0.0,0.0,0.0,0.0
6.600000023841858,19,323.79286654227906,-2.8767082909900559e-06,-1.8763484435120395e-06,4.0202268939847866e-09,0.0,0.0,0.0,0.0
6.600000023841858,20,300.0,-1.7059126572685773e-39,3.7851224559092868e-39,-2.2907688680441307e-40,1274.9404253750436,106.63239691240375,0.021733038522790959,0.0
6.600000023841858,21,347.60665623505815,-4.8687410356153673e-06,-3.7558808807258208e-06,2.330324921709934e-09,0.0,0.0,0.0,0.0
6.600000023841858,22,300.0,3.2462082106587838e-34,1.0554496880373096e-34,4.6442225907687094e-37,-415.15293848403002,-198.02057121336048,-0.11582385855872362,-119.06898852879183
6.600000023841858,23,347.6066562350582,-4.8684414406471216e-06,-3.7565180874670849e-06,-1.3944186886498985e-09,0.0,0.0,0.0,0.0
6.600000023841858,24,300.0,3.2474517156679526e-34,1.055013200506048e-34,-4.0896458362728729e-37,-415.12454379306126,-197.98029800804102,0.16278840244385318,-119.06898852879178
6.600000023841858,25,347.59619465980813,-5.0183393493016464e-06,-4.0372650210056382e-06,1.0500787464516021e-08,0.0,0.0,0.0,0.0
6.600000023841858,26,323.8033281175291,-2.4650504979832797e-06,-1.9917762945142002e-06,7.2133777918674037e-10,0.0,0.0,0.0,0.0
6.600000023841858,27,300.0,-6.4466295797726336e-40,-3.9523883913837426e-39,-1.3695696940942713e-40,910.148992595256,307.42930706748842,0.12815705377664843,0.0
6.600000023841858,28,347.60665623505815,-4.8755928733528555e-06,-3.7652181421083854e-06,4.696529544208814e-10,0.0,0.0,0.0,0.0
6.600000023841858,29,300.0,-1.3768481181476461e-33,-2.438203014189621e-34,1.746661577888281e-37,1646.2220350524319,472.03370639390124,-0.037208085682692293,0.0
6.600000023841858,30,347.59619465980813,-5.0226174914201597e-06,-4.0388354116384155e-06,-6.5569385782724029e-09,0.0,0.0,0.0,0.0
6.600000023841858,31,323.8033281175291,-2.4650805673403987e-06,-1.9897517462479224e-06,-7.0341577896052735e-12,0.0,0.0,0.0,0.0
6.600000023841858,32,300.0,-6.5868195158891834e-40,-3.9899470309156236e-39,2.2219509465096665e-40,910.26488424407,307.4204909349487,-0.1304357692141857,0.0
6.600000023841858,33,347.6527063973086,-4.5710257092972458e-06,-4.3649584628494885e-06,-4.0068975825268603e-08,0.0,0.0,0.0,0.0
6.600000023841858,34,300.0,2.0287084264460428e-34,4.2360847924436085e-35,-3.0832658500115547e-37,-273.27902805331712,-117.91329101614333,0.92636983343428647,-118.94300489335245
6.600000023841858,35,347.65270639730863,-4.5636126726922699e-06,-4.3624832852782296e-06,3.5286148703388895e-08,0.0,0.0,0.0,0.0
6.600000023841858,36,300.0,2.0297779438692364e-34,4.2348039646716243e-35,3.4585265925647488e-37,-273.40982383061794,-117.97197584975521,-0.8693792735635355,-118.94300489335231
6.600000023841858,37,347.62968131618334,-4.854983956735543e-06,-4.018263157654212e-06,-1.41000056241875e-08,0.0,0.0,0.0,0.0
6.600000023841858,38,323.82635319865426,-2.109988359171428e-06,-1.8949365565117624e-06,9.5697444872289719e-09,0.0,0.0,0.0,0.0
6.600000023841858,39,300.0,8.618722996184151e-41,-2.2421519734337945e-39,3.5788479886768645e-40,742.26421675507095,320.95726783426119,-0.43066242910369718,0.0
6.600000023841858,40,347.65270639730863,-4.4994961701548844e-06,-4.3385157831723198e-06,-2.3897562670663084e-09,0.0,0.0,0.0,0.0
6.600000023841858,41,300.0,-9.5549406887905591e-34,-6.958329503160799e-35,3.984935317616714e-38,1181.8879635280337,396.44028341881454,-0.0040284802400514103,0.0
6.600000023841858,42,347.62968131618345,-4.8503678411002327e-06,-4.0172209460717486e-06,1.2170291784420321e-08,0.0,0.0,0.0,0.0
6.600000023841858,43,323.8263531986543,-2.1072445600857005e-06,-1.8930178062984393e-06,-9.8997328546011171e-09,0.0,0.0,0.0,0.0
6.600000023841858,44,300.0,3.1180903375077883e-41,-2.2521876010551397e-39,-2.3862172040505685e-40,742.25616325266094,320.90496935927035,0.29999400702865403,0.0
6.600000023841858,45,347.60815123159784,-1.944707276206191e-06,-5.3112638886894481e-06,-1.2080806714821295e-08,0.0,0.0,0.0,0.0
6.600000023841858,46,300.0,8.9906190802785032e-40,-3.9720743928157223e-40,7.9416342261551322e-41,-134.1607593992365,0.7458410676594206,-0.29816195867612144,-59.60301230139471
6.600000023841858,47,347.60815123159784,-1.9364799767006002e-06,-5.3067634008898403e-06,3.4981830612730148e-09,0.0,0.0,0.0,0.0
6.600000023841858,48,300.0,9.0613106232883487e-40,-3.7682883533679728e-40,-8.3193486174269673e-43,-134.20441155566249,0.67111502716468019,0.2963612619515904,-59.60301230139473
6.600000023841858,49,347.63042881445324,-3.7273718039489293e-06,-4.8783089391966555e-06,-3.59564414799899e-08,0.0,0.0,0.0,0.0
6.600000023841858,50,323.8040756157989,-4.0310070143638556e-07,-1.6200085967850784e-06,5.1951566273254539e-09,0.0,0.0,0.0,0.0
6.600000023841858,51,300.0,-2.0898898995642787e-39,4.1004975898169882e-39,-2.6605414173083127e-40,380.34248251733993,110.19265742727907,0.11257964201282289,0.0
6.600000023841858,52,347.60815123159784,-1.9303095097239028e-06,-5.3346863021854075e-06,-4.2915513690420225e-09,0.0,0.0,0.0,0.0
6.600000023841858,53,300.0,1.0967576893729557e-39,5.2867219549487605e-39,-1.7533807912087942e-41,232.81143781578891,221.26006868169054,0.007521592693455488,0.0
6.600000023841858,54,347.63042881445324,-3.7186685271125389e-06,-4.8747122558180951e-06,2.9277728637299015e-08,0.0,0.0,0.0,0.0
6.600000023841858,55,323.8040756157989,-4.0003340242663336e-07,-1.6184643634079131e-06,-7.2720618711960371e-09,0.0,0.0,0.0,0.0
6.600000023841858,56,300.0,-2.0788090342387071e-39,4.1915387582077755e-39,9.3868729522688154e-41,380.03777068219438,110.10866564255045,-0.10171848016758453,0.0
6.600000023841858,57,352.37596976816326,-7.8804933532219117e-06,-4.217535772028942e-05,-1.6238296440169914e-39,0.0,0.0,-4.7462444213366535,0.0
6.600000023841858,58,400.0,-1.0000000000000001e-05,-4.7000000000000004e-05,5.179285967321445e-40,487.48164675482451,154.01047931642233,-1.9650963552513492,142.86332552649125
6.600000023841858,59,400.0,-1.0000000000000001e-05,-4.7000000000000004e-05,-7.7427398547872018e-37,806.72567224725708,213.27252767223555,-0.62855956537447311,238.09112499272624
6.600000023841858,60,352.3811426547975,-4.9611779045487049e-06,-4.3314496241540114e-05,-1.1637683434877834e-36,0.0,0.0,0.28131135818875197,0.0
6.600000023841858,61,352.3759697681632,-7.8953013179052885e-06,-4.2178714991432808e-05,-4.0547647510661166e-08,0.0,0.0,0.0,0.0
6.600000023841858,62,400.0,-1.0000000000000001e-05,-4.7000000000000004e-05,7.2415224185283663e-09,487.38651214071899,154.0929553667539,0.0,142.8633255264914
6.600000023841858,63,400.0,-1.0000000000000001e-05,-4.7000000000000004e-05,-1.9251721572643942e-09,806.63775047736067,212.86818447962776,0.0,238.09112499272652
6.600000023841858,64,352.3811426547974,-4.9570180979199083e-06,-4.3315369247403346e-05,1.0933639743255345e-08,0.0,0.0,0.0,0.0
6.600000023841858,65,376.18798488408163,-9.4028835468102078e-06,-4.5327461341195004e-05,3.9597854704286453e-40,0.0,0.0,5.497191202493771,0.0
6.600000023841858,66,400.0,-1.0000000000000001e-05,-4.7000000000000004e-05,-1.1407297442528104e-39,-1527.6004824851718,-564.94480038247877,2.2374411756702033,0.0
6.600000023841858,67,376.19057132739874,-7.4003165826300167e-06,-4.5043428880861864e-05,2.0969897404023564e-36,0.0,0.0,-0.52040863516114988,0.0
6.600000023841858,68,352.3785562114804,-5.3053163656105047e-06,-4.280494780529431e-05,-6.3846844417732693e-38,0.0,0.0,0.035274209697770273,0.0
6.600000023841858,69,352.37596976816326,-7.8355460392595237e-06,-4.2163062295783904e-05,-1.5546624186570031e-08,0.0,0.0,0.0,0.0
6.600000023841858,70,400.0,-1.0000000000000001e-05,-4.7000000000000004e-05,-7.0384211639572897e-10,-1084.8425748774305,-506.99121125886961,0.0,0.0
6.600000023841858,71,400.0,-1.0000000000000001e-05,-4.7000000000000004e-05,4.509478293165724e-10,-3446.2906421028224,-833.65299995018552,0.0,0.0
6.600000023841858,72,352.38114265479743,-4.973021789310362e-06,-4.3315845116315526e-05,3.3504418439841202e-09,0.0,0.0,0.0,0.0
6.600000023841858,73,376.1879848840816,-9.4135419936937233e-06,-4.5333025199018241e-05,-4.62236807726301e-10,0.0,0.0,0.0,0.0
6.600000023841858,74,400.0,-1.0000000000000001e-05,-4.7000000000000004e-05,5.6141515479279938e-09,-1526.7210391436897,-565.09583205354807,0.0,0.0
6.600000023841858,75,376.1905713273987,-7.3977827306761444e-06,-4.5043990544253848e-05,2.0041020172293336e-10,0.0,0.0,0.0,0.0
6.600000023841858,76,352.37855621148026,-5.3120198217466866e-06,-4.2807343259081815e-05,-1.1535076652275484e-08,0.0,0.0,0.0,0.0
6.600000023841858,77,400.0,-1.0000000000000001e-05,-4.7000000000000004e-05,2.5459141149288386e-40,381.700994330546,52.818247698703459,1.0874781665107722,95.23567839001154
6.600000023841858,78,352.3881242561471,-2.0653065564406397e-06,-4.1872866757330773e-05,1.5319997018325094e-39,0.0,0.0,1.5102736364738085,0.0
6.600000023841858,79,400.0,-1.0000000000000001e-05,-4.7000000000000004e-05,-7.9928959620151077e-09,381.5248099494957,52.815382868567404,0.0,95.23567839001151
6.600000023841858,80,352.3881242561471,-2.0568078123486861e-06,-4.1872304007730144e-05,1.6184826102662372e-08,0.0,0.0,0.0,0.0
6.600000023841858,81,400.0,-1.0000000000000001e-05,-4.7000000000000004e-05,-6.2202599515090595e-40,-1807.3286862874361,-279.84009861486004,-0.94926647032019307,0.0
6.600000023841858,82,376.1940621280735,-5.53897847804447e-06,-4.5411722572140457e-05,4.2691323876485431e-40,0.0,0.0,-4.1136628828053023,0.0
6.600000023841858,83,352.3846334554723,-4.3150372865499354e-06,-4.2549688699460899e-05,5.6562649191278832e-38,0.0,0.0,2.2941730248467089,0.0
6.600000023841858,84,400.0,-1.0000000000000001e-05,-4.7000000000000004e-05,-1.4320180727980483e-09,-2101.4982112267171,-351.0042560139924,0.0,0.0
6.600000023841858,85,352.3881242561471,-2.097519000789592e-06,-4.1883258769055505e-05,6.6694204003062339e-09,0.0,0.0,0.0,0.0
6.600000023841858,86,400.0,-1.0000000000000001e-05,-4.7000000000000004e-05,-6.3260536702144285e-09,-1807.6239512165089,-280.30900046244369,0.0,0.0
6.600000023841858,87,376.19406212807354,-5.5317831187600639e-06,-4.54092404631079e-05,-6.9605122443088264e-09,0.0,0.0,0.0,0.0
6.600000023841858,88,352.3846334554722,-4.3067092394740216e-06,-4.2549603795968941e-05,1.7513964810626411e-08,0.0,0.0,0.0,0.0
6.699999988079071,1,300.0,1.2675305486636894e-39,-3.1472060289445732e-39,-6.884972447508398e-41,-272.82431718783209,-0.081042171494813658,-0.46246008068854688,-59.42547687454935
6.699999988079071,2,347.6537604619361,-7.9145904579599992e-06,-5.1637036593159247e-06,3.3117471492350711e-08,0.0,0.0,0.0,0.0
6.699999988079071,3,347.58573308455806,-5.4540015144163641e-06,-4.2669842088116942e-06,2.7964667270297728e-08,0.0,0.0,0.0,0.0
6.699999988079071,4,300.0,3.3379327554231258e-34,6.0214516918463397e-35,3.9451838394428343e-37,-546.56665850749323,-105.71888425096586,-0.12218222776210524,-119.14964631114124
6.699999988079071,5,300.0,1.3210368395368406e-39,-3.2407267038052253e-39,2.1562029419441249e-40,-272.80931937215058,-0.059883992008274836,0.30560720276693026,-59.42547687454937
6.699999988079071,6,347.65376046193603,-7.9289719874252689e-06,-5.167486901943271e-06,-2.4794584171445581e-08,0.0,0.0,0.0,0.0
6.699999988079071,7,347.5857330845581,-5.4617112147073944e-06,-4.2692173120882048e-06,-2.1495106340439349e-08,0.0,0.0,0.0,0.0
6.699999988079071,8,300.0,3.3377261607482691e-34,6.0196224134934635e-35,-2.9229757865487721e-37,-546.42342614595555,-105.71138261636713,0.0074013802098722992,-119.1496463111412
6.699999988079071,9,323.8268802309681,-4.5212031352570195e-06,-1.5718609322692155e-06,-2.5775308209604093e-08,0.0,0.0,0.0,0.0
6.699999988079071,10,347.6197467732471,-6.2607609574257492e-06,-4.7565039248999703e-06,4.7853923115944919e-08,0.0,0.0,0.0,0.0
6.699999988079071,11,323.79286654227906,-2.8620380479517317e-06,-1.8228922964787379e-06,-2.9945954869952842e-09,0.0,0.0,0.0,0.0
6.699999988079071,12,300.0,-1.7126846868909341e-39,3.8753220208155293e-39,-8.6707957830397533e-41,1261.5139729432569,103.4016851026865,0.26946741088616016,0.0
6.699999988079071,13,300.0,3.8335942920514753e-39,-8.6569106496461729e-40,-2.1378477761232907e-41,1408.3202671828974,207.79450449981655,-0.038527311136547504,0.0
6.699999988079071,14,347.65376046193603,-8.01066056526008e-06,-5.2188865488407802e-06,4.1527434903457585e-09,0.0,0.0,0.0,0.0
6.699999988079071,15,347.5857330845581,-5.4854823546698535e-06,-4.2523732417188802e-06,3.2343661869187692e-09,0.0,0.0,0.0,0.0
6.699999988079071,16,300.0,-1.4034645176599944e-33,-3.1186785008937768e-34,1.408847839288345e-37,2131.0634729394042,385.10869971198417,0.043806145600594287,0.0
6.699999988079071,17,323.826880230968,-4.5266357762750995e-06,-1.5710919933068237e-06,2.647408875894401e-08,0.0,0.0,0.0,0.0
6.699999988079071,18,347.6197467732471,-6.2717884229834107e-06,-4.7597117174283653e-06,-4.0052733489763839e-08,0.0,0.0,0.0,0.0
6.699999988079071,19,323.79286654227906,-2.8652608129329573e-06,-1.8216807923133823e-06,3.9745193796869231e-09,0.0,0.0,0.0,0.0
6.699999988079071,20,300.0,-1.7220033008312817e-39,3.7761536333487246e-39,-2.2729110196064121e-40,1261.9394104208729,103.4206553430358,0.0096698378703153343,0.0
6.699999988079071,21,347.60665623505815,-4.871664475499294e-06,-3.6460508742233893e-06,2.0697600485685397e-09,0.0,0.0,0.0,0.0
6.699999988079071,22,300.0,3.2124490463101778e-34,1.0257283725934146e-34,4.5049487287833889e-37,-415.07376235117636,-192.40983495397683,-0.10895369747866679,-119.0689885287918
6.699999988079071,23,347.6066562350582,-4.8713992181912854e-06,-3.646608147551451e-06,-1.1696752694392008e-09,0.0,0.0,0.0,0.0
6.699999988079071,24,300.0,3.2136796191332475e-34,1.0253119155112729e-34,-3.9309804863396587e-37,-415.04565138051385,-192.37166412312291,0.15381052223705,-119.06898852879176
6.699999988079071,25,347.59619465980813,-5.0169422638249998e-06,-3.9197126598683936e-06,1.0140466814468024e-08,0.0,0.0,0.0,0.0
6.699999988079071,26,323.8033281175291,-2.4656219324400113e-06,-1.9342530715364865e-06,7.1100749213733916e-10,0.0,0.0,0.0,0.0
6.699999988079071,27,300.0,-6.3849685318007765e-40,-3.9736857281076706e-39,-1.3407030863230637e-40,907.57394853232699,298.5531732223032,0.11526854336644538,0.0
6.699999988079071,28,347.60665623505815,-4.8780907482165108e-06,-3.6547637873103247e-06,4.5203442164958527e-10,0.0,0.0,0.0,0.0
6.699999988079071,29,300.0,-1.3610560994626367e-33,-2.3676539965264114e-34,1.6855835399108196e-37,1646.6237334422315,458.24648454656278,-0.03550655481265183,0.0
6.699999988079071,30,347.59619465980813,-5.0211346969367555e-06,-3.9211292663052068e-06,-6.2418665451424342e-09,0.0,0.0,0.0,0.0
6.699999988079071,31,323.8033281175291,-2.465659681622873e-06,-1.9322266399997437e-06,-2.855762672111615e-11,0.0,0.0,0.0,0.0
6.699999988079071,32,300.0,-6.5235661238441601e-40,-4.0115693964344593e-39,2.1968487928245704e-40,907.69091298355067,298.54039085106723,-0.11917900695928745,0.0
6.699999988079071,33,347.6527063973086,-4.5835905941090885e-06,-4.2372224070969839e-06,-3.8874059748537412e-08,0.0,0.0,0.0,0.0
6.699999988079071,34,300.0,2.0290375266168325e-34,4.1211174850412278e-35,-2.9644648180175911e-37,-277.3261050927598,-114.57800549805245,0.89350051816331411,-118.94300489335248
6.699999988079071,35,347.6527063973086,-4.5763517349671841e-06,-4.2348286975725849e-06,3.4095634812529066e-08,0.0,0.0,0.0,0.0
6.699999988079071,36,300.0,2.0301103208235133e-34,4.1198927300179605e-35,3.3515523113761475e-37,-277.45508508047209,-114.63457220473519,-0.83954969659645839,-118.9430048933524
6.699999988079071,37,347.62968131618334,-4.8588472766210115e-06,-3.9004628616556281e-06,-1.3959939294631347e-08,0.0,0.0,0.0,0.0
6.699999988079071,38,323.82635319865426,-2.1212502275143102e-06,-1.8399081168900817e-06,9.2783200823912967e-09,0.0,0.0,0.0,0.0
6.699999988079071,39,300.0,7.9318749508566217e-41,-2.1956138079385474e-39,3.5540973351005795e-40,744.85007482462572,311.8661348676884,-0.40944367267928972,0.0
6.699999988079071,40,347.6527063973086,-4.5142651827971557e-06,-4.2123864534087624e-06,-2.3872133363529674e-09,0.0,0.0,0.0,0.0
6.699999988079071,41,300.0,-9.5179537109485693e-34,-6.7249887537668199e-35,3.7491468682229673e-38,1195.6815745016165,384.56151222166295,0.0011273428712694072,0.0
6.699999988079071,42,347.6296813161834,-4.8543619509172324e-06,-3.8994295379042765e-06,1.2006533066815208e-08,0.0,0.0,0.0,0.0
6.699999988079071,43,323.82635319865426,-2.1185469340400663e-06,-1.8380056567099449e-06,-9.6483253564077117e-09,0.0,0.0,0.0,0.0
6.699999988079071,44,300.0,2.3988893358543276e-41,-2.2047535334258304e-39,-2.3640183812411595e-40,744.8385358064113,311.81210811654063,0.28601104705817904,0.0
6.699999988079071,45,347.6081512315978,-2.0312103912611507e-06,-5.1614972478898965e-06,-1.2168366163872444e-08,0.0,0.0,0.0,0.0
6.699999988079071,46,300.0,9.0094836355545142e-40,-3.7943583106783935e-40,7.8730730623198227e-41,-136.17971358498741,0.86704628515195181,-0.28792397536790698,-59.6030123013947
6.699999988079071,47,347.6081512315979,-2.023117151724196e-06,-5.1571514812345858e-06,3.6559513773918982e-09,0.0,0.0,0.0,0.0
6.699999988079071,48,300.0,9.081720599519697e-40,-3.5853921804836428e-40,1.6003478055957518e-43,-136.22270914367516,0.7939045072363935,0.28630581298285573,-59.60301230139464
6.699999988079071,49,347.6304288144532,-3.7637955829742651e-06,-4.7385406424793718e-06,-3.4719702466404035e-08,0.0,0.0,0.0,0.0
6.699999988079071,50,323.80407561579887,-4.6305646184182295e-07,-1.5729880141231611e-06,4.8167563581011434e-09,0.0,0.0,0.0,0.0
6.699999988079071,51,300.0,-2.0858934353330243e-39,4.0669797780272271e-39,-2.6510894664586499e-40,393.20191449381713,106.83433837513495,0.10845249724184353,0.0
6.699999988079071,52,347.60815123159784,-2.0172313386724636e-06,-5.1831182910833166e-06,-4.2564256257614419e-09,0.0,0.0,0.0,0.0
6.699999988079071,53,300.0,1.1125037201846582e-39,5.2788382721305908e-39,-1.7430148183546278e-41,250.17023258349269,215.08901679948875,0.011598076241993598,0.0
6.699999988079071,54,347.63042881445324,-3.7552681825553625e-06,-4.7350699124886862e-06,2.8070866205446499e-08,0.0,0.0,0.0,0.0
6.699999988079071,55,323.804075615799,-4.6001309969807714e-07,-1.5714652368551314e-06,-6.8978291518900176e-09,0.0,0.0,0.0,0.0
6.699999988079071,56,300.0,-2.074935176850044e-39,4.1577722128733114e-39,9.2439474972178631e-41,392.89801994257931,106.75203032721063,-0.093965355476174794,0.0
6.699999988079071,57,352.3759697681632,-7.7984199289466593e-06,-4.1813196065108777e-05,-2.0284655960332982e-39,0.0,0.0,-4.5496067323078462,0.0
6.699999988079071,58,400.0,-1.0000000000000003e-05,-4.6500000000000012e-05,5.1781327044669605e-40,487.72223511149963,149.55295090741046,-1.8902426761441125,142.86332552649128
6.699999988079071,59,400.0,-1.0000000000000003e-05,-4.6500000000000012e-05,-7.4973409002192078e-37,807.42389142604907,207.14431226118711,-0.59222480303437575,238.09112499272624
6.699999988079071,60,352.38114265479743,-4.9633362928599421e-06,-4.2923146259615261e-05,-1.1055305140846177e-36,0.0,0.0,0.2844758477440425,0.0
6.699999988079071,61,352.3759697681632,-7.8128128709406863e-06,-4.1816312113193093e-05,-3.9029100854322887e-08,0.0,0.0,0.0,0.0
6.699999988079071,62,400.0,-1.0000000000000003e-05,-4.6500000000000012e-05,7.0559452317438769e-09,487.63803188539714,149.62801395406754,0.0,142.86332552649156
6.699999988079071,63,400.0,-1.0000000000000003e-05,-4.6500000000000012e-05,-1.8806238932051175e-09,807.33964387838068,206.75394535647362,0.0,238.0911249927267
6.699999988079071,64,352.3811426547974,-4.9593019728002175e-06,-4.2924012517018161e-05,1.0558914570832582e-08,0.0,0.0,0.0,0.0
6.699999988079071,65,376.18798488408163,-9.3484091839933792e-06,-4.4875985281939356e-05,3.9449879926111694e-40,0.0,0.0,5.3393555040460434,0.0
6.699999988079071,66,400.0,-1.0000000000000003e-05,-4.6500000000000012e-05,-1.1399371294303448e-39,-1540.9288663613327,-548.52885158618085,2.137287263247301,0.0
6.699999988079071,67,376.19057132739874,-7.4037209375133384e-06,-4.4599952386433949e-05,2.0553223806580316e-36,0.0,0.0,-0.51569577243620168,0.0
6.699999988079071,68,352.3785562114803,-5.2965846558391278e-06,-4.2426460221563234e-05,-7.6650494241988577e-38,0.0,0.0,-0.022898922210255006,0.0
6.699999988079071,69,352.3759697681632,-7.7549100135646447e-06,-4.1801783534482638e-05,-1.4979066257396566e-08,0.0,0.0,0.0,0.0
6.699999988079071,70,400.0,-1.0000000000000003e-05,-4.6500000000000012e-05,-6.4548029854004919e-10,-1111.1477913173096,-492.37893734071667,0.0,0.0
6.699999988079071,71,400.0,-1.0000000000000003e-05,-4.6500000000000012e-05,4.1615311488807091e-10,-3442.5566400138914,-809.21977296285263,0.0,0.0
6.699999988079071,72,352.3811426547974,-4.9747439901530162e-06,-4.2924174593441861e-05,3.2590753274189144e-09,0.0,0.0,0.0,0.0
6.699999988079071,73,376.1879848840816,-9.358762172645249e-06,-4.4881210120887648e-05,-2.7136188118022469e-10,0.0,0.0,0.0,0.0
6.699999988079071,74,400.0,-1.0000000000000003e-05,-4.6500000000000012e-05,5.4239250604172822e-09,-1540.0798756824365,-548.68740273071955,0.0,0.0
6.699999988079071,75,376.1905713273987,-7.4012609028953439e-06,-4.4600548898434205e-05,1.7879210502147152e-10,0.0,0.0,0.0,0.0
6.699999988079071,76,352.37855621148026,-5.3031418288969289e-06,-4.2428734053526427e-05,-1.1328741231112515e-08,0.0,0.0,0.0,0.0
6.699999988079071,77,400.0,-1.0000000000000003e-05,-4.6500000000000012e-05,2.554923155484357e-40,380.36710373884199,51.2846795589127,1.0528227898157856,95.23567839001166
6.699999988079071,78,352.3881242561471,-2.1497459014722911e-06,-4.151825666704333e-05,1.3255460865743286e-39,0.0,0.0,1.46596837060777,0.0
6.699999988079071,79,400.0,-1.0000000000000003e-05,-4.6500000000000012e-05,-7.7455220974682435e-09,380.19713855863125,51.281850101856982,0.0,95.23567839001156
6.699999988079071,80,352.388124256147,-2.141388054994041e-06,-4.151768150274746e-05,1.5899342854084618e-08,0.0,0.0,0.0,0.0
6.699999988079071,81,400.0,-1.0000000000000003e-05,-4.6500000000000012e-05,-6.2414303317375005e-40,-1793.5776379518561,-271.78146093367985,-0.91678364357613196,0.0
6.699999988079071,82,376.1940621280735,-5.5955597657819155e-06,-4.495798484576324e-05,4.2810362756877058e-40,0.0,0.0,-3.9975077621044313,0.0
6.699999988079071,83,352.3846334554722,-4.3363469642880945e-06,-4.2178127444051367e-05,6.7833427097352763e-38,0.0,0.0,2.2307157779709796,0.0
6.699999988079071,84,400.0,-1.0000000000000003e-05,-4.6500000000000012e-05,-1.370816783659618e-09,-2078.9662096974434,-340.89341128081821,0.0,0.0
6.699999988079071,85,352.3881242561471,-2.181130513485254e-06,-4.1528323911191773e-05,6.5491670072825874e-09,0.0,0.0,0.0,0.0
6.699999988079071,86,400.0,-1.0000000000000003e-05,-4.6500000000000012e-05,-6.1335498928467192e-09,-1793.8703463245947,-272.23233027178776,0.0,0.0
6.699999988079071,87,376.1940621280735,-5.5885180084623233e-06,-4.4955602615128959e-05,-6.719235128973964e-09,0.0,0.0,0.0,0.0
6.699999988079071,88,352.3846334554722,-4.3282050441922744e-06,-4.2178036214726166e-05,1.7098025779907664e-08,0.0,0.0,0.0,0.0
6.800000011920929,1,300.0,1.2734350353867281e-39,-3.1471956204655717e-39,-6.7829200065552198e-41,-270.82498917593438,-0.035401591759712955,-0.45996424652700324,-59.42547687454937
6.800000011920929,2,347.65376046193603,-7.8270979716512264e-06,-5.012939182220547e-06,3.394048479846838e-08,0.0,0.0,0.0,0.0
6.800000011920929,3,347.58573308455806,-5.4389912160398565e-06,-4.1395783270887606e-06,2.683698314466289e-08,0.0,0.0,0.0,0.0
6.800000011920929,4,300.0,3.2991144988685567e-34,5.8376292191052611e-35,3.8036115309972845e-37,-542.49674050879753,-102.54498668739504,-0.1030735818259243,-119.149646311141
6.800000011920929,5,300.0,1.3267252122903232e-39,-3.2404783706363556e-39,2.1433225199271944e-40,-270.80855638746493,-0.017524122142426761,0.31200888009914157,-59.425476874549325
6.800000011920929,6,347.65376046193603,-7.8410464642973382e-06,-5.0163867806008562e-06,-2.5525375857547398e-08,0.0,0.0,0.0,0.0
6.800000011920929,7,347.58573308455806,-5.4465199833333511e-06,-4.1415975388704217e-06,-2.0399883363884739e-08,0.0,0.0,0.0,0.0
6.800000011920929,8,300.0,3.2989239259815713e-34,5.8361115922753664e-35,-2.7985306899495865e-37,-542.35426143888412,-102.54002020077853,-0.003794293309301866,-119.14964631114103
6.800000011920929,9,323.826880230968,-4.4603660375217681e-06,-1.5257308362291801e-06,-2.4385837037441088e-08,0.0,0.0,0.0,0.0
6.800000011920929,10,347.619746773247,-6.2222825856675005e-06,-4.6162925643437072e-06,4.6363925599357883e-08,0.0,0.0,0.0,0.0
6.800000011920929,11,323.79286654227906,-2.8506253582600088e-06,-1.7682692182364903e-06,-2.9107448750373709e-09,0.0,0.0,0.0,0.0
6.800000011920929,12,300.0,-1.728703920920518e-39,3.8662928057011925e-39,-8.8073342685735825e-41,1248.5166781422749,100.19083415065722,0.25843131497800564,0.0
6.800000011920929,13,300.0,3.8292801585875506e-39,-8.979353015491044e-40,-2.1543886496303532e-41,1390.9667036899232,201.69825860344739,-0.044188423247486397,0.0
6.800000011920929,14,347.65376046193603,-7.9211349169805578e-06,-5.0635490679546223e-06,4.1975992083118675e-09,0.0,0.0,0.0,0.0
6.800000011920929,15,347.58573308455806,-5.4690557020212253e-06,-4.1258508994513039e-06,3.218025259798363e-09,0.0,0.0,0.0,0.0
6.800000011920929,16,300.0,-1.3862826347495737e-33,-3.0266834791611161e-34,1.3767251080890431e-37,2116.9394663896464,373.66710823547294,0.034728181287622839,0.0
6.800000011920929,17,323.826880230968,-4.4656739058553457e-06,-1.5249164645739222e-06,2.5217385628458908e-08,0.0,0.0,0.0,0.0
6.800000011920929,18,347.619746773247,-6.2330358163319393e-06,-4.6192143260689428e-06,-3.8545857423101934e-08,0.0,0.0,0.0,0.0
6.800000011920929,19,323.79286654227906,-2.8538064253933155e-06,-1.7670172570746105e-06,3.9258885861111833e-09,0.0,0.0,0.0,0.0
6.800000011920929,20,300.0,-1.7380617690274959e-39,3.7671917079669313e-39,-2.2550294305272188e-40,1248.9401335284708,100.20514658195987,-0.0021678598391055015,0.0
6.800000011920929,21,347.60665623505815,-4.8745905305110633e-06,-3.5361539728558082e-06,1.8136944753627575e-09,0.0,0.0,0.0,0.0
6.800000011920929,22,300.0,3.178679628327883e-34,9.9605779033500024e-35,4.365884171983372e-37,-414.99472281928007,-186.80436220858439,-0.10214080474593656,-119.06898852879183
6.800000011920929,23,347.6066562350581,-4.8743582282994244e-06,-3.5366310046741243e-06,-9.483528839252048e-10,0.0,0.0,0.0,0.0
6.800000011920929,24,300.0,3.1798972659501066e-34,9.9566144323462463e-35,-3.7728883439883446e-37,-414.96689643937634,-186.76833825569148,0.14495751595661552,-119.06898852879209
6.800000011920929,25,347.59619465980813,-5.0155389432433441e-06,-3.8021165121147757e-06,9.775767250081931e-09,0.0,0.0,0.0,0.0
6.800000011920929,26,323.8033281175291,-2.4661983878608548e-06,-1.8767259658924577e-06,7.0225809286828681e-10,0.0,0.0,0.0,0.0
6.800000011920929,27,300.0,-6.3233654451522398e-40,-3.9949245045563195e-39,-1.3118709480539234e-40,904.99953680594263,289.68103430162239,0.10251122005105111,0.0
6.800000011920929,28,347.60665623505815,-4.8805940793320891e-06,-3.5442659911010528e-06,4.3495362960222081e-10,0.0,0.0,0.0,0.0
6.800000011920929,29,300.0,-1.3452662049207812e-33,-2.2970597249068357e-34,1.6247063182062524e-37,1647.0262885819361,444.44955197903334,-0.033878870040987386,0.0
6.800000011920929,30,347.5961946598081,-5.0196446431545789e-06,-3.8033818338826299e-06,-5.9214352397271839e-09,0.0,0.0,0.0,0.0
6.800000011920929,31,323.8033281175291,-2.4662435133295864e-06,-1.8746978677795602e-06,-5.0636814201072241e-11,0.0,0.0,0.0,0.0
6.800000011920929,32,300.0,-6.4603756845927429e-40,-4.0331317022727363e-39,2.1717656571353968e-40,905.11758776059969,289.66432389888814,-0.10813942127009958,0.0
6.800000011920929,33,347.6527063973086,-4.5961690012610367e-06,-4.1095636205611553e-06,-3.7679068251655902e-08,0.0,0.0,0.0,0.0
6.800000011920929,34,300.0,2.0293807329349878e-34,4.0060319643263382e-35,-2.8461147536486883e-37,-281.37370613842927,-111.24016606668815,0.8607074621554156,-118.94300489335235
6.800000011920929,35,347.65270639730863,-4.5891044730954228e-06,-4.1072475030885534e-06,3.2905545459448836e-08,0.0,0.0,0.0,0.0
6.800000011920929,36,300.0,2.030456655250077e-34,4.0048631174002414e-35,3.2454671473933849e-37,-281.50087480895507,-111.29469897020515,-0.80982680130883478,-118.94300489335214
6.800000011920929,37,347.62968131618334,-4.8627281312619565e-06,-3.782665504223845e-06,-1.3808556487655405e-08,0.0,0.0,0.0,0.0
6.800000011920929,38,323.82635319865426,-2.1325186688032124e-06,-1.7848868197326672e-06,8.9876571862943227e-09,0.0,0.0,0.0,0.0
6.800000011920929,39,300.0,7.2461591921548769e-41,-2.1491505590333803e-39,3.5293738966030801e-40,747.43586043258915,302.77715105167448,-0.38857785364453773,0.0
6.800000011920929,40,347.65270639730863,-4.5290455669376982e-06,-4.0862943840954311e-06,-2.3844263935029123e-09,0.0,0.0,0.0,0.0
6.800000011920929,41,300.0,-9.4809552528305545e-34,-6.4923889622489434e-35,3.5035939740209584e-38,1209.4778641697469,372.69619787983294,0.0062730551193274364,0.0
6.800000011920929,42,347.62968131618334,-4.8583727362820028e-06,-3.7816386343306432e-06,1.1832486901169982e-08,0.0,0.0,0.0,0.0
6.800000011920929,43,323.8263531986543,-2.1298558810441462e-06,-1.7829999736407842e-06,-9.3974815741965237e-09,0.0,0.0,0.0,0.0
6.800000011920929,44,300.0,1.6809884861069362e-41,-2.1573952621387991e-39,-2.3418474827652376e-40,747.42089155027668,302.7214042690731,0.27226227183598162,0.0
6.800000011920929,45,347.6081512315978,-2.1176984822102885e-06,-5.0117174746239434e-06,-1.2252274904112712e-08,0.0,0.0,0.0,0.0
6.800000011920929,46,300.0,9.0283688373174179e-40,-3.6168763948227841e-40,7.8045780412400487e-41,-138.19957060762189,0.98861319028395456,-0.27776403784010184,-59.603012301394735
6.800000011920929,47,347.6081512315979,-2.1097417724577919e-06,-5.0075211519820306e-06,3.8081178466090347e-09,0.0,0.0,0.0,0.0
6.800000011920929,48,300.0,9.1021590900800073e-40,-3.4027253724203811e-40,1.1514428746032091e-42,-138.24191694759691,0.91703425984537779,0.27624921257124901,-59.603012301394685
6.800000011920929,49,347.6304288144532,-3.8002128965072959e-06,-4.5988093533090978e-06,-3.3491557024132307e-08,0.0,0.0,0.0,0.0
6.800000011920929,50,323.80407561579887,-5.2300388061664857e-07,-1.5259678971352648e-06,4.4381784700489675e-09,0.0,0.0,0.0,0.0
6.800000011920929,51,300.0,-2.0819235164114563e-39,4.0335127127827114e-39,-2.6416334607113194e-40,406.06342839381074,103.47198581027797,0.10458951581693016,0.0
6.800000011920929,52,347.60815123159784,-2.1041419918277035e-06,-5.0315572117583987e-06,-4.2222666928582999e-09,0.0,0.0,0.0,0.0
6.800000011920929,53,300.0,1.1282125308531324e-39,5.2709774772867857e-39,-1.7325841654675548e-41,267.52789913866565,208.91269393980957,0.015691885632184495,0.0
6.800000011920929,54,347.63042881445324,-3.7918621927026754e-06,-4.5954598219348611e-06,2.6872092687149324e-08,0.0,0.0,0.0,0.0
6.800000011920929,55,323.804075615799,-5.1998548447246605e-07,-1.5244655455523583e-06,-6.5247957339019047e-09,0.0,0.0,0.0,0.0
6.800000011920929,56,300.0,-2.0710883820121151e-39,4.1240563881678582e-39,9.1009837312134671e-41,405.76034029134615,103.39127095548257,-0.086303240622081556,0.0
6.800000011920929,57,352.3759697681632,-7.7163498268097561e-06,-4.1451028905075118e-05,-2.457191575393567e-39,0.0,0.0,-4.354668627196153,0.0
6.800000011920929,58,400.0,-1.0000000000000003e-05,-4.6000000000000014e-05,5.1767985561044946e-40,487.96127018055728,145.09735853890061,-1.8159066768924661,142.86332552649125
6.800000011920929,59,400.0,-1.0000000000000003e-05,-4.6000000000000014e-05,-7.2482528960255757e-37,808.12226565652759,201.01409580433668,-0.55689695467281553,238.09112499272624
6.800000011920929,60,352.3811426547975,-4.965511456729559e-06,-4.2531812508175951e-05,-1.0472342365140379e-36,0.0,0.0,0.28659907231286214,0.0
6.800000011920929,61,352.3759697681632,-7.7303307116160518e-06,-4.1453906465982968e-05,-3.7524753989314958e-08,0.0,0.0,0.0,0.0
6.800000011920929,62,400.0,-1.0000000000000003e-05,-4.6000000000000014e-05,6.86804827363138e-09,487.88772633351277,145.16517502425336,0.0,142.86332552649145
6.800000011920929,63,400.0,-1.0000000000000003e-05,-4.6000000000000014e-05,-1.835064037568318e-09,808.04155900238879,200.63762320650773,0.0,238.09112499272652
6.800000011920929,64,352.38114265479743,-4.9616015948284013e-06,-4.2532672113109741e-05,1.0188378702679865e-08,0.0,0.0,0.0,0.0
6.800000011920929,65,376.18798488408163,-9.2939354447919626e-06,-4.4424513972160547e-05,3.9301326451629123e-40,0.0,0.0,5.1811267923337807,0.0
6.800000011920929,66,400.0,-1.0000000000000003e-05,-4.6000000000000014e-05,-1.1391072721778183e-39,-1554.2556741183978,-532.11889608332308,2.0382724580965692,0.0
6.800000011920929,67,376.19057132739874,-7.4071339518554387e-06,-4.4156472999599444e-05,2.0126892374749315e-36,0.0,0.0,-0.51009716078003797,0.0
6.800000011920929,68,352.3785562114804,-5.2878444854284851e-06,-4.2047996711791042e-05,-8.9466494695165888e-38,0.0,0.0,-0.078486954501108097,0.0
6.800000011920929,69,352.3759697681632,-7.6742763748411321e-06,-4.1440477457256623e-05,-1.4417092386141192e-08,0.0,0.0,0.0,0.0
6.800000011920929,70,400.0,-1.0000000000000003e-05,-4.6000000000000014e-05,-5.8872447033130669e-10,-1137.4560822291905,-477.7625443503216,0.0,0.0
6.800000011920929,71,400.0,-1.0000000000000003e-05,-4.6000000000000014e-05,3.8235967130112444e-10,-3438.8192035032271,-784.78334616106713,0.0,0.0
6.800000011920929,72,352.3811426547975,-4.9764849594340712e-06,-4.2532526991924415e-05,3.1681076265149393e-09,0.0,0.0,0.0,0.0
6.800000011920929,73,376.1879848840816,-9.3039843004178113e-06,-4.4429407001754244e-05,-8.8061520829817072e-11,0.0,0.0,0.0,0.0
6.800000011920929,74,400.0,-1.0000000000000003e-05,-4.6000000000000014e-05,5.2344094563304361e-09,-1553.4367825031786,-532.28437832561474,0.0,0.0
6.800000011920929,75,376.19057132739874,-7.4047473693538224e-06,-4.4157102824717068e-05,1.5898417213970769e-10,0.0,0.0,0.0,0.0
6.800000011920929,76,352.3785562114803,-5.2942545004734346e-06,-4.205015020973625e-05,-1.1118362384758968e-08,0.0,0.0,0.0,0.0
6.800000011920929,77,400.0,-1.0000000000000003e-05,-4.6000000000000014e-05,2.5640152684535845e-40,379.03331412214493,49.745300563128801,1.0179110115939569,95.23567839001154
6.800000011920929,78,352.3881242561471,-2.2341671921910882e-06,-4.1163608043593257e-05,1.1137123806547666e-39,0.0,0.0,1.4205796383822329,0.0
6.800000011920929,79,400.0,-1.0000000000000003e-05,-4.6000000000000014e-05,-7.4996227560592161e-09,378.86937265475569,49.742443631262958,0.0,95.23567839001149
6.800000011920929,80,352.388124256147,-2.2259524657126226e-06,-4.1163018330567552e-05,1.5602377351349979e-08,0.0,0.0,0.0,0.0
6.800000011920929,81,400.0,-1.0000000000000003e-05,-4.6000000000000014e-05,-6.2627596734064222e-40,-1779.8269523938513,-263.7103880505,-0.8836745408647394,0.0
6.800000011920929,82,376.1940621280735,-5.6521328731424207e-06,-4.4504250366519318e-05,4.2929576427136124e-40,0.0,0.0,-3.8817819371677986,0.0
6.800000011920929,83,352.3846334554723,-4.3576625781793645e-06,-4.1806534107425868e-05,7.905495664021758e-38,0.0,0.0,2.1684327982233742,0.0
6.800000011920929,84,400.0,-1.0000000000000003e-05,-4.6000000000000014e-05,-1.3109696868690735e-09,-2056.4344083069141,-330.78592915808565,0.0,0.0
6.800000011920929,85,352.3881242561471,-2.2647214269837027e-06,-4.1173363591077907e-05,6.4252029178062975e-09,0.0,0.0,0.0,0.0
6.800000011920929,86,400.0,-1.0000000000000003e-05,-4.6000000000000014e-05,-5.9412609823305707e-09,-1780.1168484980146,-264.14362564359533,0.0,0.0
6.800000011920929,87,376.1940621280735,-5.6452457532384364e-06,-4.4501963757126716e-05,-6.48333867376976e-09,0.0,0.0,0.0,0.0
6.800000011920929,88,352.3846334554722,-4.3497071652357027e-06,-4.180643535877436e-05,1.6681458057825066e-08,0.0,0.0,0.0,0.0
6.899999976158142,1,300.0,1.2793364498536458e-39,-3.1471605943640487e-39,-6.6806394680003987e-41,-268.8269405004865,0.013386148569773548,-0.45740160597077972,-59.42547687454943
6.899999976158142,2,347.65376046193603,-7.7396115598865924e-06,-4.8621444093211441e-06,3.4719778957504067e-08,0.0,0.0,0.0,0.0
6.899999976158142,3,347.58573308455806,-5.4239727684678463e-06,-4.0121637767966381e-06,2.5713592484140385e-08,0.0,0.0,0.0,0.0
6.899999976158142,4,300.0,3.2602875008571155e-34,5.6537303769023005e-35,3.6621744489570142e-37,-538.42816342843275,-99.37081159941792,-0.08411020310940065,-119.149646311141
6.899999976158142,5,300.0,1.3324097163811306e-39,-3.240203713261288e-39,2.1303975999112883e-40,-268.80912581249567,0.028075951436712977,0.31819751767136284,-59.42547687454933
6.899999976158142,6,347.6537604619361,-7.7531306673678426e-06,-4.8652652395115838e-06,-2.62158576382951e-08,0.0,0.0,0.0,0.0
6.899999976158142,7,347.5857330845581,-5.4313201634905943e-06,-4.0139741018921984e-06,-1.9308749027255628e-08,0.0,0.0,0.0,0.0
6.899999976158142,8,300.0,3.2601128650922359e-34,5.6525133081412067e-35,-2.6741314115287793e-37,-538.28644989110273,-99.368299694605327,-0.014928763114760268,-119.14964631114111
6.899999976158142,9,323.826880230968,-4.3995308629957858e-06,-1.4795585209622454e-06,-2.3020137624260957e-08,0.0,0.0,0.0,0.0
6.899999976158142,10,347.619746773247,-6.1837957764280421e-06,-4.4760651768171777e-06,4.4883231584416916e-08,0.0,0.0,0.0,0.0
6.899999976158142,11,323.79286654227906,-2.839206074278989e-06,-1.7136490662259741e-06,-2.8238883493476127e-09,0.0,0.0,0.0,0.0
6.899999976158142,12,300.0,-1.7446904535501167e-39,3.8572687801516329e-39,-8.9435743321422055e-41,1235.5211280317462,96.976125929847782,0.24748465481317145,0.0
6.899999976158142,13,300.0,3.8249750204378433e-39,-9.3016841003404815e-40,-2.1708045757511794e-41,1373.6093152219289,195.60294287548817,-0.049827827312666467,0.0
6.899999976158142,14,347.65376046193603,-7.8316175899739344e-06,-4.9082815760402579e-06,4.2407565534795037e-09,0.0,0.0,0.0,0.0
6.899999976158142,15,347.5857330845581,-5.452619638020812e-06,-3.9993032985057429e-06,3.2017788688994149e-09,0.0,0.0,0.0,0.0
6.899999976158142,16,300.0,-1.3690998649707483e-33,-2.9347026715717666e-34,1.3454454139974173e-37,2102.8165135517493,362.22202503893266,0.025702946091084145,0.0
6.899999976158142,17,323.8268802309681,-4.4047153888847402e-06,-1.4786999722163354e-06,2.39822524717716e-08,0.0,0.0,0.0,0.0
6.899999976158142,18,347.61974677324713,-6.1942752640899974e-06,-4.4787082115913961e-06,-3.7049508465388422e-08,0.0,0.0,0.0,0.0
6.899999976158142,19,323.79286654227906,-2.8423451620039709e-06,-1.7123577756920381e-06,3.8743485039038614e-09,0.0,0.0,0.0,0.0
6.899999976158142,20,300.0,-1.7540881807176392e-39,3.7582365040742532e-39,-2.2371241995216111e-40,1235.9426107242496,96.98587958437983,-0.013781845128575776,0.0
6.899999976158142,21,347.60665623505804,-4.8775192534893154e-06,-3.4261906419486343e-06,1.5621293409120864e-09,0.0,0.0,0.0,0.0
6.899999976158142,22,300.0,3.1449000283725137e-34,9.6643769819368675e-35,4.2270302260807245e-37,-414.91581928528205,-181.20412770118475,-0.095385039431525598,-119.068988528792
6.899999976158142,23,347.6066562350582,-4.8773185253478333e-06,-3.4265871433801861e-06,-7.3044985249690915e-10,0.0,0.0,0.0,0.0
6.899999976158142,24,300.0,3.1461047309578239e-34,9.660615299213245e-35,-3.6153685229387215e-37,-414.8882782600607,-181.17029365005095,0.13622926594949075,-119.06898852879175
6.899999976158142,25,347.596194659808,-5.0141294965814155e-06,-3.6844766038596546e-06,9.4067772297178097e-09,0.0,0.0,0.0,0.0
6.899999976158142,26,323.803328117529,-2.4667798921800069e-06,-1.8191950551621359e-06,6.9509592873475257e-10,0.0,0.0,0.0,0.0
6.899999976158142,27,300.0,-6.2618207706942889e-40,-4.0161049012886077e-39,-1.2830733641785167e-40,902.42575126163513,280.81291148584285,0.089882204072073785,0.0
6.899999976158142,28,347.60665623505815,-4.8831029085650208e-06,-3.4337249750237808e-06,4.1841195578875877e-10,0.0,0.0,0.0,0.0
6.899999976158142,29,300.0,-1.3294784322205579e-33,-2.226420504254509e-34,1.5640345919786239e-37,1647.4297132062495,430.64297122954491,-0.032325138524948088,0.0
6.899999976158142,30,347.59619465980813,-5.0181474453706501e-06,-3.6855931472523931e-06,-5.5957311282885384e-09,0.0,0.0,0.0,0.0
6.899999976158142,31,323.8033281175291,-2.4668320913857721e-06,-1.8171655039932663e-06,-7.3277331134472343e-11,0.0,0.0,0.0,0.0
6.899999976158142,32,300.0,-6.3972485391626344e-40,-4.0546341317893228e-39,2.1467014396676361e-40,902.54490226250266,280.79231158084076,-0.097314505724877945,0.0
6.899999976158142,33,347.6527063973085,-4.6087608469764523e-06,-3.9819819509312646e-06,-3.6483986277902656e-08,0.0,0.0,0.0,0.0
6.899999976158142,34,300.0,2.0297381072077821e-34,3.8908291499689298e-35,-2.7282071902316624e-37,-285.42183647589582,-107.89976727598773,0.82798963170455209,-118.9430048933524
6.899999976158142,35,347.6527063973086,-4.6018707971229331e-06,-3.9797395402883614e-06,3.1715867322330995e-08,0.0,0.0,0.0,0.0
6.899999976158142,36,300.0,2.0308170098151512e-34,3.8897160529984175e-35,3.1402651408685443e-37,-285.54719844381617,-107.95235086673074,-0.78020980505425164,-118.94300489335228
6.899999976158142,37,347.6296813161833,-4.8666264691745162e-06,-3.6648712995604843e-06,-1.364593955864552e-08,0.0,0.0,0.0,0.0
6.899999976158142,38,323.82635319865426,-2.1437936408620694e-06,-1.7298726158084326e-06,8.697766173660792e-09,0.0,0.0,0.0,0.0
6.899999976158142,39,300.0,6.5615750269842612e-41,-2.102762015078353e-39,3.5046775688147643e-40,750.02158042480187,293.69026999767578,-0.36806250236667531,0.0
6.899999976158142,40,347.6527063973085,-4.543837239727955e-06,-3.9602396940294327e-06,-2.3813946102994045e-09,0.0,0.0,0.0,0.0
6.899999976158142,41,300.0,-9.4439454157840491e-34,-6.2605307370759959e-35,3.2482502446551957e-38,1223.2768231540704,360.84432668767198,0.011408868203965694,0.0
6.899999976158142,42,347.6296813161834,-4.8624001411735289e-06,-3.6638484584978569e-06,1.164823927477678e-08,0.0,0.0,0.0,0.0
6.899999976158142,43,323.82635319865426,-2.1411713569289523e-06,-1.7280007061020139e-06,-9.1472100765545432e-09,0.0,0.0,0.0,0.0
6.899999976158142,44,300.0,9.6438742299409623e-42,-2.1101125969579207e-39,-2.3197045189406542e-40,750.00323765026781,293.63281053420241,0.25874546706567747,0.0
6.899999976158142,45,347.60815123159784,-2.2041715856025832e-06,-4.8619248997754356e-06,-1.2332758196218884e-08,0.0,0.0,0.0,0.0
6.899999976158142,46,300.0,9.0472748981154346e-40,-3.4396273110511165e-40,7.7361477521567175e-41,-140.22033235774632,1.110524058147059,-0.26768146178982161,-59.60301230139464
6.899999976158142,47,347.60815123159784,-2.1963538824095379e-06,-4.8578727216999509e-06,3.9548983354115958e-09,0.0,0.0,0.0,0.0
6.899999976158142,48,300.0,9.1226262357022208e-40,-3.2202867441460063e-40,2.1422827304890696e-42,-140.26203701414221,1.0404860411287276,0.26619046987690981,-59.603012301394564
6.899999976158142,49,347.6304288144532,-3.8366237139951847e-06,-4.4591151294239776e-06,-3.2271923354221765e-08,0.0,0.0,0.0,0.0
6.899999976158142,50,323.8040756157989,-5.8294295691009194e-07,-1.4789484752821375e-06,4.0593138530523338e-09,0.0,0.0,0.0,0.0
6.899999976158142,51,300.0,-2.0779799815225536e-39,4.0000961175428467e-39,-2.6321732239187483e-40,418.9270202737859,100.10563314930349,0.10098975171441672,0.0
6.899999976158142,52,347.60815123159784,-2.1910414915026968e-06,-4.880002827561239e-06,-4.1890791934709533e-09,0.0,0.0,0.0,0.0
6.899999976158142,53,300.0,1.1438844673552575e-39,5.2631394863736211e-39,-1.7220887781104224e-41,284.88442180937125,202.73110794064405,0.019802915910158286,0.0
6.899999976158142,54,347.63042881445324,-3.8284505244155463e-06,-4.4558820234805138e-06,2.5681323226002076e-08,0.0,0.0,0.0,0.0
6.899999976158142,55,323.8040756157989,-5.7995055845811371e-07,-1.4774655171083586e-06,-6.1528564989891252e-09,0.0,0.0,0.0,0.0
6.899999976158142,56,300.0,-2.0672684808526107e-39,4.0903909963020558e-39,8.9579844186991024e-41,418.62472790859397,100.02642119275828,-0.078730705612170826,0.0
6.899999976158142,57,352.37596976816326,-7.6342829673973758e-06,-4.1088856368115408e-05,-2.9097984009407336e-39,0.0,0.0,-4.1614300635906201,0.0
6.899999976158142,58,400.0,-1.0000000000000003e-05,-4.5500000000000008e-05,5.1752839176548137e-40,488.19875673167388,140.64371901521361,-1.7420882060326208,142.86332552649128
6.899999976158142,59,400.0,-1.0000000000000003e-05,-4.5500000000000008e-05,-6.9954634281453521e-37,808.82079662856177,194.8819084086486,-0.52257668797590673,238.09112499272626
6.899999976158142,60,352.3811426547975,-4.9677033621081449e-06,-4.2140494730861814e-05,-9.8887746781847744e-37,0.0,0.0,0.28768139844536222,0.0
6.899999976158142,61,352.37596976816315,-7.6478547576655868e-06,-4.1091498191562172e-05,-3.6034615961618755e-08,0.0,0.0,0.0,0.0
6.899999976158142,62,400.0,-1.0000000000000003e-05,-4.5500000000000008e-05,6.6778364035458704e-09,488.13560067057648,140.70445538841403,0.0,142.86332552649137
6.899999976158142,63,400.0,-1.0000000000000003e-05,-4.5500000000000008e-05,-1.7884933333664378e-09,808.7434976056262,194.51924781159465,0.0,238.09112499272652
6.899999976158142,64,352.38114265479743,-4.9639169259907138e-06,-4.2141347762063804e-05,9.8220391861860518e-09,0.0,0.0,0.0,0.0
6.899999976158142,65,376.18798488408163,-9.2394622939979358e-06,-4.3973047359694888e-05,3.9152197609501647e-40,0.0,0.0,5.0225065586454436,0.0
6.899999976158142,66,400.0,-1.0000000000000003e-05,-4.5500000000000008e-05,-1.1382402551207981e-39,-1567.5809100663203,-515.71496967793473,1.9403958932010401,0.0
6.899999976158142,67,376.19057132739874,-7.4105556117900715e-06,-4.3712990699530981e-05,1.9690901077975849e-36,0.0,0.0,-0.5036125448731168,0.0
6.899999976158142,68,352.3785562114804,-5.2790959289867193e-06,-4.1669557285610545e-05,-1.0229492942620621e-37,0.0,0.0,-0.13149265937068116,0.0
6.899999976158142,69,352.3759697681632,-7.5936450247025743e-06,-4.1079144209990159e-05,-1.3860704930973614e-08,0.0,0.0,0.0,0.0
6.899999976158142,70,400.0,-1.0000000000000003e-05,-4.5500000000000008e-05,-5.3357368572210254e-10,-1163.7674314245514,-463.14203721470346,0.0,0.0
6.899999976158142,71,400.0,-1.0000000000000003e-05,-4.5500000000000008e-05,3.495682663845625e-10,-3435.0783290164386,-760.34375176793276,0.0,0.0
6.899999976158142,72,352.3811426547975,-4.9782446720359873e-06,-4.2140902032077477e-05,3.0775398526766018e-09,0.0,0.0,0.0,0.0
6.899999976158142,73,376.1879848840815,-9.2492083413488954e-06,-4.397761578487842e-05,8.7667601363927129e-11,0.0,0.0,0.0,0.0
6.899999976158142,74,400.0,-1.0000000000000003e-05,-4.5500000000000008e-05,5.0456045127484346e-09,-1566.791764203776,-515.88679508096129,0.0,0.0
6.899999976158142,75,376.19057132739874,-7.4082421143703344e-06,-4.3713652304275597e-05,1.4098729414063497e-10,0.0,0.0,0.0,0.0
6.899999976158142,76,352.37855621148026,-5.2853579178320506e-06,-4.1671591736802436e-05,-1.0903945413596404e-08,0.0,0.0,0.0,0.0
6.899999976158142,77,400.0,-1.0000000000000003e-05,-4.5500000000000008e-05,2.5731904047334193e-40,377.69961883961423,48.200133867655886,0.9827419143316426,95.23567839001142
6.899999976158142,78,352.388124256147,-2.3185704744882107e-06,-4.0808920995133192e-05,8.9634905807382698e-40,0.0,0.0,1.3741043949184013,0.0
6.899999976158142,79,400.0,-1.0000000000000003e-05,-4.5500000000000008e-05,-7.2552020641901463e-09,377.54150486796487,48.197187370257382,0.0,95.23567839001156
6.899999976158142,80,352.3881242561471,-2.3105010973772911e-06,-4.0808314611498948e-05,1.5293917967817329e-08,0.0,0.0,0.0,0.0
6.899999976158142,81,400.0,-1.0000000000000003e-05,-4.5500000000000008e-05,-6.2842478191655128e-40,-1766.0766252590204,-255.62692114669545,-0.84993701337140481,0.0
6.899999976158142,82,376.1940621280735,-5.7086978081937374e-06,-4.4050519054916425e-05,4.3048958136977865e-40,0.0,0.0,-3.7664866018125762,0.0
6.899999976158142,83,352.3846334554722,-4.3789840551219916e-06,-4.1434908674515776e-05,9.0227588376413113e-38,0.0,0.0,2.1073293276944889,0.0
6.899999976158142,84,400.0,-1.0000000000000003e-05,-4.5500000000000008e-05,-1.2524795304546515e-09,-2033.9028267720489,-320.68180638333348,0.0,0.0
6.899999976158142,85,352.3881242561471,-2.3482917884170929e-06,-4.0818377959406368e-05,6.2975249925627963e-09,0.0,0.0,0.0,0.0
6.899999976158142,86,400.0,-1.0000000000000003e-05,-4.5500000000000008e-05,-5.7491867903557158e-09,-1766.3634526133526,-256.04292922866108,0.0,0.0
6.899999976158142,87,376.19406212807354,-5.7019663632385574e-06,-4.404832379734886e-05,-6.2528312679966846e-09,0.0,0.0,0.0,0.0
6.899999976158142,88,352.3846334554722,-4.3712155239726355e-06,-4.14348012147311e-05,1.6264267486986418e-08,0.0,0.0,0.0,0.0
7.0,1,300.0,1.2852347629763556e-39,-3.1471009519472927e-39,-6.578131763795064e-41,-266.8301770598016,0.065320989851233427,-0.45477318409692108,-59.42547687454929
7.0,2,347.6537604619361,-7.6521311824097689e-06,-4.7113198427646665e-06,3.5455628891009565e-08,0.0,0.0,0.0,0.0
7.0,3,347.58573308455806,-5.4089462192311265e-06,-3.8847401826677801e-06,2.4594471885218122e-08,0.0,0.0,0.0,0.0
7.0,4,300.0,3.2214517351669885e-34,5.4697574321266025e-35,3.5208712925213744e-37,-534.36092800921426,-96.196382666067905,-0.065290828576371918,-119.1496463111412
7.0,5,300.0,1.3380903254447971e-39,-3.239902732140467e-39,2.1174283268772004e-40,-266.81103332785193,0.076915927747952167,0.32417441241089351,-59.42547687454934
7.0,6,347.65376046193603,-7.6652245532822614e-06,-4.7141227638849817e-06,-2.6866298313734677e-08,0.0,0.0,0.0,0.0
7.0,7,347.58573308455806,-5.4161118088966964e-06,-3.8863466200108044e-06,-1.8221677415374501e-08,0.0,0.0,0.0,0.0
7.0,8,300.0,3.2212929507758873e-34,5.4688299008871817e-35,-2.5497780306982821e-37,-534.2199921112956,-96.196245365952848,-0.026003055627135618,-119.14964631114117
7.0,9,323.8268802309681,-4.3386975932240577e-06,-1.4333441994681875e-06,-2.1678084569633132e-08,0.0,0.0,0.0,0.0
7.0,10,347.6197467732471,-6.1453004958762268e-06,-4.3358218174939319e-06,4.3411743149114068e-08,0.0,0.0,0.0,0.0
7.0,11,323.79286654227906,-2.8277802268986676e-06,-1.6590317783881954e-06,-2.7340399953984937e-09,0.0,0.0,0.0,0.0
7.0,12,300.0,-1.760644422558143e-39,3.8482497765913188e-39,-9.0795169096502705e-41,1222.5273385656403,93.757569459261788,0.23662878981743923,0.0
7.0,13,300.0,3.8206786164172354e-39,-9.6239042039977967e-40,-2.1870964171689972e-41,1356.248106075318,189.50858953794946,-0.055445360413676745,0.0
7.0,14,347.65376046193603,-7.7421085794036585e-06,-4.7530838985580339e-06,4.2822187024195613e-09,0.0,0.0,0.0,0.0
7.0,15,347.58573308455806,-5.4361742085509375e-06,-3.872730401729341e-06,3.1856282754228876e-09,0.0,0.0,0.0,0.0
7.0,16,300.0,-1.351916233465636e-33,-2.8427357981844527e-34,1.3150097578972791e-37,2088.6946229154883,350.77339795695775,0.016730131596835313,0.0
7.0,17,323.826880230968,-4.3437602057409702e-06,-1.4324427288684796e-06,2.2768566764549019e-08,0.0,0.0,0.0,0.0
7.0,18,347.619746773247,-6.1555067360321318e-06,-4.3381934167524576e-06,-3.5563585251512567e-08,0.0,0.0,0.0,0.0
7.0,19,323.79286654227906,-2.8308770564092894e-06,-1.657702285985177e-06,3.8199131991876351e-09,0.0,0.0,0.0,0.0
7.0,20,300.0,-1.7700826595898358e-39,3.7492878491126346e-39,-2.219195444700577e-40,1222.9468580026883,93.762863298950748,-0.02517391087357157,0.0
7.0,21,347.6066562350582,-4.8804506971668522e-06,-3.3161613459056366e-06,1.3150657879565197e-09,0.0,0.0,0.0,0.0
7.0,22,300.0,3.1111103179484355e-34,9.3686785338024311e-35,4.0883881984533798e-37,-414.83705114597086,-175.6091061623809,-0.08868626171357058,-119.06898852879169
7.0,23,347.60665623505815,-4.8802801636104311e-06,-3.3164770472660935e-06,-5.1596452920275584e-10,0.0,0.0,0.0,0.0
7.0,24,300.0,3.1123020888386748e-34,9.3651192211172302e-35,-3.4584201418775385e-37,-414.80979613297723,-175.57750355877573,0.12762565522008973,-119.06898852879183
7.0,25,347.59619465980813,-5.0127140327413041e-06,-3.5667929609462342e-06,9.0335850170724372e-09,0.0,0.0,0.0,0.0
7.0,26,323.8033281175291,-2.4673664732732678e-06,-1.7616604166905303e-06,6.8952732794131185e-10,0.0,0.0,0.0,0.0
7.0,27,300.0,-6.2003349836113799e-40,-4.0372270985769329e-39,-1.2543104215314064e-40,899.85258575082628,271.94882589716201,0.077378619135248544,0.0
7.0,28,347.60665623505815,-4.8856172777225752e-06,-3.3231409602844895e-06,4.0241076327733708e-10,0.0,0.0,0.0,0.0
7.0,29,300.0,-1.3136927790439286e-33,-2.1557366387025533e-34,1.5035730361809913e-37,1647.834020025708,416.82680468291505,-0.03084546619414244,0.0
7.0,30,347.59619465980813,-5.0166432187615743e-06,-3.5677632389773263e-06,-5.2648404974377211e-09,0.0,0.0,0.0,0.0
7.0,31,323.8033281175291,-2.4674254446566672e-06,-1.7596296228059198e-06,-9.6484783274026404e-11,0.0,0.0,0.0,0.0
7.0,32,300.0,-6.3341850628937799e-40,-4.0760768679602562e-39,2.1216560382374745e-40,899.97285018291177,271.92437533966131,-0.086701755783480966,0.0
7.0,33,347.6527063973086,-4.6213660475800572e-06,-3.8544772458261981e-06,-3.5288798691508752e-08,0.0,0.0,0.0,0.0
7.0,34,300.0,2.0301097111988456e-34,3.7755099595385035e-35,-2.6107336635952116e-37,-289.4705013888215,-104.55680367867896,0.79534599207299927,-118.94300489335252
7.0,35,347.6527063973086,-4.6146506171823526e-06,-3.8523046476242124e-06,3.0526586978958944e-08,0.0,0.0,0.0,0.0
7.0,36,300.0,2.0311914471482198e-34,3.7744524607340777e-35,3.0359403306650342e-37,-289.59406141111162,-104.60752261099796,-0.75069792391231915,-118.9430048933524
7.0,37,347.6296813161834,-4.8705422389241616e-06,-3.5470804612679678e-06,-1.3472170705162991e-08,0.0,0.0,0.0,0.0
7.0,38,323.82635319865426,-2.1550751015689979e-06,-1.6748654558186768e-06,8.4086574286793322e-09,0.0,0.0,0.0,0.0
7.0,39,300.0,5.8781222006728989e-41,-2.0564479639435085e-39,3.4800082366075309e-40,752.60724163579243,284.60544539164101,-0.34789515191246828,0.0
7.0,40,347.6527063973086,-4.5586401184614262e-06,-3.8342225018002249e-06,-2.3781171688953169e-09,0.0,0.0,0.0,0.0
7.0,41,300.0,-9.4069243010188201e-34,-6.0294146858848265e-35,2.9830894258574665e-38,1237.0784421057172,349.00588493495553,0.016534994418073143,0.0
7.0,42,347.62968131618334,-4.8664441096195685e-06,-3.546059232970968e-06,1.1453875984287821e-08,0.0,0.0,0.0,0.0
7.0,43,323.82635319865426,-2.1524933175740871e-06,-1.6730078030412432e-06,-8.8975194479632823e-09,0.0,0.0,0.0,0.0
7.0,44,300.0,2.4908663383442323e-42,-2.0629053456170217e-39,-2.2975895093965867e-40,752.5855812593926,284.54627970467737,0.24545842124631601,0.0
7.0,45,347.60815123159784,-2.2906297380614046e-06,-4.7121198537644075e-06,-1.2410041077309656e-08,0.0,0.0,0.0,0.0
7.0,46,300.0,9.0662020160198601e-40,-3.2626097330101407e-40,7.6677808683590071e-41,-142.2420007280723,1.2327611869834856,-0.25767556354822596,-59.60301230139466
7.0,47,347.6081512315979,-2.2829535251280124e-06,-4.7082064985219118e-06,4.0965085104454075e-09,0.0,0.0,0.0,0.0
7.0,48,300.0,9.1431221848970992e-40,-3.0380750888082305e-40,3.1325484147369027e-42,-142.28307139290601,1.1642416299209926,0.2561285946341546,-59.60301230139464
7.0,49,347.63042881445324,-3.8730280049518045e-06,-4.3194580283369596e-06,-3.106071965201931e-08,0.0,0.0,0.0,0.0
7.0,50,323.8040756157989,-6.4287368995086254e-07,-1.4319299777852527e-06,3.6800534832902752e-09,0.0,0.0,0.0,0.0
7.0,51,300.0,-2.0740626672116662e-39,3.9667297161606826e-39,-2.6227085889120411e-40,431.79268621642808,96.73531375861289,0.097652258470795811,0.0
7.0,52,347.60815123159784,-2.2779298601130714e-06,-4.728454901786002e-06,-4.1568677399746169e-09,0.0,0.0,0.0,0.0
7.0,53,300.0,1.1595198810650003e-39,5.2553242169410609e-39,-1.7115283997765381e-41,302.23978496019578,196.54426661726151,0.023931061472128569,0.0
7.0,54,347.63042881445324,-3.8650331445961479e-06,-4.3163365562750305e-06,2.4498472961708437e-08,0.0,0.0,0.0,0.0
7.0,55,323.804075615799,-6.3990832343039599e-07,-1.4304653789098143e-06,-5.7819064007723526e-09,0.0,0.0,0.0,0.0
7.0,56,300.0,-2.0634753069570693e-39,4.0567757497127222e-39,8.8149522622007322e-41,431.49117900114862,96.657514654284228,-0.071246320124881607,0.0
7.0,57,352.37596976816315,-7.5522192713530472e-06,-4.072667858175674e-05,-3.3860747276419073e-39,0.0,0.0,-3.9698909542818273,0.0
7.0,58,400.0,-1.0000000000000001e-05,-4.5000000000000003e-05,5.1735891933907964e-40,488.43469952691049,136.19204913309997,-1.6687870940920573,142.86332552649125
7.0,59,400.0,-1.0000000000000001e-05,-4.5000000000000003e-05,-6.7389600063436964e-37,809.51948603010669,188.74778009773647,-0.48926465635028571,238.09112499272624
7.0,60,352.38114265479743,-4.9699119749847496e-06,-4.1749192672057145e-05,-9.3045813840422965e-37,0.0,0.0,0.28772321014457075,0.0
7.0,61,352.3759697681632,-7.5653849268658728e-06,-4.0729087431126083e-05,-3.4558695535419443e-08,0.0,0.0,0.0,0.0
7.0,62,400.0,-1.0000000000000001e-05,-4.5000000000000003e-05,6.4853145174239839e-09,488.38166008019743,136.24587184455859,0.0,142.86332552649154
7.0,63,400.0,-1.0000000000000001e-05,-4.5000000000000003e-05,-1.7409125348370731e-09,809.44546144447895,188.39884887223769,0.0,238.0911249927267
7.0,64,352.38114265479743,-4.9662479283120793e-06,-4.1750039191059908e-05,9.4599030936019736e-09,0.0,0.0,0.0,0.0
7.0,65,376.1879848840816,-9.1849896964114471e-06,-4.3521585392390187e-05,3.9002496480105856e-40,0.0,0.0,4.8634962999923088,0.0
7.0,66,400.0,-1.0000000000000001e-05,-4.5000000000000003e-05,-1.1373361600019435e-39,-1580.904578520069,-499.31710809453045,1.8436566644653909,0.0
7.0,67,376.19057132739874,-7.4139859034673622e-06,-4.3269505465604453e-05,1.9245248134773167e-36,0.0,0.0,-0.49624168514106426,0.0
7.0,68,352.37855621148026,-5.2703390609944184e-06,-4.1291141952687785e-05,-1.1513588176852561e-37,0.0,0.0,-0.18191888756141808,0.0
7.0,69,352.37596976816315,-7.5130158648466796e-06,-4.0717783938657414e-05,-1.3309906124690492e-08,0.0,0.0,0.0,0.0
7.0,70,400.0,-1.0000000000000001e-05,-4.5000000000000003e-05,-4.8002697658933171e-10,-1190.0818227613522,-448.51742088382014,0.0,0.0
7.0,71,400.0,-1.0000000000000001e-05,-4.5000000000000003e-05,3.1777965918177377e-10,-3431.3340130094921,-735.90102189081074,0.0,0.0
7.0,72,352.38114265479743,-4.9800231028686051e-06,-4.1749299434597177e-05,2.9873731432544988e-09,0.0,0.0,0.0,0.0
7.0,73,376.1879848840816,-9.1944342597824732e-06,-4.3525836413360577e-05,2.5582897806303153e-10,0.0,0.0,0.0,0.0
7.0,74,400.0,-1.0000000000000001e-05,-4.5000000000000003e-05,4.8575099825737179e-09,-1580.1448253931444,-499.49468917024797,0.0,0.0
7.0,75,376.19057132739874,-7.4117451222769075e-06,-4.3270197318536609e-05,1.2480235900640793e-10,0.0,0.0,0.0,0.0
7.0,76,352.3785562114803,-5.2764521622081822e-06,-4.1293058643805496e-05,-1.0685495745891165e-08,0.0,0.0,0.0,0.0
7.0,77,400.0,-1.0000000000000001e-05,-4.5000000000000003e-05,2.5824485029922222e-40,376.36601125769459,46.649202587390427,0.94731457221906834,95.2356783900116
7.0,78,352.3881242561471,-2.4029557942993008e-06,-4.0454195629767888e-05,6.7330540769139455e-40,0.0,0.0,1.3265395820300772,0.0
7.0,79,400.0,-1.0000000000000001e-05,-4.5000000000000003e-05,-7.0122641341118779e-09,376.21352783458622,46.646105189042473,0.0,95.23567839001151
7.0,80,352.388124256147,-2.3950340028700877e-06,-4.0453570465739846e-05,1.4973953131369712e-08,0.0,0.0,0.0,0.0
7.0,81,400.0,-1.0000000000000001e-05,-4.5000000000000003e-05,-6.3058945559096243e-40,-1752.3266521816886,-247.53110132846254,-0.81556889642255026,0.0
7.0,82,376.1940621280735,-5.7652545790694671e-06,-4.3596790831578833e-05,4.3168501834180036e-40,0.0,0.0,-3.6516229514757281,0.0
7.0,83,352.3846334554722,-4.4003113221334935e-06,-4.1063251130506781e-05,1.0135166796158634e-37,0.0,0.0,2.0474106488893122,0.0
7.0,84,400.0,-1.0000000000000001e-05,-4.5000000000000003e-05,-1.1953490462540511e-09,-2011.3714847586843,-310.581039685576,0.0,0.0
7.0,85,352.3881242561471,-2.4318416449750319e-06,-4.046336716693927e-05,6.1661301009946736e-09,0.0,0.0,0.0,0.0
7.0,86,400.0,-1.0000000000000001e-05,-4.5000000000000003e-05,-5.5573271536707933e-09,-1752.610153538777,-247.93028359655861,0.0,0.0
7.0,87,376.1940621280735,-5.758679848648902e-06,-4.3594682644143859e-05,-6.0277212794896348e-09,0.0,0.0,0.0,0.0
7.0,88,352.3846334554722,-4.3927300418713872e-06,-4.1063133769440616e-05,1.5846460027989704e-08,0.0,0.0,0.0,0.0
