step,input_local_node,input_label,side,output_local_node,output_label,closure_delta_m,copen_m,cnormf_x_n,coord_y_m,coord_z_m
BASE,0,0,secondary,1,532,0,-9.999999999997812e-05,-8.333333333330364e-06,0.1248499974608421,0.1799499988555908
BASE,0,0,secondary,2,535,0,-9.999999999998624e-05,-8.33333333333216e-06,0.124949999153614,0.1799499988555908
BASE,0,0,secondary,3,536,0,-0.00010000000000001,-8.333333333331823e-06,0.1248499974608421,0.1800500005483627
BASE,0,0,secondary,4,539,0,-9.999999999998645e-05,-8.33333333333157e-06,0.124949999153614,0.1800500005483627
BASE,0,0,secondary,5,543,0,-9.999999999998251e-05,3.333333333333057e-05,0.1248999983072281,0.1799499988555908
BASE,0,0,secondary,6,547,0,-9.999999999998235e-05,3.333333333332278e-05,0.1248999983072281,0.1800500005483627
BASE,0,0,secondary,7,548,0,-9.999999999997354e-05,3.333333333332624e-05,0.1248499974608421,0.1800000071525574
BASE,0,0,secondary,8,551,0,-9.999999999997463e-05,3.333333333332329e-05,0.124949999153614,0.1800000071525574
BASE,0,0,primary,1,2,0,,-4.037665053942323e-34,0,0
BASE,0,0,primary,2,3,0,,-1.326887216716005e-33,0.125,0
BASE,0,0,primary,3,6,0,,-8.414633813331725e-08,0,0.125
BASE,0,0,primary,4,7,0,,6.625112311465137e-06,0.125,0.125
BASE,0,0,primary,5,10,0,,3.691835068641185e-34,0.0625,0
BASE,0,0,primary,6,14,0,,1.790446933332992e-07,0.0625,0.125
BASE,0,0,primary,7,18,0,,3.707080631865881e-34,0,0.0625
BASE,0,0,primary,8,19,0,,2.185534576587193e-33,0.125,0.0625
BASE,0,0,primary,9,22,0,,-7.456297813331909e-08,0,0.25
BASE,0,0,primary,10,23,0,,-5.346104328532104e-06,0.125,0.25
BASE,0,0,primary,11,26,0,,1.406779733333065e-07,0.0625,0.25
BASE,0,0,primary,12,30,0,,7.884798293331829e-08,0,0.1875
BASE,0,0,primary,13,31,0,,9.848113068371065e-05,0.125,0.1875
BASE,0,0,primary,14,34,0,,3.568217871611563e-34,0,0.375
BASE,0,0,primary,15,35,0,,1.096383317542718e-33,0.125,0.375
BASE,0,0,primary,16,38,0,,-3.234826673579541e-34,0.0625,0.375
BASE,0,0,primary,17,42,0,,-3.231907125910379e-34,0,0.3125
BASE,0,0,primary,18,43,0,,-1.772379728152674e-33,0.125,0.3125
BASE,0,0,primary,19,46,0,,-1.406755028958084e-61,0,0.5
BASE,0,0,primary,20,47,0,,-4.069112793965984e-61,0.125,0.5
BASE,0,0,primary,21,50,0,,1.254665037303091e-61,0.0625,0.5
BASE,0,0,primary,22,54,0,,1.249816524915616e-61,0,0.4375
BASE,0,0,primary,23,55,0,,5.626097741886441e-61,0.125,0.4375
BASE,0,0,primary,24,58,0,,6.150262222802973e-89,0,0.625
BASE,0,0,primary,25,59,0,,1.698498259336748e-88,0.125,0.625
BASE,0,0,primary,26,62,0,,-5.395197271122747e-89,0.0625,0.625
BASE,0,0,primary,27,66,0,,-5.701840048158383e-89,0,0.5625
BASE,0,0,primary,28,67,0,,-2.256890037568822e-88,0.125,0.5625
BASE,0,0,primary,29,70,0,,-2.778790715135281e-116,0,0.75
BASE,0,0,primary,30,71,0,,-7.63415433891872e-116,0.125,0.75
BASE,0,0,primary,31,74,0,,2.393905112627392e-116,0.0625,0.75
BASE,0,0,primary,32,78,0,,2.636654550257362e-116,0,0.6875
BASE,0,0,primary,33,79,0,,9.888731351896789e-116,0.125,0.6875
BASE,0,0,primary,34,82,0,,1.28410828669525e-143,0,0.875
BASE,0,0,primary,35,83,0,,3.569676679945487e-143,0.125,0.875
BASE,0,0,primary,36,86,0,,-1.101739696745895e-143,0.0625,0.875
BASE,0,0,primary,37,90,0,,-1.233823894537459e-143,0,0.8125
BASE,0,0,primary,38,91,0,,-4.556256551943757e-143,0.125,0.8125
BASE,0,0,primary,39,94,0,,-6.042117326823079e-171,0,1
BASE,0,0,primary,40,95,0,,-1.710156337128192e-170,0.125,1
BASE,0,0,primary,41,98,0,,5.161805737144749e-171,0.0625,1
BASE,0,0,primary,42,102,0,,5.821795110015804e-171,0,0.9375
BASE,0,0,primary,43,103,0,,2.155973472227054e-170,0.125,0.9375
BASE,0,0,primary,44,105,0,,-4.226959677887957e-34,0.25,0
BASE,0,0,primary,45,107,0,,4.720369902424912e-33,0.25,0.125
BASE,0,0,primary,46,109,0,,3.849312940226298e-34,0.1875,0
BASE,0,0,primary,47,112,0,,1.709141729245098e-33,0.1875,0.125
BASE,0,0,primary,48,115,0,,3.849312940226328e-34,0.25,0.0625
BASE,0,0,primary,49,117,0,,6.382692490832054e-33,0.25,0.25
BASE,0,0,primary,50,119,0,,-1.55384613964337e-33,0.1875,0.25
BASE,0,0,primary,51,122,0,,-5.898385471161255e-33,0.25,0.1875
BASE,0,0,primary,52,124,0,,3.410925938777017e-34,0.25,0.375
BASE,0,0,primary,53,126,0,,-3.106185616809158e-34,0.1875,0.375
BASE,0,0,primary,54,129,0,,-3.106185616809151e-34,0.25,0.3125
BASE,0,0,primary,55,131,0,,-1.771988392170379e-61,0.25,0.5
BASE,0,0,primary,56,133,0,,1.231605575191342e-61,0.1875,0.5
BASE,0,0,primary,57,136,0,,1.763073138939025e-61,0.25,0.4375
BASE,0,0,primary,58,138,0,,9.667149859170377e-89,0.25,0.625
BASE,0,0,primary,59,140,0,,-5.553253045026278e-89,0.1875,0.625
BASE,0,0,primary,60,143,0,,-1.060015026640257e-88,0.25,0.5625
BASE,0,0,primary,61,145,0,,-5.226347648121507e-116,0.25,0.75
BASE,0,0,primary,62,147,0,,2.654634817419116e-116,0.1875,0.75
BASE,0,0,primary,63,150,0,,5.9971387441289e-116,0.25,0.6875
BASE,0,0,primary,64,152,0,,2.793282144211273e-143,0.25,0.875
BASE,0,0,primary,65,154,0,,-1.302765517214053e-143,0.1875,0.875
BASE,0,0,primary,66,157,0,,-3.291916908634427e-143,0.25,0.8125
BASE,0,0,primary,67,159,0,,-1.477836729421842e-170,0.25,1
BASE,0,0,primary,68,161,0,,6.475047123893458e-171,0.1875,1
BASE,0,0,primary,69,164,0,,1.758886044761406e-170,0.25,0.9375
BASE,0,0,primary,70,166,0,,-4.911244622946817e-61,0.375,0
BASE,0,0,primary,71,168,0,,-1.920955056320739e-60,0.375,0.125
BASE,0,0,primary,72,170,0,,5.308746339010668e-61,0.3125,0
BASE,0,0,primary,73,173,0,,1.669068500191508e-60,0.3125,0.125
BASE,0,0,primary,74,176,0,,5.276993181784699e-61,0.375,0.0625
BASE,0,0,primary,75,178,0,,-2.426960849014527e-60,0.375,0.25
BASE,0,0,primary,76,180,0,,2.52581602163958e-60,0.3125,0.25
BASE,0,0,primary,77,183,0,,1.699813471301871e-60,0.375,0.1875
BASE,0,0,primary,78,185,0,,-7.601382550664092e-61,0.375,0.375
BASE,0,0,primary,79,187,0,,7.793153563779576e-61,0.3125,0.375
BASE,0,0,primary,80,190,0,,7.242162713782989e-61,0.375,0.3125
BASE,0,0,primary,81,192,0,,-3.397341282398249e-62,0.375,0.5
BASE,0,0,primary,82,194,0,,3.400498651956663e-62,0.3125,0.5
BASE,0,0,primary,83,197,0,,3.400498651956656e-62,0.375,0.4375
BASE,0,0,primary,84,199,0,,2.937511821228978e-89,0.375,0.625
BASE,0,0,primary,85,201,0,,-2.140770910683341e-89,0.3125,0.625
BASE,0,0,primary,86,204,0,,-3.23574157794708e-89,0.375,0.5625
BASE,0,0,primary,87,206,0,,-2.037987906094726e-116,0.375,0.75
BASE,0,0,primary,88,208,0,,1.315617268239517e-116,0.3125,0.75
BASE,0,0,primary,89,211,0,,2.280914580518486e-116,0.375,0.6875
BASE,0,0,primary,90,213,0,,1.296186470380103e-143,0.375,0.875
BASE,0,0,primary,91,215,0,,-7.556553060342551e-144,0.3125,0.875
BASE,0,0,primary,92,218,0,,-1.484775827364986e-143,0.375,0.8125
BASE,0,0,primary,93,220,0,,-7.822325198930422e-171,0.375,1
BASE,0,0,primary,94,222,0,,4.243321658327263e-171,0.3125,1
BASE,0,0,primary,95,225,0,,9.033820404591648e-171,0.375,0.9375
BASE,0,0,primary,96,227,0,,2.505235319374519e-88,0.5,0
BASE,0,0,primary,97,229,0,,9.008883172061679e-88,0.5,0.125
BASE,0,0,primary,98,231,0,,-2.536630228810509e-88,0.4375,0
BASE,0,0,primary,99,234,0,,-1.068811422979771e-87,0.4375,0.125
BASE,0,0,primary,100,237,0,,-1.814457463713367e-88,0.5,0.0625
BASE,0,0,primary,101,239,0,,1.064328742134972e-87,0.5,0.25
BASE,0,0,primary,102,241,0,,-1.334999213146582e-87,0.4375,0.25
BASE,0,0,primary,103,244,0,,-4.080293270973287e-88,0.5,0.1875
BASE,0,0,primary,104,246,0,,4.52301498179748e-88,0.5,0.375
BASE,0,0,primary,105,248,0,,-5.195098673028201e-88,0.4375,0.375
BASE,0,0,primary,106,251,0,,-2.543563027828203e-88,0.5,0.3125
BASE,0,0,primary,107,253,0,,6.897030334191999e-89,0.5,0.5
BASE,0,0,primary,108,255,0,,-6.521927298719602e-89,0.4375,0.5
BASE,0,0,primary,109,258,0,,-5.423187996277235e-89,0.5,0.4375
BASE,0,0,primary,110,260,0,,2.666269760464239e-90,0.5,0.625
BASE,0,0,primary,111,262,0,,-2.33416794323833e-90,0.4375,0.625
BASE,0,0,primary,112,265,0,,-2.334167943238349e-90,0.5,0.5625
BASE,0,0,primary,113,267,0,,-3.709396025377829e-117,0.5,0.75
BASE,0,0,primary,114,269,0,,3.06906232003981e-117,0.4375,0.75
BASE,0,0,primary,115,272,0,,3.555925581041866e-117,0.5,0.6875
BASE,0,0,primary,116,274,0,,3.361419768686906e-144,0.5,0.875
BASE,0,0,primary,117,276,0,,-2.400486304817906e-144,0.4375,0.875
BASE,0,0,primary,118,279,0,,-3.527312097173208e-144,0.5,0.8125
BASE,0,0,primary,119,281,0,,-2.553229070462764e-171,0.5,1
BASE,0,0,primary,120,283,0,,1.663474619806528e-171,0.4375,1
BASE,0,0,primary,121,286,0,,2.760558941193675e-171,0.5,0.9375
BASE,0,0,primary,122,288,0,,-1.403319451731467e-115,0.625,0
BASE,0,0,primary,123,290,0,,-4.413337214169144e-115,0.625,0.125
BASE,0,0,primary,124,292,0,,1.35303661807571e-115,0.5625,0
BASE,0,0,primary,125,295,0,,5.184425732185888e-115,0.5625,0.125
BASE,0,0,primary,126,298,0,,1.284451004852715e-115,0.625,0.0625
BASE,0,0,primary,127,300,0,,-5.054998461650774e-115,0.625,0.25
BASE,0,0,primary,128,302,0,,6.138166903636735e-115,0.5625,0.25
BASE,0,0,primary,129,305,0,,2.155148139605432e-115,0.625,0.1875
BASE,0,0,primary,130,307,0,,-2.673582688160133e-115,0.625,0.375
BASE,0,0,primary,131,309,0,,2.975520384764638e-115,0.5625,0.375
BASE,0,0,primary,132,312,0,,1.617303491837333e-115,0.625,0.3125
BASE,0,0,primary,133,314,0,,-7.197707408922519e-116,0.625,0.5
BASE,0,0,primary,134,316,0,,7.178557480001954e-116,0.5625,0.5
BASE,0,0,primary,135,319,0,,5.863184971418047e-116,0.625,0.4375
BASE,0,0,primary,136,321,0,,-9.10179944842818e-117,0.625,0.625
BASE,0,0,primary,137,323,0,,8.848742879581682e-117,0.5625,0.625
BASE,0,0,primary,138,326,0,,8.352804196754224e-117,0.625,0.5625
BASE,0,0,primary,139,328,0,,-3.212613780971359e-118,0.625,0.75
BASE,0,0,primary,140,330,0,,3.150351390871108e-118,0.5625,0.75
BASE,0,0,primary,141,333,0,,3.150351390871116e-118,0.625,0.6875
BASE,0,0,primary,142,335,0,,5.040756911185855e-145,0.625,0.875
BASE,0,0,primary,143,337,0,,-4.06004075235406e-145,0.5625,0.875
BASE,0,0,primary,144,340,0,,-5.258678390691838e-145,0.625,0.8125
BASE,0,0,primary,145,342,0,,-5.316035596575798e-172,0.625,1
BASE,0,0,primary,146,344,0,,3.946460908185013e-172,0.5625,1
BASE,0,0,primary,147,347,0,,5.523550321543499e-172,0.625,0.9375
BASE,0,0,primary,148,349,0,,7.003233223541542e-143,0.75,0
BASE,0,0,primary,149,351,0,,2.211744007598515e-142,0.75,0.125
BASE,0,0,primary,150,353,0,,-6.869432402978711e-143,0.6875,0
BASE,0,0,primary,151,356,0,,-2.725980569987059e-142,0.6875,0.125
BASE,0,0,primary,152,359,0,,-5.808769641590385e-143,0.75,0.0625
BASE,0,0,primary,153,361,0,,2.494962435514951e-142,0.75,0.25
BASE,0,0,primary,154,363,0,,-3.106542497250626e-142,0.6875,0.25
BASE,0,0,primary,155,366,0,,-9.249202481687793e-143,0.75,0.1875
BASE,0,0,primary,156,368,0,,1.506100279317871e-142,0.75,0.375
BASE,0,0,primary,157,370,0,,-1.778308002468472e-142,0.6875,0.375
BASE,0,0,primary,158,373,0,,-7.507178163500119e-143,0.75,0.3125
BASE,0,0,primary,159,375,0,,5.272835418603366e-143,0.75,0.5
BASE,0,0,primary,160,377,0,,-5.888083815111021e-143,0.6875,0.5
BASE,0,0,primary,161,380,0,,-3.340474955002838e-143,0.75,0.4375
BASE,0,0,primary,162,382,0,,1.018096614468467e-143,0.75,0.625
BASE,0,0,primary,163,384,0,,-1.095738801885218e-143,0.6875,0.625
BASE,0,0,primary,164,387,0,,-7.379448430969356e-144,0.75,0.5625
BASE,0,0,primary,165,389,0,,9.433084916066725e-145,0.75,0.75
BASE,0,0,primary,166,391,0,,-9.713456926362672e-145,0.6875,0.75
BASE,0,0,primary,167,394,0,,-8.510649479668878e-145,0.75,0.6875
BASE,0,0,primary,168,396,0,,2.782269750853492e-146,0.75,0.875
BASE,0,0,primary,169,398,0,,-2.577359921632655e-146,0.6875,0.875
BASE,0,0,primary,170,401,0,,-2.577359921632666e-146,0.75,0.8125
BASE,0,0,primary,171,403,0,,-6.029746847859379e-173,0.75,1
BASE,0,0,primary,172,405,0,,5.152496085880688e-173,0.6875,1
BASE,0,0,primary,173,408,0,,5.575626653861924e-173,0.75,0.9375
BASE,0,0,primary,174,410,0,,-3.609319813058483e-170,0.875,0
BASE,0,0,primary,175,412,0,,-1.115441339488927e-169,0.875,0.125
BASE,0,0,primary,176,414,0,,3.437800108115571e-170,0.8125,0
BASE,0,0,primary,177,417,0,,1.341032700559838e-169,0.8125,0.125
BASE,0,0,primary,178,420,0,,3.098625564815875e-170,0.875,0.0625
BASE,0,0,primary,179,422,0,,-1.262906063783577e-169,0.875,0.25
BASE,0,0,primary,180,424,0,,1.520215912359556e-169,0.8125,0.25
BASE,0,0,primary,181,427,0,,4.818916266171634e-170,0.875,0.1875
BASE,0,0,primary,182,429,0,,-8.394319650550972e-170,0.875,0.375
BASE,0,0,primary,183,431,0,,9.708234993544274e-170,0.8125,0.375
BASE,0,0,primary,184,434,0,,4.109711789843783e-170,0.875,0.3125
BASE,0,0,primary,185,436,0,,-3.518254395006796e-170,0.875,0.5
BASE,0,0,primary,186,438,0,,3.857345327493066e-170,0.8125,0.5
BASE,0,0,primary,187,441,0,,2.124478510301052e-170,0.875,0.4375
BASE,0,0,primary,188,443,0,,-9.120811613112203e-171,0.875,0.625
BASE,0,0,primary,189,445,0,,9.333253351105595e-171,0.8125,0.625
BASE,0,0,primary,190,448,0,,6.377239625244245e-171,0.875,0.5625
BASE,0,0,primary,191,450,0,,-1.402706109497401e-171,0.875,0.75
BASE,0,0,primary,192,452,0,,1.293187023511032e-171,0.8125,0.75
BASE,0,0,primary,193,455,0,,1.141680827527766e-171,0.875,0.6875
BASE,0,0,primary,194,457,0,,-1.047849916173698e-172,0.875,0.875
BASE,0,0,primary,195,459,0,,7.699752860533161e-173,0.8125,0.875
BASE,0,0,primary,196,462,0,,7.267662640259088e-173,0.875,0.8125
BASE,0,0,primary,197,464,0,,-3.15044736138505e-174,0.875,1
BASE,0,0,primary,198,466,0,,2.633116964785343e-174,0.8125,1
BASE,0,0,primary,199,469,0,,2.633116964785361e-174,0.875,0.9375
BASE,0,0,primary,200,471,0,,1.826781372460203e-197,1,0
BASE,0,0,primary,201,473,0,,5.682323838759834e-197,1,0.125
BASE,0,0,primary,202,475,0,,-1.79409341509241e-197,0.9375,0
BASE,0,0,primary,203,478,0,,-6.992644286400452e-197,0.9375,0.125
BASE,0,0,primary,204,481,0,,-1.558428682359733e-197,1,0.0625
BASE,0,0,primary,205,483,0,,6.497309862156758e-197,1,0.25
BASE,0,0,primary,206,485,0,,-7.949594725263951e-197,0.9375,0.25
BASE,0,0,primary,207,488,0,,-2.411086542957962e-197,1,0.1875
BASE,0,0,primary,208,490,0,,4.640057556670882e-197,1,0.375
BASE,0,0,primary,209,492,0,,-5.545974920608676e-197,0.9375,0.375
BASE,0,0,primary,210,495,0,,-2.144969974361716e-197,1,0.3125
BASE,0,0,primary,211,497,0,,2.210438846867151e-197,1,0.5
BASE,0,0,primary,212,499,0,,-2.564523489790519e-197,0.9375,0.5
BASE,0,0,primary,213,502,0,,-1.233584157572944e-197,1,0.4375
BASE,0,0,primary,214,504,0,,7.025243511059929e-198,1,0.625
BASE,0,0,primary,215,506,0,,-7.915559270765059e-198,0.9375,0.625
BASE,0,0,primary,216,509,0,,-4.55873498709385e-198,1,0.5625
BASE,0,0,primary,217,511,0,,1.475034313887073e-198,1,0.75
BASE,0,0,primary,218,513,0,,-1.640068041786836e-198,0.9375,0.75
BASE,0,0,primary,219,516,0,,-1.13341958767571e-198,1,0.6875
BASE,0,0,primary,220,518,0,,1.891451238881235e-199,1,0.875
BASE,0,0,primary,221,520,0,,-2.192365799762776e-199,0.9375,0.875
BASE,0,0,primary,222,523,0,,-1.632669454382046e-199,1,0.8125
BASE,0,0,primary,223,525,0,,1.506678926022453e-200,1,1
BASE,0,0,primary,224,527,0,,-2.116939936032455e-200,0.9375,1
BASE,0,0,primary,225,530,0,,-2.05841986944797e-200,1,0.9375
S1_PLUS,1,532,secondary,1,532,1e-06,-0.0001004463322778922,-8.31498098061523e-06,0.1248499974608421,0.1799499988555908
S1_PLUS,1,532,secondary,2,535,1e-06,-9.99156830670973e-05,-8.32649369097589e-06,0.124949999153614,0.1799499988555908
S1_PLUS,1,532,secondary,3,536,1e-06,-9.991568306708065e-05,-8.326493690976432e-06,0.1248499974608421,0.1800500005483627
S1_PLUS,1,532,secondary,4,539,1e-06,-9.997195570307409e-05,-8.324547617666649e-06,0.124949999153614,0.1800500005483627
S1_PLUS,1,532,secondary,5,543,1e-06,-9.992003734738534e-05,3.330903619639266e-05,0.1248999983072281,0.1799499988555908
S1_PLUS,1,532,secondary,6,547,1e-06,-9.986890214366401e-05,3.329845198175142e-05,0.1248999983072281,0.1800500005483627
S1_PLUS,1,532,secondary,7,548,1e-06,-9.992003734736955e-05,3.330903619638611e-05,0.1248499974608421,0.1800000071525574
S1_PLUS,1,532,secondary,8,551,1e-06,-9.986890214370869e-05,3.329845198175526e-05,0.124949999153614,0.1800000071525574
S1_PLUS,1,532,primary,1,2,1e-06,,-4.034044279959328e-34,0,0
S1_PLUS,1,532,primary,2,3,1e-06,,-1.325799577761067e-33,0.125,0
S1_PLUS,1,532,primary,3,6,1e-06,,-8.423047251524691e-08,0,0.125
S1_PLUS,1,532,primary,4,7,1e-06,,6.6199829367312e-06,0.125,0.125
S1_PLUS,1,532,primary,5,10,1e-06,,3.688283990458364e-34,0.0625,0
S1_PLUS,1,532,primary,6,14,1e-06,,1.792242984550953e-07,0.0625,0.125
S1_PLUS,1,532,primary,7,18,1e-06,,3.703531946481648e-34,0,0.0625
S1_PLUS,1,532,primary,8,19,1e-06,,2.183653784886573e-33,0.125,0.0625
S1_PLUS,1,532,primary,9,22,1e-06,,-7.463713537796707e-08,0,0.25
S1_PLUS,1,532,primary,10,23,1e-06,,-5.342183229509075e-06,0.125,0.25
S1_PLUS,1,532,primary,11,26,1e-06,,1.408174791126633e-07,0.0625,0.25
S1_PLUS,1,532,primary,12,30,1e-06,,7.89268890697968e-08,0,0.1875
S1_PLUS,1,532,primary,13,31,1e-06,,9.840455961008478e-05,0.125,0.1875
S1_PLUS,1,532,primary,14,34,1e-06,,3.565869372734523e-34,0,0.375
S1_PLUS,1,532,primary,15,35,1e-06,,1.095623761383253e-33,0.125,0.375
S1_PLUS,1,532,primary,16,38,1e-06,,-3.232538256149099e-34,0.0625,0.375
S1_PLUS,1,532,primary,17,42,1e-06,,-3.229890632481481e-34,0,0.3125
S1_PLUS,1,532,primary,18,43,1e-06,,-1.771229899539767e-33,0.125,0.3125
S1_PLUS,1,532,primary,19,46,1e-06,,-3.922046387364782e-62,0,0.5
S1_PLUS,1,532,primary,20,47,1e-06,,-1.479361643357426e-61,0.125,0.5
S1_PLUS,1,532,primary,21,50,1e-06,,3.346435689582776e-62,0.0625,0.5
S1_PLUS,1,532,primary,22,54,1e-06,,3.343455667184083e-62,0,0.4375
S1_PLUS,1,532,primary,23,55,1e-06,,2.441809195234015e-61,0.125,0.4375
S1_PLUS,1,532,primary,24,58,1e-06,,5.827540179056231e-90,0,0.625
S1_PLUS,1,532,primary,25,59,1e-06,,2.272485807717405e-89,0.125,0.625
S1_PLUS,1,532,primary,26,62,1e-06,,-4.919444651241316e-90,0.0625,0.625
S1_PLUS,1,532,primary,27,66,1e-06,,-4.906003383453683e-90,0,0.5625
S1_PLUS,1,532,primary,28,67,1e-06,,-3.740069275983731e-89,0.125,0.5625
S1_PLUS,1,532,primary,29,70,1e-06,,-9.007283390270208e-118,0,0.75
S1_PLUS,1,532,primary,30,71,1e-06,,-3.591563647576266e-117,0.125,0.75
S1_PLUS,1,532,primary,31,74,1e-06,,7.544103497630373e-118,0.0625,0.75
S1_PLUS,1,532,primary,32,78,1e-06,,7.497409524259414e-118,0,0.6875
S1_PLUS,1,532,primary,33,79,1e-06,,5.92322221609706e-117,0.125,0.6875
S1_PLUS,1,532,primary,34,82,1e-06,,-2.967192483804025e-144,0,0.875
S1_PLUS,1,532,primary,35,83,1e-06,,-5.789998046755193e-144,0.125,0.875
S1_PLUS,1,532,primary,36,86,1e-06,,2.422890330389523e-144,0.0625,0.875
S1_PLUS,1,532,primary,37,90,1e-06,,3.100154980302677e-144,0,0.8125
S1_PLUS,1,532,primary,38,91,1e-06,,5.856335676829288e-144,0.125,0.8125
S1_PLUS,1,532,primary,39,94,1e-06,,5.791449056444304e-171,0,1
S1_PLUS,1,532,primary,40,95,1e-06,,1.280158906465268e-170,0.125,1
S1_PLUS,1,532,primary,41,98,1e-06,,-4.754618590740088e-171,0.0625,1
S1_PLUS,1,532,primary,42,102,1e-06,,-5.940575352751826e-171,0,0.9375
S1_PLUS,1,532,primary,43,103,1e-06,,-1.405235326944566e-170,0.125,0.9375
S1_PLUS,1,532,primary,44,105,1e-06,,-4.223686178975698e-34,0.25,0
S1_PLUS,1,532,primary,45,107,1e-06,,4.716090373732797e-33,0.25,0.125
S1_PLUS,1,532,primary,46,109,1e-06,,3.846470875114044e-34,0.1875,0
S1_PLUS,1,532,primary,47,112,1e-06,,1.707972581521399e-33,0.1875,0.125
S1_PLUS,1,532,primary,48,115,1e-06,,3.846188997891815e-34,0.25,0.0625
S1_PLUS,1,532,primary,49,117,1e-06,,6.376439639627469e-33,0.25,0.25
S1_PLUS,1,532,primary,50,119,1e-06,,-1.550542716850248e-33,0.1875,0.25
S1_PLUS,1,532,primary,51,122,1e-06,,-5.892393740166308e-33,0.25,0.1875
S1_PLUS,1,532,primary,52,124,1e-06,,3.408518921419231e-34,0.25,0.375
S1_PLUS,1,532,primary,53,126,1e-06,,-3.104212641440244e-34,0.1875,0.375
S1_PLUS,1,532,primary,54,129,1e-06,,-3.104212583164239e-34,0.25,0.3125
S1_PLUS,1,532,primary,55,131,1e-06,,-3.930364471935594e-62,0.25,0.5
S1_PLUS,1,532,primary,56,133,1e-06,,3.364953133331764e-62,0.1875,0.5
S1_PLUS,1,532,primary,57,136,1e-06,,3.367640308552e-62,0.25,0.4375
S1_PLUS,1,532,primary,58,138,1e-06,,5.842160011700552e-90,0.25,0.625
S1_PLUS,1,532,primary,59,140,1e-06,,-4.955984593206124e-90,0.1875,0.625
S1_PLUS,1,532,primary,60,143,1e-06,,-4.950007873775702e-90,0.25,0.5625
S1_PLUS,1,532,primary,61,145,1e-06,,-8.921620264577882e-118,0.25,0.75
S1_PLUS,1,532,primary,62,147,1e-06,,7.567254580660158e-118,0.1875,0.75
S1_PLUS,1,532,primary,63,150,1e-06,,7.433344778876378e-118,0.25,0.6875
S1_PLUS,1,532,primary,64,152,1e-06,,-5.519483487534448e-144,0.25,0.875
S1_PLUS,1,532,primary,65,154,1e-06,,2.410360568724508e-144,0.1875,0.875
S1_PLUS,1,532,primary,66,157,1e-06,,5.984053263854006e-144,0.25,0.8125
S1_PLUS,1,532,primary,67,159,1e-06,,1.228088171042205e-170,0.25,1
S1_PLUS,1,532,primary,68,161,1e-06,,-5.197529383307668e-171,0.1875,1
S1_PLUS,1,532,primary,69,164,1e-06,,-1.359524024127488e-170,0.25,0.9375
S1_PLUS,1,532,primary,70,166,1e-06,,-6.111894958366873e-61,0.375,0
S1_PLUS,1,532,primary,71,168,1e-06,,-1.170132587096469e-60,0.375,0.125
S1_PLUS,1,532,primary,72,170,1e-06,,6.384593877992652e-61,0.3125,0
S1_PLUS,1,532,primary,73,173,1e-06,,1.37204110444653e-60,0.3125,0.125
S1_PLUS,1,532,primary,74,176,1e-06,,6.364553734279395e-61,0.375,0.0625
S1_PLUS,1,532,primary,75,178,1e-06,,-7.623479231450897e-61,0.375,0.25
S1_PLUS,1,532,primary,76,180,1e-06,,8.923110927265995e-61,0.3125,0.25
S1_PLUS,1,532,primary,77,183,1e-06,,6.763544986868804e-61,0.375,0.1875
S1_PLUS,1,532,primary,78,185,1e-06,,-3.930364473125135e-62,0.375,0.375
S1_PLUS,1,532,primary,79,187,1e-06,,3.367640200444524e-62,0.3125,0.375
S1_PLUS,1,532,primary,80,190,1e-06,,3.364953099890287e-62,0.375,0.3125
S1_PLUS,1,532,primary,81,192,1e-06,,-1.975109043769077e-74,0.375,0.5
S1_PLUS,1,532,primary,82,194,1e-06,,1.97591136226544e-74,0.3125,0.5
S1_PLUS,1,532,primary,83,197,1e-06,,1.975731210104042e-74,0.375,0.4375
S1_PLUS,1,532,primary,84,199,1e-06,,-2.305169169305375e-93,0.375,0.625
S1_PLUS,1,532,primary,85,201,1e-06,,1.555948482417693e-93,0.3125,0.625
S1_PLUS,1,532,primary,86,204,1e-06,,2.637463827768584e-93,0.375,0.5625
S1_PLUS,1,532,primary,87,206,1e-06,,1.142520135384764e-119,0.375,0.75
S1_PLUS,1,532,primary,88,208,1e-06,,-6.990644037779446e-120,0.3125,0.75
S1_PLUS,1,532,primary,89,211,1e-06,,-1.284928492357112e-119,0.375,0.6875
S1_PLUS,1,532,primary,90,213,1e-06,,-3.82628632321752e-144,0.375,0.875
S1_PLUS,1,532,primary,91,215,1e-06,,2.009341358745255e-144,0.3125,0.875
S1_PLUS,1,532,primary,92,218,1e-06,,4.295409337703819e-144,0.375,0.8125
S1_PLUS,1,532,primary,93,220,1e-06,,8.760261472735383e-171,0.375,1
S1_PLUS,1,532,primary,94,222,1e-06,,-4.363028637990411e-171,0.3125,1
S1_PLUS,1,532,primary,95,225,1e-06,,-9.867817326889453e-171,0.375,0.9375
S1_PLUS,1,532,primary,96,227,1e-06,,3.670358099227983e-89,0.5,0
S1_PLUS,1,532,primary,97,229,1e-06,,1.819786583566643e-88,0.5,0.125
S1_PLUS,1,532,primary,98,231,1e-06,,-2.694479888000209e-89,0.4375,0
S1_PLUS,1,532,primary,99,234,1e-06,,-3.128350218881085e-88,0.4375,0.125
S1_PLUS,1,532,primary,100,237,1e-06,,-2.747999470423322e-89,0.5,0.0625
S1_PLUS,1,532,primary,101,239,1e-06,,6.019307563754273e-89,0.5,0.25
S1_PLUS,1,532,primary,102,241,1e-06,,-6.669021739321052e-89,0.4375,0.25
S1_PLUS,1,532,primary,103,244,1e-06,,-3.391731837622969e-89,0.5,0.1875
S1_PLUS,1,532,primary,104,246,1e-06,,5.827968229474529e-90,0.5,0.375
S1_PLUS,1,532,primary,105,248,1e-06,,-4.931589083167996e-90,0.4375,0.375
S1_PLUS,1,532,primary,106,251,1e-06,,-4.94894024732426e-90,0.5,0.3125
S1_PLUS,1,532,primary,107,253,1e-06,,-4.362928625289851e-93,0.5,0.5
S1_PLUS,1,532,primary,108,255,1e-06,,4.421190007321409e-93,0.4375,0.5
S1_PLUS,1,532,primary,109,258,1e-06,,3.336765494489178e-93,0.5,0.4375
S1_PLUS,1,532,primary,110,260,1e-06,,-2.633354414024776e-94,0.5,0.625
S1_PLUS,1,532,primary,111,262,1e-06,,2.35713419916723e-94,0.4375,0.625
S1_PLUS,1,532,primary,112,265,1e-06,,2.35714155168273e-94,0.5,0.5625
S1_PLUS,1,532,primary,113,267,1e-06,,2.667809490317775e-120,0.5,0.75
S1_PLUS,1,532,primary,114,269,1e-06,,-2.012283377481235e-120,0.4375,0.75
S1_PLUS,1,532,primary,115,272,1e-06,,-3.074247669584387e-120,0.5,0.6875
S1_PLUS,1,532,primary,116,274,1e-06,,-1.525250528324432e-144,0.5,0.875
S1_PLUS,1,532,primary,117,276,1e-06,,9.956590467708558e-145,0.4375,0.875
S1_PLUS,1,532,primary,118,279,1e-06,,1.642346287359913e-144,0.5,0.8125
S1_PLUS,1,532,primary,119,281,1e-06,,4.036494381675239e-171,0.5,1
S1_PLUS,1,532,primary,120,283,1e-06,,-2.417524464486751e-171,0.4375,1
S1_PLUS,1,532,primary,121,286,1e-06,,-4.404066139162845e-171,0.5,0.9375
S1_PLUS,1,532,primary,122,288,1e-06,,-8.027380521701698e-117,0.625,0
S1_PLUS,1,532,primary,123,290,1e-06,,-2.986574683346339e-116,0.625,0.125
S1_PLUS,1,532,primary,124,292,1e-06,,6.908841398170884e-117,0.5625,0
S1_PLUS,1,532,primary,125,295,1e-06,,4.675325119607743e-116,0.5625,0.125
S1_PLUS,1,532,primary,126,298,1e-06,,6.862140144759506e-117,0.625,0.0625
S1_PLUS,1,532,primary,127,300,1e-06,,-1.15322826834764e-116,0.625,0.25
S1_PLUS,1,532,primary,128,302,1e-06,,1.278161990379288e-116,0.5625,0.25
S1_PLUS,1,532,primary,129,305,1e-06,,7.666676700698986e-117,0.625,0.1875
S1_PLUS,1,532,primary,130,307,1e-06,,-7.701344755344691e-118,0.625,0.375
S1_PLUS,1,532,primary,131,309,1e-06,,5.68413859468879e-118,0.5625,0.375
S1_PLUS,1,532,primary,132,312,1e-06,,6.660838174525637e-118,0.625,0.3125
S1_PLUS,1,532,primary,133,314,1e-06,,5.428575852777551e-119,0.625,0.5
S1_PLUS,1,532,primary,134,316,1e-06,,-7.760595921232145e-119,0.5625,0.5
S1_PLUS,1,532,primary,135,319,1e-06,,-4.867637589972623e-119,0.625,0.4375
S1_PLUS,1,532,primary,136,321,1e-06,,1.297665815070743e-119,0.625,0.625
S1_PLUS,1,532,primary,137,323,1e-06,,-2.139970678295944e-119,0.5625,0.625
S1_PLUS,1,532,primary,138,326,1e-06,,-2.08578658250922e-119,0.625,0.5625
S1_PLUS,1,532,primary,139,328,1e-06,,4.994301376727653e-121,0.625,0.75
S1_PLUS,1,532,primary,140,330,1e-06,,-8.176666538818766e-121,0.5625,0.75
S1_PLUS,1,532,primary,141,333,1e-06,,-8.176565003399294e-121,0.625,0.6875
S1_PLUS,1,532,primary,142,335,1e-06,,-3.516481346384409e-145,0.625,0.875
S1_PLUS,1,532,primary,143,337,1e-06,,2.648331667764812e-145,0.5625,0.875
S1_PLUS,1,532,primary,144,340,1e-06,,3.843607535243032e-145,0.625,0.8125
S1_PLUS,1,532,primary,145,342,1e-06,,1.178357335956966e-171,0.625,1
S1_PLUS,1,532,primary,146,344,1e-06,,-8.220685250476528e-172,0.5625,1
S1_PLUS,1,532,primary,147,347,1e-06,,-1.250759477771655e-171,0.625,0.9375
S1_PLUS,1,532,primary,148,349,1e-06,,4.925486344210204e-144,0.75,0
S1_PLUS,1,532,primary,149,351,1e-06,,5.632733543427361e-144,0.75,0.125
S1_PLUS,1,532,primary,150,353,1e-06,,-4.825962309872345e-144,0.6875,0
S1_PLUS,1,532,primary,151,356,1e-06,,-1.212212144689041e-143,0.6875,0.125
S1_PLUS,1,532,primary,152,359,1e-06,,-4.046822953365513e-144,0.75,0.0625
S1_PLUS,1,532,primary,153,361,1e-06,,-1.98689377536101e-143,0.75,0.25
S1_PLUS,1,532,primary,154,363,1e-06,,1.997827794458546e-143,0.6875,0.25
S1_PLUS,1,532,primary,155,366,1e-06,,2.945012505006744e-144,0.75,0.1875
S1_PLUS,1,532,primary,156,368,1e-06,,-3.273268316205464e-143,0.75,0.375
S1_PLUS,1,532,primary,157,370,1e-06,,3.69887350518359e-143,0.6875,0.375
S1_PLUS,1,532,primary,158,373,1e-06,,1.313975282702442e-143,0.75,0.3125
S1_PLUS,1,532,primary,159,375,1e-06,,-2.060665201325985e-143,0.75,0.5
S1_PLUS,1,532,primary,160,377,1e-06,,2.320714347868865e-143,0.6875,0.5
S1_PLUS,1,532,primary,161,380,1e-06,,1.180433261379649e-143,0.75,0.4375
S1_PLUS,1,532,primary,162,382,1e-06,,-6.425848770280895e-144,0.75,0.625
S1_PLUS,1,532,primary,163,384,1e-06,,7.396295579602898e-144,0.6875,0.625
S1_PLUS,1,532,primary,164,387,1e-06,,4.313876210766024e-144,0.75,0.5625
S1_PLUS,1,532,primary,165,389,1e-06,,-7.876363918131437e-145,0.75,0.75
S1_PLUS,1,532,primary,166,391,1e-06,,8.183742410826888e-145,0.6875,0.75
S1_PLUS,1,532,primary,167,394,1e-06,,6.985771368508004e-145,0.75,0.6875
S1_PLUS,1,532,primary,168,396,1e-06,,-2.769566236865541e-146,0.75,0.875
S1_PLUS,1,532,primary,169,398,1e-06,,2.52967900079532e-146,0.6875,0.875
S1_PLUS,1,532,primary,170,401,1e-06,,2.529678510055703e-146,0.75,0.8125
S1_PLUS,1,532,primary,171,403,1e-06,,1.79855003297068e-172,0.75,1
S1_PLUS,1,532,primary,172,405,1e-06,,-1.491431485098201e-172,0.6875,1
S1_PLUS,1,532,primary,173,408,1e-06,,-1.663283206464658e-172,0.75,0.9375
S1_PLUS,1,532,primary,174,410,1e-06,,5.883444299357518e-171,0.875,0
S1_PLUS,1,532,primary,175,412,1e-06,,2.173526736427604e-170,0.875,0.125
S1_PLUS,1,532,primary,176,414,1e-06,,-6.129020258263001e-171,0.8125,0
S1_PLUS,1,532,primary,177,417,1e-06,,-1.838782405518826e-170,0.8125,0.125
S1_PLUS,1,532,primary,178,420,1e-06,,-4.854696874060765e-171,0.875,0.0625
S1_PLUS,1,532,primary,179,422,1e-06,,5.470193495057054e-170,0.875,0.25
S1_PLUS,1,532,primary,180,424,1e-06,,-5.869181487161159e-170,0.8125,0.25
S1_PLUS,1,532,primary,181,427,1e-06,,-1.496880795136616e-170,0.875,0.1875
S1_PLUS,1,532,primary,182,429,1e-06,,6.922708174493438e-170,0.875,0.375
S1_PLUS,1,532,primary,183,431,1e-06,,-7.745829249503856e-170,0.8125,0.375
S1_PLUS,1,532,primary,184,434,1e-06,,-2.768142235121315e-170,0.875,0.3125
S1_PLUS,1,532,primary,185,436,1e-06,,4.706967203582373e-170,0.875,0.5
S1_PLUS,1,532,primary,186,438,1e-06,,-5.170705344609041e-170,0.8125,0.5
S1_PLUS,1,532,primary,187,441,1e-06,,-2.51318837996048e-170,0.875,0.4375
S1_PLUS,1,532,primary,188,443,1e-06,,1.804699640521417e-170,0.875,0.625
S1_PLUS,1,532,primary,189,445,1e-06,,-1.882572818679377e-170,0.8125,0.625
S1_PLUS,1,532,primary,190,448,1e-06,,-1.169730418798374e-170,0.875,0.5625
S1_PLUS,1,532,primary,191,450,1e-06,,3.705607842395267e-171,0.875,0.75
S1_PLUS,1,532,primary,192,452,1e-06,,-3.328873939030488e-171,0.8125,0.75
S1_PLUS,1,532,primary,193,455,1e-06,,-2.921775029675896e-171,0.875,0.6875
S1_PLUS,1,532,primary,194,457,1e-06,,3.602767020591234e-172,0.875,0.875
S1_PLUS,1,532,primary,195,459,1e-06,,-2.575303548989284e-172,0.8125,0.875
S1_PLUS,1,532,primary,196,462,1e-06,,-2.400407965474853e-172,0.875,0.8125
S1_PLUS,1,532,primary,197,464,1e-06,,1.27034923479598e-173,0.875,1
S1_PLUS,1,532,primary,198,466,1e-06,,-1.078493752558099e-173,0.8125,1
S1_PLUS,1,532,primary,199,469,1e-06,,-1.078493612786803e-173,0.875,0.9375
S1_PLUS,1,532,primary,200,471,1e-06,,-1.661252321535353e-197,1,0
S1_PLUS,1,532,primary,201,473,1e-06,,-4.758555760083374e-197,1,0.125
S1_PLUS,1,532,primary,202,475,1e-06,,1.761834793375751e-197,0.9375,0
S1_PLUS,1,532,primary,203,478,1e-06,,4.953328919038863e-197,0.9375,0.125
S1_PLUS,1,532,primary,204,481,1e-06,,1.376426307534863e-197,1,0.0625
S1_PLUS,1,532,primary,205,483,1e-06,,-8.109787506104238e-197,1,0.25
S1_PLUS,1,532,primary,206,485,1e-06,,9.093943407064342e-197,0.9375,0.25
S1_PLUS,1,532,primary,207,488,1e-06,,2.532148357330546e-197,1,0.1875
S1_PLUS,1,532,primary,208,490,1e-06,,-9.332619225053773e-197,1,0.375
S1_PLUS,1,532,primary,209,492,1e-06,,1.076874106294793e-196,0.9375,0.375
S1_PLUS,1,532,primary,210,495,1e-06,,3.716833160082733e-197,1,0.3125
S1_PLUS,1,532,primary,211,497,1e-06,,-6.703818332527113e-197,1,0.5
S1_PLUS,1,532,primary,212,499,1e-06,,7.743005101780006e-197,0.9375,0.5
S1_PLUS,1,532,primary,213,502,1e-06,,3.370141403368875e-197,1,0.4375
S1_PLUS,1,532,primary,214,504,1e-06,,-3.013933948710896e-197,1,0.625
S1_PLUS,1,532,primary,215,506,1e-06,,3.450117083656206e-197,0.9375,0.625
S1_PLUS,1,532,primary,216,509,1e-06,,1.823234813975136e-197,1,0.5625
S1_PLUS,1,532,primary,217,511,1e-06,,-8.399199480323009e-198,1,0.75
S1_PLUS,1,532,primary,218,513,1e-06,,9.563968697068433e-198,0.9375,0.75
S1_PLUS,1,532,primary,219,516,1e-06,,6.174386842572022e-198,1,0.6875
S1_PLUS,1,532,primary,220,518,1e-06,,-1.395053350960384e-198,1,0.875
S1_PLUS,1,532,primary,221,520,1e-06,,1.699404596668977e-198,0.9375,0.875
S1_PLUS,1,532,primary,222,523,1e-06,,1.188876336271627e-198,1,0.8125
S1_PLUS,1,532,primary,223,525,1e-06,,-1.350136842083484e-199,1,1
S1_PLUS,1,532,primary,224,527,1e-06,,1.953150456019193e-199,0.9375,1
S1_PLUS,1,532,primary,225,530,1e-06,,1.895971601715219e-199,1,0.9375
S1_MINUS,1,532,secondary,1,532,-1e-06,-9.963553052428857e-05,-8.351082853311812e-06,0.1248499974608421,0.1799499988555908
S1_MINUS,1,532,secondary,2,535,-1e-06,-0.0001000901000150081,-8.341220052712516e-06,0.124949999153614,0.1799499988555908
S1_MINUS,1,532,secondary,3,536,-1e-06,-0.000100090100015027,-8.341220052711987e-06,0.1248499974608421,0.1800500005483627
S1_MINUS,1,532,secondary,4,539,-1e-06,-0.000100030408101804,-8.343149849408801e-06,0.124949999153614,0.1800500005483627
S1_MINUS,1,532,secondary,5,543,-1e-06,-0.0001000941057368661,3.336210179856026e-05,0.1248999983072281,0.1799499988555908
S1_MINUS,1,532,secondary,6,547,-1e-06,-0.0001001350865472212,3.337077755335799e-05,0.1248999983072281,0.1800500005483627
S1_MINUS,1,532,secondary,7,548,-1e-06,-0.0001000941057368651,3.336210179855579e-05,0.1248499974608421,0.1800000071525574
S1_MINUS,1,532,secondary,8,551,-1e-06,-0.0001001350865472357,3.337077755335916e-05,0.124949999153614,0.1800000071525574
S1_MINUS,1,532,primary,1,2,-1e-06,,-4.041743060976777e-34,0,0
S1_MINUS,1,532,primary,2,3,-1e-06,,-1.328127334638908e-33,0.125,0
S1_MINUS,1,532,primary,3,6,-1e-06,,-8.407502563938486e-08,0,0.125
S1_MINUS,1,532,primary,4,7,-1e-06,,6.631006794913697e-06,0.125,0.125
S1_MINUS,1,532,primary,5,10,-1e-06,,3.6958036871195e-34,0.0625,0
S1_MINUS,1,532,primary,6,14,-1e-06,,1.788923945315612e-07,0.0625,0.125
S1_MINUS,1,532,primary,7,18,-1e-06,,3.711048839987262e-34,0,0.0625
S1_MINUS,1,532,primary,8,19,-1e-06,,2.18766692952969e-33,0.125,0.0625
S1_MINUS,1,532,primary,9,22,-1e-06,,-7.450016547462238e-08,0,0.25
S1_MINUS,1,532,primary,10,23,-1e-06,,-5.350647343428852e-06,0.125,0.25
S1_MINUS,1,532,primary,11,26,-1e-06,,1.405598546095042e-07,0.0625,0.25
S1_MINUS,1,532,primary,12,30,-1e-06,,7.878109056867029e-08,0,0.1875
S1_MINUS,1,532,primary,13,31,-1e-06,,9.856906829560753e-05,0.125,0.1875
S1_MINUS,1,532,primary,14,34,-1e-06,,3.570986904502825e-34,0,0.375
S1_MINUS,1,532,primary,15,35,-1e-06,,1.097270889541654e-33,0.125,0.375
S1_MINUS,1,532,primary,16,38,-1e-06,,-3.237494515928922e-34,0.0625,0.375
S1_MINUS,1,532,primary,17,42,-1e-06,,-3.234305376746615e-34,0,0.3125
S1_MINUS,1,532,primary,18,43,-1e-06,,-1.773736445962926e-33,0.125,0.3125
S1_MINUS,1,532,primary,19,46,-1e-06,,-3.923509068246794e-62,0,0.5
S1_MINUS,1,532,primary,20,47,-1e-06,,-1.480534279000731e-61,0.125,0.5
S1_MINUS,1,532,primary,21,50,-1e-06,,3.347112816973768e-62,0.0625,0.5
S1_MINUS,1,532,primary,22,54,-1e-06,,3.344745759267133e-62,0,0.4375
S1_MINUS,1,532,primary,23,55,-1e-06,,2.443721233360183e-61,0.125,0.4375
S1_MINUS,1,532,primary,24,58,-1e-06,,5.76198052803375e-90,0,0.625
S1_MINUS,1,532,primary,25,59,-1e-06,,2.257942124524429e-89,0.125,0.625
S1_MINUS,1,532,primary,26,62,-1e-06,,-4.866718199715526e-90,0.0625,0.625
S1_MINUS,1,532,primary,27,66,-1e-06,,-4.847478397820256e-90,0,0.5625
S1_MINUS,1,532,primary,28,67,-1e-06,,-3.72434202542142e-89,0.125,0.5625
S1_MINUS,1,532,primary,29,70,-1e-06,,-8.468537073989594e-118,0,0.75
S1_MINUS,1,532,primary,30,71,-1e-06,,-3.458536659150513e-117,0.125,0.75
S1_MINUS,1,532,primary,31,74,-1e-06,,7.137564825886191e-118,0.0625,0.75
S1_MINUS,1,532,primary,32,78,-1e-06,,6.926840987447754e-118,0,0.6875
S1_MINUS,1,532,primary,33,79,-1e-06,,5.770429451277259e-117,0.125,0.6875
S1_MINUS,1,532,primary,34,82,-1e-06,,1.004524720956999e-145,0,0.875
S1_MINUS,1,532,primary,35,83,-1e-06,,4.664261261111138e-145,0.125,0.875
S1_MINUS,1,532,primary,36,86,-1e-06,,-9.305275784675453e-146,0.0625,0.875
S1_MINUS,1,532,primary,37,90,-1e-06,,-6.977728041361424e-146,0,0.8125
S1_MINUS,1,532,primary,38,91,-1e-06,,-8.313272568044095e-145,0.125,0.8125
S1_MINUS,1,532,primary,39,94,-1e-06,,7.025512161923285e-174,0,1
S1_MINUS,1,532,primary,40,95,-1e-06,,-1.672982665376931e-173,0.125,1
S1_MINUS,1,532,primary,41,98,-1e-06,,8.281056860949793e-175,0.0625,1
S1_MINUS,1,532,primary,42,102,-1e-06,,-2.309069190502558e-173,0,0.9375
S1_MINUS,1,532,primary,43,103,-1e-06,,6.793608040094007e-173,0.125,0.9375
S1_MINUS,1,532,primary,44,105,-1e-06,,-4.23072131262107e-34,0.25,0
S1_MINUS,1,532,primary,45,107,-1e-06,,4.725192298755847e-33,0.25,0.125
S1_MINUS,1,532,primary,46,109,-1e-06,,3.852599994648222e-34,0.1875,0
S1_MINUS,1,532,primary,47,112,-1e-06,,1.710508563550924e-33,0.1875,0.125
S1_MINUS,1,532,primary,48,115,-1e-06,,3.85288085238456e-34,0.25,0.0625
S1_MINUS,1,532,primary,49,117,-1e-06,,6.389678332503367e-33,0.25,0.25
S1_MINUS,1,532,primary,50,119,-1e-06,,-1.557323091294956e-33,0.1875,0.25
S1_MINUS,1,532,primary,51,122,-1e-06,,-5.905053248734377e-33,0.25,0.1875
S1_MINUS,1,532,primary,52,124,-1e-06,,3.413730223586426e-34,0.25,0.375
S1_MINUS,1,532,primary,53,126,-1e-06,,-3.108521458908468e-34,0.1875,0.375
S1_MINUS,1,532,primary,54,129,-1e-06,,-3.108521515860743e-34,0.25,0.3125
S1_MINUS,1,532,primary,55,131,-1e-06,,-3.930408287105066e-62,0.25,0.5
S1_MINUS,1,532,primary,56,133,-1e-06,,3.36381774807307e-62,0.1875,0.5
S1_MINUS,1,532,primary,57,136,-1e-06,,3.364837862748233e-62,0.25,0.4375
S1_MINUS,1,532,primary,58,138,-1e-06,,5.724187663249279e-90,0.25,0.625
S1_MINUS,1,532,primary,59,140,-1e-06,,-4.894592432038356e-90,0.1875,0.625
S1_MINUS,1,532,primary,60,143,-1e-06,,-4.821711181999479e-90,0.25,0.5625
S1_MINUS,1,532,primary,61,145,-1e-06,,-7.850651553465075e-118,0.25,0.75
S1_MINUS,1,532,primary,62,147,-1e-06,,7.092860679016852e-118,0.1875,0.75
S1_MINUS,1,532,primary,63,150,-1e-06,,6.251536254817824e-118,0.25,0.6875
S1_MINUS,1,532,primary,64,152,-1e-06,,4.845081111885554e-146,0.25,0.875
S1_MINUS,1,532,primary,65,154,-1e-06,,-8.839027996137549e-146,0.1875,0.875
S1_MINUS,1,532,primary,66,157,-1e-06,,-2.571818921970575e-146,0.25,0.8125
S1_MINUS,1,532,primary,67,159,-1e-06,,4.49977285398524e-173,0.25,1
S1_MINUS,1,532,primary,68,161,-1e-06,,-3.257693228170335e-174,0.1875,1
S1_MINUS,1,532,primary,69,164,-1e-06,,-4.909108087972742e-173,0.25,0.9375
S1_MINUS,1,532,primary,70,166,-1e-06,,-6.123989848126349e-61,0.375,0
S1_MINUS,1,532,primary,71,168,-1e-06,,-1.172311864749876e-60,0.375,0.125
S1_MINUS,1,532,primary,72,170,-1e-06,,6.398111972863226e-61,0.3125,0
S1_MINUS,1,532,primary,73,173,-1e-06,,1.375094679062413e-60,0.3125,0.125
S1_MINUS,1,532,primary,74,176,-1e-06,,6.378405533478137e-61,0.375,0.0625
S1_MINUS,1,532,primary,75,178,-1e-06,,-7.632309001111621e-61,0.375,0.25
S1_MINUS,1,532,primary,76,180,-1e-06,,8.932255442059935e-61,0.3125,0.25
S1_MINUS,1,532,primary,77,183,-1e-06,,6.772378988966498e-61,0.375,0.1875
S1_MINUS,1,532,primary,78,185,-1e-06,,-3.91757746036723e-62,0.375,0.375
S1_MINUS,1,532,primary,79,187,-1e-06,,3.351527773825334e-62,0.3125,0.375
S1_MINUS,1,532,primary,80,190,-1e-06,,3.350531584185721e-62,0.375,0.3125
S1_MINUS,1,532,primary,81,192,-1e-06,,1.058762549810367e-65,0.375,0.5
S1_MINUS,1,532,primary,82,194,-1e-06,,-1.062289405726426e-65,0.3125,0.5
S1_MINUS,1,532,primary,83,197,-1e-06,,-1.062289409390791e-65,0.375,0.4375
S1_MINUS,1,532,primary,84,199,-1e-06,,-5.124140221955854e-92,0.375,0.625
S1_MINUS,1,532,primary,85,201,-1e-06,,3.355972359546001e-92,0.3125,0.625
S1_MINUS,1,532,primary,86,204,-1e-06,,4.955712728294795e-92,0.375,0.5625
S1_MINUS,1,532,primary,87,206,-1e-06,,6.042720351488817e-119,0.375,0.75
S1_MINUS,1,532,primary,88,208,-1e-06,,-3.694859880253001e-119,0.3125,0.75
S1_MINUS,1,532,primary,89,211,-1e-06,,-6.465585672966929e-119,0.375,0.6875
S1_MINUS,1,532,primary,90,213,-1e-06,,-5.043600643774424e-146,0.375,0.875
S1_MINUS,1,532,primary,91,215,-1e-06,,2.155475883198307e-146,0.3125,0.875
S1_MINUS,1,532,primary,92,218,-1e-06,,4.348912715478368e-146,0.375,0.8125
S1_MINUS,1,532,primary,93,220,-1e-06,,3.858409372178717e-173,0.375,1
S1_MINUS,1,532,primary,94,222,-1e-06,,-1.537761844036261e-173,0.3125,1
S1_MINUS,1,532,primary,95,225,-1e-06,,-3.493572109264931e-173,0.375,0.9375
S1_MINUS,1,532,primary,96,227,-1e-06,,3.680570359000598e-89,0.5,0
S1_MINUS,1,532,primary,97,229,-1e-06,,1.818849008225397e-88,0.5,0.125
S1_MINUS,1,532,primary,98,231,-1e-06,,-2.705519970257575e-89,0.4375,0
S1_MINUS,1,532,primary,99,234,-1e-06,,-3.130790816140422e-88,0.4375,0.125
S1_MINUS,1,532,primary,100,237,-1e-06,,-2.756005404345707e-89,0.5,0.0625
S1_MINUS,1,532,primary,101,239,-1e-06,,5.891095145258632e-89,0.5,0.25
S1_MINUS,1,532,primary,102,241,-1e-06,,-6.512874791646649e-89,0.4375,0.25
S1_MINUS,1,532,primary,103,244,-1e-06,,-3.340342393032988e-89,0.5,0.1875
S1_MINUS,1,532,primary,104,246,-1e-06,,5.012869503481295e-90,0.5,0.375
S1_MINUS,1,532,primary,105,248,-1e-06,,-4.200557660988209e-90,0.4375,0.375
S1_MINUS,1,532,primary,106,251,-1e-06,,-4.502433091123602e-90,0.5,0.3125
S1_MINUS,1,532,primary,107,253,-1e-06,,-1.149703274908182e-91,0.5,0.5
S1_MINUS,1,532,primary,108,255,-1e-06,,2.103380873592208e-92,0.4375,0.5
S1_MINUS,1,532,primary,109,258,-1e-06,,5.901837391239467e-93,0.5,0.4375
S1_MINUS,1,532,primary,110,260,-1e-06,,-3.837256109244136e-93,0.5,0.625
S1_MINUS,1,532,primary,111,262,-1e-06,,-3.97766074786295e-94,0.4375,0.625
S1_MINUS,1,532,primary,112,265,-1e-06,,-3.978966423166725e-94,0.5,0.5625
S1_MINUS,1,532,primary,113,267,-1e-06,,1.173053401214203e-119,0.5,0.75
S1_MINUS,1,532,primary,114,269,-1e-06,,-7.737509474996155e-120,0.4375,0.75
S1_MINUS,1,532,primary,115,272,-1e-06,,-1.19929472344585e-119,0.5,0.6875
S1_MINUS,1,532,primary,116,274,-1e-06,,-1.326469899508411e-146,0.5,0.875
S1_MINUS,1,532,primary,117,276,-1e-06,,3.357692254738301e-147,0.4375,0.875
S1_MINUS,1,532,primary,118,279,-1e-06,,7.149598533073282e-147,0.5,0.8125
S1_MINUS,1,532,primary,119,281,-1e-06,,1.325123948167108e-173,0.5,1
S1_MINUS,1,532,primary,120,283,-1e-06,,-4.909357821048484e-174,0.4375,1
S1_MINUS,1,532,primary,121,286,-1e-06,,-1.080406439640874e-173,0.5,0.9375
S1_MINUS,1,532,primary,122,288,-1e-06,,-7.824353637143937e-117,0.625,0
S1_MINUS,1,532,primary,123,290,-1e-06,,-2.918051817797164e-116,0.625,0.125
S1_MINUS,1,532,primary,124,292,-1e-06,,6.605621334599295e-117,0.5625,0
S1_MINUS,1,532,primary,125,295,-1e-06,,4.597616845606157e-116,0.5625,0.125
S1_MINUS,1,532,primary,126,298,-1e-06,,6.646257895994771e-117,0.625,0.0625
S1_MINUS,1,532,primary,127,300,-1e-06,,-1.036993027125763e-116,0.625,0.25
S1_MINUS,1,532,primary,128,302,-1e-06,,1.112074609977365e-116,0.5625,0.25
S1_MINUS,1,532,primary,129,305,-1e-06,,7.121817272566339e-117,0.625,0.1875
S1_MINUS,1,532,primary,130,307,-1e-06,,-3.272650736466814e-119,0.625,0.375
S1_MINUS,1,532,primary,131,309,-1e-06,,-3.706892916392026e-118,0.5625,0.375
S1_MINUS,1,532,primary,132,312,-1e-06,,1.49558705612116e-118,0.625,0.3125
S1_MINUS,1,532,primary,133,314,-1e-06,,2.804779118473142e-118,0.625,0.5
S1_MINUS,1,532,primary,134,316,-1e-06,,-3.719553952342176e-118,0.5625,0.5
S1_MINUS,1,532,primary,135,319,-1e-06,,-2.54830066573438e-118,0.625,0.4375
S1_MINUS,1,532,primary,136,321,-1e-06,,5.457722849205258e-119,0.625,0.625
S1_MINUS,1,532,primary,137,323,-1e-06,,-8.714474623832242e-119,0.5625,0.625
S1_MINUS,1,532,primary,138,326,-1e-06,,-8.49845705952166e-119,0.625,0.5625
S1_MINUS,1,532,primary,139,328,-1e-06,,2.003296325353981e-120,0.625,0.75
S1_MINUS,1,532,primary,140,330,-1e-06,,-3.290545687157727e-120,0.5625,0.75
S1_MINUS,1,532,primary,141,333,-1e-06,,-3.290503472697181e-120,0.625,0.6875
S1_MINUS,1,532,primary,142,335,-1e-06,,-2.278088149729654e-147,0.625,0.875
S1_MINUS,1,532,primary,143,337,-1e-06,,8.522524788493762e-148,0.5625,0.875
S1_MINUS,1,532,primary,144,340,-1e-06,,2.092730159434279e-148,0.625,0.8125
S1_MINUS,1,532,primary,145,342,-1e-06,,3.337635327524034e-174,0.625,1
S1_MINUS,1,532,primary,146,344,-1e-06,,-2.561191346657486e-174,0.5625,1
S1_MINUS,1,532,primary,147,347,-1e-06,,-3.241048741356764e-174,0.625,0.9375
S1_MINUS,1,532,primary,148,349,-1e-06,,1.035755135297715e-144,0.75,0
S1_MINUS,1,532,primary,149,351,-1e-06,,4.391356823603788e-144,0.75,0.125
S1_MINUS,1,532,primary,150,353,-1e-06,,-8.111627477879611e-145,0.6875,0
S1_MINUS,1,532,primary,151,356,-1e-06,,-7.483500447791416e-144,0.6875,0.125
S1_MINUS,1,532,primary,152,359,-1e-06,,-9.140912075233977e-145,0.75,0.0625
S1_MINUS,1,532,primary,153,361,-1e-06,,8.959206342452155e-145,0.75,0.25
S1_MINUS,1,532,primary,154,363,-1e-06,,-1.007150905930216e-144,0.6875,0.25
S1_MINUS,1,532,primary,155,366,-1e-06,,-8.951725528005772e-145,0.75,0.1875
S1_MINUS,1,532,primary,156,368,-1e-06,,-5.003211644507585e-145,0.75,0.375
S1_MINUS,1,532,primary,157,370,-1e-06,,3.991872591128648e-145,0.6875,0.375
S1_MINUS,1,532,primary,158,373,-1e-06,,1.151402657482204e-145,0.75,0.3125
S1_MINUS,1,532,primary,159,375,-1e-06,,-2.32246139609758e-145,0.75,0.5
S1_MINUS,1,532,primary,160,377,-1e-06,,8.103788574293114e-146,0.6875,0.5
S1_MINUS,1,532,primary,161,380,-1e-06,,3.804931851246157e-146,0.75,0.4375
S1_MINUS,1,532,primary,162,382,-1e-06,,-3.889584405767108e-146,0.75,0.625
S1_MINUS,1,532,primary,163,384,-1e-06,,-3.337323994038499e-146,0.6875,0.625
S1_MINUS,1,532,primary,164,387,-1e-06,,-1.4860833545239e-146,0.75,0.5625
S1_MINUS,1,532,primary,165,389,-1e-06,,3.971801143300196e-147,0.75,0.75
S1_MINUS,1,532,primary,166,391,-1e-06,,-2.256554713486733e-146,0.6875,0.75
S1_MINUS,1,532,primary,167,394,-1e-06,,-2.162635142892887e-146,0.75,0.6875
S1_MINUS,1,532,primary,168,396,-1e-06,,2.425371174961913e-148,0.75,0.875
S1_MINUS,1,532,primary,169,398,-1e-06,,-9.480632124400073e-148,0.6875,0.875
S1_MINUS,1,532,primary,170,401,-1e-06,,-9.480732592050825e-148,0.75,0.8125
S1_MINUS,1,532,primary,171,403,-1e-06,,3.373645824977548e-175,0.75,1
S1_MINUS,1,532,primary,172,405,-1e-06,,-2.44982254503272e-175,0.6875,1
S1_MINUS,1,532,primary,173,408,-1e-06,,-6.501220783051395e-175,0.75,0.9375
S1_MINUS,1,532,primary,174,410,-1e-06,,-1.93059658613354e-173,0.875,0
S1_MINUS,1,532,primary,175,412,-1e-06,,-2.99464904343209e-172,0.875,0.125
S1_MINUS,1,532,primary,176,414,-1e-06,,-1.865575368881252e-172,0.8125,0
S1_MINUS,1,532,primary,177,417,-1e-06,,5.640973972569818e-172,0.8125,0.125
S1_MINUS,1,532,primary,178,420,-1e-06,,-3.233227583144963e-173,0.875,0.0625
S1_MINUS,1,532,primary,179,422,-1e-06,,3.89780333964555e-172,0.875,0.25
S1_MINUS,1,532,primary,180,424,-1e-06,,-6.871793617352903e-172,0.8125,0.25
S1_MINUS,1,532,primary,181,427,-1e-06,,-1.587910367762204e-172,0.875,0.1875
S1_MINUS,1,532,primary,182,429,-1e-06,,4.822440645672529e-172,0.875,0.375
S1_MINUS,1,532,primary,183,431,-1e-06,,-6.816182523265502e-172,0.8125,0.375
S1_MINUS,1,532,primary,184,434,-1e-06,,-3.166623112862981e-172,0.875,0.3125
S1_MINUS,1,532,primary,185,436,-1e-06,,2.334534559434621e-172,0.875,0.5
S1_MINUS,1,532,primary,186,438,-1e-06,,-3.145914224705692e-172,0.8125,0.5
S1_MINUS,1,532,primary,187,441,-1e-06,,-1.82688098665631e-172,0.875,0.4375
S1_MINUS,1,532,primary,188,443,-1e-06,,7.292314871410515e-173,0.875,0.625
S1_MINUS,1,532,primary,189,445,-1e-06,,-1.118196608528927e-172,0.8125,0.625
S1_MINUS,1,532,primary,190,448,-1e-06,,-8.482568831572251e-173,0.875,0.5625
S1_MINUS,1,532,primary,191,450,-1e-06,,1.513801050769588e-173,0.875,0.75
S1_MINUS,1,532,primary,192,452,-1e-06,,-3.429428700714985e-173,0.8125,0.75
S1_MINUS,1,532,primary,193,455,-1e-06,,-2.459022557832377e-173,0.875,0.6875
S1_MINUS,1,532,primary,194,457,-1e-06,,4.103066014548126e-174,0.875,0.875
S1_MINUS,1,532,primary,195,459,-1e-06,,-1.006069275243916e-173,0.8125,0.875
S1_MINUS,1,532,primary,196,462,-1e-06,,-9.736746912745942e-174,0.875,0.8125
S1_MINUS,1,532,primary,197,464,-1e-06,,1.56437034269439e-175,0.875,1
S1_MINUS,1,532,primary,198,466,-1e-06,,-3.831169047895744e-175,0.8125,1
S1_MINUS,1,532,primary,199,469,-1e-06,,-3.83114778553618e-175,0.875,0.9375
S1_MINUS,1,532,primary,200,471,-1e-06,,2.702813723369257e-199,1,0
S1_MINUS,1,532,primary,201,473,-1e-06,,2.107254061083774e-199,1,0.125
S1_MINUS,1,532,primary,202,475,-1e-06,,-2.066734992802975e-199,0.9375,0
S1_MINUS,1,532,primary,203,478,-1e-06,,-4.462886431827358e-199,0.9375,0.125
S1_MINUS,1,532,primary,204,481,-1e-06,,-2.682741184851728e-199,1,0.0625
S1_MINUS,1,532,primary,205,483,-1e-06,,-1.223677583567014e-198,1,0.25
S1_MINUS,1,532,primary,206,485,-1e-06,,1.101486849769737e-198,0.9375,0.25
S1_MINUS,1,532,primary,207,488,-1e-06,,1.039670227815308e-199,1,0.1875
S1_MINUS,1,532,primary,208,490,-1e-06,,-2.668812595875836e-198,1,0.375
S1_MINUS,1,532,primary,209,492,-1e-06,,2.733867507882367e-198,0.9375,0.375
S1_MINUS,1,532,primary,210,495,-1e-06,,8.187058592559021e-199,1,0.3125
S1_MINUS,1,532,primary,211,497,-1e-06,,-2.71233353430376e-198,1,0.5
S1_MINUS,1,532,primary,212,499,-1e-06,,2.877521180808923e-198,0.9375,0.5
S1_MINUS,1,532,primary,213,502,-1e-06,,1.161549554571408e-198,1,0.4375
S1_MINUS,1,532,primary,214,504,-1e-06,,-1.58041281340312e-198,1,0.625
S1_MINUS,1,532,primary,215,506,-1e-06,,1.693254491707466e-198,0.9375,0.625
S1_MINUS,1,532,primary,216,509,-1e-06,,8.495141275190365e-199,1,0.5625
S1_MINUS,1,532,primary,217,511,-1e-06,,-5.391280147849944e-199,1,0.75
S1_MINUS,1,532,primary,218,513,-1e-06,,5.791750250360658e-199,0.9375,0.75
S1_MINUS,1,532,primary,219,516,-1e-06,,3.501700057707239e-199,1,0.6875
S1_MINUS,1,532,primary,220,518,-1e-06,,-1.084327529590619e-199,1,0.875
S1_MINUS,1,532,primary,221,520,-1e-06,,1.255643195758788e-199,0.9375,0.875
S1_MINUS,1,532,primary,222,523,-1e-06,,8.24774151298333e-200,1,0.8125
S1_MINUS,1,532,primary,223,525,-1e-06,,-1.113067417861981e-200,1,1
S1_MINUS,1,532,primary,224,527,-1e-06,,1.425759930273345e-200,0.9375,1
S1_MINUS,1,532,primary,225,530,-1e-06,,1.387298064972811e-200,1,0.9375
S2_PLUS,2,535,secondary,1,532,1e-06,-9.99156830670794e-05,-8.326493690978921e-06,0.1248499974608421,0.1799499988555908
S2_PLUS,2,535,secondary,2,535,1e-06,-0.0001004463322779087,-8.314980980620381e-06,0.124949999153614,0.1799499988555908
S2_PLUS,2,535,secondary,3,536,1e-06,-9.997195570302256e-05,-8.32454761767211e-06,0.1248499974608421,0.1800500005483627
S2_PLUS,2,535,secondary,4,539,1e-06,-9.991568306708329e-05,-8.326493690979461e-06,0.124949999153614,0.1800500005483627
S2_PLUS,2,535,secondary,5,543,1e-06,-9.992003734742777e-05,3.33090361964051e-05,0.1248999983072281,0.1799499988555908
S2_PLUS,2,535,secondary,6,547,1e-06,-9.98689021437351e-05,3.329845198176568e-05,0.1248999983072281,0.1800500005483627
S2_PLUS,2,535,secondary,7,548,1e-06,-9.986890214369357e-05,3.329845198176603e-05,0.1248499974608421,0.1800000071525574
S2_PLUS,2,535,secondary,8,551,1e-06,-9.992003734744825e-05,3.33090361964001e-05,0.124949999153614,0.1800000071525574
S2_PLUS,2,535,primary,1,2,1e-06,,-4.03508374357296e-34,0,0
S2_PLUS,2,535,primary,2,3,1e-06,,-1.325924220932257e-33,0.125,0
S2_PLUS,2,535,primary,3,6,1e-06,,-8.393139253953101e-08,0,0.125
S2_PLUS,2,535,primary,4,7,1e-06,,6.620320797917896e-06,0.125,0.125
S2_PLUS,2,535,primary,5,10,1e-06,,3.689586179715337e-34,0.0625,0
S2_PLUS,2,535,primary,6,14,1e-06,,1.785873572950129e-07,0.0625,0.125
S2_PLUS,2,535,primary,7,18,1e-06,,3.704510792684494e-34,0,0.0625
S2_PLUS,2,535,primary,8,19,1e-06,,2.183779262397965e-33,0.125,0.0625
S2_PLUS,2,535,primary,9,22,1e-06,,-7.437252238418914e-08,0,0.25
S2_PLUS,2,535,primary,10,23,1e-06,,-5.341948990569189e-06,0.125,0.25
S2_PLUS,2,535,primary,11,26,1e-06,,1.403186271771672e-07,0.0625,0.25
S2_PLUS,2,535,primary,12,30,1e-06,,7.864668932888681e-08,0,0.1875
S2_PLUS,2,535,primary,13,31,1e-06,,9.840483980985999e-05,0.125,0.1875
S2_PLUS,2,535,primary,14,34,1e-06,,3.565252369694333e-34,0,0.375
S2_PLUS,2,535,primary,15,35,1e-06,,1.095532450589113e-33,0.125,0.375
S2_PLUS,2,535,primary,16,38,1e-06,,-3.23237400715491e-34,0.0625,0.375
S2_PLUS,2,535,primary,17,42,1e-06,,-3.2294693620948e-34,0,0.3125
S2_PLUS,2,535,primary,18,43,1e-06,,-1.771138734015409e-33,0.125,0.3125
S2_PLUS,2,535,primary,19,46,1e-06,,-3.920876968876546e-62,0,0.5
S2_PLUS,2,535,primary,20,47,1e-06,,-1.478882717902507e-61,0.125,0.5
S2_PLUS,2,535,primary,21,50,1e-06,,3.345786109976794e-62,0.0625,0.5
S2_PLUS,2,535,primary,22,54,1e-06,,3.34335009496506e-62,0,0.4375
S2_PLUS,2,535,primary,23,55,1e-06,,2.441026980278957e-61,0.125,0.4375
S2_PLUS,2,535,primary,24,58,1e-06,,5.870269805364142e-90,0,0.625
S2_PLUS,2,535,primary,25,59,1e-06,,2.281421921326338e-89,0.125,0.625
S2_PLUS,2,535,primary,26,62,1e-06,,-4.949474409488392e-90,0.0625,0.625
S2_PLUS,2,535,primary,27,66,1e-06,,-4.948980071302911e-90,0,0.5625
S2_PLUS,2,535,primary,28,67,1e-06,,-3.747943084143623e-89,0.125,0.5625
S2_PLUS,2,535,primary,29,70,1e-06,,-9.476783238592538e-118,0,0.75
S2_PLUS,2,535,primary,30,71,1e-06,,-3.705392244022377e-117,0.125,0.75
S2_PLUS,2,535,primary,31,74,1e-06,,7.848001732296257e-118,0.0625,0.75
S2_PLUS,2,535,primary,32,78,1e-06,,7.973539027568795e-118,0,0.6875
S2_PLUS,2,535,primary,33,79,1e-06,,6.039683973733486e-117,0.125,0.6875
S2_PLUS,2,535,primary,34,82,1e-06,,1.625640654983335e-145,0,0.875
S2_PLUS,2,535,primary,35,83,1e-06,,6.287733089410038e-145,0.125,0.875
S2_PLUS,2,535,primary,36,86,1e-06,,-1.279182127142904e-145,0.0625,0.875
S2_PLUS,2,535,primary,37,90,1e-06,,-1.347957075743582e-145,0,0.8125
S2_PLUS,2,535,primary,38,91,1e-06,,-9.949535981086949e-145,0.125,0.8125
S2_PLUS,2,535,primary,39,94,1e-06,,-2.487771724576716e-173,0,1
S2_PLUS,2,535,primary,40,95,1e-06,,-1.035480758347401e-172,0.125,1
S2_PLUS,2,535,primary,41,98,1e-06,,1.712690199494145e-173,0.0625,1
S2_PLUS,2,535,primary,42,102,1e-06,,1.550893661416101e-173,0,0.9375
S2_PLUS,2,535,primary,43,103,1e-06,,1.510714855398326e-172,0.125,0.9375
S2_PLUS,2,535,primary,44,105,1e-06,,-4.223784702975615e-34,0.25,0
S2_PLUS,2,535,primary,45,107,1e-06,,4.718017538251839e-33,0.25,0.125
S2_PLUS,2,535,primary,46,109,1e-06,,3.846149138412891e-34,0.1875,0
S2_PLUS,2,535,primary,47,112,1e-06,,1.705492609841872e-33,0.1875,0.125
S2_PLUS,2,535,primary,48,115,1e-06,,3.846149093849146e-34,0.25,0.0625
S2_PLUS,2,535,primary,49,117,1e-06,,6.378289518775416e-33,0.25,0.25
S2_PLUS,2,535,primary,50,119,1e-06,,-1.552489426683064e-33,0.1875,0.25
S2_PLUS,2,535,primary,51,122,1e-06,,-5.895122582383517e-33,0.25,0.1875
S2_PLUS,2,535,primary,52,124,1e-06,,3.408275302859097e-34,0.25,0.375
S2_PLUS,2,535,primary,53,126,1e-06,,-3.103659496124566e-34,0.1875,0.375
S2_PLUS,2,535,primary,54,129,1e-06,,-3.103886665743206e-34,0.25,0.3125
S2_PLUS,2,535,primary,55,131,1e-06,,-3.927691406758272e-62,0.25,0.5
S2_PLUS,2,535,primary,56,133,1e-06,,3.361972196925071e-62,0.1875,0.5
S2_PLUS,2,535,primary,57,136,1e-06,,3.363825514851306e-62,0.25,0.4375
S2_PLUS,2,535,primary,58,138,1e-06,,5.909778232144356e-90,0.25,0.625
S2_PLUS,2,535,primary,59,140,1e-06,,-4.983028422235198e-90,0.1875,0.625
S2_PLUS,2,535,primary,60,143,1e-06,,-5.01053550016333e-90,0.25,0.5625
S2_PLUS,2,535,primary,61,145,1e-06,,-9.878242171279395e-118,0.25,0.75
S2_PLUS,2,535,primary,62,147,1e-06,,7.944677840971977e-118,0.1875,0.75
S2_PLUS,2,535,primary,63,150,1e-06,,8.396081259323568e-118,0.25,0.6875
S2_PLUS,2,535,primary,64,152,1e-06,,1.885383611906648e-145,0.25,0.875
S2_PLUS,2,535,primary,65,154,1e-06,,-1.287886613641293e-145,0.1875,0.875
S2_PLUS,2,535,primary,66,157,1e-06,,-1.543805772590401e-145,0.25,0.8125
S2_PLUS,2,535,primary,67,159,1e-06,,-3.144787363294956e-173,0.25,1
S2_PLUS,2,535,primary,68,161,1e-06,,1.020601373496685e-173,0.1875,1
S2_PLUS,2,535,primary,69,164,1e-06,,1.5546914131855e-173,0.25,0.9375
S2_PLUS,2,535,primary,70,166,1e-06,,-6.114122203682344e-61,0.375,0
S2_PLUS,2,535,primary,71,168,1e-06,,-1.170698167713576e-60,0.375,0.125
S2_PLUS,2,535,primary,72,170,1e-06,,6.388114905217343e-61,0.3125,0
S2_PLUS,2,535,primary,73,173,1e-06,,1.373743891400173e-60,0.3125,0.125
S2_PLUS,2,535,primary,74,176,1e-06,,6.368609734272471e-61,0.375,0.0625
S2_PLUS,2,535,primary,75,178,1e-06,,-7.621473017145419e-61,0.375,0.25
S2_PLUS,2,535,primary,76,180,1e-06,,8.919715767546967e-61,0.3125,0.25
S2_PLUS,2,535,primary,77,183,1e-06,,6.763421422800911e-61,0.375,0.1875
S2_PLUS,2,535,primary,78,185,1e-06,,-3.917774905761294e-62,0.375,0.375
S2_PLUS,2,535,primary,79,187,1e-06,,3.353993586454964e-62,0.3125,0.375
S2_PLUS,2,535,primary,80,190,1e-06,,3.351878505149176e-62,0.375,0.3125
S2_PLUS,2,535,primary,81,192,1e-06,,4.369314495684568e-66,0.375,0.5
S2_PLUS,2,535,primary,82,194,1e-06,,-4.381282983287351e-66,0.3125,0.5
S2_PLUS,2,535,primary,83,197,1e-06,,-4.381275248089658e-66,0.375,0.4375
S2_PLUS,2,535,primary,84,199,1e-06,,2.911024343900612e-92,0.375,0.625
S2_PLUS,2,535,primary,85,201,1e-06,,-1.73633343278307e-92,0.3125,0.625
S2_PLUS,2,535,primary,86,204,1e-06,,-2.865006918358043e-92,0.375,0.5625
S2_PLUS,2,535,primary,87,206,1e-06,,-3.624360726371388e-119,0.375,0.75
S2_PLUS,2,535,primary,88,208,1e-06,,1.902995787270734e-119,0.3125,0.75
S2_PLUS,2,535,primary,89,211,1e-06,,3.844085907726017e-119,0.375,0.6875
S2_PLUS,2,535,primary,90,213,1e-06,,2.157012471980586e-146,0.375,0.875
S2_PLUS,2,535,primary,91,215,1e-06,,-4.644812848758266e-147,0.3125,0.875
S2_PLUS,2,535,primary,92,218,1e-06,,-1.634351396583303e-146,0.375,0.8125
S2_PLUS,2,535,primary,93,220,1e-06,,-3.563888975853107e-174,0.375,1
S2_PLUS,2,535,primary,94,222,1e-06,,-4.385719725029305e-174,0.3125,1
S2_PLUS,2,535,primary,95,225,1e-06,,-1.34568702549556e-174,0.375,0.9375
S2_PLUS,2,535,primary,96,227,1e-06,,3.663156473984925e-89,0.5,0
S2_PLUS,2,535,primary,97,229,1e-06,,1.821082894303816e-88,0.5,0.125
S2_PLUS,2,535,primary,98,231,1e-06,,-2.688437324943766e-89,0.4375,0
S2_PLUS,2,535,primary,99,234,1e-06,,-3.127383008968756e-88,0.4375,0.125
S2_PLUS,2,535,primary,100,237,1e-06,,-2.74009984491481e-89,0.5,0.0625
S2_PLUS,2,535,primary,101,239,1e-06,,6.080905247541208e-89,0.5,0.25
S2_PLUS,2,535,primary,102,241,1e-06,,-6.745148367858282e-89,0.4375,0.25
S2_PLUS,2,535,primary,103,244,1e-06,,-3.413084433376587e-89,0.5,0.1875
S2_PLUS,2,535,primary,104,246,1e-06,,6.295072379966617e-90,0.5,0.375
S2_PLUS,2,535,primary,105,248,1e-06,,-5.44813042064314e-90,0.4375,0.375
S2_PLUS,2,535,primary,106,251,1e-06,,-5.210428093162541e-90,0.5,0.3125
S2_PLUS,2,535,primary,107,253,1e-06,,7.333109736480175e-92,0.5,0.5
S2_PLUS,2,535,primary,108,255,1e-06,,-3.869972478426017e-92,0.4375,0.5
S2_PLUS,2,535,primary,109,258,1e-06,,-3.302439102354418e-92,0.5,0.4375
S2_PLUS,2,535,primary,110,260,1e-06,,2.638461494047128e-93,0.5,0.625
S2_PLUS,2,535,primary,111,262,1e-06,,-3.197015647962957e-94,0.4375,0.625
S2_PLUS,2,535,primary,112,265,1e-06,,-5.712792161890432e-94,0.5,0.5625
S2_PLUS,2,535,primary,113,267,1e-06,,-7.562336515136856e-120,0.5,0.75
S2_PLUS,2,535,primary,114,269,1e-06,,4.981546114803375e-120,0.4375,0.75
S2_PLUS,2,535,primary,115,272,1e-06,,8.088394583667566e-120,0.5,0.6875
S2_PLUS,2,535,primary,116,274,1e-06,,5.267675042376208e-147,0.5,0.875
S2_PLUS,2,535,primary,117,276,1e-06,,-4.758793163872772e-148,0.4375,0.875
S2_PLUS,2,535,primary,118,279,1e-06,,-3.308402231390954e-147,0.5,0.8125
S2_PLUS,2,535,primary,119,281,1e-06,,9.00646505996624e-176,0.5,1
S2_PLUS,2,535,primary,120,283,1e-06,,-2.346385628276897e-174,0.4375,1
S2_PLUS,2,535,primary,121,286,1e-06,,-8.46121414357384e-175,0.5,0.9375
S2_PLUS,2,535,primary,122,288,1e-06,,-8.108085715877422e-117,0.625,0
S2_PLUS,2,535,primary,123,290,1e-06,,-3.02827646301182e-116,0.625,0.125
S2_PLUS,2,535,primary,124,292,1e-06,,7.04260769570759e-117,0.5625,0
S2_PLUS,2,535,primary,125,295,1e-06,,4.716207815967332e-116,0.5625,0.125
S2_PLUS,2,535,primary,126,298,1e-06,,6.929742748078821e-117,0.625,0.0625
S2_PLUS,2,535,primary,127,300,1e-06,,-1.239836134980087e-116,0.625,0.25
S2_PLUS,2,535,primary,128,302,1e-06,,1.402174547302303e-116,0.5625,0.25
S2_PLUS,2,535,primary,129,305,1e-06,,8.065124651516846e-117,0.625,0.1875
S2_PLUS,2,535,primary,130,307,1e-06,,-1.387376444186194e-117,0.625,0.375
S2_PLUS,2,535,primary,131,309,1e-06,,1.324620781526704e-117,0.5625,0.375
S2_PLUS,2,535,primary,132,312,1e-06,,1.085055117361977e-117,0.625,0.3125
S2_PLUS,2,535,primary,133,314,1e-06,,-1.489271952557431e-118,0.625,0.5
S2_PLUS,2,535,primary,134,316,1e-06,,1.521738619686408e-118,0.5625,0.5
S2_PLUS,2,535,primary,135,319,1e-06,,1.223207250427373e-118,0.625,0.4375
S2_PLUS,2,535,primary,136,321,1e-06,,-2.540492333089542e-119,0.625,0.625
S2_PLUS,2,535,primary,137,323,1e-06,,3.092150959664326e-119,0.5625,0.625
S2_PLUS,2,535,primary,138,326,1e-06,,3.163016840147075e-119,0.625,0.5625
S2_PLUS,2,535,primary,139,328,1e-06,,-1.161703266554798e-120,0.625,0.75
S2_PLUS,2,535,primary,140,330,1e-06,,1.755860616472486e-120,0.5625,0.75
S2_PLUS,2,535,primary,141,333,1e-06,,1.837658831427358e-120,0.625,0.6875
S2_PLUS,2,535,primary,142,335,1e-06,,7.879078836587562e-148,0.625,0.875
S2_PLUS,2,535,primary,143,337,1e-06,,-2.397300697615041e-148,0.5625,0.875
S2_PLUS,2,535,primary,144,340,1e-06,,-4.692815658607196e-148,0.625,0.8125
S2_PLUS,2,535,primary,145,342,1e-06,,2.556992111939131e-175,0.625,1
S2_PLUS,2,535,primary,146,344,1e-06,,-5.077650981269888e-175,0.5625,1
S2_PLUS,2,535,primary,147,347,1e-06,,-2.638634444168892e-175,0.625,0.9375
S2_PLUS,2,535,primary,148,349,1e-06,,1.36903010330006e-144,0.75,0
S2_PLUS,2,535,primary,149,351,1e-06,,5.426592083518223e-144,0.75,0.125
S2_PLUS,2,535,primary,150,353,1e-06,,-1.237558955749644e-144,0.6875,0
S2_PLUS,2,535,primary,151,356,1e-06,,-8.549741137358946e-144,0.6875,0.125
S2_PLUS,2,535,primary,152,359,1e-06,,-1.117405226585599e-144,0.75,0.0625
S2_PLUS,2,535,primary,153,361,1e-06,,2.314523442487815e-144,0.75,0.25
S2_PLUS,2,535,primary,154,363,1e-06,,-2.679553309683137e-144,0.6875,0.25
S2_PLUS,2,535,primary,155,366,1e-06,,-1.399289985845558e-144,0.75,0.1875
S2_PLUS,2,535,primary,156,368,1e-06,,4.227733851423294e-145,0.75,0.375
S2_PLUS,2,535,primary,157,370,1e-06,,-4.339811437287035e-145,0.6875,0.375
S2_PLUS,2,535,primary,158,373,1e-06,,-2.758057086090152e-145,0.75,0.3125
S2_PLUS,2,535,primary,159,375,1e-06,,8.958426455158181e-146,0.75,0.5
S2_PLUS,2,535,primary,160,377,1e-06,,-7.375701670941226e-146,0.6875,0.5
S2_PLUS,2,535,primary,161,380,1e-06,,-5.214335258760892e-146,0.75,0.4375
S2_PLUS,2,535,primary,162,382,1e-06,,1.532594058383447e-146,0.75,0.625
S2_PLUS,2,535,primary,163,384,1e-06,,-1.042711220159597e-146,0.6875,0.625
S2_PLUS,2,535,primary,164,387,1e-06,,-1.010826677936231e-146,0.75,0.5625
S2_PLUS,2,535,primary,165,389,1e-06,,1.908395435456565e-147,0.75,0.75
S2_PLUS,2,535,primary,166,391,1e-06,,-2.109477790740203e-147,0.6875,0.75
S2_PLUS,2,535,primary,167,394,1e-06,,-2.804599680057622e-147,0.75,0.6875
S2_PLUS,2,535,primary,168,396,1e-06,,-2.385041510423531e-149,0.75,0.875
S2_PLUS,2,535,primary,169,398,1e-06,,1.488869874201909e-148,0.6875,0.875
S2_PLUS,2,535,primary,170,401,1e-06,,1.293425526523308e-148,0.75,0.8125
S2_PLUS,2,535,primary,171,403,1e-06,,1.058592553001451e-175,0.75,1
S2_PLUS,2,535,primary,172,405,1e-06,,-1.888469630453148e-175,0.6875,1
S2_PLUS,2,535,primary,173,408,1e-06,,-3.011252424150987e-175,0.75,0.9375
S2_PLUS,2,535,primary,174,410,1e-06,,-3.004614631186557e-172,0.875,0
S2_PLUS,2,535,primary,175,412,1e-06,,-1.070263928422009e-171,0.875,0.125
S2_PLUS,2,535,primary,176,414,1e-06,,3.497881516489286e-172,0.8125,0
S2_PLUS,2,535,primary,177,417,1e-06,,1.619155777471349e-171,0.8125,0.125
S2_PLUS,2,535,primary,178,420,1e-06,,2.368290255712347e-172,0.875,0.0625
S2_PLUS,2,535,primary,179,422,1e-06,,-4.866279541347112e-172,0.875,0.25
S2_PLUS,2,535,primary,180,424,1e-06,,5.258870972543326e-172,0.8125,0.25
S2_PLUS,2,535,primary,181,427,1e-06,,2.750006303561346e-172,0.875,0.1875
S2_PLUS,2,535,primary,182,429,1e-06,,-7.485854489843165e-173,0.875,0.375
S2_PLUS,2,535,primary,183,431,1e-06,,5.91173915203122e-174,0.8125,0.375
S2_PLUS,2,535,primary,184,434,1e-06,,2.798420792781517e-173,0.875,0.3125
S2_PLUS,2,535,primary,185,436,1e-06,,1.198057795745301e-173,0.875,0.5
S2_PLUS,2,535,primary,186,438,1e-06,,-8.467092354465865e-173,0.8125,0.5
S2_PLUS,2,535,primary,187,441,1e-06,,-2.756453171918072e-173,0.875,0.4375
S2_PLUS,2,535,primary,188,443,1e-06,,1.578191714784634e-173,0.875,0.625
S2_PLUS,2,535,primary,189,445,1e-06,,-5.629211001463238e-173,0.8125,0.625
S2_PLUS,2,535,primary,190,448,1e-06,,-3.038661920870721e-173,0.875,0.5625
S2_PLUS,2,535,primary,191,450,1e-06,,6.199709192599172e-174,0.875,0.75
S2_PLUS,2,535,primary,192,452,1e-06,,-2.220953000270335e-173,0.8125,0.75
S2_PLUS,2,535,primary,193,455,1e-06,,-1.34072705065227e-173,0.875,0.6875
S2_PLUS,2,535,primary,194,457,1e-06,,2.608808395620118e-174,0.875,0.875
S2_PLUS,2,535,primary,195,459,1e-06,,-6.869342403575077e-174,0.8125,0.875
S2_PLUS,2,535,primary,196,462,1e-06,,-6.592675204687541e-174,0.875,0.8125
S2_PLUS,2,535,primary,197,464,1e-06,,6.882728704479186e-176,0.875,1
S2_PLUS,2,535,primary,198,466,1e-06,,-1.730731101297908e-175,0.8125,1
S2_PLUS,2,535,primary,199,469,1e-06,,-1.693747572016071e-175,0.875,0.9375
S2_PLUS,2,535,primary,200,471,1e-06,,7.809566331845662e-200,1,0
S2_PLUS,2,535,primary,201,473,1e-06,,2.073214943867728e-199,1,0.125
S2_PLUS,2,535,primary,202,475,1e-06,,-1.762028661151352e-199,0.9375,0
S2_PLUS,2,535,primary,203,478,1e-06,,-3.600749305181115e-199,0.9375,0.125
S2_PLUS,2,535,primary,204,481,1e-06,,-9.302582153708344e-200,1,0.0625
S2_PLUS,2,535,primary,205,483,1e-06,,1.893046959116743e-200,1,0.25
S2_PLUS,2,535,primary,206,485,1e-06,,-3.440910381347495e-200,0.9375,0.25
S2_PLUS,2,535,primary,207,488,1e-06,,-3.162457696413888e-200,1,0.1875
S2_PLUS,2,535,primary,208,490,1e-06,,-8.639038606549534e-200,1,0.375
S2_PLUS,2,535,primary,209,492,1e-06,,7.475579664265484e-200,0.9375,0.375
S2_PLUS,2,535,primary,210,495,1e-06,,2.979575527294283e-200,1,0.3125
S2_PLUS,2,535,primary,211,497,1e-06,,-7.046344514507087e-200,1,0.5
S2_PLUS,2,535,primary,212,499,1e-06,,1.409357882165071e-200,0.9375,0.5
S2_PLUS,2,535,primary,213,502,1e-06,,6.657138724676476e-201,1,0.4375
S2_PLUS,2,535,primary,214,504,1e-06,,-2.43886057231081e-200,1,0.625
S2_PLUS,2,535,primary,215,506,1e-06,,-4.386637144043832e-200,0.9375,0.625
S2_PLUS,2,535,primary,216,509,1e-06,,-2.170857063445238e-200,1,0.5625
S2_PLUS,2,535,primary,217,511,1e-06,,1.597571896221524e-202,1,0.75
S2_PLUS,2,535,primary,218,513,1e-06,,-4.160059285844337e-200,0.9375,0.75
S2_PLUS,2,535,primary,219,516,1e-06,,-2.879409296754928e-200,1,0.6875
S2_PLUS,2,535,primary,220,518,1e-06,,2.816832580103977e-201,1,0.875
S2_PLUS,2,535,primary,221,520,1e-06,,-1.836365304452467e-200,0.9375,0.875
S2_PLUS,2,535,primary,222,523,1e-06,,-1.270348770707485e-200,1,0.8125
S2_PLUS,2,535,primary,223,525,1e-06,,1.766873719507277e-201,1,1
S2_PLUS,2,535,primary,224,527,1e-06,,-5.42535978259965e-201,0.9375,1
S2_PLUS,2,535,primary,225,530,1e-06,,-5.25251014227168e-201,1,0.9375
S2_MINUS,2,535,secondary,1,532,-1e-06,-0.0001000901000149745,-8.341220052714776e-06,0.1248499974608421,0.1799499988555908
S2_MINUS,2,535,secondary,2,535,-1e-06,-9.963553052430307e-05,-8.351082853316188e-06,0.124949999153614,0.1799499988555908
S2_MINUS,2,535,secondary,3,536,-1e-06,-0.0001000304081017458,-8.343149849413671e-06,0.1248499974608421,0.1800500005483627
S2_MINUS,2,535,secondary,4,539,-1e-06,-0.0001000901000149762,-8.341220052715807e-06,0.124949999153614,0.1800500005483627
S2_MINUS,2,535,secondary,5,543,-1e-06,-0.0001000941057369219,3.336210179857262e-05,0.1248999983072281,0.1799499988555908
S2_MINUS,2,535,secondary,6,547,-1e-06,-0.0001001350865472547,3.337077755336728e-05,0.1248999983072281,0.1800500005483627
S2_MINUS,2,535,secondary,7,548,-1e-06,-0.0001001350865472423,3.337077755336989e-05,0.1248499974608421,0.1800000071525574
S2_MINUS,2,535,secondary,8,551,-1e-06,-0.0001000941057369246,3.33621017985658e-05,0.124949999153614,0.1800000071525574
S2_MINUS,2,535,primary,1,2,-1e-06,,-4.040724418504516e-34,0,0
S2_MINUS,2,535,primary,2,3,-1e-06,,-1.328005430136338e-33,0.125,0
S2_MINUS,2,535,primary,3,6,-1e-06,,-8.43678792033294e-08,0,0.125
S2_MINUS,2,535,primary,4,7,-1e-06,,6.630675990532996e-06,0.125,0.125
S2_MINUS,2,535,primary,5,10,-1e-06,,3.694522078057569e-34,0.0625,0
S2_MINUS,2,535,primary,6,14,-1e-06,,1.795160524780492e-07,0.0625,0.125
S2_MINUS,2,535,primary,7,18,-1e-06,,3.710086440723255e-34,0,0.0625
S2_MINUS,2,535,primary,8,19,-1e-06,,2.187544062133303e-33,0.125,0.0625
S2_MINUS,2,535,primary,9,22,-1e-06,,-7.47592880079491e-08,0,0.25
S2_MINUS,2,535,primary,10,23,-1e-06,,-5.350876738149359e-06,0.125,0.25
S2_MINUS,2,535,primary,11,26,-1e-06,,1.410483718618957e-07,0.0625,0.25
S2_MINUS,2,535,primary,12,30,-1e-06,,7.905546844923401e-08,0,0.1875
S2_MINUS,2,535,primary,13,31,-1e-06,,9.85687939177536e-05,0.125,0.1875
S2_MINUS,2,535,primary,14,34,-1e-06,,3.571590916630065e-34,0,0.375
S2_MINUS,2,535,primary,15,35,-1e-06,,1.097360387725542e-33,0.125,0.375
S2_MINUS,2,535,primary,16,38,-1e-06,,-3.237650188032937e-34,0.0625,0.375
S2_MINUS,2,535,primary,17,42,-1e-06,,-3.234715679752113e-34,0,0.3125
S2_MINUS,2,535,primary,18,43,-1e-06,,-1.773825631962601e-33,0.125,0.3125
S2_MINUS,2,535,primary,19,46,-1e-06,,-3.926913638565305e-62,0,0.5
S2_MINUS,2,535,primary,20,47,-1e-06,,-1.481231553106591e-61,0.125,0.5
S2_MINUS,2,535,primary,21,50,-1e-06,,3.349788466056181e-62,0.0625,0.5
S2_MINUS,2,535,primary,22,54,-1e-06,,3.347203203666043e-62,0,0.4375
S2_MINUS,2,535,primary,23,55,-1e-06,,2.444694027769423e-61,0.125,0.4375
S2_MINUS,2,535,primary,24,58,-1e-06,,5.77515215252633e-90,0,0.625
S2_MINUS,2,535,primary,25,59,-1e-06,,2.261820000770427e-89,0.125,0.625
S2_MINUS,2,535,primary,26,62,-1e-06,,-4.881228301159093e-90,0.0625,0.625
S2_MINUS,2,535,primary,27,66,-1e-06,,-4.85214939339014e-90,0,0.5625
S2_MINUS,2,535,primary,28,67,-1e-06,,-3.731206896985188e-89,0.125,0.5625
S2_MINUS,2,535,primary,29,70,-1e-06,,-8.548938957356591e-118,0,0.75
S2_MINUS,2,535,primary,30,71,-1e-06,,-3.477686132881609e-117,0.125,0.75
S2_MINUS,2,535,primary,31,74,-1e-06,,7.232363542329335e-118,0.0625,0.75
S2_MINUS,2,535,primary,32,78,-1e-06,,7.096737934109888e-118,0,0.6875
S2_MINUS,2,535,primary,33,79,-1e-06,,5.811668028620316e-117,0.125,0.6875
S2_MINUS,2,535,primary,34,82,-1e-06,,1.115420504474902e-145,0,0.875
S2_MINUS,2,535,primary,35,83,-1e-06,,4.851686114011805e-145,0.125,0.875
S2_MINUS,2,535,primary,36,86,-1e-06,,-1.011752315378449e-145,0.0625,0.875
S2_MINUS,2,535,primary,37,90,-1e-06,,-9.858057066475774e-146,0,0.8125
S2_MINUS,2,535,primary,38,91,-1e-06,,-8.639139590215999e-145,0.125,0.8125
S2_MINUS,2,535,primary,39,94,-1e-06,,-8.23493153657005e-174,0,1
S2_MINUS,2,535,primary,40,95,-1e-06,,-4.293231171867227e-173,0.125,1
S2_MINUS,2,535,primary,41,98,-1e-06,,1.168672379079377e-173,0.0625,1
S2_MINUS,2,535,primary,42,102,-1e-06,,1.780120031378989e-173,0,0.9375
S2_MINUS,2,535,primary,43,103,-1e-06,,1.096713300764743e-172,0.125,0.9375
S2_MINUS,2,535,primary,44,105,-1e-06,,-4.230626684293701e-34,0.25,0
S2_MINUS,2,535,primary,45,107,-1e-06,,4.723270914229525e-33,0.25,0.125
S2_MINUS,2,535,primary,46,109,-1e-06,,3.852923367271467e-34,0.1875,0
S2_MINUS,2,535,primary,47,112,-1e-06,,1.712981480252191e-33,0.1875,0.125
S2_MINUS,2,535,primary,48,115,-1e-06,,3.852923410823137e-34,0.25,0.0625
S2_MINUS,2,535,primary,49,117,-1e-06,,6.38783406214939e-33,0.25,0.25
S2_MINUS,2,535,primary,50,119,-1e-06,,-1.555381383321596e-33,0.1875,0.25
S2_MINUS,2,535,primary,51,122,-1e-06,,-5.90233382814861e-33,0.25,0.1875
S2_MINUS,2,535,primary,52,124,-1e-06,,3.413970292005724e-34,0.25,0.375
S2_MINUS,2,535,primary,53,126,-1e-06,,-3.10906990906409e-34,0.1875,0.375
S2_MINUS,2,535,primary,54,129,-1e-06,,-3.1088435385216e-34,0.25,0.3125
S2_MINUS,2,535,primary,55,131,-1e-06,,-3.933355205943257e-62,0.25,0.5
S2_MINUS,2,535,primary,56,133,-1e-06,,3.367303200591087e-62,0.1875,0.5
S2_MINUS,2,535,primary,57,136,-1e-06,,3.368931693423139e-62,0.25,0.4375
S2_MINUS,2,535,primary,58,138,-1e-06,,5.746730991374725e-90,0.25,0.625
S2_MINUS,2,535,primary,59,140,-1e-06,,-4.912132993223714e-90,0.1875,0.625
S2_MINUS,2,535,primary,60,143,-1e-06,,-4.857465515300508e-90,0.25,0.5625
S2_MINUS,2,535,primary,61,145,-1e-06,,-7.964984634058752e-118,0.25,0.75
S2_MINUS,2,535,primary,62,147,-1e-06,,7.215364294380695e-118,0.1875,0.75
S2_MINUS,2,535,primary,63,150,-1e-06,,6.50817415111266e-118,0.25,0.6875
S2_MINUS,2,535,primary,64,152,-1e-06,,5.973091408997127e-146,0.25,0.875
S2_MINUS,2,535,primary,65,154,-1e-06,,-9.769019902533213e-146,0.1875,0.875
S2_MINUS,2,535,primary,66,157,-1e-06,,-4.114192722101173e-146,0.25,0.8125
S2_MINUS,2,535,primary,67,159,-1e-06,,2.664815520997118e-173,0.25,1
S2_MINUS,2,535,primary,68,161,-1e-06,,9.64880831713474e-174,0.1875,1
S2_MINUS,2,535,primary,69,164,-1e-06,,-2.623647335573132e-173,0.25,0.9375
S2_MINUS,2,535,primary,70,166,-1e-06,,-6.12202534825213e-61,0.375,0
S2_MINUS,2,535,primary,71,168,-1e-06,,-1.171641287584868e-60,0.375,0.125
S2_MINUS,2,535,primary,72,170,-1e-06,,6.394831642573355e-61,0.3125,0
S2_MINUS,2,535,primary,73,173,-1e-06,,1.373367565377546e-60,0.3125,0.125
S2_MINUS,2,535,primary,74,176,-1e-06,,6.374596199602349e-61,0.375,0.0625
S2_MINUS,2,535,primary,75,178,-1e-06,,-7.631843505633596e-61,0.375,0.25
S2_MINUS,2,535,primary,76,180,-1e-06,,8.933330049217016e-61,0.3125,0.25
S2_MINUS,2,535,primary,77,183,-1e-06,,6.77087953548039e-61,0.375,0.1875
S2_MINUS,2,535,primary,78,185,-1e-06,,-3.919778182129099e-62,0.375,0.375
S2_MINUS,2,535,primary,79,187,-1e-06,,3.354470074096697e-62,0.3125,0.375
S2_MINUS,2,535,primary,80,190,-1e-06,,3.353195903296605e-62,0.375,0.3125
S2_MINUS,2,535,primary,81,192,-1e-06,,7.741929189196471e-66,0.375,0.5
S2_MINUS,2,535,primary,82,194,-1e-06,,-7.749597277133212e-66,0.3125,0.5
S2_MINUS,2,535,primary,83,197,-1e-06,,-7.749559878017841e-66,0.375,0.4375
S2_MINUS,2,535,primary,84,199,-1e-06,,-4.782113103678026e-92,0.375,0.625
S2_MINUS,2,535,primary,85,201,-1e-06,,2.96867078229255e-92,0.3125,0.625
S2_MINUS,2,535,primary,86,204,-1e-06,,5.358982628601199e-92,0.375,0.5625
S2_MINUS,2,535,primary,87,206,-1e-06,,5.892150466159212e-119,0.375,0.75
S2_MINUS,2,535,primary,88,208,-1e-06,,-3.01275948757401e-119,0.3125,0.75
S2_MINUS,2,535,primary,89,211,-1e-06,,-6.505783207048856e-119,0.375,0.6875
S2_MINUS,2,535,primary,90,213,-1e-06,,-4.774214056626487e-146,0.375,0.875
S2_MINUS,2,535,primary,91,215,-1e-06,,1.819288899388084e-146,0.3125,0.875
S2_MINUS,2,535,primary,92,218,-1e-06,,5.028777973043742e-146,0.375,0.8125
S2_MINUS,2,535,primary,93,220,-1e-06,,3.044401112406235e-173,0.375,1
S2_MINUS,2,535,primary,94,222,-1e-06,,-9.355697047686469e-174,0.3125,1
S2_MINUS,2,535,primary,95,225,-1e-06,,-3.237315636328281e-173,0.375,0.9375
S2_MINUS,2,535,primary,96,227,-1e-06,,3.679282479826256e-89,0.5,0
S2_MINUS,2,535,primary,97,229,-1e-06,,1.819379375112709e-88,0.5,0.125
S2_MINUS,2,535,primary,98,231,-1e-06,,-2.703477872220366e-89,0.4375,0
S2_MINUS,2,535,primary,99,234,-1e-06,,-3.131073839831561e-88,0.4375,0.125
S2_MINUS,2,535,primary,100,237,-1e-06,,-2.758535686902608e-89,0.5,0.0625
S2_MINUS,2,535,primary,101,239,-1e-06,,5.932727574429802e-89,0.5,0.25
S2_MINUS,2,535,primary,102,241,-1e-06,,-6.536911935158225e-89,0.4375,0.25
S2_MINUS,2,535,primary,103,244,-1e-06,,-3.348358119777003e-89,0.5,0.1875
S2_MINUS,2,535,primary,104,246,-1e-06,,5.180373578344902e-90,0.5,0.375
S2_MINUS,2,535,primary,105,248,-1e-06,,-3.992949539867823e-90,0.4375,0.375
S2_MINUS,2,535,primary,106,251,-1e-06,,-4.575381682351546e-90,0.5,0.3125
S2_MINUS,2,535,primary,107,253,-1e-06,,-1.350967401403333e-91,0.5,0.5
S2_MINUS,2,535,primary,108,255,-1e-06,,1.534407475571828e-91,0.4375,0.5
S2_MINUS,2,535,primary,109,258,-1e-06,,1.3991827283155e-91,0.5,0.4375
S2_MINUS,2,535,primary,110,260,-1e-06,,-5.655644308479329e-93,0.5,0.625
S2_MINUS,2,535,primary,111,262,-1e-06,,4.675920509493013e-93,0.4375,0.625
S2_MINUS,2,535,primary,112,265,-1e-06,,5.182129396767189e-93,0.5,0.5625
S2_MINUS,2,535,primary,113,267,-1e-06,,1.332661239890027e-119,0.5,0.75
S2_MINUS,2,535,primary,114,269,-1e-06,,-1.028813472873981e-119,0.4375,0.75
S2_MINUS,2,535,primary,115,272,-1e-06,,-1.381338146764018e-119,0.5,0.6875
S2_MINUS,2,535,primary,116,274,-1e-06,,-1.439781891400294e-146,0.5,0.875
S2_MINUS,2,535,primary,117,276,-1e-06,,8.375220054682492e-147,0.4375,0.875
S2_MINUS,2,535,primary,118,279,-1e-06,,1.569169524601287e-146,0.5,0.8125
S2_MINUS,2,535,primary,119,281,-1e-06,,1.08869805156209e-173,0.5,1
S2_MINUS,2,535,primary,120,283,-1e-06,,-5.47668320041874e-174,0.4375,1
S2_MINUS,2,535,primary,121,286,-1e-06,,-1.270471354888011e-173,0.5,0.9375
S2_MINUS,2,535,primary,122,288,-1e-06,,-7.93290111698108e-117,0.625,0
S2_MINUS,2,535,primary,123,290,-1e-06,,-2.946660849348463e-116,0.625,0.125
S2_MINUS,2,535,primary,124,292,-1e-06,,6.821270273861058e-117,0.5625,0
S2_MINUS,2,535,primary,125,295,-1e-06,,4.645930219267836e-116,0.5625,0.125
S2_MINUS,2,535,primary,126,298,-1e-06,,6.830676908541041e-117,0.625,0.0625
S2_MINUS,2,535,primary,127,300,-1e-06,,-1.080908866139149e-116,0.625,0.25
S2_MINUS,2,535,primary,128,302,-1e-06,,1.1913400594111e-116,0.5625,0.25
S2_MINUS,2,535,primary,129,305,-1e-06,,7.360473797460684e-117,0.625,0.1875
S2_MINUS,2,535,primary,130,307,-1e-06,,-2.959624248914213e-118,0.625,0.375
S2_MINUS,2,535,primary,131,309,-1e-06,,1.647510137419543e-118,0.5625,0.375
S2_MINUS,2,535,primary,132,312,-1e-06,,4.354226932404196e-118,0.625,0.3125
S2_MINUS,2,535,primary,133,314,-1e-06,,1.929047601149789e-118,0.625,0.5
S2_MINUS,2,535,primary,134,316,-1e-06,,-1.073124402240585e-118,0.5625,0.5
S2_MINUS,2,535,primary,135,319,-1e-06,,-1.300131149621327e-118,0.625,0.4375
S2_MINUS,2,535,primary,136,321,-1e-06,,2.244623655499029e-119,0.625,0.625
S2_MINUS,2,535,primary,137,323,-1e-06,,-5.903747203379792e-121,0.5625,0.625
S2_MINUS,2,535,primary,138,326,-1e-06,,-2.62284050270787e-120,0.625,0.5625
S2_MINUS,2,535,primary,139,328,-1e-06,,1.338287527591685e-120,0.625,0.75
S2_MINUS,2,535,primary,140,330,-1e-06,,-1.238683524908715e-120,0.5625,0.75
S2_MINUS,2,535,primary,141,333,-1e-06,,-1.403007284741676e-120,0.625,0.6875
S2_MINUS,2,535,primary,142,335,-1e-06,,-2.294030119909999e-147,0.625,0.875
S2_MINUS,2,535,primary,143,337,-1e-06,,1.483653665996222e-147,0.5625,0.875
S2_MINUS,2,535,primary,144,340,-1e-06,,2.756911193492554e-147,0.625,0.8125
S2_MINUS,2,535,primary,145,342,-1e-06,,2.263313906513596e-174,0.625,1
S2_MINUS,2,535,primary,146,344,-1e-06,,-1.219717674834012e-174,0.5625,1
S2_MINUS,2,535,primary,147,347,-1e-06,,-2.693517607767564e-174,0.625,0.9375
S2_MINUS,2,535,primary,148,349,-1e-06,,1.0927726365715e-144,0.75,0
S2_MINUS,2,535,primary,149,351,-1e-06,,4.575613222414579e-144,0.75,0.125
S2_MINUS,2,535,primary,150,353,-1e-06,,-6.82360570485463e-145,0.6875,0
S2_MINUS,2,535,primary,151,356,-1e-06,,-7.370967833737589e-144,0.6875,0.125
S2_MINUS,2,535,primary,152,359,-1e-06,,-8.397942592806457e-145,0.75,0.0625
S2_MINUS,2,535,primary,153,361,-1e-06,,1.178081440273426e-144,0.75,0.25
S2_MINUS,2,535,primary,154,363,-1e-06,,-9.497306184782638e-145,0.6875,0.25
S2_MINUS,2,535,primary,155,366,-1e-06,,-8.070213617139215e-145,0.75,0.1875
S2_MINUS,2,535,primary,156,368,-1e-06,,-3.245612428058261e-145,0.75,0.375
S2_MINUS,2,535,primary,157,370,-1e-06,,6.006305610674872e-145,0.6875,0.375
S2_MINUS,2,535,primary,158,373,-1e-06,,2.068010688840066e-145,0.75,0.3125
S2_MINUS,2,535,primary,159,375,-1e-06,,-1.967746617749625e-145,0.75,0.5
S2_MINUS,2,535,primary,160,377,-1e-06,,2.907474556638784e-145,0.6875,0.5
S2_MINUS,2,535,primary,161,380,-1e-06,,1.904891370745362e-145,0.75,0.4375
S2_MINUS,2,535,primary,162,382,-1e-06,,-4.674976791705568e-146,0.75,0.625
S2_MINUS,2,535,primary,163,384,-1e-06,,7.98863641724179e-146,0.6875,0.625
S2_MINUS,2,535,primary,164,387,-1e-06,,5.619997005394388e-146,0.75,0.5625
S2_MINUS,2,535,primary,165,389,-1e-06,,-8.912268331048211e-147,0.75,0.75
S2_MINUS,2,535,primary,166,391,-1e-06,,1.747091131824682e-146,0.6875,0.75
S2_MINUS,2,535,primary,167,394,-1e-06,,1.767352955024878e-146,0.75,0.6875
S2_MINUS,2,535,primary,168,396,-1e-06,,-1.994118385920719e-148,0.75,0.875
S2_MINUS,2,535,primary,169,398,-1e-06,,2.835813499744983e-148,0.6875,0.875
S2_MINUS,2,535,primary,170,401,-1e-06,,3.163072400121658e-148,0.75,0.8125
S2_MINUS,2,535,primary,171,403,-1e-06,,2.791808333315522e-175,0.75,1
S2_MINUS,2,535,primary,172,405,-1e-06,,-2.214331861923079e-175,0.6875,1
S2_MINUS,2,535,primary,173,408,-1e-06,,-1.583724146019035e-175,0.75,0.9375
S2_MINUS,2,535,primary,174,410,-1e-06,,-1.003088483974841e-172,0.875,0
S2_MINUS,2,535,primary,175,412,-1e-06,,-5.506338694912572e-172,0.875,0.125
S2_MINUS,2,535,primary,176,414,-1e-06,,2.327496260148383e-173,0.8125,0
S2_MINUS,2,535,primary,177,417,-1e-06,,1.079499569335338e-171,0.8125,0.125
S2_MINUS,2,535,primary,178,420,-1e-06,,1.213153364898908e-172,0.875,0.0625
S2_MINUS,2,535,primary,179,422,-1e-06,,2.823268748783493e-173,0.875,0.25
S2_MINUS,2,535,primary,180,424,-1e-06,,4.832273177336972e-173,0.8125,0.25
S2_MINUS,2,535,primary,181,427,-1e-06,,1.080420392535039e-172,0.875,0.1875
S2_MINUS,2,535,primary,182,429,-1e-06,,1.921457827370928e-172,0.875,0.375
S2_MINUS,2,535,primary,183,431,-1e-06,,-9.834290900489002e-173,0.8125,0.375
S2_MINUS,2,535,primary,184,434,-1e-06,,-2.428313446353163e-173,0.875,0.3125
S2_MINUS,2,535,primary,185,436,-1e-06,,8.479252002674945e-173,0.875,0.5
S2_MINUS,2,535,primary,186,438,-1e-06,,1.020784520320875e-173,0.8125,0.5
S2_MINUS,2,535,primary,187,441,-1e-06,,-1.03170064504977e-173,0.875,0.4375
S2_MINUS,2,535,primary,188,443,-1e-06,,1.465220020448789e-173,0.875,0.625
S2_MINUS,2,535,primary,189,445,-1e-06,,3.561909666213647e-173,0.8125,0.625
S2_MINUS,2,535,primary,190,448,-1e-06,,2.04357925843988e-173,0.875,0.5625
S2_MINUS,2,535,primary,191,450,-1e-06,,4.53774649769004e-176,0.875,0.75
S2_MINUS,2,535,primary,192,452,-1e-06,,1.755380779389982e-173,0.8125,0.75
S2_MINUS,2,535,primary,193,455,-1e-06,,9.476219595460758e-174,0.875,0.6875
S2_MINUS,2,535,primary,194,457,-1e-06,,-1.939185107035155e-174,0.875,0.875
S2_MINUS,2,535,primary,195,459,-1e-06,,6.265903415711819e-174,0.8125,0.875
S2_MINUS,2,535,primary,196,462,-1e-06,,6.005722684036511e-174,0.875,0.8125
S2_MINUS,2,535,primary,197,464,-1e-06,,-4.659667206436165e-176,0.875,1
S2_MINUS,2,535,primary,198,466,-1e-06,,1.509694155905628e-175,0.8125,1
S2_MINUS,2,535,primary,199,469,-1e-06,,1.47244043206291e-175,0.875,0.9375
S2_MINUS,2,535,primary,200,471,-1e-06,,-5.347513546673334e-200,1,0
S2_MINUS,2,535,primary,201,473,-1e-06,,-4.729810638722784e-200,1,0.125
S2_MINUS,2,535,primary,202,475,-1e-06,,1.95677250413589e-199,0.9375,0
S2_MINUS,2,535,primary,203,478,-1e-06,,1.270804940718421e-199,0.9375,0.125
S2_MINUS,2,535,primary,204,481,-1e-06,,1.089439630712507e-199,1,0.0625
S2_MINUS,2,535,primary,205,483,-1e-06,,-1.08959852999767e-199,1,0.25
S2_MINUS,2,535,primary,206,485,-1e-06,,2.368882480122496e-199,0.9375,0.25
S2_MINUS,2,535,primary,207,488,-1e-06,,8.059639267223202e-200,1,0.1875
S2_MINUS,2,535,primary,208,490,-1e-06,,-1.016719302451011e-199,1,0.375
S2_MINUS,2,535,primary,209,492,-1e-06,,2.063883981187409e-199,0.9375,0.375
S2_MINUS,2,535,primary,210,495,-1e-06,,9.025476122542241e-200,1,0.3125
S2_MINUS,2,535,primary,211,497,-1e-06,,-5.623883593038995e-200,1,0.5
S2_MINUS,2,535,primary,212,499,-1e-06,,1.410968543700149e-199,0.9375,0.5
S2_MINUS,2,535,primary,213,502,-1e-06,,7.946681340642348e-200,1,0.4375
S2_MINUS,2,535,primary,214,504,-1e-06,,-2.500453698624388e-200,1,0.625
S2_MINUS,2,535,primary,215,506,-1e-06,,8.35871420143824e-200,0.9375,0.625
S2_MINUS,2,535,primary,216,509,-1e-06,,4.950395752594493e-200,1,0.5625
S2_MINUS,2,535,primary,217,511,-1e-06,,-1.068397593899591e-200,1,0.75
S2_MINUS,2,535,primary,218,513,-1e-06,,3.761696714577869e-200,0.9375,0.75
S2_MINUS,2,535,primary,219,516,-1e-06,,2.799790897808906e-200,1,0.6875
S2_MINUS,2,535,primary,220,518,-1e-06,,-2.729903415668566e-201,1,0.875
S2_MINUS,2,535,primary,221,520,-1e-06,,1.079301023779285e-200,0.9375,0.875
S2_MINUS,2,535,primary,222,523,-1e-06,,7.765283329883571e-201,1,0.8125
S2_MINUS,2,535,primary,223,525,-1e-06,,-9.072289265595727e-202,1,1
S2_MINUS,2,535,primary,224,527,-1e-06,,2.657383006541727e-201,0.9375,1
S2_MINUS,2,535,primary,225,530,-1e-06,,2.553171989932107e-201,1,0.9375
S3_PLUS,3,539,secondary,1,532,1e-06,-9.997195570300642e-05,-8.324547617667304e-06,0.1248499974608421,0.1799499988555908
S3_PLUS,3,539,secondary,2,535,1e-06,-9.991568306707631e-05,-8.326493690976474e-06,0.124949999153614,0.1799499988555908
S3_PLUS,3,539,secondary,3,536,1e-06,-9.991568306705556e-05,-8.326493690976056e-06,0.1248499974608421,0.1800500005483627
S3_PLUS,3,539,secondary,4,539,1e-06,-0.0001004463322778917,-8.314980980615291e-06,0.124949999153614,0.1800500005483627
S3_PLUS,3,539,secondary,5,543,1e-06,-9.986890214362311e-05,3.329845198175442e-05,0.1248999983072281,0.1799499988555908
S3_PLUS,3,539,secondary,6,547,1e-06,-9.99200373474315e-05,3.33090361963879e-05,0.1248999983072281,0.1800500005483627
S3_PLUS,3,539,secondary,7,548,1e-06,-9.986890214365581e-05,3.329845198175219e-05,0.1248499974608421,0.1800000071525574
S3_PLUS,3,539,secondary,8,551,1e-06,-9.992003734741676e-05,3.330903619638701e-05,0.124949999153614,0.1800000071525574
S3_PLUS,3,539,primary,1,2,1e-06,,-4.034988797480917e-34,0,0
S3_PLUS,3,539,primary,2,3,1e-06,,-1.325916287243466e-33,0.125,0
S3_PLUS,3,539,primary,3,6,1e-06,,-8.39313901530813e-08,0,0.125
S3_PLUS,3,539,primary,4,7,1e-06,,6.619968147394255e-06,0.125,0.125
S3_PLUS,3,539,primary,5,10,1e-06,,3.689631663583247e-34,0.0625,0
S3_PLUS,3,539,primary,6,14,1e-06,,1.785873453136605e-07,0.0625,0.125
S3_PLUS,3,539,primary,7,18,1e-06,,3.704829049141554e-34,0,0.0625
S3_PLUS,3,539,primary,8,19,1e-06,,2.184025596491712e-33,0.125,0.0625
S3_PLUS,3,539,primary,9,22,1e-06,,-7.437252616567213e-08,0,0.25
S3_PLUS,3,539,primary,10,23,1e-06,,-5.341732852244028e-06,0.125,0.25
S3_PLUS,3,539,primary,11,26,1e-06,,1.403186391582189e-07,0.0625,0.25
S3_PLUS,3,539,primary,12,30,1e-06,,7.864669072399513e-08,0,0.1875
S3_PLUS,3,539,primary,13,31,1e-06,,9.840497632201903e-05,0.125,0.1875
S3_PLUS,3,539,primary,14,34,1e-06,,3.565032983063916e-34,0,0.375
S3_PLUS,3,539,primary,15,35,1e-06,,1.095440618335133e-33,0.125,0.375
S3_PLUS,3,539,primary,16,38,1e-06,,-3.2320784302344e-34,0.0625,0.375
S3_PLUS,3,539,primary,17,42,1e-06,,-3.228937872460156e-34,0,0.3125
S3_PLUS,3,539,primary,18,43,1e-06,,-1.770781069209108e-33,0.125,0.3125
S3_PLUS,3,539,primary,19,46,1e-06,,-3.918038713087289e-62,0,0.5
S3_PLUS,3,539,primary,20,47,1e-06,,-1.478341211791227e-61,0.125,0.5
S3_PLUS,3,539,primary,21,50,1e-06,,3.342510744245816e-62,0.0625,0.5
S3_PLUS,3,539,primary,22,54,1e-06,,3.340126040199619e-62,0,0.4375
S3_PLUS,3,539,primary,23,55,1e-06,,2.439993917323649e-61,0.125,0.4375
S3_PLUS,3,539,primary,24,58,1e-06,,5.862459432490184e-90,0,0.625
S3_PLUS,3,539,primary,25,59,1e-06,,2.279212809504039e-89,0.125,0.625
S3_PLUS,3,539,primary,26,62,1e-06,,-4.945560219485431e-90,0.0625,0.625
S3_PLUS,3,539,primary,27,66,1e-06,,-4.944742659765334e-90,0,0.5625
S3_PLUS,3,539,primary,28,67,1e-06,,-3.744991090043513e-89,0.125,0.5625
S3_PLUS,3,539,primary,29,70,1e-06,,-9.49104193723246e-118,0,0.75
S3_PLUS,3,539,primary,30,71,1e-06,,-3.704301007615809e-117,0.125,0.75
S3_PLUS,3,539,primary,31,74,1e-06,,7.921916761653391e-118,0.0625,0.75
S3_PLUS,3,539,primary,32,78,1e-06,,7.941889140015507e-118,0,0.6875
S3_PLUS,3,539,primary,33,79,1e-06,,6.042361200866725e-117,0.125,0.6875
S3_PLUS,3,539,primary,34,82,1e-06,,1.665351001098972e-145,0,0.875
S3_PLUS,3,539,primary,35,83,1e-06,,6.389944511205198e-145,0.125,0.875
S3_PLUS,3,539,primary,36,86,1e-06,,-1.400346228792145e-145,0.0625,0.875
S3_PLUS,3,539,primary,37,90,1e-06,,-1.339157250051247e-145,0,0.8125
S3_PLUS,3,539,primary,38,91,1e-06,,-1.023761342142004e-144,0.125,0.8125
S3_PLUS,3,539,primary,39,94,1e-06,,-2.894572765010847e-173,0,1
S3_PLUS,3,539,primary,40,95,1e-06,,-1.170229617947008e-172,0.125,1
S3_PLUS,3,539,primary,41,98,1e-06,,2.574030658621753e-173,0.0625,1
S3_PLUS,3,539,primary,42,102,1e-06,,1.626969611675193e-173,0,0.9375
S3_PLUS,3,539,primary,43,103,1e-06,,1.868416516112126e-172,0.125,0.9375
S3_PLUS,3,539,primary,44,105,1e-06,,-4.223676743001361e-34,0.25,0
S3_PLUS,3,539,primary,45,107,1e-06,,4.71733057833358e-33,0.25,0.125
S3_PLUS,3,539,primary,46,109,1e-06,,3.846180542835917e-34,0.1875,0
S3_PLUS,3,539,primary,47,112,1e-06,,1.707657293292962e-33,0.1875,0.125
S3_PLUS,3,539,primary,48,115,1e-06,,3.846462143966357e-34,0.25,0.0625
S3_PLUS,3,539,primary,49,117,1e-06,,6.379050146077116e-33,0.25,0.25
S3_PLUS,3,539,primary,50,119,1e-06,,-1.554749048710057e-33,0.1875,0.25
S3_PLUS,3,539,primary,51,122,1e-06,,-5.895231965878192e-33,0.25,0.1875
S3_PLUS,3,539,primary,52,124,1e-06,,3.408045559868039e-34,0.25,0.375
S3_PLUS,3,539,primary,53,126,1e-06,,-3.103351593714057e-34,0.1875,0.375
S3_PLUS,3,539,primary,54,129,1e-06,,-3.103351535222558e-34,0.25,0.3125
S3_PLUS,3,539,primary,55,131,1e-06,,-3.925320638295211e-62,0.25,0.5
S3_PLUS,3,539,primary,56,133,1e-06,,3.359193362693022e-62,0.1875,0.5
S3_PLUS,3,539,primary,57,136,1e-06,,3.360776690265455e-62,0.25,0.4375
S3_PLUS,3,539,primary,58,138,1e-06,,5.89335075741364e-90,0.25,0.625
S3_PLUS,3,539,primary,59,140,1e-06,,-4.975554358775734e-90,0.1875,0.625
S3_PLUS,3,539,primary,60,143,1e-06,,-4.994674723005551e-90,0.25,0.5625
S3_PLUS,3,539,primary,61,145,1e-06,,-9.839300735717613e-118,0.25,0.75
S3_PLUS,3,539,primary,62,147,1e-06,,7.97132391805094e-118,0.1875,0.75
S3_PLUS,3,539,primary,63,150,1e-06,,8.388924089064143e-118,0.25,0.6875
S3_PLUS,3,539,primary,64,152,1e-06,,1.978357569351095e-145,0.25,0.875
S3_PLUS,3,539,primary,65,154,1e-06,,-1.459834859211717e-145,0.1875,0.875
S3_PLUS,3,539,primary,66,157,1e-06,,-1.838079860139451e-145,0.25,0.8125
S3_PLUS,3,539,primary,67,159,1e-06,,-4.741116703842896e-173,0.25,1
S3_PLUS,3,539,primary,68,161,1e-06,,3.328886832702771e-173,0.1875,1
S3_PLUS,3,539,primary,69,164,1e-06,,5.449459674424721e-173,0.25,0.9375
S3_PLUS,3,539,primary,70,166,1e-06,,-6.113662845414335e-61,0.375,0
S3_PLUS,3,539,primary,71,168,1e-06,,-1.170397877144525e-60,0.375,0.125
S3_PLUS,3,539,primary,72,170,1e-06,,6.387347889296196e-61,0.3125,0
S3_PLUS,3,539,primary,73,173,1e-06,,1.372809720980558e-60,0.3125,0.125
S3_PLUS,3,539,primary,74,176,1e-06,,6.367673846526218e-61,0.375,0.0625
S3_PLUS,3,539,primary,75,178,1e-06,,-7.62073026541261e-61,0.375,0.25
S3_PLUS,3,539,primary,76,180,1e-06,,8.918568950766653e-61,0.3125,0.25
S3_PLUS,3,539,primary,77,183,1e-06,,6.761755045561391e-61,0.375,0.1875
S3_PLUS,3,539,primary,78,185,1e-06,,-3.916156714406212e-62,0.375,0.375
S3_PLUS,3,539,primary,79,187,1e-06,,3.351311079041498e-62,0.3125,0.375
S3_PLUS,3,539,primary,80,190,1e-06,,3.349769862499045e-62,0.375,0.3125
S3_PLUS,3,539,primary,81,192,1e-06,,7.023972371825637e-66,0.375,0.5
S3_PLUS,3,539,primary,82,194,1e-06,,-7.029236247904722e-66,0.3125,0.5
S3_PLUS,3,539,primary,83,197,1e-06,,-7.029223079549492e-66,0.375,0.4375
S3_PLUS,3,539,primary,84,199,1e-06,,2.636641515863091e-92,0.375,0.625
S3_PLUS,3,539,primary,85,201,1e-06,,-1.614095258186461e-92,0.3125,0.625
S3_PLUS,3,539,primary,86,204,1e-06,,-3.455696620376571e-92,0.375,0.5625
S3_PLUS,3,539,primary,87,206,1e-06,,-3.62202095759761e-119,0.375,0.75
S3_PLUS,3,539,primary,88,208,1e-06,,1.915947294480425e-119,0.3125,0.75
S3_PLUS,3,539,primary,89,211,1e-06,,4.226733165752202e-119,0.375,0.6875
S3_PLUS,3,539,primary,90,213,1e-06,,2.772119948178559e-146,0.375,0.875
S3_PLUS,3,539,primary,91,215,1e-06,,-1.572386447503526e-146,0.3125,0.875
S3_PLUS,3,539,primary,92,218,1e-06,,-3.710101652000935e-146,0.375,0.8125
S3_PLUS,3,539,primary,93,220,1e-06,,-1.202451546245656e-173,0.375,1
S3_PLUS,3,539,primary,94,222,1e-06,,9.206924330306478e-174,0.3125,1
S3_PLUS,3,539,primary,95,225,1e-06,,1.953494040481685e-173,0.375,0.9375
S3_PLUS,3,539,primary,96,227,1e-06,,3.662856576341016e-89,0.5,0
S3_PLUS,3,539,primary,97,229,1e-06,,1.819622957737235e-88,0.5,0.125
S3_PLUS,3,539,primary,98,231,1e-06,,-2.690249464829095e-89,0.4375,0
S3_PLUS,3,539,primary,99,234,1e-06,,-3.126141884803914e-88,0.4375,0.125
S3_PLUS,3,539,primary,100,237,1e-06,,-2.740877913306091e-89,0.5,0.0625
S3_PLUS,3,539,primary,101,239,1e-06,,6.045052228537927e-89,0.5,0.25
S3_PLUS,3,539,primary,102,241,1e-06,,-6.698520482886845e-89,0.4375,0.25
S3_PLUS,3,539,primary,103,244,1e-06,,-3.397758671326231e-89,0.5,0.1875
S3_PLUS,3,539,primary,104,246,1e-06,,6.18815820336634e-90,0.5,0.375
S3_PLUS,3,539,primary,105,248,1e-06,,-5.586447195111326e-90,0.4375,0.375
S3_PLUS,3,539,primary,106,251,1e-06,,-5.132586924327752e-90,0.5,0.3125
S3_PLUS,3,539,primary,107,253,1e-06,,9.102713256023714e-92,0.5,0.5
S3_PLUS,3,539,primary,108,255,1e-06,,-1.424461111143605e-91,0.4375,0.5
S3_PLUS,3,539,primary,109,258,1e-06,,-1.286655817663612e-91,0.5,0.4375
S3_PLUS,3,539,primary,110,260,1e-06,,4.432041634269153e-93,0.5,0.625
S3_PLUS,3,539,primary,111,262,1e-06,,-5.545483876915798e-93,0.4375,0.625
S3_PLUS,3,539,primary,112,265,1e-06,,-5.795780729246154e-93,0.5,0.5625
S3_PLUS,3,539,primary,113,267,1e-06,,-8.894280388311697e-120,0.5,0.75
S3_PLUS,3,539,primary,114,269,1e-06,,7.882913730354248e-120,0.4375,0.75
S3_PLUS,3,539,primary,115,272,1e-06,,8.78919537859692e-120,0.5,0.6875
S3_PLUS,3,539,primary,116,274,1e-06,,8.467416838157748e-147,0.5,0.875
S3_PLUS,3,539,primary,117,276,1e-06,,-8.097726153301718e-147,0.4375,0.875
S3_PLUS,3,539,primary,118,279,1e-06,,-1.211678005945716e-146,0.5,0.8125
S3_PLUS,3,539,primary,119,281,1e-06,,-2.964821128990049e-174,0.5,1
S3_PLUS,3,539,primary,120,283,1e-06,,4.042071183302986e-174,0.4375,1
S3_PLUS,3,539,primary,121,286,1e-06,,5.076280013583357e-174,0.5,0.9375
S3_PLUS,3,539,primary,122,288,1e-06,,-8.059709526141535e-117,0.625,0
S3_PLUS,3,539,primary,123,290,1e-06,,-3.008153516408426e-116,0.625,0.125
S3_PLUS,3,539,primary,124,292,1e-06,,6.896322253836181e-117,0.5625,0
S3_PLUS,3,539,primary,125,295,1e-06,,4.682755658421144e-116,0.5625,0.125
S3_PLUS,3,539,primary,126,298,1e-06,,6.851263688142991e-117,0.625,0.0625
S3_PLUS,3,539,primary,127,300,1e-06,,-1.205712884703098e-116,0.625,0.25
S3_PLUS,3,539,primary,128,302,1e-06,,1.328549180061061e-116,0.5625,0.25
S3_PLUS,3,539,primary,129,305,1e-06,,7.811655113471854e-117,0.625,0.1875
S3_PLUS,3,539,primary,130,307,1e-06,,-1.224584241181538e-117,0.625,0.375
S3_PLUS,3,539,primary,131,309,1e-06,,1.000773400562375e-117,0.5625,0.375
S3_PLUS,3,539,primary,132,312,1e-06,,8.676727443188253e-118,0.625,0.3125
S3_PLUS,3,539,primary,133,314,1e-06,,-1.018356808509613e-118,0.625,0.5
S3_PLUS,3,539,primary,134,316,1e-06,,1.270715458213295e-119,0.5625,0.5
S3_PLUS,3,539,primary,135,319,1e-06,,5.395270282066199e-119,0.625,0.4375
S3_PLUS,3,539,primary,136,321,1e-06,,-5.681635969803615e-120,0.625,0.625
S3_PLUS,3,539,primary,137,323,1e-06,,-2.188753755676891e-119,0.5625,0.625
S3_PLUS,3,539,primary,138,326,1e-06,,-2.112077418131018e-119,0.625,0.5625
S3_PLUS,3,539,primary,139,328,1e-06,,-4.989103658999993e-121,0.625,0.75
S3_PLUS,3,539,primary,140,330,1e-06,,-1.845667287610933e-121,0.5625,0.75
S3_PLUS,3,539,primary,141,333,1e-06,,-1.033722901971861e-121,0.625,0.6875
S3_PLUS,3,539,primary,142,335,1e-06,,1.175383342212672e-147,0.625,0.875
S3_PLUS,3,539,primary,143,337,1e-06,,-1.205951926914876e-147,0.5625,0.875
S3_PLUS,3,539,primary,144,340,1e-06,,-2.215646199838364e-147,0.625,0.8125
S3_PLUS,3,539,primary,145,342,1e-06,,7.914706250038272e-177,0.625,1
S3_PLUS,3,539,primary,146,344,1e-06,,5.882979279192189e-176,0.5625,1
S3_PLUS,3,539,primary,147,347,1e-06,,2.441195657186137e-176,0.625,0.9375
S3_PLUS,3,539,primary,148,349,1e-06,,1.332299994458281e-144,0.75,0
S3_PLUS,3,539,primary,149,351,1e-06,,5.291617801382484e-144,0.75,0.125
S3_PLUS,3,539,primary,150,353,1e-06,,-1.203794261513668e-144,0.6875,0
S3_PLUS,3,539,primary,151,356,1e-06,,-8.51447607439086e-144,0.6875,0.125
S3_PLUS,3,539,primary,152,359,1e-06,,-1.154065868405161e-144,0.75,0.0625
S3_PLUS,3,539,primary,153,361,1e-06,,2.144206897230121e-144,0.75,0.25
S3_PLUS,3,539,primary,154,363,1e-06,,-2.564923894951532e-144,0.6875,0.25
S3_PLUS,3,539,primary,155,366,1e-06,,-1.367146174561595e-144,0.75,0.1875
S3_PLUS,3,539,primary,156,368,1e-06,,3.77029260610344e-145,0.75,0.375
S3_PLUS,3,539,primary,157,370,1e-06,,-5.725641656876796e-145,0.6875,0.375
S3_PLUS,3,539,primary,158,373,1e-06,,-3.027291675040335e-145,0.75,0.3125
S3_PLUS,3,539,primary,159,375,1e-06,,1.068155233763317e-145,0.75,0.5
S3_PLUS,3,539,primary,160,377,1e-06,,-2.25480613811442e-145,0.6875,0.5
S3_PLUS,3,539,primary,161,380,1e-06,,-1.404874274307811e-145,0.75,0.4375
S3_PLUS,3,539,primary,162,382,1e-06,,2.730545374175142e-146,0.75,0.625
S3_PLUS,3,539,primary,163,384,1e-06,,-7.105125836341491e-146,0.6875,0.625
S3_PLUS,3,539,primary,164,387,1e-06,,-4.595700902990342e-146,0.75,0.5625
S3_PLUS,3,539,primary,165,389,1e-06,,7.03071077694409e-147,0.75,0.75
S3_PLUS,3,539,primary,166,391,1e-06,,-1.746275373831584e-146,0.6875,0.75
S3_PLUS,3,539,primary,167,394,1e-06,,-1.670094608284608e-146,0.75,0.6875
S3_PLUS,3,539,primary,168,396,1e-06,,2.457199590374549e-148,0.75,0.875
S3_PLUS,3,539,primary,169,398,1e-06,,-5.717202812059605e-148,0.6875,0.875
S3_PLUS,3,539,primary,170,401,1e-06,,-5.780054900405134e-148,0.75,0.8125
S3_PLUS,3,539,primary,171,403,1e-06,,2.902828918643146e-176,0.75,1
S3_PLUS,3,539,primary,172,405,1e-06,,2.702924210410301e-176,0.6875,1
S3_PLUS,3,539,primary,173,408,1e-06,,-1.844099572724906e-175,0.75,0.9375
S3_PLUS,3,539,primary,174,410,1e-06,,-2.54059689829789e-172,0.875,0
S3_PLUS,3,539,primary,175,412,1e-06,,-9.519800776803913e-172,0.875,0.125
S3_PLUS,3,539,primary,176,414,1e-06,,1.484928627291518e-172,0.8125,0
S3_PLUS,3,539,primary,177,417,1e-06,,1.351060571490239e-171,0.8125,0.125
S3_PLUS,3,539,primary,178,420,1e-06,,1.753939741111285e-172,0.875,0.0625
S3_PLUS,3,539,primary,179,422,1e-06,,-3.848912000635915e-172,0.875,0.25
S3_PLUS,3,539,primary,180,424,1e-06,,2.638931705289604e-172,0.8125,0.25
S3_PLUS,3,539,primary,181,427,1e-06,,1.486806155128514e-172,0.875,0.1875
S3_PLUS,3,539,primary,182,429,1e-06,,-6.478241152268777e-173,0.875,0.375
S3_PLUS,3,539,primary,183,431,1e-06,,-3.678150907105289e-173,0.8125,0.375
S3_PLUS,3,539,primary,184,434,1e-06,,-4.163650695148884e-173,0.875,0.3125
S3_PLUS,3,539,primary,185,436,1e-06,,-1.051145889510231e-173,0.875,0.5
S3_PLUS,3,539,primary,186,438,1e-06,,-2.509802481250402e-173,0.8125,0.5
S3_PLUS,3,539,primary,187,441,1e-06,,-2.455795601607471e-173,0.875,0.4375
S3_PLUS,3,539,primary,188,443,1e-06,,4.034453544600511e-174,0.875,0.625
S3_PLUS,3,539,primary,189,445,1e-06,,-1.337227639748387e-173,0.8125,0.625
S3_PLUS,3,539,primary,190,448,1e-06,,-1.74474507583883e-173,0.875,0.5625
S3_PLUS,3,539,primary,191,450,1e-06,,1.417829163763958e-174,0.875,0.75
S3_PLUS,3,539,primary,192,452,1e-06,,-4.171216004573868e-174,0.8125,0.75
S3_PLUS,3,539,primary,193,455,1e-06,,-3.554606728496502e-174,0.875,0.6875
S3_PLUS,3,539,primary,194,457,1e-06,,8.569590584434432e-175,0.875,0.875
S3_PLUS,3,539,primary,195,459,1e-06,,-2.12279991251972e-174,0.8125,0.875
S3_PLUS,3,539,primary,196,462,1e-06,,-2.090325518396096e-174,0.875,0.8125
S3_PLUS,3,539,primary,197,464,1e-06,,6.539555072993838e-176,0.875,1
S3_PLUS,3,539,primary,198,466,1e-06,,-1.615691299663096e-175,0.8125,1
S3_PLUS,3,539,primary,199,469,1e-06,,-1.653318128367434e-175,0.875,0.9375
S3_PLUS,3,539,primary,200,471,1e-06,,4.650419391532297e-200,1,0
S3_PLUS,3,539,primary,201,473,1e-06,,1.490131074220971e-199,1,0.125
S3_PLUS,3,539,primary,202,475,1e-06,,-7.121864721668723e-201,0.9375,0
S3_PLUS,3,539,primary,203,478,1e-06,,-2.373589736161235e-199,0.9375,0.125
S3_PLUS,3,539,primary,204,481,1e-06,,-7.511704604111763e-200,1,0.0625
S3_PLUS,3,539,primary,205,483,1e-06,,6.79647395760362e-201,1,0.25
S3_PLUS,3,539,primary,206,485,1e-06,,1.779837914005304e-200,0.9375,0.25
S3_PLUS,3,539,primary,207,488,1e-06,,3.274933024442402e-201,1,0.1875
S3_PLUS,3,539,primary,208,490,1e-06,,-3.444073393654002e-200,1,0.375
S3_PLUS,3,539,primary,209,492,1e-06,,3.863022168199437e-200,0.9375,0.375
S3_PLUS,3,539,primary,210,495,1e-06,,3.731393660595087e-200,1,0.3125
S3_PLUS,3,539,primary,211,497,1e-06,,-1.94197059969581e-200,1,0.5
S3_PLUS,3,539,primary,212,499,1e-06,,-1.655351557458435e-200,0.9375,0.5
S3_PLUS,3,539,primary,213,502,1e-06,,9.100036120985442e-201,1,0.4375
S3_PLUS,3,539,primary,214,504,1e-06,,-7.736183342769991e-201,1,0.625
S3_PLUS,3,539,primary,215,506,1e-06,,-1.995808601139829e-200,0.9375,0.625
S3_PLUS,3,539,primary,216,509,1e-06,,-2.311884395660141e-201,1,0.5625
S3_PLUS,3,539,primary,217,511,1e-06,,-2.335434727864413e-201,1,0.75
S3_PLUS,3,539,primary,218,513,1e-06,,-4.115339114266099e-201,0.9375,0.75
S3_PLUS,3,539,primary,219,516,1e-06,,-1.23111045007492e-201,1,0.6875
S3_PLUS,3,539,primary,220,518,1e-06,,-1.236941905775693e-201,1,0.875
S3_PLUS,3,539,primary,221,520,1e-06,,1.956800400746971e-201,0.9375,0.875
S3_PLUS,3,539,primary,222,523,1e-06,,1.733503685470074e-201,1,0.8125
S3_PLUS,3,539,primary,223,525,1e-06,,-3.750761440812589e-202,1,1
S3_PLUS,3,539,primary,224,527,1e-06,,7.1818600336104e-202,0.9375,1
S3_PLUS,3,539,primary,225,530,1e-06,,8.385008457235825e-202,1,0.9375
S3_MINUS,3,539,secondary,1,532,-1e-06,-0.000100030408101763,-8.343149849410264e-06,0.1248499974608421,0.1799499988555908
S3_MINUS,3,539,secondary,2,535,-1e-06,-0.0001000901000150329,-8.341220052713429e-06,0.124949999153614,0.1799499988555908
S3_MINUS,3,539,secondary,3,536,-1e-06,-0.0001000901000150194,-8.341220052713407e-06,0.1248499974608421,0.1800500005483627
S3_MINUS,3,539,secondary,4,539,-1e-06,-9.963553052432924e-05,-8.351082853313081e-06,0.124949999153614,0.1800500005483627
S3_MINUS,3,539,secondary,5,543,-1e-06,-0.0001001350865472147,3.337077755336772e-05,0.1248999983072281,0.1799499988555908
S3_MINUS,3,539,secondary,6,547,-1e-06,-0.000100094105736907,3.336210179855958e-05,0.1248999983072281,0.1800500005483627
S3_MINUS,3,539,secondary,7,548,-1e-06,-0.0001001350865472118,3.337077755336293e-05,0.1248499974608421,0.1800000071525574
S3_MINUS,3,539,secondary,8,551,-1e-06,-0.0001000941057369114,3.33621017985606e-05,0.124949999153614,0.1800000071525574
S3_MINUS,3,539,primary,1,2,-1e-06,,-4.040813350959806e-34,0,0
S3_MINUS,3,539,primary,2,3,-1e-06,,-1.328011956890832e-33,0.125,0
S3_MINUS,3,539,primary,3,6,-1e-06,,-8.436788886026153e-08,0,0.125
S3_MINUS,3,539,primary,4,7,-1e-06,,6.631021276718925e-06,0.125,0.125
S3_MINUS,3,539,primary,5,10,-1e-06,,3.694470332182328e-34,0.0625,0
S3_MINUS,3,539,primary,6,14,-1e-06,,1.795161027826215e-07,0.0625,0.125
S3_MINUS,3,539,primary,7,18,-1e-06,,3.709764937103459e-34,0,0.0625
S3_MINUS,3,539,primary,8,19,-1e-06,,2.187296682529113e-33,0.125,0.0625
S3_MINUS,3,539,primary,9,22,-1e-06,,-7.475927235275481e-08,0,0.25
S3_MINUS,3,539,primary,10,23,-1e-06,,-5.351088355429945e-06,0.125,0.25
S3_MINUS,3,539,primary,11,26,-1e-06,,1.410483215572028e-07,0.0625,0.25
S3_MINUS,3,539,primary,12,30,-1e-06,,7.905546245100192e-08,0,0.1875
S3_MINUS,3,539,primary,13,31,-1e-06,,9.856866024883387e-05,0.125,0.1875
S3_MINUS,3,539,primary,14,34,-1e-06,,3.571805747222844e-34,0,0.375
S3_MINUS,3,539,primary,15,35,-1e-06,,1.097451015979773e-33,0.125,0.375
S3_MINUS,3,539,primary,16,38,-1e-06,,-3.237940332568657e-34,0.0625,0.375
S3_MINUS,3,539,primary,17,42,-1e-06,,-3.235242542803177e-34,0,0.3125
S3_MINUS,3,539,primary,18,43,-1e-06,,-1.774180826632088e-33,0.125,0.3125
S3_MINUS,3,539,primary,19,46,-1e-06,,-3.928402782134515e-62,0,0.5
S3_MINUS,3,539,primary,20,47,-1e-06,,-1.481601643035871e-61,0.125,0.5
S3_MINUS,3,539,primary,21,50,-1e-06,,3.35183947088364e-62,0.0625,0.5
S3_MINUS,3,539,primary,22,54,-1e-06,,3.349041907650651e-62,0,0.4375
S3_MINUS,3,539,primary,23,55,-1e-06,,2.445550030174732e-61,0.125,0.4375
S3_MINUS,3,539,primary,24,58,-1e-06,,5.776688025578648e-90,0,0.625
S3_MINUS,3,539,primary,25,59,-1e-06,,2.262440548094834e-89,0.125,0.625
S3_MINUS,3,539,primary,26,62,-1e-06,,-4.870350524247799e-90,0.0625,0.625
S3_MINUS,3,539,primary,27,66,-1e-06,,-4.852129205376407e-90,0,0.5625
S3_MINUS,3,539,primary,28,67,-1e-06,,-3.729505520684538e-89,0.125,0.5625
S3_MINUS,3,539,primary,29,70,-1e-06,,-8.472047316853367e-118,0,0.75
S3_MINUS,3,539,primary,30,71,-1e-06,,-3.466878187418335e-117,0.125,0.75
S3_MINUS,3,539,primary,31,74,-1e-06,,7.007338238431774e-118,0.0625,0.75
S3_MINUS,3,539,primary,32,78,-1e-06,,7.018912195693314e-118,0,0.6875
S3_MINUS,3,539,primary,33,79,-1e-06,,5.769772628086995e-117,0.125,0.6875
S3_MINUS,3,539,primary,34,82,-1e-06,,1.009324601362057e-145,0,0.875
S3_MINUS,3,539,primary,35,83,-1e-06,,4.658426050913265e-145,0.125,0.875
S3_MINUS,3,539,primary,36,86,-1e-06,,-7.449739670494455e-146,0.0625,0.875
S3_MINUS,3,539,primary,37,90,-1e-06,,-8.26519261956347e-146,0,0.8125
S3_MINUS,3,539,primary,38,91,-1e-06,,-8.026650089627105e-145,0.125,0.8125
S3_MINUS,3,539,primary,39,94,-1e-06,,7.909521402445396e-175,0,1
S3_MINUS,3,539,primary,40,95,-1e-06,,-2.423723561693163e-173,0.125,1
S3_MINUS,3,539,primary,41,98,-1e-06,,-7.094975259514985e-174,0.0625,1
S3_MINUS,3,539,primary,42,102,-1e-06,,3.080648620998126e-174,0,0.9375
S3_MINUS,3,539,primary,43,103,-1e-06,,5.567510569362773e-173,0.125,0.9375
S3_MINUS,3,539,primary,44,105,-1e-06,,-4.230730552375453e-34,0.25,0
S3_MINUS,3,539,primary,45,107,-1e-06,,4.723956506462479e-33,0.25,0.125
S3_MINUS,3,539,primary,46,109,-1e-06,,3.852889139930551e-34,0.1875,0
S3_MINUS,3,539,primary,47,112,-1e-06,,1.710823077257813e-33,0.1875,0.125
S3_MINUS,3,539,primary,48,115,-1e-06,,3.852608535888999e-34,0.25,0.0625
S3_MINUS,3,539,primary,49,117,-1e-06,,6.387076030728911e-33,0.25,0.25
S3_MINUS,3,539,primary,50,119,-1e-06,,-1.55312927770834e-33,0.1875,0.25
S3_MINUS,3,539,primary,51,122,-1e-06,,-5.902225180154082e-33,0.25,0.1875
S3_MINUS,3,539,primary,52,124,-1e-06,,3.414196944590875e-34,0.25,0.375
S3_MINUS,3,539,primary,53,126,-1e-06,,-3.109374921468695e-34,0.1875,0.375
S3_MINUS,3,539,primary,54,129,-1e-06,,-3.109374978610677e-34,0.25,0.3125
S3_MINUS,3,539,primary,55,131,-1e-06,,-3.935259732235749e-62,0.25,0.5
S3_MINUS,3,539,primary,56,133,-1e-06,,3.369604810406323e-62,0.1875,0.5
S3_MINUS,3,539,primary,57,136,-1e-06,,3.371501648340694e-62,0.25,0.4375
S3_MINUS,3,539,primary,58,138,-1e-06,,5.757881135443939e-90,0.25,0.625
S3_MINUS,3,539,primary,59,140,-1e-06,,-4.908520226601645e-90,0.1875,0.625
S3_MINUS,3,539,primary,60,143,-1e-06,,-4.854733981341196e-90,0.25,0.5625
S3_MINUS,3,539,primary,61,145,-1e-06,,-7.963605105095939e-118,0.25,0.75
S3_MINUS,3,539,primary,62,147,-1e-06,,7.055514773860063e-118,0.1875,0.75
S3_MINUS,3,539,primary,63,150,-1e-06,,6.305819725864693e-118,0.25,0.6875
S3_MINUS,3,539,primary,64,152,-1e-06,,4.740506466019811e-146,0.25,0.875
S3_MINUS,3,539,primary,65,154,-1e-06,,-6.720441356367706e-146,0.1875,0.875
S3_MINUS,3,539,primary,66,157,-1e-06,,8.801485220342678e-147,0.25,0.8125
S3_MINUS,3,539,primary,67,159,-1e-06,,4.266208718956094e-173,0.25,1
S3_MINUS,3,539,primary,68,161,-1e-06,,-1.996208417936278e-173,0.1875,1
S3_MINUS,3,539,primary,69,164,-1e-06,,-7.414131339298154e-173,0.25,0.9375
S3_MINUS,3,539,primary,70,166,-1e-06,,-6.122365604362755e-61,0.375,0
S3_MINUS,3,539,primary,71,168,-1e-06,,-1.171911525658128e-60,0.375,0.125
S3_MINUS,3,539,primary,72,170,-1e-06,,6.395491287842526e-61,0.3125,0
S3_MINUS,3,539,primary,73,173,-1e-06,,1.374260304109075e-60,0.3125,0.125
S3_MINUS,3,539,primary,74,176,-1e-06,,6.375421156309721e-61,0.375,0.0625
S3_MINUS,3,539,primary,75,178,-1e-06,,-7.632479867583863e-61,0.375,0.25
S3_MINUS,3,539,primary,76,180,-1e-06,,8.934430595163418e-61,0.3125,0.25
S3_MINUS,3,539,primary,77,183,-1e-06,,6.772467736639118e-61,0.375,0.1875
S3_MINUS,3,539,primary,78,185,-1e-06,,-3.921111561275728e-62,0.375,0.375
S3_MINUS,3,539,primary,79,187,-1e-06,,3.356906913400385e-62,0.3125,0.375
S3_MINUS,3,539,primary,80,190,-1e-06,,3.35507756318376e-62,0.375,0.3125
S3_MINUS,3,539,primary,81,192,-1e-06,,5.119512261557246e-66,0.375,0.5
S3_MINUS,3,539,primary,82,194,-1e-06,,-5.109857394130021e-66,0.3125,0.5
S3_MINUS,3,539,primary,83,197,-1e-06,,-5.109857431551661e-66,0.375,0.4375
S3_MINUS,3,539,primary,84,199,-1e-06,,-4.550150402960447e-92,0.375,0.625
S3_MINUS,3,539,primary,85,201,-1e-06,,3.093511508913018e-92,0.3125,0.625
S3_MINUS,3,539,primary,86,204,-1e-06,,6.124703363592259e-92,0.375,0.5625
S3_MINUS,3,539,primary,87,206,-1e-06,,5.951784523662773e-119,0.375,0.75
S3_MINUS,3,539,primary,88,208,-1e-06,,-3.639441212072982e-119,0.3125,0.75
S3_MINUS,3,539,primary,89,211,-1e-06,,-7.155811205645291e-119,0.375,0.6875
S3_MINUS,3,539,primary,90,213,-1e-06,,-5.446423401488368e-146,0.375,0.875
S3_MINUS,3,539,primary,91,215,-1e-06,,3.745051849425692e-146,0.3125,0.875
S3_MINUS,3,539,primary,92,218,-1e-06,,7.619465249518309e-146,0.375,0.8125
S3_MINUS,3,539,primary,93,220,-1e-06,,3.816442274722809e-173,0.375,1
S3_MINUS,3,539,primary,94,222,-1e-06,,-2.720944421945391e-173,0.3125,1
S3_MINUS,3,539,primary,95,225,-1e-06,,-5.434358672351179e-173,0.375,0.9375
S3_MINUS,3,539,primary,96,227,-1e-06,,3.678650668172197e-89,0.5,0
S3_MINUS,3,539,primary,97,229,-1e-06,,1.820539625572207e-88,0.5,0.125
S3_MINUS,3,539,primary,98,231,-1e-06,,-2.701089517317451e-89,0.4375,0
S3_MINUS,3,539,primary,99,234,-1e-06,,-3.132474794855691e-88,0.4375,0.125
S3_MINUS,3,539,primary,100,237,-1e-06,,-2.755706772380587e-89,0.5,0.0625
S3_MINUS,3,539,primary,101,239,-1e-06,,5.961694327413566e-89,0.5,0.25
S3_MINUS,3,539,primary,102,241,-1e-06,,-6.608876508777136e-89,0.4375,0.25
S3_MINUS,3,539,primary,103,244,-1e-06,,-3.373578489432527e-89,0.5,0.1875
S3_MINUS,3,539,primary,104,246,-1e-06,,5.229534159244943e-90,0.5,0.375
S3_MINUS,3,539,primary,105,248,-1e-06,,-3.920812885889712e-90,0.4375,0.375
S3_MINUS,3,539,primary,106,251,-1e-06,,-4.660596776723369e-90,0.5,0.3125
S3_MINUS,3,539,primary,107,253,-1e-06,,-1.505219646919322e-91,0.5,0.5
S3_MINUS,3,539,primary,108,255,-1e-06,,2.30271380359539e-91,0.4375,0.5
S3_MINUS,3,539,primary,109,258,-1e-06,,1.989108350444231e-91,0.5,0.4375
S3_MINUS,3,539,primary,110,260,-1e-06,,-7.43775944534089e-93,0.5,0.625
S3_MINUS,3,539,primary,111,262,-1e-06,,1.012721898480585e-92,0.4375,0.625
S3_MINUS,3,539,primary,112,265,-1e-06,,1.012708791130909e-92,0.5,0.5625
S3_MINUS,3,539,primary,113,267,-1e-06,,1.434195073530932e-119,0.5,0.75
S3_MINUS,3,539,primary,114,269,-1e-06,,-1.349467951837851e-119,0.4375,0.75
S3_MINUS,3,539,primary,115,272,-1e-06,,-1.333590417494218e-119,0.5,0.6875
S3_MINUS,3,539,primary,116,274,-1e-06,,-1.736623014078379e-146,0.5,0.875
S3_MINUS,3,539,primary,117,276,-1e-06,,1.760260697206258e-146,0.4375,0.875
S3_MINUS,3,539,primary,118,279,-1e-06,,2.430388701757612e-146,0.5,0.8125
S3_MINUS,3,539,primary,119,281,-1e-06,,1.34573924120273e-173,0.5,1
S3_MINUS,3,539,primary,120,283,-1e-06,,-1.26262979888078e-173,0.4375,1
S3_MINUS,3,539,primary,121,286,-1e-06,,-1.764222233056686e-173,0.5,0.9375
S3_MINUS,3,539,primary,122,288,-1e-06,,-7.92197758529699e-117,0.625,0
S3_MINUS,3,539,primary,123,290,-1e-06,,-2.956540002372534e-116,0.625,0.125
S3_MINUS,3,539,primary,124,292,-1e-06,,6.905924963770855e-117,0.5625,0
S3_MINUS,3,539,primary,125,295,-1e-06,,4.660479550403512e-116,0.5625,0.125
S3_MINUS,3,539,primary,126,298,-1e-06,,6.804062459685922e-117,0.625,0.0625
S3_MINUS,3,539,primary,127,300,-1e-06,,-1.103650598827686e-116,0.625,0.25
S3_MINUS,3,539,primary,128,302,-1e-06,,1.257801641336527e-116,0.5625,0.25
S3_MINUS,3,539,primary,129,305,-1e-06,,7.614779942116455e-117,0.625,0.1875
S3_MINUS,3,539,primary,130,307,-1e-06,,-3.469205858941126e-118,0.625,0.375
S3_MINUS,3,539,primary,131,309,-1e-06,,2.666092138297436e-118,0.5625,0.375
S3_MINUS,3,539,primary,132,312,-1e-06,,5.815537612448768e-118,0.625,0.3125
S3_MINUS,3,539,primary,133,314,-1e-06,,1.908200837830964e-118,0.625,0.5
S3_MINUS,3,539,primary,134,316,-1e-06,,-9.51165978547853e-119,0.5625,0.5
S3_MINUS,3,539,primary,135,319,-1e-06,,-1.211895356052754e-118,0.625,0.4375
S3_MINUS,3,539,primary,136,321,-1e-06,,1.566027073348431e-119,0.625,0.625
S3_MINUS,3,539,primary,137,323,-1e-06,,1.864951664983226e-119,0.5625,0.625
S3_MINUS,3,539,primary,138,326,-1e-06,,2.067509410253411e-119,0.625,0.5625
S3_MINUS,3,539,primary,139,328,-1e-06,,6.755303317214043e-121,0.625,0.75
S3_MINUS,3,539,primary,140,330,-1e-06,,6.14754994414294e-121,0.5625,0.75
S3_MINUS,3,539,primary,141,333,-1e-06,,6.147201886938483e-121,0.625,0.6875
S3_MINUS,3,539,primary,142,335,-1e-06,,-2.761654408313373e-147,0.625,0.875
S3_MINUS,3,539,primary,143,337,-1e-06,,2.96533164900694e-147,0.5625,0.875
S3_MINUS,3,539,primary,144,340,-1e-06,,4.605228692279354e-147,0.625,0.8125
S3_MINUS,3,539,primary,145,342,-1e-06,,2.481017733210272e-174,0.625,1
S3_MINUS,3,539,primary,146,344,-1e-06,,-1.993064691537656e-174,0.5625,1
S3_MINUS,3,539,primary,147,347,-1e-06,,-2.738348337429534e-174,0.625,0.9375
S3_MINUS,3,539,primary,148,349,-1e-06,,1.105334165959345e-144,0.75,0
S3_MINUS,3,539,primary,149,351,-1e-06,,4.658619161460299e-144,0.75,0.125
S3_MINUS,3,539,primary,150,353,-1e-06,,-8.741984978093882e-145,0.6875,0
S3_MINUS,3,539,primary,151,356,-1e-06,,-7.539182368335645e-144,0.6875,0.125
S3_MINUS,3,539,primary,152,359,-1e-06,,-8.420786673174218e-145,0.75,0.0625
S3_MINUS,3,539,primary,153,361,-1e-06,,1.278399464476248e-144,0.75,0.25
S3_MINUS,3,539,primary,154,363,-1e-06,,-1.236803072330176e-144,0.6875,0.25
S3_MINUS,3,539,primary,155,366,-1e-06,,-9.548350406745734e-145,0.75,0.1875
S3_MINUS,3,539,primary,156,368,-1e-06,,-3.476615272698549e-145,0.75,0.375
S3_MINUS,3,539,primary,157,370,-1e-06,,6.82500607347335e-145,0.6875,0.375
S3_MINUS,3,539,primary,158,373,-1e-06,,1.689210563592819e-145,0.75,0.3125
S3_MINUS,3,539,primary,159,375,-1e-06,,-2.327924350714514e-145,0.75,0.5
S3_MINUS,3,539,primary,160,377,-1e-06,,4.195335913216524e-145,0.6875,0.5
S3_MINUS,3,539,primary,161,380,-1e-06,,2.356022148634007e-145,0.75,0.4375
S3_MINUS,3,539,primary,162,382,-1e-06,,-5.966923200114691e-146,0.75,0.625
S3_MINUS,3,539,primary,163,384,-1e-06,,1.271636931169903e-145,0.6875,0.625
S3_MINUS,3,539,primary,164,387,-1e-06,,7.781361174839071e-146,0.75,0.5625
S3_MINUS,3,539,primary,165,389,-1e-06,,-1.181725719284225e-146,0.75,0.75
S3_MINUS,3,539,primary,166,391,-1e-06,,2.657555472027874e-146,0.6875,0.75
S3_MINUS,3,539,primary,167,394,-1e-06,,2.444939715937661e-146,0.75,0.6875
S3_MINUS,3,539,primary,168,396,-1e-06,,-4.697932238090541e-148,0.75,0.875
S3_MINUS,3,539,primary,169,398,-1e-06,,1.020422895834879e-147,0.6875,0.875
S3_MINUS,3,539,primary,170,401,-1e-06,,1.01396165830547e-147,0.75,0.8125
S3_MINUS,3,539,primary,171,403,-1e-06,,3.34783737154627e-175,0.75,1
S3_MINUS,3,539,primary,172,405,-1e-06,,-3.942421246796062e-175,0.6875,1
S3_MINUS,3,539,primary,173,408,-1e-06,,-1.964597340679935e-175,0.75,0.9375
S3_MINUS,3,539,primary,174,410,-1e-06,,-1.374649960695656e-172,0.875,0
S3_MINUS,3,539,primary,175,412,-1e-06,,-6.1228857700565e-172,0.875,0.125
S3_MINUS,3,539,primary,176,414,-1e-06,,2.66952299611049e-172,0.8125,0
S3_MINUS,3,539,primary,177,417,-1e-06,,1.223377995876351e-171,0.8125,0.125
S3_MINUS,3,539,primary,178,420,-1e-06,,1.396443068733723e-172,0.875,0.0625
S3_MINUS,3,539,primary,179,422,-1e-06,,2.686611497216145e-173,0.875,0.25
S3_MINUS,3,539,primary,180,424,-1e-06,,1.03235430946305e-172,0.8125,0.25
S3_MINUS,3,539,primary,181,427,-1e-06,,1.685996395696821e-172,0.875,0.1875
S3_MINUS,3,539,primary,182,429,-1e-06,,2.716739153697786e-172,0.875,0.375
S3_MINUS,3,539,primary,183,431,-1e-06,,-2.514536729104572e-172,0.8125,0.375
S3_MINUS,3,539,primary,184,434,-1e-06,,-4.166753271932683e-173,0.875,0.3125
S3_MINUS,3,539,primary,185,436,-1e-06,,1.462360074443193e-172,0.875,0.5
S3_MINUS,3,539,primary,186,438,-1e-06,,-1.508323093556304e-172,0.8125,0.5
S3_MINUS,3,539,primary,187,441,-1e-06,,-6.10239884211338e-173,0.875,0.4375
S3_MINUS,3,539,primary,188,443,-1e-06,,3.785782957395986e-173,0.875,0.625
S3_MINUS,3,539,primary,189,445,-1e-06,,-3.679102643080509e-173,0.8125,0.625
S3_MINUS,3,539,primary,190,448,-1e-06,,-1.243765206111704e-173,0.875,0.5625
S3_MINUS,3,539,primary,191,450,-1e-06,,5.70441063362328e-174,0.875,0.75
S3_MINUS,3,539,primary,192,452,-1e-06,,-2.737509234288744e-174,0.8125,0.75
S3_MINUS,3,539,primary,193,455,-1e-06,,-1.927444618399348e-174,0.875,0.6875
S3_MINUS,3,539,primary,194,457,-1e-06,,-2.267384231468878e-175,0.875,0.875
S3_MINUS,3,539,primary,195,459,-1e-06,,1.630099229757157e-174,0.8125,0.875
S3_MINUS,3,539,primary,196,462,-1e-06,,1.638436619443917e-174,0.875,0.8125
S3_MINUS,3,539,primary,197,464,-1e-06,,-4.512919611480629e-176,0.875,1
S3_MINUS,3,539,primary,198,466,-1e-06,,1.450187257633181e-175,0.8125,1
S3_MINUS,3,539,primary,199,469,-1e-06,,1.486867480673219e-175,0.875,0.9375
S3_MINUS,3,539,primary,200,471,-1e-06,,-7.610649778721449e-203,1,0
S3_MINUS,3,539,primary,201,473,-1e-06,,-1.732647819532334e-201,1,0.125
S3_MINUS,3,539,primary,202,475,-1e-06,,-9.84123779013766e-200,0.9375,0
S3_MINUS,3,539,primary,203,478,-1e-06,,-3.929568921459355e-200,0.9375,0.125
S3_MINUS,3,539,primary,204,481,-1e-06,,3.420816810765059e-200,1,0.0625
S3_MINUS,3,539,primary,205,483,-1e-06,,-1.664143667864304e-199,1,0.25
S3_MINUS,3,539,primary,206,485,-1e-06,,2.625236417996986e-199,0.9375,0.25
S3_MINUS,3,539,primary,207,488,-1e-06,,5.810886496716852e-200,1,0.1875
S3_MINUS,3,539,primary,208,490,-1e-06,,-2.015531277880353e-199,1,0.375
S3_MINUS,3,539,primary,209,492,-1e-06,,3.262777909563014e-199,0.9375,0.375
S3_MINUS,3,539,primary,210,495,-1e-06,,1.124461763043183e-199,1,0.3125
S3_MINUS,3,539,primary,211,497,-1e-06,,-1.176826413239825e-199,1,0.5
S3_MINUS,3,539,primary,212,499,-1e-06,,2.104689174760468e-199,0.9375,0.5
S3_MINUS,3,539,primary,213,502,-1e-06,,9.418083112781152e-200,1,0.4375
S3_MINUS,3,539,primary,214,504,-1e-06,,-4.032165434574477e-200,1,0.625
S3_MINUS,3,539,primary,215,506,-1e-06,,7.608270327064945e-200,0.9375,0.625
S3_MINUS,3,539,primary,216,509,-1e-06,,3.962816686263857e-200,1,0.5625
S3_MINUS,3,539,primary,217,511,-1e-06,,-8.111936812479295e-201,1,0.75
S3_MINUS,3,539,primary,218,513,-1e-06,,1.253953567271533e-200,0.9375,0.75
S3_MINUS,3,539,primary,219,516,-1e-06,,8.341028757581042e-201,1,0.6875
S3_MINUS,3,539,primary,220,518,-1e-06,,-1.543235317455844e-202,1,0.875
S3_MINUS,3,539,primary,221,520,-1e-06,,-1.597198544736884e-201,0.9375,0.875
S3_MINUS,3,539,primary,222,523,-1e-06,,-1.050466528466123e-201,1,0.8125
S3_MINUS,3,539,primary,223,525,-1e-06,,3.665026291819779e-202,1,1
S3_MINUS,3,539,primary,224,527,-1e-06,,-1.010735691704136e-201,0.9375,1
S3_MINUS,3,539,primary,225,530,-1e-06,,-1.054719934974165e-201,1,0.9375
S4_PLUS,4,536,secondary,1,532,1e-06,-9.991568306703468e-05,-8.32649369097581e-06,0.1248499974608421,0.1799499988555908
S4_PLUS,4,536,secondary,2,535,1e-06,-9.997195570308128e-05,-8.324547617667147e-06,0.124949999153614,0.1799499988555908
S4_PLUS,4,536,secondary,3,536,1e-06,-0.0001004463322779413,-8.314980980615104e-06,0.1248499974608421,0.1800500005483627
S4_PLUS,4,536,secondary,4,539,1e-06,-9.991568306706279e-05,-8.326493690975924e-06,0.124949999153614,0.1800500005483627
S4_PLUS,4,536,secondary,5,543,1e-06,-9.986890214364847e-05,3.329845198175684e-05,0.1248999983072281,0.1799499988555908
S4_PLUS,4,536,secondary,6,547,1e-06,-9.992003734740833e-05,3.330903619638651e-05,0.1248999983072281,0.1800500005483627
S4_PLUS,4,536,secondary,7,548,1e-06,-9.992003734738271e-05,3.330903619638721e-05,0.1248499974608421,0.1800000071525574
S4_PLUS,4,536,secondary,8,551,1e-06,-9.986890214368351e-05,3.32984519817527e-05,0.124949999153614,0.1800000071525574
S4_PLUS,4,536,primary,1,2,1e-06,,-4.03398487644481e-34,0,0
S4_PLUS,4,536,primary,2,3,1e-06,,-1.325794703811114e-33,0.125,0
S4_PLUS,4,536,primary,3,6,1e-06,,-8.423013015009224e-08,0,0.125
S4_PLUS,4,536,primary,4,7,1e-06,,6.619631740284263e-06,0.125,0.125
S4_PLUS,4,536,primary,5,10,1e-06,,3.688385700381913e-34,0.0625,0
S4_PLUS,4,536,primary,6,14,1e-06,,1.792224924208619e-07,0.0625,0.125
S4_PLUS,4,536,primary,7,18,1e-06,,3.703867390644874e-34,0,0.0625
S4_PLUS,4,536,primary,8,19,1e-06,,2.183898892613982e-33,0.125,0.0625
S4_PLUS,4,536,primary,9,22,1e-06,,-7.463769476974831e-08,0,0.25
S4_PLUS,4,536,primary,10,23,1e-06,,-5.341968329628906e-06,0.125,0.25
S4_PLUS,4,536,primary,11,26,1e-06,,1.408192851470172e-07,0.0625,0.25
S4_PLUS,4,536,primary,12,30,1e-06,,7.892710609639327e-08,0,0.1875
S4_PLUS,4,536,primary,13,31,1e-06,,9.840469590664946e-05,0.125,0.1875
S4_PLUS,4,536,primary,14,34,1e-06,,3.565677922625612e-34,0,0.375
S4_PLUS,4,536,primary,15,35,1e-06,,1.09553446027168e-33,0.125,0.375
S4_PLUS,4,536,primary,16,38,1e-06,,-3.232285916076615e-34,0.0625,0.375
S4_PLUS,4,536,primary,17,42,1e-06,,-3.229370844269277e-34,0,0.3125
S4_PLUS,4,536,primary,18,43,1e-06,,-1.770871732940136e-33,0.125,0.3125
S4_PLUS,4,536,primary,19,46,1e-06,,-3.919288594417332e-62,0,0.5
S4_PLUS,4,536,primary,20,47,1e-06,,-1.478664576928547e-61,0.125,0.5
S4_PLUS,4,536,primary,21,50,1e-06,,3.343221933099641e-62,0.0625,0.5
S4_PLUS,4,536,primary,22,54,1e-06,,3.340478813121442e-62,0,0.4375
S4_PLUS,4,536,primary,23,55,1e-06,,2.440538679329718e-61,0.125,0.4375
S4_PLUS,4,536,primary,24,58,1e-06,,5.868770047328963e-90,0,0.625
S4_PLUS,4,536,primary,25,59,1e-06,,2.281115402137206e-89,0.125,0.625
S4_PLUS,4,536,primary,26,62,1e-06,,-4.959495139955526e-90,0.0625,0.625
S4_PLUS,4,536,primary,27,66,1e-06,,-4.947145307152464e-90,0,0.5625
S4_PLUS,4,536,primary,28,67,1e-06,,-3.750231329271193e-89,0.125,0.5625
S4_PLUS,4,536,primary,29,70,1e-06,,-9.573635076747201e-118,0,0.75
S4_PLUS,4,536,primary,30,71,1e-06,,-3.720581406344633e-117,0.125,0.75
S4_PLUS,4,536,primary,31,74,1e-06,,8.086201705991144e-118,0.0625,0.75
S4_PLUS,4,536,primary,32,78,1e-06,,8.064559422044954e-118,0,0.6875
S4_PLUS,4,536,primary,33,79,1e-06,,6.086338899052017e-117,0.125,0.6875
S4_PLUS,4,536,primary,34,82,1e-06,,1.749749390990619e-145,0,0.875
S4_PLUS,4,536,primary,35,83,1e-06,,6.534733581374642e-145,0.125,0.875
S4_PLUS,4,536,primary,36,86,1e-06,,-1.546004561764876e-145,0.0625,0.875
S4_PLUS,4,536,primary,37,90,1e-06,,-1.533365148015199e-145,0,0.8125
S4_PLUS,4,536,primary,38,91,1e-06,,-1.063424210970484e-144,0.125,0.8125
S4_PLUS,4,536,primary,39,94,1e-06,,-3.495139097406828e-173,0,1
S4_PLUS,4,536,primary,40,95,1e-06,,-1.269496827932933e-172,0.125,1
S4_PLUS,4,536,primary,41,98,1e-06,,3.340708144153334e-173,0.0625,1
S4_PLUS,4,536,primary,42,102,1e-06,,3.547252411645939e-173,0,0.9375
S4_PLUS,4,536,primary,43,103,1e-06,,2.13590450370689e-172,0.125,0.9375
S4_PLUS,4,536,primary,44,105,1e-06,,-4.223575586388499e-34,0.25,0
S4_PLUS,4,536,primary,45,107,1e-06,,4.715404010349049e-33,0.25,0.125
S4_PLUS,4,536,primary,46,109,1e-06,,3.846491558764979e-34,0.1875,0
S4_PLUS,4,536,primary,47,112,1e-06,,1.710131277859501e-33,0.1875,0.125
S4_PLUS,4,536,primary,48,115,1e-06,,3.846491514031971e-34,0.25,0.0625
S4_PLUS,4,536,primary,49,117,1e-06,,6.377198383866014e-33,0.25,0.25
S4_PLUS,4,536,primary,50,119,1e-06,,-1.55279678797856e-33,0.1875,0.25
S4_PLUS,4,536,primary,51,122,1e-06,,-5.892501876468276e-33,0.25,0.1875
S4_PLUS,4,536,primary,52,124,1e-06,,3.408287641493914e-34,0.25,0.375
S4_PLUS,4,536,primary,53,126,1e-06,,-3.103898082324676e-34,0.1875,0.375
S4_PLUS,4,536,primary,54,129,1e-06,,-3.103670551678559e-34,0.25,0.3125
S4_PLUS,4,536,primary,55,131,1e-06,,-3.926718339698718e-62,0.25,0.5
S4_PLUS,4,536,primary,56,133,1e-06,,3.361485005106973e-62,0.1875,0.5
S4_PLUS,4,536,primary,57,136,1e-06,,3.363242751805179e-62,0.25,0.4375
S4_PLUS,4,536,primary,58,138,1e-06,,5.900999840757678e-90,0.25,0.625
S4_PLUS,4,536,primary,59,140,1e-06,,-4.990100366895227e-90,0.1875,0.625
S4_PLUS,4,536,primary,60,143,1e-06,,-5.018143244598467e-90,0.25,0.5625
S4_PLUS,4,536,primary,61,145,1e-06,,-9.910986410114965e-118,0.25,0.75
S4_PLUS,4,536,primary,62,147,1e-06,,8.123455904028758e-118,0.1875,0.75
S4_PLUS,4,536,primary,63,150,1e-06,,8.634362329914397e-118,0.25,0.6875
S4_PLUS,4,536,primary,64,152,1e-06,,2.063292174508213e-145,0.25,0.875
S4_PLUS,4,536,primary,65,154,1e-06,,-1.629518152488773e-145,0.1875,0.875
S4_PLUS,4,536,primary,66,157,1e-06,,-2.107634081644511e-145,0.25,0.8125
S4_PLUS,4,536,primary,67,159,1e-06,,-5.353568380549174e-173,0.25,1
S4_PLUS,4,536,primary,68,161,1e-06,,4.516019840525437e-173,0.1875,1
S4_PLUS,4,536,primary,69,164,1e-06,,7.096243984354416e-173,0.25,0.9375
S4_PLUS,4,536,primary,70,166,1e-06,,-6.111691556711246e-61,0.375,0
S4_PLUS,4,536,primary,71,168,1e-06,,-1.169722379702922e-60,0.375,0.125
S4_PLUS,4,536,primary,72,170,1e-06,,6.384058756642821e-61,0.3125,0
S4_PLUS,4,536,primary,73,173,1e-06,,1.371076099933305e-60,0.3125,0.125
S4_PLUS,4,536,primary,74,176,1e-06,,6.363851724414351e-61,0.375,0.0625
S4_PLUS,4,536,primary,75,178,1e-06,,-7.620101940510961e-61,0.375,0.25
S4_PLUS,4,536,primary,76,180,1e-06,,8.919393088148017e-61,0.3125,0.25
S4_PLUS,4,536,primary,77,183,1e-06,,6.760228884142003e-61,0.375,0.1875
S4_PLUS,4,536,primary,78,185,1e-06,,-3.917397105005133e-62,0.375,0.375
S4_PLUS,4,536,primary,79,187,1e-06,,3.353174694046363e-62,0.3125,0.375
S4_PLUS,4,536,primary,80,190,1e-06,,3.351743108853413e-62,0.375,0.3125
S4_PLUS,4,536,primary,81,192,1e-06,,6.857008782103233e-66,0.375,0.5
S4_PLUS,4,536,primary,82,194,1e-06,,-6.85724505301863e-66,0.3125,0.5
S4_PLUS,4,536,primary,83,197,1e-06,,-6.857254797673091e-66,0.375,0.4375
S4_PLUS,4,536,primary,84,199,1e-06,,2.699664028191926e-92,0.375,0.625
S4_PLUS,4,536,primary,85,201,1e-06,,-1.886635943844414e-92,0.3125,0.625
S4_PLUS,4,536,primary,86,204,1e-06,,-3.664578919776743e-92,0.375,0.5625
S4_PLUS,4,536,primary,87,206,1e-06,,-3.807093094363949e-119,0.375,0.75
S4_PLUS,4,536,primary,88,208,1e-06,,2.603139728057781e-119,0.3125,0.75
S4_PLUS,4,536,primary,89,211,1e-06,,4.612864969579336e-119,0.375,0.6875
S4_PLUS,4,536,primary,90,213,1e-06,,3.05191517642502e-146,0.375,0.875
S4_PLUS,4,536,primary,91,215,1e-06,,-2.486520325620326e-146,0.3125,0.875
S4_PLUS,4,536,primary,92,218,1e-06,,-4.365930794241834e-146,0.375,0.8125
S4_PLUS,4,536,primary,93,220,1e-06,,-1.303401969775026e-173,0.375,1
S4_PLUS,4,536,primary,94,222,1e-06,,1.395759632878845e-173,0.3125,1
S4_PLUS,4,536,primary,95,225,1e-06,,2.114008343475486e-173,0.375,0.9375
S4_PLUS,4,536,primary,96,227,1e-06,,3.661239189896829e-89,0.5,0
S4_PLUS,4,536,primary,97,229,1e-06,,1.819138783409588e-88,0.5,0.125
S4_PLUS,4,536,primary,98,231,1e-06,,-2.68757107763045e-89,0.4375,0
S4_PLUS,4,536,primary,99,234,1e-06,,-3.125890760486364e-88,0.4375,0.125
S4_PLUS,4,536,primary,100,237,1e-06,,-2.742571645114526e-89,0.5,0.0625
S4_PLUS,4,536,primary,101,239,1e-06,,6.053142582286045e-89,0.5,0.25
S4_PLUS,4,536,primary,102,241,1e-06,,-6.680962791554334e-89,0.4375,0.25
S4_PLUS,4,536,primary,103,244,1e-06,,-3.394020606826478e-89,0.5,0.1875
S4_PLUS,4,536,primary,104,246,1e-06,,6.248941115255213e-90,0.5,0.375
S4_PLUS,4,536,primary,105,248,1e-06,,-5.52260526695865e-90,0.4375,0.375
S4_PLUS,4,536,primary,106,251,1e-06,,-5.130622321334075e-90,0.5,0.3125
S4_PLUS,4,536,primary,107,253,1e-06,,8.867629609170135e-92,0.5,0.5
S4_PLUS,4,536,primary,108,255,1e-06,,-1.14740998875318e-91,0.4375,0.5
S4_PLUS,4,536,primary,109,258,1e-06,,-9.121316436954536e-92,0.5,0.4375
S4_PLUS,4,536,primary,110,260,1e-06,,4.441181922828569e-93,0.5,0.625
S4_PLUS,4,536,primary,111,262,1e-06,,-5.795704126031736e-93,0.4375,0.625
S4_PLUS,4,536,primary,112,265,1e-06,,-5.543743975597831e-93,0.5,0.5625
S4_PLUS,4,536,primary,113,267,1e-06,,-8.835184051438029e-120,0.5,0.75
S4_PLUS,4,536,primary,114,269,1e-06,,8.345755653934221e-120,0.4375,0.75
S4_PLUS,4,536,primary,115,272,1e-06,,7.81515382840935e-120,0.5,0.6875
S4_PLUS,4,536,primary,116,274,1e-06,,8.746651776640524e-147,0.5,0.875
S4_PLUS,4,536,primary,117,276,1e-06,,-9.431181902751914e-147,0.4375,0.875
S4_PLUS,4,536,primary,118,279,1e-06,,-1.131112528355905e-146,0.5,0.8125
S4_PLUS,4,536,primary,119,281,1e-06,,-2.729389242611116e-174,0.5,1
S4_PLUS,4,536,primary,120,283,1e-06,,4.504153553483392e-174,0.4375,1
S4_PLUS,4,536,primary,121,286,1e-06,,3.516822299816636e-174,0.5,0.9375
S4_PLUS,4,536,primary,122,288,1e-06,,-8.11502306906375e-117,0.625,0
S4_PLUS,4,536,primary,123,290,1e-06,,-3.01715400748666e-116,0.625,0.125
S4_PLUS,4,536,primary,124,292,1e-06,,6.953623799849811e-117,0.5625,0
S4_PLUS,4,536,primary,125,295,1e-06,,4.699345639893179e-116,0.5625,0.125
S4_PLUS,4,536,primary,126,298,1e-06,,6.951328275413296e-117,0.625,0.0625
S4_PLUS,4,536,primary,127,300,1e-06,,-1.217334041593783e-116,0.625,0.25
S4_PLUS,4,536,primary,128,302,1e-06,,1.336888701223039e-116,0.5625,0.25
S4_PLUS,4,536,primary,129,305,1e-06,,7.81304131753569e-117,0.625,0.1875
S4_PLUS,4,536,primary,130,307,1e-06,,-1.339148689001747e-117,0.625,0.375
S4_PLUS,4,536,primary,131,309,1e-06,,1.227382881004815e-117,0.5625,0.375
S4_PLUS,4,536,primary,132,312,1e-06,,9.425573402853697e-118,0.625,0.3125
S4_PLUS,4,536,primary,133,314,1e-06,,-1.479541189568836e-118,0.625,0.5
S4_PLUS,4,536,primary,134,316,1e-06,,1.421203309769981e-118,0.5625,0.5
S4_PLUS,4,536,primary,135,319,1e-06,,1.14429228102683e-118,0.625,0.4375
S4_PLUS,4,536,primary,136,321,1e-06,,-1.90495477701285e-119,0.625,0.625
S4_PLUS,4,536,primary,137,323,1e-06,,1.244476681870939e-119,0.5625,0.625
S4_PLUS,4,536,primary,138,326,1e-06,,9.094279262155e-120,0.625,0.5625
S4_PLUS,4,536,primary,139,328,1e-06,,-5.275467837536003e-121,0.625,0.75
S4_PLUS,4,536,primary,140,330,1e-06,,-7.088940856322537e-122,0.5625,0.75
S4_PLUS,4,536,primary,141,333,1e-06,,-1.528232637652541e-121,0.625,0.6875
S4_PLUS,4,536,primary,142,335,1e-06,,1.22990003763574e-147,0.625,0.875
S4_PLUS,4,536,primary,143,337,1e-06,,-1.404548979903168e-147,0.5625,0.875
S4_PLUS,4,536,primary,144,340,1e-06,,-1.580175177668819e-147,0.625,0.8125
S4_PLUS,4,536,primary,145,342,1e-06,,1.304519593958549e-175,0.625,1
S4_PLUS,4,536,primary,146,344,1e-06,,3.645623865901958e-175,0.5625,1
S4_PLUS,4,536,primary,147,347,1e-06,,-2.524717697733771e-175,0.625,0.9375
S4_PLUS,4,536,primary,148,349,1e-06,,1.356937316916686e-144,0.75,0
S4_PLUS,4,536,primary,149,351,1e-06,,5.357547953349745e-144,0.75,0.125
S4_PLUS,4,536,primary,150,353,1e-06,,-1.045405923675368e-144,0.6875,0
S4_PLUS,4,536,primary,151,356,1e-06,,-8.40173681344342e-144,0.6875,0.125
S4_PLUS,4,536,primary,152,359,1e-06,,-1.117023795370319e-144,0.75,0.0625
S4_PLUS,4,536,primary,153,361,1e-06,,2.250003965268507e-144,0.75,0.25
S4_PLUS,4,536,primary,154,363,1e-06,,-2.456089279541355e-144,0.6875,0.25
S4_PLUS,4,536,primary,155,366,1e-06,,-1.275961747535947e-144,0.75,0.1875
S4_PLUS,4,536,primary,156,368,1e-06,,4.705377132212366e-145,0.75,0.375
S4_PLUS,4,536,primary,157,370,1e-06,,-5.291258499569521e-145,0.6875,0.375
S4_PLUS,4,536,primary,158,373,1e-06,,-2.595864891990055e-145,0.75,0.3125
S4_PLUS,4,536,primary,159,375,1e-06,,1.31412281600295e-145,0.75,0.5
S4_PLUS,4,536,primary,160,377,1e-06,,-1.748490432348261e-145,0.6875,0.5
S4_PLUS,4,536,primary,161,380,1e-06,,-8.666308117277993e-146,0.75,0.4375
S4_PLUS,4,536,primary,162,382,1e-06,,2.584609036005867e-146,0.75,0.625
S4_PLUS,4,536,primary,163,384,1e-06,,-3.309663616941456e-146,0.6875,0.625
S4_PLUS,4,536,primary,164,387,1e-06,,-2.00617837888476e-146,0.75,0.5625
S4_PLUS,4,536,primary,165,389,1e-06,,1.652392392148536e-147,0.75,0.75
S4_PLUS,4,536,primary,166,391,1e-06,,-1.521126501953564e-147,0.6875,0.75
S4_PLUS,4,536,primary,167,394,1e-06,,-4.161233265528865e-148,0.75,0.6875
S4_PLUS,4,536,primary,168,396,1e-06,,1.175295640663415e-148,0.75,0.875
S4_PLUS,4,536,primary,169,398,1e-06,,-2.294180931324026e-148,0.6875,0.875
S4_PLUS,4,536,primary,170,401,1e-06,,-2.098471269063497e-148,0.75,0.8125
S4_PLUS,4,536,primary,171,403,1e-06,,8.708590067844649e-176,0.75,1
S4_PLUS,4,536,primary,172,405,1e-06,,2.496445497070604e-176,0.6875,1
S4_PLUS,4,536,primary,173,408,1e-06,,1.043549574046933e-175,0.75,0.9375
S4_PLUS,4,536,primary,174,410,1e-06,,-2.721640764221936e-172,0.875,0
S4_PLUS,4,536,primary,175,412,1e-06,,-1.058618880256635e-171,0.875,0.125
S4_PLUS,4,536,primary,176,414,1e-06,,1.407819819429548e-172,0.8125,0
S4_PLUS,4,536,primary,177,417,1e-06,,1.581770590761453e-171,0.8125,0.125
S4_PLUS,4,536,primary,178,420,1e-06,,2.332501232912897e-172,0.875,0.0625
S4_PLUS,4,536,primary,179,422,1e-06,,-5.735781848242423e-172,0.875,0.25
S4_PLUS,4,536,primary,180,424,1e-06,,6.873064525716275e-172,0.8125,0.25
S4_PLUS,4,536,primary,181,427,1e-06,,2.965879777966904e-172,0.875,0.1875
S4_PLUS,4,536,primary,182,429,1e-06,,-2.151255477835282e-172,0.875,0.375
S4_PLUS,4,536,primary,183,431,1e-06,,3.229506732227866e-172,0.8125,0.375
S4_PLUS,4,536,primary,184,434,1e-06,,1.423849688424746e-172,0.875,0.3125
S4_PLUS,4,536,primary,185,436,1e-06,,-7.318571964849976e-173,0.875,0.5
S4_PLUS,4,536,primary,186,438,1e-06,,1.522365447685632e-172,0.8125,0.5
S4_PLUS,4,536,primary,187,441,1e-06,,7.29272160064115e-173,0.875,0.4375
S4_PLUS,4,536,primary,188,443,1e-06,,-1.569909663513961e-173,0.875,0.625
S4_PLUS,4,536,primary,189,445,1e-06,,5.526054069516027e-173,0.8125,0.625
S4_PLUS,4,536,primary,190,448,1e-06,,3.309535299265356e-173,0.875,0.5625
S4_PLUS,4,536,primary,191,450,1e-06,,-3.408490246833022e-174,0.875,0.75
S4_PLUS,4,536,primary,192,452,1e-06,,1.99799299709896e-173,0.8125,0.75
S4_PLUS,4,536,primary,193,455,1e-06,,1.146946886071575e-173,0.875,0.6875
S4_PLUS,4,536,primary,194,457,1e-06,,-2.138118006944242e-174,0.875,0.875
S4_PLUS,4,536,primary,195,459,1e-06,,6.559599406389664e-174,0.8125,0.875
S4_PLUS,4,536,primary,196,462,1e-06,,6.316106234330547e-174,0.875,0.8125
S4_PLUS,4,536,primary,197,464,1e-06,,-4.656671967017934e-176,0.875,1
S4_PLUS,4,536,primary,198,466,1e-06,,1.508347336090033e-175,0.8125,1
S4_PLUS,4,536,primary,199,469,1e-06,,1.471320845063977e-175,0.875,0.9375
S4_PLUS,4,536,primary,200,471,1e-06,,3.950096576542946e-200,1,0
S4_PLUS,4,536,primary,201,473,1e-06,,2.303890229268988e-199,1,0.125
S4_PLUS,4,536,primary,202,475,1e-06,,7.59380372716405e-200,0.9375,0
S4_PLUS,4,536,primary,203,478,1e-06,,-2.956583800311459e-199,0.9375,0.125
S4_PLUS,4,536,primary,204,481,1e-06,,-3.272939629981971e-201,1,0.0625
S4_PLUS,4,536,primary,205,483,1e-06,,1.871852153241853e-199,1,0.25
S4_PLUS,4,536,primary,206,485,1e-06,,-2.261243230330592e-199,0.9375,0.25
S4_PLUS,4,536,primary,207,488,1e-06,,-8.404660574383165e-200,1,0.1875
S4_PLUS,4,536,primary,208,490,1e-06,,6.957866508148352e-200,1,0.375
S4_PLUS,4,536,primary,209,492,1e-06,,-6.701381822899902e-200,0.9375,0.375
S4_PLUS,4,536,primary,210,495,1e-06,,-4.288819409195247e-200,1,0.3125
S4_PLUS,4,536,primary,211,497,1e-06,,-1.044601301423749e-200,1,0.5
S4_PLUS,4,536,primary,212,499,1e-06,,7.507812265415422e-200,0.9375,0.5
S4_PLUS,4,536,primary,213,502,1e-06,,2.554213668396452e-200,1,0.4375
S4_PLUS,4,536,primary,214,504,1e-06,,-2.981758033494233e-200,1,0.625
S4_PLUS,4,536,primary,215,506,1e-06,,1.033807888079352e-199,0.9375,0.625
S4_PLUS,4,536,primary,216,509,1e-06,,5.090459116623614e-200,1,0.5625
S4_PLUS,4,536,primary,217,511,1e-06,,-1.819049821799893e-200,1,0.75
S4_PLUS,4,536,primary,218,513,1e-06,,5.999948424778096e-200,0.9375,0.75
S4_PLUS,4,536,primary,219,516,1e-06,,4.026624731268771e-200,1,0.6875
S4_PLUS,4,536,primary,220,518,1e-06,,-5.956583211400344e-201,1,0.875
S4_PLUS,4,536,primary,221,520,1e-06,,2.116725064184722e-200,0.9375,0.875
S4_PLUS,4,536,primary,222,523,1e-06,,1.462867347791472e-200,1,0.8125
S4_PLUS,4,536,primary,223,525,1e-06,,-1.97076281631473e-201,1,1
S4_PLUS,4,536,primary,224,527,1e-06,,5.492484190780696e-201,0.9375,1
S4_PLUS,4,536,primary,225,530,1e-06,,5.318940638481615e-201,1,0.9375
S4_MINUS,4,536,secondary,1,532,-1e-06,-0.000100090100015022,-8.341220052710268e-06,0.1248499974608421,0.1799499988555908
S4_MINUS,4,536,secondary,2,535,-1e-06,-0.000100030408101765,-8.343149849409744e-06,0.124949999153614,0.1799499988555908
S4_MINUS,4,536,secondary,3,536,-1e-06,-9.963553052431026e-05,-8.351082853312063e-06,0.1248499974608421,0.1800500005483627
S4_MINUS,4,536,secondary,4,539,-1e-06,-0.0001000901000150065,-8.341220052711086e-06,0.124949999153614,0.1800500005483627
S4_MINUS,4,536,secondary,5,543,-1e-06,-0.0001001350865472005,3.337077755336166e-05,0.1248999983072281,0.1799499988555908
S4_MINUS,4,536,secondary,6,547,-1e-06,-0.0001000941057368963,3.336210179855352e-05,0.1248999983072281,0.1800500005483627
S4_MINUS,4,536,secondary,7,548,-1e-06,-0.0001000941057368471,3.336210179855367e-05,0.1248499974608421,0.1800000071525574
S4_MINUS,4,536,secondary,8,551,-1e-06,-0.0001001350865472208,3.337077755335655e-05,0.124949999153614,0.1800000071525574
S4_MINUS,4,536,primary,1,2,-1e-06,,-4.041800218856337e-34,0,0
S4_MINUS,4,536,primary,2,3,-1e-06,,-1.328131116023887e-33,0.125,0
S4_MINUS,4,536,primary,3,6,-1e-06,,-8.407535359923993e-08,0,0.125
S4_MINUS,4,536,primary,4,7,-1e-06,,6.631350719732884e-06,0.125,0.125
S4_MINUS,4,536,primary,5,10,-1e-06,,3.695701745130937e-34,0.0625,0
S4_MINUS,4,536,primary,6,14,-1e-06,,1.788941245064297e-07,0.0625,0.125
S4_MINUS,4,536,primary,7,18,-1e-06,,3.710711956384913e-34,0,0.0625
S4_MINUS,4,536,primary,8,19,-1e-06,,2.1874206199041e-33,0.125,0.0625
S4_MINUS,4,536,primary,9,22,-1e-06,,-7.449962963312164e-08,0,0.25
S4_MINUS,4,536,primary,10,23,-1e-06,,-5.350857801226051e-06,0.125,0.25
S4_MINUS,4,536,primary,11,26,-1e-06,,1.405581246346315e-07,0.0625,0.25
S4_MINUS,4,536,primary,12,30,-1e-06,,7.878088268702566e-08,0,0.1875
S4_MINUS,4,536,primary,13,31,-1e-06,,9.856893482857968e-05,0.125,0.1875
S4_MINUS,4,536,primary,14,34,-1e-06,,3.571176734183211e-34,0,0.375
S4_MINUS,4,536,primary,15,35,-1e-06,,1.097359244781772e-33,0.125,0.375
S4_MINUS,4,536,primary,16,38,-1e-06,,-3.237746038290479e-34,0.0625,0.375
S4_MINUS,4,536,primary,17,42,-1e-06,,-3.234821737876908e-34,0,0.3125
S4_MINUS,4,536,primary,18,43,-1e-06,,-1.774092067642122e-33,0.125,0.3125
S4_MINUS,4,536,primary,19,46,-1e-06,,-3.924996491723047e-62,0,0.5
S4_MINUS,4,536,primary,20,47,-1e-06,,-1.480905632201154e-61,0.125,0.5
S4_MINUS,4,536,primary,21,50,-1e-06,,3.349165706574854e-62,0.0625,0.5
S4_MINUS,4,536,primary,22,54,-1e-06,,3.346581302673851e-62,0,0.4375
S4_MINUS,4,536,primary,23,55,-1e-06,,2.444585301400699e-61,0.125,0.4375
S4_MINUS,4,536,primary,24,58,-1e-06,,5.763755940359754e-90,0,0.625
S4_MINUS,4,536,primary,25,59,-1e-06,,2.258635222197926e-89,0.125,0.625
S4_MINUS,4,536,primary,26,62,-1e-06,,-4.855283397991855e-90,0.0625,0.625
S4_MINUS,4,536,primary,27,66,-1e-06,,-4.846975210680939e-90,0,0.5625
S4_MINUS,4,536,primary,28,67,-1e-06,,-3.72257517765446e-89,0.125,0.5625
S4_MINUS,4,536,primary,29,70,-1e-06,,-8.392770343814225e-118,0,0.75
S4_MINUS,4,536,primary,30,71,-1e-06,,-3.447844346978817e-117,0.125,0.75
S4_MINUS,4,536,primary,31,74,-1e-06,,6.911773200319012e-118,0.0625,0.75
S4_MINUS,4,536,primary,32,78,-1e-06,,6.855587439546472e-118,0,0.6875
S4_MINUS,4,536,primary,33,79,-1e-06,,5.728841445629595e-117,0.125,0.6875
S4_MINUS,4,536,primary,34,82,-1e-06,,9.434888944948475e-146,0,0.875
S4_MINUS,4,536,primary,35,83,-1e-06,,4.569662385371688e-145,0.125,0.875
S4_MINUS,4,536,primary,36,86,-1e-06,,-6.896433734865334e-146,0.0625,0.875
S4_MINUS,4,536,primary,37,90,-1e-06,,-5.912733281163348e-146,0,0.8125
S4_MINUS,4,536,primary,38,91,-1e-06,,-7.817636685537477e-145,0.125,0.8125
S4_MINUS,4,536,primary,39,94,-1e-06,,6.250925033470807e-174,0,1
S4_MINUS,4,536,primary,40,95,-1e-06,,-2.051451142488664e-173,0.125,1
S4_MINUS,4,536,primary,41,98,-1e-06,,-1.108213344139896e-173,0.0625,1
S4_MINUS,4,536,primary,42,102,-1e-06,,-2.278357591511951e-173,0,0.9375
S4_MINUS,4,536,primary,43,103,-1e-06,,4.594838837888621e-173,0.125,0.9375
S4_MINUS,4,536,primary,44,105,-1e-06,,-4.230827484541141e-34,0.25,0
S4_MINUS,4,536,primary,45,107,-1e-06,,4.725877369767235e-33,0.25,0.125
S4_MINUS,4,536,primary,46,109,-1e-06,,3.852575281787162e-34,0.1875,0
S4_MINUS,4,536,primary,47,112,-1e-06,,1.708355476833346e-33,0.1875,0.125
S4_MINUS,4,536,primary,48,115,-1e-06,,3.852575325487803e-34,0.25,0.0625
S4_MINUS,4,536,primary,49,117,-1e-06,,6.388921972389612e-33,0.25,0.25
S4_MINUS,4,536,primary,50,119,-1e-06,,-1.555075917094526e-33,0.1875,0.25
S4_MINUS,4,536,primary,51,122,-1e-06,,-5.904945713200838e-33,0.25,0.1875
S4_MINUS,4,536,primary,52,124,-1e-06,,3.413958209931739e-34,0.25,0.375
S4_MINUS,4,536,primary,53,126,-1e-06,,-3.108832370198394e-34,0.1875,0.375
S4_MINUS,4,536,primary,54,129,-1e-06,,-3.109059072481166e-34,0.25,0.3125
S4_MINUS,4,536,primary,55,131,-1e-06,,-3.932322980426563e-62,0.25,0.5
S4_MINUS,4,536,primary,56,133,-1e-06,,3.366152761261745e-62,0.1875,0.5
S4_MINUS,4,536,primary,57,136,-1e-06,,3.367441773061233e-62,0.25,0.4375
S4_MINUS,4,536,primary,58,138,-1e-06,,5.73572008491932e-90,0.25,0.625
S4_MINUS,4,536,primary,59,140,-1e-06,,-4.89098951075393e-90,0.1875,0.625
S4_MINUS,4,536,primary,60,143,-1e-06,,-4.81852367709333e-90,0.25,0.5625
S4_MINUS,4,536,primary,61,145,-1e-06,,-7.845021048763961e-118,0.25,0.75
S4_MINUS,4,536,primary,62,147,-1e-06,,6.934097912572527e-118,0.1875,0.75
S4_MINUS,4,536,primary,63,150,-1e-06,,6.048396823301176e-118,0.25,0.6875
S4_MINUS,4,536,primary,64,152,-1e-06,,4.479536728087495e-146,0.25,0.875
S4_MINUS,4,536,primary,65,154,-1e-06,,-6.293980918472387e-146,0.1875,0.875
S4_MINUS,4,536,primary,66,157,-1e-06,,1.450133835862878e-146,0.25,0.8125
S4_MINUS,4,536,primary,67,159,-1e-06,,3.895475703134024e-173,0.25,1
S4_MINUS,4,536,primary,68,161,-1e-06,,-1.830673299489739e-173,0.1875,1
S4_MINUS,4,536,primary,69,164,-1e-06,,-6.773869977594382e-173,0.25,0.9375
S4_MINUS,4,536,primary,70,166,-1e-06,,-6.124329563694931e-61,0.375,0
S4_MINUS,4,536,primary,71,168,-1e-06,,-1.172582256816513e-60,0.375,0.125
S4_MINUS,4,536,primary,72,170,-1e-06,,6.39876880170718e-61,0.3125,0
S4_MINUS,4,536,primary,73,173,-1e-06,,1.375987445127343e-60,0.3125,0.125
S4_MINUS,4,536,primary,74,176,-1e-06,,6.379228839180065e-61,0.375,0.0625
S4_MINUS,4,536,primary,75,178,-1e-06,,-7.632946471525679e-61,0.375,0.25
S4_MINUS,4,536,primary,76,180,-1e-06,,8.93336267062572e-61,0.3125,0.25
S4_MINUS,4,536,primary,77,183,-1e-06,,6.773968007127007e-61,0.375,0.1875
S4_MINUS,4,536,primary,78,185,-1e-06,,-3.918921003753656e-62,0.375,0.375
S4_MINUS,4,536,primary,79,187,-1e-06,,3.353995999325192e-62,0.3125,0.375
S4_MINUS,4,536,primary,80,190,-1e-06,,3.352442270658955e-62,0.375,0.3125
S4_MINUS,4,536,primary,81,192,-1e-06,,7.976012993158212e-66,0.375,0.5
S4_MINUS,4,536,primary,82,194,-1e-06,,-7.983860372655662e-66,0.3125,0.5
S4_MINUS,4,536,primary,83,197,-1e-06,,-7.983898670084349e-66,0.375,0.4375
S4_MINUS,4,536,primary,84,199,-1e-06,,-4.899970895270802e-92,0.375,0.625
S4_MINUS,4,536,primary,85,201,-1e-06,,3.514326619222671e-92,0.3125,0.625
S4_MINUS,4,536,primary,86,204,-1e-06,,5.774205693510846e-92,0.375,0.5625
S4_MINUS,4,536,primary,87,206,-1e-06,,6.179395612504947e-119,0.375,0.75
S4_MINUS,4,536,primary,88,208,-1e-06,,-4.34973649271941e-119,0.3125,0.75
S4_MINUS,4,536,primary,89,211,-1e-06,,-7.189431510154542e-119,0.375,0.6875
S4_MINUS,4,536,primary,90,213,-1e-06,,-5.24419892827293e-146,0.375,0.875
S4_MINUS,4,536,primary,91,215,-1e-06,,3.828562126463683e-146,0.3125,0.875
S4_MINUS,4,536,primary,92,218,-1e-06,,6.505401616339787e-146,0.375,0.8125
S4_MINUS,4,536,primary,93,220,-1e-06,,3.289815410082609e-173,0.375,1
S4_MINUS,4,536,primary,94,222,-1e-06,,-2.445628293957721e-173,0.3125,1
S4_MINUS,4,536,primary,95,225,-1e-06,,-4.096613352349289e-173,0.375,0.9375
S4_MINUS,4,536,primary,96,227,-1e-06,,3.679950483461521e-89,0.5,0
S4_MINUS,4,536,primary,97,229,-1e-06,,1.820012687505376e-88,0.5,0.125
S4_MINUS,4,536,primary,98,231,-1e-06,,-2.703132427041525e-89,0.4375,0
S4_MINUS,4,536,primary,99,234,-1e-06,,-3.132206576722584e-88,0.4375,0.125
S4_MINUS,4,536,primary,100,237,-1e-06,,-2.753223742273974e-89,0.5,0.0625
S4_MINUS,4,536,primary,101,239,-1e-06,,5.920041963485381e-89,0.5,0.25
S4_MINUS,4,536,primary,102,241,-1e-06,,-6.584848930718432e-89,0.4375,0.25
S4_MINUS,4,536,primary,103,244,-1e-06,,-3.365591968149113e-89,0.5,0.1875
S4_MINUS,4,536,primary,104,246,-1e-06,,5.062067526161415e-90,0.5,0.375
S4_MINUS,4,536,primary,105,248,-1e-06,,-4.128778588495567e-90,0.4375,0.375
S4_MINUS,4,536,primary,106,251,-1e-06,,-4.587628561205849e-90,0.5,0.3125
S4_MINUS,4,536,primary,107,253,-1e-06,,-1.303679603029648e-91,0.5,0.5
S4_MINUS,4,536,primary,108,255,-1e-06,,9.79752730207413e-92,0.4375,0.5
S4_MINUS,4,536,primary,109,258,-1e-06,,6.477443800856953e-92,0.5,0.4375
S4_MINUS,4,536,primary,110,260,-1e-06,,-5.673299200720472e-93,0.5,0.625
S4_MINUS,4,536,primary,111,262,-1e-06,,5.198005887316922e-93,0.4375,0.625
S4_MINUS,4,536,primary,112,265,-1e-06,,4.690963095689565e-93,0.5,0.5625
S4_MINUS,4,536,primary,113,267,-1e-06,,1.299299039187745e-119,0.5,0.75
S4_MINUS,4,536,primary,114,269,-1e-06,,-1.1067020401561e-119,0.4375,0.75
S4_MINUS,4,536,primary,115,272,-1e-06,,-1.163631736649953e-119,0.5,0.6875
S4_MINUS,4,536,primary,116,274,-1e-06,,-1.461282819472877e-146,0.5,0.875
S4_MINUS,4,536,primary,117,276,-1e-06,,1.193624094913378e-146,0.4375,0.875
S4_MINUS,4,536,primary,118,279,-1e-06,,1.497025772043755e-146,0.5,0.8125
S4_MINUS,4,536,primary,119,281,-1e-06,,1.018731490692729e-173,0.5,1
S4_MINUS,4,536,primary,120,283,-1e-06,,-8.180035300470534e-174,0.4375,1
S4_MINUS,4,536,primary,121,286,-1e-06,,-1.004411426585421e-173,0.5,0.9375
S4_MINUS,4,536,primary,122,288,-1e-06,,-7.816118468465045e-117,0.625,0
S4_MINUS,4,536,primary,123,290,-1e-06,,-2.927915311020178e-116,0.625,0.125
S4_MINUS,4,536,primary,124,292,-1e-06,,6.693078156406619e-117,0.5625,0
S4_MINUS,4,536,primary,125,295,-1e-06,,4.612519673259498e-116,0.5625,0.125
S4_MINUS,4,536,primary,126,298,-1e-06,,6.622213727301503e-117,0.625,0.0625
S4_MINUS,4,536,primary,127,300,-1e-06,,-1.058185119948445e-116,0.625,0.25
S4_MINUS,4,536,primary,128,302,-1e-06,,1.176889190191719e-116,0.5625,0.25
S4_MINUS,4,536,primary,129,305,-1e-06,,7.372618494974206e-117,0.625,0.1875
S4_MINUS,4,536,primary,130,307,-1e-06,,-6.644759207851734e-119,0.625,0.375
S4_MINUS,4,536,primary,131,309,-1e-06,,-2.887192243310557e-118,0.5625,0.375
S4_MINUS,4,536,primary,132,312,-1e-06,,2.871817203373664e-118,0.625,0.3125
S4_MINUS,4,536,primary,133,314,-1e-06,,2.851593941779747e-118,0.625,0.5
S4_MINUS,4,536,primary,134,316,-1e-06,,-3.666004996295258e-118,0.5625,0.5
S4_MINUS,4,536,primary,135,319,-1e-06,,-2.513229589270229e-118,0.625,0.4375
S4_MINUS,4,536,primary,136,321,-1e-06,,4.906867090400751e-119,0.625,0.625
S4_MINUS,4,536,primary,137,323,-1e-06,,-6.920679856281322e-119,0.5625,0.625
S4_MINUS,4,536,primary,138,326,-1e-06,,-6.297795005144181e-119,0.625,0.5625
S4_MINUS,4,536,primary,139,328,-1e-06,,1.363267325392768e-120,0.625,0.75
S4_MINUS,4,536,primary,140,330,-1e-06,,-1.426403701592288e-120,0.5625,0.75
S4_MINUS,4,536,primary,141,333,-1e-06,,-1.261802443795353e-120,0.625,0.6875
S4_MINUS,4,536,primary,142,335,-1e-06,,-2.442388341330819e-147,0.625,0.875
S4_MINUS,4,536,primary,143,337,-1e-06,,2.309725025747595e-147,0.5625,0.875
S4_MINUS,4,536,primary,144,340,-1e-06,,2.206387049681174e-147,0.625,0.8125
S4_MINUS,4,536,primary,145,342,-1e-06,,2.002329450949642e-174,0.625,1
S4_MINUS,4,536,primary,146,344,-1e-06,,-1.973614356879369e-174,0.5625,1
S4_MINUS,4,536,primary,147,347,-1e-06,,-1.691702103462771e-174,0.625,0.9375
S4_MINUS,4,536,primary,148,349,-1e-06,,1.0408502769649e-144,0.75,0
S4_MINUS,4,536,primary,149,351,-1e-06,,4.464511133146471e-144,0.75,0.125
S4_MINUS,4,536,primary,150,353,-1e-06,,-9.956300156568997e-145,0.6875,0
S4_MINUS,4,536,primary,151,356,-1e-06,,-7.637390920573981e-144,0.6875,0.125
S4_MINUS,4,536,primary,152,359,-1e-06,,-9.124087023711077e-145,0.75,0.0625
S4_MINUS,4,536,primary,153,361,-1e-06,,1.01263768561246e-144,0.75,0.25
S4_MINUS,4,536,primary,154,363,-1e-06,,-1.296506276540629e-144,0.6875,0.25
S4_MINUS,4,536,primary,155,366,-1e-06,,-1.04102793997058e-144,0.75,0.1875
S4_MINUS,4,536,primary,156,368,-1e-06,,-4.888801725746575e-145,0.75,0.375
S4_MINUS,4,536,primary,157,370,-1e-06,,4.65510020634202e-145,0.6875,0.375
S4_MINUS,4,536,primary,158,373,-1e-06,,7.123896780832787e-146,0.75,0.3125
S4_MINUS,4,536,primary,159,375,-1e-06,,-2.453680923730188e-145,0.75,0.5
S4_MINUS,4,536,primary,160,377,-1e-06,,2.071059746883146e-145,0.6875,0.5
S4_MINUS,4,536,primary,161,380,-1e-06,,8.263207922090172e-146,0.75,0.4375
S4_MINUS,4,536,primary,162,382,-1e-06,,-4.654330859820406e-146,0.75,0.625
S4_MINUS,4,536,primary,163,384,-1e-06,,2.148226228210787e-146,0.6875,0.625
S4_MINUS,4,536,primary,164,387,-1e-06,,1.064732213634104e-146,0.75,0.5625
S4_MINUS,4,536,primary,165,389,-1e-06,,-1.459279238893504e-148,0.75,0.75
S4_MINUS,4,536,primary,166,391,-1e-06,,-8.120563938332363e-147,0.6875,0.75
S4_MINUS,4,536,primary,167,394,-1e-06,,-9.502507309769371e-147,0.75,0.6875
S4_MINUS,4,536,primary,168,396,-1e-06,,-7.241594725198783e-149,0.75,0.875
S4_MINUS,4,536,primary,169,398,-1e-06,,-3.504383155765192e-149,0.6875,0.875
S4_MINUS,4,536,primary,170,401,-1e-06,,-6.782662416559611e-149,0.75,0.8125
S4_MINUS,4,536,primary,171,403,-1e-06,,1.597958780609536e-175,0.75,1
S4_MINUS,4,536,primary,172,405,-1e-06,,-1.494077123681716e-175,0.6875,1
S4_MINUS,4,536,primary,173,408,-1e-06,,-2.346588585506337e-175,0.75,0.9375
S4_MINUS,4,536,primary,174,410,-1e-06,,-6.585818582570871e-173,0.875,0
S4_MINUS,4,536,primary,175,412,-1e-06,,-3.972132215051544e-172,0.875,0.125
S4_MINUS,4,536,primary,176,414,-1e-06,,7.430299537664573e-173,0.8125,0
S4_MINUS,4,536,primary,177,417,-1e-06,,7.562376089969022e-172,0.8125,0.125
S4_MINUS,4,536,primary,178,420,-1e-06,,2.925876291099516e-174,0.875,0.0625
S4_MINUS,4,536,primary,179,422,-1e-06,,2.940594318230455e-172,0.875,0.25
S4_MINUS,4,536,primary,180,424,-1e-06,,-4.957271930578893e-172,0.8125,0.25
S4_MINUS,4,536,primary,181,427,-1e-06,,-6.173182678110622e-173,0.875,0.1875
S4_MINUS,4,536,primary,182,429,-1e-06,,4.394430514975675e-172,0.875,0.375
S4_MINUS,4,536,primary,183,431,-1e-06,,-6.497803891094597e-172,0.8125,0.375
S4_MINUS,4,536,primary,184,434,-1e-06,,-2.624609299953029e-172,0.875,0.3125
S4_MINUS,4,536,primary,185,436,-1e-06,,2.085868308938699e-172,0.875,0.5
S4_MINUS,4,536,primary,186,438,-1e-06,,-3.330064456520923e-172,0.8125,0.5
S4_MINUS,4,536,primary,187,441,-1e-06,,-1.667915806787488e-172,0.875,0.4375
S4_MINUS,4,536,primary,188,443,-1e-06,,5.977749637475472e-173,0.875,0.625
S4_MINUS,4,536,primary,189,445,-1e-06,,-1.116555638993217e-172,0.8125,0.625
S4_MINUS,4,536,primary,190,448,-1e-06,,-7.310183660063546e-173,0.875,0.5625
S4_MINUS,4,536,primary,191,450,-1e-06,,1.07314139707237e-173,0.875,0.75
S4_MINUS,4,536,primary,192,452,-1e-06,,-2.762184483357596e-173,0.8125,0.75
S4_MINUS,4,536,primary,193,455,-1e-06,,-1.836050693972278e-173,0.875,0.6875
S4_MINUS,4,536,primary,194,457,-1e-06,,2.653875456068475e-174,0.875,0.875
S4_MINUS,4,536,primary,195,459,-1e-06,,-6.802953409194787e-174,0.8125,0.875
S4_MINUS,4,536,primary,196,462,-1e-06,,-6.519483674089066e-174,0.875,0.8125
S4_MINUS,4,536,primary,197,464,-1e-06,,6.463073257736588e-176,0.875,1
S4_MINUS,4,536,primary,198,466,-1e-06,,-1.638390101072657e-175,0.8125,1
S4_MINUS,4,536,primary,199,469,-1e-06,,-1.601068256550354e-175,0.875,0.9375
S4_MINUS,4,536,primary,200,471,-1e-06,,-1.841815253563725e-200,1,0
S4_MINUS,4,536,primary,201,473,-1e-06,,-9.901877349496288e-200,1,0.125
S4_MINUS,4,536,primary,202,475,-1e-06,,-1.120022121170765e-199,0.9375,0
S4_MINUS,4,536,primary,203,478,-1e-06,,-5.428872706757333e-200,0.9375,0.125
S4_MINUS,4,536,primary,204,481,-1e-06,,-4.334587615098838e-200,1,0.0625
S4_MINUS,4,536,primary,205,483,-1e-06,,-2.935949649479445e-199,1,0.25
S4_MINUS,4,536,primary,206,485,-1e-06,,2.739482602773912e-199,0.9375,0.25
S4_MINUS,4,536,primary,207,488,-1e-06,,4.272893348239621e-200,1,0.1875
S4_MINUS,4,536,primary,208,490,-1e-06,,-2.419487030848224e-199,1,0.375
S4_MINUS,4,536,primary,209,492,-1e-06,,2.117024404539981e-199,0.9375,0.375
S4_MINUS,4,536,primary,210,495,-1e-06,,6.852870685181628e-200,1,0.3125
S4_MINUS,4,536,primary,211,497,-1e-06,,-9.510058438055204e-200,1,0.5
S4_MINUS,4,536,primary,212,499,-1e-06,,3.547326052005853e-200,0.9375,0.5
S4_MINUS,4,536,primary,213,502,-1e-06,,7.984607042676795e-201,1,0.4375
S4_MINUS,4,536,primary,214,504,-1e-06,,-1.441478051952349e-200,1,0.625
S4_MINUS,4,536,primary,215,506,-1e-06,,-3.976102879166458e-200,0.9375,0.625
S4_MINUS,4,536,primary,216,509,-1e-06,,-2.257372505408792e-200,1,0.5625
S4_MINUS,4,536,primary,217,511,-1e-06,,4.746633670685304e-201,1,0.75
S4_MINUS,4,536,primary,218,513,-1e-06,,-3.130903799101655e-200,0.9375,0.75
S4_MINUS,4,536,primary,219,516,-1e-06,,-2.313221640827452e-200,1,0.6875
S4_MINUS,4,536,primary,220,518,-1e-06,,2.348910640677602e-201,1,0.875
S4_MINUS,4,536,primary,221,520,-1e-06,,-1.045486080646037e-200,0.9375,0.875
S4_MINUS,4,536,primary,222,523,-1e-06,,-7.419851035794046e-201,1,0.8125
S4_MINUS,4,536,primary,223,525,-1e-06,,9.076150443131871e-202,1,1
S4_MINUS,4,536,primary,224,527,-1e-06,,-2.661988321547767e-201,0.9375,1
S4_MINUS,4,536,primary,225,530,-1e-06,,-2.560112135122283e-201,1,0.9375
S5_PLUS,5,543,secondary,1,532,1e-06,-0.0001003948122410177,-8.360264460198288e-06,0.1248499974608421,0.1799499988555908
S5_PLUS,5,543,secondary,2,535,1e-06,-0.0001003948122410305,-8.360264460199838e-06,0.124949999153614,0.1799499988555908
S5_PLUS,5,543,secondary,3,536,1e-06,-0.0001000443792703786,-8.37059011023134e-06,0.1248499974608421,0.1800500005483627
S5_PLUS,5,543,secondary,4,539,1e-06,-0.0001000443792704353,-8.370590110229824e-06,0.124949999153614,0.1800500005483627
S5_PLUS,5,543,secondary,5,543,1e-06,-0.0001006230450216184,3.347568030064946e-05,0.1248999983072281,0.1799499988555908
S5_PLUS,5,543,secondary,6,547,1e-06,-0.0001002076982583717,3.343116425220208e-05,0.1248999983072281,0.1800500005483627
S5_PLUS,5,543,secondary,7,548,1e-06,-0.0001003245790843961,3.344988834121864e-05,0.1248499974608421,0.1800000071525574
S5_PLUS,5,543,secondary,8,551,1e-06,-0.0001003245790844096,3.344988834121774e-05,0.124949999153614,0.1800000071525574
S5_PLUS,5,543,primary,1,2,1e-06,,-4.051756129627971e-34,0,0
S5_PLUS,5,543,primary,2,3,1e-06,,-1.331473713293245e-33,0.125,0
S5_PLUS,5,543,primary,3,6,1e-06,,-8.443738088287543e-08,0,0.125
S5_PLUS,5,543,primary,4,7,1e-06,,6.648659896843689e-06,0.125,0.125
S5_PLUS,5,543,primary,5,10,1e-06,,3.70441480769595e-34,0.0625,0
S5_PLUS,5,543,primary,6,14,1e-06,,1.796649817621076e-07,0.0625,0.125
S5_PLUS,5,543,primary,7,18,1e-06,,3.719239919354032e-34,0,0.0625
S5_PLUS,5,543,primary,8,19,1e-06,,2.192574082247078e-33,0.125,0.0625
S5_PLUS,5,543,primary,9,22,1e-06,,-7.481996576935894e-08,0,0.25
S5_PLUS,5,543,primary,10,23,1e-06,,-5.364971038833395e-06,0.125,0.25
S5_PLUS,5,543,primary,11,26,1e-06,,1.411621253318844e-07,0.0625,0.25
S5_PLUS,5,543,primary,12,30,1e-06,,7.911972278078206e-08,0,0.1875
S5_PLUS,5,543,primary,13,31,1e-06,,9.88205337531958e-05,0.125,0.1875
S5_PLUS,5,543,primary,14,34,1e-06,,3.580921173945292e-34,0,0.375
S5_PLUS,5,543,primary,15,35,1e-06,,1.10034638925295e-33,0.125,0.375
S5_PLUS,5,543,primary,16,38,1e-06,,-3.246530294783155e-34,0.0625,0.375
S5_PLUS,5,543,primary,17,42,1e-06,,-3.244079182410275e-34,0,0.3125
S5_PLUS,5,543,primary,18,43,1e-06,,-1.779211290098422e-33,0.125,0.3125
S5_PLUS,5,543,primary,19,46,1e-06,,-3.941213838518565e-62,0,0.5
S5_PLUS,5,543,primary,20,47,1e-06,,-1.486076176405109e-61,0.125,0.5
S5_PLUS,5,543,primary,21,50,1e-06,,3.364200397225873e-62,0.0625,0.5
S5_PLUS,5,543,primary,22,54,1e-06,,3.361245835084188e-62,0,0.4375
S5_PLUS,5,543,primary,23,55,1e-06,,2.453190098541852e-61,0.125,0.4375
S5_PLUS,5,543,primary,24,58,1e-06,,5.782292813451335e-90,0,0.625
S5_PLUS,5,543,primary,25,59,1e-06,,2.266485110430648e-89,0.125,0.625
S5_PLUS,5,543,primary,26,62,1e-06,,-4.874226456925194e-90,0.0625,0.625
S5_PLUS,5,543,primary,27,66,1e-06,,-4.85795355583834e-90,0,0.5625
S5_PLUS,5,543,primary,28,67,1e-06,,-3.737551934817186e-89,0.125,0.5625
S5_PLUS,5,543,primary,29,70,1e-06,,-8.311538047528521e-118,0,0.75
S5_PLUS,5,543,primary,30,71,1e-06,,-3.435968851793346e-117,0.125,0.75
S5_PLUS,5,543,primary,31,74,1e-06,,6.831855334055419e-118,0.0625,0.75
S5_PLUS,5,543,primary,32,78,1e-06,,6.837934881858295e-118,0,0.6875
S5_PLUS,5,543,primary,33,79,1e-06,,5.730568289797173e-117,0.125,0.6875
S5_PLUS,5,543,primary,34,82,1e-06,,7.313731265850312e-146,0,0.875
S5_PLUS,5,543,primary,35,83,1e-06,,4.071082370960771e-145,0.125,0.875
S5_PLUS,5,543,primary,36,86,1e-06,,-4.477720920219876e-146,0.0625,0.875
S5_PLUS,5,543,primary,37,90,1e-06,,-4.878449968611448e-146,0,0.8125
S5_PLUS,5,543,primary,38,91,1e-06,,-7.215926006176675e-145,0.125,0.8125
S5_PLUS,5,543,primary,39,94,1e-06,,3.534323535857526e-173,0,1
S5_PLUS,5,543,primary,40,95,1e-06,,5.088880538085476e-173,0.125,1
S5_PLUS,5,543,primary,41,98,1e-06,,-4.22967718218081e-173,0.0625,1
S5_PLUS,5,543,primary,42,102,1e-06,,-3.807101694685132e-173,0,0.9375
S5_PLUS,5,543,primary,43,103,1e-06,,-4.441888009977926e-173,0.125,0.9375
S5_PLUS,5,543,primary,44,105,1e-06,,-4.241754196606739e-34,0.25,0
S5_PLUS,5,543,primary,45,107,1e-06,,4.738025574994552e-33,0.25,0.125
S5_PLUS,5,543,primary,46,109,1e-06,,3.862539685822182e-34,0.1875,0
S5_PLUS,5,543,primary,47,112,1e-06,,1.71071143458311e-33,0.1875,0.125
S5_PLUS,5,543,primary,48,115,1e-06,,3.86197144798565e-34,0.25,0.0625
S5_PLUS,5,543,primary,49,117,1e-06,,6.403183076933907e-33,0.25,0.25
S5_PLUS,5,543,primary,50,119,1e-06,,-1.554678182582547e-33,0.1875,0.25
S5_PLUS,5,543,primary,51,122,1e-06,,-5.918509632476114e-33,0.25,0.1875
S5_PLUS,5,543,primary,52,124,1e-06,,3.423148518907014e-34,0.25,0.375
S5_PLUS,5,543,primary,53,126,1e-06,,-3.117515314157272e-34,0.1875,0.375
S5_PLUS,5,543,primary,54,129,1e-06,,-3.11797341363809e-34,0.25,0.3125
S5_PLUS,5,543,primary,55,131,1e-06,,-3.949025943314701e-62,0.25,0.5
S5_PLUS,5,543,primary,56,133,1e-06,,3.381575424273447e-62,0.1875,0.5
S5_PLUS,5,543,primary,57,136,1e-06,,3.384360998170824e-62,0.25,0.4375
S5_PLUS,5,543,primary,58,138,1e-06,,5.75988288279547e-90,0.25,0.625
S5_PLUS,5,543,primary,59,140,1e-06,,-4.915029880026153e-90,0.1875,0.625
S5_PLUS,5,543,primary,60,143,1e-06,,-4.849379862661732e-90,0.25,0.5625
S5_PLUS,5,543,primary,61,145,1e-06,,-7.687413678687444e-118,0.25,0.75
S5_PLUS,5,543,primary,62,147,1e-06,,6.887895693055198e-118,0.1875,0.75
S5_PLUS,5,543,primary,63,150,1e-06,,5.91523685332592e-118,0.25,0.6875
S5_PLUS,5,543,primary,64,152,1e-06,,-1.855382997098229e-147,0.25,0.875
S5_PLUS,5,543,primary,65,154,1e-06,,-3.682359333968724e-146,0.1875,0.875
S5_PLUS,5,543,primary,66,157,1e-06,,7.719802154719905e-146,0.25,0.8125
S5_PLUS,5,543,primary,67,159,1e-06,,1.099555307330807e-172,0.25,1
S5_PLUS,5,543,primary,68,161,1e-06,,-5.750238470128162e-173,0.1875,1
S5_PLUS,5,543,primary,69,164,1e-06,,-1.631266518220825e-172,0.25,0.9375
S5_PLUS,5,543,primary,70,166,1e-06,,-6.13941924635669e-61,0.375,0
S5_PLUS,5,543,primary,71,168,1e-06,,-1.175864766779077e-60,0.375,0.125
S5_PLUS,5,543,primary,72,170,1e-06,,6.4143898923125e-61,0.3125,0
S5_PLUS,5,543,primary,73,173,1e-06,,1.380110612160165e-60,0.3125,0.125
S5_PLUS,5,543,primary,74,176,1e-06,,6.39478616911755e-61,0.375,0.0625
S5_PLUS,5,543,primary,75,178,1e-06,,-7.65699000248384e-61,0.375,0.25
S5_PLUS,5,543,primary,76,180,1e-06,,8.961957019695519e-61,0.3125,0.25
S5_PLUS,5,543,primary,77,183,1e-06,,6.795343086366258e-61,0.375,0.1875
S5_PLUS,5,543,primary,78,185,1e-06,,-3.947980735436242e-62,0.375,0.375
S5_PLUS,5,543,primary,79,187,1e-06,,3.384123524047109e-62,0.3125,0.375
S5_PLUS,5,543,primary,80,190,1e-06,,3.380739930094687e-62,0.375,0.3125
S5_PLUS,5,543,primary,81,192,1e-06,,-2.44347444358216e-66,0.375,0.5
S5_PLUS,5,543,primary,82,194,1e-06,,2.420927644378084e-66,0.3125,0.5
S5_PLUS,5,543,primary,83,197,1e-06,,2.420944959256527e-66,0.375,0.4375
S5_PLUS,5,543,primary,84,199,1e-06,,-5.384917691049127e-92,0.375,0.625
S5_PLUS,5,543,primary,85,201,1e-06,,3.724007466901674e-92,0.3125,0.625
S5_PLUS,5,543,primary,86,204,1e-06,,7.213325975277735e-92,0.375,0.5625
S5_PLUS,5,543,primary,87,206,1e-06,,7.478355507247728e-119,0.375,0.75
S5_PLUS,5,543,primary,88,208,1e-06,,-4.845546808922511e-119,0.3125,0.75
S5_PLUS,5,543,primary,89,211,1e-06,,-8.989688049533906e-119,0.375,0.6875
S5_PLUS,5,543,primary,90,213,1e-06,,-8.391309494139841e-146,0.375,0.875
S5_PLUS,5,543,primary,91,215,1e-06,,5.962791658592256e-146,0.3125,0.875
S5_PLUS,5,543,primary,92,218,1e-06,,1.143176690257292e-145,0.375,0.8125
S5_PLUS,5,543,primary,93,220,1e-06,,8.25052910836669e-173,0.375,1
S5_PLUS,5,543,primary,94,222,1e-06,,-5.706328990628598e-173,0.3125,1
S5_PLUS,5,543,primary,95,225,1e-06,,-1.095274895778057e-172,0.375,0.9375
S5_PLUS,5,543,primary,96,227,1e-06,,3.696273858970927e-89,0.5,0
S5_PLUS,5,543,primary,97,229,1e-06,,1.827191555062282e-88,0.5,0.125
S5_PLUS,5,543,primary,98,231,1e-06,,-2.71306830259556e-89,0.4375,0
S5_PLUS,5,543,primary,99,234,1e-06,,-3.143468089186635e-88,0.4375,0.125
S5_PLUS,5,543,primary,100,237,1e-06,,-2.765188518483772e-89,0.5,0.0625
S5_PLUS,5,543,primary,101,239,1e-06,,5.971294375068944e-89,0.5,0.25
S5_PLUS,5,543,primary,102,241,1e-06,,-6.640329235874185e-89,0.4375,0.25
S5_PLUS,5,543,primary,103,244,1e-06,,-3.388159711386092e-89,0.5,0.1875
S5_PLUS,5,543,primary,104,246,1e-06,,5.095168999850885e-90,0.5,0.375
S5_PLUS,5,543,primary,105,248,1e-06,,-3.815579655415318e-90,0.4375,0.375
S5_PLUS,5,543,primary,106,251,1e-06,,-4.621439596909705e-90,0.5,0.3125
S5_PLUS,5,543,primary,107,253,1e-06,,-1.746149740941821e-91,0.5,0.5
S5_PLUS,5,543,primary,108,255,1e-06,,2.397409546734682e-91,0.4375,0.5
S5_PLUS,5,543,primary,109,258,1e-06,,1.985711158846926e-91,0.5,0.4375
S5_PLUS,5,543,primary,110,260,1e-06,,-8.636068765138154e-93,0.5,0.625
S5_PLUS,5,543,primary,111,262,1e-06,,1.133187854862671e-92,0.4375,0.625
S5_PLUS,5,543,primary,112,265,1e-06,,1.107623542208831e-92,0.5,0.5625
S5_PLUS,5,543,primary,113,267,1e-06,,1.762727896920938e-119,0.5,0.75
S5_PLUS,5,543,primary,114,269,1e-06,,-1.640278095815828e-119,0.4375,0.75
S5_PLUS,5,543,primary,115,272,1e-06,,-1.601996201986193e-119,0.5,0.6875
S5_PLUS,5,543,primary,116,274,1e-06,,-2.733283251294512e-146,0.5,0.875
S5_PLUS,5,543,primary,117,276,1e-06,,2.606126596427963e-146,0.4375,0.875
S5_PLUS,5,543,primary,118,279,1e-06,,3.579101879589992e-146,0.5,0.8125
S5_PLUS,5,543,primary,119,281,1e-06,,3.195383561231319e-173,0.5,1
S5_PLUS,5,543,primary,120,283,1e-06,,-2.600621600487131e-173,0.4375,1
S5_PLUS,5,543,primary,121,286,1e-06,,-3.77086965689654e-173,0.5,0.9375
S5_PLUS,5,543,primary,122,288,1e-06,,-7.896664397728882e-117,0.625,0
S5_PLUS,5,543,primary,123,290,1e-06,,-2.952862451498812e-116,0.625,0.125
S5_PLUS,5,543,primary,124,292,1e-06,,6.864877160169075e-117,0.5625,0
S5_PLUS,5,543,primary,125,295,1e-06,,4.662217922597289e-116,0.5625,0.125
S5_PLUS,5,543,primary,126,298,1e-06,,6.754174287611342e-117,0.625,0.0625
S5_PLUS,5,543,primary,127,300,1e-06,,-1.081144611814529e-116,0.625,0.25
S5_PLUS,5,543,primary,128,302,1e-06,,1.235767787147347e-116,0.5625,0.25
S5_PLUS,5,543,primary,129,305,1e-06,,7.587096232828978e-117,0.625,0.1875
S5_PLUS,5,543,primary,130,307,1e-06,,-1.137180699731768e-118,0.625,0.375
S5_PLUS,5,543,primary,131,309,1e-06,,-4.798623669853495e-119,0.5625,0.375
S5_PLUS,5,543,primary,132,312,1e-06,,4.512085040926303e-118,0.625,0.3125
S5_PLUS,5,543,primary,133,314,1e-06,,2.762526749271284e-118,0.625,0.5
S5_PLUS,5,543,primary,134,316,1e-06,,-2.223061436638661e-118,0.5625,0.5
S5_PLUS,5,543,primary,135,319,1e-06,,-2.011934923625367e-118,0.625,0.4375
S5_PLUS,5,543,primary,136,321,1e-06,,3.223515419572933e-119,0.625,0.625
S5_PLUS,5,543,primary,137,323,1e-06,,-8.459027164284538e-120,0.5625,0.625
S5_PLUS,5,543,primary,138,326,1e-06,,-3.836929458450642e-120,0.625,0.5625
S5_PLUS,5,543,primary,139,328,1e-06,,1.034514852768137e-120,0.625,0.75
S5_PLUS,5,543,primary,140,330,1e-06,,2.341613113243021e-121,0.5625,0.75
S5_PLUS,5,543,primary,141,333,1e-06,,3.175610369875127e-121,0.625,0.6875
S5_PLUS,5,543,primary,142,335,1e-06,,-4.914127372877875e-147,0.625,0.875
S5_PLUS,5,543,primary,143,337,1e-06,,5.122314488957523e-147,0.5625,0.875
S5_PLUS,5,543,primary,144,340,1e-06,,7.285506187226854e-147,0.625,0.8125
S5_PLUS,5,543,primary,145,342,1e-06,,7.617135816627871e-174,0.625,1
S5_PLUS,5,543,primary,146,344,1e-06,,-5.920693576775176e-174,0.5625,1
S5_PLUS,5,543,primary,147,347,1e-06,,-7.607168326089221e-174,0.625,0.9375
S5_PLUS,5,543,primary,148,349,1e-06,,1.065270012875728e-144,0.75,0
S5_PLUS,5,543,primary,149,351,1e-06,,4.53663188784803e-144,0.75,0.125
S5_PLUS,5,543,primary,150,353,1e-06,,-9.207142966340099e-145,0.6875,0
S5_PLUS,5,543,primary,151,356,1e-06,,-7.539009849198128e-144,0.6875,0.125
S5_PLUS,5,543,primary,152,359,1e-06,,-8.385729160689038e-145,0.75,0.0625
S5_PLUS,5,543,primary,153,361,1e-06,,9.997793051067565e-145,0.75,0.25
S5_PLUS,5,543,primary,154,363,1e-06,,-1.106313821640827e-144,0.6875,0.25
S5_PLUS,5,543,primary,155,366,1e-06,,-9.723600143567434e-145,0.75,0.1875
S5_PLUS,5,543,primary,156,368,1e-06,,-6.498313300349297e-145,0.75,0.375
S5_PLUS,5,543,primary,157,370,1e-06,,9.340891577556825e-145,0.6875,0.375
S5_PLUS,5,543,primary,158,373,1e-06,,2.202999289561967e-145,0.75,0.3125
S5_PLUS,5,543,primary,159,375,1e-06,,-3.87101232391476e-145,0.75,0.5
S5_PLUS,5,543,primary,160,377,1e-06,,5.708619678005114e-145,0.6875,0.5
S5_PLUS,5,543,primary,161,380,1e-06,,2.920009318213551e-145,0.75,0.4375
S5_PLUS,5,543,primary,162,382,1e-06,,-1.001256297410761e-145,0.75,0.625
S5_PLUS,5,543,primary,163,384,1e-06,,1.68342318992397e-145,0.6875,0.625
S5_PLUS,5,543,primary,164,387,1e-06,,9.718945108789183e-146,0.75,0.5625
S5_PLUS,5,543,primary,165,389,1e-06,,-1.5423202419426e-146,0.75,0.75
S5_PLUS,5,543,primary,166,391,1e-06,,2.916881705401162e-146,0.6875,0.75
S5_PLUS,5,543,primary,167,394,1e-06,,2.533637018314188e-146,0.75,0.6875
S5_PLUS,5,543,primary,168,396,1e-06,,-6.854729984428199e-148,0.75,0.875
S5_PLUS,5,543,primary,169,398,1e-06,,1.355110084849223e-147,0.6875,0.875
S5_PLUS,5,543,primary,170,401,1e-06,,1.322045906965263e-147,0.75,0.8125
S5_PLUS,5,543,primary,171,403,1e-06,,1.062391743318284e-174,0.75,1
S5_PLUS,5,543,primary,172,405,1e-06,,-9.446219498640722e-175,0.6875,1
S5_PLUS,5,543,primary,173,408,1e-06,,-5.305536925594464e-175,0.75,0.9375
S5_PLUS,5,543,primary,174,410,1e-06,,-7.08669686595983e-173,0.875,0
S5_PLUS,5,543,primary,175,412,1e-06,,-4.292759537340428e-172,0.875,0.125
S5_PLUS,5,543,primary,176,414,1e-06,,2.441837568300551e-172,0.8125,0
S5_PLUS,5,543,primary,177,417,1e-06,,1.054494481539748e-171,0.8125,0.125
S5_PLUS,5,543,primary,178,420,1e-06,,5.814265082423831e-173,0.875,0.0625
S5_PLUS,5,543,primary,179,422,1e-06,,3.537476001249659e-172,0.875,0.25
S5_PLUS,5,543,primary,180,424,1e-06,,-1.922636543510863e-172,0.8125,0.25
S5_PLUS,5,543,primary,181,427,1e-06,,1.126955588754046e-172,0.875,0.1875
S5_PLUS,5,543,primary,182,429,1e-06,,6.590158223862371e-172,0.875,0.375
S5_PLUS,5,543,primary,183,431,1e-06,,-6.777427667462005e-172,0.8125,0.375
S5_PLUS,5,543,primary,184,434,1e-06,,-1.590542097339086e-172,0.875,0.3125
S5_PLUS,5,543,primary,185,436,1e-06,,4.011194624273808e-172,0.875,0.5
S5_PLUS,5,543,primary,186,438,1e-06,,-4.758109314580535e-172,0.8125,0.5
S5_PLUS,5,543,primary,187,441,1e-06,,-1.949454241400407e-172,0.875,0.4375
S5_PLUS,5,543,primary,188,443,1e-06,,1.343130776581097e-172,0.875,0.625
S5_PLUS,5,543,primary,189,445,1e-06,,-1.656752196472918e-172,0.8125,0.625
S5_PLUS,5,543,primary,190,448,1e-06,,-8.373170867655836e-173,0.875,0.5625
S5_PLUS,5,543,primary,191,450,1e-06,,2.516138670938669e-173,0.875,0.75
S5_PLUS,5,543,primary,192,452,1e-06,,-2.644947463813365e-173,0.8125,0.75
S5_PLUS,5,543,primary,193,455,1e-06,,-2.008327304167514e-173,0.875,0.6875
S5_PLUS,5,543,primary,194,457,1e-06,,1.437348749500814e-174,0.875,0.875
S5_PLUS,5,543,primary,195,459,1e-06,,3.367863171436439e-175,0.8125,0.875
S5_PLUS,5,543,primary,196,462,1e-06,,5.455794929485625e-175,0.875,0.8125
S5_PLUS,5,543,primary,197,464,1e-06,,-4.909296098077435e-176,0.875,1
S5_PLUS,5,543,primary,198,466,1e-06,,2.53171282310873e-175,0.8125,1
S5_PLUS,5,543,primary,199,469,1e-06,,2.643864081667504e-175,0.875,0.9375
S5_PLUS,5,543,primary,200,471,1e-06,,-6.287139294298171e-200,1,0
S5_PLUS,5,543,primary,201,473,1e-06,,-1.822005450377991e-199,1,0.125
S5_PLUS,5,543,primary,202,475,1e-06,,-1.881892561998093e-199,0.9375,0
S5_PLUS,5,543,primary,203,478,1e-06,,-3.528942691723457e-200,0.9375,0.125
S5_PLUS,5,543,primary,204,481,1e-06,,6.238598278522456e-200,1,0.0625
S5_PLUS,5,543,primary,205,483,1e-06,,-4.674820080297234e-199,1,0.25
S5_PLUS,5,543,primary,206,485,1e-06,,3.784119395919176e-199,0.9375,0.25
S5_PLUS,5,543,primary,207,488,1e-06,,1.635377353817416e-200,1,0.1875
S5_PLUS,5,543,primary,208,490,1e-06,,-5.910839071621623e-199,1,0.375
S5_PLUS,5,543,primary,209,492,1e-06,,6.428145099873116e-199,0.9375,0.375
S5_PLUS,5,543,primary,210,495,1e-06,,1.381407627330234e-199,1,0.3125
S5_PLUS,5,543,primary,211,497,1e-06,,-4.141651123209777e-199,1,0.5
S5_PLUS,5,543,primary,212,499,1e-06,,5.482740110738184e-199,0.9375,0.5
S5_PLUS,5,543,primary,213,502,1e-06,,1.842119781066827e-199,1,0.4375
S5_PLUS,5,543,primary,214,504,1e-06,,-1.776151335138092e-199,1,0.625
S5_PLUS,5,543,primary,215,506,1e-06,,2.603208217690337e-199,0.9375,0.625
S5_PLUS,5,543,primary,216,509,1e-06,,1.139233937579103e-199,1,0.5625
S5_PLUS,5,543,primary,217,511,1e-06,,-4.643146891708403e-200,1,0.75
S5_PLUS,5,543,primary,218,513,1e-06,,6.826370478775149e-200,0.9375,0.75
S5_PLUS,5,543,primary,219,516,1e-06,,3.833865001554182e-200,1,0.6875
S5_PLUS,5,543,primary,220,518,1e-06,,-6.466887979814323e-201,1,0.875
S5_PLUS,5,543,primary,221,520,1e-06,,8.883542982611546e-201,0.9375,0.875
S5_PLUS,5,543,primary,222,523,1e-06,,5.293324299117852e-201,1,0.8125
S5_PLUS,5,543,primary,223,525,1e-06,,-3.633594621091263e-202,1,1
S5_PLUS,5,543,primary,224,527,1e-06,,5.86633690944636e-202,0.9375,1
S5_PLUS,5,543,primary,225,530,1e-06,,3.129487867897308e-202,1,0.9375
S5_MINUS,5,543,secondary,1,532,-1e-06,-9.967980759758105e-05,-8.307178238178542e-06,0.1248499974608421,0.1799499988555908
S5_MINUS,5,543,secondary,2,535,-1e-06,-9.967980759755156e-05,-8.307178238181354e-06,0.124949999153614,0.1799499988555908
S5_MINUS,5,543,secondary,3,536,-1e-06,-9.9960750589056e-05,-8.298251560259961e-06,0.1248499974608421,0.1800500005483627
S5_MINUS,5,543,secondary,4,539,-1e-06,-9.996075058908591e-05,-8.298251560259371e-06,0.124949999153614,0.1800500005483627
S5_MINUS,5,543,secondary,5,543,-1e-06,-9.940142745349146e-05,3.319967235412157e-05,0.1248999983072281,0.1799499988555908
S5_MINUS,5,543,secondary,6,547,-1e-06,-9.980204481113273e-05,3.324110890999572e-05,0.1248999983072281,0.1800500005483627
S5_MINUS,5,543,secondary,7,548,-1e-06,-9.969778401392642e-05,3.322412912127827e-05,0.1248499974608421,0.1800000071525574
S5_MINUS,5,543,secondary,8,551,-1e-06,-9.969778401388997e-05,3.322412912127223e-05,0.124949999153614,0.1800000071525574
S5_MINUS,5,543,primary,1,2,-1e-06,,-4.024510748560191e-34,0,0
S5_MINUS,5,543,primary,2,3,-1e-06,,-1.322608914830163e-33,0.125,0
S5_MINUS,5,543,primary,3,6,-1e-06,,-8.387471303077161e-08,0,0.125
S5_MINUS,5,543,primary,4,7,-1e-06,,6.603107433674526e-06,0.125,0.125
S5_MINUS,5,543,primary,5,10,-1e-06,,3.680111412634941e-34,0.0625,0
S5_MINUS,5,543,primary,6,14,-1e-06,,1.784657436043409e-07,0.0625,0.125
S5_MINUS,5,543,primary,7,18,-1e-06,,3.695773697973123e-34,0,0.0625
S5_MINUS,5,543,primary,8,19,-1e-06,,2.178999152745118e-33,0.125,0.0625
S5_MINUS,5,543,primary,9,22,-1e-06,,-7.432318285472509e-08,0,0.25
S5_MINUS,5,543,primary,10,23,-1e-06,,-5.328479946584833e-06,0.125,0.25
S5_MINUS,5,543,primary,11,26,-1e-06,,1.402262426906514e-07,0.0625,0.25
S5_MINUS,5,543,primary,12,30,-1e-06,,7.859444666583658e-08,0,0.1875
S5_MINUS,5,543,primary,13,31,-1e-06,,9.816446388562355e-05,0.125,0.1875
S5_MINUS,5,543,primary,14,34,-1e-06,,3.556345861591464e-34,0,0.375
S5_MINUS,5,543,primary,15,35,-1e-06,,1.092675578359058e-33,0.125,0.375
S5_MINUS,5,543,primary,16,38,-1e-06,,-3.223876742245059e-34,0.0625,0.375
S5_MINUS,5,543,primary,17,42,-1e-06,,-3.220494373103169e-34,0,0.3125
S5_MINUS,5,543,primary,18,43,-1e-06,,-1.765963835002631e-33,0.125,0.3125
S5_MINUS,5,543,primary,19,46,-1e-06,,-3.91067767709462e-62,0,0.5
S5_MINUS,5,543,primary,20,47,-1e-06,,-1.475233438669923e-61,0.125,0.5
S5_MINUS,5,543,primary,21,50,-1e-06,,3.3350748607818e-62,0.0625,0.5
S5_MINUS,5,543,primary,22,54,-1e-06,,3.332902388187205e-62,0,0.4375
S5_MINUS,5,543,primary,23,55,-1e-06,,2.43409858068199e-61,0.125,0.4375
S5_MINUS,5,543,primary,24,58,-1e-06,,5.833502887884983e-90,0,0.625
S5_MINUS,5,543,primary,25,59,-1e-06,,2.271163696995125e-89,0.125,0.625
S5_MINUS,5,543,primary,26,62,-1e-06,,-4.919354205170933e-90,0.0625,0.625
S5_MINUS,5,543,primary,27,66,-1e-06,,-4.913149683215893e-90,0,0.5625
S5_MINUS,5,543,primary,28,67,-1e-06,,-3.733010071919663e-89,0.125,0.5625
S5_MINUS,5,543,primary,29,70,-1e-06,,-8.626188297417207e-118,0,0.75
S5_MINUS,5,543,primary,30,71,-1e-06,,-3.517724785538203e-117,0.125,0.75
S5_MINUS,5,543,primary,31,74,-1e-06,,7.093734613421819e-118,0.0625,0.75
S5_MINUS,5,543,primary,32,78,-1e-06,,7.128323484792478e-118,0,0.6875
S5_MINUS,5,543,primary,33,79,-1e-06,,5.818834534810582e-117,0.125,0.6875
S5_MINUS,5,543,primary,34,82,-1e-06,,5.890543324916804e-146,0,0.875
S5_MINUS,5,543,primary,35,83,-1e-06,,3.952685500191985e-145,0.125,0.875
S5_MINUS,5,543,primary,36,86,-1e-06,,-2.395848156078597e-146,0.0625,0.875
S5_MINUS,5,543,primary,37,90,-1e-06,,-2.819509711385124e-146,0,0.8125
S5_MINUS,5,543,primary,38,91,-1e-06,,-7.036874875674397e-145,0.125,0.8125
S5_MINUS,5,543,primary,39,94,-1e-06,,6.553802748101318e-173,0,1
S5_MINUS,5,543,primary,40,95,-1e-06,,1.08321519236127e-172,0.125,1
S5_MINUS,5,543,primary,41,98,-1e-06,,-7.97491060510296e-173,0.0625,1
S5_MINUS,5,543,primary,42,102,-1e-06,,-7.15885938665638e-173,0,0.9375
S5_MINUS,5,543,primary,43,103,-1e-06,,-1.20998614005593e-172,0.125,0.9375
S5_MINUS,5,543,primary,44,105,-1e-06,,-4.213147609638042e-34,0.25,0
S5_MINUS,5,543,primary,45,107,-1e-06,,4.703812598695242e-33,0.25,0.125
S5_MINUS,5,543,primary,46,109,-1e-06,,3.836978477781589e-34,0.1875,0
S5_MINUS,5,543,primary,47,112,-1e-06,,1.707938179333809e-33,0.1875,0.125
S5_MINUS,5,543,primary,48,115,-1e-06,,3.837543045071333e-34,0.25,0.0625
S5_MINUS,5,543,primary,49,117,-1e-06,,6.363665719124828e-33,0.25,0.25
S5_MINUS,5,543,primary,50,119,-1e-06,,-1.553343168989528e-33,0.1875,0.25
S5_MINUS,5,543,primary,51,122,-1e-06,,-5.879621710825147e-33,0.25,0.1875
S5_MINUS,5,543,primary,52,124,-1e-06,,3.39949743675689e-34,0.25,0.375
S5_MINUS,5,543,primary,53,126,-1e-06,,-3.095580907351797e-34,0.1875,0.375
S5_MINUS,5,543,primary,54,129,-1e-06,,-3.095125787081976e-34,0.25,0.3125
S5_MINUS,5,543,primary,55,131,-1e-06,,-3.91816198240056e-62,0.25,0.5
S5_MINUS,5,543,primary,56,133,-1e-06,,3.351711449080475e-62,0.1875,0.5
S5_MINUS,5,543,primary,57,136,-1e-06,,3.354672949596904e-62,0.25,0.4375
S5_MINUS,5,543,primary,58,138,-1e-06,,5.857934039718595e-90,0.25,0.625
S5_MINUS,5,543,primary,59,140,-1e-06,,-4.949543210648791e-90,0.1875,0.625
S5_MINUS,5,543,primary,60,143,-1e-06,,-4.964347826044738e-90,0.25,0.5625
S5_MINUS,5,543,primary,61,145,-1e-06,,-8.434117400737912e-118,0.25,0.75
S5_MINUS,5,543,primary,62,147,-1e-06,,7.228933118197258e-118,0.1875,0.75
S5_MINUS,5,543,primary,63,150,-1e-06,,6.812908533437057e-118,0.25,0.6875
S5_MINUS,5,543,primary,64,152,-1e-06,,-8.91794898034052e-147,0.25,0.875
S5_MINUS,5,543,primary,65,154,-1e-06,,-2.90215331840759e-146,0.1875,0.875
S5_MINUS,5,543,primary,66,157,-1e-06,,9.212313804008979e-146,0.25,0.8125
S5_MINUS,5,543,primary,67,159,-1e-06,,1.601540867169098e-172,0.25,1
S5_MINUS,5,543,primary,68,161,-1e-06,,-8.63363235904915e-173,0.1875,1
S5_MINUS,5,543,primary,69,164,-1e-06,,-2.347467599963773e-172,0.25,0.9375
S5_MINUS,5,543,primary,70,166,-1e-06,,-6.09684233106596e-61,0.375,0
S5_MINUS,5,543,primary,71,168,-1e-06,,-1.166873694221366e-60,0.375,0.125
S5_MINUS,5,543,primary,72,170,-1e-06,,6.368765148215953e-61,0.3125,0
S5_MINUS,5,543,primary,73,173,-1e-06,,1.367244338428134e-60,0.3125,0.125
S5_MINUS,5,543,primary,74,176,-1e-06,,6.348620342282662e-61,0.375,0.0625
S5_MINUS,5,543,primary,75,178,-1e-06,,-7.603581937594936e-61,0.375,0.25
S5_MINUS,5,543,primary,76,180,-1e-06,,8.898366435471445e-61,0.3125,0.25
S5_MINUS,5,543,primary,77,183,-1e-06,,6.743641146613612e-61,0.375,0.1875
S5_MINUS,5,543,primary,78,185,-1e-06,,-3.918171009143221e-62,0.375,0.375
S5_MINUS,5,543,primary,79,187,-1e-06,,3.353828386397459e-62,0.3125,0.375
S5_MINUS,5,543,primary,80,190,-1e-06,,3.351450008726726e-62,0.375,0.3125
S5_MINUS,5,543,primary,81,192,-1e-06,,5.184290008120237e-76,0.375,0.5
S5_MINUS,5,543,primary,82,194,-1e-06,,-5.187264047941843e-76,0.3125,0.5
S5_MINUS,5,543,primary,83,197,-1e-06,,-5.204669665147127e-76,0.375,0.4375
S5_MINUS,5,543,primary,84,199,-1e-06,,1.351337382605505e-92,0.375,0.625
S5_MINUS,5,543,primary,85,201,-1e-06,,-8.869466783982924e-93,0.3125,0.625
S5_MINUS,5,543,primary,86,204,-1e-06,,-1.551866740197147e-92,0.375,0.5625
S5_MINUS,5,543,primary,87,206,-1e-06,,4.249809197292648e-119,0.375,0.75
S5_MINUS,5,543,primary,88,208,-1e-06,,-2.742960794370481e-119,0.3125,0.75
S5_MINUS,5,543,primary,89,211,-1e-06,,-5.095002973094518e-119,0.375,0.6875
S5_MINUS,5,543,primary,90,213,-1e-06,,-9.879638697527317e-146,0.375,0.875
S5_MINUS,5,543,primary,91,215,-1e-06,,7.368903868574124e-146,0.3125,0.875
S5_MINUS,5,543,primary,92,218,-1e-06,,1.384888525733526e-145,0.375,0.8125
S5_MINUS,5,543,primary,93,220,-1e-06,,1.218715024992971e-172,0.375,1
S5_MINUS,5,543,primary,94,222,-1e-06,,-8.719331406610409e-173,0.3125,1
S5_MINUS,5,543,primary,95,225,-1e-06,,-1.636778061918425e-172,0.375,0.9375
S5_MINUS,5,543,primary,96,227,-1e-06,,3.659659945658507e-89,0.5,0
S5_MINUS,5,543,primary,97,229,-1e-06,,1.814821994163267e-88,0.5,0.125
S5_MINUS,5,543,primary,98,231,-1e-06,,-2.693171560916138e-89,0.4375,0
S5_MINUS,5,543,primary,99,234,-1e-06,,-3.118694728439006e-88,0.4375,0.125
S5_MINUS,5,543,primary,100,237,-1e-06,,-2.74288386697832e-89,0.5,0.0625
S5_MINUS,5,543,primary,101,239,-1e-06,,6.019071366831018e-89,0.5,0.25
S5_MINUS,5,543,primary,102,241,-1e-06,,-6.660568804091219e-89,0.4375,0.25
S5_MINUS,5,543,primary,103,244,-1e-06,,-3.378875567816271e-89,0.5,0.1875
S5_MINUS,5,543,primary,104,246,-1e-06,,5.983238741529931e-90,0.5,0.375
S5_MINUS,5,543,primary,105,248,-1e-06,,-5.121452243221593e-90,0.4375,0.375
S5_MINUS,5,543,primary,106,251,-1e-06,,-5.016264155712637e-90,0.5,0.3125
S5_MINUS,5,543,primary,107,253,-1e-06,,3.080962494248597e-92,0.5,0.5
S5_MINUS,5,543,primary,108,255,-1e-06,,-2.911591185198552e-92,0.4375,0.5
S5_MINUS,5,543,primary,109,258,-1e-06,,-2.260252113493863e-92,0.5,0.4375
S5_MINUS,5,543,primary,110,260,-1e-06,,1.615939491081333e-93,0.5,0.625
S5_MINUS,5,543,primary,111,262,-1e-06,,-1.358533105318409e-93,0.4375,0.625
S5_MINUS,5,543,primary,112,265,-1e-06,,-1.365205938942952e-93,0.5,0.5625
S5_MINUS,5,543,primary,113,267,-1e-06,,1.228808916855154e-119,0.5,0.75
S5_MINUS,5,543,primary,114,269,-1e-06,,-1.073934740008034e-119,0.4375,0.75
S5_MINUS,5,543,primary,115,272,-1e-06,,-9.808284271808793e-120,0.5,0.6875
S5_MINUS,5,543,primary,116,274,-1e-06,,-3.588605284390668e-146,0.5,0.875
S5_MINUS,5,543,primary,117,276,-1e-06,,3.474844504272428e-146,0.4375,0.875
S5_MINUS,5,543,primary,118,279,-1e-06,,4.882821687801275e-146,0.5,0.8125
S5_MINUS,5,543,primary,119,281,-1e-06,,4.968186478234846e-173,0.5,1
S5_MINUS,5,543,primary,120,283,-1e-06,,-4.079455388451467e-173,0.4375,1
S5_MINUS,5,543,primary,121,286,-1e-06,,-5.84590883413366e-173,0.5,0.9375
S5_MINUS,5,543,primary,122,288,-1e-06,,-8.102873218301743e-117,0.625,0
S5_MINUS,5,543,primary,123,290,-1e-06,,-2.996585238243112e-116,0.625,0.125
S5_MINUS,5,543,primary,124,292,-1e-06,,7.004144889050126e-117,0.5625,0
S5_MINUS,5,543,primary,125,295,-1e-06,,4.692061296931146e-116,0.5625,0.125
S5_MINUS,5,543,primary,126,298,-1e-06,,6.930862356298497e-117,0.625,0.0625
S5_MINUS,5,543,primary,127,300,-1e-06,,-1.145528923644598e-116,0.625,0.25
S5_MINUS,5,543,primary,128,302,-1e-06,,1.312578136440717e-116,0.5625,0.25
S5_MINUS,5,543,primary,129,305,-1e-06,,7.8199786791505e-117,0.625,0.1875
S5_MINUS,5,543,primary,130,307,-1e-06,,-4.814284444580892e-118,0.625,0.375
S5_MINUS,5,543,primary,131,309,-1e-06,,3.674535865860564e-118,0.5625,0.375
S5_MINUS,5,543,primary,132,312,-1e-06,,7.10132167292779e-118,0.625,0.3125
S5_MINUS,5,543,primary,133,314,-1e-06,,2.040733816439378e-118,0.625,0.5
S5_MINUS,5,543,primary,134,316,-1e-06,,-1.72720329692813e-118,0.5625,0.5
S5_MINUS,5,543,primary,135,319,-1e-06,,-1.47091711118378e-118,0.625,0.4375
S5_MINUS,5,543,primary,136,321,-1e-06,,3.288012123918357e-119,0.625,0.625
S5_MINUS,5,543,primary,137,323,-1e-06,,-1.792367401363415e-119,0.5625,0.625
S5_MINUS,5,543,primary,138,326,-1e-06,,-1.17916157374742e-119,0.625,0.5625
S5_MINUS,5,543,primary,139,328,-1e-06,,9.175255909528299e-121,0.625,0.75
S5_MINUS,5,543,primary,140,330,-1e-06,,3.323437316406036e-121,0.5625,0.75
S5_MINUS,5,543,primary,141,333,-1e-06,,5.003246111908255e-121,0.625,0.6875
S5_MINUS,5,543,primary,142,335,-1e-06,,-7.675238448418774e-147,0.625,0.875
S5_MINUS,5,543,primary,143,337,-1e-06,,8.636682504639252e-147,0.5625,0.875
S5_MINUS,5,543,primary,144,340,-1e-06,,1.243606909399575e-146,0.625,0.8125
S5_MINUS,5,543,primary,145,342,-1e-06,,1.263546519412455e-173,0.625,1
S5_MINUS,5,543,primary,146,344,-1e-06,,-9.767957830297032e-174,0.5625,1
S5_MINUS,5,543,primary,147,347,-1e-06,,-1.220112706055774e-173,0.625,0.9375
S5_MINUS,5,543,primary,148,349,-1e-06,,1.150665861711337e-144,0.75,0
S5_MINUS,5,543,primary,149,351,-1e-06,,4.848544743188301e-144,0.75,0.125
S5_MINUS,5,543,primary,150,353,-1e-06,,-1.03901644422358e-144,0.6875,0
S5_MINUS,5,543,primary,151,356,-1e-06,,-8.113159516849321e-144,0.6875,0.125
S5_MINUS,5,543,primary,152,359,-1e-06,,-9.397038272315616e-145,0.75,0.0625
S5_MINUS,5,543,primary,153,361,-1e-06,,1.264721516584737e-144,0.75,0.25
S5_MINUS,5,543,primary,154,363,-1e-06,,-1.828171725316343e-144,0.6875,0.25
S5_MINUS,5,543,primary,155,366,-1e-06,,-1.276945375295983e-144,0.75,0.1875
S5_MINUS,5,543,primary,156,368,-1e-06,,-6.920878458615864e-145,0.75,0.375
S5_MINUS,5,543,primary,157,370,-1e-06,,8.301863705081351e-145,0.6875,0.375
S5_MINUS,5,543,primary,158,373,-1e-06,,4.32254575220031e-146,0.75,0.3125
S5_MINUS,5,543,primary,159,375,-1e-06,,-5.074896901924809e-145,0.75,0.5
S5_MINUS,5,543,primary,160,377,-1e-06,,7.421991580922138e-145,0.6875,0.5
S5_MINUS,5,543,primary,161,380,-1e-06,,3.341959464474627e-145,0.75,0.4375
S5_MINUS,5,543,primary,162,382,-1e-06,,-1.514743405237075e-145,0.75,0.625
S5_MINUS,5,543,primary,163,384,-1e-06,,2.663460063900055e-145,0.6875,0.625
S5_MINUS,5,543,primary,164,387,-1e-06,,1.396077976290177e-145,0.75,0.5625
S5_MINUS,5,543,primary,165,389,-1e-06,,-2.63403976536804e-146,0.75,0.75
S5_MINUS,5,543,primary,166,391,-1e-06,,5.217336847713832e-146,0.6875,0.75
S5_MINUS,5,543,primary,167,394,-1e-06,,4.453422006085374e-146,0.75,0.6875
S5_MINUS,5,543,primary,168,396,-1e-06,,-1.282159806401217e-147,0.75,0.875
S5_MINUS,5,543,primary,169,398,-1e-06,,2.655579555680473e-147,0.6875,0.875
S5_MINUS,5,543,primary,170,401,-1e-06,,2.575837153429423e-147,0.75,0.8125
S5_MINUS,5,543,primary,171,403,-1e-06,,1.801552875052345e-174,0.75,1
S5_MINUS,5,543,primary,172,405,-1e-06,,-1.493100226566793e-174,0.6875,1
S5_MINUS,5,543,primary,173,408,-1e-06,,-3.783587157336501e-175,0.75,0.9375
S5_MINUS,5,543,primary,174,410,-1e-06,,-3.971845704629377e-173,0.875,0
S5_MINUS,5,543,primary,175,412,-1e-06,,-4.566483534719257e-172,0.875,0.125
S5_MINUS,5,543,primary,176,414,-1e-06,,3.148026406680996e-172,0.8125,0
S5_MINUS,5,543,primary,177,417,-1e-06,,1.295112402711241e-171,0.8125,0.125
S5_MINUS,5,543,primary,178,420,-1e-06,,6.534691109908873e-174,0.875,0.0625
S5_MINUS,5,543,primary,179,422,-1e-06,,3.935199599765967e-172,0.875,0.25
S5_MINUS,5,543,primary,180,424,-1e-06,,9.444493726961802e-173,0.8125,0.25
S5_MINUS,5,543,primary,181,427,-1e-06,,3.070426541724954e-172,0.875,0.1875
S5_MINUS,5,543,primary,182,429,-1e-06,,9.158710493383431e-172,0.875,0.375
S5_MINUS,5,543,primary,183,431,-1e-06,,-8.173948536241538e-172,0.8125,0.375
S5_MINUS,5,543,primary,184,434,-1e-06,,-8.623475559638589e-173,0.875,0.3125
S5_MINUS,5,543,primary,185,436,-1e-06,,6.263293506578421e-172,0.875,0.5
S5_MINUS,5,543,primary,186,438,-1e-06,,-7.304002317392951e-172,0.8125,0.5
S5_MINUS,5,543,primary,187,441,-1e-06,,-2.636436903212366e-172,0.875,0.4375
S5_MINUS,5,543,primary,188,443,-1e-06,,2.226484420104205e-172,0.875,0.625
S5_MINUS,5,543,primary,189,445,-1e-06,,-2.655880725257438e-172,0.8125,0.625
S5_MINUS,5,543,primary,190,448,-1e-06,,-1.233784802521559e-172,0.875,0.5625
S5_MINUS,5,543,primary,191,450,-1e-06,,4.031077726577984e-173,0.875,0.75
S5_MINUS,5,543,primary,192,452,-1e-06,,-2.947104722437433e-173,0.8125,0.75
S5_MINUS,5,543,primary,193,455,-1e-06,,-2.451000789390872e-173,0.875,0.6875
S5_MINUS,5,543,primary,194,457,-1e-06,,-2.344502408351992e-175,0.875,0.875
S5_MINUS,5,543,primary,195,459,-1e-06,,8.354602806674922e-174,0.8125,0.875
S5_MINUS,5,543,primary,196,462,-1e-06,,8.540960811055579e-174,0.875,0.8125
S5_MINUS,5,543,primary,197,464,-1e-06,,-2.059461741767929e-175,0.875,1
S5_MINUS,5,543,primary,198,466,-1e-06,,7.705514766938233e-175,0.8125,1
S5_MINUS,5,543,primary,199,469,-1e-06,,7.921908726443044e-175,0.875,0.9375
S5_MINUS,5,543,primary,200,471,-1e-06,,-8.383388347766975e-200,1,0
S5_MINUS,5,543,primary,201,473,-1e-06,,-2.323000835295437e-199,1,0.125
S5_MINUS,5,543,primary,202,475,-1e-06,,-4.292279705342856e-199,0.9375,0
S5_MINUS,5,543,primary,203,478,-1e-06,,-2.637109793560366e-199,0.9375,0.125
S5_MINUS,5,543,primary,204,481,-1e-06,,8.773978440688048e-200,1,0.0625
S5_MINUS,5,543,primary,205,483,-1e-06,,-6.096845512263112e-199,1,0.25
S5_MINUS,5,543,primary,206,485,-1e-06,,2.976524761992471e-199,0.9375,0.25
S5_MINUS,5,543,primary,207,488,-1e-06,,-1.39713489529839e-199,1,0.1875
S5_MINUS,5,543,primary,208,490,-1e-06,,-9.028021600753536e-199,1,0.375
S5_MINUS,5,543,primary,209,492,-1e-06,,9.899517290238017e-199,0.9375,0.375
S5_MINUS,5,543,primary,210,495,-1e-06,,1.402165646956519e-199,1,0.3125
S5_MINUS,5,543,primary,211,497,-1e-06,,-6.78973000503984e-199,1,0.5
S5_MINUS,5,543,primary,212,499,-1e-06,,1.018919430682675e-198,0.9375,0.5
S5_MINUS,5,543,primary,213,502,-1e-06,,3.233911956592613e-199,1,0.4375
S5_MINUS,5,543,primary,214,504,-1e-06,,-3.054381849774833e-199,1,0.625
S5_MINUS,5,543,primary,215,506,-1e-06,,5.471443894678498e-199,0.9375,0.625
S5_MINUS,5,543,primary,216,509,-1e-06,,2.39408173015654e-199,1,0.5625
S5_MINUS,5,543,primary,217,511,-1e-06,,-8.642154472973386e-200,1,0.75
S5_MINUS,5,543,primary,218,513,-1e-06,,1.728040509169517e-199,0.9375,0.75
S5_MINUS,5,543,primary,219,516,-1e-06,,1.02043443286758e-199,1,0.6875
S5_MINUS,5,543,primary,220,518,-1e-06,,-1.495654007489845e-200,1,0.875
S5_MINUS,5,543,primary,221,520,-1e-06,,3.568091399752236e-200,0.9375,0.875
S5_MINUS,5,543,primary,222,523,-1e-06,,2.334677536531522e-200,1,0.8125
S5_MINUS,5,543,primary,223,525,-1e-06,,-2.456105581178412e-201,1,1
S5_MINUS,5,543,primary,224,527,-1e-06,,6.5402897939362e-201,0.9375,1
S5_MINUS,5,543,primary,225,530,-1e-06,,5.89618165162788e-201,1,0.9375
S6_PLUS,6,551,secondary,1,532,1e-06,-0.0001000443792703329,-8.370590110232792e-06,0.1248499974608421,0.1799499988555908
S6_PLUS,6,551,secondary,2,535,1e-06,-0.0001003948122410451,-8.360264460201311e-06,0.124949999153614,0.1799499988555908
S6_PLUS,6,551,secondary,3,536,1e-06,-0.0001000443792704051,-8.370590110232924e-06,0.1248499974608421,0.1800500005483627
S6_PLUS,6,551,secondary,4,539,1e-06,-0.000100394812241082,-8.360264460200198e-06,0.124949999153614,0.1800500005483627
S6_PLUS,6,551,secondary,5,543,1e-06,-0.0001003245790844371,3.344988834123046e-05,0.1248999983072281,0.1799499988555908
S6_PLUS,6,551,secondary,6,547,1e-06,-0.0001003245790844306,3.344988834122355e-05,0.1248999983072281,0.1800500005483627
S6_PLUS,6,551,secondary,7,548,1e-06,-0.0001002076982583639,3.343116425220898e-05,0.1248499974608421,0.1800000071525574
S6_PLUS,6,551,secondary,8,551,1e-06,-0.0001006230450216512,3.347568030065107e-05,0.124949999153614,0.1800000071525574
S6_PLUS,6,551,primary,1,2,1e-06,,-4.05361941043601e-34,0,0
S6_PLUS,6,551,primary,2,3,1e-06,,-1.331708423787912e-33,0.125,0
S6_PLUS,6,551,primary,3,6,1e-06,,-8.384436142197718e-08,0,0.125
S6_PLUS,6,551,primary,4,7,1e-06,,6.648630224163795e-06,0.125,0.125
S6_PLUS,6,551,primary,5,10,1e-06,,3.707107034480781e-34,0.0625,0
S6_PLUS,6,551,primary,6,14,1e-06,,1.784020943216266e-07,0.0625,0.125
S6_PLUS,6,551,primary,7,18,1e-06,,3.721801170948633e-34,0,0.0625
S6_PLUS,6,551,primary,8,19,1e-06,,2.193327354554788e-33,0.125,0.0625
S6_PLUS,6,551,primary,9,22,1e-06,,-7.429534733741761e-08,0,0.25
S6_PLUS,6,551,primary,10,23,1e-06,,-5.364079221042618e-06,0.125,0.25
S6_PLUS,6,551,primary,11,26,1e-06,,1.401730741098494e-07,0.0625,0.25
S6_PLUS,6,551,primary,12,30,1e-06,,7.856459138806504e-08,0,0.1875
S6_PLUS,6,551,primary,13,31,1e-06,,9.882136104026552e-05,0.125,0.1875
S6_PLUS,6,551,primary,14,34,1e-06,,3.579276438858541e-34,0,0.375
S6_PLUS,6,551,primary,15,35,1e-06,,1.099981100348993e-33,0.125,0.375
S6_PLUS,6,551,primary,16,38,1e-06,,-3.245623105418708e-34,0.0625,0.375
S6_PLUS,6,551,primary,17,42,1e-06,,-3.242208032849299e-34,0,0.3125
S6_PLUS,6,551,primary,18,43,1e-06,,-1.778309932428733e-33,0.125,0.3125
S6_PLUS,6,551,primary,19,46,1e-06,,-3.933539712511756e-62,0,0.5
S6_PLUS,6,551,primary,20,47,1e-06,,-1.484220352004068e-61,0.125,0.5
S6_PLUS,6,551,primary,21,50,1e-06,,3.356664081706458e-62,0.0625,0.5
S6_PLUS,6,551,primary,22,54,1e-06,,3.354775291328533e-62,0,0.4375
S6_PLUS,6,551,primary,23,55,1e-06,,2.449810436936094e-61,0.125,0.4375
S6_PLUS,6,551,primary,24,58,1e-06,,5.615381583233674e-90,0,0.625
S6_PLUS,6,551,primary,25,59,1e-06,,2.227226458116008e-89,0.125,0.625
S6_PLUS,6,551,primary,26,62,1e-06,,-4.719301423582272e-90,0.0625,0.625
S6_PLUS,6,551,primary,27,66,1e-06,,-4.705371573289642e-90,0,0.5625
S6_PLUS,6,551,primary,28,67,1e-06,,-3.686345085309587e-89,0.125,0.5625
S6_PLUS,6,551,primary,29,70,1e-06,,-6.804153644419186e-118,0,0.75
S6_PLUS,6,551,primary,30,71,1e-06,,-3.074516397979006e-117,0.125,0.75
S6_PLUS,6,551,primary,31,74,1e-06,,5.471114919744086e-118,0.0625,0.75
S6_PLUS,6,551,primary,32,78,1e-06,,5.249184362623517e-118,0,0.6875
S6_PLUS,6,551,primary,33,79,1e-06,,5.268032604937769e-117,0.125,0.6875
S6_PLUS,6,551,primary,34,82,1e-06,,-2.698135443462498e-146,0,0.875
S6_PLUS,6,551,primary,35,83,1e-06,,1.61723912213247e-145,0.125,0.875
S6_PLUS,6,551,primary,36,86,1e-06,,4.480655508694285e-146,0.0625,0.875
S6_PLUS,6,551,primary,37,90,1e-06,,7.196620969139569e-146,0,0.8125
S6_PLUS,6,551,primary,38,91,1e-06,,-4.021735798837141e-145,0.125,0.8125
S6_PLUS,6,551,primary,39,94,1e-06,,9.803656328611955e-173,0,1
S6_PLUS,6,551,primary,40,95,1e-06,,2.017617189309165e-172,0.125,1
S6_PLUS,6,551,primary,41,98,1e-06,,-1.000808546172966e-172,0.0625,1
S6_PLUS,6,551,primary,42,102,1e-06,,-1.257807268720442e-172,0,0.9375
S6_PLUS,6,551,primary,43,103,1e-06,,-2.448844550835529e-172,0.125,0.9375
S6_PLUS,6,551,primary,44,105,1e-06,,-4.241735334726348e-34,0.25,0
S6_PLUS,6,551,primary,45,107,1e-06,,4.740512864259983e-33,0.25,0.125
S6_PLUS,6,551,primary,46,109,1e-06,,3.86195435056371e-34,0.1875,0
S6_PLUS,6,551,primary,47,112,1e-06,,1.710071014094316e-33,0.1875,0.125
S6_PLUS,6,551,primary,48,115,1e-06,,3.862522752995261e-34,0.25,0.0625
S6_PLUS,6,551,primary,49,117,1e-06,,6.408415867303877e-33,0.25,0.25
S6_PLUS,6,551,primary,50,119,1e-06,,-1.563112502616852e-33,0.1875,0.25
S6_PLUS,6,551,primary,51,122,1e-06,,-5.924198768454763e-33,0.25,0.1875
S6_PLUS,6,551,primary,52,124,1e-06,,3.422207015930955e-34,0.25,0.375
S6_PLUS,6,551,primary,53,126,1e-06,,-3.115799457792567e-34,0.1875,0.375
S6_PLUS,6,551,primary,54,129,1e-06,,-3.116252359194072e-34,0.25,0.3125
S6_PLUS,6,551,primary,55,131,1e-06,,-3.940149923739346e-62,0.25,0.5
S6_PLUS,6,551,primary,56,133,1e-06,,3.370751994853088e-62,0.1875,0.5
S6_PLUS,6,551,primary,57,136,1e-06,,3.37191141445739e-62,0.25,0.4375
S6_PLUS,6,551,primary,58,138,1e-06,,5.494396810335621e-90,0.25,0.625
S6_PLUS,6,551,primary,59,140,1e-06,,-4.753494414446977e-90,0.1875,0.625
S6_PLUS,6,551,primary,60,143,1e-06,,-4.542832515492289e-90,0.25,0.5625
S6_PLUS,6,551,primary,61,145,1e-06,,-4.924278116059482e-118,0.25,0.75
S6_PLUS,6,551,primary,62,147,1e-06,,5.405734885855133e-118,0.1875,0.75
S6_PLUS,6,551,primary,63,150,1e-06,,2.594379197338302e-118,0.25,0.6875
S6_PLUS,6,551,primary,64,152,1e-06,,-2.033720107412726e-145,0.25,0.875
S6_PLUS,6,551,primary,65,154,1e-06,,6.455947491230028e-146,0.1875,0.875
S6_PLUS,6,551,primary,66,157,1e-06,,3.236196889476018e-145,0.25,0.8125
S6_PLUS,6,551,primary,67,159,1e-06,,2.371753539802838e-172,0.25,1
S6_PLUS,6,551,primary,68,161,1e-06,,-1.189416547215464e-172,0.1875,1
S6_PLUS,6,551,primary,69,164,1e-06,,-3.211128501950216e-172,0.25,0.9375
S6_PLUS,6,551,primary,70,166,1e-06,,-6.142773674048865e-61,0.375,0
S6_PLUS,6,551,primary,71,168,1e-06,,-1.176465737872663e-60,0.375,0.125
S6_PLUS,6,551,primary,72,170,1e-06,,6.419737244114113e-61,0.3125,0
S6_PLUS,6,551,primary,73,173,1e-06,,1.381667771184725e-60,0.3125,0.125
S6_PLUS,6,551,primary,74,176,1e-06,,6.400869300169729e-61,0.375,0.0625
S6_PLUS,6,551,primary,75,178,1e-06,,-7.65326079684082e-61,0.375,0.25
S6_PLUS,6,551,primary,76,180,1e-06,,8.954629094837564e-61,0.3125,0.25
S6_PLUS,6,551,primary,77,183,1e-06,,6.792843659800556e-61,0.375,0.1875
S6_PLUS,6,551,primary,78,185,1e-06,,-3.927251339256846e-62,0.375,0.375
S6_PLUS,6,551,primary,79,187,1e-06,,3.359491155712163e-62,0.3125,0.375
S6_PLUS,6,551,primary,80,190,1e-06,,3.357863627106795e-62,0.375,0.3125
S6_PLUS,6,551,primary,81,192,1e-06,,8.037630598856801e-66,0.375,0.5
S6_PLUS,6,551,primary,82,194,1e-06,,-8.04700333827974e-66,0.3125,0.5
S6_PLUS,6,551,primary,83,197,1e-06,,-8.046854162998609e-66,0.375,0.4375
S6_PLUS,6,551,primary,84,199,1e-06,,-1.591333005661838e-91,0.375,0.625
S6_PLUS,6,551,primary,85,201,1e-06,,1.099917672370254e-91,0.3125,0.625
S6_PLUS,6,551,primary,86,204,1e-06,,1.866110265889286e-91,0.375,0.5625
S6_PLUS,6,551,primary,87,206,1e-06,,2.03360279805883e-118,0.375,0.75
S6_PLUS,6,551,primary,88,208,1e-06,,-1.353842160903359e-118,0.3125,0.75
S6_PLUS,6,551,primary,89,211,1e-06,,-2.347041357332163e-118,0.375,0.6875
S6_PLUS,6,551,primary,90,213,1e-06,,-1.860424272158525e-145,0.375,0.875
S6_PLUS,6,551,primary,91,215,1e-06,,1.234134249924436e-145,0.3125,0.875
S6_PLUS,6,551,primary,92,218,1e-06,,2.254595095068519e-145,0.375,0.8125
S6_PLUS,6,551,primary,93,220,1e-06,,1.519510060692036e-172,0.375,1
S6_PLUS,6,551,primary,94,222,1e-06,,-9.993362456821909e-173,0.3125,1
S6_PLUS,6,551,primary,95,225,1e-06,,-1.861205667861895e-172,0.375,0.9375
S6_PLUS,6,551,primary,96,227,1e-06,,3.711075000756468e-89,0.5,0
S6_PLUS,6,551,primary,97,229,1e-06,,1.820987290260242e-88,0.5,0.125
S6_PLUS,6,551,primary,98,231,1e-06,,-2.733585359705196e-89,0.4375,0
S6_PLUS,6,551,primary,99,234,1e-06,,-3.140585733925204e-88,0.4375,0.125
S6_PLUS,6,551,primary,100,237,1e-06,,-2.775688130850095e-89,0.5,0.0625
S6_PLUS,6,551,primary,101,239,1e-06,,5.714211576529479e-89,0.5,0.25
S6_PLUS,6,551,primary,102,241,1e-06,,-6.38502625598698e-89,0.4375,0.25
S6_PLUS,6,551,primary,103,244,1e-06,,-3.299883612413758e-89,0.5,0.1875
S6_PLUS,6,551,primary,104,246,1e-06,,3.353649881301132e-90,0.5,0.375
S6_PLUS,6,551,primary,105,248,1e-06,,-2.145508813085202e-90,0.4375,0.375
S6_PLUS,6,551,primary,106,251,1e-06,,-3.744205937292155e-90,0.5,0.3125
S6_PLUS,6,551,primary,107,253,1e-06,,-4.353385358236404e-91,0.5,0.5
S6_PLUS,6,551,primary,108,255,1e-06,,3.615758183948467e-91,0.4375,0.5
S6_PLUS,6,551,primary,109,258,1e-06,,2.640836995602521e-91,0.5,0.4375
S6_PLUS,6,551,primary,110,260,1e-06,,-1.897736499095307e-92,0.5,0.625
S6_PLUS,6,551,primary,111,262,1e-06,,1.704132963166616e-92,0.4375,0.625
S6_PLUS,6,551,primary,112,265,1e-06,,1.604402526041362e-92,0.5,0.5625
S6_PLUS,6,551,primary,113,267,1e-06,,4.353786036945799e-119,0.5,0.75
S6_PLUS,6,551,primary,114,269,1e-06,,-3.640018993091186e-119,0.4375,0.75
S6_PLUS,6,551,primary,115,272,1e-06,,-4.031410261050825e-119,0.5,0.6875
S6_PLUS,6,551,primary,116,274,1e-06,,-5.430217006168087e-146,0.5,0.875
S6_PLUS,6,551,primary,117,276,1e-06,,4.211762745623793e-146,0.4375,0.875
S6_PLUS,6,551,primary,118,279,1e-06,,5.77433123625359e-146,0.5,0.8125
S6_PLUS,6,551,primary,119,281,1e-06,,5.435501736195864e-173,0.5,1
S6_PLUS,6,551,primary,120,283,1e-06,,-3.957933404668632e-173,0.4375,1
S6_PLUS,6,551,primary,121,286,1e-06,,-5.774165278252543e-173,0.5,0.9375
S6_PLUS,6,551,primary,122,288,1e-06,,-7.42650785423316e-117,0.625,0
S6_PLUS,6,551,primary,123,290,1e-06,,-2.797764030395114e-116,0.625,0.125
S6_PLUS,6,551,primary,124,292,1e-06,,6.298420921928427e-117,0.5625,0
S6_PLUS,6,551,primary,125,295,1e-06,,4.485266384491361e-116,0.5625,0.125
S6_PLUS,6,551,primary,126,298,1e-06,,6.222085592382e-117,0.625,0.0625
S6_PLUS,6,551,primary,127,300,1e-06,,-8.179737650935771e-117,0.625,0.25
S6_PLUS,6,551,primary,128,302,1e-06,,9.012769437190599e-117,0.5625,0.25
S6_PLUS,6,551,primary,129,305,1e-06,,6.542960580887482e-117,0.625,0.1875
S6_PLUS,6,551,primary,130,307,1e-06,,1.751683434071085e-117,0.625,0.375
S6_PLUS,6,551,primary,131,309,1e-06,,-2.443463486962381e-117,0.5625,0.375
S6_PLUS,6,551,primary,132,312,1e-06,,-7.285999030962835e-118,0.625,0.3125
S6_PLUS,6,551,primary,133,314,1e-06,,8.899190349439406e-118,0.625,0.5
S6_PLUS,6,551,primary,134,316,1e-06,,-1.048675310097847e-117,0.5625,0.5
S6_PLUS,6,551,primary,135,319,1e-06,,-7.573565732526904e-118,0.625,0.4375
S6_PLUS,6,551,primary,136,321,1e-06,,1.459582913757946e-118,0.625,0.625
S6_PLUS,6,551,primary,137,323,1e-06,,-1.848482475924635e-118,0.5625,0.625
S6_PLUS,6,551,primary,138,326,1e-06,,-1.697413951537968e-118,0.625,0.5625
S6_PLUS,6,551,primary,139,328,1e-06,,4.519391726285205e-120,0.625,0.75
S6_PLUS,6,551,primary,140,330,1e-06,,-4.619197516336493e-120,0.5625,0.75
S6_PLUS,6,551,primary,141,333,1e-06,,-4.294239206104402e-120,0.625,0.6875
S6_PLUS,6,551,primary,142,335,1e-06,,-9.460430837668142e-147,0.625,0.875
S6_PLUS,6,551,primary,143,337,1e-06,,8.578225635078062e-147,0.5625,0.875
S6_PLUS,6,551,primary,144,340,1e-06,,9.919679273427691e-147,0.625,0.8125
S6_PLUS,6,551,primary,145,342,1e-06,,1.289773387006584e-173,0.625,1
S6_PLUS,6,551,primary,146,344,1e-06,,-1.042432790880254e-173,0.5625,1
S6_PLUS,6,551,primary,147,347,1e-06,,-1.203680674442901e-173,0.625,0.9375
S6_PLUS,6,551,primary,148,349,1e-06,,6.085020524799493e-145,0.75,0
S6_PLUS,6,551,primary,149,351,1e-06,,3.177719304417179e-144,0.75,0.125
S6_PLUS,6,551,primary,150,353,1e-06,,-7.318361916409946e-145,0.6875,0
S6_PLUS,6,551,primary,151,356,1e-06,,-6.423882306452129e-144,0.6875,0.125
S6_PLUS,6,551,primary,152,359,1e-06,,-6.169982360303411e-145,0.75,0.0625
S6_PLUS,6,551,primary,153,361,1e-06,,-8.680925783288809e-145,0.75,0.25
S6_PLUS,6,551,primary,154,363,1e-06,,6.381166350841992e-145,0.6875,0.25
S6_PLUS,6,551,primary,155,366,1e-06,,-5.734562638117081e-145,0.75,0.1875
S6_PLUS,6,551,primary,156,368,1e-06,,-1.973283869588471e-144,0.75,0.375
S6_PLUS,6,551,primary,157,370,1e-06,,2.036457550750819e-144,0.6875,0.375
S6_PLUS,6,551,primary,158,373,1e-06,,6.244763544389205e-145,0.75,0.3125
S6_PLUS,6,551,primary,159,375,1e-06,,-8.684939582898629e-145,0.75,0.5
S6_PLUS,6,551,primary,160,377,1e-06,,8.572800366884429e-145,0.6875,0.5
S6_PLUS,6,551,primary,161,380,1e-06,,3.962727567051037e-145,0.75,0.4375
S6_PLUS,6,551,primary,162,382,1e-06,,-1.838303489198121e-145,0.75,0.625
S6_PLUS,6,551,primary,163,384,1e-06,,1.572717474729856e-145,0.6875,0.625
S6_PLUS,6,551,primary,164,387,1e-06,,8.958304252802321e-146,0.75,0.5625
S6_PLUS,6,551,primary,165,389,1e-06,,-1.143745932498266e-146,0.75,0.75
S6_PLUS,6,551,primary,166,391,1e-06,,-5.831901734863853e-148,0.6875,0.75
S6_PLUS,6,551,primary,167,394,1e-06,,-5.430639429933054e-147,0.75,0.6875
S6_PLUS,6,551,primary,168,396,1e-06,,-5.591743638250738e-148,0.75,0.875
S6_PLUS,6,551,primary,169,398,1e-06,,5.467422426250193e-148,0.6875,0.875
S6_PLUS,6,551,primary,170,401,1e-06,,4.688839917660274e-148,0.75,0.8125
S6_PLUS,6,551,primary,171,403,1e-06,,1.538498124468458e-174,0.75,1
S6_PLUS,6,551,primary,172,405,1e-06,,-1.174507942319691e-174,0.6875,1
S6_PLUS,6,551,primary,173,408,1e-06,,-8.240684013550706e-175,0.75,0.9375
S6_PLUS,6,551,primary,174,410,1e-06,,2.735799099821462e-172,0.875,0
S6_PLUS,6,551,primary,175,412,1e-06,,5.813308978009424e-172,0.875,0.125
S6_PLUS,6,551,primary,176,414,1e-06,,-1.871954189238755e-172,0.8125,0
S6_PLUS,6,551,primary,177,417,1e-06,,-3.298851626820787e-172,0.8125,0.125
S6_PLUS,6,551,primary,178,420,1e-06,,-3.320865874599094e-172,0.875,0.0625
S6_PLUS,6,551,primary,179,422,1e-06,,1.621324580843465e-171,0.875,0.25
S6_PLUS,6,551,primary,180,424,1e-06,,-1.922967852175433e-171,0.8125,0.25
S6_PLUS,6,551,primary,181,427,1e-06,,-4.576926609249008e-172,0.875,0.1875
S6_PLUS,6,551,primary,182,429,1e-06,,1.60354605539024e-171,0.875,0.375
S6_PLUS,6,551,primary,183,431,1e-06,,-1.956908600122413e-171,0.8125,0.375
S6_PLUS,6,551,primary,184,434,1e-06,,-7.038582146196768e-172,0.875,0.3125
S6_PLUS,6,551,primary,185,436,1e-06,,8.394449230636708e-172,0.875,0.5
S6_PLUS,6,551,primary,186,438,1e-06,,-1.106933528712692e-171,0.8125,0.5
S6_PLUS,6,551,primary,187,441,1e-06,,-5.143938744445769e-172,0.875,0.4375
S6_PLUS,6,551,primary,188,443,1e-06,,2.685538510932889e-172,0.875,0.625
S6_PLUS,6,551,primary,189,445,1e-06,,-3.804103753890867e-172,0.8125,0.625
S6_PLUS,6,551,primary,190,448,1e-06,,-2.281117971942796e-172,0.875,0.5625
S6_PLUS,6,551,primary,191,450,1e-06,,4.948020648688986e-173,0.875,0.75
S6_PLUS,6,551,primary,192,452,1e-06,,-7.411809494527472e-173,0.8125,0.75
S6_PLUS,6,551,primary,193,455,1e-06,,-5.450468143903451e-173,0.875,0.6875
S6_PLUS,6,551,primary,194,457,1e-06,,5.639101277153326e-174,0.875,0.875
S6_PLUS,6,551,primary,195,459,1e-06,,-8.927297481055904e-174,0.8125,0.875
S6_PLUS,6,551,primary,196,462,1e-06,,-8.275829548824405e-174,0.875,0.8125
S6_PLUS,6,551,primary,197,464,1e-06,,4.427116647291064e-176,0.875,1
S6_PLUS,6,551,primary,198,466,1e-06,,6.270376828976626e-176,0.8125,1
S6_PLUS,6,551,primary,199,469,1e-06,,8.12476470767116e-176,0.875,0.9375
S6_PLUS,6,551,primary,200,471,1e-06,,-2.251267451885422e-199,1,0
S6_PLUS,6,551,primary,201,473,1e-06,,-6.912387191007972e-199,1,0.125
S6_PLUS,6,551,primary,202,475,1e-06,,-1.863394589481276e-199,0.9375,0
S6_PLUS,6,551,primary,203,478,1e-06,,2.554465489168098e-199,0.9375,0.125
S6_PLUS,6,551,primary,204,481,1e-06,,8.455547976941617e-200,1,0.0625
S6_PLUS,6,551,primary,205,483,1e-06,,-1.084430411371686e-198,1,0.25
S6_PLUS,6,551,primary,206,485,1e-06,,6.88304961241696e-199,0.9375,0.25
S6_PLUS,6,551,primary,207,488,1e-06,,2.126739357524687e-200,1,0.1875
S6_PLUS,6,551,primary,208,490,1e-06,,-1.080766261707179e-198,1,0.375
S6_PLUS,6,551,primary,209,492,1e-06,,8.509114592825373e-199,0.9375,0.375
S6_PLUS,6,551,primary,210,495,1e-06,,1.054158220342853e-199,1,0.3125
S6_PLUS,6,551,primary,211,497,1e-06,,-6.844262439978083e-199,1,0.5
S6_PLUS,6,551,primary,212,499,1e-06,,6.932486354080063e-199,0.9375,0.5
S6_PLUS,6,551,primary,213,502,1e-06,,1.631625314069144e-199,1,0.4375
S6_PLUS,6,551,primary,214,504,1e-06,,-2.817473344843422e-199,1,0.625
S6_PLUS,6,551,primary,215,506,1e-06,,3.383766334908835e-199,0.9375,0.625
S6_PLUS,6,551,primary,216,509,1e-06,,1.217733421748546e-199,1,0.5625
S6_PLUS,6,551,primary,217,511,1e-06,,-7.144726358385761e-200,1,0.75
S6_PLUS,6,551,primary,218,513,1e-06,,9.494795883659753e-200,0.9375,0.75
S6_PLUS,6,551,primary,219,516,1e-06,,4.387574095617403e-200,1,0.6875
S6_PLUS,6,551,primary,220,518,1e-06,,-1.124852151980244e-200,1,0.875
S6_PLUS,6,551,primary,221,520,1e-06,,1.779476559299469e-200,0.9375,0.875
S6_PLUS,6,551,primary,222,523,1e-06,,9.558490864014222e-201,1,0.8125
S6_PLUS,6,551,primary,223,525,1e-06,,-1.275749724596454e-201,1,1
S6_PLUS,6,551,primary,224,527,1e-06,,2.871864013570073e-201,0.9375,1
S6_PLUS,6,551,primary,225,530,1e-06,,2.34106295229866e-201,1,0.9375
S6_MINUS,6,551,secondary,1,532,-1e-06,-9.996075058902045e-05,-8.298251560255934e-06,0.1248499974608421,0.1799499988555908
S6_MINUS,6,551,secondary,2,535,-1e-06,-9.967980759758569e-05,-8.307178238176732e-06,0.124949999153614,0.1799499988555908
S6_MINUS,6,551,secondary,3,536,-1e-06,-9.996075058908393e-05,-8.298251560256469e-06,0.1248499974608421,0.1800500005483627
S6_MINUS,6,551,secondary,4,539,-1e-06,-9.967980759758766e-05,-8.307178238176636e-06,0.124949999153614,0.1800500005483627
S6_MINUS,6,551,secondary,5,543,-1e-06,-9.969778401390132e-05,3.322412912127172e-05,0.1248999983072281,0.1799499988555908
S6_MINUS,6,551,secondary,6,547,-1e-06,-9.969778401386181e-05,3.322412912126147e-05,0.1248999983072281,0.1800500005483627
S6_MINUS,6,551,secondary,7,548,-1e-06,-9.98020448110709e-05,3.324110890998601e-05,0.1248499974608421,0.1800000071525574
S6_MINUS,6,551,secondary,8,551,-1e-06,-9.940142745346006e-05,3.319967235410479e-05,0.124949999153614,0.1800000071525574
S6_MINUS,6,551,primary,1,2,-1e-06,,-4.022676529634697e-34,0,0
S6_MINUS,6,551,primary,2,3,-1e-06,,-1.322376880170524e-33,0.125,0
S6_MINUS,6,551,primary,3,6,-1e-06,,-8.445686487866212e-08,0,0.125
S6_MINUS,6,551,primary,4,7,-1e-06,,6.603136576330692e-06,0.125,0.125
S6_MINUS,6,551,primary,5,10,-1e-06,,3.677450053341213e-34,0.0625,0
S6_MINUS,6,551,primary,6,14,-1e-06,,1.797054851216238e-07,0.0625,0.125
S6_MINUS,6,551,primary,7,18,-1e-06,,3.693243494563685e-34,0,0.0625
S6_MINUS,6,551,primary,8,19,-1e-06,,2.178250766055151e-33,0.125,0.0625
S6_MINUS,6,551,primary,9,22,-1e-06,,-7.483818532048312e-08,0,0.25
S6_MINUS,6,551,primary,10,23,-1e-06,,-5.329355374158141e-06,0.125,0.25
S6_MINUS,6,551,primary,11,26,-1e-06,,1.411971668812758e-07,0.0625,0.25
S6_MINUS,6,551,primary,12,30,-1e-06,,7.913938721432041e-08,0,0.1875
S6_MINUS,6,551,primary,13,31,-1e-06,,9.816365171856758e-05,0.125,0.1875
S6_MINUS,6,551,primary,14,34,-1e-06,,3.557959124099098e-34,0,0.375
S6_MINUS,6,551,primary,15,35,-1e-06,,1.09303533759852e-33,0.125,0.375
S6_MINUS,6,551,primary,16,38,-1e-06,,-3.224761529848121e-34,0.0625,0.375
S6_MINUS,6,551,primary,17,42,-1e-06,,-3.222334851482793e-34,0,0.3125
S6_MINUS,6,551,primary,18,43,-1e-06,,-1.766855639873025e-33,0.125,0.3125
S6_MINUS,6,551,primary,19,46,-1e-06,,-3.911816547381081e-62,0,0.5
S6_MINUS,6,551,primary,20,47,-1e-06,,-1.475861162077371e-61,0.125,0.5
S6_MINUS,6,551,primary,21,50,-1e-06,,3.336709312211528e-62,0.0625,0.5
S6_MINUS,6,551,primary,22,54,-1e-06,,3.333047756280547e-62,0,0.4375
S6_MINUS,6,551,primary,23,55,-1e-06,,2.43606322576583e-61,0.125,0.4375
S6_MINUS,6,551,primary,24,58,-1e-06,,5.811138331213575e-90,0,0.625
S6_MINUS,6,551,primary,25,59,-1e-06,,2.267807292405384e-89,0.125,0.625
S6_MINUS,6,551,primary,26,62,-1e-06,,-4.904010757449373e-90,0.0625,0.625
S6_MINUS,6,551,primary,27,66,-1e-06,,-4.887118901601857e-90,0,0.5625
S6_MINUS,6,551,primary,28,67,-1e-06,,-3.731742034915712e-89,0.125,0.5625
S6_MINUS,6,551,primary,29,70,-1e-06,,-8.482173697650597e-118,0,0.75
S6_MINUS,6,551,primary,30,71,-1e-06,,-3.476575380670747e-117,0.125,0.75
S6_MINUS,6,551,primary,31,74,-1e-06,,7.086459159206396e-118,0.0625,0.75
S6_MINUS,6,551,primary,32,78,-1e-06,,6.945370595150795e-118,0,0.6875
S6_MINUS,6,551,primary,33,79,-1e-06,,5.775095615742367e-117,0.125,0.6875
S6_MINUS,6,551,primary,34,82,-1e-06,,5.620803923806798e-146,0,0.875
S6_MINUS,6,551,primary,35,83,-1e-06,,3.756396455030641e-145,0.125,0.875
S6_MINUS,6,551,primary,36,86,-1e-06,,-4.890334599816714e-146,0.0625,0.875
S6_MINUS,6,551,primary,37,90,-1e-06,,-1.199071244988485e-146,0,0.8125
S6_MINUS,6,551,primary,38,91,-1e-06,,-6.917651763060327e-145,0.125,0.8125
S6_MINUS,6,551,primary,39,94,-1e-06,,6.019065266401303e-173,0,1
S6_MINUS,6,551,primary,40,95,-1e-06,,1.025516477411997e-172,0.125,1
S6_MINUS,6,551,primary,41,98,-1e-06,,-4.790085643367308e-173,0.0625,1
S6_MINUS,6,551,primary,42,102,-1e-06,,-1.05985407900535e-172,0,0.9375
S6_MINUS,6,551,primary,43,103,-1e-06,,-1.132772400668845e-172,0.125,0.9375
S6_MINUS,6,551,primary,44,105,-1e-06,,-4.213166128592671e-34,0.25,0
S6_MINUS,6,551,primary,45,107,-1e-06,,4.701342380678242e-33,0.25,0.125
S6_MINUS,6,551,primary,46,109,-1e-06,,3.837559830931321e-34,0.1875,0
S6_MINUS,6,551,primary,47,112,-1e-06,,1.708575230815605e-33,0.1875,0.125
S6_MINUS,6,551,primary,48,115,-1e-06,,3.836995075579164e-34,0.25,0.0625
S6_MINUS,6,551,primary,49,117,-1e-06,,6.35846772069581e-33,0.25,0.25
S6_MINUS,6,551,primary,50,119,-1e-06,,-1.544963864000895e-33,0.1875,0.25
S6_MINUS,6,551,primary,51,122,-1e-06,,-5.873971909375713e-33,0.25,0.1875
S6_MINUS,6,551,primary,52,124,-1e-06,,3.40042588079754e-34,0.25,0.375
S6_MINUS,6,551,primary,53,126,-1e-06,,-3.097278679776094e-34,0.1875,0.375
S6_MINUS,6,551,primary,54,129,-1e-06,,-3.09682911332407e-34,0.25,0.3125
S6_MINUS,6,551,primary,55,131,-1e-06,,-3.921619080765766e-62,0.25,0.5
S6_MINUS,6,551,primary,56,133,-1e-06,,3.358563272186846e-62,0.1875,0.5
S6_MINUS,6,551,primary,57,136,-1e-06,,3.361535354668645e-62,0.25,0.4375
S6_MINUS,6,551,primary,58,138,-1e-06,,5.839854669473322e-90,0.25,0.625
S6_MINUS,6,551,primary,59,140,-1e-06,,-4.951200211639783e-90,0.1875,0.625
S6_MINUS,6,551,primary,60,143,-1e-06,,-4.951570826217296e-90,0.25,0.5625
S6_MINUS,6,551,primary,61,145,-1e-06,,-8.052600977718854e-118,0.25,0.75
S6_MINUS,6,551,primary,62,147,-1e-06,,7.04516716191949e-118,0.1875,0.75
S6_MINUS,6,551,primary,63,150,-1e-06,,6.389108163889307e-118,0.25,0.6875
S6_MINUS,6,551,primary,64,152,-1e-06,,-3.44582945149348e-146,0.25,0.875
S6_MINUS,6,551,primary,65,154,-1e-06,,-2.343323383347228e-146,0.1875,0.875
S6_MINUS,6,551,primary,66,157,-1e-06,,9.728155404664308e-146,0.25,0.8125
S6_MINUS,6,551,primary,67,159,-1e-06,,1.575689690332281e-172,0.25,1
S6_MINUS,6,551,primary,68,161,-1e-06,,-8.10581498107796e-173,0.1875,1
S6_MINUS,6,551,primary,69,164,-1e-06,,-2.106630149861009e-172,0.25,0.9375
S6_MINUS,6,551,primary,70,166,-1e-06,,-6.093607987162831e-61,0.375,0
S6_MINUS,6,551,primary,71,168,-1e-06,,-1.166070857862293e-60,0.375,0.125
S6_MINUS,6,551,primary,72,170,-1e-06,,6.363540570674729e-61,0.3125,0
S6_MINUS,6,551,primary,73,173,-1e-06,,1.365579875744609e-60,0.3125,0.125
S6_MINUS,6,551,primary,74,176,-1e-06,,6.342669116301839e-61,0.375,0.0625
S6_MINUS,6,551,primary,75,178,-1e-06,,-7.603349648996987e-61,0.375,0.25
S6_MINUS,6,551,primary,76,180,-1e-06,,8.901753749613424e-61,0.3125,0.25
S6_MINUS,6,551,primary,77,183,-1e-06,,6.743753906002329e-61,0.375,0.1875
S6_MINUS,6,551,primary,78,185,-1e-06,,-3.921627997355392e-62,0.375,0.375
S6_MINUS,6,551,primary,79,187,-1e-06,,3.360701097646366e-62,0.3125,0.375
S6_MINUS,6,551,primary,80,190,-1e-06,,3.358305022181214e-62,0.375,0.3125
S6_MINUS,6,551,primary,81,192,-1e-06,,5.169896660344362e-76,0.375,0.5
S6_MINUS,6,551,primary,82,194,-1e-06,,-5.170673740008436e-76,0.3125,0.5
S6_MINUS,6,551,primary,83,197,-1e-06,,-5.188071087532655e-76,0.375,0.4375
S6_MINUS,6,551,primary,84,199,-1e-06,,5.270680031875127e-93,0.375,0.625
S6_MINUS,6,551,primary,85,201,-1e-06,,-3.210102416819816e-93,0.3125,0.625
S6_MINUS,6,551,primary,86,204,-1e-06,,-6.606227821058496e-93,0.375,0.5625
S6_MINUS,6,551,primary,87,206,-1e-06,,5.584145970859319e-119,0.375,0.75
S6_MINUS,6,551,primary,88,208,-1e-06,,-3.774620949499007e-119,0.3125,0.75
S6_MINUS,6,551,primary,89,211,-1e-06,,-6.468173557132415e-119,0.375,0.6875
S6_MINUS,6,551,primary,90,213,-1e-06,,-1.01951506480294e-145,0.375,0.875
S6_MINUS,6,551,primary,91,215,-1e-06,,6.234611255077233e-146,0.3125,0.875
S6_MINUS,6,551,primary,92,218,-1e-06,,1.095661960261836e-145,0.375,0.8125
S6_MINUS,6,551,primary,93,220,-1e-06,,1.057613407585729e-172,0.375,1
S6_MINUS,6,551,primary,94,222,-1e-06,,-6.631374333021274e-173,0.3125,1
S6_MINUS,6,551,primary,95,225,-1e-06,,-1.189846629601788e-172,0.375,0.9375
S6_MINUS,6,551,primary,96,227,-1e-06,,3.654885947874325e-89,0.5,0
S6_MINUS,6,551,primary,97,229,-1e-06,,1.814202642332765e-88,0.5,0.125
S6_MINUS,6,551,primary,98,231,-1e-06,,-2.681573571827026e-89,0.4375,0
S6_MINUS,6,551,primary,99,234,-1e-06,,-3.120002315200371e-88,0.4375,0.125
S6_MINUS,6,551,primary,100,237,-1e-06,,-2.739240696715421e-89,0.5,0.0625
S6_MINUS,6,551,primary,101,239,-1e-06,,6.024703371759773e-89,0.5,0.25
S6_MINUS,6,551,primary,102,241,-1e-06,,-6.682944553599406e-89,0.4375,0.25
S6_MINUS,6,551,primary,103,244,-1e-06,,-3.397638650670282e-89,0.5,0.1875
S6_MINUS,6,551,primary,104,246,-1e-06,,5.979504763975017e-90,0.5,0.375
S6_MINUS,6,551,primary,105,248,-1e-06,,-5.132947153697275e-90,0.4375,0.375
S6_MINUS,6,551,primary,106,251,-1e-06,,-5.025858864641705e-90,0.5,0.3125
S6_MINUS,6,551,primary,107,253,-1e-06,,2.514521492684747e-92,0.5,0.5
S6_MINUS,6,551,primary,108,255,-1e-06,,-2.458492585967803e-92,0.4375,0.5
S6_MINUS,6,551,primary,109,258,-1e-06,,-2.129859590527064e-92,0.5,0.4375
S6_MINUS,6,551,primary,110,260,-1e-06,,8.254680780755432e-94,0.5,0.625
S6_MINUS,6,551,primary,111,262,-1e-06,,-7.663654221072116e-94,0.4375,0.625
S6_MINUS,6,551,primary,112,265,-1e-06,,-7.733907272295097e-94,0.5,0.5625
S6_MINUS,6,551,primary,113,267,-1e-06,,1.358511377269448e-119,0.5,0.75
S6_MINUS,6,551,primary,114,269,-1e-06,,-1.075773736413049e-119,0.4375,0.75
S6_MINUS,6,551,primary,115,272,-1e-06,,-1.468469229501417e-119,0.5,0.6875
S6_MINUS,6,551,primary,116,274,-1e-06,,-3.194943187166476e-146,0.5,0.875
S6_MINUS,6,551,primary,117,276,-1e-06,,1.741229646796214e-146,0.4375,0.875
S6_MINUS,6,551,primary,118,279,-1e-06,,2.444685971949838e-146,0.5,0.8125
S6_MINUS,6,551,primary,119,281,-1e-06,,3.847520579109003e-173,0.5,1
S6_MINUS,6,551,primary,120,283,-1e-06,,-2.37227896581748e-173,0.4375,1
S6_MINUS,6,551,primary,121,286,-1e-06,,-3.514093320718032e-173,0.5,0.9375
S6_MINUS,6,551,primary,122,288,-1e-06,,-8.087708581088493e-117,0.625,0
S6_MINUS,6,551,primary,123,290,-1e-06,,-2.979665030957263e-116,0.625,0.125
S6_MINUS,6,551,primary,124,292,-1e-06,,6.973361825406623e-117,0.5625,0
S6_MINUS,6,551,primary,125,295,-1e-06,,4.670144075655722e-116,0.5625,0.125
S6_MINUS,6,551,primary,126,298,-1e-06,,6.89937345451752e-117,0.625,0.0625
S6_MINUS,6,551,primary,127,300,-1e-06,,-1.103347859154965e-116,0.625,0.25
S6_MINUS,6,551,primary,128,302,-1e-06,,1.221796455478732e-116,0.5625,0.25
S6_MINUS,6,551,primary,129,305,-1e-06,,7.553069886106222e-117,0.625,0.1875
S6_MINUS,6,551,primary,130,307,-1e-06,,-2.033628247245883e-118,0.625,0.375
S6_MINUS,6,551,primary,131,309,-1e-06,,-2.35572520913556e-118,0.5625,0.375
S6_MINUS,6,551,primary,132,312,-1e-06,,3.291189733902545e-118,0.625,0.3125
S6_MINUS,6,551,primary,133,314,-1e-06,,3.010041384099978e-118,0.625,0.5
S6_MINUS,6,551,primary,134,316,-1e-06,,-4.676697701739176e-118,0.5625,0.5
S6_MINUS,6,551,primary,135,319,-1e-06,,-2.762016076034061e-118,0.625,0.4375
S6_MINUS,6,551,primary,136,321,-1e-06,,7.683682301553565e-119,0.625,0.625
S6_MINUS,6,551,primary,137,323,-1e-06,,-1.321014793418844e-118,0.5625,0.625
S6_MINUS,6,551,primary,138,326,-1e-06,,-1.254857564978716e-118,0.625,0.5625
S6_MINUS,6,551,primary,139,328,-1e-06,,2.484782741045783e-120,0.625,0.75
S6_MINUS,6,551,primary,140,330,-1e-06,,-3.848208883183917e-120,0.5625,0.75
S6_MINUS,6,551,primary,141,333,-1e-06,,-3.681995642108016e-120,0.625,0.6875
S6_MINUS,6,551,primary,142,335,-1e-06,,-6.154607785291068e-147,0.625,0.875
S6_MINUS,6,551,primary,143,337,-1e-06,,3.685594710699367e-147,0.5625,0.875
S6_MINUS,6,551,primary,144,340,-1e-06,,2.132229530357858e-147,0.625,0.8125
S6_MINUS,6,551,primary,145,342,-1e-06,,9.732927943806637e-174,0.625,1
S6_MINUS,6,551,primary,146,344,-1e-06,,-8.535789704019663e-174,0.5625,1
S6_MINUS,6,551,primary,147,347,-1e-06,,-8.631150431184006e-174,0.625,0.9375
S6_MINUS,6,551,primary,148,349,-1e-06,,1.089748870308384e-144,0.75,0
S6_MINUS,6,551,primary,149,351,-1e-06,,4.527087779033821e-144,0.75,0.125
S6_MINUS,6,551,primary,150,353,-1e-06,,-9.989703463100327e-145,0.6875,0
S6_MINUS,6,551,primary,151,356,-1e-06,,-7.841816942504415e-144,0.6875,0.125
S6_MINUS,6,551,primary,152,359,-1e-06,,-9.695663329627932e-145,0.75,0.0625
S6_MINUS,6,551,primary,153,361,-1e-06,,6.921328823908162e-145,0.75,0.25
S6_MINUS,6,551,primary,154,363,-1e-06,,-1.132664694380073e-144,0.6875,0.25
S6_MINUS,6,551,primary,155,366,-1e-06,,-1.008966970301716e-144,0.75,0.1875
S6_MINUS,6,551,primary,156,368,-1e-06,,-9.89554235143721e-145,0.75,0.375
S6_MINUS,6,551,primary,157,370,-1e-06,,6.970027482241921e-145,0.6875,0.375
S6_MINUS,6,551,primary,158,373,-1e-06,,1.766329046720741e-145,0.75,0.3125
S6_MINUS,6,551,primary,159,375,-1e-06,,-5.321683366137893e-145,0.75,0.5
S6_MINUS,6,551,primary,160,377,-1e-06,,2.316419744172764e-145,0.6875,0.5
S6_MINUS,6,551,primary,161,380,-1e-06,,7.911636338678838e-146,0.75,0.4375
S6_MINUS,6,551,primary,162,382,-1e-06,,-1.077012332166585e-145,0.75,0.625
S6_MINUS,6,551,primary,163,384,-1e-06,,-6.141064652360889e-146,0.6875,0.625
S6_MINUS,6,551,primary,164,387,-1e-06,,-3.338819691708589e-146,0.75,0.5625
S6_MINUS,6,551,primary,165,389,-1e-06,,1.129162949953811e-146,0.75,0.75
S6_MINUS,6,551,primary,166,391,-1e-06,,-6.138772693799631e-146,0.6875,0.75
S6_MINUS,6,551,primary,167,394,-1e-06,,-6.244359954138272e-146,0.75,0.6875
S6_MINUS,6,551,primary,168,396,-1e-06,,3.357473990706967e-148,0.75,0.875
S6_MINUS,6,551,primary,169,398,-1e-06,,-1.713262286702532e-147,0.6875,0.875
S6_MINUS,6,551,primary,170,401,-1e-06,,-1.79225599458601e-147,0.75,0.8125
S6_MINUS,6,551,primary,171,403,-1e-06,,1.024157072125427e-174,0.75,1
S6_MINUS,6,551,primary,172,405,-1e-06,,-8.285457434212065e-175,0.6875,1
S6_MINUS,6,551,primary,173,408,-1e-06,,-1.593742430470468e-174,0.75,0.9375
S6_MINUS,6,551,primary,174,410,-1e-06,,1.147208886237122e-172,0.875,0
S6_MINUS,6,551,primary,175,412,-1e-06,,7.903868828641907e-173,0.875,0.125
S6_MINUS,6,551,primary,176,414,-1e-06,,-3.050313467677864e-172,0.8125,0
S6_MINUS,6,551,primary,177,417,-1e-06,,9.001188149906238e-173,0.8125,0.125
S6_MINUS,6,551,primary,178,420,-1e-06,,-2.309696465797697e-172,0.875,0.0625
S6_MINUS,6,551,primary,179,422,-1e-06,,1.11022236863144e-171,0.875,0.25
S6_MINUS,6,551,primary,180,424,-1e-06,,-1.686639667781065e-171,0.8125,0.25
S6_MINUS,6,551,primary,181,427,-1e-06,,-4.370719907092109e-172,0.875,0.1875
S6_MINUS,6,551,primary,182,429,-1e-06,,1.282419078879294e-171,0.875,0.375
S6_MINUS,6,551,primary,183,431,-1e-06,,-1.88527445725041e-171,0.8125,0.375
S6_MINUS,6,551,primary,184,434,-1e-06,,-7.716721950928175e-172,0.875,0.3125
S6_MINUS,6,551,primary,185,436,-1e-06,,7.245594180033882e-172,0.875,0.5
S6_MINUS,6,551,primary,186,438,-1e-06,,-1.145485775257749e-171,0.8125,0.5
S6_MINUS,6,551,primary,187,441,-1e-06,,-5.657330878683036e-172,0.875,0.4375
S6_MINUS,6,551,primary,188,443,-1e-06,,2.56806588904988e-172,0.875,0.625
S6_MINUS,6,551,primary,189,445,-1e-06,,-4.773559374942608e-172,0.8125,0.625
S6_MINUS,6,551,primary,190,448,-1e-06,,-3.135141893933257e-172,0.875,0.5625
S6_MINUS,6,551,primary,191,450,-1e-06,,5.786266195163783e-173,0.875,0.75
S6_MINUS,6,551,primary,192,452,-1e-06,,-1.460755419062848e-172,0.8125,0.75
S6_MINUS,6,551,primary,193,455,-1e-06,,-9.868948302999554e-173,0.875,0.6875
S6_MINUS,6,551,primary,194,457,-1e-06,,1.560386680311583e-173,0.875,0.875
S6_MINUS,6,551,primary,195,459,-1e-06,,-3.883958553202635e-173,0.8125,0.875
S6_MINUS,6,551,primary,196,462,-1e-06,,-3.731945855950166e-173,0.875,0.8125
S6_MINUS,6,551,primary,197,464,-1e-06,,4.273152289011511e-175,0.875,1
S6_MINUS,6,551,primary,198,466,-1e-06,,-1.035685466625292e-174,0.8125,1
S6_MINUS,6,551,primary,199,469,-1e-06,,-1.016965658548871e-174,0.875,0.9375
S6_MINUS,6,551,primary,200,471,-1e-06,,-2.174364867901739e-199,1,0
S6_MINUS,6,551,primary,201,473,-1e-06,,-6.40575244372063e-199,1,0.125
S6_MINUS,6,551,primary,202,475,-1e-06,,-1.461159007981609e-200,0.9375,0
S6_MINUS,6,551,primary,203,478,-1e-06,,1.964064581301431e-199,0.9375,0.125
S6_MINUS,6,551,primary,204,481,-1e-06,,-2.820276641921469e-200,1,0.0625
S6_MINUS,6,551,primary,205,483,-1e-06,,-1.047720192979422e-198,1,0.25
S6_MINUS,6,551,primary,206,485,-1e-06,,6.972144536546605e-199,0.9375,0.25
S6_MINUS,6,551,primary,207,488,-1e-06,,8.730028692209823e-200,1,0.1875
S6_MINUS,6,551,primary,208,490,-1e-06,,-9.145598633702294e-199,1,0.375
S6_MINUS,6,551,primary,209,492,-1e-06,,4.777852050472191e-199,0.9375,0.375
S6_MINUS,6,551,primary,210,495,-1e-06,,1.108590594571253e-199,1,0.3125
S6_MINUS,6,551,primary,211,497,-1e-06,,-4.526629789948572e-199,1,0.5
S6_MINUS,6,551,primary,212,499,-1e-06,,-5.739702739847547e-201,0.9375,0.5
S6_MINUS,6,551,primary,213,502,-1e-06,,-6.544720217448544e-200,1,0.4375
S6_MINUS,6,551,primary,214,504,-1e-06,,-1.133277112648452e-199,1,0.625
S6_MINUS,6,551,primary,215,506,-1e-06,,-2.145505478092584e-199,0.9375,0.625
S6_MINUS,6,551,primary,216,509,-1e-06,,-1.325025157605981e-199,1,0.5625
S6_MINUS,6,551,primary,217,511,-1e-06,,6.731469357017261e-201,1,0.75
S6_MINUS,6,551,primary,218,513,-1e-06,,-1.598413533771871e-199,0.9375,0.75
S6_MINUS,6,551,primary,219,516,-1e-06,,-1.209263117311857e-199,1,0.6875
S6_MINUS,6,551,primary,220,518,-1e-06,,1.034675962221669e-200,1,0.875
S6_MINUS,6,551,primary,221,520,-1e-06,,-5.851253435195393e-200,0.9375,0.875
S6_MINUS,6,551,primary,222,523,-1e-06,,-4.234580950799155e-200,1,0.8125
S6_MINUS,6,551,primary,223,525,-1e-06,,5.199257655777115e-201,1,1
S6_MINUS,6,551,primary,224,527,-1e-06,,-1.562139551726992e-200,0.9375,1
S6_MINUS,6,551,primary,225,530,-1e-06,,-1.520631058549777e-200,1,0.9375
S7_PLUS,7,547,secondary,1,532,1e-06,-0.000100044379270395,-8.370590110230242e-06,0.1248499974608421,0.1799499988555908
S7_PLUS,7,547,secondary,2,535,1e-06,-0.0001000443792703896,-8.370590110232385e-06,0.124949999153614,0.1799499988555908
S7_PLUS,7,547,secondary,3,536,1e-06,-0.0001003948122410465,-8.36026446019991e-06,0.1248499974608421,0.1800500005483627
S7_PLUS,7,547,secondary,4,539,1e-06,-0.0001003948122410304,-8.360264460200249e-06,0.124949999153614,0.1800500005483627
S7_PLUS,7,547,secondary,5,543,1e-06,-0.0001002076982583733,3.34311642522119e-05,0.1248999983072281,0.1799499988555908
S7_PLUS,7,547,secondary,6,547,1e-06,-0.0001006230450216259,3.347568030064494e-05,0.1248999983072281,0.1800500005483627
S7_PLUS,7,547,secondary,7,548,1e-06,-0.0001003245790844318,3.344988834122409e-05,0.1248499974608421,0.1800000071525574
S7_PLUS,7,547,secondary,8,551,1e-06,-0.000100324579084403,3.344988834121839e-05,0.124949999153614,0.1800000071525574
S7_PLUS,7,547,primary,1,2,1e-06,,-4.051456732614786e-34,0,0
S7_PLUS,7,547,primary,2,3,1e-06,,-1.331451175775477e-33,0.125,0
S7_PLUS,7,547,primary,3,6,1e-06,,-8.44366970036749e-08,0,0.125
S7_PLUS,7,547,primary,4,7,1e-06,,6.647265428722624e-06,0.125,0.125
S7_PLUS,7,547,primary,5,10,1e-06,,3.704718583459601e-34,0.0625,0
S7_PLUS,7,547,primary,6,14,1e-06,,1.796613781831944e-07,0.0625,0.125
S7_PLUS,7,547,primary,7,18,1e-06,,3.720558193754269e-34,0,0.0625
S7_PLUS,7,547,primary,8,19,1e-06,,2.193563558890338e-33,0.125,0.0625
S7_PLUS,7,547,primary,9,22,1e-06,,-7.482108238804116e-08,0,0.25
S7_PLUS,7,547,primary,10,23,1e-06,,-5.364117062290716e-06,0.125,0.25
S7_PLUS,7,547,primary,11,26,1e-06,,1.411657289108528e-07,0.0625,0.25
S7_PLUS,7,547,primary,12,30,1e-06,,7.912015552024999e-08,0,0.1875
S7_PLUS,7,547,primary,13,31,1e-06,,9.882107424478206e-05,0.125,0.1875
S7_PLUS,7,547,primary,14,34,1e-06,,3.580104205579857e-34,0,0.375
S7_PLUS,7,547,primary,15,35,1e-06,,1.099985476957203e-33,0.125,0.375
S7_PLUS,7,547,primary,16,38,1e-06,,-3.245438248512675e-34,0.0625,0.375
S7_PLUS,7,547,primary,17,42,1e-06,,-3.241978813439263e-34,0,0.3125
S7_PLUS,7,547,primary,18,43,1e-06,,-1.777780556699904e-33,0.125,0.3125
S7_PLUS,7,547,primary,19,46,1e-06,,-3.930278481329702e-62,0,0.5
S7_PLUS,7,547,primary,20,47,1e-06,,-1.48376690580592e-61,0.125,0.5
S7_PLUS,7,547,primary,21,50,1e-06,,3.351454888938061e-62,0.0625,0.5
S7_PLUS,7,547,primary,22,54,1e-06,,3.348970715134693e-62,0,0.4375
S7_PLUS,7,547,primary,23,55,1e-06,,2.448807158697341e-61,0.125,0.4375
S7_PLUS,7,547,primary,24,58,1e-06,,5.611653558949437e-90,0,0.625
S7_PLUS,7,547,primary,25,59,1e-06,,2.226461942898284e-89,0.125,0.625
S7_PLUS,7,547,primary,26,62,1e-06,,-4.738502227588372e-90,0.0625,0.625
S7_PLUS,7,547,primary,27,66,1e-06,,-4.700953019079478e-90,0,0.5625
S7_PLUS,7,547,primary,28,67,1e-06,,-3.690672617414566e-89,0.125,0.5625
S7_PLUS,7,547,primary,29,70,1e-06,,-6.915499329927863e-118,0,0.75
S7_PLUS,7,547,primary,30,71,1e-06,,-3.089240894079387e-117,0.125,0.75
S7_PLUS,7,547,primary,31,74,1e-06,,5.877161248927304e-118,0.0625,0.75
S7_PLUS,7,547,primary,32,78,1e-06,,5.346171094745534e-118,0,0.6875
S7_PLUS,7,547,primary,33,79,1e-06,,5.343774381453339e-117,0.125,0.6875
S7_PLUS,7,547,primary,34,82,1e-06,,-1.139483707217044e-146,0,0.875
S7_PLUS,7,547,primary,35,83,1e-06,,1.861319478262137e-145,0.125,0.875
S7_PLUS,7,547,primary,36,86,1e-06,,-7.41842176335584e-147,0.0625,0.875
S7_PLUS,7,547,primary,37,90,1e-06,,4.735175907476207e-146,0,0.8125
S7_PLUS,7,547,primary,38,91,1e-06,,-5.081238901778908e-145,0.125,0.8125
S7_PLUS,7,547,primary,39,94,1e-06,,8.393038859785413e-173,0,1
S7_PLUS,7,547,primary,40,95,1e-06,,1.803349408968515e-172,0.125,1
S7_PLUS,7,547,primary,41,98,1e-06,,-5.695488236298231e-173,0.0625,1
S7_PLUS,7,547,primary,42,102,1e-06,,-1.121662518609592e-172,0,0.9375
S7_PLUS,7,547,primary,43,103,1e-06,,-1.657996390895855e-172,0.125,0.9375
S7_PLUS,7,547,primary,44,105,1e-06,,-4.241326230330662e-34,0.25,0
S7_PLUS,7,547,primary,45,107,1e-06,,4.73527186710722e-33,0.25,0.125
S7_PLUS,7,547,primary,46,109,1e-06,,3.862652938124073e-34,0.1875,0
S7_PLUS,7,547,primary,47,112,1e-06,,1.719375955999077e-33,0.1875,0.125
S7_PLUS,7,547,primary,48,115,1e-06,,3.863213387548991e-34,0.25,0.0625
S7_PLUS,7,547,primary,49,117,1e-06,,6.406227046237623e-33,0.25,0.25
S7_PLUS,7,547,primary,50,119,1e-06,,-1.563721575361201e-33,0.1875,0.25
S7_PLUS,7,547,primary,51,122,1e-06,,-5.918944628718313e-33,0.25,0.1875
S7_PLUS,7,547,primary,52,124,1e-06,,3.422231068213975e-34,0.25,0.375
S7_PLUS,7,547,primary,53,126,1e-06,,-3.116273943877723e-34,0.1875,0.375
S7_PLUS,7,547,primary,54,129,1e-06,,-3.115821258168087e-34,0.25,0.3125
S7_PLUS,7,547,primary,55,131,1e-06,,-3.938137514196745e-62,0.25,0.5
S7_PLUS,7,547,primary,56,133,1e-06,,3.369714278536725e-62,0.1875,0.5
S7_PLUS,7,547,primary,57,136,1e-06,,3.370664043209382e-62,0.25,0.4375
S7_PLUS,7,547,primary,58,138,1e-06,,5.476080967782553e-90,0.25,0.625
S7_PLUS,7,547,primary,59,140,1e-06,,-4.766923231456624e-90,0.1875,0.625
S7_PLUS,7,547,primary,60,143,1e-06,,-4.556861478331235e-90,0.25,0.5625
S7_PLUS,7,547,primary,61,145,1e-06,,-4.882575493052239e-118,0.25,0.75
S7_PLUS,7,547,primary,62,147,1e-06,,5.703841712594526e-118,0.1875,0.75
S7_PLUS,7,547,primary,63,150,1e-06,,2.950663578687701e-118,0.25,0.6875
S7_PLUS,7,547,primary,64,152,1e-06,,-1.920838727582601e-145,0.25,0.875
S7_PLUS,7,547,primary,65,154,1e-06,,1.124931398075425e-146,0.1875,0.875
S7_PLUS,7,547,primary,66,157,1e-06,,2.375397065708396e-145,0.25,0.8125
S7_PLUS,7,547,primary,67,159,1e-06,,2.253465941263421e-172,0.25,1
S7_PLUS,7,547,primary,68,161,1e-06,,-7.780925341301105e-173,0.1875,1
S7_PLUS,7,547,primary,69,164,1e-06,,-2.520880664052959e-172,0.25,0.9375
S7_PLUS,7,547,primary,70,166,1e-06,,-6.137901757370782e-61,0.375,0
S7_PLUS,7,547,primary,71,168,1e-06,,-1.174509071720841e-60,0.375,0.125
S7_PLUS,7,547,primary,72,170,1e-06,,6.411612131145249e-61,0.3125,0
S7_PLUS,7,547,primary,73,173,1e-06,,1.376317739337482e-60,0.3125,0.125
S7_PLUS,7,547,primary,74,176,1e-06,,6.391332604183357e-61,0.375,0.0625
S7_PLUS,7,547,primary,75,178,1e-06,,-7.650552971074242e-61,0.375,0.25
S7_PLUS,7,547,primary,76,180,1e-06,,8.954122297772412e-61,0.3125,0.25
S7_PLUS,7,547,primary,77,183,1e-06,,6.78646490509161e-61,0.375,0.1875
S7_PLUS,7,547,primary,78,185,1e-06,,-3.926501468883903e-62,0.375,0.375
S7_PLUS,7,547,primary,79,187,1e-06,,3.357890638231163e-62,0.3125,0.375
S7_PLUS,7,547,primary,80,190,1e-06,,3.357639706040945e-62,0.375,0.3125
S7_PLUS,7,547,primary,81,192,1e-06,,1.310895162685323e-65,0.375,0.5
S7_PLUS,7,547,primary,82,194,1e-06,,-1.304777605146899e-65,0.3125,0.5
S7_PLUS,7,547,primary,83,197,1e-06,,-1.304777823866992e-65,0.375,0.4375
S7_PLUS,7,547,primary,84,199,1e-06,,-1.635885479472054e-91,0.375,0.625
S7_PLUS,7,547,primary,85,201,1e-06,,1.072044312316121e-91,0.3125,0.625
S7_PLUS,7,547,primary,86,204,1e-06,,1.710334838496154e-91,0.375,0.5625
S7_PLUS,7,547,primary,87,206,1e-06,,2.04368298758786e-118,0.375,0.75
S7_PLUS,7,547,primary,88,208,1e-06,,-1.245039797928639e-118,0.3125,0.75
S7_PLUS,7,547,primary,89,211,1e-06,,-2.244832153472109e-118,0.375,0.6875
S7_PLUS,7,547,primary,90,213,1e-06,,-1.783642896355148e-145,0.375,0.875
S7_PLUS,7,547,primary,91,215,1e-06,,8.698096364442582e-146,0.3125,0.875
S7_PLUS,7,547,primary,92,218,1e-06,,1.771274732937885e-145,0.375,0.8125
S7_PLUS,7,547,primary,93,220,1e-06,,1.438257500612241e-172,0.375,1
S7_PLUS,7,547,primary,94,222,1e-06,,-6.762750833524156e-173,0.3125,1
S7_PLUS,7,547,primary,95,225,1e-06,,-1.481759660072417e-172,0.375,0.9375
S7_PLUS,7,547,primary,96,227,1e-06,,3.707191951866962e-89,0.5,0
S7_PLUS,7,547,primary,97,229,1e-06,,1.81709402617764e-88,0.5,0.125
S7_PLUS,7,547,primary,98,231,1e-06,,-2.732012111017401e-89,0.4375,0
S7_PLUS,7,547,primary,99,234,1e-06,,-3.137570167154874e-88,0.4375,0.125
S7_PLUS,7,547,primary,100,237,1e-06,,-2.780590070962575e-89,0.5,0.0625
S7_PLUS,7,547,primary,101,239,1e-06,,5.659089003708212e-89,0.5,0.25
S7_PLUS,7,547,primary,102,241,1e-06,,-6.257622053560732e-89,0.4375,0.25
S7_PLUS,7,547,primary,103,244,1e-06,,-3.261983368733144e-89,0.5,0.1875
S7_PLUS,7,547,primary,104,246,1e-06,,3.26176055008676e-90,0.5,0.375
S7_PLUS,7,547,primary,105,248,1e-06,,-2.291533686314482e-90,0.4375,0.375
S7_PLUS,7,547,primary,106,251,1e-06,,-3.585127356592637e-90,0.5,0.3125
S7_PLUS,7,547,primary,107,253,1e-06,,-4.051234827523028e-91,0.5,0.5
S7_PLUS,7,547,primary,108,255,1e-06,,2.111630969911284e-91,0.4375,0.5
S7_PLUS,7,547,primary,109,258,1e-06,,1.490026816807755e-91,0.5,0.4375
S7_PLUS,7,547,primary,110,260,1e-06,,-1.542600509203352e-92,0.5,0.625
S7_PLUS,7,547,primary,111,262,1e-06,,6.200662293186086e-93,0.4375,0.625
S7_PLUS,7,547,primary,112,265,1e-06,,6.203967432849345e-93,0.5,0.5625
S7_PLUS,7,547,primary,113,267,1e-06,,4.204256623149649e-119,0.5,0.75
S7_PLUS,7,547,primary,114,269,1e-06,,-3.056791505877004e-119,0.4375,0.75
S7_PLUS,7,547,primary,115,272,1e-06,,-4.188708658530992e-119,0.5,0.6875
S7_PLUS,7,547,primary,116,274,1e-06,,-4.98199273885494e-146,0.5,0.875
S7_PLUS,7,547,primary,117,276,1e-06,,2.324436212346724e-146,0.4375,0.875
S7_PLUS,7,547,primary,118,279,1e-06,,3.945300366114187e-146,0.5,0.8125
S7_PLUS,7,547,primary,119,281,1e-06,,5.125454602204723e-173,0.5,1
S7_PLUS,7,547,primary,120,283,1e-06,,-2.613610097040434e-173,0.4375,1
S7_PLUS,7,547,primary,121,286,1e-06,,-4.857332539857105e-173,0.5,0.9375
S7_PLUS,7,547,primary,122,288,1e-06,,-7.440588710381813e-117,0.625,0
S7_PLUS,7,547,primary,123,290,1e-06,,-2.775595019571049e-116,0.625,0.125
S7_PLUS,7,547,primary,124,292,1e-06,,6.122600436667097e-117,0.5625,0
S7_PLUS,7,547,primary,125,295,1e-06,,4.45158048082806e-116,0.5625,0.125
S7_PLUS,7,547,primary,126,298,1e-06,,6.26526980912146e-117,0.625,0.0625
S7_PLUS,7,547,primary,127,300,1e-06,,-7.7300806330892e-117,0.625,0.25
S7_PLUS,7,547,primary,128,302,1e-06,,7.711228573690791e-117,0.5625,0.25
S7_PLUS,7,547,primary,129,305,1e-06,,6.040446321466738e-117,0.625,0.1875
S7_PLUS,7,547,primary,130,307,1e-06,,1.850816612899945e-117,0.625,0.375
S7_PLUS,7,547,primary,131,309,1e-06,,-2.640857965279917e-117,0.5625,0.375
S7_PLUS,7,547,primary,132,312,1e-06,,-1.01375950655008e-117,0.625,0.3125
S7_PLUS,7,547,primary,133,314,1e-06,,8.943861178123369e-118,0.625,0.5
S7_PLUS,7,547,primary,134,316,1e-06,,-1.071821974579327e-117,0.5625,0.5
S7_PLUS,7,547,primary,135,319,1e-06,,-7.743240274076164e-118,0.625,0.4375
S7_PLUS,7,547,primary,136,321,1e-06,,1.593790835612785e-118,0.625,0.625
S7_PLUS,7,547,primary,137,323,1e-06,,-2.224105718255066e-118,0.5625,0.625
S7_PLUS,7,547,primary,138,326,1e-06,,-2.152219021770399e-118,0.625,0.5625
S7_PLUS,7,547,primary,139,328,1e-06,,5.889445417265503e-120,0.625,0.75
S7_PLUS,7,547,primary,140,330,1e-06,,-8.362867817642001e-120,0.5625,0.75
S7_PLUS,7,547,primary,141,333,1e-06,,-8.363954674925482e-120,0.625,0.6875
S7_PLUS,7,547,primary,142,335,1e-06,,-8.524568575122758e-147,0.625,0.875
S7_PLUS,7,547,primary,143,337,1e-06,,4.928773209428948e-147,0.5625,0.875
S7_PLUS,7,547,primary,144,340,1e-06,,4.728032610861057e-147,0.625,0.8125
S7_PLUS,7,547,primary,145,342,1e-06,,1.248260057384303e-173,0.625,1
S7_PLUS,7,547,primary,146,344,1e-06,,-9.456954887832675e-174,0.5625,1
S7_PLUS,7,547,primary,147,347,1e-06,,-1.246601464212813e-173,0.625,0.9375
S7_PLUS,7,547,primary,148,349,1e-06,,5.809611857116193e-145,0.75,0
S7_PLUS,7,547,primary,149,351,1e-06,,2.98184628937687e-144,0.75,0.125
S7_PLUS,7,547,primary,150,353,1e-06,,-3.49621340760855e-145,0.6875,0
S7_PLUS,7,547,primary,151,356,1e-06,,-6.045777710745717e-144,0.6875,0.125
S7_PLUS,7,547,primary,152,359,1e-06,,-6.055638976703454e-145,0.75,0.0625
S7_PLUS,7,547,primary,153,361,1e-06,,-1.129795815401256e-144,0.75,0.25
S7_PLUS,7,547,primary,154,363,1e-06,,1.320294343840701e-144,0.6875,0.25
S7_PLUS,7,547,primary,155,366,1e-06,,-2.393662074960599e-145,0.75,0.1875
S7_PLUS,7,547,primary,156,368,1e-06,,-1.973960251779719e-144,0.75,0.375
S7_PLUS,7,547,primary,157,370,1e-06,,1.90657696488578e-144,0.6875,0.375
S7_PLUS,7,547,primary,158,373,1e-06,,7.430466926723439e-145,0.75,0.3125
S7_PLUS,7,547,primary,159,375,1e-06,,-8.092329686340266e-145,0.75,0.5
S7_PLUS,7,547,primary,160,377,1e-06,,5.545817208720808e-145,0.6875,0.5
S7_PLUS,7,547,primary,161,380,1e-06,,2.901550580450773e-145,0.75,0.4375
S7_PLUS,7,547,primary,162,382,1e-06,,-1.541830707104708e-145,0.75,0.625
S7_PLUS,7,547,primary,163,384,1e-06,,1.84222305408849e-146,0.6875,0.625
S7_PLUS,7,547,primary,164,387,1e-06,,2.561077981916385e-146,0.75,0.5625
S7_PLUS,7,547,primary,165,389,1e-06,,1.322112200625073e-148,0.75,0.75
S7_PLUS,7,547,primary,166,391,1e-06,,-3.669774534862863e-146,0.6875,0.75
S7_PLUS,7,547,primary,167,394,1e-06,,-3.590606636326475e-146,0.75,0.6875
S7_PLUS,7,547,primary,168,396,1e-06,,2.300171559089099e-148,0.75,0.875
S7_PLUS,7,547,primary,169,398,1e-06,,-1.630652305295517e-147,0.6875,0.875
S7_PLUS,7,547,primary,170,401,1e-06,,-1.630573449408924e-147,0.75,0.8125
S7_PLUS,7,547,primary,171,403,1e-06,,1.421110322625259e-174,0.75,1
S7_PLUS,7,547,primary,172,405,1e-06,,-1.150726306405523e-174,0.6875,1
S7_PLUS,7,547,primary,173,408,1e-06,,-2.048056325425819e-174,0.75,0.9375
S7_PLUS,7,547,primary,174,410,1e-06,,3.639306230334366e-172,0.875,0
S7_PLUS,7,547,primary,175,412,1e-06,,8.220222834624748e-172,0.875,0.125
S7_PLUS,7,547,primary,176,414,1e-06,,-7.288084349996644e-172,0.8125,0
S7_PLUS,7,547,primary,177,417,1e-06,,-8.541554562202448e-172,0.8125,0.125
S7_PLUS,7,547,primary,178,420,1e-06,,-3.987162195461609e-172,0.875,0.0625
S7_PLUS,7,547,primary,179,422,1e-06,,1.848882402777324e-171,0.875,0.25
S7_PLUS,7,547,primary,180,424,1e-06,,-2.583137229460636e-171,0.8125,0.25
S7_PLUS,7,547,primary,181,427,1e-06,,-7.757008599053505e-172,0.875,0.1875
S7_PLUS,7,547,primary,182,429,1e-06,,1.615447132904209e-171,0.875,0.375
S7_PLUS,7,547,primary,183,431,1e-06,,-2.104389691179149e-171,0.8125,0.375
S7_PLUS,7,547,primary,184,434,1e-06,,-9.317509694564255e-172,0.875,0.3125
S7_PLUS,7,547,primary,185,436,1e-06,,7.881338052109365e-172,0.875,0.5
S7_PLUS,7,547,primary,186,438,1e-06,,-1.002237183035142e-171,0.8125,0.5
S7_PLUS,7,547,primary,187,441,1e-06,,-5.535090261299867e-172,0.875,0.4375
S7_PLUS,7,547,primary,188,443,1e-06,,2.465047320397124e-172,0.875,0.625
S7_PLUS,7,547,primary,189,445,1e-06,,-3.477717179742529e-172,0.8125,0.625
S7_PLUS,7,547,primary,190,448,1e-06,,-2.469055807979339e-172,0.875,0.5625
S7_PLUS,7,547,primary,191,450,1e-06,,4.995869553791364e-173,0.875,0.75
S7_PLUS,7,547,primary,192,452,1e-06,,-9.747555274485537e-173,0.8125,0.75
S7_PLUS,7,547,primary,193,455,1e-06,,-7.056903219511445e-173,0.875,0.6875
S7_PLUS,7,547,primary,194,457,1e-06,,1.117968110394999e-173,0.875,0.875
S7_PLUS,7,547,primary,195,459,1e-06,,-2.552524209653343e-173,0.8125,0.875
S7_PLUS,7,547,primary,196,462,1e-06,,-2.465008221138352e-173,0.875,0.8125
S7_PLUS,7,547,primary,197,464,1e-06,,3.839538811993369e-175,0.875,1
S7_PLUS,7,547,primary,198,466,1e-06,,-8.76360567234117e-175,0.8125,1
S7_PLUS,7,547,primary,199,469,1e-06,,-8.726038674092859e-175,0.875,0.9375
S7_PLUS,7,547,primary,200,471,1e-06,,-3.687515968995718e-199,1,0
S7_PLUS,7,547,primary,201,473,1e-06,,-9.988346186479661e-199,1,0.125
S7_PLUS,7,547,primary,202,475,1e-06,,4.990215041127202e-199,0.9375,0
S7_PLUS,7,547,primary,203,478,1e-06,,9.325716883779442e-199,0.9375,0.125
S7_PLUS,7,547,primary,204,481,1e-06,,1.95607397965781e-199,1,0.0625
S7_PLUS,7,547,primary,205,483,1e-06,,-1.354019881894609e-198,1,0.25
S7_PLUS,7,547,primary,206,485,1e-06,,1.306175822169029e-198,0.9375,0.25
S7_PLUS,7,547,primary,207,488,1e-06,,3.436164666641545e-199,1,0.1875
S7_PLUS,7,547,primary,208,490,1e-06,,-1.105661124989373e-198,1,0.375
S7_PLUS,7,547,primary,209,492,1e-06,,8.579290528727162e-199,0.9375,0.375
S7_PLUS,7,547,primary,210,495,1e-06,,3.148332364390855e-199,1,0.3125
S7_PLUS,7,547,primary,211,497,1e-06,,-5.78061057207605e-199,1,0.5
S7_PLUS,7,547,primary,212,499,1e-06,,2.222553781804567e-199,0.9375,0.5
S7_PLUS,7,547,primary,213,502,1e-06,,9.131100720194354e-200,1,0.4375
S7_PLUS,7,547,primary,214,504,1e-06,,-1.865454873807724e-199,1,0.625
S7_PLUS,7,547,primary,215,506,1e-06,,-8.341826771595663e-200,0.9375,0.625
S7_PLUS,7,547,primary,216,509,1e-06,,-4.089143622347302e-200,1,0.5625
S7_PLUS,7,547,primary,217,511,1e-06,,-2.423179137333097e-200,1,0.75
S7_PLUS,7,547,primary,218,513,1e-06,,-1.075911756689429e-199,0.9375,0.75
S7_PLUS,7,547,primary,219,516,1e-06,,-7.576148371358455e-200,1,0.6875
S7_PLUS,7,547,primary,220,518,1e-06,,4.750202729382184e-201,1,0.875
S7_PLUS,7,547,primary,221,520,1e-06,,-4.967682071159174e-200,0.9375,0.875
S7_PLUS,7,547,primary,222,523,1e-06,,-3.491590151007466e-200,1,0.8125
S7_PLUS,7,547,primary,223,525,1e-06,,4.6537492022156e-201,1,1
S7_PLUS,7,547,primary,224,527,1e-06,,-1.476717530349821e-200,0.9375,1
S7_PLUS,7,547,primary,225,530,1e-06,,-1.435129244804863e-200,1,0.9375
S7_MINUS,7,547,secondary,1,532,-1e-06,-9.996075058904152e-05,-8.298251560255615e-06,0.1248499974608421,0.1799499988555908
S7_MINUS,7,547,secondary,2,535,-1e-06,-9.996075058906936e-05,-8.298251560257026e-06,0.124949999153614,0.1799499988555908
S7_MINUS,7,547,secondary,3,536,-1e-06,-9.967980759758323e-05,-8.307178238176328e-06,0.1248499974608421,0.1800500005483627
S7_MINUS,7,547,secondary,4,539,-1e-06,-9.967980759757819e-05,-8.307178238176446e-06,0.124949999153614,0.1800500005483627
S7_MINUS,7,547,secondary,5,543,-1e-06,-9.980204481106456e-05,3.324110890998928e-05,0.1248999983072281,0.1799499988555908
S7_MINUS,7,547,secondary,6,547,-1e-06,-9.940142745347957e-05,3.31996723541052e-05,0.1248999983072281,0.1800500005483627
S7_MINUS,7,547,secondary,7,548,-1e-06,-9.969778401388336e-05,3.322412912126624e-05,0.1248499974608421,0.1800000071525574
S7_MINUS,7,547,secondary,8,551,-1e-06,-9.969778401386223e-05,3.322412912126179e-05,0.124949999153614,0.1800000071525574
S7_MINUS,7,547,primary,1,2,-1e-06,,-4.024797958089957e-34,0,0
S7_MINUS,7,547,primary,2,3,-1e-06,,-1.322628078899756e-33,0.125,0
S7_MINUS,7,547,primary,3,6,-1e-06,,-8.387538436334115e-08,0,0.125
S7_MINUS,7,547,primary,4,7,-1e-06,,6.60447630290355e-06,0.125,0.125
S7_MINUS,7,547,primary,5,10,-1e-06,,3.679800553399737e-34,0.0625,0
S7_MINUS,7,547,primary,6,14,-1e-06,,1.784692810460227e-07,0.0625,0.125
S7_MINUS,7,547,primary,7,18,-1e-06,,3.694455392541581e-34,0,0.0625
S7_MINUS,7,547,primary,8,19,-1e-06,,2.178011316141748e-33,0.125,0.0625
S7_MINUS,7,547,primary,9,22,-1e-06,,-7.432208672667075e-08,0,0.25
S7_MINUS,7,547,primary,10,23,-1e-06,,-5.329318246284487e-06,0.125,0.25
S7_MINUS,7,547,primary,11,26,-1e-06,,1.4022270524892e-07,0.0625,0.25
S7_MINUS,7,547,primary,12,30,-1e-06,,7.859402187036417e-08,0,0.1875
S7_MINUS,7,547,primary,13,31,-1e-06,,9.816393331606271e-05,0.125,0.1875
S7_MINUS,7,547,primary,14,34,-1e-06,,3.557150970400414e-34,0,0.375
S7_MINUS,7,547,primary,15,35,-1e-06,,1.093032008242808e-33,0.125,0.375
S7_MINUS,7,547,primary,16,38,-1e-06,,-3.224955562116311e-34,0.0625,0.375
S7_MINUS,7,547,primary,17,42,-1e-06,,-3.222574482734043e-34,0,0.3125
S7_MINUS,7,547,primary,18,43,-1e-06,,-1.767381385873652e-33,0.125,0.3125
S7_MINUS,7,547,primary,19,46,-1e-06,,-3.913653397107122e-62,0,0.5
S7_MINUS,7,547,primary,20,47,-1e-06,,-1.475937953567682e-61,0.125,0.5
S7_MINUS,7,547,primary,21,50,-1e-06,,3.340593452536835e-62,0.0625,0.5
S7_MINUS,7,547,primary,22,54,-1e-06,,3.33756936759513e-62,0,0.4375
S7_MINUS,7,547,primary,23,55,-1e-06,,2.436585244920384e-61,0.125,0.4375
S7_MINUS,7,547,primary,24,58,-1e-06,,5.830772027874157e-90,0,0.625
S7_MINUS,7,547,primary,25,59,-1e-06,,2.270562060099904e-89,0.125,0.625
S7_MINUS,7,547,primary,26,62,-1e-06,,-4.926281370290975e-90,0.0625,0.625
S7_MINUS,7,547,primary,27,66,-1e-06,,-4.913384065968193e-90,0,0.5625
S7_MINUS,7,547,primary,28,67,-1e-06,,-3.736516653619399e-89,0.125,0.5625
S7_MINUS,7,547,primary,29,70,-1e-06,,-8.649025700997029e-118,0,0.75
S7_MINUS,7,547,primary,30,71,-1e-06,,-3.513022473151594e-117,0.125,0.75
S7_MINUS,7,547,primary,31,74,-1e-06,,7.352884382011013e-118,0.0625,0.75
S7_MINUS,7,547,primary,32,78,-1e-06,,7.127224741695527e-118,0,0.6875
S7_MINUS,7,547,primary,33,79,-1e-06,,5.856760699932294e-117,0.125,0.6875
S7_MINUS,7,547,primary,34,82,-1e-06,,7.976202729721879e-146,0,0.875
S7_MINUS,7,547,primary,35,83,-1e-06,,4.216149869537819e-145,0.125,0.875
S7_MINUS,7,547,primary,36,86,-1e-06,,-9.214640768166607e-146,0.0625,0.875
S7_MINUS,7,547,primary,37,90,-1e-06,,-5.853463602154042e-146,0,0.8125
S7_MINUS,7,547,primary,38,91,-1e-06,,-8.183925584789165e-145,0.125,0.8125
S7_MINUS,7,547,primary,39,94,-1e-06,,2.990081606765237e-173,0,1
S7_MINUS,7,547,primary,40,95,-1e-06,,4.949047524832087e-173,0.125,1
S7_MINUS,7,547,primary,41,98,-1e-06,,-5.580118662524954e-175,0.0625,1
S7_MINUS,7,547,primary,42,102,-1e-06,,-3.31016904384823e-173,0,0.9375
S7_MINUS,7,547,primary,43,103,-1e-06,,3.163354150645083e-173,0.125,0.9375
S7_MINUS,7,547,primary,44,105,-1e-06,,-4.213562459748403e-34,0.25,0
S7_MINUS,7,547,primary,45,107,-1e-06,,4.706550081016447e-33,0.25,0.125
S7_MINUS,7,547,primary,46,109,-1e-06,,3.836856785268271e-34,0.1875,0
S7_MINUS,7,547,primary,47,112,-1e-06,,1.699329315778651e-33,0.1875,0.125
S7_MINUS,7,547,primary,48,115,-1e-06,,3.836300527149842e-34,0.25,0.0625
S7_MINUS,7,547,primary,49,117,-1e-06,,6.360642353450019e-33,0.25,0.25
S7_MINUS,7,547,primary,50,119,-1e-06,,-1.544360488294459e-33,0.1875,0.25
S7_MINUS,7,547,primary,51,122,-1e-06,,-5.8791904758795e-33,0.25,0.1875
S7_MINUS,7,547,primary,52,124,-1e-06,,3.400402289930942e-34,0.25,0.375
S7_MINUS,7,547,primary,53,126,-1e-06,,-3.096807978615666e-34,0.1875,0.375
S7_MINUS,7,547,primary,54,129,-1e-06,,-3.097257298790967e-34,0.25,0.3125
S7_MINUS,7,547,primary,55,131,-1e-06,,-3.921601425515715e-62,0.25,0.5
S7_MINUS,7,547,primary,56,133,-1e-06,,3.358283378901297e-62,0.1875,0.5
S7_MINUS,7,547,primary,57,136,-1e-06,,3.36067959709714e-62,0.25,0.4375
S7_MINUS,7,547,primary,58,138,-1e-06,,5.851844189916438e-90,0.25,0.625
S7_MINUS,7,547,primary,59,140,-1e-06,,-4.961281312313578e-90,0.1875,0.625
S7_MINUS,7,547,primary,60,143,-1e-06,,-4.965239843838992e-90,0.25,0.5625
S7_MINUS,7,547,primary,61,145,-1e-06,,-8.242897938817439e-118,0.25,0.75
S7_MINUS,7,547,primary,62,147,-1e-06,,7.32736439663865e-118,0.1875,0.75
S7_MINUS,7,547,primary,63,150,-1e-06,,6.83726702775624e-118,0.25,0.6875
S7_MINUS,7,547,primary,64,152,-1e-06,,-5.239163771225109e-147,0.25,0.875
S7_MINUS,7,547,primary,65,154,-1e-06,,-7.89759543573691e-146,0.1875,0.875
S7_MINUS,7,547,primary,66,157,-1e-06,,4.34376075546335e-147,0.25,0.8125
S7_MINUS,7,547,primary,67,159,-1e-06,,1.210699993818448e-172,0.25,1
S7_MINUS,7,547,primary,68,161,-1e-06,,-1.248805314820965e-173,0.1875,1
S7_MINUS,7,547,primary,69,164,-1e-06,,-9.960197922140038e-173,0.25,0.9375
S7_MINUS,7,547,primary,70,166,-1e-06,,-6.098687877587032e-61,0.375,0
S7_MINUS,7,547,primary,71,168,-1e-06,,-1.168073359518294e-60,0.375,0.125
S7_MINUS,7,547,primary,72,170,-1e-06,,6.371828527042713e-61,0.3125,0
S7_MINUS,7,547,primary,73,173,-1e-06,,1.370965948320044e-60,0.3125,0.125
S7_MINUS,7,547,primary,74,176,-1e-06,,6.352356102948535e-61,0.375,0.0625
S7_MINUS,7,547,primary,75,178,-1e-06,,-7.606217483595506e-61,0.375,0.25
S7_MINUS,7,547,primary,76,180,-1e-06,,8.902524593695988e-61,0.3125,0.25
S7_MINUS,7,547,primary,77,183,-1e-06,,6.750326940053985e-61,0.375,0.1875
S7_MINUS,7,547,primary,78,185,-1e-06,,-3.921592513808915e-62,0.375,0.375
S7_MINUS,7,547,primary,79,187,-1e-06,,3.361513397103784e-62,0.3125,0.375
S7_MINUS,7,547,primary,80,190,-1e-06,,3.358541487433322e-62,0.375,0.3125
S7_MINUS,7,547,primary,81,192,-1e-06,,5.169919847056719e-76,0.375,0.5
S7_MINUS,7,547,primary,82,194,-1e-06,,-5.17071749040348e-76,0.3125,0.5
S7_MINUS,7,547,primary,83,197,-1e-06,,-5.188119723213711e-76,0.375,0.4375
S7_MINUS,7,547,primary,84,199,-1e-06,,6.888552389585844e-93,0.375,0.625
S7_MINUS,7,547,primary,85,201,-1e-06,,-4.586117013968513e-93,0.3125,0.625
S7_MINUS,7,547,primary,86,204,-1e-06,,-8.11023923977506e-93,0.375,0.5625
S7_MINUS,7,547,primary,87,206,-1e-06,,5.156779633700705e-119,0.375,0.75
S7_MINUS,7,547,primary,88,208,-1e-06,,-2.626659549575473e-119,0.3125,0.75
S7_MINUS,7,547,primary,89,211,-1e-06,,-5.606079832684782e-119,0.375,0.6875
S7_MINUS,7,547,primary,90,213,-1e-06,,-9.229437410266655e-146,0.375,0.875
S7_MINUS,7,547,primary,91,215,-1e-06,,2.89728822605352e-146,0.3125,0.875
S7_MINUS,7,547,primary,92,218,-1e-06,,7.932354286359047e-146,0.375,0.8125
S7_MINUS,7,547,primary,93,220,-1e-06,,9.428454940860216e-173,0.375,1
S7_MINUS,7,547,primary,94,222,-1e-06,,-2.27707523059707e-173,0.3125,1
S7_MINUS,7,547,primary,95,225,-1e-06,,-8.330655099453841e-173,0.375,0.9375
S7_MINUS,7,547,primary,96,227,-1e-06,,3.661603393370346e-89,0.5,0
S7_MINUS,7,547,primary,97,229,-1e-06,,1.817064386873602e-88,0.5,0.125
S7_MINUS,7,547,primary,98,231,-1e-06,,-2.684641958296215e-89,0.4375,0
S7_MINUS,7,547,primary,99,234,-1e-06,,-3.121963921588279e-88,0.4375,0.125
S7_MINUS,7,547,primary,100,237,-1e-06,,-2.738139929441989e-89,0.5,0.0625
S7_MINUS,7,547,primary,101,239,-1e-06,,6.030904583490007e-89,0.5,0.25
S7_MINUS,7,547,primary,102,241,-1e-06,,-6.680454206842751e-89,0.4375,0.25
S7_MINUS,7,547,primary,103,244,-1e-06,,-3.393715834737155e-89,0.5,0.1875
S7_MINUS,7,547,primary,104,246,-1e-06,,5.990028597993971e-90,0.5,0.375
S7_MINUS,7,547,primary,105,248,-1e-06,,-5.142072173452424e-90,0.4375,0.375
S7_MINUS,7,547,primary,106,251,-1e-06,,-5.028949064399725e-90,0.5,0.3125
S7_MINUS,7,547,primary,107,253,-1e-06,,2.641816301493153e-92,0.5,0.5
S7_MINUS,7,547,primary,108,255,-1e-06,,-2.509349150411221e-92,0.4375,0.5
S7_MINUS,7,547,primary,109,258,-1e-06,,-2.139477695792182e-92,0.5,0.4375
S7_MINUS,7,547,primary,110,260,-1e-06,,8.612339449465043e-94,0.5,0.625
S7_MINUS,7,547,primary,111,262,-1e-06,,-8.046075765362301e-94,0.4375,0.625
S7_MINUS,7,547,primary,112,265,-1e-06,,-7.975494799334569e-94,0.5,0.5625
S7_MINUS,7,547,primary,113,267,-1e-06,,1.361715080452057e-119,0.5,0.75
S7_MINUS,7,547,primary,114,269,-1e-06,,-9.640541745207851e-120,0.4375,0.75
S7_MINUS,7,547,primary,115,272,-1e-06,,-1.570832186119173e-119,0.5,0.6875
S7_MINUS,7,547,primary,116,274,-1e-06,,-3.151547731342155e-146,0.5,0.875
S7_MINUS,7,547,primary,117,276,-1e-06,,1.045519617410701e-146,0.4375,0.875
S7_MINUS,7,547,primary,118,279,-1e-06,,2.322479272984457e-146,0.5,0.8125
S7_MINUS,7,547,primary,119,281,-1e-06,,3.903363999006031e-173,0.5,1
S7_MINUS,7,547,primary,120,283,-1e-06,,-1.387194414395441e-173,0.4375,1
S7_MINUS,7,547,primary,121,286,-1e-06,,-3.828890036894382e-173,0.5,0.9375
S7_MINUS,7,547,primary,122,288,-1e-06,,-8.118381524331013e-117,0.625,0
S7_MINUS,7,547,primary,123,290,-1e-06,,-2.982580742242295e-116,0.625,0.125
S7_MINUS,7,547,primary,124,292,-1e-06,,6.994537017891093e-117,0.5625,0
S7_MINUS,7,547,primary,125,295,-1e-06,,4.673170132652956e-116,0.5625,0.125
S7_MINUS,7,547,primary,126,298,-1e-06,,6.942112868511499e-117,0.625,0.0625
S7_MINUS,7,547,primary,127,300,-1e-06,,-1.107371723896876e-116,0.625,0.25
S7_MINUS,7,547,primary,128,302,-1e-06,,1.201406994426264e-116,0.5625,0.25
S7_MINUS,7,547,primary,129,305,-1e-06,,7.432452767193326e-117,0.625,0.1875
S7_MINUS,7,547,primary,130,307,-1e-06,,-3.154849538271605e-118,0.625,0.375
S7_MINUS,7,547,primary,131,309,-1e-06,,-1.101622037630743e-119,0.5625,0.375
S7_MINUS,7,547,primary,132,312,-1e-06,,3.402509949945984e-118,0.625,0.3125
S7_MINUS,7,547,primary,133,314,-1e-06,,2.246301343386026e-118,0.625,0.5
S7_MINUS,7,547,primary,134,316,-1e-06,,-2.452935704166507e-118,0.5625,0.5
S7_MINUS,7,547,primary,135,319,-1e-06,,-1.813516967906896e-118,0.625,0.4375
S7_MINUS,7,547,primary,136,321,-1e-06,,4.985912175860893e-119,0.625,0.625
S7_MINUS,7,547,primary,137,323,-1e-06,,-6.333900315119807e-119,0.5625,0.625
S7_MINUS,7,547,primary,138,326,-1e-06,,-6.420596416876705e-119,0.625,0.5625
S7_MINUS,7,547,primary,139,328,-1e-06,,2.476648147320597e-120,0.625,0.75
S7_MINUS,7,547,primary,140,330,-1e-06,,-3.674652491686029e-120,0.5625,0.75
S7_MINUS,7,547,primary,141,333,-1e-06,,-3.840798385887741e-120,0.625,0.6875
S7_MINUS,7,547,primary,142,335,-1e-06,,-5.8644567867336e-147,0.625,0.875
S7_MINUS,7,547,primary,143,337,-1e-06,,1.786908899436126e-147,0.5625,0.875
S7_MINUS,7,547,primary,144,340,-1e-06,,2.030145463366691e-147,0.625,0.8125
S7_MINUS,7,547,primary,145,342,-1e-06,,1.024796435088322e-173,0.625,1
S7_MINUS,7,547,primary,146,344,-1e-06,,-6.578373643650574e-174,0.5625,1
S7_MINUS,7,547,primary,147,347,-1e-06,,-1.188447420729071e-173,0.625,0.9375
S7_MINUS,7,547,primary,148,349,-1e-06,,1.14979263502329e-144,0.75,0
S7_MINUS,7,547,primary,149,351,-1e-06,,4.508600336968749e-144,0.75,0.125
S7_MINUS,7,547,primary,150,353,-1e-06,,-7.978285691043305e-145,0.6875,0
S7_MINUS,7,547,primary,151,356,-1e-06,,-7.420500954834663e-144,0.6875,0.125
S7_MINUS,7,547,primary,152,359,-1e-06,,-9.54356036649942e-145,0.75,0.0625
S7_MINUS,7,547,primary,153,361,-1e-06,,6.586996121357559e-145,0.75,0.25
S7_MINUS,7,547,primary,154,363,-1e-06,,-2.547403216075152e-145,0.6875,0.25
S7_MINUS,7,547,primary,155,366,-1e-06,,-5.745727332540562e-145,0.75,0.1875
S7_MINUS,7,547,primary,156,368,-1e-06,,-8.776710296754718e-145,0.75,0.375
S7_MINUS,7,547,primary,157,370,-1e-06,,1.093915720606149e-144,0.6875,0.375
S7_MINUS,7,547,primary,158,373,-1e-06,,5.1944492276085e-145,0.75,0.3125
S7_MINUS,7,547,primary,159,375,-1e-06,,-4.546074920384401e-145,0.75,0.5
S7_MINUS,7,547,primary,160,377,-1e-06,,3.476130130799536e-145,0.6875,0.5
S7_MINUS,7,547,primary,161,380,-1e-06,,2.330656764432241e-145,0.75,0.4375
S7_MINUS,7,547,primary,162,382,-1e-06,,-1.035555020926527e-145,0.75,0.625
S7_MINUS,7,547,primary,163,384,-1e-06,,2.071854820383867e-146,0.6875,0.625
S7_MINUS,7,547,primary,164,387,-1e-06,,3.672373744680692e-146,0.75,0.5625
S7_MINUS,7,547,primary,165,389,-1e-06,,-2.22758472596906e-147,0.75,0.75
S7_MINUS,7,547,primary,166,391,-1e-06,,-2.244869185067333e-146,0.6875,0.75
S7_MINUS,7,547,primary,167,394,-1e-06,,-1.889120700772513e-146,0.75,0.6875
S7_MINUS,7,547,primary,168,396,-1e-06,,3.427582434328696e-148,0.75,0.875
S7_MINUS,7,547,primary,169,398,-1e-06,,-1.801753195339914e-147,0.6875,0.875
S7_MINUS,7,547,primary,170,401,-1e-06,,-1.722931383174607e-147,0.75,0.8125
S7_MINUS,7,547,primary,171,403,-1e-06,,1.292165781966809e-174,0.75,1
S7_MINUS,7,547,primary,172,405,-1e-06,,-1.091355092247685e-174,0.6875,1
S7_MINUS,7,547,primary,173,408,-1e-06,,-2.398080874471613e-174,0.75,0.9375
S7_MINUS,7,547,primary,174,410,-1e-06,,5.560102588847021e-173,0.875,0
S7_MINUS,7,547,primary,175,412,-1e-06,,3.145120032354674e-173,0.875,0.125
S7_MINUS,7,547,primary,176,414,-1e-06,,-4.086428492362424e-172,0.8125,0
S7_MINUS,7,547,primary,177,417,-1e-06,,9.144952163602361e-173,0.8125,0.125
S7_MINUS,7,547,primary,178,420,-1e-06,,-2.902270784109486e-173,0.875,0.0625
S7_MINUS,7,547,primary,179,422,-1e-06,,1.030363810369901e-171,0.875,0.25
S7_MINUS,7,547,primary,180,424,-1e-06,,-1.722287548010562e-171,0.8125,0.25
S7_MINUS,7,547,primary,181,427,-1e-06,,-5.815662604498915e-172,0.875,0.1875
S7_MINUS,7,547,primary,182,429,-1e-06,,1.007361239925317e-171,0.875,0.375
S7_MINUS,7,547,primary,183,431,-1e-06,,-1.376334235260284e-171,0.8125,0.375
S7_MINUS,7,547,primary,184,434,-1e-06,,-7.247890340583787e-172,0.875,0.3125
S7_MINUS,7,547,primary,185,436,-1e-06,,4.839610215159657e-172,0.875,0.5
S7_MINUS,7,547,primary,186,438,-1e-06,,-4.795676655984209e-172,0.8125,0.5
S7_MINUS,7,547,primary,187,441,-1e-06,,-3.535752196662237e-172,0.875,0.4375
S7_MINUS,7,547,primary,188,443,-1e-06,,1.416447130032947e-172,0.875,0.625
S7_MINUS,7,547,primary,189,445,-1e-06,,-1.016711231761369e-172,0.8125,0.625
S7_MINUS,7,547,primary,190,448,-1e-06,,-1.147185781640734e-172,0.875,0.5625
S7_MINUS,7,547,primary,191,450,-1e-06,,2.527128962863934e-173,0.875,0.75
S7_MINUS,7,547,primary,192,452,-1e-06,,-2.431949808113593e-173,0.8125,0.75
S7_MINUS,7,547,primary,193,455,-1e-06,,-2.484633828445821e-173,0.875,0.6875
S7_MINUS,7,547,primary,194,457,-1e-06,,5.084825268867892e-174,0.875,0.875
S7_MINUS,7,547,primary,195,459,-1e-06,,-9.87548632460915e-174,0.8125,0.875
S7_MINUS,7,547,primary,196,462,-1e-06,,-9.875391595138208e-174,0.875,0.8125
S7_MINUS,7,547,primary,197,464,-1e-06,,3.714333360699936e-175,0.875,1
S7_MINUS,7,547,primary,198,466,-1e-06,,-8.620728713698837e-175,0.8125,1
S7_MINUS,7,547,primary,199,469,-1e-06,,-8.843723778136669e-175,0.875,0.9375
S7_MINUS,7,547,primary,200,471,-1e-06,,-3.03678659230114e-199,1,0
S7_MINUS,7,547,primary,201,473,-1e-06,,-7.777440788832167e-199,1,0.125
S7_MINUS,7,547,primary,202,475,-1e-06,,8.483376688666915e-199,0.9375,0
S7_MINUS,7,547,primary,203,478,-1e-06,,1.269237400035291e-198,0.9375,0.125
S7_MINUS,7,547,primary,204,481,-1e-06,,2.451733782285207e-199,1,0.0625
S7_MINUS,7,547,primary,205,483,-1e-06,,-1.076496074652696e-198,1,0.25
S7_MINUS,7,547,primary,206,485,-1e-06,,1.690568737769532e-198,0.9375,0.25
S7_MINUS,7,547,primary,207,488,-1e-06,,6.902251921522452e-199,1,0.1875
S7_MINUS,7,547,primary,208,490,-1e-06,,-7.348589738194254e-199,1,0.375
S7_MINUS,7,547,primary,209,492,-1e-06,,9.679813769286815e-199,0.9375,0.375
S7_MINUS,7,547,primary,210,495,-1e-06,,5.584888429272784e-199,1,0.3125
S7_MINUS,7,547,primary,211,497,-1e-06,,-2.958509984770266e-199,1,0.5
S7_MINUS,7,547,primary,212,499,-1e-06,,1.609097037213626e-199,0.9375,0.5
S7_MINUS,7,547,primary,213,502,-1e-06,,2.081367501328657e-199,1,0.4375
S7_MINUS,7,547,primary,214,504,-1e-06,,-6.637344866132243e-200,1,0.625
S7_MINUS,7,547,primary,215,506,-1e-06,,-7.971409751287916e-200,0.9375,0.625
S7_MINUS,7,547,primary,216,509,-1e-06,,1.444623225867965e-200,1,0.5625
S7_MINUS,7,547,primary,217,511,-1e-06,,-5.981588267634395e-201,1,0.75
S7_MINUS,7,547,primary,218,513,-1e-06,,-4.313489392493718e-200,0.9375,0.75
S7_MINUS,7,547,primary,219,516,-1e-06,,-1.566964394998897e-200,1,0.6875
S7_MINUS,7,547,primary,220,518,-1e-06,,-1.639034725928997e-202,1,0.875
S7_MINUS,7,547,primary,221,520,-1e-06,,-7.851600392337493e-201,0.9375,0.875
S7_MINUS,7,547,primary,222,523,-1e-06,,-3.644274194325798e-201,1,0.8125
S7_MINUS,7,547,primary,223,525,-1e-06,,1.007438018920911e-202,1,1
S7_MINUS,7,547,primary,224,527,-1e-06,,-1.222104557015197e-201,0.9375,1
S7_MINUS,7,547,primary,225,530,-1e-06,,-7.247088319741844e-202,1,0.9375
S8_PLUS,8,548,secondary,1,532,1e-06,-0.0001003948122410094,-8.36026446019867e-06,0.1248499974608421,0.1799499988555908
S8_PLUS,8,548,secondary,2,535,1e-06,-0.0001000443792704367,-8.37059011023095e-06,0.124949999153614,0.1799499988555908
S8_PLUS,8,548,secondary,3,536,1e-06,-0.000100394812241067,-8.360264460198669e-06,0.1248499974608421,0.1800500005483627
S8_PLUS,8,548,secondary,4,539,1e-06,-0.0001000443792704355,-8.370590110230242e-06,0.124949999153614,0.1800500005483627
S8_PLUS,8,548,secondary,5,543,1e-06,-0.000100324579084408,3.344988834122386e-05,0.1248999983072281,0.1799499988555908
S8_PLUS,8,548,secondary,6,547,1e-06,-0.0001003245790844371,3.344988834121927e-05,0.1248999983072281,0.1800500005483627
S8_PLUS,8,548,secondary,7,548,1e-06,-0.0001006230450216163,3.347568030064636e-05,0.1248499974608421,0.1800000071525574
S8_PLUS,8,548,secondary,8,551,1e-06,-0.0001002076982583343,3.343116425220121e-05,0.124949999153614,0.1800000071525574
S8_PLUS,8,548,primary,1,2,1e-06,,-4.049565220496838e-34,0,0
S8_PLUS,8,548,primary,2,3,1e-06,,-1.331220654508175e-33,0.125,0
S8_PLUS,8,548,primary,3,6,1e-06,,-8.502876945936793e-08,0,0.125
S8_PLUS,8,548,primary,4,7,1e-06,,6.647294357618141e-06,0.125,0.125
S8_PLUS,8,548,primary,5,10,1e-06,,3.702036010335245e-34,0.0625,0
S8_PLUS,8,548,primary,6,14,1e-06,,1.809223689036709e-07,0.0625,0.125
S8_PLUS,8,548,primary,7,18,1e-06,,3.71794489465006e-34,0,0.0625
S8_PLUS,8,548,primary,8,19,1e-06,,2.192827893304338e-33,0.125,0.0625
S8_PLUS,8,548,primary,9,22,1e-06,,-7.534495703478319e-08,0,0.25
S8_PLUS,8,548,primary,10,23,1e-06,,-5.365009827087503e-06,0.125,0.25
S8_PLUS,8,548,primary,11,26,1e-06,,1.421532898528842e-07,0.0625,0.25
S8_PLUS,8,548,primary,12,30,1e-06,,7.967528962261135e-08,0,0.1875
S8_PLUS,8,548,primary,13,31,1e-06,,9.88202503420165e-05,0.125,0.1875
S8_PLUS,8,548,primary,14,34,1e-06,,3.581773173392854e-34,0,0.375
S8_PLUS,8,548,primary,15,35,1e-06,,1.100347881436893e-33,0.125,0.375
S8_PLUS,8,548,primary,16,38,1e-06,,-3.246341710047244e-34,0.0625,0.375
S8_PLUS,8,548,primary,17,42,1e-06,,-3.243893625501871e-34,0,0.3125
S8_PLUS,8,548,primary,18,43,1e-06,,-1.778670047271261e-33,0.125,0.3125
S8_PLUS,8,548,primary,19,46,1e-06,,-3.938499085790415e-62,0,0.5
S8_PLUS,8,548,primary,20,47,1e-06,,-1.485505487983972e-61,0.125,0.5
S8_PLUS,8,548,primary,21,50,1e-06,,3.359454309731407e-62,0.0625,0.5
S8_PLUS,8,548,primary,22,54,1e-06,,3.356153191456134e-62,0,0.4375
S8_PLUS,8,548,primary,23,55,1e-06,,2.451983009902103e-61,0.125,0.4375
S8_PLUS,8,548,primary,24,58,1e-06,,5.640416026734409e-90,0,0.625
S8_PLUS,8,548,primary,25,59,1e-06,,2.234784143898879e-89,0.125,0.625
S8_PLUS,8,548,primary,26,62,1e-06,,-4.77446323724731e-90,0.0625,0.625
S8_PLUS,8,548,primary,27,66,1e-06,,-4.714713119341731e-90,0,0.5625
S8_PLUS,8,548,primary,28,67,1e-06,,-3.707169963702906e-89,0.125,0.5625
S8_PLUS,8,548,primary,29,70,1e-06,,-7.103401337349073e-118,0,0.75
S8_PLUS,8,548,primary,30,71,1e-06,,-3.13311128134117e-117,0.125,0.75
S8_PLUS,8,548,primary,31,74,1e-06,,6.099606211841461e-118,0.0625,0.75
S8_PLUS,8,548,primary,32,78,1e-06,,5.707279385345376e-118,0,0.6875
S8_PLUS,8,548,primary,33,79,1e-06,,5.436275722237017e-117,0.125,0.6875
S8_PLUS,8,548,primary,34,82,1e-06,,6.946594435431747e-147,0,0.875
S8_PLUS,8,548,primary,35,83,1e-06,,2.153396221244095e-145,0.125,0.875
S8_PLUS,8,548,primary,36,86,1e-06,,-2.425449490987252e-146,0.0625,0.875
S8_PLUS,8,548,primary,37,90,1e-06,,-6.043012555219956e-147,0,0.8125
S8_PLUS,8,548,primary,38,91,1e-06,,-5.709108294334585e-145,0.125,0.8125
S8_PLUS,8,548,primary,39,94,1e-06,,6.303254799440817e-173,0,1
S8_PLUS,8,548,primary,40,95,1e-06,,1.513519011081522e-172,0.125,1
S8_PLUS,8,548,primary,41,98,1e-06,,-3.625205841474033e-173,0.0625,1
S8_PLUS,8,548,primary,42,102,1e-06,,-4.159497876528503e-173,0,0.9375
S8_PLUS,8,548,primary,43,103,1e-06,,-9.502314890618778e-173,0.125,0.9375
S8_PLUS,8,548,primary,44,105,1e-06,,-4.241344757327486e-34,0.25,0
S8_PLUS,8,548,primary,45,107,1e-06,,4.732790681506979e-33,0.25,0.125
S8_PLUS,8,548,primary,46,109,1e-06,,3.86323033807505e-34,0.1875,0
S8_PLUS,8,548,primary,47,112,1e-06,,1.719999524883564e-33,0.1875,0.125
S8_PLUS,8,548,primary,48,115,1e-06,,3.862670053602832e-34,0.25,0.0625
S8_PLUS,8,548,primary,49,117,1e-06,,6.400998953017322e-33,0.25,0.25
S8_PLUS,8,548,primary,50,119,1e-06,,-1.555298409309757e-33,0.1875,0.25
S8_PLUS,8,548,primary,51,122,1e-06,,-5.913263493557625e-33,0.25,0.1875
S8_PLUS,8,548,primary,52,124,1e-06,,3.423173358031075e-34,0.25,0.375
S8_PLUS,8,548,primary,53,126,1e-06,,-3.117996137252177e-34,0.1875,0.375
S8_PLUS,8,548,primary,54,129,1e-06,,-3.117538253007811e-34,0.25,0.3125
S8_PLUS,8,548,primary,55,131,1e-06,,-3.945724784848976e-62,0.25,0.5
S8_PLUS,8,548,primary,56,133,1e-06,,3.379965774029276e-62,0.1875,0.5
S8_PLUS,8,548,primary,57,136,1e-06,,3.381772458029084e-62,0.25,0.4375
S8_PLUS,8,548,primary,58,138,1e-06,,5.524788050930062e-90,0.25,0.625
S8_PLUS,8,548,primary,59,140,1e-06,,-4.811470595775835e-90,0.1875,0.625
S8_PLUS,8,548,primary,60,143,1e-06,,-4.636106774316749e-90,0.25,0.5625
S8_PLUS,8,548,primary,61,145,1e-06,,-5.158159400115174e-118,0.25,0.75
S8_PLUS,8,548,primary,62,147,1e-06,,5.987256095733763e-118,0.1875,0.75
S8_PLUS,8,548,primary,63,150,1e-06,,3.516051618846956e-118,0.25,0.6875
S8_PLUS,8,548,primary,64,152,1e-06,,-1.783042418334131e-145,0.25,0.875
S8_PLUS,8,548,primary,65,154,1e-06,,-6.245292551383987e-147,0.1875,0.875
S8_PLUS,8,548,primary,66,157,1e-06,,2.105162567349221e-145,0.25,0.8125
S8_PLUS,8,548,primary,67,159,1e-06,,2.13647346355904e-172,0.25,1
S8_PLUS,8,548,primary,68,161,1e-06,,-5.49347252245104e-173,0.1875,1
S8_PLUS,8,548,primary,69,164,1e-06,,-2.198521854023111e-172,0.25,0.9375
S8_PLUS,8,548,primary,70,166,1e-06,,-6.134876817928606e-61,0.375,0
S8_PLUS,8,548,primary,71,168,1e-06,,-1.173755742633087e-60,0.375,0.125
S8_PLUS,8,548,primary,72,170,1e-06,,6.406558852380165e-61,0.3125,0
S8_PLUS,8,548,primary,73,173,1e-06,,1.3747197210325e-60,0.3125,0.125
S8_PLUS,8,548,primary,74,176,1e-06,,6.38555099652126e-61,0.375,0.0625
S8_PLUS,8,548,primary,75,178,1e-06,,-7.650662962082333e-61,0.375,0.25
S8_PLUS,8,548,primary,76,180,1e-06,,8.957848601199287e-61,0.3125,0.25
S8_PLUS,8,548,primary,77,183,1e-06,,6.786703300107101e-61,0.375,0.1875
S8_PLUS,8,548,primary,78,185,1e-06,,-3.931970569387447e-62,0.375,0.375
S8_PLUS,8,548,primary,79,187,1e-06,,3.366611314987637e-62,0.3125,0.375
S8_PLUS,8,548,primary,80,190,1e-06,,3.365369951617118e-62,0.375,0.3125
S8_PLUS,8,548,primary,81,192,1e-06,,7.482097062092287e-66,0.375,0.5
S8_PLUS,8,548,primary,82,194,1e-06,,-7.489655828404818e-66,0.3125,0.5
S8_PLUS,8,548,primary,83,197,1e-06,,-7.489799236543792e-66,0.375,0.4375
S8_PLUS,8,548,primary,84,199,1e-06,,-1.567562851191301e-91,0.375,0.625
S8_PLUS,8,548,primary,85,201,1e-06,,9.929470056399983e-92,0.3125,0.625
S8_PLUS,8,548,primary,86,204,1e-06,,1.785120680862917e-91,0.375,0.5625
S8_PLUS,8,548,primary,87,206,1e-06,,1.990269569914187e-118,0.375,0.75
S8_PLUS,8,548,primary,88,208,1e-06,,-1.097856511306009e-118,0.3125,0.75
S8_PLUS,8,548,primary,89,211,1e-06,,-2.227781062663687e-118,0.375,0.6875
S8_PLUS,8,548,primary,90,213,1e-06,,-1.793520648759038e-145,0.375,0.875
S8_PLUS,8,548,primary,91,215,1e-06,,8.084840366602303e-146,0.3125,0.875
S8_PLUS,8,548,primary,92,218,1e-06,,1.94210266645413e-145,0.375,0.8125
S8_PLUS,8,548,primary,93,220,1e-06,,1.467419190961505e-172,0.375,1
S8_PLUS,8,548,primary,94,222,1e-06,,-5.642545970299284e-173,0.3125,1
S8_PLUS,8,548,primary,95,225,1e-06,,-1.572290037637033e-172,0.375,0.9375
S8_PLUS,8,548,primary,96,227,1e-06,,3.704445918408869e-89,0.5,0
S8_PLUS,8,548,primary,97,229,1e-06,,1.819008162943771e-88,0.5,0.125
S8_PLUS,8,548,primary,98,231,1e-06,,-2.723188228754043e-89,0.4375,0
S8_PLUS,8,548,primary,99,234,1e-06,,-3.13955701511158e-88,0.4375,0.125
S8_PLUS,8,548,primary,100,237,1e-06,,-2.782382398585401e-89,0.5,0.0625
S8_PLUS,8,548,primary,101,239,1e-06,,5.746299821636459e-89,0.5,0.25
S8_PLUS,8,548,primary,102,241,1e-06,,-6.315832818750393e-89,0.4375,0.25
S8_PLUS,8,548,primary,103,244,1e-06,,-3.285215853517563e-89,0.5,0.1875
S8_PLUS,8,548,primary,104,246,1e-06,,3.595043153664479e-90,0.5,0.375
S8_PLUS,8,548,primary,105,248,1e-06,,-1.89127421832231e-90,0.4375,0.375
S8_PLUS,8,548,primary,106,251,1e-06,,-3.737037454992583e-90,0.5,0.3125
S8_PLUS,8,548,primary,107,253,1e-06,,-4.448352357409957e-91,0.5,0.5
S8_PLUS,8,548,primary,108,255,1e-06,,4.721454940561706e-91,0.4375,0.5
S8_PLUS,8,548,primary,109,258,1e-06,,4.132235903222543e-91,0.5,0.4375
S8_PLUS,8,548,primary,110,260,1e-06,,-1.896479100931399e-92,0.5,0.625
S8_PLUS,8,548,primary,111,262,1e-06,,1.608566556891504e-92,0.4375,0.625
S8_PLUS,8,548,primary,112,265,1e-06,,1.708247871271505e-92,0.5,0.5625
S8_PLUS,8,548,primary,113,267,1e-06,,4.457374041278163e-119,0.5,0.75
S8_PLUS,8,548,primary,114,269,1e-06,,-3.51850474161148e-119,0.4375,0.75
S8_PLUS,8,548,primary,115,272,1e-06,,-4.496550072260123e-119,0.5,0.6875
S8_PLUS,8,548,primary,116,274,1e-06,,-5.492198501865666e-146,0.5,0.875
S8_PLUS,8,548,primary,117,276,1e-06,,3.369838587206266e-146,0.4375,0.875
S8_PLUS,8,548,primary,118,279,1e-06,,5.784325989341467e-146,0.5,0.8125
S8_PLUS,8,548,primary,119,281,1e-06,,5.702890616576297e-173,0.5,1
S8_PLUS,8,548,primary,120,283,1e-06,,-3.070931494142436e-173,0.4375,1
S8_PLUS,8,548,primary,121,286,1e-06,,-6.322542923394107e-173,0.5,0.9375
S8_PLUS,8,548,primary,122,288,1e-06,,-7.650931046522133e-117,0.625,0
S8_PLUS,8,548,primary,123,290,1e-06,,-2.834387745545103e-116,0.625,0.125
S8_PLUS,8,548,primary,124,292,1e-06,,6.531022058433356e-117,0.5625,0
S8_PLUS,8,548,primary,125,295,1e-06,,4.551912704035475e-116,0.5625,0.125
S8_PLUS,8,548,primary,126,298,1e-06,,6.623140438155477e-117,0.625,0.0625
S8_PLUS,8,548,primary,127,300,1e-06,,-8.647466839825885e-117,0.625,0.25
S8_PLUS,8,548,primary,128,302,1e-06,,9.349121095238589e-117,0.5625,0.25
S8_PLUS,8,548,primary,129,305,1e-06,,6.55080658983405e-117,0.625,0.1875
S8_PLUS,8,548,primary,130,307,1e-06,,1.294606166847956e-117,0.625,0.375
S8_PLUS,8,548,primary,131,309,1e-06,,-1.540737782419592e-117,0.5625,0.375
S8_PLUS,8,548,primary,132,312,1e-06,,-4.299881169957897e-118,0.625,0.3125
S8_PLUS,8,548,primary,133,314,1e-06,,7.07583865703105e-118,0.625,0.5
S8_PLUS,8,548,primary,134,316,1e-06,,-5.352840176545506e-118,0.5625,0.5
S8_PLUS,8,548,primary,135,319,1e-06,,-5.169343499720992e-118,0.625,0.4375
S8_PLUS,8,548,primary,136,321,1e-06,,9.330714058528224e-119,0.625,0.625
S8_PLUS,8,548,primary,137,323,1e-06,,-4.870962053809237e-119,0.5625,0.625
S8_PLUS,8,548,primary,138,326,1e-06,,-4.984679599722636e-119,0.625,0.5625
S8_PLUS,8,548,primary,139,328,1e-06,,4.505208081020914e-120,0.625,0.75
S8_PLUS,8,548,primary,140,330,1e-06,,-4.262002269243072e-120,0.5625,0.75
S8_PLUS,8,548,primary,141,333,1e-06,,-4.586767148848961e-120,0.625,0.6875
S8_PLUS,8,548,primary,142,335,1e-06,,-9.160778433686598e-147,0.625,0.875
S8_PLUS,8,548,primary,143,337,1e-06,,6.144432235353241e-147,0.5625,0.875
S8_PLUS,8,548,primary,144,340,1e-06,,9.671417334418157e-147,0.625,0.8125
S8_PLUS,8,548,primary,145,342,1e-06,,1.357941835572565e-173,0.625,1
S8_PLUS,8,548,primary,146,344,1e-06,,-8.778607865971555e-174,0.5625,1
S8_PLUS,8,548,primary,147,347,1e-06,,-1.571657787448338e-173,0.625,0.9375
S8_PLUS,8,548,primary,148,349,1e-06,,7.144500703823387e-145,0.75,0
S8_PLUS,8,548,primary,149,351,1e-06,,3.359198293403442e-144,0.75,0.125
S8_PLUS,8,548,primary,150,353,1e-06,,-1.171309412501076e-145,0.6875,0
S8_PLUS,8,548,primary,151,356,1e-06,,-5.835970267430954e-144,0.6875,0.125
S8_PLUS,8,548,primary,152,359,1e-06,,-4.742536581151525e-145,0.75,0.0625
S8_PLUS,8,548,primary,153,361,1e-06,,-6.193447948594135e-145,0.75,0.25
S8_PLUS,8,548,primary,154,363,1e-06,,1.542565457659201e-144,0.6875,0.25
S8_PLUS,8,548,primary,155,366,1e-06,,-3.248798197297645e-146,0.75,0.1875
S8_PLUS,8,548,primary,156,368,1e-06,,-1.691549307477821e-144,0.75,0.375
S8_PLUS,8,548,primary,157,370,1e-06,,2.398246536247954e-144,0.6875,0.375
S8_PLUS,8,548,primary,158,373,1e-06,,9.852292704090812e-145,0.75,0.3125
S8_PLUS,8,548,primary,159,375,1e-06,,-7.743429768876352e-145,0.75,0.5
S8_PLUS,8,548,primary,160,377,1e-06,,9.932696876963572e-145,0.6875,0.5
S8_PLUS,8,548,primary,161,380,1e-06,,6.116263925650776e-145,0.75,0.4375
S8_PLUS,8,548,primary,162,382,1e-06,,-1.795533337400075e-145,0.75,0.625
S8_PLUS,8,548,primary,163,384,1e-06,,2.411538448015341e-145,0.6875,0.625
S8_PLUS,8,548,primary,164,387,1e-06,,1.687134368080353e-145,0.75,0.5625
S8_PLUS,8,548,primary,165,389,1e-06,,-2.517633044309182e-146,0.75,0.75
S8_PLUS,8,548,primary,166,391,1e-06,,3.847206879491458e-146,0.6875,0.75
S8_PLUS,8,548,primary,167,394,1e-06,,3.842931277401842e-146,0.75,0.6875
S8_PLUS,8,548,primary,168,396,1e-06,,-5.692981743391952e-148,0.75,0.875
S8_PLUS,8,548,primary,169,398,1e-06,,4.818950515913457e-148,0.6875,0.875
S8_PLUS,8,548,primary,170,401,1e-06,,5.597143781512103e-148,0.75,0.8125
S8_PLUS,8,548,primary,171,403,1e-06,,1.8602989338206e-174,0.75,1
S8_PLUS,8,548,primary,172,405,1e-06,,-1.703856181278805e-174,0.6875,1
S8_PLUS,8,548,primary,173,408,1e-06,,-2.334209018812893e-174,0.75,0.9375
S8_PLUS,8,548,primary,174,410,1e-06,,2.060082875503701e-172,0.875,0
S8_PLUS,8,548,primary,175,412,1e-06,,4.30826515038697e-172,0.875,0.125
S8_PLUS,8,548,primary,176,414,1e-06,,-3.443301694779339e-172,0.8125,0
S8_PLUS,8,548,primary,177,417,1e-06,,-1.94151594890567e-173,0.8125,0.125
S8_PLUS,8,548,primary,178,420,1e-06,,-9.278709248400044e-173,0.875,0.0625
S8_PLUS,8,548,primary,179,422,1e-06,,1.395932798157586e-171,0.875,0.25
S8_PLUS,8,548,primary,180,424,1e-06,,-1.666103536404303e-171,0.8125,0.25
S8_PLUS,8,548,primary,181,427,1e-06,,-4.395635921813028e-172,0.875,0.1875
S8_PLUS,8,548,primary,182,429,1e-06,,1.279500903919612e-171,0.875,0.375
S8_PLUS,8,548,primary,183,431,1e-06,,-1.372565748115234e-171,0.8125,0.375
S8_PLUS,8,548,primary,184,434,1e-06,,-6.064755725705346e-172,0.875,0.3125
S8_PLUS,8,548,primary,185,436,1e-06,,6.094543449375408e-172,0.875,0.5
S8_PLUS,8,548,primary,186,438,1e-06,,-4.854569358340992e-172,0.8125,0.5
S8_PLUS,8,548,primary,187,441,1e-06,,-3.247493375296229e-172,0.875,0.4375
S8_PLUS,8,548,primary,188,443,1e-06,,1.655597647827749e-172,0.875,0.625
S8_PLUS,8,548,primary,189,445,1e-06,,-6.691048718555345e-173,0.8125,0.625
S8_PLUS,8,548,primary,190,448,1e-06,,-6.688268217371998e-173,0.875,0.5625
S8_PLUS,8,548,primary,191,450,1e-06,,2.549738466280314e-173,0.875,0.75
S8_PLUS,8,548,primary,192,452,1e-06,,5.810609623361257e-174,0.8125,0.75
S8_PLUS,8,548,primary,193,455,1e-06,,-5.681950222664288e-174,0.875,0.6875
S8_PLUS,8,548,primary,194,457,1e-06,,6.107263125812109e-175,0.875,0.875
S8_PLUS,8,548,primary,195,459,1e-06,,4.429817154120863e-174,0.8125,0.875
S8_PLUS,8,548,primary,196,462,1e-06,,4.066223728562329e-174,0.875,0.8125
S8_PLUS,8,548,primary,197,464,1e-06,,1.614863531086546e-175,0.875,1
S8_PLUS,8,548,primary,198,466,1e-06,,-2.409381159600598e-175,0.8125,1
S8_PLUS,8,548,primary,199,469,1e-06,,-2.594338708279155e-175,0.875,0.9375
S8_PLUS,8,548,primary,200,471,1e-06,,-3.401410218793161e-199,1,0
S8_PLUS,8,548,primary,201,473,1e-06,,-9.3545556914462e-199,1,0.125
S8_PLUS,8,548,primary,202,475,1e-06,,7.70104370096692e-199,0.9375,0
S8_PLUS,8,548,primary,203,478,1e-06,,1.525388955200102e-198,0.9375,0.125
S8_PLUS,8,548,primary,204,481,1e-06,,3.979887860217159e-199,1,0.0625
S8_PLUS,8,548,primary,205,483,1e-06,,-1.332034538307304e-198,1,0.25
S8_PLUS,8,548,primary,206,485,1e-06,,2.198769162705705e-198,0.9375,0.25
S8_PLUS,8,548,primary,207,488,1e-06,,7.941932440105316e-199,1,0.1875
S8_PLUS,8,548,primary,208,490,1e-06,,-1.09355920949427e-198,1,0.375
S8_PLUS,8,548,primary,209,492,1e-06,,1.719066099688951e-198,0.9375,0.375
S8_PLUS,8,548,primary,210,495,1e-06,,8.353379931510676e-199,1,0.3125
S8_PLUS,8,548,primary,211,497,1e-06,,-5.750372904587252e-199,1,0.5
S8_PLUS,8,548,primary,212,499,1e-06,,7.667377414497096e-199,0.9375,0.5
S8_PLUS,8,548,primary,213,502,1e-06,,5.047364822119158e-199,1,0.4375
S8_PLUS,8,548,primary,214,504,1e-06,,-2.000698018618171e-199,1,0.625
S8_PLUS,8,548,primary,215,506,1e-06,,2.098479248044691e-199,0.9375,0.625
S8_PLUS,8,548,primary,216,509,1e-06,,1.790156642994711e-199,1,0.5625
S8_PLUS,8,548,primary,217,511,1e-06,,-4.860448091695348e-200,1,0.75
S8_PLUS,8,548,primary,218,513,1e-06,,4.079190180393292e-200,0.9375,0.75
S8_PLUS,8,548,primary,219,516,1e-06,,4.597408604802449e-200,1,0.6875
S8_PLUS,8,548,primary,220,518,1e-06,,-7.088260755668886e-201,1,0.875
S8_PLUS,8,548,primary,221,520,1e-06,,4.298106805518581e-201,0.9375,0.875
S8_PLUS,8,548,primary,222,523,1e-06,,6.158213247981854e-201,1,0.8125
S8_PLUS,8,548,primary,223,525,1e-06,,-4.185396183955052e-202,1,1
S8_PLUS,8,548,primary,224,527,1e-06,,-4.322123363777551e-202,0.9375,1
S8_PLUS,8,548,primary,225,530,1e-06,,3.228004890281152e-203,1,0.9375
S8_MINUS,8,548,secondary,1,532,-1e-06,-9.967980759757697e-05,-8.30717823817496e-06,0.1248499974608421,0.1799499988555908
S8_MINUS,8,548,secondary,2,535,-1e-06,-9.996075058905684e-05,-8.298251560256806e-06,0.124949999153614,0.1799499988555908
S8_MINUS,8,548,secondary,3,536,-1e-06,-9.967980759757351e-05,-8.307178238176185e-06,0.1248499974608421,0.1800500005483627
S8_MINUS,8,548,secondary,4,539,-1e-06,-9.996075058909473e-05,-8.298251560255039e-06,0.124949999153614,0.1800500005483627
S8_MINUS,8,548,secondary,5,543,-1e-06,-9.969778401385073e-05,3.322412912126647e-05,0.1248999983072281,0.1799499988555908
S8_MINUS,8,548,secondary,6,547,-1e-06,-9.969778401389168e-05,3.322412912126264e-05,0.1248999983072281,0.1800500005483627
S8_MINUS,8,548,secondary,7,548,-1e-06,-9.94014274534527e-05,3.319967235410519e-05,0.1248499974608421,0.1800000071525574
S8_MINUS,8,548,secondary,8,551,-1e-06,-9.980204481107096e-05,3.324110890998207e-05,0.124949999153614,0.1800000071525574
S8_MINUS,8,548,primary,1,2,-1e-06,,-4.026662415052211e-34,0,0
S8_MINUS,8,548,primary,2,3,-1e-06,,-1.322855638629676e-33,0.125,0
S8_MINUS,8,548,primary,3,6,-1e-06,,-8.329419954834713e-08,0,0.125
S8_MINUS,8,548,primary,4,7,-1e-06,,6.604447919760248e-06,0.125,0.125
S8_MINUS,8,548,primary,5,10,-1e-06,,3.682451658458067e-34,0.0625,0
S8_MINUS,8,548,primary,6,14,-1e-06,,1.772314763614358e-07,0.0625,0.125
S8_MINUS,8,548,primary,7,18,-1e-06,,3.697041259900363e-34,0,0.0625
S8_MINUS,8,548,primary,8,19,-1e-06,,2.17874088252079e-33,0.125,0.0625
S8_MINUS,8,548,primary,9,22,-1e-06,,-7.380784377601957e-08,0,0.25
S8_MINUS,8,548,primary,10,23,-1e-06,,-5.328441851676494e-06,0.125,0.25
S8_MINUS,8,548,primary,11,26,-1e-06,,1.392533028554137e-07,0.0625,0.25
S8_MINUS,8,548,primary,12,30,-1e-06,,7.804907855497025e-08,0,0.1875
S8_MINUS,8,548,primary,13,31,-1e-06,,9.816474202722217e-05,0.125,0.1875
S8_MINUS,8,548,primary,14,34,-1e-06,,3.55551176907019e-34,0,0.375
S8_MINUS,8,548,primary,15,35,-1e-06,,1.092675333527736e-33,0.125,0.375
S8_MINUS,8,548,primary,16,38,-1e-06,,-3.224074720269964e-34,0.0625,0.375
S8_MINUS,8,548,primary,17,42,-1e-06,,-3.220687320950284e-34,0,0.3125
S8_MINUS,8,548,primary,18,43,-1e-06,,-1.766502272733762e-33,0.125,0.3125
S8_MINUS,8,548,primary,19,46,-1e-06,,-3.912536595336112e-62,0,0.5
S8_MINUS,8,548,primary,20,47,-1e-06,,-1.475310834156134e-61,0.125,0.5
S8_MINUS,8,548,primary,21,50,-1e-06,,3.339006117375413e-62,0.0625,0.5
S8_MINUS,8,548,primary,22,54,-1e-06,,3.3374797857788e-62,0,0.4375
S8_MINUS,8,548,primary,23,55,-1e-06,,2.434625989777016e-61,0.125,0.4375
S8_MINUS,8,548,primary,24,58,-1e-06,,5.853178070903981e-90,0,0.625
S8_MINUS,8,548,primary,25,59,-1e-06,,2.273916025542786e-89,0.125,0.625
S8_MINUS,8,548,primary,26,62,-1e-06,,-4.941721559196933e-90,0.0625,0.625
S8_MINUS,8,548,primary,27,66,-1e-06,,-4.939532474623773e-90,0,0.5625
S8_MINUS,8,548,primary,28,67,-1e-06,,-3.737791615687871e-89,0.125,0.5625
S8_MINUS,8,548,primary,29,70,-1e-06,,-8.792779765663991e-118,0,0.75
S8_MINUS,8,548,primary,30,71,-1e-06,,-3.554522716614959e-117,0.125,0.75
S8_MINUS,8,548,primary,31,74,-1e-06,,7.361731952156485e-118,0.0625,0.75
S8_MINUS,8,548,primary,32,78,-1e-06,,7.311916866098941e-118,0,0.6875
S8_MINUS,8,548,primary,33,79,-1e-06,,5.902168882190346e-117,0.125,0.6875
S8_MINUS,8,548,primary,34,82,-1e-06,,8.27133631324265e-146,0,0.875
S8_MINUS,8,548,primary,35,83,-1e-06,,4.418766652062321e-145,0.125,0.875
S8_MINUS,8,548,primary,36,86,-1e-06,,-6.772264748284847e-146,0.0625,0.875
S8_MINUS,8,548,primary,37,90,-1e-06,,-7.587311864476873e-146,0,0.8125
S8_MINUS,8,548,primary,38,91,-1e-06,,-8.330653882948836e-145,0.125,0.8125
S8_MINUS,8,548,primary,39,94,-1e-06,,3.009736675300382e-173,0,1
S8_MINUS,8,548,primary,40,95,-1e-06,,4.583749777173203e-173,0.125,1
S8_MINUS,8,548,primary,41,98,-1e-06,,-2.735624353912814e-173,0.0625,1
S8_MINUS,8,548,primary,42,102,-1e-06,,7.504118196907683e-174,0,0.9375
S8_MINUS,8,548,primary,43,103,-1e-06,,3.461869402930589e-173,0.125,0.9375
S8_MINUS,8,548,primary,44,105,-1e-06,,-4.213544276158529e-34,0.25,0
S8_MINUS,8,548,primary,45,107,-1e-06,,4.709013797012121e-33,0.25,0.125
S8_MINUS,8,548,primary,46,109,-1e-06,,3.836283889961785e-34,0.1875,0
S8_MINUS,8,548,primary,47,112,-1e-06,,1.698710254447605e-33,0.1875,0.125
S8_MINUS,8,548,primary,48,115,-1e-06,,3.83683995973906e-34,0.25,0.0625
S8_MINUS,8,548,primary,49,117,-1e-06,,6.365835353947148e-33,0.25,0.25
S8_MINUS,8,548,primary,50,119,-1e-06,,-1.552727893226882e-33,0.1875,0.25
S8_MINUS,8,548,primary,51,122,-1e-06,,-5.884831743413689e-33,0.25,0.1875
S8_MINUS,8,548,primary,52,124,-1e-06,,3.399473033776298e-34,0.25,0.375
S8_MINUS,8,548,primary,53,126,-1e-06,,-3.095103461592675e-34,0.1875,0.375
S8_MINUS,8,548,primary,54,129,-1e-06,,-3.095558335940593e-34,0.25,0.3125
S8_MINUS,8,548,primary,55,131,-1e-06,,-3.918142242049249e-62,0.25,0.5
S8_MINUS,8,548,primary,56,133,-1e-06,,3.351424432040848e-62,0.1875,0.5
S8_MINUS,8,548,primary,57,136,-1e-06,,3.353802944502302e-62,0.25,0.4375
S8_MINUS,8,548,primary,58,138,-1e-06,,5.869916055100979e-90,0.25,0.625
S8_MINUS,8,548,primary,59,140,-1e-06,,-4.959624407917134e-90,0.1875,0.625
S8_MINUS,8,548,primary,60,143,-1e-06,,-4.977990262734569e-90,0.25,0.5625
S8_MINUS,8,548,primary,61,145,-1e-06,,-8.626392344863084e-118,0.25,0.75
S8_MINUS,8,548,primary,62,147,-1e-06,,7.517624090787775e-118,0.1875,0.75
S8_MINUS,8,548,primary,63,150,-1e-06,,7.266170670266847e-118,0.25,0.6875
S8_MINUS,8,548,primary,64,152,-1e-06,,2.078608588029084e-146,0.25,0.875
S8_MINUS,8,548,primary,65,154,-1e-06,,-8.575937638641297e-146,0.1875,0.875
S8_MINUS,8,548,primary,66,157,-1e-06,,-1.899872810424115e-147,0.25,0.8125
S8_MINUS,8,548,primary,67,159,-1e-06,,1.157681956419988e-172,0.25,1
S8_MINUS,8,548,primary,68,161,-1e-06,,-1.453410430723506e-173,0.1875,1
S8_MINUS,8,548,primary,69,164,-1e-06,,-1.154985603059663e-172,0.25,0.9375
S8_MINUS,8,548,primary,70,166,-1e-06,,-6.101918123046752e-61,0.375,0
S8_MINUS,8,548,primary,71,168,-1e-06,,-1.16887386059008e-60,0.375,0.125
S8_MINUS,8,548,primary,72,170,-1e-06,,6.377050515601113e-61,0.3125,0
S8_MINUS,8,548,primary,73,173,-1e-06,,1.372623753842342e-60,0.3125,0.125
S8_MINUS,8,548,primary,74,176,-1e-06,,6.358300883569339e-61,0.375,0.0625
S8_MINUS,8,548,primary,75,178,-1e-06,,-7.606439688647444e-61,0.375,0.25
S8_MINUS,8,548,primary,76,180,-1e-06,,8.899113824631531e-61,0.3125,0.25
S8_MINUS,8,548,primary,77,183,-1e-06,,6.750192997416337e-61,0.375,0.1875
S8_MINUS,8,548,primary,78,185,-1e-06,,-3.918133220182347e-62,0.375,0.375
S8_MINUS,8,548,primary,79,187,-1e-06,,3.354647051344513e-62,0.3125,0.375
S8_MINUS,8,548,primary,80,190,-1e-06,,3.351685731124781e-62,0.375,0.3125
S8_MINUS,8,548,primary,81,192,-1e-06,,5.26502268402474e-76,0.375,0.5
S8_MINUS,8,548,primary,82,194,-1e-06,,-5.26806671487404e-76,0.3125,0.5
S8_MINUS,8,548,primary,83,197,-1e-06,,-5.28547246789397e-76,0.375,0.4375
S8_MINUS,8,548,primary,84,199,-1e-06,,1.514004401797372e-92,0.375,0.625
S8_MINUS,8,548,primary,85,201,-1e-06,,-1.025566718406877e-92,0.3125,0.625
S8_MINUS,8,548,primary,86,204,-1e-06,,-1.703946723799071e-92,0.375,0.5625
S8_MINUS,8,548,primary,87,206,-1e-06,,3.824039390018933e-119,0.375,0.75
S8_MINUS,8,548,primary,88,208,-1e-06,,-1.5934389466284e-119,0.3125,0.75
S8_MINUS,8,548,primary,89,211,-1e-06,,-4.229886558021165e-119,0.375,0.6875
S8_MINUS,8,548,primary,90,213,-1e-06,,-8.892084677631291e-146,0.375,0.875
S8_MINUS,8,548,primary,91,215,-1e-06,,4.009596066239636e-146,0.3125,0.875
S8_MINUS,8,548,primary,92,218,-1e-06,,1.08139323501395e-145,0.375,0.8125
S8_MINUS,8,548,primary,93,220,-1e-06,,1.040434629439729e-172,0.375,1
S8_MINUS,8,548,primary,94,222,-1e-06,,-4.059423441803501e-173,0.3125,1
S8_MINUS,8,548,primary,95,225,-1e-06,,-1.212596453431689e-172,0.375,0.9375
S8_MINUS,8,548,primary,96,227,-1e-06,,3.666369423972255e-89,0.5,0
S8_MINUS,8,548,primary,97,229,-1e-06,,1.81767978358374e-88,0.5,0.125
S8_MINUS,8,548,primary,98,231,-1e-06,,-2.696240198072069e-89,0.4375,0
S8_MINUS,8,548,primary,99,234,-1e-06,,-3.120645991583772e-88,0.4375,0.125
S8_MINUS,8,548,primary,100,237,-1e-06,,-2.741773865639662e-89,0.5,0.0625
S8_MINUS,8,548,primary,101,239,-1e-06,,6.025255120084025e-89,0.5,0.25
S8_MINUS,8,548,primary,102,241,-1e-06,,-6.658024223656202e-89,0.4375,0.25
S8_MINUS,8,548,primary,103,244,-1e-06,,-3.374909050448047e-89,0.5,0.1875
S8_MINUS,8,548,primary,104,246,-1e-06,,5.993805671399265e-90,0.5,0.375
S8_MINUS,8,548,primary,105,248,-1e-06,,-5.130656489262685e-90,0.4375,0.375
S8_MINUS,8,548,primary,106,251,-1e-06,,-5.019347189556441e-90,0.5,0.3125
S8_MINUS,8,548,primary,107,253,-1e-06,,3.20977951593652e-92,0.5,0.5
S8_MINUS,8,548,primary,108,255,-1e-06,,-2.964664944955095e-92,0.4375,0.5
S8_MINUS,8,548,primary,109,258,-1e-06,,-2.271674075142991e-92,0.5,0.4375
S8_MINUS,8,548,primary,110,260,-1e-06,,1.652772818166152e-93,0.5,0.625
S8_MINUS,8,548,primary,111,262,-1e-06,,-1.397577574342803e-93,0.4375,0.625
S8_MINUS,8,548,primary,112,265,-1e-06,,-1.390871833724532e-93,0.5,0.5625
S8_MINUS,8,548,primary,113,267,-1e-06,,1.230244557252927e-119,0.5,0.75
S8_MINUS,8,548,primary,114,269,-1e-06,,-9.549701931398785e-120,0.4375,0.75
S8_MINUS,8,548,primary,115,272,-1e-06,,-1.078763865542998e-119,0.5,0.6875
S8_MINUS,8,548,primary,116,274,-1e-06,,-3.533568031732096e-146,0.5,0.875
S8_MINUS,8,548,primary,117,276,-1e-06,,2.769017278081891e-146,0.4375,0.875
S8_MINUS,8,548,primary,118,279,-1e-06,,4.765280327917557e-146,0.5,0.8125
S8_MINUS,8,548,primary,119,281,-1e-06,,4.684008302313858e-173,0.5,1
S8_MINUS,8,548,primary,120,283,-1e-06,,-2.90057530421254e-173,0.4375,1
S8_MINUS,8,548,primary,121,286,-1e-06,,-5.798068819015843e-173,0.5,0.9375
S8_MINUS,8,548,primary,122,288,-1e-06,,-8.1334605618672e-117,0.625,0
S8_MINUS,8,548,primary,123,290,-1e-06,,-2.999494171948905e-116,0.625,0.125
S8_MINUS,8,548,primary,124,292,-1e-06,,7.025286114770093e-117,0.5625,0
S8_MINUS,8,548,primary,125,295,-1e-06,,4.695065059388374e-116,0.5625,0.125
S8_MINUS,8,548,primary,126,298,-1e-06,,6.973338263665218e-117,0.625,0.0625
S8_MINUS,8,548,primary,127,300,-1e-06,,-1.149550336059751e-116,0.625,0.25
S8_MINUS,8,548,primary,128,302,-1e-06,,1.292159170839139e-116,0.5625,0.25
S8_MINUS,8,548,primary,129,305,-1e-06,,7.699295602910907e-117,0.625,0.1875
S8_MINUS,8,548,primary,130,307,-1e-06,,-5.934354407652438e-118,0.625,0.375
S8_MINUS,8,548,primary,131,309,-1e-06,,5.914830361912251e-118,0.5625,0.375
S8_MINUS,8,548,primary,132,312,-1e-06,,7.210204935692308e-118,0.625,0.3125
S8_MINUS,8,548,primary,133,314,-1e-06,,1.277603148062164e-118,0.625,0.5
S8_MINUS,8,548,primary,134,316,-1e-06,,4.948921530645308e-119,0.5625,0.5
S8_MINUS,8,548,primary,135,319,-1e-06,,-5.241810075931146e-119,0.625,0.4375
S8_MINUS,8,548,primary,136,321,-1e-06,,5.895586661834467e-120,0.625,0.625
S8_MINUS,8,548,primary,137,323,-1e-06,,5.086373445624497e-119,0.5625,0.625
S8_MINUS,8,548,primary,138,326,-1e-06,,4.949098617693849e-119,0.625,0.5625
S8_MINUS,8,548,primary,139,328,-1e-06,,9.085417531060994e-121,0.625,0.75
S8_MINUS,8,548,primary,140,330,-1e-06,,5.097024840979704e-121,0.5625,0.75
S8_MINUS,8,548,primary,141,333,-1e-06,,3.417887489656235e-121,0.625,0.6875
S8_MINUS,8,548,primary,142,335,-1e-06,,-7.366989727875665e-147,0.625,0.875
S8_MINUS,8,548,primary,143,337,-1e-06,,6.762485737706254e-147,0.5625,0.875
S8_MINUS,8,548,primary,144,340,-1e-06,,1.237078223883163e-146,0.625,0.8125
S8_MINUS,8,548,primary,145,342,-1e-06,,1.196226507314723e-173,0.625,1
S8_MINUS,8,548,primary,146,344,-1e-06,,-7.044745712661543e-174,0.5625,1
S8_MINUS,8,548,primary,147,347,-1e-06,,-1.422695745379338e-173,0.625,0.9375
S8_MINUS,8,548,primary,148,349,-1e-06,,1.209562099661156e-144,0.75,0
S8_MINUS,8,548,primary,149,351,-1e-06,,4.829399048683085e-144,0.75,0.125
S8_MINUS,8,548,primary,150,353,-1e-06,,-8.369839886784614e-145,0.6875,0
S8_MINUS,8,548,primary,151,356,-1e-06,,-7.690276726051209e-144,0.6875,0.125
S8_MINUS,8,548,primary,152,359,-1e-06,,-9.231633589474189e-145,0.75,0.0625
S8_MINUS,8,548,primary,153,361,-1e-06,,1.235655760068168e-144,0.75,0.25
S8_MINUS,8,548,primary,154,363,-1e-06,,-9.543063995803034e-145,0.6875,0.25
S8_MINUS,8,548,primary,155,366,-1e-06,,-8.433020767939204e-145,0.75,0.1875
S8_MINUS,8,548,primary,156,368,-1e-06,,-5.73533452116164e-145,0.75,0.375
S8_MINUS,8,548,primary,157,370,-1e-06,,1.220429871468157e-144,0.6875,0.375
S8_MINUS,8,548,primary,158,373,-1e-06,,3.837318102830648e-145,0.75,0.3125
S8_MINUS,8,548,primary,159,375,-1e-06,,-4.257691270619314e-145,0.75,0.5
S8_MINUS,8,548,primary,160,377,-1e-06,,8.540431129524948e-145,0.6875,0.5
S8_MINUS,8,548,primary,161,380,-1e-06,,4.862113774006661e-145,0.75,0.4375
S8_MINUS,8,548,primary,162,382,-1e-06,,-1.460509265662325e-145,0.75,0.625
S8_MINUS,8,548,primary,163,384,-1e-06,,3.472102793285611e-145,0.6875,0.625
S8_MINUS,8,548,primary,164,387,-1e-06,,2.090122151080888e-145,0.75,0.5625
S8_MINUS,8,548,primary,165,389,-1e-06,,-3.975041541784922e-146,0.75,0.75
S8_MINUS,8,548,primary,166,391,-1e-06,,9.106595771798724e-146,0.6875,0.75
S8_MINUS,8,548,primary,167,394,-1e-06,,8.806997233410333e-146,0.75,0.6875
S8_MINUS,8,548,primary,168,396,-1e-06,,-1.272866347767235e-147,0.75,0.875
S8_MINUS,8,548,primary,169,398,-1e-06,,2.567090840638078e-147,0.6875,0.875
S8_MINUS,8,548,primary,170,401,-1e-06,,2.646916292634812e-147,0.75,0.8125
S8_MINUS,8,548,primary,171,403,-1e-06,,1.861432249581328e-174,0.75,1
S8_MINUS,8,548,primary,172,405,-1e-06,,-1.602099624924737e-174,0.6875,1
S8_MINUS,8,548,primary,173,408,-1e-06,,-1.081713552838935e-174,0.75,0.9375
S8_MINUS,8,548,primary,174,410,-1e-06,,-9.413045790740392e-173,0.875,0
S8_MINUS,8,548,primary,175,412,-1e-06,,-5.006389871660664e-172,0.875,0.125
S8_MINUS,8,548,primary,176,414,-1e-06,,2.075193914415354e-172,0.8125,0
S8_MINUS,8,548,primary,177,417,-1e-06,,1.286984795554792e-171,0.8125,0.125
S8_MINUS,8,548,primary,178,420,-1e-06,,2.032435361384566e-172,0.875,0.0625
S8_MINUS,8,548,primary,179,422,-1e-06,,2.922705349076386e-172,0.875,0.25
S8_MINUS,8,548,primary,180,424,-1e-06,,6.815721565332701e-173,0.8125,0.25
S8_MINUS,8,548,primary,181,427,-1e-06,,1.622445035966093e-172,0.875,0.1875
S8_MINUS,8,548,primary,182,429,-1e-06,,5.976792675678326e-172,0.875,0.375
S8_MINUS,8,548,primary,183,431,-1e-06,,-2.767113320527262e-172,0.8125,0.375
S8_MINUS,8,548,primary,184,434,-1e-06,,-3.240900234670419e-173,0.875,0.3125
S8_MINUS,8,548,primary,185,436,-1e-06,,3.492639085046733e-172,0.875,0.5
S8_MINUS,8,548,primary,186,438,-1e-06,,-3.757579092959912e-173,0.8125,0.5
S8_MINUS,8,548,primary,187,441,-1e-06,,-3.989982982886052e-173,0.875,0.4375
S8_MINUS,8,548,primary,188,443,-1e-06,,9.168891171809382e-173,0.875,0.625
S8_MINUS,8,548,primary,189,445,-1e-06,,1.166838425728849e-172,0.8125,0.625
S8_MINUS,8,548,primary,190,448,-1e-06,,7.926285592717114e-173,0.875,0.5625
S8_MINUS,8,548,primary,191,450,-1e-06,,5.033461950111949e-174,0.875,0.75
S8_MINUS,8,548,primary,192,452,-1e-06,,8.881127096576284e-173,0.8125,0.75
S8_MINUS,8,548,primary,193,455,-1e-06,,4.827583945702539e-173,0.875,0.6875
S8_MINUS,8,548,primary,194,457,-1e-06,,-1.027550758618965e-173,0.875,0.875
S8_MINUS,8,548,primary,195,459,-1e-06,,3.50186636534179e-173,0.8125,0.875
S8_MINUS,8,548,primary,196,462,-1e-06,,3.374070018974022e-173,0.875,0.8125
S8_MINUS,8,548,primary,197,464,-1e-06,,-2.511052959111229e-175,0.875,1
S8_MINUS,8,548,primary,198,466,-1e-06,,8.832707793711013e-175,0.8125,1
S8_MINUS,8,548,primary,199,469,-1e-06,,8.643116055266265e-175,0.875,0.9375
S8_MINUS,8,548,primary,200,471,-1e-06,,-1.622007349943997e-199,1,0
S8_MINUS,8,548,primary,201,473,-1e-06,,-3.464153658517537e-199,1,0.125
S8_MINUS,8,548,primary,202,475,-1e-06,,4.197504047571634e-199,0.9375,0
S8_MINUS,8,548,primary,203,478,-1e-06,,7.858386854641624e-199,0.9375,0.125
S8_MINUS,8,548,primary,204,481,-1e-06,,3.506766240305146e-199,1,0.0625
S8_MINUS,8,548,primary,205,483,-1e-06,,-5.762049159820502e-199,1,0.25
S8_MINUS,8,548,primary,206,485,-1e-06,,1.227047117472348e-198,0.9375,0.25
S8_MINUS,8,548,primary,207,488,-1e-06,,4.495622904387557e-199,1,0.1875
S8_MINUS,8,548,primary,208,490,-1e-06,,-6.183375083418579e-199,1,0.375
S8_MINUS,8,548,primary,209,492,-1e-06,,1.344558394310156e-198,0.9375,0.375
S8_MINUS,8,548,primary,210,495,-1e-06,,5.518982693035147e-199,1,0.3125
S8_MINUS,8,548,primary,211,497,-1e-06,,-4.23570151617141e-199,1,0.5
S8_MINUS,8,548,primary,212,499,-1e-06,,1.029397290018413e-198,0.9375,0.5
S8_MINUS,8,548,primary,213,502,-1e-06,,5.356360524935724e-199,1,0.4375
S8_MINUS,8,548,primary,214,504,-1e-06,,-2.016817858186462e-199,1,0.625
S8_MINUS,8,548,primary,215,506,-1e-06,,5.734762265284956e-199,0.9375,0.625
S8_MINUS,8,548,primary,216,509,-1e-06,,3.328626465256527e-199,1,0.5625
S8_MINUS,8,548,primary,217,511,-1e-06,,-7.756956966962849e-200,1,0.75
S8_MINUS,8,548,primary,218,513,-1e-06,,2.389758522718649e-199,0.9375,0.75
S8_MINUS,8,548,primary,219,516,-1e-06,,1.751289631524116e-199,1,0.6875
S8_MINUS,8,548,primary,220,518,-1e-06,,-1.955041449464395e-200,1,0.875
S8_MINUS,8,548,primary,221,520,-1e-06,,6.907932937832471e-200,0.9375,0.875
S8_MINUS,8,548,primary,222,523,-1e-06,,5.028055275435028e-200,1,0.8125
S8_MINUS,8,548,primary,223,525,-1e-06,,-5.914981138938921e-201,1,1
S8_MINUS,8,548,primary,224,527,-1e-06,,1.661434254403505e-200,0.9375,1
S8_MINUS,8,548,primary,225,530,-1e-06,,1.617580202909916e-200,1,0.9375
